/**
 * generated by fontconvert.py
 * name: dejavu_sans_12_regular
 * size: 12
 * mode: 2-bit  compressed: true
 * Command used: fontconvert.py dejavu_sans_12_regular 12 /usr/share/fonts/truetype/dejavu/DejaVuSans.ttf --2bit --compress --pnum --darken-aa
 */
#pragma once
#include "EpdFontData.h"

static const uint8_t dejavu_sans_12_regularBitmaps[32070] = {
    0xB5, 0x58, 0xBD, 0x8E, 0xDC, 0xC8, 0x11, 0x2E, 0x92, 0x80, 0x78, 0x00, 0x61, 0x77, 0x68, 0xC0,
    0xB2, 0xC1, 0x17, 0xD0, 0x2D, 0x1D, 0x38, 0x58, 0x01, 0x33, 0x24, 0xED, 0x0B, 0x1C, 0x38, 0x38,
    0x3F, 0xC2, 0x3D, 0x80, 0x01, 0x25, 0x0E, 0x64, 0x60, 0x67, 0x49, 0x45, 0x17, 0x38, 0x38, 0xBD,
    0x81, 0x1F, 0xC1, 0x0E, 0x14, 0x28, 0xE0, 0x2E, 0xDB, 0xBE, 0xC0, 0x81, 0x03, 0x11, 0xF0, 0x03,
    0x88, 0x81, 0x00, 0x67, 0x67, 0x06, 0x34, 0xDC, 0x0B, 0x71, 0xA6, 0xFD, 0x7D, 0xD5, 0x33, 0xAB,
    0xD9, 0x3D, 0xAD, 0xB4, 0x77, 0xB0, 0x39, 0x5D, 0x35, 0x64, 0x77, 0x75, 0xB3, 0xBA, 0xFE, 0x9B,
    0x9B, 0xCD, 0xFE, 0x5A, 0xAD, 0x56, 0x22, 0x82, 0x9B, 0x97, 0xAB, 0xE3, 0x9F, 0xC8, 0xF4, 0xA9,
    0x48, 0x3C, 0xE2, 0x26, 0x19, 0x88, 0xEC, 0x53, 0xA2, 0x17, 0x62, 0xBC, 0xF7, 0x93, 0x22, 0x31,
    0xD1, 0x28, 0x62, 0xE2, 0x41, 0xE4, 0x24, 0xB1, 0x22, 0x6B, 0xA0, 0x0A, 0x03, 0x56, 0x91, 0x3C,
    0x35, 0x58, 0xF7, 0x05, 0xD1, 0x94, 0x13, 0x9D, 0x88, 0x44, 0x5C, 0x4E, 0x4E, 0xF7, 0x2D, 0xF5,
    0x63, 0xE5, 0x97, 0xCB, 0xD3, 0xDF, 0xBA, 0x53, 0x41, 0x5B, 0x4E, 0xA5, 0x7F, 0x2A, 0x85, 0x6F,
    0x1F, 0x78, 0x27, 0xE5, 0x56, 0x4E, 0x2B, 0x39, 0x2D, 0x80, 0xDF, 0x3C, 0xDE, 0x7A, 0xEF, 0x0A,
    0x3F, 0x5C, 0x4F, 0x44, 0xCB, 0x1C, 0xD8, 0x02, 0xB1, 0xA4, 0xAD, 0xAC, 0xF3, 0x1A, 0x6F, 0x79,
    0x99, 0x59, 0x30, 0xFC, 0x32, 0xB5, 0x67, 0x8A, 0x27, 0xF6, 0xFC, 0x15, 0xFC, 0xAD, 0xF3, 0xCF,
    0xC0, 0x5B, 0xE1, 0xCD, 0x67, 0x5B, 0xCC, 0x3A, 0x31, 0xBE, 0x16, 0x59, 0x15, 0x19, 0xFA, 0xE6,
    0x15, 0x96, 0x88, 0x26, 0xE2, 0xC4, 0x12, 0x67, 0x35, 0x71, 0x2E, 0x1C, 0x5D, 0x09, 0x29, 0x5F,
    0x4A, 0xB2, 0x15, 0x69, 0x1C, 0x24, 0xE1, 0x3D, 0xF6, 0x3F, 0xFF, 0x58, 0x24, 0xC5, 0xD4, 0x80,
    0x12, 0x2C, 0x2F, 0xB1, 0xE3, 0xDD, 0x0E, 0xC8, 0xFC, 0xA9, 0xCD, 0x6C, 0x95, 0x8D, 0x59, 0xBB,
    0x8E, 0x9D, 0xA9, 0xCF, 0xE4, 0x32, 0x97, 0x4E, 0x8A, 0x4B, 0xD9, 0x48, 0xB6, 0x48, 0x25, 0xC9,
    0x22, 0xF9, 0x98, 0xEF, 0x24, 0xF3, 0xBE, 0x68, 0xA5, 0x9F, 0xCD, 0xF0, 0x32, 0x5C, 0xF1, 0x98,
    0x58, 0xD3, 0x1A, 0x29, 0x64, 0x8D, 0xF7, 0x76, 0xB2, 0xE0, 0xE7, 0xF0, 0xE3, 0x7F, 0x87, 0x9E,
    0x35, 0x46, 0x8C, 0x64, 0x6D, 0x62, 0xE3, 0x71, 0x96, 0x33, 0x3C, 0xE7, 0x62, 0xEA, 0xCC, 0xA6,
    0x36, 0xB1, 0xC9, 0x78, 0xF4, 0x43, 0x4F, 0x66, 0x4D, 0x9D, 0x83, 0xE2, 0x4C, 0x66, 0x91, 0x47,
    0x6C, 0x3F, 0x7F, 0xF4, 0x83, 0xF2, 0xD1, 0x79, 0xB6, 0x9B, 0xA4, 0xAF, 0xD1, 0x70, 0x83, 0x47,
    0x74, 0x86, 0x51, 0xA8, 0x58, 0x3E, 0x82, 0x1A, 0xA8, 0xB3, 0x56, 0x74, 0x0F, 0x62, 0xEC, 0xA3,
    0x35, 0x75, 0xD8, 0x89, 0x5F, 0xFC, 0x02, 0xC3, 0x02, 0xAF, 0x60, 0x1F, 0x7B, 0x40, 0x27, 0x7A,
    0x85, 0x0A, 0x82, 0x3D, 0x40, 0xF4, 0x9C, 0xA1, 0xD2, 0x17, 0x48, 0x3C, 0x50, 0xC1, 0x54, 0xCA,
    0x23, 0x2A, 0x6C, 0x42, 0x7A, 0x10, 0xF9, 0x45, 0xCC, 0xD0, 0x4B, 0x51, 0xE7, 0x75, 0x25, 0xC6,
    0x96, 0x98, 0x00, 0xA9, 0x42, 0xD7, 0xD4, 0x77, 0x3A, 0xEC, 0x41, 0xFB, 0x38, 0x46, 0x1A, 0xD2,
    0x72, 0x0E, 0xE7, 0x72, 0x8D, 0x6C, 0x27, 0xCD, 0x4E, 0x7E, 0x5F, 0xEA, 0x0B, 0xEE, 0xD1, 0x2A,
    0xBF, 0x43, 0xCB, 0x60, 0x77, 0xB0, 0x52, 0x29, 0x7F, 0xB1, 0x93, 0x9F, 0x41, 0x89, 0xE0, 0xB0,
    0x0E, 0x80, 0xFD, 0xE8, 0xF3, 0x42, 0xBB, 0x10, 0xC9, 0xE0, 0x06, 0x05, 0xBA, 0x2F, 0xC2, 0xA3,
    0xC1, 0x63, 0x85, 0x47, 0xF8, 0x42, 0x4B, 0x78, 0xE0, 0x47, 0x18, 0xE1, 0x56, 0x4E, 0xEA, 0x9E,
    0x6B, 0xB4, 0x94, 0x54, 0x58, 0xE7, 0x52, 0x04, 0x06, 0xAF, 0x20, 0xD7, 0x63, 0x30, 0x2F, 0x9A,
    0x28, 0xFF, 0xF3, 0xF6, 0x31, 0xFA, 0xC9, 0x43, 0x86, 0x35, 0x24, 0xC6, 0xFB, 0x52, 0x80, 0x01,
    0x9C, 0x74, 0x10, 0x15, 0x60, 0xEE, 0x24, 0x9E, 0x3A, 0xC8, 0xB1, 0xC3, 0xAA, 0x30, 0x39, 0xB5,
    0x9A, 0x0E, 0x16, 0xD4, 0x09, 0xD4, 0x36, 0x12, 0x04, 0xF7, 0xC7, 0x90, 0xFB, 0x5D, 0x00, 0x91,
    0x9B, 0x80, 0xFD, 0xE6, 0x78, 0xD7, 0x4F, 0x23, 0xD8, 0xBB, 0x6E, 0xC8, 0xEC, 0xF9, 0x51, 0x68,
    0xD9, 0xF7, 0x18, 0x63, 0x81, 0x1F, 0xEE, 0xF9, 0x4A, 0x22, 0xF8, 0x46, 0x3A, 0xA7, 0x4A, 0x71,
    0x90, 0x4A, 0x59, 0xCC, 0x52, 0x62, 0xFD, 0x66, 0x6C, 0xDA, 0xA6, 0x35, 0xD0, 0x08, 0xB5, 0x92,
    0x0E, 0x84, 0x02, 0xF7, 0x39, 0xFA, 0xCC, 0xD8, 0xD4, 0x09, 0x68, 0xE0, 0x0B, 0xE4, 0xD3, 0xF3,
    0xF6, 0x42, 0x05, 0xEA, 0xB0, 0x1F, 0x49, 0x26, 0xD0, 0x72, 0x51, 0xBC, 0xB5, 0xD0, 0x55, 0x37,
    0xB7, 0x07, 0x23, 0x3F, 0xC3, 0x4F, 0x77, 0x52, 0x0C, 0x8D, 0xDA, 0x85, 0xEA, 0x9D, 0x36, 0x38,
    0x34, 0xF0, 0x58, 0xA7, 0xBA, 0xCF, 0x71, 0xCF, 0xFE, 0xB5, 0xDA, 0x4C, 0xB0, 0x11, 0xA5, 0x1B,
    0xC0, 0x17, 0xE6, 0x72, 0x8D, 0x08, 0x3B, 0xC9, 0x40, 0x5B, 0xD8, 0x4B, 0xD0, 0x16, 0x78, 0x11,
    0xE5, 0x68, 0x28, 0x4F, 0xD0, 0x73, 0xDD, 0xC2, 0x16, 0xB6, 0xB7, 0xC6, 0xBF, 0xB5, 0x91, 0xFF,
    0xC3, 0x41, 0x33, 0xD4, 0x2F, 0x24, 0x85, 0x77, 0x60, 0x8D, 0xD4, 0xB7, 0x52, 0x96, 0x30, 0x1D,
    0xBD, 0x70, 0xA7, 0xAE, 0xD0, 0xCA, 0x8D, 0xEB, 0xD8, 0x3D, 0x18, 0x46, 0xB0, 0x42, 0xC4, 0x88,
    0xF4, 0x04, 0x5B, 0x7F, 0x88, 0x05, 0x62, 0x6A, 0xAA, 0xBA, 0xC2, 0x50, 0xC3, 0x99, 0x8C, 0x3C,
    0xA1, 0x4F, 0x47, 0x03, 0x5D, 0x98, 0x81, 0xB9, 0x47, 0x8E, 0x79, 0xF3, 0x7A, 0x37, 0xF0, 0x3B,
    0x7D, 0x1C, 0xA8, 0xCA, 0x1D, 0xA9, 0xFA, 0xE3, 0x05, 0x39, 0x86, 0x98, 0xA0, 0x77, 0xDA, 0xC7,
    0x51, 0xA5, 0xD3, 0x19, 0x3A, 0x37, 0xF6, 0x75, 0xE1, 0xC7, 0x4D, 0x3A, 0x7D, 0x11, 0x39, 0x8A,
    0x3E, 0x9A, 0x29, 0x7A, 0xEC, 0xBE, 0x52, 0x5D, 0xCC, 0x74, 0x64, 0x36, 0xBD, 0x30, 0x18, 0x1A,
    0x96, 0xDA, 0x72, 0xB7, 0x9E, 0x16, 0xD2, 0x3C, 0x47, 0xF8, 0x63, 0x98, 0x6C, 0xA8, 0x32, 0x8A,
    0xA0, 0xAE, 0xFE, 0xF1, 0xB5, 0x3D, 0x89, 0xFC, 0xDB, 0xBF, 0x8C, 0xAB, 0x64, 0xAA, 0xEC, 0xB4,
    0x4A, 0xAD, 0xB1, 0xD3, 0xD3, 0x0C, 0x01, 0xF4, 0xC5, 0x53, 0x53, 0xA7, 0x7B, 0x1C, 0x7A, 0x74,
    0xF4, 0x6B, 0xA5, 0x7C, 0xAD, 0xB3, 0xBC, 0x70, 0x85, 0x37, 0xBA, 0x5A, 0x08, 0xC0, 0x60, 0xB5,
    0x7F, 0xFE, 0x70, 0xA2, 0xF9, 0x52, 0x4C, 0x91, 0x6E, 0x33, 0x21, 0x5B, 0x19, 0xEF, 0xE8, 0x2B,
    0x92, 0xAF, 0x29, 0x05, 0xDA, 0xE7, 0x9A, 0x86, 0x7E, 0x46, 0xD5, 0x38, 0x3A, 0xD9, 0x84, 0x10,
    0x14, 0x4F, 0x08, 0xE6, 0xC9, 0x88, 0x90, 0x94, 0x22, 0xD9, 0x90, 0xF1, 0x85, 0x01, 0x69, 0x45,
    0xC3, 0x2B, 0x19, 0x0F, 0x68, 0x13, 0xE8, 0xE9, 0xA8, 0xF9, 0x1E, 0xDA, 0xEE, 0x61, 0x39, 0x9D,
    0x34, 0x75, 0xF0, 0xB8, 0x03, 0x34, 0xE8, 0x77, 0x80, 0xED, 0x61, 0x0C, 0x16, 0x94, 0x0D, 0x1D,
    0x38, 0x0D, 0xFF, 0x7C, 0x6E, 0x30, 0xDF, 0x0B, 0xD7, 0x00, 0xB7, 0x2D, 0x7C, 0xC7, 0xA5, 0x57,
    0xF1, 0x02, 0x89, 0x3E, 0x82, 0x48, 0x3F, 0xA1, 0xEF, 0x6C, 0xE4, 0xB6, 0xB7, 0x86, 0xBE, 0x2A,
    0xC0, 0x27, 0xA4, 0xE5, 0x1C, 0xCE, 0xE5, 0x1A, 0xBD, 0x7F, 0x83, 0xF5, 0x3C, 0xDE, 0xF7, 0x64,
    0x44, 0x14, 0x70, 0xA0, 0x5F, 0x00, 0x17, 0x80, 0x12, 0x50, 0xDD, 0x82, 0x72, 0x3F, 0xB6, 0x04,
    0xDA, 0x27, 0x23, 0xE7, 0xEE, 0xD7, 0x50, 0xE8, 0xDE, 0xF3, 0x7E, 0xEE, 0x37, 0xEC, 0x59, 0xEE,
    0x84, 0xB0, 0x0E, 0x61, 0x41, 0xEB, 0xB4, 0xF3, 0xBA, 0xF5, 0x7E, 0x42, 0xBB, 0xD5, 0x79, 0xDC,
    0x60, 0x86, 0xCF, 0x19, 0x4A, 0xB6, 0x92, 0x5E, 0x45, 0xBD, 0xFA, 0x3D, 0x77, 0x1B, 0x8B, 0xBA,
    0x14, 0xF7, 0xAF, 0x54, 0x40, 0x86, 0x5B, 0x55, 0x04, 0x8D, 0xA8, 0x5A, 0x4A, 0xA2, 0x8A, 0x88,
    0xD3, 0xEA, 0xF4, 0x0A, 0x76, 0x1D, 0x69, 0x3C, 0x79, 0x08, 0x0B, 0x0C, 0x11, 0xF2, 0xFD, 0x00,
    0x7E, 0x15, 0x3E, 0x44, 0x73, 0x0D, 0xDF, 0xBA, 0xE4, 0x3E, 0x3F, 0x24, 0xF3, 0x64, 0x6E, 0xA6,
    0x06, 0xF6, 0x91, 0x41, 0x00, 0x05, 0x6C, 0xE0, 0x52, 0xBA, 0x04, 0xD1, 0xD9, 0x8C, 0xD2, 0x21,
    0x49, 0x74, 0x5B, 0x0D, 0x81, 0x4C, 0x52, 0xFA, 0xCF, 0xE7, 0xAE, 0x6A, 0xC3, 0x38, 0xE9, 0x84,
    0x72, 0xAF, 0x68, 0x63, 0x07, 0xFD, 0x7E, 0xA7, 0x86, 0xFD, 0xB1, 0xD5, 0x52, 0x21, 0x84, 0x05,
    0xD4, 0xDB, 0xCB, 0x51, 0xDE, 0xDA, 0x8B, 0x29, 0xFA, 0x8F, 0xED, 0xE6, 0xE4, 0x9F, 0xB6, 0xEB,
    0x92, 0xBF, 0xD9, 0x6E, 0x95, 0x7D, 0x69, 0xBB, 0xD2, 0xFC, 0xCA, 0x76, 0x79, 0x9E, 0xDA, 0xCE,
    0x9C, 0x03, 0x65, 0x0B, 0x50, 0xE2, 0x88, 0x66, 0x20, 0xD6, 0x3E, 0xB7, 0x50, 0x4F, 0x39, 0xB6,
    0x00, 0x0B, 0x98, 0x64, 0xBE, 0x98, 0x21, 0xAB, 0x05, 0xB0, 0x01, 0x54, 0x00, 0x53, 0x03, 0xEC,
    0xDC, 0x25, 0xE3, 0xDC, 0xC5, 0x13, 0x64, 0xE9, 0x00, 0x17, 0x80, 0x0A, 0x50, 0x00, 0x0C, 0x20,
    0x9D, 0x35, 0xF6, 0x44, 0xAC, 0x2C, 0x53, 0x87, 0x14, 0x07, 0x55, 0x36, 0xCC, 0xA1, 0x85, 0x6A,
    0xD6, 0x52, 0xD1, 0x7C, 0x5F, 0xA6, 0x2F, 0x1D, 0x0E, 0x28, 0x0B, 0x03, 0xD5, 0x1E, 0x15, 0xB5,
    0x4E, 0x4B, 0xDD, 0x83, 0x25, 0x2C, 0xA5, 0x8B, 0xF6, 0xB0, 0x02, 0x98, 0xA4, 0x74, 0x91, 0x4A,
    0x52, 0x42, 0x8E, 0x2C, 0xEA, 0xF0, 0x5F, 0x69, 0x3F, 0xC7, 0xFB, 0x60, 0x2D, 0x77, 0xC2, 0xFF,
    0x89, 0x43, 0x0D, 0xED, 0xAC, 0x18, 0xB4, 0x74, 0x60, 0x60, 0xFD, 0x38, 0xC3, 0xDB, 0x7D, 0xA8,
    0x99, 0xA4, 0x8B, 0x59, 0x26, 0x96, 0x7B, 0x1A, 0x72, 0xC0, 0xD7, 0x26, 0x30, 0xB5, 0xC8, 0x45,
    0xFE, 0x8A, 0xC1, 0xAC, 0xAD, 0x9E, 0x3F, 0xA4, 0x93, 0xB0, 0xAA, 0x0A, 0xA1, 0x84, 0xC5, 0x07,
    0xFC, 0x2D, 0x85, 0xBB, 0xC1, 0x47, 0x58, 0xD2, 0xD8, 0x50, 0xC3, 0xB0, 0xA8, 0x4D, 0xC7, 0x2F,
    0x70, 0x7F, 0x5E, 0x37, 0x16, 0x49, 0x04, 0xC3, 0xB3, 0xD6, 0xF5, 0x75, 0x15, 0x6A, 0x40, 0x86,
    0xD5, 0xFF, 0x1D, 0x82, 0x10, 0xA6, 0xFB, 0x43, 0xAC, 0xC0, 0xDD, 0x95, 0xE0, 0xB2, 0x18, 0x0A,
    0xA4, 0x64, 0x0F, 0x31, 0xD2, 0x49, 0x82, 0x06, 0x58, 0x20, 0x6A, 0x0E, 0x87, 0x44, 0x10, 0xE2,
    0x29, 0x10, 0xBC, 0x03, 0xA9, 0x02, 0xD5, 0xC0, 0x84, 0x17, 0x6A, 0xA4, 0x17, 0xC7, 0xDC, 0xC1,
    0xA0, 0x1B, 0xF2, 0x40, 0xC9, 0xB4, 0x50, 0x68, 0x75, 0x77, 0x71, 0xC8, 0x17, 0xD9, 0x21, 0x87,
    0x94, 0xC4, 0x15, 0x0A, 0x98, 0x89, 0x74, 0xC6, 0xC9, 0x06, 0x85, 0x25, 0x1C, 0x1B, 0x89, 0x6C,
    0xC5, 0x35, 0x4E, 0x56, 0xCC, 0x23, 0xEB, 0x93, 0x68, 0x4E, 0x87, 0x55, 0xCE, 0xF5, 0x57, 0x26,
    0x99, 0x92, 0xE9, 0xA5, 0x49, 0x46, 0x58, 0xBB, 0xF9, 0x72, 0x88, 0xE6, 0x29, 0xFB, 0xBB, 0x15,
    0x37, 0x25, 0xAF, 0xAC, 0xEC, 0xC6, 0xE4, 0x15, 0xCA, 0xFF, 0x21, 0x81, 0x2C, 0x1B, 0x1B, 0x23,
    0xF7, 0x56, 0x56, 0xBC, 0xAA, 0x64, 0x47, 0x8E, 0x4B, 0xAA, 0x61, 0x21, 0xB3, 0xB0, 0x05, 0x47,
    0x66, 0x2F, 0xC8, 0x67, 0x45, 0x16, 0x0D, 0xD3, 0x3F, 0xAB, 0xBF, 0x90, 0xDC, 0x52, 0x4D, 0x6E,
    0xCC, 0xB4, 0x15, 0x79, 0x57, 0x3A, 0xEE, 0x8C, 0x6F, 0x67, 0xFD, 0xB8, 0xB0, 0x98, 0xDC, 0x88,
    0x0A, 0x44, 0x11, 0x08, 0x36, 0x07, 0x59, 0x70, 0x85, 0x85, 0x1A, 0xDF, 0x68, 0x55, 0x57, 0x1D,
    0x96, 0x4A, 0xAF, 0x73, 0xE7, 0x3D, 0x35, 0x88, 0xD8, 0xB2, 0x10, 0xF6, 0x75, 0x30, 0x18, 0xC6,
    0xF1, 0x06, 0x16, 0x1E, 0x4A, 0xE3, 0x29, 0x58, 0xF6, 0x1D, 0x5D, 0xE7, 0xE8, 0x82, 0x55, 0x2D,
    0x0A, 0x83, 0x1F, 0x9C, 0x7C, 0xFC, 0x47, 0xBA, 0x59, 0x4F, 0x07, 0x67, 0x7A, 0x52, 0x28, 0xB5,
    0x72, 0x35, 0x8C, 0xFE, 0xDC, 0x34, 0x4E, 0x13, 0x4C, 0xE8, 0x23, 0xCF, 0x17, 0xAC, 0x4C, 0xAE,
    0xE9, 0xD6, 0x5A, 0x9D, 0x2A, 0x5D, 0x3F, 0xF6, 0x63, 0x72, 0x8F, 0x1F, 0xE9, 0x18, 0x98, 0xF0,
    0x06, 0x0A, 0xBD, 0xD2, 0x1D, 0x40, 0x88, 0x2A, 0x3D, 0x35, 0x2C, 0x15, 0x2B, 0xBC, 0x64, 0x22,
    0xD0, 0x0B, 0x4D, 0x9D, 0xD8, 0x68, 0x4C, 0x3D, 0x4F, 0xA7, 0x4E, 0x3E, 0x8D, 0x68, 0x4F, 0x85,
    0x16, 0xD7, 0x3C, 0x42, 0xA2, 0x3E, 0x41, 0xC0, 0xC8, 0xC1, 0x51, 0x2E, 0x07, 0x5F, 0xAE, 0x7E,
    0xE9, 0x41, 0xFB, 0x2F, 0x49, 0x77, 0xB9, 0x50, 0xF6, 0xDF, 0x82, 0x7E, 0x10, 0x66, 0x7A, 0xFF,
    0x6C, 0x0B, 0x0B, 0xA9, 0xA8, 0x55, 0x80, 0x69, 0xDD, 0x1E, 0x16, 0x85, 0x5C, 0xC7, 0x48, 0x43,
    0x5A, 0xCE, 0x41, 0x2E, 0x81, 0x7B, 0xE7, 0xC3, 0x4F, 0x42, 0xE5, 0x7C, 0x9C, 0x11, 0x36, 0x5A,
    0x48, 0x60, 0x88, 0xFE, 0xCF, 0x94, 0x63, 0xDA, 0xDB, 0x10, 0xF9, 0xAF, 0x5A, 0x46, 0x0E, 0x94,
    0xBD, 0x2D, 0xDC, 0xA9, 0x3D, 0xBB, 0x51, 0xE8, 0x04, 0x60, 0x1F, 0xC7, 0x8A, 0xB6, 0x57, 0x5A,
    0xCE, 0x61, 0x16, 0x4B, 0xDF, 0x95, 0xDD, 0xED, 0x46, 0xC3, 0x61, 0xCA, 0xA2, 0x47, 0xA1, 0xDB,
    0x47, 0x21, 0x75, 0xB6, 0xE1, 0x47, 0x6D, 0xCA, 0x8A, 0xAD, 0x47, 0xC5, 0xDB, 0x0F, 0xB1, 0x1F,
    0x60, 0xEE, 0x38, 0x5A, 0xA3, 0xF5, 0xA4, 0xB6, 0xE1, 0xFE, 0xC3, 0x2D, 0x3E, 0x30, 0x0A, 0x26,
    0xCA, 0x0F, 0x30, 0x5A, 0x1E, 0x31, 0xCA, 0x39, 0x6A, 0x2F, 0x50, 0xC1, 0x0F, 0x91, 0x8D, 0x0D,
    0x18, 0xE6, 0x09, 0x4D, 0x4B, 0xDC, 0xA3, 0xD6, 0xE3, 0xEC, 0xE4, 0xFC, 0xB3, 0x65, 0x2B, 0x25,
    0x54, 0xED, 0xA4, 0xB8, 0xB3, 0x39, 0x92, 0xDF, 0xB8, 0x82, 0x05, 0x89, 0x7E, 0x27, 0xF8, 0xF0,
    0x2F, 0x1D, 0x90, 0x8E, 0xDF, 0xAF, 0x7A, 0x38, 0x88, 0x43, 0x81, 0xEB, 0xE0, 0xA7, 0x0E, 0x89,
    0xC6, 0xC1, 0x41, 0xDF, 0xC2, 0xA6, 0x3D, 0x1C, 0x9D, 0x99, 0xC3, 0xF1, 0x38, 0x04, 0x49, 0x3A,
    0xD8, 0xA2, 0x83, 0x49, 0x3A, 0xFD, 0x72, 0x50, 0xDD, 0xE2, 0x24, 0x5C, 0xFD, 0x50, 0x4C, 0xB0,
    0x8D, 0x7F, 0x63, 0xAB, 0xFE, 0x99, 0x87, 0x76, 0xB6, 0x70, 0xC8, 0x02, 0x13, 0x60, 0xB3, 0x98,
    0x44, 0xCB, 0xFD, 0xCE, 0xF8, 0xDE, 0xF2, 0x89, 0x20, 0x5C, 0x3D, 0x60, 0xE1, 0x40, 0x0E, 0x8B,
    0xA9, 0x83, 0x92, 0x68, 0x19, 0xEF, 0x60, 0x6F, 0x4D, 0x35, 0x2C, 0x4E, 0x69, 0x39, 0xE7, 0xFB,
    0xDA, 0xFE, 0xFB, 0x84, 0xF9, 0xBD, 0x2D, 0xFA, 0x3D, 0xDE, 0xE1, 0xFA, 0x1A, 0xB9, 0x10, 0x96,
    0xBB, 0xDD, 0x1F, 0x49, 0xEF, 0x6C, 0xA9, 0x7F, 0x5E, 0xF9, 0xE9, 0x5C, 0xFE, 0x1C, 0x3C, 0xAF,
    0x41, 0xB5, 0xB0, 0x53, 0x5B, 0x63, 0x9C, 0xC5, 0xD4, 0xEE, 0x45, 0xEC, 0x10, 0x3A, 0x72, 0x5F,
    0x63, 0xE5, 0xEB, 0xD6, 0x40, 0x41, 0x7E, 0x38, 0xEE, 0x39, 0x6E, 0x88, 0x72, 0x30, 0x88, 0xC4,
    0x0F, 0x11, 0x23, 0x66, 0xF9, 0x81, 0xB6, 0xC8, 0xE5, 0x79, 0xAC, 0xDF, 0x31, 0x76, 0xE5, 0x1A,
    0xD1, 0xBA, 0x82, 0x31, 0xE6, 0xF0, 0x1A, 0x83, 0x73, 0x55, 0x06, 0x9C, 0xDA, 0x1C, 0x3D, 0x15,
    0x46, 0xD6, 0xA1, 0xC8, 0xA5, 0x1D, 0x77, 0x08, 0x08, 0x15, 0xAC, 0xAB, 0x1A, 0xB5, 0x2C, 0x70,
    0x11, 0x6B, 0x39, 0x1C, 0x37, 0xA6, 0xB3, 0x64, 0x0B, 0xC2, 0xE4, 0x9B, 0x64, 0x2C, 0xD3, 0xD7,
    0xC9, 0x50, 0x64, 0x5F, 0x61, 0xBE, 0xF9, 0xFC, 0xD7, 0xD6, 0x7C, 0x9E, 0x41, 0xB6, 0x7F, 0x4C,
    0x5F, 0xD5, 0xD9, 0x37, 0xC9, 0x6B, 0x64, 0xA8, 0xC4, 0x4B, 0xB2, 0xC4, 0x3B, 0x20, 0x14, 0x2A,
    0x31, 0xCD, 0xB2, 0xA8, 0xD3, 0x01, 0x47, 0x7E, 0x8B, 0x53, 0x1C, 0x4E, 0x88, 0x88, 0x8A, 0x17,
    0x2E, 0xBC, 0x45, 0xBF, 0x1A, 0xF0, 0x98, 0x18, 0xEC, 0x39, 0x81, 0xAC, 0xB2, 0xA1, 0xA8, 0x73,
    0xFD, 0x68, 0x90, 0x8C, 0x37, 0xB9, 0x36, 0xFA, 0x81, 0x0B, 0xAF, 0xD6, 0x0A, 0x00, 0x1C, 0x05,
    0x1F, 0x38, 0x70, 0x5C, 0x04, 0x8E, 0xC3, 0xB7, 0x8A, 0xFD, 0x37, 0x9A, 0x4D, 0xC8, 0xE7, 0xA8,
    0xA5, 0x45, 0x13, 0xCD, 0x22, 0x9A, 0x5D, 0x29, 0xC4, 0x82, 0xA3, 0x38, 0xD7, 0xC2, 0x4D, 0xC3,
    0x89, 0xB6, 0xBB, 0xA6, 0x81, 0xAF, 0xA0, 0x94, 0x0D, 0x27, 0xDC, 0xEB, 0xA6, 0xDF, 0xAC, 0xD2,
    0x89, 0xEE, 0x87, 0x96, 0x4E, 0x87, 0x14, 0x33, 0xDD, 0x24, 0xE3, 0xF7, 0xA6, 0x09, 0x2B, 0xCC,
    0x77, 0x5D, 0xC8, 0xFC, 0x30, 0x80, 0x44, 0xE7, 0x1F, 0x37, 0x4E, 0xDE, 0xEA, 0x4E, 0xD0, 0xB6,
    0x7C, 0xBC, 0x45, 0x10, 0x3E, 0x7C, 0x20, 0xB7, 0x1C, 0x8E, 0xFC, 0xE9, 0x4E, 0x62, 0x1C, 0xD0,
    0xE7, 0xBC, 0xDE, 0xA4, 0x38, 0xEE, 0xFC, 0x06, 0xD5, 0xB4, 0xFC, 0x17, 0xBD, 0x58, 0xBD, 0x92,
    0xDC, 0xB8, 0x11, 0x6E, 0x92, 0x57, 0xA2, 0xCA, 0xA8, 0x5A, 0x38, 0x70, 0x95, 0x1D, 0x5C, 0x09,
    0x0E, 0x1C, 0x5C, 0xA0, 0x59, 0x6C, 0xE0, 0x60, 0x82, 0x99, 0x21, 0xA5, 0x0D, 0x1C, 0x38, 0xB8,
    0x87, 0x39, 0x07, 0x17, 0xCC, 0x68, 0x28, 0x2B, 0x70, 0xE8, 0x7B, 0x84, 0x7B, 0x84, 0x09, 0x14,
    0xA8, 0x5C, 0x23, 0x91, 0xD6, 0x05, 0x4E, 0x59, 0x75, 0xB9, 0x8F, 0x7E, 0x82, 0x83, 0x5D, 0xA8,
    0x5A, 0xAA, 0x8E, 0x33, 0xF0, 0xD7, 0xCD, 0xF9, 0xDB, 0xD1, 0xEA, 0x6E, 0xB5, 0xBB, 0x5A, 0x12,
    0xDD, 0x33, 0x04, 0x1A, 0xDD, 0x0D, 0xA0, 0xD1, 0xDD, 0xC0, 0x6C, 0x36, 0x23, 0xA2, 0xD1, 0x68,
    0x34, 0xDB, 0x3E, 0x74, 0x42, 0xBB, 0x12, 0x85, 0x46, 0x85, 0xCE, 0xFE, 0xFB, 0xF1, 0xE4, 0x84,
    0x96, 0x27, 0xD4, 0x9D, 0x50, 0x2B, 0xA5, 0x93, 0xCF, 0x67, 0x27, 0x84, 0x26, 0x1D, 0x3A, 0x90,
    0x1D, 0xF6, 0x22, 0xB5, 0x22, 0x9A, 0x87, 0x82, 0x56, 0x0F, 0x8A, 0xC8, 0x13, 0xC5, 0xEE, 0x7D,
    0xC8, 0x42, 0x27, 0x70, 0x55, 0x5B, 0x19, 0x42, 0xC5, 0x00, 0xC5, 0xE8, 0x8C, 0xA8, 0x5A, 0x52,
    0xD2, 0x64, 0xF3, 0x1F, 0x2A, 0x13, 0x02, 0xA9, 0xFA, 0x0D, 0x69, 0x32, 0x80, 0xCD, 0x9B, 0x1B,
    0xA9, 0xE3, 0x36, 0xA6, 0x61, 0x5A, 0xF4, 0x29, 0x5A, 0xFC, 0x8E, 0x29, 0xAD, 0x2C, 0x28, 0x74,
    0x71, 0x4A, 0x49, 0x35, 0xA2, 0xB8, 0xF1, 0x34, 0xFF, 0x6F, 0xA8, 0xE7, 0x21, 0xD4, 0x94, 0x81,
    0xBD, 0x2D, 0x08, 0xAC, 0x88, 0xBF, 0xA5, 0xCE, 0xE4, 0x74, 0x0C, 0x7E, 0xFB, 0x40, 0x97, 0xDD,
    0xFF, 0x34, 0xE4, 0x26, 0x54, 0xD9, 0x93, 0x6A, 0x4C, 0x34, 0x01, 0x59, 0x45, 0xA6, 0xA5, 0x69,
    0x99, 0x7B, 0xD5, 0xF8, 0xC8, 0x2D, 0xC9, 0x67, 0x85, 0x53, 0x3F, 0x35, 0x54, 0x16, 0xA4, 0x2B,
    0x28, 0x82, 0x32, 0x54, 0x75, 0x16, 0x2A, 0xB5, 0xA6, 0xA5, 0xE5, 0x97, 0x14, 0xA6, 0x87, 0x5E,
    0x47, 0x50, 0xB3, 0xC2, 0x28, 0x54, 0x1C, 0xCE, 0x8B, 0xCF, 0xCD, 0x93, 0xAA, 0x1E, 0x8E, 0x88,
    0x16, 0x67, 0xAF, 0x30, 0xF0, 0x05, 0x44, 0x0E, 0x17, 0x6E, 0x87, 0xF8, 0x53, 0x1A, 0x84, 0x44,
    0x88, 0xA5, 0x9B, 0x30, 0x10, 0x56, 0xC2, 0x14, 0x73, 0x3F, 0x84, 0xDE, 0xA8, 0x4D, 0x2A, 0x1D,
    0xAA, 0x71, 0x52, 0xBD, 0x44, 0x49, 0xAB, 0xA9, 0xA9, 0xCC, 0x05, 0x4F, 0xE9, 0x1C, 0x13, 0xFB,
    0x30, 0xA6, 0x91, 0x8E, 0x7C, 0x96, 0xD6, 0xAD, 0xFD, 0x53, 0x33, 0xD6, 0x05, 0x30, 0xFE, 0xA3,
    0x06, 0xF5, 0x68, 0xC5, 0x6C, 0x84, 0x5C, 0x10, 0x3A, 0xE8, 0x2B, 0x51, 0xE8, 0xB0, 0x7A, 0x47,
    0xA3, 0x30, 0x32, 0x8A, 0x14, 0xA3, 0x30, 0x71, 0xB3, 0x38, 0x03, 0x3A, 0x5B, 0xE0, 0x73, 0xB8,
    0x30, 0x01, 0x03, 0x30, 0x96, 0x91, 0xCE, 0x87, 0x67, 0xA8, 0x3B, 0x1B, 0x9A, 0xA4, 0xC6, 0x28,
    0x22, 0x57, 0x2B, 0x43, 0x17, 0xC7, 0xA3, 0x28, 0x43, 0x19, 0x94, 0xA7, 0x6C, 0x45, 0x53, 0x43,
    0x0B, 0xC5, 0x05, 0x7F, 0xF0, 0xA9, 0xD8, 0x9E, 0x1A, 0xBA, 0x12, 0x1D, 0x68, 0xFD, 0x21, 0x92,
    0xFD, 0xB3, 0x27, 0xB6, 0x4D, 0x33, 0xA5, 0x01, 0x8D, 0x69, 0x1A, 0xB9, 0xB4, 0x32, 0x34, 0xA5,
    0xB0, 0xB6, 0xFE, 0xDB, 0x31, 0x9D, 0x62, 0x32, 0x3C, 0xCD, 0x60, 0x22, 0xE6, 0x9B, 0x99, 0xF5,
    0xB1, 0x4B, 0x6A, 0x36, 0xA5, 0x11, 0xB5, 0x58, 0xF5, 0xEB, 0x40, 0x47, 0xCF, 0x28, 0xC4, 0x81,
    0x42, 0xF8, 0xB1, 0x7E, 0x17, 0x74, 0x85, 0xC1, 0xD1, 0x31, 0x44, 0xD0, 0x40, 0x05, 0x36, 0x28,
    0x95, 0x67, 0x47, 0x60, 0x01, 0x1A, 0x10, 0x03, 0x48, 0x03, 0xD4, 0x2F, 0x03, 0x76, 0x70, 0x52,
    0x45, 0x75, 0xDC, 0x94, 0xCD, 0xBC, 0x98, 0x57, 0xF1, 0xD1, 0x0B, 0xB6, 0x2B, 0x9A, 0xE8, 0x62,
    0x9A, 0x54, 0x3E, 0x6E, 0x5C, 0xC4, 0x05, 0x7F, 0xF0, 0x89, 0x4A, 0xDE, 0xB7, 0x62, 0x20, 0xC5,
    0x6F, 0xC8, 0x3D, 0xA2, 0x99, 0x2E, 0xCC, 0x79, 0x93, 0x36, 0x5D, 0xE4, 0xC6, 0xC0, 0xE6, 0xDC,
    0xA1, 0x06, 0xF5, 0x68, 0x9D, 0x57, 0x3C, 0x9D, 0x31, 0x1B, 0x19, 0x63, 0xD8, 0x04, 0xF0, 0x29,
    0x31, 0x1E, 0x09, 0xE6, 0x65, 0xAA, 0x22, 0xDE, 0xD0, 0x15, 0x48, 0x80, 0x55, 0xA1, 0x21, 0xDC,
    0x90, 0xC5, 0xD7, 0x88, 0xBE, 0x02, 0x7E, 0x15, 0x7D, 0x0F, 0xEC, 0x92, 0x17, 0xE0, 0x52, 0x6B,
    0x50, 0xA5, 0x85, 0x0E, 0x2D, 0x9B, 0x01, 0xFE, 0x0F, 0x04, 0x4F, 0x19, 0xDF, 0x40, 0xD6, 0x5F,
    0xE1, 0x0C, 0x82, 0xF9, 0x55, 0x2A, 0xB2, 0x22, 0xAC, 0xFB, 0x2B, 0x59, 0x7D, 0x27, 0xDB, 0xA2,
    0x66, 0x16, 0x69, 0x81, 0x05, 0x67, 0x59, 0xE8, 0x3C, 0xE0, 0x6A, 0xC8, 0xD2, 0xC1, 0x59, 0xCF,
    0x84, 0x58, 0x7B, 0xAE, 0x39, 0x15, 0x5B, 0x1F, 0xB1, 0x2C, 0xD8, 0x01, 0x64, 0xC1, 0x16, 0xD8,
    0x0F, 0x18, 0x96, 0x45, 0x86, 0x49, 0xBE, 0x99, 0xF1, 0xB8, 0xAC, 0xBF, 0xC9, 0xB8, 0xD8, 0x75,
    0xF4, 0xA5, 0x7F, 0x76, 0x9F, 0xF0, 0xC8, 0x1D, 0x25, 0x8E, 0x7D, 0x47, 0xB6, 0xAD, 0x98, 0xD0,
    0xEF, 0xB2, 0xE7, 0x2D, 0x34, 0x8C, 0x61, 0xDD, 0xB2, 0x05, 0x13, 0xF1, 0x8F, 0xEE, 0xD0, 0xA6,
    0xB9, 0x13, 0xF6, 0x0F, 0x9B, 0x95, 0xEE, 0x58, 0x45, 0x0C, 0x91, 0xAC, 0x05, 0x1A, 0xC3, 0xCD,
    0xD1, 0x54, 0x63, 0xB7, 0xB6, 0x4A, 0x94, 0xAB, 0xE1, 0x69, 0xC5, 0x31, 0x61, 0x2C, 0x69, 0x60,
    0xF5, 0x02, 0xF6, 0x33, 0x18, 0x8F, 0xC8, 0xB2, 0x34, 0x48, 0xB5, 0x2C, 0x57, 0xE7, 0x4B, 0x62,
    0x45, 0x58, 0xE5, 0x5E, 0x1A, 0xBA, 0xDE, 0x8F, 0x48, 0xE1, 0xAC, 0x59, 0x2E, 0x7C, 0xD2, 0xFD,
    0x88, 0xB4, 0x7F, 0x2B, 0xD8, 0xFE, 0x31, 0xBD, 0x2F, 0xDF, 0xD0, 0x7B, 0xCF, 0xA7, 0x93, 0x3B,
    0x61, 0x06, 0x7B, 0x74, 0x6F, 0x72, 0x53, 0x31, 0xE7, 0xD5, 0x96, 0x95, 0xCC, 0xF3, 0xE0, 0xD1,
    0x56, 0xD0, 0x81, 0x48, 0x36, 0xD2, 0x6C, 0x27, 0x72, 0x79, 0x2C, 0xD2, 0x5D, 0x5F, 0x64, 0x1C,
    0x98, 0x28, 0x11, 0x9C, 0x7E, 0xCF, 0x2E, 0x59, 0x7F, 0x27, 0xF8, 0x9C, 0xB1, 0x4D, 0x18, 0x4F,
    0x04, 0x2F, 0x41, 0xE4, 0xA8, 0x65, 0x1C, 0xF1, 0xA8, 0x20, 0x43, 0x70, 0x40, 0xB6, 0x81, 0x20,
    0xC1, 0x58, 0xE7, 0x5C, 0x63, 0x39, 0xC4, 0x42, 0x10, 0xE3, 0x29, 0xB7, 0x77, 0x9D, 0x60, 0x24,
    0x05, 0x05, 0xDC, 0x6B, 0x9B, 0xBE, 0x8B, 0x3B, 0x48, 0x7E, 0x8C, 0xCD, 0xF4, 0x30, 0x93, 0x5D,
    0x0C, 0xE6, 0x47, 0xC0, 0x75, 0x59, 0x0F, 0x0F, 0x99, 0x96, 0xFB, 0x70, 0x5F, 0xE6, 0x41, 0xF4,
    0x47, 0xB4, 0x3C, 0xE6, 0xD1, 0xF7, 0xF3, 0x81, 0x20, 0x24, 0x2E, 0x80, 0x3B, 0x9E, 0xEE, 0xD7,
    0x09, 0x39, 0x8B, 0xC0, 0xF2, 0x0A, 0xFE, 0x65, 0x58, 0x0B, 0x5C, 0xD5, 0xB6, 0xA7, 0x09, 0x39,
    0x03, 0xA9, 0x3E, 0x2F, 0x11, 0x97, 0x73, 0xD7, 0xBC, 0x4B, 0x84, 0x9C, 0x8B, 0x82, 0x92, 0x7F,
    0x36, 0x77, 0xCE, 0x5B, 0x7D, 0xE7, 0x68, 0x0B, 0x87, 0xCF, 0x5D, 0xF1, 0x9F, 0xF0, 0x7A, 0x8B,
    0xD7, 0x53, 0xD5, 0x2F, 0xBF, 0xF0, 0xBD, 0xF9, 0x40, 0xE4, 0xDB, 0x6B, 0xBC, 0x89, 0x67, 0x57,
    0x33, 0xD8, 0x3A, 0x1A, 0xA4, 0xA1, 0x37, 0x28, 0xED, 0x98, 0xDF, 0x9E, 0xC3, 0x75, 0x54, 0x54,
    0x61, 0x9D, 0xB3, 0x25, 0xB7, 0xA0, 0x7E, 0x80, 0xDC, 0x16, 0xFE, 0xBE, 0x00, 0xD2, 0x68, 0xA2,
    0xB4, 0x51, 0xEC, 0x02, 0x05, 0x21, 0x17, 0xDE, 0xA0, 0x7D, 0xDD, 0x96, 0x44, 0x88, 0xB9, 0x1B,
    0x33, 0x10, 0x56, 0xCC, 0x94, 0xDE, 0x0C, 0xB0, 0xD3, 0xB0, 0x0D, 0xFE, 0xE5, 0x2F, 0x2F, 0x05,
    0x02, 0x1E, 0xB2, 0x52, 0x5F, 0x22, 0x6A, 0x96, 0x8E, 0xFC, 0x6B, 0x4F, 0x7E, 0xD9, 0x01, 0x10,
    0xD9, 0x96, 0x19, 0x40, 0xE7, 0x80, 0xCA, 0x2F, 0x93, 0xC6, 0x2F, 0x63, 0xE7, 0x97, 0xD4, 0x02,
    0x5E, 0x03, 0x32, 0x80, 0x05, 0x68, 0x00, 0xDC, 0x06, 0x7B, 0x80, 0x4D, 0x28, 0xB8, 0xBC, 0xD8,
    0x16, 0xD2, 0x23, 0xDE, 0xB8, 0x69, 0x9B, 0x76, 0xBC, 0xE1, 0xE7, 0x94, 0xE5, 0x64, 0xF3, 0x8C,
    0x77, 0x3F, 0xFB, 0x01, 0xA4, 0xE8, 0x18, 0x29, 0x50, 0x5A, 0x6F, 0x91, 0xEA, 0x1B, 0xB2, 0x0D,
    0xB2, 0xB9, 0x74, 0x4B, 0xDB, 0x07, 0x5D, 0xCF, 0x4A, 0x98, 0xCA, 0xEE, 0xEB, 0x73, 0xA6, 0xCB,
    0x99, 0xDC, 0x27, 0x14, 0x99, 0xB0, 0x34, 0xC5, 0xBE, 0x61, 0xA0, 0xEE, 0x49, 0xA4, 0xE1, 0xE4,
    0x21, 0x63, 0xA7, 0x33, 0x2C, 0xDF, 0x0F, 0x05, 0x9F, 0x4E, 0x6E, 0xC6, 0x2B, 0xBA, 0x47, 0xF7,
    0x25, 0xF7, 0x0B, 0xA2, 0x6F, 0x9F, 0x51, 0xEC, 0x6D, 0xA1, 0x1A, 0xD5, 0xD8, 0x22, 0x6E, 0x11,
    0x78, 0x4B, 0x4C, 0xBB, 0x6D, 0x7A, 0xC0, 0x7F, 0xAE, 0xE3, 0x36, 0xA6, 0x61, 0x5A, 0xEE, 0xC3,
    0x4A, 0x41, 0x81, 0xF5, 0x79, 0x05, 0x5E, 0x3F, 0x55, 0x50, 0x2B, 0xB0, 0x5A, 0x25, 0xD4, 0x8A,
    0x02, 0xD4, 0x4A, 0x7E, 0x80, 0x74, 0xFD, 0x25, 0x34, 0x1A, 0xB3, 0x5A, 0xAD, 0xAA, 0x61, 0xD2,
    0x50, 0x4B, 0x61, 0xA7, 0xCC, 0x70, 0x28, 0xAC, 0x26, 0x30, 0xE5, 0xCA, 0x3A, 0x56, 0xAB, 0x86,
    0x5A, 0x9A, 0xD5, 0x9A, 0xB0, 0x5A, 0x2F, 0x0D, 0xD4, 0xFA, 0xB5, 0x8C, 0x7A, 0x2A, 0xCE, 0x83,
    0xC4, 0x1F, 0x6F, 0x1E, 0xE8, 0xEE, 0xAE, 0x0F, 0xB1, 0x00, 0xCE, 0xA4, 0x6E, 0x82, 0xDD, 0x6A,
    0x6B, 0x8B, 0x23, 0x59, 0xC0, 0xE8, 0xDB, 0xDE, 0x86, 0x39, 0x3F, 0x3D, 0x88, 0xF7, 0x77, 0xC6,
    0x9B, 0x73, 0xD1, 0x19, 0xF8, 0x37, 0x5F, 0xDF, 0x39, 0xEF, 0x78, 0xD7, 0xDA, 0x5D, 0x32, 0x90,
    0x3B, 0xD3, 0xBD, 0x0F, 0x7A, 0xFE, 0xBD, 0x44, 0x33, 0xE3, 0x82, 0x15, 0x9E, 0xC1, 0xB8, 0xE0,
    0x04, 0x12, 0x4E, 0x3A, 0xA8, 0x53, 0xA0, 0x99, 0xB1, 0xBD, 0x5A, 0x0E, 0xDE, 0x9A, 0x33, 0x99,
    0xB4, 0xDD, 0xA6, 0x4C, 0xF1, 0xF5, 0xD0, 0xE5, 0x50, 0x53, 0x03, 0x3A, 0x5A, 0x46, 0x1C, 0x92,
    0x32, 0x80, 0x65, 0xC8, 0xFB, 0xDF, 0x4C, 0xEA, 0xB9, 0x9D, 0xE9, 0x8E, 0xC3, 0x54, 0x8A, 0x4D,
    0x6B, 0x61, 0x40, 0xD9, 0xD3, 0x16, 0xDF, 0x4B, 0x4C, 0x09, 0xDB, 0x5D, 0x4B, 0x2D, 0x4C, 0x88,
    0xA3, 0x82, 0x00, 0x76, 0x4D, 0xAB, 0x1B, 0x64, 0x35, 0x1D, 0x06, 0x31, 0x07, 0xE8, 0x62, 0x07,
    0xB5, 0xCD, 0x5B, 0x84, 0xC2, 0x76, 0xEE, 0x39, 0x14, 0x48, 0x3A, 0x23, 0x13, 0xC1, 0x33, 0xF2,
    0xA8, 0x9F, 0x85, 0x14, 0x72, 0x2D, 0xA6, 0x69, 0x10, 0xBD, 0xDE, 0xD8, 0xA6, 0xE1, 0x8C, 0xAA,
    0xBF, 0xFE, 0xC8, 0xF9, 0xEC, 0x6A, 0x68, 0xAB, 0x6B, 0xF6, 0x34, 0x80, 0xF6, 0x47, 0x4A, 0xD7,
    0xA6, 0x1F, 0x28, 0x4F, 0x28, 0xCF, 0xD5, 0xE9, 0x3E, 0xB5, 0xB8, 0x31, 0xBF, 0x49, 0x1F, 0x4C,
    0xE8, 0x02, 0xB1, 0xE8, 0x6D, 0x8D, 0x23, 0x8E, 0xBB, 0x15, 0xBF, 0xD8, 0xFD, 0x85, 0xD2, 0x6E,
    0x41, 0xCA, 0xE0, 0xD8, 0x93, 0xD6, 0xB7, 0xE2, 0xA5, 0xDE, 0xBA, 0x1D, 0x6C, 0x9F, 0x1B, 0x8F,
    0x13, 0x63, 0x8C, 0x03, 0x8F, 0x11, 0x59, 0x75, 0xD1, 0xC8, 0x2F, 0x7F, 0x53, 0x79, 0x3B, 0xBE,
    0xE8, 0x67, 0x5B, 0x7C, 0xAD, 0x90, 0xD6, 0x0C, 0xA2, 0xD2, 0x1B, 0xBE, 0x8D, 0xAA, 0xD8, 0x6A,
    0x4D, 0x1E, 0x39, 0xE6, 0x40, 0x0E, 0x3C, 0x42, 0xF0, 0xE0, 0x02, 0x3C, 0x15, 0x3F, 0xC1, 0x96,
    0xC8, 0x98, 0xEF, 0xAE, 0xB2, 0x27, 0x17, 0x3E, 0x72, 0x36, 0x34, 0xF0, 0x59, 0xE9, 0x1A, 0xAC,
    0x90, 0xDA, 0xF9, 0x34, 0xAC, 0x4C, 0xFD, 0x79, 0x26, 0xE9, 0xEC, 0xF2, 0xA0, 0xCC, 0x64, 0xFF,
    0xA0, 0x09, 0x04, 0x20, 0xC3, 0x50, 0xF8, 0xDC, 0x1C, 0xD7, 0xC4, 0xE6, 0x5E, 0xEC, 0x0C, 0x6D,
    0xBA, 0xC9, 0x67, 0xE5, 0x7C, 0xC9, 0x0B, 0xDC, 0x40, 0x51, 0xA4, 0xD1, 0xF5, 0x9C, 0xF7, 0x5E,
    0x31, 0x13, 0x0F, 0x9F, 0x56, 0xDB, 0xFB, 0xB9, 0xE5, 0xA6, 0x0B, 0x6F, 0x3D, 0x53, 0xFF, 0xB6,
    0x40, 0xFA, 0x5F, 0x50, 0xF9, 0x4E, 0xBC, 0x81, 0x24, 0xC8, 0x9C, 0xAC, 0x31, 0xAF, 0x6D, 0x8E,
    0x7C, 0x53, 0x7E, 0x3C, 0x76, 0x1E, 0xF3, 0x3F, 0x60, 0x18, 0x8E, 0x0F, 0xF1, 0x5F, 0xDF, 0x8A,
    0x5F, 0xE2, 0xDA, 0x1D, 0xEC, 0x33, 0xA3, 0x9B, 0xF1, 0x9A, 0x62, 0x71, 0x35, 0xDF, 0x5E, 0xB9,
    0xFE, 0x7C, 0xF2, 0xA1, 0x97, 0x7C, 0xD2, 0xA8, 0xC2, 0xC8, 0xBE, 0x9B, 0xFC, 0xCC, 0x0B, 0x13,
    0xE0, 0xEC, 0x6A, 0xC4, 0xC7, 0xB0, 0xA1, 0x64, 0xA3, 0x72, 0x9E, 0xBB, 0x56, 0x19, 0xDB, 0x4D,
    0xD9, 0x1C, 0x1B, 0xAF, 0xDD, 0x31, 0x71, 0x9F, 0x11, 0xAD, 0x10, 0x78, 0xE7, 0x8D, 0xDC, 0xBE,
    0x99, 0x3F, 0xD7, 0xE2, 0x42, 0x23, 0xB9, 0xE2, 0x83, 0x71, 0x6D, 0x26, 0x65, 0x2A, 0x71, 0x5E,
    0xED, 0x80, 0xBF, 0x27, 0xB0, 0x58, 0x5B, 0x95, 0xA0, 0xE3, 0xB0, 0xCE, 0xEC, 0x16, 0xAA, 0x75,
    0xDA, 0x3A, 0xCD, 0x3E, 0x8C, 0xDA, 0x12, 0x06, 0xDA, 0x86, 0xE7, 0xDD, 0x8A, 0x26, 0x1D, 0x65,
    0xB0, 0xF9, 0x0F, 0x15, 0xF6, 0x4E, 0x72, 0xAA, 0x7A, 0xB5, 0x49, 0xF5, 0x36, 0xB9, 0x38, 0x33,
    0x65, 0xE6, 0xB6, 0x46, 0x70, 0xC7, 0x06, 0x80, 0xD0, 0xE2, 0x50, 0x89, 0x8D, 0x22, 0x05, 0xB7,
    0x1D, 0x2A, 0x22, 0xA9, 0x62, 0xB2, 0x89, 0xB2, 0x7A, 0x9B, 0x3E, 0xDE, 0x82, 0x1F, 0xCF, 0x6B,
    0x56, 0x88, 0xCB, 0x8B, 0x1A, 0xB6, 0xC2, 0x97, 0xB7, 0xE2, 0x17, 0xF9, 0x11, 0x25, 0xAB, 0x21,
    0xA5, 0x7F, 0xF7, 0x94, 0x9E, 0x37, 0xB7, 0xE2, 0x95, 0xFC, 0xC7, 0xEF, 0x60, 0xFB, 0xDC, 0x78,
    0x9C, 0x12, 0x3B, 0xF7, 0xE8, 0x8A, 0x1B, 0xD3, 0xE3, 0xBB, 0x89, 0x43, 0xE2, 0xDF, 0xD3, 0xDC,
    0xB3, 0x03, 0xAB, 0x95, 0x43, 0x54, 0xAF, 0x4C, 0x6D, 0x60, 0x55, 0x96, 0xFE, 0xE7, 0x6C, 0xF2,
    0xD6, 0x59, 0xFD, 0xD4, 0xD9, 0x71, 0xEC, 0x4C, 0x9B, 0x34, 0xBA, 0x51, 0xB5, 0xF2, 0x7D, 0xE4,
    0x1F, 0xCD, 0x5B, 0xFA, 0x43, 0xEF, 0x78, 0xB0, 0x5A, 0x1C, 0xAB, 0xDA, 0x4D, 0x88, 0x6A, 0x69,
    0xF2, 0x33, 0xA5, 0xA3, 0x37, 0xCF, 0xE2, 0x75, 0x16, 0xD6, 0x6A, 0x2D, 0xC7, 0x7F, 0x98, 0x9C,
    0x91, 0x8E, 0xFE, 0x23, 0xFB, 0x62, 0x7B, 0xAF, 0x91, 0x33, 0x52, 0xFA, 0xA2, 0xD2, 0x71, 0xFD,
    0x51, 0x7D, 0xF5, 0x8B, 0xA6, 0x2F, 0xFD, 0x84, 0x7C, 0x84, 0x50, 0x71, 0x28, 0x7E, 0x9F, 0x0A,
    0x6E, 0x0C, 0x7E, 0x8C, 0x09, 0x40, 0x02, 0xDB, 0x20, 0x4A, 0x54, 0xBA, 0xE0, 0xF3, 0x1D, 0x8E,
    0xBD, 0xB5, 0x95, 0x64, 0x29, 0x72, 0xE8, 0xD3, 0xC2, 0xBD, 0x2E, 0xD1, 0x2F, 0x73, 0x7D, 0x8A,
    0xCC, 0xC1, 0x43, 0x6F, 0x5C, 0xAD, 0xED, 0xEF, 0x32, 0xF8, 0x96, 0x02, 0x69, 0x06, 0x5D, 0x75,
    0xE3, 0xDC, 0x96, 0xF0, 0xFB, 0x88, 0x59, 0xE1, 0xF9, 0x0A, 0x83, 0xCE, 0xE0, 0xAC, 0x0D, 0x60,
    0x9F, 0x87, 0x74, 0x02, 0x46, 0xDA, 0x98, 0x86, 0x69, 0xB9, 0xCF, 0x95, 0xB7, 0xD7, 0x38, 0x0D,
    0x6E, 0x61, 0xFB, 0xDC, 0xA5, 0xFE, 0xFF, 0x07, 0xBD, 0x5A, 0x3F, 0x8F, 0xDB, 0xC8, 0x15, 0x7F,
    0x24, 0x01, 0xF3, 0x10, 0x02, 0x9E, 0x32, 0x85, 0x13, 0xF3, 0x0B, 0xD8, 0xCB, 0x26, 0xC5, 0x16,
    0x12, 0x49, 0x5C, 0xCA, 0x2B, 0xEE, 0x2B, 0xA4, 0x4F, 0x80, 0x6B, 0xAE, 0x30, 0x82, 0x5D, 0x8B,
    0xC1, 0x15, 0x2E, 0xAE, 0x58, 0x7F, 0x83, 0x7C, 0x82, 0x00, 0x2E, 0xB6, 0x30, 0x0C, 0xDA, 0x9C,
    0x43, 0x0A, 0x17, 0x29, 0xCC, 0x20, 0xA9, 0x63, 0xE6, 0x90, 0x2E, 0xC0, 0x85, 0x49, 0x04, 0x84,
    0xC6, 0x51, 0x9A, 0xFC, 0x7E, 0x33, 0xD4, 0xAE, 0xA4, 0xDD, 0xF5, 0x8A, 0xBB, 0x5A, 0x93, 0xF3,
    0x9E, 0x24, 0x72, 0xE6, 0xCD, 0x7B, 0x6F, 0x66, 0xDE, 0x9F, 0x19, 0x49, 0x66, 0x72, 0x11, 0x8B,
    0xB6, 0xAE, 0xA0, 0x05, 0x8A, 0x3A, 0x20, 0xD5, 0x03, 0xC5, 0x53, 0xA0, 0x24, 0x01, 0x9A, 0xC6,
    0x40, 0x47, 0xAA, 0x10, 0xE9, 0x22, 0x2D, 0xD2, 0x06, 0xB5, 0xF8, 0x6D, 0xD0, 0x48, 0xD0, 0x78,
    0xAD, 0x84, 0xC6, 0x74, 0xA2, 0x8C, 0xE9, 0x45, 0xE5, 0x32, 0x11, 0xD4, 0x4F, 0x71, 0xE3, 0xF3,
    0x18, 0x74, 0xF2, 0x12, 0x48, 0x47, 0xA6, 0x15, 0xC2, 0xFA, 0x15, 0x9A, 0x5A, 0x12, 0xB4, 0x7C,
    0xEC, 0xBD, 0x66, 0x37, 0xEC, 0x4F, 0x7C, 0x63, 0x24, 0x06, 0x64, 0x79, 0x2C, 0x47, 0xF8, 0x5D,
    0xE2, 0x79, 0x29, 0x99, 0x64, 0x9F, 0x1B, 0xD4, 0xFD, 0x97, 0x84, 0x4B, 0x30, 0x72, 0x18, 0x80,
    0x8F, 0x29, 0xFA, 0x42, 0x55, 0xD2, 0xE9, 0x3E, 0x91, 0x0C, 0xF2, 0x42, 0xC2, 0xEF, 0x5A, 0x09,
    0xC0, 0xB7, 0x54, 0xF9, 0xED, 0xE5, 0xB8, 0x33, 0x4E, 0xD1, 0xFA, 0x3E, 0x39, 0x7B, 0x44, 0x34,
    0x21, 0xCA, 0xD8, 0x95, 0x6A, 0x6E, 0xCC, 0xAA, 0x25, 0xF5, 0x0B, 0xC0, 0x4B, 0xC0, 0x0C, 0x1D,
    0x24, 0x9A, 0xFD, 0xDA, 0xDF, 0x7E, 0x73, 0xAE, 0xFC, 0xD8, 0x14, 0x1E, 0xF8, 0x0B, 0x3F, 0xF8,
    0x3D, 0xD8, 0x78, 0x94, 0x89, 0x7C, 0x06, 0x20, 0x6B, 0xA0, 0xB9, 0x09, 0x7C, 0x96, 0x39, 0xF8,
    0x8C, 0x75, 0xD9, 0x86, 0x6D, 0x49, 0x43, 0xA4, 0x87, 0xC4, 0x12, 0x68, 0xCA, 0x78, 0x60, 0x29,
    0x57, 0xF3, 0xD0, 0x2C, 0xE2, 0xFA, 0x67, 0x99, 0x6D, 0x59, 0xAE, 0x95, 0x63, 0x4B, 0x03, 0xAF,
    0x50, 0x01, 0xD5, 0xC4, 0x83, 0x32, 0x83, 0xF7, 0x10, 0x37, 0x2C, 0xF6, 0xCE, 0x17, 0xC6, 0x04,
    0x92, 0x4F, 0x5B, 0x69, 0x4F, 0xBD, 0x66, 0x32, 0x8E, 0x2F, 0xE1, 0x48, 0xAF, 0x40, 0xF6, 0xAF,
    0x33, 0xA8, 0xCA, 0x15, 0x19, 0xA9, 0xB0, 0x87, 0x51, 0x2E, 0xD1, 0x1F, 0xA0, 0xB4, 0x6E, 0xEF,
    0x4C, 0x05, 0xFA, 0x89, 0xB4, 0xAD, 0xBC, 0xAA, 0x25, 0xD3, 0x12, 0x8F, 0xE3, 0xCB, 0x6B, 0x9E,
    0x88, 0xFC, 0xB6, 0x71, 0x73, 0x6D, 0x25, 0x94, 0xF9, 0x07, 0xC0, 0x60, 0x9A, 0x7F, 0xD5, 0x94,
    0x60, 0x18, 0xAD, 0x7A, 0xC0, 0x6B, 0x40, 0x0A, 0xC8, 0xB6, 0x20, 0x1D, 0xDE, 0xF5, 0xAE, 0xEE,
    0x57, 0x0D, 0xDB, 0x92, 0x06, 0x66, 0xC7, 0x33, 0x50, 0x55, 0xDF, 0x5A, 0x84, 0x79, 0xA2, 0x4E,
    0x72, 0x22, 0xF1, 0xCC, 0x49, 0xC1, 0xD5, 0xC5, 0x71, 0xAE, 0x0A, 0xF0, 0x93, 0x14, 0x58, 0x15,
    0x18, 0xF6, 0xF2, 0x12, 0x64, 0x5F, 0xD8, 0x2A, 0x49, 0x51, 0x0D, 0xCD, 0x2C, 0x81, 0xC8, 0x2C,
    0xA1, 0x52, 0xEA, 0x20, 0xD2, 0xF7, 0x0C, 0x90, 0x64, 0x05, 0x10, 0x6C, 0x88, 0x96, 0xB0, 0x01,
    0x0A, 0x5A, 0x8B, 0x8C, 0xD1, 0x03, 0x3A, 0x7F, 0xB6, 0xAA, 0x62, 0x2B, 0xB3, 0x19, 0x09, 0x58,
    0x52, 0x24, 0x2A, 0xEC, 0x92, 0xA0, 0xAC, 0x15, 0xE8, 0xF8, 0x9D, 0x5D, 0xB2, 0x6F, 0x72, 0x4C,
    0x6E, 0xC8, 0x56, 0xB9, 0x05, 0x7C, 0xC6, 0x77, 0x64, 0x94, 0x75, 0xD9, 0xE6, 0x32, 0xA3, 0x0C,
    0x05, 0x59, 0x28, 0x2F, 0x19, 0xE8, 0xCA, 0x2C, 0x2D, 0x5C, 0xF6, 0xEE, 0xBC, 0x0E, 0x15, 0x6C,
    0x72, 0x1F, 0xF6, 0x89, 0xB0, 0x49, 0xBC, 0x81, 0xF5, 0xEA, 0x31, 0xC2, 0x33, 0x68, 0x4D, 0x15,
    0xC7, 0x50, 0x4C, 0x29, 0xA1, 0x46, 0x7D, 0x0B, 0x6C, 0x7F, 0x34, 0x4C, 0xA6, 0xB8, 0xFE, 0x69,
    0x11, 0x52, 0x9F, 0xD5, 0x07, 0x89, 0x72, 0x1A, 0xDD, 0x06, 0xAA, 0x2D, 0xEE, 0x84, 0xD7, 0x40,
    0x4F, 0x60, 0xC4, 0x60, 0xC9, 0xA8, 0x8B, 0xAC, 0xBE, 0x35, 0xBF, 0xD6, 0x30, 0xAE, 0xE0, 0x0E,
    0xF8, 0x15, 0xC5, 0x69, 0x30, 0xC0, 0x2D, 0x79, 0xDD, 0x1B, 0x4F, 0x70, 0x8E, 0x22, 0x58, 0xAC,
    0x1E, 0x81, 0xBF, 0xAB, 0x9B, 0xEB, 0xEF, 0x12, 0x5A, 0xC1, 0x77, 0x18, 0xFF, 0xFF, 0x61, 0xB5,
    0xCE, 0xF6, 0x3C, 0x4F, 0x6B, 0x58, 0x71, 0x58, 0x28, 0x6B, 0x68, 0x32, 0x5A, 0x83, 0xFC, 0x76,
    0x63, 0x2F, 0x9C, 0xF3, 0x74, 0x3F, 0xA2, 0x02, 0xBD, 0x3E, 0xFA, 0x0F, 0xCC, 0x73, 0x08, 0x03,
    0xCB, 0x16, 0x7E, 0xF0, 0x2A, 0x3A, 0x69, 0xC5, 0xC6, 0xBE, 0x9B, 0x24, 0xB4, 0xA1, 0x96, 0x2F,
    0x1A, 0x16, 0x9A, 0x37, 0x8B, 0xC0, 0x8C, 0x75, 0xEA, 0x29, 0x51, 0x46, 0xC4, 0x66, 0x79, 0x88,
    0x61, 0xCB, 0x41, 0x6A, 0x49, 0xA2, 0xB5, 0xE3, 0x61, 0x06, 0xB6, 0xFF, 0xAB, 0xC5, 0xFF, 0x33,
    0xA2, 0x04, 0xFD, 0xC2, 0x76, 0xE8, 0xAF, 0xCC, 0x02, 0x96, 0x7C, 0xFA, 0x11, 0xB3, 0x90, 0xAE,
    0x99, 0x05, 0xB6, 0x71, 0x3A, 0x48, 0x10, 0x42, 0xBC, 0x01, 0x1B, 0xBD, 0xDC, 0xC3, 0xD2, 0x93,
    0x49, 0x84, 0xE7, 0x09, 0xC3, 0xAD, 0xA8, 0xBF, 0x10, 0x36, 0xDE, 0x9D, 0x6C, 0x1B, 0x4B, 0x73,
    0x76, 0xAE, 0xCF, 0xBD, 0xCA, 0x66, 0x87, 0x6C, 0x0D, 0x7D, 0x22, 0xD9, 0x6C, 0xFC, 0xB5, 0x82,
    0xBB, 0x90, 0xEB, 0xEE, 0x38, 0x5F, 0xBB, 0x2C, 0x09, 0x1B, 0x38, 0xD0, 0x91, 0x70, 0xC5, 0x32,
    0x6C, 0x13, 0x4E, 0x17, 0x75, 0x2E, 0xDB, 0x5E, 0xE5, 0x8A, 0x41, 0x1F, 0x21, 0x98, 0xB4, 0x93,
    0x75, 0x2E, 0xE6, 0x57, 0x01, 0x96, 0xAB, 0x85, 0x8F, 0xD5, 0x59, 0x41, 0x08, 0xB2, 0x0A, 0xEB,
    0x7A, 0x32, 0x98, 0x56, 0x04, 0xDD, 0x17, 0xE1, 0x7B, 0xC4, 0x35, 0xC6, 0x34, 0xC1, 0x32, 0x6C,
    0x83, 0xB9, 0x74, 0x08, 0xE3, 0x7B, 0x3C, 0x2F, 0xAF, 0x03, 0xFA, 0x74, 0x1B, 0x05, 0x14, 0xE0,
    0xC6, 0x74, 0x16, 0x9D, 0x3F, 0x73, 0x08, 0xCF, 0x06, 0xB4, 0xF5, 0xE2, 0xA3, 0x88, 0x3A, 0xAA,
    0x68, 0x7F, 0x5C, 0x14, 0xE8, 0xE0, 0x8B, 0x85, 0xA8, 0xCA, 0xE4, 0x6A, 0x1E, 0x6B, 0xA5, 0xC3,
    0x5A, 0x15, 0x41, 0xA3, 0xF2, 0xEB, 0x21, 0xFE, 0x8B, 0xCE, 0x4C, 0xF1, 0xA4, 0x5A, 0x9B, 0x93,
    0xED, 0x4D, 0x4A, 0x12, 0x14, 0xD9, 0xDB, 0xFC, 0xD4, 0xC8, 0x8B, 0x74, 0x50, 0xE4, 0x8E, 0xC5,
    0x2C, 0x30, 0x63, 0xED, 0x15, 0xE9, 0xEB, 0xEF, 0x0C, 0x89, 0x8B, 0x59, 0x4B, 0xFE, 0x76, 0xEE,
    0x06, 0x06, 0x0D, 0xE6, 0x6C, 0xDD, 0x98, 0xDD, 0x4C, 0xCE, 0xAF, 0xC3, 0x7C, 0x12, 0x4B, 0xB2,
    0x74, 0x89, 0xDC, 0x38, 0x1E, 0xCA, 0x1D, 0xEE, 0x43, 0x38, 0xC3, 0x56, 0x8C, 0xCE, 0x8A, 0xD4,
    0x25, 0x7A, 0xE2, 0x12, 0xBE, 0xAB, 0xEE, 0x9F, 0x23, 0xE1, 0x9B, 0x48, 0xD6, 0xC4, 0x75, 0x59,
    0x5A, 0x67, 0x77, 0xE1, 0xEA, 0x36, 0xAE, 0x92, 0x13, 0x7F, 0x64, 0xF1, 0x90, 0x64, 0x59, 0xE1,
    0x23, 0x72, 0x26, 0x4B, 0xAC, 0x81, 0xC6, 0x15, 0xA7, 0x81, 0xB3, 0x9F, 0xD7, 0x96, 0x41, 0x11,
    0x51, 0x2D, 0x95, 0xC6, 0x12, 0x97, 0x05, 0x5D, 0x67, 0xF4, 0x4B, 0x7D, 0xBE, 0xAC, 0x6F, 0x50,
    0x7A, 0x1A, 0x24, 0xAC, 0xCC, 0x59, 0x2B, 0xB3, 0x82, 0x59, 0x76, 0x38, 0x17, 0x35, 0x91, 0xC7,
    0x0F, 0xE5, 0x50, 0x8D, 0x1B, 0x20, 0x57, 0xC2, 0x15, 0x77, 0x25, 0x04, 0x46, 0x7A, 0x0C, 0xE7,
    0xFF, 0x06, 0x4B, 0xBA, 0x93, 0x52, 0x61, 0x0C, 0xB3, 0x5C, 0xCA, 0x85, 0xD8, 0x04, 0x0F, 0x31,
    0x83, 0xFD, 0xE4, 0xEF, 0x32, 0x2B, 0xDC, 0x7B, 0xD6, 0x13, 0x06, 0x23, 0x19, 0xAD, 0x9C, 0xCD,
    0x5A, 0xCE, 0xB7, 0x0E, 0x6A, 0xCE, 0xF2, 0x61, 0xC1, 0x6E, 0x26, 0x88, 0xE7, 0xF0, 0x54, 0x3A,
    0xBF, 0x93, 0x0E, 0x3A, 0xEA, 0xD0, 0x57, 0x07, 0xDA, 0x3F, 0xC2, 0x4A, 0x41, 0xEF, 0xD6, 0x29,
    0x76, 0x94, 0x16, 0x96, 0xBA, 0x83, 0xA1, 0xA6, 0x29, 0xEA, 0x20, 0x7E, 0x67, 0x43, 0x82, 0xE1,
    0xB2, 0x1B, 0x0A, 0xC3, 0x3E, 0xC0, 0xD7, 0x5B, 0xF4, 0x92, 0x8B, 0xF4, 0x3E, 0x90, 0xDE, 0xEC,
    0x22, 0xBD, 0x90, 0xEE, 0x43, 0x26, 0x72, 0xC3, 0x91, 0x81, 0xB5, 0x43, 0x89, 0x74, 0x6C, 0x49,
    0x74, 0x3B, 0xDD, 0x37, 0xEB, 0x63, 0x60, 0x30, 0xB3, 0xCC, 0x1E, 0x31, 0x96, 0x4C, 0x77, 0xBA,
    0x9D, 0xAE, 0x52, 0xB4, 0x7A, 0x82, 0x81, 0x2B, 0x4A, 0x25, 0x65, 0x2C, 0xE5, 0x81, 0x94, 0x8F,
    0x77, 0xED, 0xB9, 0x9B, 0x76, 0x47, 0x1D, 0x97, 0x57, 0x3B, 0x5E, 0x2A, 0xBF, 0x1D, 0xCA, 0x55,
    0xB4, 0xB7, 0xA8, 0xFC, 0xD8, 0xF2, 0xDE, 0x7E, 0x8A, 0x25, 0x79, 0x09, 0x3C, 0x11, 0xFF, 0x3F,
    0x73, 0xB8, 0x60, 0x84, 0x87, 0x70, 0xE0, 0x58, 0x18, 0x12, 0xB7, 0x6E, 0x4B, 0xE8, 0x42, 0x5D,
    0x63, 0x7A, 0xC2, 0x86, 0x8D, 0xFD, 0x6B, 0xD4, 0x47, 0x6D, 0xA2, 0x8D, 0xFE, 0xF5, 0x96, 0xED,
    0xB5, 0x8E, 0x9E, 0x53, 0x77, 0xBA, 0x96, 0x86, 0xD0, 0xE1, 0x16, 0x00, 0x0D, 0x68, 0x65, 0xFE,
    0x7A, 0x0E, 0x7B, 0xD1, 0x03, 0x8E, 0x01, 0x19, 0x40, 0xE5, 0x00, 0x3D, 0x87, 0x47, 0x9C, 0x43,
    0x5C, 0x98, 0x93, 0x0E, 0xF0, 0x1A, 0x90, 0x01, 0x12, 0x80, 0x02, 0x60, 0xC1, 0x46, 0x76, 0xBF,
    0x60, 0xCA, 0xB9, 0x62, 0x83, 0x0A, 0xE9, 0xAA, 0x06, 0x6A, 0x30, 0xBF, 0xEB, 0x17, 0x92, 0xF6,
    0x92, 0x75, 0x92, 0x5C, 0x55, 0xF6, 0xC6, 0xC3, 0xEA, 0x5A, 0x5B, 0xA2, 0xB0, 0xAF, 0x23, 0x38,
    0x19, 0xDA, 0xA7, 0x76, 0x22, 0xBE, 0xB4, 0x21, 0x12, 0x46, 0x43, 0x8E, 0x5B, 0x17, 0xC4, 0xEC,
    0x51, 0x5F, 0x4A, 0x9A, 0xE0, 0x8F, 0xDA, 0xFF, 0x67, 0x2E, 0xC6, 0x25, 0x26, 0x23, 0xB8, 0x5C,
    0xC5, 0xA0, 0xD9, 0xCA, 0x52, 0x94, 0x55, 0x73, 0x5A, 0x21, 0xDA, 0xAA, 0x8A, 0x05, 0x2C, 0x5D,
    0x36, 0x6C, 0x09, 0x5E, 0x0B, 0x25, 0x88, 0x95, 0xCC, 0xAB, 0x9A, 0x44, 0x57, 0x79, 0x58, 0x23,
    0x6B, 0x6B, 0x5F, 0x03, 0x4A, 0xF1, 0x47, 0x81, 0x9B, 0x8B, 0xDC, 0x1D, 0x65, 0x38, 0x36, 0xAB,
    0x99, 0xDD, 0x8C, 0xD1, 0xB9, 0xDD, 0x12, 0x85, 0x99, 0xAB, 0x20, 0x41, 0x8B, 0xF0, 0xA0, 0x10,
    0x87, 0xB6, 0xAE, 0x64, 0x99, 0x33, 0x3C, 0x86, 0x7B, 0xE8, 0xC2, 0x9E, 0xE1, 0x31, 0x32, 0xBD,
    0x5C, 0x12, 0x1B, 0xF6, 0x6A, 0x46, 0xC1, 0x4C, 0xF2, 0x98, 0xF5, 0xC1, 0x4C, 0xAF, 0x50, 0xE4,
    0x5E, 0x64, 0x03, 0x4A, 0x72, 0xDB, 0x2C, 0xEC, 0xEE, 0xF5, 0x8E, 0x94, 0x25, 0x1A, 0x98, 0xB9,
    0x85, 0xF5, 0xCB, 0x43, 0xE0, 0x1A, 0x41, 0xA5, 0x09, 0xB4, 0x92, 0xA1, 0x9D, 0x0B, 0x80, 0x49,
    0xFD, 0x1C, 0x86, 0x3D, 0x9A, 0x1C, 0xDA, 0xB3, 0x75, 0x3D, 0x9B, 0x78, 0x85, 0x67, 0x89, 0xD7,
    0x42, 0x3E, 0xA1, 0x0C, 0xC5, 0xA1, 0x04, 0x35, 0x9C, 0xBC, 0x4D, 0xBC, 0x8A, 0xDB, 0xCB, 0xE1,
    0x7F, 0x0F, 0x42, 0xD1, 0x5B, 0xCC, 0xFA, 0x58, 0x7D, 0x1A, 0x11, 0x44, 0xA1, 0xA3, 0x83, 0x03,
    0xA8, 0x10, 0x8E, 0xE0, 0xE5, 0xA9, 0x4B, 0xF3, 0x6F, 0x23, 0xC2, 0x4F, 0x10, 0x98, 0x1B, 0x6B,
    0x90, 0xF1, 0x11, 0x2C, 0x99, 0x2E, 0x89, 0xAA, 0x6D, 0x06, 0x04, 0x47, 0x5A, 0xBA, 0x15, 0x34,
    0xEC, 0x88, 0x0E, 0xFB, 0x0C, 0xC3, 0x36, 0xC4, 0xF0, 0x51, 0x9E, 0x39, 0xCE, 0x55, 0x95, 0xA1,
    0xC1, 0xD0, 0x7C, 0x20, 0x36, 0x90, 0x1E, 0x3A, 0xE2, 0xE6, 0x1F, 0x3E, 0x3C, 0x53, 0x47, 0x08,
    0x32, 0x4D, 0x97, 0x99, 0x3A, 0xA9, 0xDF, 0x2C, 0xC2, 0x16, 0xFC, 0x21, 0xF3, 0x00, 0xA7, 0x8D,
    0x1C, 0x91, 0x67, 0xAC, 0x5B, 0xD6, 0x5D, 0x9C, 0x61, 0x4D, 0x4B, 0xA0, 0xEC, 0x06, 0x41, 0x42,
    0x9D, 0xE8, 0x37, 0x4B, 0xF9, 0x8D, 0xA5, 0xD0, 0x83, 0x1A, 0xCF, 0x02, 0xB8, 0x97, 0x78, 0x30,
    0xEC, 0x64, 0x9C, 0x6D, 0x52, 0x21, 0xDA, 0x81, 0xC4, 0xA5, 0x67, 0x63, 0x96, 0xD5, 0xDA, 0xCE,
    0x57, 0xC7, 0x02, 0xA5, 0xB7, 0xC0, 0xFB, 0x0E, 0xD0, 0xC2, 0x6B, 0xA1, 0x1E, 0xD6, 0x9A, 0x7B,
    0xC7, 0x81, 0xE2, 0xE8, 0x70, 0xC1, 0x7B, 0xDD, 0x65, 0x06, 0x3C, 0x87, 0x71, 0xC0, 0x42, 0x5C,
    0x0C, 0x21, 0xDA, 0x95, 0x65, 0x6F, 0x3C, 0x6C, 0x18, 0xF0, 0x21, 0x23, 0xBD, 0x0F, 0xEB, 0x90,
    0xD4, 0xD0, 0x62, 0xD6, 0x70, 0xA2, 0x65, 0xD6, 0x58, 0x5C, 0x55, 0xCE, 0x42, 0xA8, 0xD4, 0x86,
    0x13, 0xB0, 0xDD, 0x0C, 0x4E, 0x83, 0xF7, 0x39, 0x43, 0xD5, 0xBD, 0xEA, 0x6B, 0x12, 0xC9, 0xC1,
    0x43, 0x86, 0xA9, 0x61, 0xE7, 0x0E, 0x86, 0x46, 0xE8, 0xCB, 0xA6, 0xA5, 0xCC, 0xB8, 0xE3, 0x75,
    0x83, 0xF3, 0xC1, 0x6E, 0x48, 0x67, 0xCF, 0x1F, 0x30, 0x9B, 0xB7, 0x43, 0x6C, 0x77, 0xEA, 0x59,
    0xCD, 0x3C, 0x17, 0xEE, 0xB1, 0x23, 0x99, 0xCF, 0x9D, 0x27, 0x42, 0x30, 0x68, 0x89, 0x84, 0xCD,
    0xAF, 0xF0, 0xFD, 0x69, 0x3E, 0xD3, 0x33, 0xCC, 0xB9, 0x07, 0x34, 0x62, 0xB0, 0xC5, 0xA1, 0x3D,
    0x87, 0x49, 0xAD, 0xFC, 0x3C, 0xEF, 0x7A, 0x9E, 0x99, 0xF6, 0xA9, 0xBC, 0x70, 0x53, 0x79, 0x96,
    0x33, 0xFB, 0x61, 0x62, 0xCE, 0x83, 0x38, 0x30, 0x5A, 0x9E, 0xFA, 0x1D, 0x16, 0x61, 0x0C, 0xDA,
    0x09, 0x3A, 0x7B, 0xD5, 0x60, 0xFC, 0x4F, 0xF7, 0xCF, 0x17, 0xBA, 0x5E, 0x32, 0x5B, 0x08, 0xBF,
    0xD1, 0xCA, 0xAF, 0x47, 0xF1, 0xB5, 0x37, 0x1E, 0x02, 0x54, 0xF1, 0x51, 0x25, 0xA8, 0x5D, 0x00,
    0x0D, 0x4F, 0x3E, 0x42, 0x3B, 0x8F, 0xEC, 0x64, 0x54, 0xF0, 0x15, 0x12, 0xF4, 0x4E, 0x49, 0xAF,
    0x78, 0xDC, 0x51, 0xEC, 0x5D, 0x59, 0xCA, 0xAB, 0xA1, 0x26, 0xEE, 0x4A, 0x2E, 0x87, 0x1D, 0x9B,
    0xDD, 0xD9, 0xCC, 0x60, 0x7D, 0x1C, 0xB2, 0x6E, 0x79, 0x9F, 0xC8, 0x6E, 0x19, 0x31, 0x29, 0x71,
    0xE7, 0x8A, 0x09, 0xA7, 0x72, 0xDC, 0xB8, 0xE3, 0x8D, 0x55, 0x99, 0x99, 0x1A, 0x65, 0xFD, 0xC9,
    0x7A, 0xC1, 0xC2, 0x86, 0xD4, 0x81, 0xA9, 0x61, 0xD0, 0x18, 0x9A, 0x45, 0x0C, 0xD4, 0xA0, 0x4F,
    0x7F, 0xC1, 0x13, 0x62, 0x71, 0x9B, 0x39, 0x36, 0xE4, 0x75, 0x49, 0xC1, 0xDD, 0xC9, 0x82, 0x29,
    0x10, 0x6A, 0xF5, 0xAD, 0x56, 0x27, 0xB9, 0x3A, 0x19, 0xC7, 0xF8, 0x38, 0xAE, 0x8C, 0xCD, 0xD4,
    0x88, 0xAE, 0xAF, 0xFC, 0x11, 0x45, 0x6E, 0xB3, 0xB7, 0xAE, 0xC8, 0xE5, 0x23, 0x7B, 0x76, 0x13,
    0xBC, 0xDD, 0x8C, 0x61, 0x30, 0x47, 0xDB, 0xDD, 0xC1, 0xB7, 0x40, 0xF3, 0x96, 0x62, 0x46, 0x26,
    0x75, 0xA2, 0x95, 0x75, 0x63, 0x30, 0x6F, 0x4D, 0xAB, 0xE6, 0xAD, 0xCA, 0x9A, 0xFB, 0xF6, 0xA8,
    0xBA, 0x93, 0xF4, 0x23, 0xA5, 0x97, 0x37, 0x4F, 0xFD, 0x65, 0x66, 0x96, 0xD1, 0x32, 0xBD, 0xEC,
    0x50, 0x69, 0x5F, 0x4C, 0x29, 0xD3, 0x28, 0x73, 0x7E, 0x92, 0x3D, 0x82, 0xA9, 0x1A, 0x53, 0x8C,
    0x07, 0x71, 0xB3, 0xE6, 0x4E, 0x18, 0xBB, 0x2F, 0x8D, 0xFA, 0x1C, 0xDE, 0x5A, 0x7B, 0x66, 0x34,
    0x6F, 0xF6, 0xE8, 0xB4, 0x62, 0xD6, 0x01, 0xDB, 0xD2, 0x1C, 0xDA, 0xCF, 0xBE, 0xFA, 0x77, 0xDB,
    0x27, 0xDF, 0xDD, 0x9A, 0x2F, 0x5A, 0x5F, 0x53, 0x44, 0xDF, 0xE8, 0xC8, 0xD7, 0xC0, 0xF8, 0xCE,
    0x8D, 0xA0, 0xDD, 0x59, 0x8B, 0x63, 0x17, 0x99, 0xB5, 0xF3, 0xBD, 0xAB, 0x4C, 0xA6, 0x53, 0x39,
    0x3A, 0x42, 0xBC, 0xE7, 0xFD, 0x9D, 0x59, 0xD1, 0x28, 0x95, 0xED, 0x8D, 0x87, 0xFB, 0xC3, 0xBF,
    0x26, 0x26, 0xC3, 0xDF, 0x2F, 0x10, 0xA6, 0xA1, 0xAB, 0x9D, 0x00, 0xFC, 0x08, 0x18, 0x82, 0xB9,
    0x42, 0xC4, 0xB7, 0x4C, 0x5D, 0xD6, 0x29, 0x87, 0xAB, 0x23, 0x27, 0x1E, 0x1D, 0xD4, 0x2E, 0x39,
    0x1A, 0x0C, 0x9C, 0x4C, 0xE2, 0xCD, 0xBC, 0x20, 0x65, 0x0C, 0x91, 0x65, 0xDC, 0xA0, 0x4B, 0x13,
    0x51, 0x9D, 0x1C, 0xC7, 0xB9, 0x2A, 0xB9, 0xAF, 0x81, 0x08, 0xA3, 0x57, 0xFA, 0x60, 0xC2, 0xBF,
    0x96, 0x4C, 0x0F, 0xBC, 0x79, 0x58, 0x4F, 0x62, 0xFE, 0xB9, 0x64, 0xA2, 0x82, 0x36, 0x68, 0x5F,
    0xAA, 0xA0, 0x41, 0x96, 0xA9, 0x9E, 0xD5, 0xDE, 0xBC, 0x8D, 0xFE, 0xA4, 0xA5, 0x6B, 0x83, 0x77,
    0x5A, 0x96, 0x4D, 0xF0, 0xAE, 0x90, 0xAA, 0x0E, 0x60, 0xA2, 0x66, 0xDA, 0x37, 0xF6, 0xA8, 0xCC,
    0x58, 0x3F, 0xB4, 0x1C, 0xF6, 0xA9, 0x7C, 0x2E, 0xCB, 0xF0, 0x6F, 0xE4, 0x28, 0x82, 0x3F, 0x7A,
    0xBC, 0x3A, 0xFC, 0xEA, 0x3C, 0x66, 0xB3, 0x7E, 0xEF, 0xB5, 0x47, 0xC1, 0xC2, 0x6F, 0xA7, 0xC1,
    0x0F, 0x41, 0x93, 0x86, 0xEF, 0x83, 0x3A, 0x89, 0x4E, 0x42, 0x1D, 0xAB, 0x2F, 0xBF, 0xD0, 0xEA,
    0xCB, 0xE8, 0xA4, 0x50, 0xBF, 0x0F, 0xDF, 0xE5, 0xD1, 0x0F, 0x74, 0xE8, 0xBD, 0x75, 0x88, 0x90,
    0x3F, 0xE8, 0x11, 0x3C, 0xF9, 0xDC, 0x81, 0x72, 0x26, 0xDC, 0xCA, 0x3A, 0xDD, 0x48, 0x1F, 0x32,
    0x16, 0x98, 0x91, 0x63, 0xEE, 0xA5, 0x31, 0x72, 0x62, 0xEC, 0xD4, 0xD3, 0x13, 0x1E, 0x33, 0xE0,
    0x4B, 0x98, 0xD3, 0xAA, 0xC5, 0xEA, 0x5F, 0x42, 0xC1, 0x18, 0x8B, 0x6E, 0xDB, 0x83, 0xD0, 0x04,
    0x3F, 0x4E, 0x5F, 0xCA, 0xF0, 0x7F, 0x0F, 0x44, 0xB4, 0x3E, 0x42, 0xEF, 0xA0, 0x89, 0x69, 0xEF,
    0x0B, 0x9E, 0xD2, 0xC3, 0xE3, 0xD4, 0x89, 0x9D, 0x02, 0x10, 0xD2, 0xED, 0xC8, 0x95, 0x73, 0x37,
    0xE8, 0xC9, 0x70, 0x5C, 0xA1, 0xF4, 0xEA, 0x24, 0xC3, 0x3A, 0x70, 0xFE, 0xDF, 0x47, 0xD1, 0x5C,
    0xA4, 0x71, 0xBE, 0x8E, 0x36, 0xAF, 0x3B, 0x94, 0xED, 0x92, 0x80, 0x11, 0xD9, 0x46, 0x4F, 0x70,
    0xBA, 0x8E, 0x86, 0x40, 0x64, 0xE6, 0x0E, 0xC5, 0x48, 0x9C, 0x99, 0xC4, 0x15, 0x8F, 0x9E, 0x5A,
    0xBF, 0x64, 0x7A, 0xC2, 0xC5, 0x80, 0xD1, 0xBE, 0xE8, 0xD9, 0x08, 0x6D, 0xE0, 0xF8, 0x12, 0xEA,
    0xC0, 0xA3, 0x1F, 0xA0, 0x74, 0x2E, 0x05, 0x1A, 0xEA, 0xA8, 0x95, 0xAE, 0xF4, 0xF6, 0xC9, 0xF9,
    0x7E, 0x78, 0x3B, 0xDB, 0x55, 0x93, 0x91, 0x8C, 0xF1, 0xAC, 0x89, 0x67, 0x4E, 0x4A, 0xEF, 0x9D,
    0x29, 0x05, 0xFB, 0xF9, 0xAC, 0x08, 0xDE, 0x09, 0x32, 0x08, 0x77, 0x00, 0x39, 0x82, 0xAF, 0xAA,
    0xF6, 0x4D, 0xCD, 0x3D, 0x6A, 0xCD, 0x52, 0xD9, 0x12, 0xEE, 0x50, 0xFE, 0x0F, 0xCD, 0x5A, 0x3B,
    0x8F, 0xDC, 0xD6, 0x15, 0x3E, 0x24, 0x9D, 0x25, 0x20, 0x02, 0xBE, 0xEA, 0x52, 0x08, 0x30, 0x5D,
    0xA4, 0x10, 0x02, 0xAF, 0xD8, 0x2A, 0xC0, 0xCC, 0x90, 0x91, 0x7E, 0x80, 0xFE, 0x42, 0x8A, 0x54,
    0x69, 0xD2, 0xA4, 0x50, 0x00, 0xEE, 0x0E, 0x1D, 0x15, 0x2A, 0x52, 0x58, 0xF9, 0x07, 0x29, 0x52,
    0xA5, 0x52, 0xB1, 0x40, 0x52, 0x8C, 0x96, 0xB4, 0x5C, 0xB8, 0x0C, 0x91, 0xFC, 0x00, 0x11, 0xB6,
    0x7A, 0x33, 0x01, 0x01, 0x51, 0x16, 0x67, 0x6E, 0xBE, 0xEF, 0x5C, 0xCE, 0xEC, 0xEC, 0x5A, 0xAB,
    0xEC, 0xDB, 0xE1, 0xF2, 0x9E, 0xBB, 0xCB, 0xC7, 0x3D, 0x8F, 0x7B, 0xDE, 0x5C, 0x11, 0x91, 0xE7,
    0xA2, 0x20, 0x59, 0xFD, 0xBA, 0xF5, 0xAC, 0xB5, 0x6D, 0xD4, 0x87, 0xB6, 0x8E, 0x2B, 0x29, 0x25,
    0x15, 0x9C, 0xFB, 0x22, 0xA6, 0x58, 0x00, 0x54, 0x83, 0x48, 0x74, 0x12, 0xE8, 0x0D, 0x7D, 0x84,
    0x0F, 0x67, 0xFA, 0x1A, 0x16, 0x18, 0x04, 0x4B, 0xB5, 0x82, 0x45, 0x33, 0x19, 0x51, 0x3C, 0xF7,
    0x6C, 0xD7, 0x46, 0xB8, 0x1A, 0xD7, 0x65, 0x9D, 0x4A, 0x9C, 0xED, 0xE1, 0xCD, 0x85, 0x2E, 0x71,
    0x34, 0x78, 0x8D, 0xF7, 0xF0, 0x8C, 0x44, 0x96, 0xAB, 0x34, 0x7C, 0x5F, 0x5A, 0x05, 0xBD, 0xF8,
    0x1D, 0x81, 0x55, 0x50, 0x01, 0xB4, 0x72, 0x06, 0x30, 0x6C, 0xC0, 0x42, 0x82, 0x16, 0x0C, 0x85,
    0x8D, 0xA4, 0xCF, 0x92, 0x4A, 0x8C, 0xB5, 0x02, 0x14, 0xBD, 0xA2, 0x98, 0x70, 0xF4, 0x92, 0x72,
    0x0C, 0x18, 0xC0, 0x31, 0x93, 0xD3, 0xC6, 0x80, 0x55, 0xE6, 0xFE, 0x4A, 0x52, 0xBB, 0x92, 0x68,
    0x35, 0x13, 0xB7, 0x42, 0xEC, 0x66, 0x93, 0xBB, 0x39, 0x6C, 0xE5, 0xE4, 0x51, 0xDA, 0xD7, 0x78,
    0xC7, 0xAE, 0x4A, 0x6B, 0x33, 0xCE, 0x0B, 0xF9, 0x2D, 0x19, 0x1C, 0x40, 0x18, 0xA8, 0x08, 0x3A,
    0x88, 0x93, 0x62, 0xAD, 0x31, 0xBF, 0x80, 0xF4, 0x28, 0x77, 0x2C, 0x3E, 0x07, 0xE1, 0xDC, 0x8C,
    0xC1, 0xCD, 0x41, 0xEB, 0x66, 0x53, 0xBB, 0x39, 0x29, 0x44, 0x9F, 0x9B, 0x8B, 0xE8, 0x7B, 0x83,
    0xCE, 0x03, 0x1E, 0x23, 0xC3, 0x3D, 0x1E, 0x13, 0xE2, 0xC1, 0x63, 0x32, 0xE2, 0xB5, 0x23, 0x1D,
    0x96, 0x34, 0x05, 0xD5, 0x63, 0xA5, 0xCD, 0x6B, 0x5A, 0xA5, 0x4F, 0xFE, 0x56, 0xEB, 0x73, 0x92,
    0x16, 0xFA, 0x9E, 0x24, 0x6E, 0x1D, 0x3E, 0xC3, 0x75, 0x13, 0xDC, 0x23, 0x9E, 0x71, 0x9E, 0x91,
    0x04, 0x47, 0xDF, 0xC2, 0xCD, 0x7E, 0xE7, 0xE6, 0x70, 0xA4, 0xCF, 0x8C, 0xF4, 0xA5, 0xEF, 0xA7,
    0x2F, 0xAA, 0x1C, 0x7D, 0x71, 0xB6, 0xA1, 0x2F, 0x1B, 0xE9, 0x53, 0xE5, 0x79, 0x6C, 0x28, 0xD3,
    0x62, 0xB2, 0xAB, 0x93, 0x0A, 0xD7, 0x14, 0x51, 0xAB, 0x53, 0xD0, 0xE8, 0x44, 0xEA, 0xED, 0x17,
    0x4F, 0xA0, 0x5C, 0xD8, 0x52, 0x4E, 0x49, 0x55, 0x16, 0xD8, 0x66, 0x95, 0x8D, 0x29, 0x72, 0x3E,
    0x42, 0x22, 0x31, 0x0D, 0x3A, 0xA9, 0x2E, 0x60, 0x95, 0x5A, 0x27, 0x60, 0xE6, 0x23, 0xFB, 0x4E,
    0x98, 0x3D, 0x05, 0x5F, 0x3E, 0x01, 0x02, 0x2C, 0xF6, 0x14, 0x8B, 0x61, 0x69, 0x4E, 0xA0, 0x39,
    0xAC, 0xAF, 0x10, 0x80, 0xD7, 0xB0, 0x52, 0x20, 0xB4, 0x24, 0x32, 0x42, 0xC0, 0x6D, 0x0A, 0xB8,
    0x31, 0x4E, 0xE2, 0x86, 0x32, 0x3E, 0x02, 0x2A, 0x3A, 0x05, 0x27, 0x6E, 0x9C, 0x1D, 0x00, 0xE5,
    0x08, 0x74, 0xF9, 0x35, 0x48, 0x88, 0x72, 0xE5, 0xF0, 0xF6, 0x13, 0xFD, 0x91, 0xCD, 0x6F, 0xEF,
    0xFD, 0x81, 0xC9, 0xE4, 0x32, 0x98, 0xCE, 0xC0, 0x58, 0xA5, 0x4B, 0x21, 0x71, 0x80, 0x8A, 0xA0,
    0x05, 0x78, 0xD1, 0x01, 0x2C, 0x06, 0x82, 0x3D, 0x82, 0x94, 0xC0, 0x64, 0x04, 0x15, 0x40, 0xD0,
    0x00, 0xF8, 0x2D, 0x80, 0xF4, 0x04, 0x2F, 0x08, 0x52, 0x82, 0x84, 0xC0, 0x10, 0x84, 0x5D, 0x4A,
    0x66, 0x67, 0x6B, 0xE0, 0x0D, 0xA4, 0x93, 0x62, 0x49, 0x6A, 0x5E, 0xCB, 0x89, 0x37, 0x27, 0xDE,
    0x9C, 0x78, 0x85, 0x78, 0x85, 0x78, 0x73, 0xE2, 0xCD, 0x89, 0x37, 0x27, 0xDE, 0x9C, 0x78, 0x73,
    0xE2, 0xCD, 0x89, 0x37, 0x27, 0xDE, 0x9C, 0x78, 0x73, 0xE2, 0xCD, 0x89, 0x37, 0x27, 0xDE, 0x9C,
    0x78, 0x73, 0xE2, 0x55, 0x0B, 0xCE, 0x37, 0xE2, 0x26, 0x5E, 0xD3, 0x11, 0xD4, 0xC7, 0x64, 0xA6,
    0x60, 0x3C, 0xFA, 0xB2, 0x31, 0x99, 0xB5, 0x3D, 0xC0, 0xE7, 0x83, 0xC9, 0x96, 0x32, 0x33, 0xD9,
    0x20, 0xA9, 0xC9, 0x7A, 0x49, 0xCE, 0x0E, 0x4E, 0xDD, 0x12, 0x99, 0x98, 0xB5, 0x6B, 0x09, 0x8E,
    0xFB, 0x15, 0xFD, 0x33, 0xA2, 0x54, 0x0C, 0xE9, 0x8C, 0xA7, 0x7C, 0x93, 0xAF, 0x4E, 0xE9, 0x8F,
    0x72, 0x5A, 0x87, 0xDA, 0x58, 0x1B, 0xD4, 0xF0, 0x81, 0xB0, 0x98, 0xA0, 0xF1, 0x5A, 0x09, 0x41,
    0x2A, 0x15, 0x7C, 0x20, 0xAA, 0x09, 0x51, 0xCD, 0x28, 0xE3, 0x44, 0xF6, 0xD6, 0x8A, 0x52, 0x85,
    0x45, 0x2B, 0xC1, 0x4B, 0x70, 0xFC, 0x06, 0x6F, 0x97, 0xEB, 0x8D, 0x80, 0xEA, 0xDA, 0x5A, 0x12,
    0xBC, 0xBD, 0xEB, 0xBD, 0x18, 0x89, 0x8C, 0xE1, 0x8E, 0xAD, 0xC4, 0x18, 0x08, 0x01, 0x90, 0x5B,
    0x0C, 0xB1, 0x25, 0x18, 0xA9, 0xA4, 0x0F, 0x2C, 0x9E, 0xFD, 0x4E, 0xC2, 0x55, 0x2C, 0xBB, 0x86,
    0xF4, 0x07, 0xDD, 0x48, 0x37, 0x6C, 0xF0, 0x02, 0x27, 0xC4, 0xB0, 0xFB, 0x89, 0x98, 0x09, 0x36,
    0x69, 0x14, 0x84, 0x72, 0x74, 0xA6, 0x53, 0x76, 0x23, 0x8A, 0x6A, 0x6F, 0x63, 0x5C, 0x9B, 0x83,
    0x71, 0x4A, 0x23, 0x56, 0xC8, 0xD8, 0x05, 0x3B, 0x9C, 0x83, 0x13, 0x49, 0xB2, 0x94, 0x72, 0xA0,
    0x44, 0x18, 0xE8, 0x34, 0xDA, 0x1D, 0x59, 0x70, 0xE4, 0x6E, 0xA4, 0x23, 0x48, 0x32, 0x7D, 0x2D,
    0xEC, 0x77, 0xB6, 0x83, 0x5F, 0x50, 0x1D, 0xA8, 0x63, 0x55, 0x19, 0xC2, 0xA1, 0xAA, 0xB8, 0xD4,
    0x5D, 0x35, 0x1A, 0xE0, 0x92, 0x9A, 0x61, 0x36, 0xC9, 0x72, 0x0D, 0xB2, 0xC7, 0x83, 0x61, 0xAE,
    0x51, 0x35, 0xC9, 0xE0, 0xCC, 0x8E, 0x82, 0x61, 0x0B, 0x67, 0xBD, 0x87, 0xF5, 0xE2, 0x6A, 0x43,
    0x3C, 0xEE, 0xB4, 0x67, 0x1F, 0xBE, 0x0E, 0x46, 0xC2, 0x19, 0x3C, 0x64, 0x52, 0x27, 0x15, 0xC3,
    0x20, 0xA3, 0xA0, 0xF1, 0xEB, 0xF0, 0x49, 0x15, 0xBC, 0x12, 0x59, 0x8D, 0x7A, 0x8F, 0x50, 0xF7,
    0x81, 0x73, 0x90, 0xC3, 0x7D, 0x7F, 0x85, 0x10, 0x88, 0x08, 0xE8, 0x83, 0x3E, 0x0E, 0xB7, 0xB1,
    0xC3, 0x66, 0x5C, 0x39, 0x8D, 0xB6, 0x31, 0x63, 0x4E, 0x20, 0xE6, 0x49, 0xE3, 0xCE, 0xD1, 0x00,
    0xCF, 0x4C, 0x2C, 0xBC, 0x86, 0xAA, 0x8D, 0xFF, 0xEE, 0xFA, 0x08, 0x15, 0xB8, 0xF5, 0x18, 0xE4,
    0xD6, 0xE6, 0x09, 0xCF, 0xF3, 0x92, 0xE8, 0x35, 0xD8, 0xE7, 0xDF, 0x37, 0x2A, 0xD3, 0xEB, 0x22,
    0x31, 0x7A, 0x58, 0xF9, 0xAF, 0x32, 0x4A, 0xF4, 0x2B, 0x9E, 0xE7, 0x96, 0x62, 0xE7, 0xB2, 0xA6,
    0x6B, 0x25, 0xB1, 0xA2, 0xCD, 0x9B, 0x77, 0x17, 0x94, 0x62, 0x04, 0x4F, 0x95, 0x82, 0xBC, 0x5F,
    0x78, 0x74, 0x5F, 0x4C, 0x30, 0x18, 0x62, 0xC3, 0x0A, 0x99, 0x0F, 0x23, 0xEF, 0xDA, 0xCA, 0xAA,
    0x19, 0xEE, 0x21, 0xE6, 0x63, 0xBB, 0x68, 0x65, 0x40, 0x93, 0x32, 0xF5, 0x48, 0xED, 0xDA, 0xBD,
    0xCF, 0xE2, 0x63, 0xE0, 0x06, 0x7C, 0x6F, 0x04, 0x07, 0xC2, 0xB1, 0x3E, 0xA2, 0x97, 0xED, 0x66,
    0xAC, 0x8F, 0x8B, 0xFA, 0xE1, 0x93, 0xDC, 0x29, 0x13, 0x47, 0xE0, 0xA6, 0xB9, 0x9B, 0x6D, 0x8D,
    0xCB, 0x72, 0x36, 0xFA, 0xA0, 0xB5, 0x27, 0x3A, 0x71, 0x60, 0x09, 0x2C, 0x1A, 0x28, 0x0C, 0xFF,
    0xA5, 0xA9, 0xA3, 0xAA, 0xBD, 0x79, 0x48, 0x98, 0x68, 0x32, 0x39, 0x53, 0xB8, 0x08, 0xE8, 0xC1,
    0x7B, 0x42, 0x8F, 0x8C, 0x81, 0x33, 0x85, 0x96, 0xBE, 0x27, 0x52, 0x68, 0x32, 0x5E, 0x49, 0x34,
    0xAE, 0xCC, 0x14, 0xE6, 0xBC, 0x3F, 0x0C, 0x0A, 0x3F, 0x4C, 0x08, 0xF8, 0x43, 0x1A, 0x93, 0xD8,
    0x25, 0x52, 0xDC, 0x5D, 0xAF, 0xEC, 0xE8, 0xCC, 0x93, 0x8A, 0xE2, 0x8E, 0x33, 0xAF, 0x25, 0xA7,
    0xD2, 0x82, 0x57, 0x6B, 0x3B, 0x70, 0x0B, 0x48, 0x7E, 0xE9, 0x92, 0x93, 0x8C, 0x30, 0x65, 0x28,
    0xF9, 0xE5, 0x9B, 0xCE, 0x6B, 0x13, 0xDB, 0x80, 0xC2, 0x70, 0x85, 0xA5, 0x32, 0xB9, 0x63, 0x9F,
    0x31, 0xF0, 0x2C, 0x25, 0x7C, 0x0B, 0x75, 0x87, 0xA2, 0x1B, 0x66, 0xDC, 0xBE, 0x93, 0xEB, 0xDE,
    0x56, 0xEA, 0x68, 0x98, 0xB7, 0x2B, 0x00, 0x13, 0xBA, 0x29, 0x30, 0x3B, 0xDB, 0x32, 0x90, 0x31,
    0x86, 0x99, 0x2C, 0x7C, 0x2B, 0x65, 0x86, 0xA5, 0x10, 0x06, 0xEE, 0x60, 0x27, 0x7C, 0xFB, 0x45,
    0x81, 0xFD, 0x2C, 0x60, 0x21, 0xC5, 0x0C, 0xF9, 0xA9, 0x8B, 0x55, 0xC7, 0x07, 0xAF, 0xF1, 0x1E,
    0x9F, 0xE1, 0xB3, 0xE3, 0x3B, 0x3D, 0x53, 0xEA, 0x8F, 0xBD, 0x15, 0xD0, 0xF5, 0xB2, 0x43, 0xCB,
    0x32, 0x21, 0xB4, 0x26, 0x7C, 0xB5, 0xCE, 0xE6, 0x8E, 0x8E, 0x4B, 0x91, 0x0F, 0x70, 0x2A, 0xF9,
    0x51, 0x86, 0x34, 0xE6, 0xAB, 0x4A, 0xBC, 0x37, 0xC0, 0xCC, 0xC4, 0x7A, 0xBA, 0xD6, 0x86, 0x8B,
    0xB1, 0xE5, 0x92, 0xB3, 0x44, 0x3E, 0x96, 0x43, 0x75, 0x18, 0x3B, 0xD0, 0x86, 0xE0, 0xCB, 0x06,
    0xEB, 0x57, 0x2C, 0xD5, 0x36, 0x07, 0x9C, 0x0B, 0x7C, 0x5A, 0x02, 0x27, 0x73, 0x08, 0x7D, 0xEA,
    0x65, 0x61, 0x1A, 0x59, 0x20, 0xAB, 0x58, 0x2C, 0x91, 0x4D, 0xC1, 0x77, 0x96, 0x8D, 0x9B, 0xF9,
    0xF7, 0x82, 0xB5, 0x16, 0xEF, 0xF3, 0x39, 0x84, 0x5F, 0x6C, 0x32, 0xF1, 0x37, 0xAC, 0x8F, 0x98,
    0xF8, 0x31, 0xEF, 0x5B, 0x1B, 0xA7, 0x53, 0xC7, 0x93, 0xC3, 0xEB, 0x83, 0x26, 0x82, 0x92, 0x26,
    0x50, 0xCB, 0xA5, 0x04, 0xDF, 0x22, 0x3B, 0xFA, 0xAE, 0xD2, 0x42, 0x22, 0xB0, 0x98, 0xBF, 0x85,
    0x0C, 0x1A, 0xA8, 0x26, 0x4A, 0xA2, 0xA0, 0x31, 0x15, 0xD4, 0x99, 0x6A, 0x3D, 0x5C, 0x5F, 0xE2,
    0x23, 0x5E, 0xAD, 0xB5, 0xE5, 0x06, 0x30, 0x8F, 0xF5, 0x96, 0x97, 0xC8, 0x7C, 0x3E, 0xC3, 0x02,
    0xF7, 0x59, 0x0F, 0x62, 0xCC, 0xD5, 0x60, 0xE8, 0xC4, 0x8A, 0x11, 0x9C, 0x38, 0x6E, 0x9E, 0xAF,
    0xC0, 0x76, 0x3A, 0xB6, 0x8F, 0x2B, 0xE5, 0xB5, 0x45, 0xAC, 0x9D, 0xB6, 0x63, 0x95, 0xE8, 0x0E,
    0x94, 0xC8, 0x4D, 0xEA, 0xBC, 0x51, 0xA5, 0x15, 0x38, 0xBB, 0x06, 0x5E, 0xEF, 0x74, 0x85, 0x97,
    0x62, 0x10, 0x16, 0x63, 0xFF, 0xE5, 0x0E, 0x2E, 0x78, 0x24, 0xAE, 0xFF, 0x14, 0x63, 0x82, 0x1A,
    0x3D, 0x7D, 0x76, 0x87, 0xD5, 0x72, 0x25, 0xE5, 0x12, 0x99, 0x5F, 0x25, 0xD1, 0xD3, 0x42, 0x82,
    0x7F, 0xE0, 0xA9, 0xD5, 0x58, 0xF0, 0xE0, 0xA0, 0x23, 0xB3, 0xEA, 0xC2, 0x06, 0xB7, 0x26, 0xBD,
    0x7D, 0x3C, 0x9A, 0x50, 0x4F, 0x13, 0xC2, 0x3B, 0x94, 0x8C, 0xCF, 0x67, 0xD2, 0xD1, 0x57, 0xAF,
    0x47, 0x2A, 0xAF, 0xFD, 0x25, 0xDE, 0xEF, 0xE0, 0x9E, 0x0A, 0x99, 0x44, 0x72, 0xCF, 0x25, 0xEE,
    0xFD, 0xB9, 0x13, 0x77, 0x77, 0x86, 0xB5, 0xA0, 0xCC, 0x3B, 0xFC, 0xFF, 0xEB, 0xA2, 0x68, 0xD7,
    0x44, 0xDC, 0x75, 0x67, 0xF9, 0x4A, 0xCF, 0x8F, 0xD8, 0x35, 0x31, 0xCE, 0x22, 0x4E, 0x9F, 0xAE,
    0xBF, 0x5D, 0x32, 0xFA, 0x59, 0xEA, 0x9C, 0x5F, 0xDF, 0x8C, 0xA7, 0x97, 0xA0, 0x76, 0xEC, 0x25,
    0x63, 0x3F, 0xAF, 0xBD, 0x7A, 0x4F, 0xBF, 0x50, 0x96, 0x4E, 0x81, 0xB3, 0x6D, 0x58, 0x52, 0xF3,
    0x47, 0xF8, 0xC3, 0xBB, 0x1B, 0xD8, 0x2B, 0x1C, 0x64, 0x0F, 0xF0, 0xD0, 0x1F, 0xB8, 0xF7, 0x96,
    0x1A, 0x8C, 0xDC, 0x75, 0x11, 0x23, 0x12, 0x94, 0x48, 0x55, 0xBB, 0xB8, 0x2E, 0x8B, 0xB0, 0x39,
    0x84, 0xD2, 0x62, 0xEF, 0x19, 0x15, 0x6A, 0xE7, 0x3E, 0x62, 0xC8, 0x66, 0x5F, 0x16, 0x08, 0xA5,
    0x8B, 0xA8, 0xD1, 0x28, 0x72, 0xB8, 0x1C, 0x23, 0xCB, 0x28, 0xC6, 0xD3, 0x86, 0x4A, 0x9B, 0xEC,
    0x05, 0x47, 0xEE, 0x84, 0xED, 0x14, 0x76, 0x53, 0xD8, 0x4C, 0x61, 0x2F, 0x85, 0xAD, 0x14, 0x76,
    0x52, 0xD8, 0x48, 0x61, 0x1F, 0x85, 0x6D, 0x14, 0x76, 0x51, 0xD8, 0x44, 0x61, 0x0F, 0x85, 0x2D,
    0x14, 0x76, 0x50, 0xD8, 0x40, 0x61, 0xFF, 0x84, 0xED, 0x13, 0x76, 0x4F, 0x28, 0x0F, 0x04, 0xAC,
    0x7B, 0x8A, 0x40, 0xD7, 0xEF, 0x4B, 0x24, 0x2A, 0xBD, 0xFD, 0x7C, 0x58, 0x32, 0x41, 0x4F, 0x7B,
    0x76, 0x71, 0xDE, 0x7F, 0xE2, 0x75, 0x43, 0xBF, 0x35, 0x65, 0x96, 0xD9, 0x8D, 0x6D, 0x0F, 0x54,
    0xFC, 0x63, 0x0E, 0xBA, 0x95, 0x8D, 0x92, 0x81, 0x74, 0x93, 0x8D, 0x2E, 0x4E, 0x66, 0xA3, 0xED,
    0x99, 0xB3, 0x51, 0x6D, 0x45, 0x94, 0x61, 0xE5, 0xDB, 0x57, 0x12, 0xBC, 0x84, 0xAB, 0x29, 0x1A,
    0x9D, 0x7D, 0x3B, 0xF6, 0x3D, 0x2E, 0x95, 0x91, 0x8A, 0xD1, 0x05, 0x5C, 0xD2, 0xD1, 0xFD, 0x88,
    0x19, 0xA9, 0x5A, 0xC7, 0xDA, 0x0B, 0x24, 0x9B, 0x9E, 0xF7, 0xC6, 0x4A, 0xAE, 0x2B, 0x2F, 0x55,
    0x75, 0xF3, 0x5A, 0x39, 0xA6, 0x6A, 0x22, 0x88, 0xC6, 0xAB, 0x87, 0x15, 0x8C, 0xF7, 0x5D, 0x85,
    0x18, 0x6D, 0xB9, 0x0F, 0x08, 0x92, 0xB0, 0x66, 0xD8, 0x77, 0xF0, 0x8A, 0x5F, 0x02, 0x1E, 0x41,
    0xC1, 0xA7, 0xD4, 0xF2, 0x1E, 0xAE, 0x3C, 0x68, 0x10, 0xA3, 0xA3, 0x02, 0x31, 0x3A, 0x61, 0xC1,
    0x06, 0x55, 0xAB, 0x92, 0x96, 0x31, 0xBA, 0x86, 0xC7, 0x36, 0x8C, 0xD1, 0x33, 0x0A, 0xE8, 0x20,
    0x46, 0x8C, 0xBE, 0x2D, 0x6B, 0x61, 0x53, 0x08, 0xD4, 0x09, 0xB3, 0x61, 0xF6, 0x53, 0x99, 0x77,
    0xE4, 0xA4, 0x8E, 0xE0, 0xF5, 0x4C, 0x15, 0xD7, 0xB1, 0xCC, 0x9B, 0x44, 0xFE, 0xD3, 0x26, 0xC1,
    0xCB, 0x36, 0x31, 0x0F, 0xDA, 0x64, 0xEA, 0xB7, 0x31, 0x92, 0x29, 0xD3, 0x44, 0x75, 0xD4, 0xB9,
    0x52, 0x74, 0x32, 0xEF, 0xE5, 0x67, 0xFA, 0x21, 0xE3, 0x80, 0x85, 0x0F, 0x9B, 0x70, 0xF7, 0xC8,
    0xF9, 0xAD, 0x5B, 0x37, 0x53, 0x2F, 0x99, 0x3F, 0x16, 0x9A, 0xC2, 0xFA, 0xDF, 0xB0, 0x03, 0x04,
    0x2C, 0x8F, 0x0F, 0x2E, 0xA7, 0x95, 0x3B, 0xAF, 0x35, 0x47, 0xA2, 0x54, 0xD8, 0x12, 0xBB, 0xED,
    0x5D, 0x3B, 0x0B, 0x52, 0x32, 0x55, 0x60, 0xA6, 0x8C, 0xC7, 0xDD, 0x37, 0xA7, 0xCB, 0x35, 0x13,
    0x77, 0xB1, 0x2A, 0xB6, 0x35, 0x64, 0x66, 0xFF, 0xA7, 0x67, 0x5B, 0x5F, 0x58, 0xAC, 0x8E, 0xF7,
    0xF9, 0xBC, 0x12, 0x81, 0x82, 0xE3, 0x43, 0x7E, 0xB1, 0xD4, 0x38, 0x6A, 0x33, 0xAE, 0x1B, 0xFC,
    0xB3, 0x76, 0xE2, 0x3E, 0x80, 0xB8, 0x27, 0x93, 0x11, 0x01, 0x12, 0x11, 0x30, 0x1A, 0xD7, 0x73,
    0x0D, 0xD2, 0x7B, 0xEA, 0x87, 0xB5, 0x91, 0x3F, 0xB6, 0x14, 0x5C, 0xE3, 0x98, 0xC9, 0x50, 0x5C,
    0xFF, 0xB4, 0x80, 0x68, 0x0A, 0x29, 0xDF, 0x8A, 0xFC, 0x86, 0xC6, 0x5A, 0x0B, 0x9B, 0xAA, 0xDE,
    0xA8, 0xA1, 0x57, 0x45, 0xAB, 0xA4, 0xA0, 0x13, 0x61, 0xC6, 0x6B, 0x73, 0xF1, 0xAB, 0xCF, 0xB6,
    0x3E, 0x37, 0x5D, 0x8C, 0x56, 0xC8, 0x16, 0xA2, 0x0D, 0xBF, 0xAE, 0x8E, 0x04, 0xBB, 0xB8, 0xC8,
    0xB9, 0xC8, 0x65, 0x3A, 0x95, 0x38, 0x96, 0xE8, 0x11, 0xD4, 0xB7, 0x38, 0x57, 0xCA, 0x77, 0xEB,
    0xCF, 0xF3, 0xA1, 0xFB, 0x24, 0xFB, 0x09, 0xED, 0xF7, 0x0C, 0x3F, 0x3D, 0xB5, 0x79, 0x12, 0xCB,
    0xEF, 0x42, 0xD9, 0x54, 0x49, 0x67, 0xED, 0x0A, 0x1F, 0xA8, 0x51, 0x73, 0x7B, 0x63, 0x2A, 0xF9,
    0xCE, 0x4E, 0x76, 0x23, 0x95, 0x44, 0xF4, 0x03, 0xA3, 0x7E, 0x7C, 0xB9, 0xA2, 0xC1, 0xFF, 0x0B,
    0x59, 0xB0, 0x6A, 0xD4, 0xD9, 0xB6, 0x51, 0x5F, 0x5F, 0x31, 0x44, 0x97, 0x8F, 0x3F, 0xFC, 0xE6,
    0xEF, 0x70, 0xEE, 0x93, 0x4B, 0xD7, 0x3D, 0xF7, 0xEF, 0xC2, 0xB1, 0x32, 0x6D, 0x78, 0x94, 0x89,
    0xFF, 0x87, 0x62, 0xCB, 0xA8, 0xF9, 0x49, 0x12, 0x49, 0x8E, 0xA7, 0xA5, 0xF1, 0xE8, 0x10, 0x92,
    0x6C, 0xED, 0x18, 0x16, 0x28, 0xC0, 0x4A, 0x38, 0x91, 0x12, 0xB4, 0x2C, 0x7C, 0xE6, 0xAC, 0xB3,
    0xF1, 0x19, 0xB2, 0x46, 0x7E, 0x98, 0x38, 0x79, 0x3D, 0x6C, 0x18, 0xCB, 0x53, 0xB7, 0x9F, 0x16,
    0x14, 0x3D, 0xFC, 0x54, 0x52, 0xA7, 0xB6, 0x4E, 0x1B, 0x0A, 0x24, 0xD5, 0xA4, 0xE8, 0xB4, 0x53,
    0xFE, 0x4A, 0x67, 0x85, 0xAC, 0xF3, 0x41, 0x23, 0x1F, 0x49, 0x76, 0xA5, 0x74, 0xA1, 0x24, 0xC2,
    0xBE, 0x4D, 0x4D, 0x76, 0x3F, 0x28, 0xD6, 0x5F, 0x93, 0x32, 0x18, 0x36, 0xCC, 0x71, 0xA9, 0xB5,
    0x4C, 0x7F, 0xFA, 0x19, 0xB2, 0x6E, 0xA3, 0x0A, 0x75, 0x88, 0x77, 0x77, 0xEF, 0x5E, 0x7D, 0xC7,
    0x1D, 0x69, 0xF6, 0xD7, 0x15, 0xA5, 0xF5, 0xEF, 0x46, 0x9E, 0xB7, 0xE7, 0x6B, 0x11, 0xFF, 0xBC,
    0x50, 0xC7, 0xE4, 0x37, 0xB9, 0x78, 0xD9, 0x47, 0x57, 0xDB, 0x60, 0x2F, 0x33, 0xF8, 0xD3, 0xF0,
    0xCB, 0x36, 0x5A, 0x47, 0x93, 0x73, 0x74, 0xD7, 0xED, 0x5B, 0x86, 0xAB, 0x02, 0x35, 0x30, 0x4B,
    0x0A, 0x75, 0x82, 0x2C, 0x3C, 0xF8, 0x81, 0x26, 0x46, 0x75, 0x12, 0xA2, 0x38, 0x41, 0x45, 0x91,
    0xB9, 0xCF, 0x2C, 0x51, 0xED, 0x12, 0x89, 0xB0, 0xF9, 0x15, 0x7E, 0xDF, 0xCF, 0xE6, 0xD5, 0x1C,
    0x34, 0xDC, 0xD9, 0xAE, 0xF5, 0xE3, 0xCC, 0xC5, 0xAE, 0xA9, 0xCB, 0x33, 0x42, 0xFB, 0x2C, 0xB5,
    0xED, 0xBE, 0x3C, 0x77, 0x9E, 0x70, 0xCE, 0x5C, 0x47, 0xAB, 0x07, 0x6C, 0xB4, 0x16, 0x72, 0x07,
    0x7E, 0xCF, 0xFF, 0x84, 0xD8, 0xB4, 0x60, 0xA7, 0xEB, 0x32, 0xA2, 0xD5, 0x82, 0x52, 0xAB, 0xCB,
    0x8C, 0x69, 0xA9, 0x5C, 0x25, 0x38, 0x91, 0xA9, 0x68, 0x3E, 0xE8, 0xBE, 0x3E, 0xBB, 0x92, 0x71,
    0x73, 0xCE, 0x6D, 0x8D, 0x73, 0xFB, 0xCA, 0xF6, 0x89, 0xF8, 0x0F, 0x91, 0x40, 0xF8, 0xDA, 0x2A,
    0x77, 0x8D, 0x08, 0x65, 0x01, 0x62, 0x84, 0x2B, 0xC5, 0x9E, 0x87, 0xD8, 0x9F, 0xE4, 0xFB, 0x15,
    0x2A, 0x80, 0x14, 0xA1, 0x8E, 0x49, 0x83, 0xD9, 0x14, 0x53, 0xC2, 0xFF, 0x28, 0x61, 0xEF, 0x2F,
    0x76, 0x5F, 0x37, 0x82, 0xB7, 0x25, 0x6A, 0x3F, 0xBD, 0x5F, 0x8D, 0xC9, 0x1A, 0xB3, 0xCE, 0x4C,
    0x7B, 0x69, 0xEC, 0x2B, 0x20, 0xCD, 0xDB, 0x81, 0x21, 0xA4, 0x90, 0xCE, 0x2C, 0x5B, 0xFB, 0x97,
    0x22, 0xB6, 0xDD, 0x54, 0x16, 0xB7, 0x89, 0xD6, 0x61, 0xEE, 0x48, 0x54, 0x59, 0x87, 0xDF, 0xF7,
    0x3E, 0xAF, 0x38, 0xA3, 0x9D, 0x52, 0xDC, 0x11, 0xB2, 0xFB, 0x02, 0x79, 0xED, 0xF8, 0xF6, 0xBA,
    0x8F, 0xB2, 0xF5, 0x05, 0x8D, 0xB2, 0x3F, 0x6D, 0xB0, 0x80, 0xE3, 0xF8, 0xD0, 0x33, 0xEB, 0x71,
    0xA6, 0x56, 0xDD, 0x37, 0xB6, 0x60, 0xD6, 0x1E, 0xAC, 0xC2, 0x36, 0xE8, 0x90, 0xD1, 0xB7, 0x28,
    0xEA, 0xD9, 0xF9, 0xFB, 0x1F, 0xE3, 0xBF, 0x85, 0x53, 0x31, 0x4F, 0x14, 0x41, 0x14, 0xFE, 0xF6,
    0x56, 0xB9, 0x90, 0x0B, 0xB7, 0x14, 0xD0, 0x09, 0x47, 0x41, 0x01, 0xE6, 0x60, 0x2D, 0x2C, 0x56,
    0xB2, 0x77, 0x3B, 0xD1, 0xDA, 0x84, 0x02, 0x6C, 0x6C, 0xB4, 0xB3, 0xB2, 0xBA, 0x44, 0x8A, 0x85,
    0xDB, 0xCE, 0xC2, 0x86, 0x9F, 0x60, 0x41, 0x61, 0x28, 0x84, 0xC2, 0xC4, 0x0B, 0xAE, 0xD9, 0x49,
    0xF8, 0x03, 0x9B, 0x50, 0x58, 0xD8, 0x8C, 0xFF, 0x60, 0x03, 0x67, 0xDC, 0xE8, 0xDE, 0x3E, 0xDF,
    0xCC, 0x72, 0x78, 0x01, 0x8D, 0xEF, 0xCD, 0xBC, 0x99, 0x79, 0x33, 0xEF, 0xBD, 0x79, 0xDF, 0xBC,
    0xE9, 0xA0, 0x85, 0x86, 0xB4, 0x53, 0x64, 0x80, 0xAD, 0x1A, 0xB2, 0x05, 0x1F, 0x43, 0x00, 0xB5,
    0x0C, 0x76, 0x0E, 0x27, 0xC4, 0xA2, 0x03, 0xBF, 0x21, 0x58, 0xD3, 0x7A, 0x24, 0x83, 0xB3, 0xC8,
    0x23, 0xD1, 0xEB, 0x82, 0x4A, 0x66, 0xA2, 0x54, 0x77, 0xCF, 0x8E, 0x3A, 0x0E, 0x5C, 0x42, 0x3D,
    0x47, 0x1C, 0xC7, 0x40, 0xDE, 0xD5, 0xCC, 0x16, 0x70, 0x25, 0x65, 0x9B, 0xCA, 0x96, 0x0E, 0x1C,
    0x15, 0xE4, 0x03, 0xFF, 0xB8, 0x3D, 0xF0, 0x83, 0xDC, 0x51, 0x8D, 0x37, 0xD2, 0x71, 0xB0, 0xB8,
    0x0E, 0xDF, 0xC7, 0xCE, 0x07, 0xF8, 0xF5, 0x88, 0xA3, 0x34, 0x76, 0x75, 0x44, 0x8E, 0xCB, 0xE4,
    0x69, 0x3A, 0x6E, 0x8F, 0x99, 0x8F, 0xAD, 0x2F, 0x82, 0x4D, 0xEA, 0xAF, 0x23, 0xFB, 0x54, 0xF2,
    0x99, 0xAA, 0x4D, 0x86, 0x6E, 0xE4, 0x7A, 0xC2, 0x4B, 0xCF, 0x16, 0xCD, 0x8E, 0x5F, 0x60, 0x34,
    0x1A, 0x2D, 0x84, 0x9C, 0x0A, 0x8F, 0xC7, 0xE1, 0x1A, 0xBA, 0x7E, 0x38, 0xE8, 0x75, 0xAE, 0xB2,
    0xFD, 0x93, 0xEB, 0x74, 0xF3, 0x7D, 0xD9, 0x6C, 0xEE, 0xAB, 0xBC, 0x54, 0x6A, 0x7E, 0xAB, 0x5F,
    0xDC, 0x8D, 0x59, 0xAD, 0xD9, 0xB3, 0x52, 0xA8, 0xE7, 0xAA, 0x9F, 0xBA, 0x51, 0x3B, 0xCE, 0xB2,
    0xB8, 0x6D, 0x47, 0x76, 0x14, 0xE4, 0xFD, 0xA2, 0x9F, 0xF7, 0x73, 0x3D, 0x9F, 0x46, 0x13, 0x47,
    0x11, 0xA9, 0x26, 0x8F, 0x00, 0x5B, 0xBE, 0xC3, 0x2A, 0xBA, 0xCC, 0x1D, 0x84, 0x54, 0x50, 0x36,
    0x87, 0xB7, 0xEC, 0x7F, 0x88, 0x1C, 0x05, 0xFA, 0x23, 0xB7, 0xC4, 0xD6, 0x5C, 0x1C, 0xBF, 0xC8,
    0x3B, 0x9A, 0x5D, 0x91, 0xC8, 0xF3, 0xF4, 0x3C, 0x4D, 0xA4, 0x2B, 0x5A, 0xC2, 0x65, 0x13, 0x1F,
    0x75, 0x61, 0x4B, 0x5B, 0x92, 0x24, 0xD1, 0x86, 0x87, 0x01, 0xFA, 0xD2, 0x95, 0x06, 0x89, 0xA4,
    0x48, 0x0A, 0x8D, 0xC3, 0xEC, 0xAD, 0x9E, 0xE7, 0xFB, 0x9F, 0x77, 0x5C, 0xCA, 0xA6, 0x1E, 0x46,
    0xD7, 0x60, 0xBB, 0xF6, 0x62, 0x93, 0xD8, 0xD4, 0x0D, 0x36, 0xAC, 0x5C, 0xAE, 0x89, 0x7F, 0x3D,
    0xE3, 0xB8, 0xE3, 0x92, 0xC6, 0xEB, 0xA9, 0x7D, 0x20, 0x29, 0x6B, 0xB2, 0x4C, 0x48, 0x46, 0x53,
    0x25, 0x0E, 0x0F, 0x28, 0x3F, 0x3C, 0x38, 0x64, 0xE2, 0x5D, 0xD2, 0x23, 0x1F, 0x7E, 0xC6, 0x5D,
    0x17, 0x90, 0x04, 0x1C, 0xAE, 0x95, 0x75, 0x5E, 0xEE, 0x00, 0xD6, 0x58, 0xC5, 0xCB, 0x0E, 0xF7,
    0xC1, 0x4D, 0xD5, 0x7D, 0x5C, 0x23, 0xDE, 0x83, 0xAD, 0x2F, 0xE1, 0x44, 0xA8, 0x1C, 0x81, 0x4B,
    0xCA, 0xD8, 0x19, 0x43, 0xE3, 0xDF, 0x98, 0x32, 0xAC, 0xA8, 0xCA, 0xA5, 0xAE, 0xF5, 0x2D, 0xAD,
    0xF2, 0xB5, 0xD0, 0xE5, 0x6B, 0x2B, 0x16, 0x0D, 0xED, 0xC2, 0xD5, 0xAA, 0x50, 0x8B, 0x25, 0x2D,
    0x7A, 0xE1, 0xDA, 0x5A, 0xD8, 0xD3, 0x60, 0x9E, 0xC4, 0x49, 0x01, 0x1C, 0xEE, 0x93, 0xD2, 0xF4,
    0x53, 0x91, 0x72, 0xBE, 0xAA, 0x80, 0x86, 0x5E, 0xE8, 0x2D, 0x2D, 0xAF, 0x2C, 0x45, 0x49, 0x1A,
    0x44, 0x81, 0xFC, 0x98, 0xCE, 0x0A, 0x0B, 0xAE, 0xF0, 0xD8, 0xB7, 0xC3, 0x41, 0xBA, 0x13, 0xD0,
    0x5C, 0x87, 0xEA, 0x6F, 0xD5, 0x35, 0x09, 0xF7, 0x55, 0x49, 0x06, 0x26, 0xA9, 0x4C, 0x27, 0x6A,
    0xEE, 0x88, 0xA2, 0x7B, 0xD9, 0xB2, 0x2C, 0xCB, 0x67, 0x93, 0x11, 0x95, 0xDF, 0x5F, 0x66, 0x26,
    0x79, 0x52, 0xDB, 0x42, 0x4B, 0xFE, 0x67, 0x9E, 0x1F, 0x56, 0xAC, 0xEF, 0xFC, 0x44, 0x59, 0x86,
    0x6F, 0x3F, 0x10, 0xEE, 0x85, 0xDC, 0xA0, 0xE8, 0x15, 0xA1, 0xC6, 0xE7, 0xE7, 0x0C, 0x08, 0x2B,
    0x70, 0x4F, 0x65, 0x97, 0xC4, 0xBD, 0x55, 0xF0, 0xDF, 0x35, 0xDF, 0x17, 0xAD, 0x33, 0x19, 0x50,
    0xB4, 0x93, 0xC0, 0xFD, 0xA2, 0x27, 0xBD, 0x3D, 0x58, 0x96, 0x70, 0xAC, 0xB4, 0xBB, 0x3D, 0x0C,
    0x28, 0x5F, 0x40, 0x56, 0xAF, 0xC9, 0x69, 0x04, 0x11, 0xA5, 0x8F, 0xC5, 0x0C, 0x16, 0x76, 0xF9,
    0x2A, 0x9D, 0xE9, 0xAB, 0x5F, 0xB5, 0x71, 0x21, 0xAA, 0x1A, 0xAB, 0x68, 0x12, 0x1E, 0x15, 0x2F,
    0xCC, 0xB4, 0xF3, 0xB7, 0xE6, 0xEF, 0x23, 0x20, 0x71, 0xF2, 0x43, 0x66, 0xDF, 0xE4, 0xA7, 0x5F,
    0xD2, 0x4D, 0xC4, 0xF8, 0x89, 0xEF, 0x04, 0x9C, 0x67, 0xAD, 0x68, 0x95, 0xC2, 0x4A, 0x86, 0x56,
    0x42, 0x54, 0x0A, 0x4C, 0x11, 0xED, 0xFF, 0x67, 0x77, 0x7E, 0x9B, 0x69, 0x2B, 0xD0, 0x95, 0x56,
    0xDC, 0x94, 0xD8, 0x02, 0x36, 0x5B, 0xA4, 0x6A, 0xD9, 0xDE, 0x53, 0x3A, 0x4A, 0x87, 0xFA, 0xAA,
    0x15, 0x19, 0xE3, 0xCA, 0x51, 0xE5, 0xB4, 0x0A, 0x50, 0x05, 0x33, 0x27, 0x0C, 0x24, 0xC8, 0x4C,
    0x80, 0xC1, 0xA5, 0x3B, 0x4D, 0xC7, 0x46, 0xA6, 0xBF, 0x01, 0xCD, 0x5C, 0x3D, 0x8C, 0xE5, 0xD6,
    0x75, 0x3E, 0x24, 0xBD, 0x4B, 0xD9, 0x84, 0x4C, 0x17, 0x52, 0x52, 0xAC, 0x63, 0x6E, 0xE1, 0x22,
    0x08, 0xA4, 0xA5, 0x0B, 0x01, 0xB1, 0x81, 0x99, 0x47, 0x3A, 0x2A, 0x5C, 0xB8, 0xB0, 0x0A, 0x8D,
    0x8B, 0xB8, 0xB0, 0x0B, 0x37, 0x41, 0x80, 0x6C, 0x0A, 0x15, 0x5B, 0xBC, 0x37, 0x8F, 0xB2, 0x0A,
    0x17, 0x2E, 0xB4, 0x45, 0x82, 0x94, 0xDE, 0x22, 0x85, 0x21, 0x15, 0xAB, 0x62, 0x91, 0x0C, 0x10,
    0xCE, 0x3E, 0xDA, 0x5B, 0xB8, 0x30, 0x10, 0x31, 0x76, 0x80, 0x14, 0x29, 0xC4, 0xC0, 0x0E, 0x9C,
    0x48, 0x01, 0xC4, 0xD8, 0xB4, 0x75, 0x77, 0x97, 0xEF, 0x31, 0xDF, 0x77, 0x2E, 0xF9, 0xFE, 0x76,
    0x66, 0x76, 0x66, 0x34, 0xE3, 0xF8, 0x0D, 0xCF, 0x21, 0xDF, 0xE3, 0x25, 0x79, 0xEE, 0xBD, 0xE7,
    0x9E, 0x7F, 0x8E, 0x8C, 0x45, 0x24, 0x06, 0x04, 0x99, 0x0C, 0x9F, 0x59, 0xD7, 0x29, 0xE4, 0x38,
    0xDE, 0x86, 0x59, 0xB7, 0x50, 0x38, 0xEA, 0xDC, 0xAA, 0x4D, 0x97, 0x12, 0x82, 0x07, 0xB5, 0x0C,
    0xB0, 0xFE, 0xB9, 0xA8, 0xFB, 0x27, 0x5D, 0xD7, 0x8A, 0x22, 0x09, 0x0B, 0x39, 0x06, 0xA1, 0x1D,
    0x51, 0x89, 0xAF, 0x7E, 0x0D, 0xE4, 0x18, 0x9E, 0x50, 0xD4, 0x1E, 0x8F, 0xF0, 0x31, 0x03, 0xF2,
    0x49, 0xFD, 0xAC, 0x22, 0x4A, 0xC5, 0x2F, 0x24, 0x12, 0xD9, 0x59, 0xF5, 0x04, 0x5B, 0xAE, 0x64,
    0x9D, 0x7E, 0x93, 0xA8, 0xCB, 0x9C, 0xAE, 0x33, 0xFE, 0x43, 0xB7, 0xC5, 0xD3, 0x5E, 0x48, 0x44,
    0x9E, 0x19, 0xE1, 0xE7, 0xC9, 0xAA, 0x7F, 0x05, 0x21, 0xEF, 0x7F, 0xE3, 0x39, 0xB6, 0x61, 0x5B,
    0x5E, 0xC3, 0x6B, 0xED, 0x3D, 0x1E, 0xB2, 0x6B, 0x59, 0x72, 0xFB, 0x5A, 0xCA, 0x36, 0xE3, 0xBE,
    0x7D, 0x92, 0xF1, 0x11, 0xB7, 0xC5, 0xEF, 0xE6, 0x22, 0xD7, 0xD0, 0x7F, 0x89, 0x30, 0x14, 0x41,
    0x29, 0xE2, 0xA1, 0x17, 0x7E, 0xF5, 0x2D, 0x1C, 0xEF, 0xA7, 0xD3, 0x62, 0x8A, 0x39, 0xB8, 0xD6,
    0x35, 0x92, 0x3F, 0xF1, 0x31, 0xBB, 0xFC, 0xB3, 0x7D, 0x0C, 0x8A, 0xA7, 0xFF, 0x81, 0xEC, 0xA7,
    0xFF, 0xB5, 0x62, 0xBC, 0x66, 0x5A, 0x4F, 0x33, 0x74, 0x70, 0x6E, 0x47, 0x4F, 0x77, 0xB9, 0xEC,
    0x3E, 0x7D, 0x97, 0x74, 0x20, 0x9D, 0xB3, 0xDD, 0x72, 0xB7, 0x2B, 0x33, 0xCE, 0xCD, 0xAE, 0xC4,
    0xA9, 0xEE, 0xA2, 0xCC, 0x69, 0xB0, 0x0B, 0x33, 0xAF, 0xD6, 0x6F, 0x7E, 0xA5, 0xE7, 0xE2, 0x42,
    0x5B, 0x76, 0xA2, 0xD7, 0x35, 0xA2, 0x77, 0xC9, 0x39, 0x87, 0xA7, 0xC2, 0x98, 0x03, 0x50, 0x48,
    0xCC, 0xB9, 0xF0, 0x8B, 0xA8, 0x22, 0xF6, 0x6A, 0x62, 0xB7, 0x21, 0x76, 0x9A, 0xD5, 0xB1, 0xFD,
    0x5D, 0xDB, 0xD8, 0xF6, 0xB8, 0xF6, 0x12, 0x39, 0xD4, 0xE5, 0x54, 0xE2, 0xFA, 0x68, 0xB5, 0xAE,
    0x72, 0xF1, 0x4C, 0x2E, 0x21, 0x28, 0x48, 0xB2, 0x5C, 0xB0, 0x86, 0x3C, 0x23, 0x79, 0x88, 0x1E,
    0x83, 0x21, 0xF2, 0x8E, 0xFD, 0x29, 0x64, 0xF6, 0xCB, 0x4A, 0x66, 0xDF, 0xA9, 0xE5, 0x3E, 0x6E,
    0x91, 0xCB, 0x3E, 0x20, 0x4E, 0x71, 0x0D, 0xE8, 0xF5, 0x70, 0x1D, 0x7B, 0xA2, 0x27, 0x44, 0x6E,
    0x70, 0xEA, 0xD3, 0xB5, 0x7B, 0xFB, 0x38, 0x17, 0x02, 0x62, 0x40, 0x02, 0x38, 0x04, 0x98, 0x26,
    0x77, 0xEB, 0x26, 0xF7, 0xAA, 0x26, 0x0F, 0x0B, 0x40, 0xDA, 0xE4, 0x89, 0x34, 0xF9, 0x04, 0x80,
    0xF1, 0x3E, 0x6C, 0xA4, 0x99, 0xD5, 0x80, 0x02, 0x90, 0x01, 0x04, 0x73, 0x50, 0xBF, 0x28, 0xC2,
    0xF1, 0x88, 0x37, 0x65, 0x02, 0xF8, 0xD6, 0x24, 0xE2, 0xD6, 0xB1, 0x78, 0x75, 0x98, 0xF9, 0x65,
    0x58, 0x60, 0x34, 0x2A, 0x4E, 0x68, 0x2C, 0x4E, 0x03, 0xEE, 0x6E, 0xB9, 0x76, 0x70, 0x5D, 0xC2,
    0x69, 0xC4, 0xB5, 0x51, 0x65, 0xC7, 0x2F, 0xCC, 0x74, 0x71, 0x84, 0x0B, 0x80, 0xD1, 0xF5, 0xD3,
    0x7C, 0x1C, 0xC0, 0x6C, 0x2B, 0xE8, 0x7D, 0xD7, 0xC1, 0x23, 0xBD, 0x01, 0xE5, 0x41, 0x48, 0xF1,
    0x10, 0x91, 0x2F, 0x63, 0x0A, 0xCE, 0x5D, 0xCE, 0xC0, 0x98, 0x4D, 0x0C, 0x16, 0x82, 0xD4, 0x5E,
    0x89, 0x6E, 0x60, 0xA1, 0x79, 0x95, 0x53, 0x93, 0x15, 0x0C, 0x27, 0x17, 0x93, 0x96, 0x42, 0x6A,
    0xC4, 0x5C, 0xCC, 0x23, 0x0A, 0x5C, 0xF4, 0x37, 0xC4, 0xC0, 0xA3, 0x0B, 0x27, 0x4B, 0xC3, 0xA6,
    0x3F, 0x37, 0x2D, 0xEC, 0x2C, 0x05, 0x25, 0x66, 0xA2, 0xB4, 0x7B, 0x7E, 0x9F, 0xF6, 0xD7, 0x9B,
    0xBE, 0x2D, 0x25, 0xE7, 0x94, 0x33, 0x9A, 0xAD, 0x60, 0xDA, 0x9F, 0x9F, 0x0F, 0xE7, 0x4E, 0xB8,
    0x4F, 0x73, 0x5E, 0x99, 0xA6, 0x8B, 0x59, 0x51, 0xCE, 0xCE, 0x29, 0x6A, 0x8F, 0x43, 0x66, 0x40,
    0x58, 0xB6, 0x13, 0x0C, 0x17, 0x90, 0xA7, 0xA8, 0x02, 0x82, 0xB0, 0x9A, 0x08, 0x17, 0x5D, 0xA9,
    0x08, 0xF3, 0xED, 0x6D, 0xA3, 0x8B, 0xD2, 0x20, 0x71, 0x06, 0x7A, 0x82, 0x2A, 0x2C, 0xB1, 0x8B,
    0x33, 0xAF, 0xC1, 0x6E, 0x2A, 0x32, 0x97, 0xD6, 0x21, 0xA7, 0x49, 0x4B, 0xD1, 0x1F, 0x16, 0x14,
    0xD2, 0xA0, 0xAF, 0x05, 0x9B, 0x89, 0xD7, 0xB6, 0x1D, 0x75, 0x42, 0xC7, 0x55, 0x2B, 0xE1, 0xF7,
    0xBB, 0xF7, 0x70, 0x2E, 0xF1, 0xBB, 0x97, 0xC1, 0x8E, 0x13, 0x67, 0x8E, 0xFE, 0xE0, 0x1E, 0xFC,
    0x43, 0xA7, 0x5A, 0x4C, 0xB5, 0xAF, 0xB7, 0x1E, 0xD6, 0x6D, 0xCC, 0xB3, 0x5E, 0xB5, 0x2F, 0xDA,
    0xC0, 0x85, 0x34, 0x8A, 0x41, 0x69, 0x82, 0x59, 0xF9, 0x22, 0xCE, 0x5E, 0x17, 0x32, 0x10, 0x1F,
    0x36, 0x4D, 0x1D, 0xFC, 0xEE, 0x74, 0x64, 0xB7, 0x69, 0x2F, 0x28, 0x7C, 0xCA, 0xEF, 0xF2, 0x15,
    0xEC, 0x5F, 0xC3, 0x77, 0xC8, 0xEF, 0x8C, 0xD7, 0xBA, 0x56, 0xA2, 0x5D, 0xC8, 0xDA, 0x74, 0x4B,
    0xE8, 0x35, 0x3E, 0x73, 0x5A, 0x6D, 0xAC, 0xCD, 0x8B, 0xBA, 0xFF, 0x85, 0xC9, 0xA7, 0x99, 0x8A,
    0xE5, 0xB9, 0x6A, 0x87, 0x6D, 0x68, 0xD7, 0xC0, 0x58, 0xA0, 0x6E, 0xC0, 0x74, 0xEC, 0x52, 0x2B,
    0x50, 0x25, 0xE0, 0x51, 0xBB, 0x98, 0xA7, 0x5D, 0xA8, 0xF3, 0xA4, 0x00, 0x81, 0x8A, 0x66, 0xC5,
    0xFD, 0x4A, 0x1E, 0x17, 0x87, 0xB5, 0xF3, 0x51, 0x91, 0x37, 0xDE, 0x2F, 0x8B, 0x3C, 0xF7, 0x7E,
    0x5C, 0xE4, 0x3B, 0xC1, 0x77, 0x8B, 0x7C, 0x14, 0x7E, 0xA5, 0xC8, 0xA3, 0xC8, 0x2F, 0xF2, 0x70,
    0x1F, 0x28, 0x68, 0x81, 0x3C, 0x43, 0xD4, 0xF8, 0xD4, 0xD2, 0x47, 0xA1, 0xA7, 0x4A, 0x98, 0xD3,
    0x48, 0x23, 0x89, 0x17, 0x29, 0xD8, 0xA0, 0x83, 0x20, 0x31, 0xBE, 0x0A, 0xFE, 0xA9, 0x24, 0x29,
    0x86, 0x84, 0x12, 0xAF, 0xA0, 0x0C, 0xE1, 0xA3, 0x02, 0x7D, 0x68, 0x39, 0xA0, 0xC0, 0x9E, 0x48,
    0x7A, 0x14, 0xA7, 0x7A, 0x99, 0x6F, 0xAE, 0xB6, 0xF6, 0x56, 0x7A, 0xD3, 0xB3, 0x50, 0x71, 0x72,
    0x6F, 0x4A, 0xDC, 0x0B, 0x73, 0xE5, 0x70, 0xC5, 0x25, 0x9C, 0xAF, 0x7E, 0xCE, 0x62, 0xFB, 0xDD,
    0x59, 0xE8, 0x79, 0xB6, 0x3B, 0x69, 0x45, 0x1E, 0x65, 0x13, 0x25, 0x6B, 0x36, 0xD1, 0x3A, 0x4C,
    0xAC, 0x3D, 0x74, 0xA4, 0x4D, 0x94, 0x74, 0xD6, 0x30, 0xC4, 0xEA, 0x74, 0x29, 0xB1, 0x2F, 0x0E,
    0x5D, 0x94, 0x86, 0xEA, 0xFB, 0x4B, 0x14, 0x77, 0xBF, 0xC0, 0x02, 0x06, 0xAD, 0xA1, 0xC9, 0x6F,
    0x56, 0x71, 0x96, 0x7B, 0x35, 0x47, 0xCC, 0x4C, 0x68, 0x2D, 0xA9, 0xD1, 0xA4, 0x48, 0xBF, 0x8E,
    0x80, 0x0C, 0xC6, 0x15, 0x0F, 0xAF, 0xF2, 0xA8, 0xD2, 0xCB, 0xF4, 0x06, 0xAB, 0xFB, 0xE1, 0x41,
    0x23, 0x9A, 0x79, 0x10, 0x31, 0xB5, 0x0B, 0x22, 0x0C, 0xCD, 0xBD, 0x43, 0x92, 0x90, 0x50, 0x51,
    0x91, 0x00, 0xF1, 0xA9, 0xBC, 0x54, 0x97, 0xF9, 0xAA, 0xCB, 0x68, 0x81, 0x25, 0x1C, 0x4C, 0x6D,
    0x67, 0x20, 0x64, 0xBC, 0x1A, 0xA7, 0x03, 0xCA, 0xAB, 0x28, 0x43, 0xA7, 0x13, 0xD1, 0x59, 0x05,
    0x2F, 0x5E, 0x20, 0xA2, 0x4D, 0x95, 0x29, 0x12, 0x3B, 0x3E, 0x1B, 0x88, 0xA6, 0xCF, 0x36, 0xB4,
    0x3D, 0x4C, 0xC1, 0xCD, 0x98, 0xDE, 0x22, 0x00, 0xF4, 0xC3, 0x7B, 0x2C, 0x50, 0xFB, 0xD1, 0x42,
    0xBB, 0x2C, 0xAC, 0x96, 0x61, 0x8F, 0xED, 0x2F, 0xF2, 0x3B, 0xDB, 0xE9, 0x53, 0x55, 0x89, 0x59,
    0x4D, 0xC4, 0x81, 0x3B, 0x7A, 0x37, 0xE5, 0x20, 0x4F, 0x8F, 0x1E, 0xE9, 0x25, 0xEA, 0x16, 0x6A,
    0x88, 0x56, 0xF8, 0xEA, 0xAB, 0xED, 0xD3, 0x2E, 0x51, 0xBE, 0xF1, 0x95, 0x67, 0xB5, 0x5D, 0xB7,
    0xA0, 0xF9, 0x42, 0xA1, 0x7C, 0x12, 0x82, 0x41, 0x41, 0xD4, 0xF1, 0xEB, 0xF4, 0x01, 0x50, 0x48,
    0x14, 0xFC, 0x8C, 0x56, 0xF2, 0xCF, 0x86, 0x23, 0xFD, 0x0D, 0x67, 0xB5, 0x9D, 0x5E, 0x71, 0xB2,
    0xEE, 0x3E, 0xAD, 0x4D, 0xD4, 0xC8, 0x55, 0x50, 0x9A, 0xA0, 0x6F, 0x0B, 0x78, 0x3B, 0x60, 0xEA,
    0x2A, 0xB3, 0xAC, 0x4F, 0xCE, 0xE7, 0x3A, 0x68, 0xA1, 0xC6, 0x15, 0x86, 0xEF, 0x3C, 0xC7, 0x36,
    0x6C, 0xCB, 0x6B, 0x78, 0xED, 0x55, 0xD5, 0xB0, 0xCE, 0xCC, 0x70, 0x24, 0x30, 0xD6, 0x90, 0x6A,
    0xB7, 0x63, 0x3C, 0x69, 0x8E, 0x76, 0x58, 0xAB, 0xE2, 0xB4, 0x39, 0x6F, 0x0A, 0x4C, 0x13, 0x40,
    0xF1, 0x88, 0xD2, 0x6E, 0xC0, 0xF6, 0x97, 0xE1, 0xAC, 0xB6, 0xB4, 0x57, 0xD9, 0x3B, 0xF4, 0x77,
    0xB3, 0x77, 0xE6, 0x53, 0x40, 0x78, 0x0D, 0x9A, 0xB0, 0xCC, 0x21, 0x6B, 0x32, 0xB7, 0xA6, 0xCC,
    0x51, 0xB9, 0x83, 0x63, 0xAC, 0xFB, 0x3A, 0xA0, 0x0C, 0x27, 0xC4, 0xB4, 0x9B, 0x68, 0x66, 0xC0,
    0x92, 0xA8, 0x69, 0x72, 0xBA, 0x75, 0x58, 0xA0, 0x5D, 0x6A, 0xDB, 0xFB, 0x78, 0x7A, 0x0C, 0xA1,
    0xF8, 0xA2, 0x73, 0xD8, 0xBB, 0xF8, 0x11, 0x85, 0x0D, 0x84, 0x64, 0x07, 0x1D, 0x12, 0xC1, 0x5B,
    0x8C, 0x64, 0x90, 0xD2, 0xC9, 0x9F, 0x75, 0x68, 0xFB, 0xA1, 0xF8, 0x8B, 0xDE, 0x9D, 0x88, 0x3B,
    0xF1, 0xD0, 0x2E, 0x7C, 0x48, 0xFD, 0x21, 0xEA, 0x84, 0x8D, 0x31, 0x0E, 0x2A, 0xC9, 0xCB, 0x19,
    0x7C, 0xAA, 0x28, 0x3B, 0xB4, 0x63, 0xAF, 0x9E, 0x91, 0x85, 0xA0, 0xD8, 0x55, 0x95, 0x13, 0x65,
    0x11, 0xDA, 0x04, 0x1D, 0xF5, 0x4D, 0x05, 0x52, 0x33, 0x50, 0x6B, 0x5C, 0x63, 0x44, 0x37, 0xB7,
    0xC6, 0xD2, 0xC5, 0x8A, 0x31, 0x4E, 0x6B, 0x64, 0x0C, 0x23, 0x10, 0x07, 0xF8, 0xDA, 0x75, 0xB7,
    0xD1, 0x8C, 0x2D, 0x75, 0x7E, 0x4E, 0xDE, 0x84, 0xEE, 0x12, 0xA1, 0xF1, 0x2C, 0xD4, 0x16, 0x1C,
    0x00, 0x46, 0xA2, 0xF4, 0x08, 0x95, 0x57, 0xC2, 0x2B, 0x2B, 0x23, 0x00, 0xD6, 0x48, 0x4B, 0xC0,
    0xE8, 0xEF, 0x0C, 0x40, 0x97, 0xDE, 0x07, 0x8D, 0x51, 0x09, 0x9D, 0x0A, 0xCE, 0x9E, 0xF4, 0x7D,
    0x59, 0xF7, 0xBE, 0xC7, 0xBD, 0xA6, 0x89, 0xCA, 0x3F, 0xCC, 0x7C, 0x4A, 0xAB, 0x19, 0x3C, 0xEE,
    0x8C, 0x7F, 0x1E, 0x24, 0xFF, 0x48, 0x1C, 0x13, 0x66, 0x60, 0x9A, 0x49, 0xF8, 0x06, 0xE5, 0xFD,
    0xD7, 0xDE, 0xA4, 0xD8, 0x79, 0x6F, 0x46, 0x87, 0x5B, 0xC5, 0xD3, 0x68, 0xF6, 0x11, 0x66, 0x3D,
    0x4F, 0xFE, 0xA5, 0x86, 0x86, 0x60, 0x4B, 0x7B, 0x55, 0x50, 0x84, 0x59, 0x84, 0x95, 0x89, 0xFB,
    0x14, 0x23, 0x3A, 0xAD, 0x65, 0x40, 0x9D, 0x55, 0x7F, 0xC9, 0x6F, 0xB4, 0x77, 0x0D, 0x7C, 0x74,
    0xAF, 0xCB, 0x3C, 0xCC, 0xB1, 0x6B, 0x5D, 0x9A, 0xFC, 0xB5, 0xAB, 0x06, 0x6C, 0x11, 0x75, 0xA9,
    0x91, 0xA9, 0x81, 0x8D, 0xE6, 0x76, 0xC6, 0xFB, 0xD0, 0x04, 0xEF, 0x99, 0x30, 0x32, 0xA3, 0xC8,
    0x8C, 0x23, 0x63, 0xA2, 0x47, 0x75, 0xF4, 0xB8, 0x84, 0x0A, 0x8C, 0x30, 0xC7, 0x0B, 0x89, 0x02,
    0xA9, 0x83, 0xEF, 0xD4, 0x1E, 0xE8, 0x50, 0xF9, 0x70, 0xFA, 0x0B, 0x0D, 0x3D, 0x75, 0xE8, 0x0F,
    0x03, 0x55, 0x62, 0xE8, 0x60, 0x83, 0x7F, 0x1E, 0x19, 0xEB, 0xB5, 0x75, 0xB0, 0x46, 0x17, 0x10,
    0x05, 0x54, 0x14, 0x06, 0xCC, 0x6C, 0xF4, 0x6F, 0x02, 0x88, 0x29, 0x64, 0x6A, 0x85, 0xB1, 0x63,
    0x21, 0xDF, 0x02, 0x03, 0x68, 0x1C, 0xB0, 0xAA, 0x53, 0x07, 0x70, 0x8E, 0x92, 0xC2, 0xA9, 0x77,
    0xC5, 0xA9, 0xC1, 0x6A, 0xA6, 0x83, 0x3A, 0xEA, 0xB2, 0xD0, 0x3C, 0x2E, 0x42, 0xF3, 0xA8, 0x7A,
    0xD1, 0x98, 0x7A, 0xC7, 0x98, 0xE6, 0x96, 0x31, 0xE3, 0xDA, 0x98, 0x5D, 0x40, 0x54, 0x1A, 0x03,
    0x4D, 0xC0, 0xE9, 0x5F, 0x41, 0x24, 0x47, 0x01, 0x26, 0x5A, 0xE1, 0xB8, 0xF3, 0x64, 0x4A, 0x32,
    0x67, 0x0C, 0x26, 0x4D, 0xC0, 0xDE, 0x63, 0x75, 0x92, 0x82, 0x62, 0x1D, 0xF8, 0x5B, 0xA2, 0x11,
    0x84, 0x75, 0x46, 0x3E, 0xF9, 0xBE, 0xC7, 0xC2, 0x8C, 0xBC, 0x8A, 0xC1, 0x7F, 0x7D, 0x2E, 0x34,
    0xF6, 0xC1, 0x72, 0x2A, 0x4A, 0x4D, 0x0F, 0xAD, 0x42, 0xA4, 0xE7, 0xD8, 0x86, 0x6D, 0x79, 0x8D,
    0xE9, 0x25, 0xD5, 0x3A, 0xC8, 0xAC, 0xF1, 0xBB, 0x79, 0x54, 0x7E, 0x36, 0x11, 0xEB, 0x65, 0xAD,
    0xB6, 0x89, 0xB2, 0x2A, 0x4E, 0x31, 0xF0, 0x30, 0x6B, 0xA6, 0x58, 0x4A, 0x84, 0x27, 0x1C, 0xD9,
    0xA7, 0xC0, 0xAE, 0x8A, 0x1B, 0xAF, 0x8A, 0xB0, 0x14, 0xC8, 0xA0, 0x60, 0xD6, 0xD4, 0x2B, 0x69,
    0xF4, 0x80, 0xDD, 0x6B, 0x2C, 0x08, 0x03, 0x36, 0xC8, 0x7B, 0x13, 0x27, 0xAE, 0x6C, 0x6C, 0x49,
    0xF5, 0x6D, 0x6A, 0xA5, 0xCC, 0xC4, 0x7A, 0xC8, 0x61, 0xB5, 0x61, 0xEA, 0x6C, 0x22, 0x77, 0x9E,
    0xCF, 0xD2, 0x10, 0x7E, 0x66, 0x19, 0xBF, 0xD1, 0x7D, 0x05, 0x77, 0x9E, 0x8B, 0x19, 0x2F, 0xED,
    0x1D, 0xA2, 0xF1, 0x12, 0xE5, 0x7A, 0x42, 0x9B, 0x68, 0x63, 0xBD, 0x4C, 0x6F, 0x70, 0xEC, 0xED,
    0xE3, 0xD4, 0x9A, 0x67, 0x34, 0xA7, 0x9C, 0x06, 0xEC, 0x7B, 0x68, 0x2C, 0xBD, 0xA4, 0x33, 0x86,
    0x50, 0x9E, 0xD6, 0xDA, 0x0F, 0xAF, 0xDE, 0x87, 0xD2, 0x88, 0xD3, 0x28, 0xA3, 0xD8, 0xF2, 0xAA,
    0xB3, 0xCE, 0x6C, 0xA7, 0x12, 0x8B, 0x26, 0xB5, 0x2C, 0x61, 0x47, 0x46, 0xCB, 0x6D, 0x57, 0x46,
    0x49, 0x3A, 0x8A, 0xBA, 0x85, 0x4F, 0xFD, 0x3A, 0xDA, 0xDA, 0x74, 0xED, 0x9C, 0x13, 0x51, 0xEB,
    0x5B, 0x64, 0xE4, 0x62, 0xFE, 0xD4, 0x90, 0xC8, 0x2C, 0x96, 0x65, 0x3C, 0x78, 0xC0, 0x53, 0xDA,
    0x8E, 0x8A, 0x34, 0x1A, 0xB9, 0x8D, 0x34, 0x3A, 0x97, 0xD0, 0xF9, 0x1F, 0xD1, 0x5F, 0x1D, 0x31,
    0x2A, 0xD5, 0xA3, 0x69, 0x7F, 0x82, 0x4D, 0x8C, 0xF6, 0xFA, 0x49, 0x80, 0x24, 0x07, 0x34, 0x23,
    0x68, 0x02, 0x7C, 0x9F, 0x58, 0xC0, 0x31, 0x7F, 0xE3, 0xB9, 0x27, 0x15, 0x80, 0x06, 0x07, 0xAC,
    0x0A, 0x99, 0xAC, 0xA9, 0x90, 0x32, 0xE6, 0xF2, 0x29, 0xFE, 0x3E, 0x80, 0xC0, 0x35, 0xAA, 0xCF,
    0xF3, 0xB0, 0x6B, 0x43, 0x4A, 0xAE, 0xB1, 0x72, 0x86, 0xC1, 0x29, 0x34, 0x88, 0x17, 0x94, 0x87,
    0x10, 0x71, 0x1E, 0x26, 0xC6, 0x04, 0x55, 0x92, 0x19, 0xF2, 0xBA, 0x01, 0x9B, 0x97, 0x86, 0x9C,
    0x80, 0x9F, 0xBD, 0x5A, 0x91, 0x7E, 0x25, 0x2A, 0x0D, 0xD9, 0xC4, 0x84, 0x6C, 0xAC, 0x97, 0x61,
    0x91, 0x51, 0xA1, 0x42, 0x73, 0xC7, 0x59, 0x04, 0xAD, 0x87, 0x0D, 0x07, 0xF8, 0x4A, 0x2D, 0x6B,
    0x22, 0x68, 0x6B, 0xBF, 0x8C, 0x20, 0xE9, 0x63, 0x89, 0x26, 0x10, 0xC7, 0x85, 0x0D, 0xBF, 0x32,
    0x0C, 0xA9, 0xF1, 0xE3, 0x21, 0x70, 0x77, 0x4E, 0x35, 0xE4, 0xD6, 0xED, 0x12, 0x56, 0x91, 0xF5,
    0xF3, 0xDD, 0x8B, 0x71, 0xC4, 0x6D, 0x18, 0xC2, 0x28, 0x1B, 0xBF, 0xFF, 0x18, 0xDF, 0x3F, 0xEC,
    0x0A, 0x7F, 0x1E, 0xD4, 0x3E, 0xE4, 0xB8, 0x0F, 0x85, 0x8B, 0xDF, 0x1B, 0x0B, 0x3C, 0xA6, 0xA3,
    0x04, 0x55, 0xAC, 0xC2, 0x04, 0x2E, 0x3F, 0xD5, 0x97, 0x6B, 0xE3, 0xCE, 0xE8, 0x7F, 0xA8, 0x86,
    0xC4, 0x81, 0xA8, 0xFE, 0x3E, 0xB5, 0xAA, 0x7F, 0x42, 0xE2, 0x41, 0x11, 0x62, 0xCB, 0xB5, 0x2B,
    0x56, 0xE2, 0x05, 0x2A, 0xF1, 0xFC, 0xEE, 0x36, 0x94, 0xE8, 0xBE, 0xBC, 0x63, 0xE5, 0xE1, 0x14,
    0xEE, 0x91, 0xB5, 0xDE, 0xFC, 0x9E, 0x15, 0xEE, 0xB9, 0x58, 0x32, 0xAA, 0x44, 0xAD, 0xFE, 0x58,
    0xFF, 0xEC, 0xC6, 0x62, 0x37, 0xFB, 0xD1, 0xF8, 0xDD, 0x29, 0x37, 0xFE, 0xD9, 0x6B, 0x4E, 0xFE,
    0xF3, 0xCB, 0x59, 0x71, 0x9F, 0x5A, 0x92, 0xAD, 0x2D, 0x1E, 0x7B, 0x2B, 0x9C, 0x6F, 0x60, 0x86,
    0x61, 0x80, 0xA1, 0xBA, 0xE1, 0xC5, 0xC5, 0x18, 0x5F, 0xAF, 0x0A, 0x0A, 0x1A, 0x79, 0x41, 0x11,
    0xE0, 0x5E, 0x51, 0x91, 0x14, 0x3C, 0xBB, 0x2B, 0x6C, 0x69, 0xB8, 0x0A, 0x8F, 0x45, 0xCB, 0x85,
    0x8D, 0xF1, 0x1E, 0xB9, 0x2D, 0x7F, 0xCB, 0x07, 0xC4, 0xAF, 0x09, 0x4F, 0x24, 0x5D, 0xF6, 0x31,
    0xB9, 0x60, 0x03, 0x96, 0x4C, 0x10, 0xF7, 0xDC, 0xDE, 0x47, 0x7B, 0xCF, 0x6B, 0x5B, 0xC4, 0x0C,
    0x6B, 0xE8, 0x4D, 0x6B, 0xCB, 0xC2, 0x67, 0xB0, 0x67, 0x9C, 0xE2, 0x05, 0x5C, 0x36, 0xB6, 0xA1,
    0xAD, 0xD8, 0x86, 0xB6, 0x2E, 0x52, 0xCB, 0x9D, 0x43, 0x6B, 0x28, 0xE8, 0xB8, 0xF4, 0x80, 0xEE,
    0x7A, 0x0D, 0x9C, 0x0E, 0xB1, 0xE1, 0x7D, 0x39, 0x94, 0x58, 0xA3, 0x06, 0x36, 0xCC, 0xA1, 0xEB,
    0x35, 0xDB, 0xD7, 0x40, 0xE0, 0xA1, 0x46, 0x13, 0xF3, 0x63, 0x30, 0xFD, 0x75, 0x1A, 0x95, 0x49,
    0x4A, 0xFB, 0xE5, 0x9F, 0x0A, 0xC8, 0x9E, 0x1F, 0xFE, 0xAA, 0xA2, 0x0D, 0x53, 0xAA, 0x15, 0x93,
    0xA2, 0x2F, 0xB8, 0x3F, 0xBA, 0x9C, 0x62, 0x40, 0x63, 0x2E, 0xD6, 0x44, 0xB4, 0xD7, 0x18, 0x90,
    0x89, 0x45, 0x07, 0x4E, 0x33, 0xA1, 0xAD, 0x06, 0xE4, 0xE2, 0x04, 0xDC, 0x8B, 0xC4, 0x69, 0xBD,
    0x3A, 0x7E, 0xE3, 0xC3, 0xB0, 0x0C, 0xBB, 0x77, 0xBB, 0xC2, 0x5D, 0x78, 0x0B, 0xEB, 0x13, 0xAC,
    0x90, 0x76, 0x48, 0xD1, 0xDA, 0x89, 0x84, 0x23, 0x9E, 0x90, 0x89, 0x77, 0x45, 0x73, 0x31, 0x9A,
    0x97, 0xD1, 0x1C, 0xCD, 0x0A, 0xD9, 0x5C, 0x4D, 0x61, 0xDB, 0xE9, 0x15, 0x47, 0x18, 0x3E, 0xCB,
    0x31, 0xDB, 0x3E, 0x67, 0x1D, 0x01, 0x30, 0x8A, 0xD3, 0xF6, 0xCC, 0x32, 0xD1, 0x63, 0x35, 0xB8,
    0xBA, 0xF2, 0x39, 0x91, 0xB7, 0x52, 0x48, 0x83, 0x48, 0xA3, 0x85, 0xB3, 0xF7, 0xE1, 0x36, 0xBA,
    0xAD, 0x04, 0x69, 0xEE, 0x43, 0x43, 0x40, 0x39, 0x30, 0x01, 0xD3, 0xE3, 0x28, 0xB3, 0x81, 0x61,
    0x8A, 0x44, 0x66, 0x7C, 0xE4, 0x70, 0xFA, 0xB7, 0x7B, 0xB8, 0x96, 0xFE, 0x4F, 0x7F, 0xB6, 0x6F,
    0x19, 0x28, 0x06, 0xF1, 0x2E, 0xCC, 0xDA, 0xB9, 0x44, 0x70, 0xDC, 0xA6, 0xEA, 0x90, 0x06, 0x1A,
    0xB0, 0x95, 0x3D, 0x0A, 0xB9, 0x59, 0x63, 0x20, 0xB7, 0x60, 0xB7, 0x7E, 0x16, 0xCA, 0x43, 0xCC,
    0xC4, 0xC6, 0x87, 0xFA, 0xA5, 0x98, 0x1A, 0xEA, 0x22, 0xB2, 0x19, 0x17, 0x69, 0x9C, 0x7D, 0xC2,
    0x84, 0x8B, 0x39, 0x78, 0x19, 0x1C, 0xF5, 0x3C, 0x1E, 0x77, 0x45, 0x79, 0x34, 0xE1, 0x63, 0x64,
    0x5A, 0xAA, 0xBC, 0xE4, 0xFA, 0x71, 0x1E, 0x35, 0x1A, 0xBC, 0xA1, 0xC0, 0xF7, 0xAB, 0x43, 0xE9,
    0x03, 0x7C, 0x34, 0x53, 0x53, 0xD1, 0x89, 0xD7, 0x0E, 0x54, 0xFA, 0x18, 0x50, 0xF7, 0xE8, 0xEE,
    0x5B, 0x06, 0xCD, 0xA3, 0x14, 0x3D, 0x2E, 0xA3, 0x74, 0x1F, 0x0D, 0xA2, 0x94, 0x56, 0x6D, 0x04,
    0x8B, 0x07, 0xDA, 0x2A, 0x25, 0x37, 0x45, 0xA9, 0x5F, 0xF5, 0x96, 0x13, 0x27, 0xCF, 0xA3, 0xB3,
    0xE0, 0xFF, 0x84, 0x9C, 0xFE, 0x06, 0x7E, 0xA7, 0x8F, 0x09, 0x51, 0x81, 0x6E, 0xDD, 0x7F, 0xAB,
    0xB5, 0xD3, 0xE0, 0xD5, 0xE3, 0x30, 0xF5, 0x8B, 0x31, 0xBD, 0x18, 0x48, 0xAE, 0x98, 0xA6, 0xFE,
    0x2E, 0xD6, 0x64, 0x8B, 0xB1, 0xBE, 0x62, 0x6D, 0xB2, 0xA8, 0xD4, 0x1D, 0xD7, 0x0E, 0x05, 0xB1,
    0xF5, 0x61, 0x5A, 0xAE, 0x28, 0xA8, 0xE5, 0x7D, 0x4D, 0x54, 0x61, 0xF5, 0x31, 0xAE, 0x5C, 0x45,
    0x3A, 0xDA, 0xB0, 0xD5, 0xB8, 0x63, 0xDE, 0xEE, 0x70, 0x4F, 0xAD, 0x56, 0x1D, 0x52, 0xBA, 0xDC,
    0x8B, 0xBB, 0xEF, 0xB7, 0x98, 0xB4, 0x26, 0x2C, 0xF6, 0x39, 0xE6, 0xEC, 0x71, 0x1E, 0xD0, 0xBA,
    0xCB, 0x72, 0x9A, 0x78, 0x60, 0x7C, 0x06, 0x38, 0xBD, 0x2A, 0x67, 0xFF, 0xBD, 0xFA, 0xA0, 0xD7,
    0x1B, 0x98, 0x65, 0x60, 0x5F, 0x39, 0x26, 0x7C, 0x93, 0x59, 0xC2, 0x38, 0x60, 0x52, 0x6D, 0xE4,
    0xD1, 0x90, 0x6F, 0x1D, 0xBA, 0xD0, 0x0B, 0x0C, 0x4F, 0xEB, 0x31, 0xC7, 0x67, 0x7C, 0xEA, 0x7E,
    0xD8, 0x00, 0xDC, 0x62, 0x26, 0x72, 0xCC, 0x2E, 0x05, 0x2F, 0xA4, 0x00, 0x16, 0x02, 0xC3, 0x89,
    0x59, 0xC8, 0xBE, 0x43, 0x6A, 0x1D, 0x92, 0x6B, 0xB1, 0x94, 0x8C, 0xC7, 0x50, 0x3F, 0xC7, 0x6E,
    0xAA, 0x56, 0xE5, 0x4D, 0x9A, 0xCF, 0x9D, 0xD8, 0x50, 0x8B, 0xCB, 0x0C, 0x52, 0xF0, 0xDB, 0xDF,
    0x82, 0x39, 0x7E, 0x54, 0x43, 0x17, 0xD3, 0x7B, 0x1F, 0xD1, 0x3D, 0x87, 0xBF, 0x0E, 0x95, 0xDC,
    0x23, 0x9F, 0x79, 0x0C, 0x46, 0xB3, 0xB0, 0xB8, 0x47, 0x7D, 0x8C, 0x1B, 0x94, 0xFF, 0x1A, 0xC3,
    0x06, 0xAE, 0x76, 0x69, 0xBB, 0x83, 0xB6, 0xF8, 0x2E, 0xDC, 0x94, 0x38, 0x4A, 0xC7, 0x31, 0xFB,
    0x1A, 0x28, 0x3C, 0x77, 0x65, 0x6F, 0x6F, 0x2F, 0xCD, 0x03, 0xD0, 0x54, 0x51, 0x4B, 0x40, 0xB5,
    0x43, 0xD5, 0x32, 0xEA, 0xDA, 0x6A, 0xB4, 0x6E, 0x5F, 0xA3, 0xE7, 0x89, 0xA3, 0x31, 0x8B, 0x07,
    0x35, 0xC7, 0xF6, 0xDF, 0xAB, 0x81, 0xAD, 0xF7, 0xA6, 0x3A, 0xBE, 0x1A, 0x40, 0x77, 0xDB, 0x7C,
    0xCA, 0xC5, 0x80, 0xB1, 0xE4, 0xE6, 0x57, 0x79, 0xC8, 0x28, 0x64, 0x0E, 0x9E, 0x76, 0xEB, 0x3C,
    0x96, 0x1E, 0x3B, 0xCD, 0x01, 0x83, 0x6E, 0x46, 0x51, 0xF8, 0xFE, 0x8C, 0x23, 0x34, 0xE2, 0x00,
    0x51, 0x9A, 0xFF, 0xA6, 0xB1, 0xFC, 0xC6, 0x30, 0x98, 0xB4, 0xD4, 0xC5, 0x26, 0x7A, 0x2F, 0x11,
    0x93, 0xC0, 0xF8, 0x81, 0x4C, 0xC6, 0x58, 0x4E, 0x22, 0x8C, 0xEF, 0x38, 0xA2, 0xF8, 0x7E, 0x4E,
    0xBC, 0xE2, 0x40, 0x9C, 0x1F, 0xE2, 0xF0, 0xE7, 0x18, 0xB6, 0x7F, 0x4C, 0xC5, 0x99, 0xA5, 0x1A,
    0xA7, 0x88, 0x3F, 0x58, 0xC8, 0x67, 0x54, 0xD4, 0x0D, 0xDE, 0x48, 0x94, 0x6A, 0xF6, 0x83, 0x8B,
    0x0A, 0x77, 0x96, 0xAF, 0x2F, 0x54, 0x0C, 0x5A, 0x39, 0x3C, 0x64, 0x4A, 0xD8, 0x6E, 0x8A, 0xEB,
    0xE7, 0x7D, 0x6E, 0xD7, 0xDA, 0x17, 0xF7, 0x9D, 0x57, 0x34, 0xEE, 0x13, 0x74, 0x6A, 0xB2, 0xCA,
    0x27, 0x9D, 0x2A, 0xF0, 0x6E, 0x7B, 0x5F, 0x15, 0xEF, 0x9F, 0xC5, 0xF9, 0x1F, 0x34, 0xA7, 0xBB,
    0xFD, 0x79, 0x77, 0x70, 0xB7, 0xBF, 0x01, 0x37, 0x39, 0x63, 0x26, 0xC5, 0xE9, 0xDD, 0x6D, 0x1C,
    0xC4, 0xB4, 0x32, 0xB2, 0x5A, 0x15, 0x4E, 0x73, 0x85, 0x77, 0x0F, 0xDE, 0xBF, 0x23, 0xA0, 0x50,
    0xE4, 0xDB, 0x4C, 0x1A, 0x15, 0x1C, 0xEB, 0x69, 0xB1, 0xAB, 0xC9, 0x9E, 0x84, 0x52, 0x92, 0x6E,
    0x9D, 0xC7, 0x08, 0x5A, 0x0B, 0x0D, 0x18, 0x14, 0x2D, 0x48, 0xF4, 0x8B, 0x16, 0x04, 0x62, 0x98,
    0x22, 0x8A, 0x56, 0x4D, 0x20, 0x35, 0x2D, 0x45, 0x63, 0x4B, 0x61, 0x00, 0x56, 0x31, 0x2A, 0x25,
    0xB9, 0xB8, 0xAF, 0xCC, 0x5F, 0x91, 0x3E, 0x04, 0xB5, 0x89, 0xED, 0x67, 0x7C, 0x02, 0xDE, 0x61,
    0x2C, 0xA7, 0x1C, 0x01, 0x4F, 0xA1, 0xC2, 0xC6, 0xEA, 0x60, 0xD2, 0xFF, 0xE6, 0xFA, 0x64, 0x28,
    0x77, 0x8C, 0x81, 0xF7, 0xCA, 0x31, 0x15, 0x68, 0xCD, 0x44, 0x25, 0x14, 0x1C, 0x8D, 0x4F, 0x33,
    0xA6, 0x22, 0xCB, 0xC7, 0x5A, 0x7A, 0x30, 0xCE, 0xC5, 0x66, 0xC9, 0x19, 0xFB, 0x69, 0x9E, 0xF6,
    0x44, 0xCE, 0xA3, 0xC8, 0x7A, 0x76, 0xE2, 0xEA, 0x90, 0x9D, 0xE0, 0xB4, 0x8D, 0xFA, 0xEC, 0x44,
    0x50, 0x28, 0xCB, 0x11, 0x69, 0x62, 0xC2, 0x66, 0x27, 0xF6, 0x57, 0xD9, 0x89, 0xD4, 0x66, 0x27,
    0x66, 0x36, 0xBD, 0xB1, 0xCA, 0x4E, 0x2C, 0x5D, 0xF4, 0x6C, 0x46, 0x3F, 0x42, 0x5D, 0xF4, 0x95,
    0x11, 0x1B, 0x68, 0xDC, 0x6F, 0x32, 0xB8, 0xE8, 0x6B, 0xB1, 0x26, 0xCE, 0xCE, 0x0F, 0x98, 0x07,
    0x99, 0x93, 0x84, 0xB9, 0x66, 0x3F, 0x62, 0x15, 0x8D, 0x8C, 0x63, 0x6A, 0x50, 0x1B, 0xD6, 0x4A,
    0xC3, 0xF8, 0x78, 0x6D, 0xB3, 0xB4, 0x6A, 0x6D, 0x88, 0x66, 0xF8, 0x34, 0x87, 0x3B, 0xE2, 0x98,
    0xC4, 0xCA, 0x85, 0x87, 0x43, 0xAE, 0x57, 0xB3, 0xBE, 0x9E, 0xC6, 0x8C, 0x64, 0x36, 0xC2, 0xC2,
    0x8C, 0xD5, 0x72, 0xA0, 0x00, 0x0C, 0x53, 0x6A, 0x51, 0x0F, 0x83, 0xEF, 0x69, 0x2C, 0x23, 0xB7,
    0xB1, 0x89, 0xC3, 0xDA, 0xFA, 0x98, 0x09, 0xEE, 0x0D, 0xD5, 0x26, 0x77, 0xEE, 0x71, 0xE0, 0x38,
    0x72, 0x37, 0x38, 0xF2, 0x9F, 0xFA, 0x54, 0x3F, 0xAB, 0x97, 0x4C, 0xAF, 0x53, 0x03, 0x1D, 0x60,
    0x41, 0xEC, 0x80, 0xF2, 0xCF, 0xDD, 0xC0, 0xE9, 0x50, 0x1F, 0x7B, 0xEE, 0x7E, 0xFC, 0x85, 0xDA,
    0xB9, 0x0C, 0x6B, 0x4A, 0xF0, 0x01, 0xB9, 0x96, 0xBA, 0x85, 0xF4, 0xEE, 0xA8, 0xCA, 0x1F, 0x1D,
    0xC8, 0xAD, 0xB1, 0x24, 0xB9, 0x40, 0xBD, 0xC5, 0xBB, 0xBC, 0x4B, 0x0C, 0x05, 0x02, 0x1C, 0x31,
    0xA4, 0x1B, 0x87, 0xDF, 0xA3, 0x95, 0x12, 0xBC, 0x9B, 0x01, 0x7B, 0x1F, 0x82, 0x91, 0x12, 0xB7,
    0x63, 0x3E, 0x1C, 0x3A, 0xD4, 0xB2, 0x6D, 0x98, 0xD2, 0xE2, 0x0B, 0xBA, 0x1A, 0xCC, 0xEB, 0x76,
    0xEA, 0x4C, 0x3C, 0xA7, 0x46, 0x9F, 0x5D, 0xEF, 0x7D, 0xB0, 0xDA, 0xEB, 0x94, 0x0A, 0xAD, 0x1D,
    0x71, 0x20, 0x22, 0xDC, 0x05, 0xA8, 0x87, 0x7C, 0xFE, 0x09, 0xFA, 0x11, 0xFB, 0xFF, 0x86, 0x7E,
    0xEC, 0xBA, 0xBF, 0xAE, 0xB8, 0x1C, 0x7E, 0x55, 0x33, 0x76, 0x60, 0x0C, 0xC3, 0x08, 0x26, 0xA7,
    0x30, 0x34, 0xFB, 0x14, 0x7D, 0x26, 0xA9, 0x70, 0xB6, 0x41, 0x8F, 0x76, 0x1C, 0x08, 0x65, 0x49,
    0xBC, 0x0A, 0xF6, 0x50, 0xF8, 0xA1, 0x1A, 0x44, 0x9D, 0xBA, 0xB4, 0xAF, 0xF6, 0x7C, 0xAE, 0x8A,
    0xD1, 0xD1, 0x05, 0x91, 0xA8, 0x0D, 0x3B, 0x2D, 0x96, 0xEC, 0x2F, 0x3A, 0x8D, 0x57, 0x67, 0xFF,
    0x2D, 0x64, 0x5D, 0x2E, 0x83, 0x87, 0xDF, 0xFC, 0x3B, 0x6B, 0xBF, 0x4D, 0x35, 0x6C, 0x4A, 0x2D,
    0xDB, 0x2F, 0x05, 0x9B, 0xA4, 0xB3, 0x09, 0x3A, 0xA8, 0xBD, 0xB5, 0xE3, 0x72, 0x5F, 0xCF, 0xDA,
    0x96, 0xBC, 0x0A, 0x4B, 0xA2, 0xBC, 0x82, 0x35, 0xE1, 0x2D, 0xEE, 0xBE, 0xDD, 0x0E, 0x1A, 0xDD,
    0xB9, 0xF9, 0x37, 0x7C, 0x98, 0x5A, 0x06, 0x7F, 0xF0, 0x9F, 0x24, 0x93, 0xEA, 0xE1, 0x83, 0x47,
    0xAD, 0x4D, 0xD0, 0xEC, 0x8A, 0x46, 0x73, 0x35, 0x92, 0xB5, 0x81, 0xC6, 0x34, 0x59, 0x47, 0x6C,
    0x12, 0xBD, 0x5E, 0x1E, 0x62, 0x6C, 0xB9, 0xB8, 0xEF, 0x2E, 0x38, 0x8E, 0x36, 0x41, 0xF0, 0x57,
    0xBA, 0xF3, 0xD5, 0x1D, 0x91, 0xE4, 0xB6, 0xF6, 0xF1, 0xF3, 0xF2, 0x92, 0x9E, 0x3B, 0x94, 0xF5,
    0xDD, 0xB3, 0x76, 0xF7, 0x82, 0x65, 0xAE, 0x7B, 0xA0, 0x93, 0x25, 0x45, 0x42, 0x1D, 0xAC, 0x7D,
    0xA2, 0xB8, 0xB6, 0x8A, 0x9D, 0xC2, 0x6E, 0x64, 0xED, 0xFD, 0x89, 0x95, 0x64, 0xB9, 0x1D, 0xCC,
    0x8D, 0xDD, 0x78, 0xF9, 0xCD, 0x85, 0xCA, 0xCC, 0x77, 0x61, 0xA4, 0xC1, 0xE8, 0x4F, 0xBE, 0xBC,
    0x70, 0x16, 0xD0, 0xF3, 0x20, 0x28, 0xEA, 0x2A, 0x30, 0x08, 0xCE, 0x72, 0x92, 0x7F, 0xA1, 0x83,
    0xAF, 0x26, 0xCA, 0x43, 0x1A, 0xE1, 0xEE, 0xF7, 0x7E, 0xCE, 0x4E, 0x04, 0xD6, 0x9E, 0x57, 0xEC,
    0xAA, 0x4E, 0x08, 0x32, 0xAF, 0x64, 0x03, 0xE6, 0xE5, 0xB8, 0x04, 0x94, 0x1E, 0xA3, 0xE4, 0xD8,
    0x92, 0xA6, 0x7C, 0xC0, 0x71, 0xC3, 0xB8, 0x12, 0x54, 0x44, 0x9B, 0x7C, 0xA5, 0x89, 0x7F, 0xD4,
    0x84, 0x1A, 0x73, 0x75, 0x59, 0xC7, 0x90, 0x41, 0x0A, 0xF2, 0x59, 0xCF, 0x3E, 0xFB, 0xEC, 0x46,
    0x2A, 0xFC, 0x77, 0x6A, 0xA8, 0x8B, 0x66, 0x26, 0xBE, 0xF0, 0x85, 0xBF, 0x5E, 0x7B, 0xFE, 0x05,
    0x19, 0xEF, 0xD7, 0x30, 0xE2, 0x6B, 0xD9, 0x56, 0xB0, 0xDD, 0x89, 0xD9, 0xD6, 0xBE, 0x02, 0xCD,
    0xD6, 0x21, 0x3C, 0x14, 0x2B, 0xA9, 0x39, 0x5D, 0x9A, 0x19, 0xDD, 0x82, 0xA7, 0x87, 0x28, 0xD1,
    0xCB, 0x86, 0xD1, 0x13, 0xD9, 0xDA, 0x52, 0xC9, 0x6A, 0xE7, 0xB1, 0xD6, 0x45, 0x24, 0xCC, 0x7D,
    0xDF, 0x48, 0x0E, 0x93, 0xF9, 0x33, 0xD1, 0x1C, 0xDC, 0x9E, 0xF9, 0x30, 0x12, 0x1F, 0x64, 0xFE,
    0xB2, 0x22, 0xC9, 0x69, 0xFE, 0xE4, 0x6D, 0x06, 0x7D, 0x30, 0x5B, 0xB7, 0xC8, 0xC6, 0x1C, 0xB9,
    0xE9, 0xEB, 0xF5, 0xB7, 0xE5, 0x9D, 0x24, 0x79, 0x69, 0x27, 0x92, 0x24, 0x09, 0x3E, 0x07, 0xE6,
    0xFF, 0xCB, 0xDB, 0x2A, 0x31, 0xB4, 0x08, 0xAE, 0xBC, 0xA9, 0x51, 0x38, 0x67, 0xD6, 0x71, 0xFD,
    0x3A, 0x77, 0x37, 0x67, 0x56, 0xBA, 0xA1, 0x02, 0xD2, 0xEB, 0x86, 0xFA, 0x07, 0x3F, 0xB3, 0x7E,
    0xAB, 0x7B, 0xE7, 0xAA, 0x5C, 0x77, 0x79, 0xAB, 0x98, 0x62, 0x27, 0x6E, 0x87, 0xBA, 0x1F, 0x0D,
    0x18, 0xBC, 0xE6, 0x03, 0xBD, 0x13, 0xC8, 0x39, 0x3E, 0x36, 0x21, 0x4C, 0x89, 0x9D, 0x58, 0x4B,
    0x05, 0xBB, 0xD7, 0xAC, 0x90, 0xBE, 0x15, 0xCA, 0xB7, 0x5C, 0x3D, 0xBA, 0xEE, 0x9E, 0xFE, 0x86,
    0xEE, 0x1D, 0xA2, 0x53, 0x51, 0x3A, 0x3B, 0xBE, 0xBF, 0x90, 0x6A, 0x72, 0x7D, 0xB8, 0xE5, 0xE7,
    0x87, 0x83, 0x7B, 0xC3, 0xC1, 0xD0, 0xC8, 0xAD, 0x7B, 0x89, 0xE0, 0xD9, 0x83, 0x1B, 0xC3, 0x41,
    0x98, 0x82, 0x84, 0xC1, 0x65, 0x76, 0x38, 0xB0, 0x01, 0x03, 0x43, 0xAA, 0x97, 0xF8, 0x4B, 0x75,
    0xBA, 0xCE, 0xDC, 0x5E, 0x4E, 0xCD, 0x1D, 0xA5, 0x29, 0x53, 0x65, 0x84, 0x9B, 0xB5, 0xB6, 0x28,
    0x13, 0x73, 0x3E, 0xF4, 0xE1, 0x5A, 0x76, 0xAA, 0x3B, 0x3A, 0x6C, 0x66, 0xC5, 0x55, 0x9F, 0x06,
    0x4F, 0x78, 0xD0, 0xF4, 0x52, 0x46, 0x4D, 0xAE, 0xDB, 0x3C, 0xB1, 0x33, 0xAC, 0xF6, 0x17, 0x87,
    0x78, 0xD0, 0x33, 0x76, 0x84, 0x8A, 0xFE, 0x4E, 0xCB, 0x7A, 0x59, 0x3B, 0x5B, 0x5A, 0x3B, 0x23,
    0xB6, 0x60, 0x67, 0xA3, 0x77, 0x9F, 0x11, 0xD8, 0xA2, 0xD0, 0xE5, 0x9A, 0xB9, 0x25, 0xA2, 0xD4,
    0x91, 0x11, 0x51, 0x4E, 0x64, 0x1A, 0xBA, 0x35, 0x44, 0x65, 0x43, 0x07, 0x13, 0x28, 0x4A, 0x81,
    0x12, 0xE6, 0xCA, 0x27, 0x44, 0xAC, 0x5C, 0x84, 0x22, 0xC6, 0x8A, 0x51, 0x54, 0x10, 0x61, 0xF5,
    0x16, 0x33, 0x3C, 0xAF, 0x18, 0x32, 0xBD, 0x2A, 0xDF, 0x0E, 0x54, 0xE0, 0xF5, 0x83, 0x0C, 0xFF,
    0x56, 0x02, 0x79, 0x47, 0xFC, 0xD7, 0x6B, 0xAB, 0xB2, 0xFB, 0x34, 0xF1, 0x01, 0xD6, 0xA0, 0x81,
    0x7A, 0x81, 0x7F, 0xCC, 0xF8, 0x27, 0x0C, 0x8A, 0xF7, 0xE0, 0xF9, 0x7C, 0x0D, 0x6E, 0x68, 0x28,
    0x66, 0x07, 0x60, 0x42, 0x79, 0x58, 0x87, 0x70, 0x41, 0x00, 0x05, 0x00, 0x64, 0x2F, 0x48, 0xBA,
    0xDE, 0x9A, 0xDA, 0xD8, 0xCF, 0x6C, 0xAF, 0xFF, 0x48, 0x06, 0xCD, 0x3C, 0xC0, 0xAC, 0xB5, 0xB0,
    0xFC, 0x8D, 0x55, 0xC0, 0x90, 0x15, 0x41, 0xE1, 0xD3, 0x1C, 0x26, 0x1C, 0x02, 0x26, 0xFD, 0xBE,
    0xD5, 0xDF, 0x79, 0x9E, 0x35, 0x10, 0x5B, 0xB9, 0x08, 0x4D, 0x85, 0x9A, 0x23, 0x72, 0x14, 0xB0,
    0xF5, 0x59, 0xF5, 0x1A, 0x66, 0x51, 0xC1, 0xDC, 0x99, 0x05, 0x1C, 0xAB, 0x93, 0x36, 0x97, 0xE7,
    0x5F, 0xA5, 0xCE, 0xB4, 0xB9, 0xCA, 0x5C, 0x3A, 0x5B, 0x85, 0x72, 0x05, 0x4E, 0x4C, 0x78, 0x13,
    0x9E, 0x23, 0x03, 0x00, 0x9D, 0x1C, 0xFE, 0x79, 0x67, 0xAB, 0x6C, 0x17, 0x2F, 0x67, 0x27, 0xE5,
    0x9A, 0xEF, 0xCD, 0x4A, 0x79, 0xCC, 0x48, 0x42, 0xB6, 0x91, 0xBA, 0x49, 0x37, 0x52, 0x37, 0x7E,
    0x98, 0xCE, 0x83, 0x0F, 0xA5, 0x83, 0x5C, 0xED, 0x1E, 0xC3, 0x21, 0xA2, 0x03, 0x74, 0x25, 0xA4,
    0xF7, 0xB9, 0x11, 0xA9, 0xF8, 0x8C, 0x8E, 0x56, 0xB4, 0xDC, 0xCE, 0x59, 0x67, 0x27, 0xF5, 0x72,
    0x3B, 0x53, 0xBE, 0x74, 0xA1, 0x70, 0x54, 0x4E, 0xC9, 0xC6, 0x68, 0x4A, 0xC2, 0x71, 0xE7, 0xD7,
    0xC2, 0x2D, 0x95, 0xC2, 0x46, 0xCA, 0x83, 0x7A, 0x79, 0xAE, 0xB0, 0xFD, 0xFB, 0x00, 0x27, 0xD7,
    0xEB, 0x99, 0x21, 0x9F, 0xDF, 0x57, 0x7A, 0x85, 0xC5, 0x76, 0x3A, 0x6E, 0x80, 0x95, 0xDF, 0x07,
    0xD7, 0x81, 0xCE, 0xBD, 0x6F, 0x8E, 0x08, 0x25, 0x6B, 0x72, 0xA0, 0x36, 0x8E, 0xCD, 0x38, 0xE7,
    0xCB, 0xAD, 0x3F, 0x0F, 0x6B, 0x8E, 0xDE, 0x6A, 0xF6, 0xBC, 0x5D, 0x9C, 0x5A, 0x03, 0x18, 0x96,
    0x50, 0xE9, 0xF4, 0x37, 0x5C, 0x46, 0x28, 0xEF, 0x6B, 0x0D, 0x20, 0x83, 0xD7, 0x49, 0x6A, 0x6B,
    0x00, 0xCB, 0x36, 0xB2, 0x35, 0x80, 0xD3, 0x55, 0x0D, 0x60, 0xD0, 0xD7, 0x00, 0xBE, 0xD9, 0xFD,
    0xC4, 0xD6, 0x00, 0x52, 0x9E, 0xF4, 0x35, 0x80, 0x46, 0xDD, 0x42, 0x6F, 0xBD, 0x06, 0x30, 0xDD,
    0xA8, 0x01, 0x6C, 0x6D, 0x0D, 0x60, 0xEF, 0xE2, 0x1D, 0xB9, 0xCB, 0x61, 0xD6, 0xC2, 0xB0, 0xF5,
    0x4B, 0x5A, 0x08, 0xAE, 0xE6, 0x8F, 0xF1, 0xDB, 0x77, 0xE8, 0x22, 0xC1, 0x92, 0xC6, 0x83, 0xDF,
    0xBD, 0x9B, 0x6A, 0xD5, 0x06, 0x33, 0xCD, 0xDD, 0x63, 0xC6, 0x5C, 0x92, 0x9F, 0xD2, 0x5B, 0x1D,
    0x32, 0xCD, 0xBB, 0x6A, 0xDA, 0xC7, 0x36, 0xD3, 0x5C, 0x8F, 0x6C, 0x79, 0xF4, 0x20, 0x22, 0x36,
    0xB0, 0xDC, 0xB9, 0xA8, 0x5A, 0x44, 0xB5, 0x12, 0x03, 0x2B, 0x95, 0x68, 0xA8, 0xBB, 0x0B, 0x0E,
    0xD4, 0x69, 0xB3, 0xDB, 0x10, 0x57, 0x94, 0xBC, 0x3B, 0xF4, 0x63, 0x20, 0x71, 0xA0, 0xA5, 0x5F,
    0xC9, 0x21, 0x9D, 0xC1, 0x12, 0xB0, 0x95, 0x93, 0x94, 0x25, 0x13, 0xB9, 0x47, 0x31, 0x59, 0xA2,
    0xAF, 0xA9, 0xE4, 0x5D, 0x6A, 0x8B, 0x06, 0x7F, 0xCE, 0xA2, 0xC1, 0xA6, 0x2F, 0x1A, 0x1C, 0x6D,
    0x17, 0x0D, 0x72, 0x91, 0x75, 0x7D, 0x0D, 0xC4, 0x12, 0xEE, 0xC1, 0xC0, 0x07, 0x8B, 0x40, 0xFC,
    0x55, 0x62, 0xA2, 0x4C, 0x18, 0x97, 0x7A, 0x38, 0x44, 0xA2, 0x67, 0x36, 0x12, 0x4D, 0x79, 0xB5,
    0x8A, 0x44, 0x4F, 0xB1, 0xE4, 0xE3, 0x62, 0x53, 0xE0, 0x5D, 0x4D, 0x37, 0x68, 0xBC, 0x0E, 0x1A,
    0x5F, 0x02, 0x8D, 0x7F, 0x4A, 0x01, 0xBE, 0x45, 0xE3, 0x63, 0xD0, 0xF8, 0x0F, 0xA0, 0xF1, 0x25,
    0xD0, 0xF8, 0x12, 0x68, 0x7C, 0x09, 0x34, 0x5E, 0xDF, 0x2C, 0x6C, 0x5C, 0xA7, 0xE9, 0xE1, 0x7B,
    0x99, 0x3C, 0x5C, 0xAC, 0x45, 0xC7, 0x19, 0x5F, 0x7D, 0x37, 0x93, 0x39, 0x98, 0xED, 0xE1, 0x83,
    0xCD, 0xE8, 0x38, 0xBC, 0xA0, 0x2B, 0x24, 0x27, 0x81, 0x17, 0x87, 0x21, 0xBA, 0xF9, 0x5F, 0x18,
    0xA3, 0x59, 0x8B, 0x41, 0x8A, 0xFE, 0x35, 0xA1, 0xA9, 0x88, 0x85, 0x19, 0x3C, 0xC0, 0xE8, 0x07,
    0xEF, 0x12, 0xF1, 0x6E, 0xC1, 0x62, 0x44, 0xAB, 0x03, 0x76, 0x5F, 0x50, 0x85, 0x8C, 0x56, 0x68,
    0x86, 0xC6, 0x6D, 0xAC, 0xCF, 0x09, 0xC4, 0x2A, 0x05, 0x5A, 0xF8, 0x05, 0xED, 0x7B, 0xC6, 0xF1,
    0xDF, 0x87, 0xF2, 0xED, 0x8A, 0x35, 0x49, 0xCC, 0xC0, 0x79, 0x04, 0x29, 0xBC, 0x2F, 0xE1, 0xEB,
    0x90, 0x85, 0xDF, 0xAD, 0x24, 0xFC, 0x7E, 0x06, 0x76, 0x44, 0x9B, 0xC7, 0x70, 0x4D, 0x2A, 0xD3,
    0x57, 0x60, 0x25, 0x7D, 0xC5, 0x04, 0xF9, 0xD8, 0x65, 0x4C, 0x05, 0x3C, 0x46, 0xCC, 0xE8, 0xB9,
    0x32, 0x24, 0xE3, 0xEF, 0xA2, 0x0D, 0x45, 0x45, 0x2A, 0x43, 0x8F, 0x74, 0xB8, 0xC2, 0x37, 0x6B,
    0x2D, 0x4D, 0xB2, 0x75, 0x6A, 0x14, 0x15, 0x61, 0xA3, 0x6D, 0x4A, 0x0D, 0x02, 0x65, 0x41, 0xB9,
    0xBA, 0x83, 0x58, 0x45, 0x71, 0xA8, 0x38, 0x51, 0x1C, 0x66, 0x33, 0xB2, 0x33, 0x10, 0x6E, 0x39,
    0x62, 0xAC, 0x67, 0xC4, 0x2B, 0x46, 0x74, 0xB1, 0x46, 0xF7, 0x35, 0xDA, 0x41, 0xA4, 0xF5, 0xBB,
    0xAC, 0xDE, 0x1D, 0xD9, 0x50, 0x67, 0xDB, 0x97, 0x68, 0x33, 0xEC, 0x20, 0x36, 0x2A, 0x77, 0x9A,
    0x72, 0xB6, 0x1E, 0x9D, 0xAE, 0x00, 0x4E, 0x33, 0x71, 0xDD, 0x91, 0x2F, 0x04, 0x60, 0xD4, 0xE4,
    0x28, 0x58, 0x15, 0x1F, 0x3C, 0x71, 0xCE, 0x18, 0x6B, 0x46, 0x2E, 0x41, 0xE3, 0xCC, 0xF3, 0x25,
    0x6E, 0x6C, 0x55, 0xFC, 0x51, 0x58, 0x69, 0xEE, 0xF1, 0xC9, 0x2D, 0x8F, 0xC3, 0xAC, 0x6E, 0x5F,
    0x0C, 0x48, 0xBF, 0xAE, 0xA3, 0x55, 0x56, 0xE0, 0xA8, 0xB3, 0x2B, 0x64, 0x29, 0x18, 0x76, 0xF6,
    0xCE, 0x4F, 0xDB, 0x75, 0x36, 0xDE, 0xD7, 0xA9, 0x9A, 0xE7, 0x24, 0xD8, 0x5D, 0x6C, 0x77, 0x0C,
    0xCA, 0x4B, 0x63, 0xBD, 0xE0, 0xA7, 0xED, 0xD6, 0xEB, 0xE5, 0xFA, 0x04, 0xE0, 0xCC, 0xFE, 0x66,
    0x25, 0x71, 0x58, 0xF5, 0x99, 0x0D, 0x8B, 0x95, 0xE2, 0xA3, 0xB1, 0xE6, 0xE2, 0xC2, 0x7E, 0x9A,
    0x62, 0xC5, 0x6A, 0x2C, 0x1C, 0x89, 0x57, 0x4F, 0x0D, 0x57, 0x8F, 0x8E, 0xD4, 0x0D, 0x88, 0x98,
    0x37, 0xD5, 0x53, 0xD3, 0xEC, 0x39, 0xDA, 0xA6, 0x2F, 0x63, 0xC1, 0x04, 0xD6, 0x29, 0x2E, 0x12,
    0xB0, 0x7C, 0xA2, 0x41, 0xF9, 0x11, 0xD6, 0x3F, 0xEB, 0xE9, 0x73, 0x95, 0x7B, 0xDB, 0x6F, 0xDB,
    0xE4, 0xFD, 0x59, 0x9A, 0x7B, 0x89, 0x46, 0xF2, 0x63, 0x96, 0xDA, 0xF1, 0x35, 0x13, 0xF0, 0x9E,
    0xDF, 0x38, 0x9D, 0x8D, 0x5B, 0xE0, 0x4B, 0xDC, 0x7D, 0x00, 0xEC, 0xBC, 0xCA, 0xD4, 0x05, 0xBD,
    0x7D, 0x7F, 0x7E, 0x23, 0xC5, 0x3A, 0xA3, 0x1F, 0xE6, 0xFC, 0xB6, 0x96, 0x89, 0x35, 0x50, 0xB1,
    0xA4, 0x37, 0x50, 0x23, 0x63, 0xF7, 0x7F, 0x6B, 0x50, 0xF1, 0x11, 0x74, 0x47, 0x36, 0xC5, 0xC2,
    0x5F, 0x74, 0x1F, 0x80, 0xD8, 0xC7, 0x1D, 0x33, 0x01, 0xAF, 0x5E, 0x58, 0x4D, 0xAF, 0x68, 0x38,
    0xE2, 0x05, 0x9B, 0x55, 0xE2, 0x9C, 0x04, 0xCD, 0x19, 0x0A, 0x61, 0xC4, 0xCB, 0x18, 0x19, 0x70,
    0x4B, 0x06, 0xD5, 0x67, 0x97, 0x50, 0x20, 0xAC, 0xE1, 0x09, 0x35, 0xAE, 0xC3, 0x27, 0xD0, 0xD9,
    0xAB, 0x70, 0xDA, 0x9E, 0xED, 0x56, 0x83, 0x93, 0xF4, 0xB9, 0x9D, 0x09, 0xD5, 0xAE, 0xB1, 0xF5,
    0xB9, 0x50, 0x4D, 0x25, 0xEB, 0xCE, 0xB2, 0x21, 0xF8, 0x37, 0x1F, 0x2A, 0x7A, 0xBD, 0x33, 0xD0,
    0x7E, 0x5C, 0x16, 0xD4, 0x5D, 0xCF, 0x82, 0x8E, 0xD7, 0xB2, 0xA0, 0x27, 0xD4, 0xDB, 0x32, 0xFB,
    0x23, 0x71, 0x4F, 0x2A, 0x33, 0x3B, 0x4C, 0xC2, 0xF4, 0xA4, 0xA2, 0xC5, 0xBE, 0x92, 0x3A, 0x1D,
    0x16, 0xD5, 0x16, 0xA9, 0x6F, 0x3F, 0xCA, 0xB8, 0xBA, 0x8A, 0xFE, 0xE8, 0x08, 0x52, 0x77, 0xE0,
    0x34, 0x8E, 0x96, 0xA4, 0x06, 0xAB, 0x84, 0x6D, 0x35, 0x90, 0x9A, 0xDB, 0x84, 0xED, 0xA8, 0xB6,
    0x3E, 0x5D, 0xB4, 0x22, 0x8D, 0x95, 0x8C, 0x84, 0x25, 0xB9, 0x8E, 0x06, 0xD2, 0xAE, 0xF0, 0x78,
    0xDF, 0x5A, 0x67, 0x2C, 0xA0, 0xEC, 0xD3, 0x39, 0xFB, 0x9A, 0xCE, 0xD9, 0x2A, 0x98, 0x6E, 0xAC,
    0xD7, 0xD9, 0xAF, 0x4F, 0x2D, 0xA7, 0x66, 0x32, 0xD0, 0xA1, 0xA6, 0xD6, 0xE0, 0xEC, 0x50, 0x30,
    0x3D, 0x65, 0x69, 0x7E, 0x72, 0x24, 0x33, 0x30, 0xBE, 0x6A, 0x8B, 0xC6, 0x31, 0xC2, 0x0D, 0x13,
    0x82, 0x7D, 0x55, 0x52, 0xB4, 0x56, 0x95, 0xD4, 0x2E, 0xAB, 0x92, 0x70, 0xB7, 0x90, 0xB3, 0x53,
    0x5B, 0x23, 0x6D, 0x00, 0xB9, 0x43, 0xE6, 0x7D, 0xB9, 0xB4, 0x98, 0x63, 0xE3, 0x5D, 0x38, 0xA6,
    0x50, 0xE8, 0xB1, 0xF4, 0xEB, 0x72, 0x0B, 0xE3, 0xD4, 0x83, 0x52, 0x91, 0xB0, 0x5B, 0x67, 0x44,
    0xF4, 0x44, 0x14, 0x6D, 0x56, 0x12, 0x9D, 0x54, 0xF3, 0x8D, 0xE6, 0x85, 0xFF, 0xF4, 0x9A, 0xEF,
    0x61, 0xF5, 0x8C, 0xD7, 0x61, 0x07, 0xF7, 0x5F, 0x07, 0xFE, 0x25, 0x29, 0x14, 0x3C, 0x0B, 0x1B,
    0x94, 0x8A, 0xD1, 0x16, 0x70, 0x56, 0x92, 0x8D, 0xA8, 0xD6, 0x2B, 0x60, 0x9A, 0x0D, 0xFA, 0x3E,
    0x09, 0xDA, 0x3E, 0x6D, 0x61, 0xFA, 0x69, 0x5B, 0x93, 0xAE, 0xA6, 0xF8, 0xCD, 0x6F, 0x16, 0x82,
    0xEF, 0x4B, 0x38, 0x82, 0xCE, 0x1D, 0x79, 0xB1, 0x2F, 0x11, 0x7B, 0x61, 0x34, 0xDA, 0x19, 0x25,
    0x87, 0xFB, 0x50, 0x9F, 0x2E, 0x0C, 0x95, 0x9D, 0x11, 0xB7, 0x8D, 0x12, 0xB1, 0xA7, 0xB9, 0x63,
    0x4D, 0xEF, 0xD6, 0x4D, 0x59, 0x5A, 0x70, 0x64, 0xE5, 0xBC, 0x85, 0x4D, 0x8F, 0x70, 0x56, 0xB1,
    0x7C, 0xEC, 0xF5, 0x76, 0x2E, 0xA3, 0x56, 0x12, 0x98, 0x90, 0xC7, 0x6D, 0x34, 0x17, 0x6F, 0xAB,
    0x66, 0x6E, 0x59, 0xB5, 0x07, 0x95, 0xD1, 0x04, 0x35, 0x18, 0xD6, 0xD0, 0x68, 0x2C, 0x99, 0x15,
    0xF7, 0xAA, 0xFD, 0x58, 0x83, 0xAD, 0x5A, 0x61, 0xE2, 0x2B, 0xEE, 0xB9, 0x24, 0x5E, 0xC3, 0x56,
    0xCB, 0xAA, 0x91, 0x43, 0x96, 0x76, 0x32, 0x71, 0x16, 0xE9, 0x4D, 0xBA, 0x17, 0x3A, 0xA9, 0x7E,
    0xF7, 0xB0, 0x7F, 0xC9, 0x56, 0xCD, 0xD3, 0xB8, 0x9C, 0x0A, 0x1D, 0x96, 0xB4, 0xD6, 0x37, 0xD8,
    0x68, 0x91, 0x92, 0xE5, 0x38, 0xC2, 0x5D, 0x21, 0xAB, 0x97, 0x28, 0xF6, 0xF5, 0x01, 0xE5, 0xB5,
    0x54, 0x23, 0x0D, 0xE2, 0xCC, 0x78, 0x17, 0xE7, 0x2D, 0x5B, 0xC1, 0xCC, 0xC5, 0xD2, 0xBD, 0x3D,
    0xD7, 0xB8, 0xD3, 0x14, 0x74, 0x53, 0xF3, 0x35, 0x4A, 0xF7, 0x81, 0xD2, 0x3D, 0x51, 0xBA, 0x13,
    0xA5, 0x38, 0xB0, 0x74, 0x4F, 0xF7, 0xF6, 0xF6, 0x5E, 0xD9, 0xA0, 0x3E, 0x5A, 0xA3, 0x9B, 0xD2,
    0x01, 0xBA, 0x64, 0x6E, 0x43, 0x1D, 0x5A, 0x27, 0x17, 0xD9, 0x57, 0x58, 0x27, 0xC7, 0x64, 0xC9,
    0xFE, 0x58, 0xD6, 0x7A, 0x05, 0x4F, 0xB3, 0xEF, 0x55, 0xB3, 0xD9, 0xAB, 0xAB, 0x5A, 0x74, 0xD0,
    0x6E, 0xF6, 0x2A, 0x49, 0x61, 0x00, 0x84, 0x8F, 0x66, 0x50, 0x53, 0xCA, 0xA2, 0x1A, 0x5D, 0x0F,
    0x65, 0x03, 0x69, 0xF4, 0x7C, 0xFB, 0x83, 0x73, 0xAE, 0xA6, 0x4C, 0x42, 0xB5, 0x30, 0xC5, 0xED,
    0x8E, 0x0B, 0x86, 0xFD, 0xFF, 0xBE, 0xFD, 0x26, 0x4E, 0xF9, 0x59, 0x8D, 0x67, 0xE8, 0x50, 0xCD,
    0x74, 0x52, 0xE3, 0xAD, 0xC0, 0xE0, 0x65, 0xD4, 0x5A, 0x3F, 0x07, 0x9F, 0x7F, 0xF3, 0x2D, 0xB4,
    0x35, 0x87, 0x72, 0x3E, 0xC4, 0x8E, 0x16, 0x72, 0xB8, 0x37, 0x3B, 0x43, 0x3C, 0x62, 0xBA, 0x8C,
    0x47, 0x1C, 0xA8, 0x69, 0xD6, 0xC2, 0x89, 0xAB, 0xAD, 0x63, 0x09, 0x5F, 0x83, 0x85, 0x1B, 0xDD,
    0x22, 0xD3, 0xB2, 0x7D, 0x75, 0xF0, 0xF4, 0x2F, 0xDF, 0x00, 0x59, 0x66, 0xAF, 0x19, 0xF8, 0xB2,
    0x35, 0x00, 0x9A, 0x67, 0xBA, 0xB2, 0xB7, 0x47, 0x76, 0xD6, 0xD7, 0x7D, 0x88, 0xA8, 0x4F, 0x8E,
    0x42, 0xC9, 0x12, 0x8D, 0x96, 0x68, 0x42, 0x94, 0x13, 0x31, 0x6C, 0x05, 0x27, 0x28, 0x4C, 0x03,
    0x1A, 0x23, 0x34, 0xD6, 0x18, 0x82, 0xB0, 0x16, 0x6E, 0x23, 0x7D, 0x6D, 0xA2, 0x66, 0xD9, 0xC2,
    0x3E, 0x45, 0xA8, 0x21, 0x2B, 0xAD, 0x53, 0x63, 0xC1, 0x80, 0x4C, 0xBE, 0xCE, 0xD2, 0x2B, 0xAA,
    0xA0, 0x7C, 0x13, 0x99, 0x25, 0xD2, 0xBC, 0x1D, 0x91, 0xCF, 0x77, 0x5F, 0xA7, 0x05, 0xC4, 0xC5,
    0x7D, 0x98, 0x98, 0xBC, 0x4F, 0xB4, 0xBC, 0xE9, 0xC1, 0x10, 0x41, 0x76, 0x8B, 0xE1, 0xF5, 0xC2,
    0x0B, 0x7A, 0x59, 0x4E, 0xF3, 0x74, 0x14, 0xD7, 0x0C, 0x36, 0x93, 0x27, 0x16, 0x72, 0x0E, 0x77,
    0xAA, 0xB7, 0xE6, 0xC3, 0xBE, 0x44, 0x33, 0xB1, 0x91, 0xF4, 0xD8, 0x46, 0x23, 0xE4, 0x4C, 0xDE,
    0xE0, 0xE1, 0xDE, 0xD7, 0x4F, 0x6E, 0x6C, 0xB6, 0xBC, 0xC1, 0x65, 0x24, 0x77, 0x88, 0xF4, 0x2D,
    0x23, 0xB9, 0x07, 0x47, 0x10, 0xD9, 0x9E, 0xDC, 0x91, 0xA6, 0xF7, 0x0B, 0xEB, 0xFE, 0xBD, 0xFF,
    0x62, 0x15, 0xB5, 0xFD, 0x84, 0x7C, 0x6C, 0x5D, 0xEB, 0x74, 0x3D, 0xF4, 0xE3, 0xDE, 0xC3, 0x7A,
    0xF9, 0xF3, 0xE8, 0xB8, 0xF2, 0x67, 0x6F, 0xA1, 0x5B, 0x69, 0xB7, 0xE7, 0xE9, 0x2D, 0xCC, 0x32,
    0xFB, 0x1A, 0xE6, 0xF4, 0xC4, 0x77, 0x31, 0x7F, 0xBC, 0xF1, 0x2E, 0xE6, 0x0D, 0xBE, 0x8B, 0x99,
    0x03, 0xF9, 0xCB, 0x17, 0x32, 0x9D, 0x3B, 0xFE, 0xEA, 0x65, 0xC8, 0x85, 0xA2, 0xA5, 0x7C, 0x5E,
    0x72, 0xB9, 0x9F, 0x0D, 0x5C, 0xFE, 0x09, 0xF0, 0x27, 0x16, 0x05, 0xDF, 0x40, 0x90, 0x2E, 0x0B,
    0x8C, 0xF0, 0xFD, 0x03, 0x79, 0x54, 0xDE, 0xC0, 0xF2, 0xAC, 0x77, 0x88, 0x6E, 0x01, 0xDD, 0xC2,
    0x48, 0xF2, 0x25, 0x04, 0x31, 0x71, 0x09, 0xC4, 0x01, 0x33, 0x57, 0x35, 0x55, 0x8D, 0x69, 0x33,
    0xC3, 0xDC, 0x65, 0xB2, 0xCE, 0xE5, 0xF7, 0x96, 0x79, 0x92, 0x74, 0xAB, 0xD2, 0x54, 0x3F, 0xF2,
    0x45, 0x78, 0x25, 0xB2, 0x1B, 0xAA, 0xF8, 0x1A, 0xEC, 0xE1, 0x8D, 0x2C, 0xE3, 0xE5, 0xBC, 0x6C,
    0xAE, 0x09, 0x81, 0x1F, 0xF6, 0x09, 0x81, 0xD9, 0xEA, 0xF5, 0xFE, 0x73, 0xBF, 0x2C, 0x34, 0x22,
    0x41, 0x2B, 0x24, 0xF2, 0x3B, 0xEA, 0xC7, 0x8F, 0x60, 0x72, 0xF7, 0xF0, 0xB1, 0xFB, 0x40, 0x4B,
    0xD7, 0xD0, 0x43, 0x00, 0xF6, 0x7F, 0x46, 0x0E, 0xA1, 0x9B, 0x0C, 0x4C, 0xB5, 0x26, 0xB1, 0xF2,
    0xCC, 0x68, 0xA8, 0xCB, 0xA5, 0x04, 0x27, 0x76, 0xB4, 0x1A, 0xC3, 0xD6, 0xFE, 0x7A, 0x9A, 0xA2,
    0x0F, 0x14, 0xC3, 0x2D, 0x61, 0xDD, 0x9C, 0x72, 0xDA, 0x48, 0xF1, 0x98, 0xE7, 0x69, 0xD7, 0xEB,
    0xCB, 0x66, 0x25, 0xCD, 0xAA, 0x6E, 0x0E, 0x49, 0xFE, 0xA2, 0x33, 0x6B, 0xD4, 0xF4, 0x2F, 0x38,
    0x4C, 0x51, 0xEA, 0xD4, 0xA4, 0x56, 0xEA, 0x48, 0x5F, 0x28, 0x04, 0xC5, 0xC0, 0x63, 0x65, 0xA9,
    0x5C, 0xAB, 0x09, 0x72, 0xAD, 0x08, 0x4C, 0xBE, 0xFC, 0x51, 0xE3, 0xC0, 0xDA, 0xAA, 0x68, 0x6D,
    0xD1, 0x8C, 0x4E, 0x83, 0xB4, 0xD6, 0x14, 0x9E, 0xD3, 0x65, 0x97, 0xF2, 0x6F, 0x56, 0x3C, 0x18,
    0xAC, 0x6E, 0x75, 0x60, 0x8B, 0x10, 0x93, 0xF2, 0x63, 0x57, 0x9B, 0xBB, 0xFD, 0xCB, 0x86, 0xD0,
    0x43, 0xB7, 0xE1, 0x5D, 0x3D, 0xD3, 0x47, 0x5B, 0xB4, 0xCE, 0x72, 0x15, 0x0A, 0x53, 0x55, 0xA4,
    0x15, 0x72, 0x9D, 0x22, 0x5B, 0x4F, 0x34, 0xEA, 0x6B, 0x87, 0x22, 0xFB, 0x52, 0x73, 0xB0, 0xF9,
    0x52, 0x73, 0x00, 0x0E, 0x60, 0x0D, 0xD3, 0x97, 0x9C, 0x59, 0x6F, 0x31, 0x69, 0xB0, 0xBA, 0xE8,
    0xD6, 0x4A, 0x87, 0xC6, 0x9A, 0x76, 0x8F, 0x52, 0x96, 0x16, 0x85, 0x9A, 0x6A, 0x47, 0x8F, 0x12,
    0x7D, 0x47, 0x77, 0x89, 0xB6, 0x52, 0xAA, 0x97, 0x46, 0xAF, 0x0F, 0xEE, 0x1D, 0x60, 0xF8, 0x9C,
    0xBB, 0x0F, 0x12, 0x7E, 0xD5, 0xD6, 0xC8, 0x6C, 0xEC, 0x7E, 0x0F, 0xCD, 0x3E, 0x16, 0x17, 0x6D,
    0xE0, 0x4B, 0x36, 0xF8, 0xBC, 0x9A, 0x41, 0x13, 0x0B, 0x9B, 0xF3, 0x7A, 0x31, 0x29, 0x0F, 0x08,
    0x0B, 0xBB, 0x0D, 0x13, 0x78, 0xDA, 0x6C, 0x07, 0x8C, 0xFF, 0x2A, 0xB1, 0x42, 0xA3, 0xB0, 0xCB,
    0x04, 0x82, 0x8B, 0x25, 0x88, 0x5E, 0xFF, 0xAA, 0x52, 0x34, 0x67, 0x67, 0x71, 0x70, 0xAD, 0xEE,
    0x8B, 0x90, 0xCC, 0x75, 0x00, 0x96, 0x63, 0x93, 0xDC, 0xBE, 0x56, 0xAB, 0xBF, 0x39, 0x9B, 0x6B,
    0x08, 0x74, 0xF9, 0x12, 0x2B, 0xAF, 0x0D, 0xFA, 0xFF, 0x0B, 0xB3, 0x6B, 0x8D, 0x49, 0x96, 0xD7,
    0x78, 0x5A, 0xAC, 0xD1, 0xF6, 0xCB, 0x71, 0x3D, 0x13, 0x92, 0xC8, 0x2F, 0xDC, 0xB9, 0x7A, 0x92,
    0xB1, 0x56, 0xAE, 0xB6, 0x0A, 0x97, 0xF1, 0xFF, 0x1F, 0xC2, 0x0E, 0x24, 0xAF, 0x38, 0xFD, 0xF4,
    0x15, 0xFC, 0x47, 0xBE, 0xEB, 0x72, 0x81, 0x84, 0x05, 0x0F, 0x6A, 0xBB, 0x9D, 0x95, 0xB0, 0x93,
    0x05, 0xC7, 0xE5, 0xFD, 0xF7, 0x06, 0xEF, 0x3F, 0x9A, 0x25, 0x2C, 0x4B, 0x1B, 0xCE, 0xF9, 0x5A,
    0xE3, 0xEF, 0x5F, 0x15, 0xE7, 0xE9, 0x47, 0xF5, 0x62, 0xE9, 0x3D, 0x71, 0x54, 0xCF, 0xD8, 0x07,
    0x0F, 0x62, 0x69, 0x80, 0xF5, 0xCF, 0x45, 0xBD, 0x91, 0x8E, 0x81, 0xB1, 0x5B, 0x3F, 0x26, 0xA7,
    0x7E, 0xEF, 0x4D, 0x18, 0xB1, 0xB0, 0x51, 0x8B, 0x0B, 0xFF, 0xE7, 0x4B, 0x8E, 0x76, 0x7E, 0x73,
    0x8D, 0x5E, 0xE8, 0xFB, 0xA4, 0x2C, 0x27, 0x1C, 0xE0, 0x32, 0xE8, 0x87, 0xF4, 0x18, 0xE0, 0x52,
    0xE8, 0x0F, 0xDF, 0xCC, 0xE4, 0xC6, 0x0D, 0x78, 0x73, 0xB7, 0x2E, 0x9C, 0x76, 0x09, 0xBF, 0x96,
    0x4A, 0x14, 0xD9, 0x5A, 0xDF, 0x5B, 0xB8, 0x7F, 0x5D, 0x5F, 0x38, 0xFD, 0x4C, 0xF9, 0x0C, 0xB0,
    0xFE, 0xB9, 0xA8, 0x7F, 0xD8, 0xE1, 0xFF, 0xB4, 0xB6, 0x9B, 0xF4, 0x65, 0xCA, 0xA7, 0x7D, 0x95,
    0xF6, 0xAC, 0xB5, 0x34, 0xB0, 0x5C, 0x67, 0x9B, 0xAF, 0xF1, 0x9D, 0xA6, 0x96, 0x86, 0xAF, 0xD2,
    0x33, 0x57, 0xDE, 0x6F, 0x12, 0x7E, 0xB7, 0x5C, 0x47, 0xB2, 0xA5, 0x9B, 0x2E, 0xEB, 0x9F, 0x63,
    0x6C, 0x44, 0x3D, 0x96, 0x33, 0x70, 0xBE, 0x37, 0x6B, 0x3F, 0x76, 0x61, 0x90, 0x96, 0x26, 0x0C,
    0x11, 0xF7, 0x5C, 0x7F, 0x74, 0x20, 0x4F, 0xD5, 0x22, 0x3D, 0x6B, 0xB1, 0x90, 0xBE, 0xE8, 0xB1,
    0x76, 0x73, 0x16, 0xBE, 0x77, 0xF4, 0x6D, 0xB2, 0x8B, 0x4B, 0xD7, 0x1C, 0xFD, 0xFF, 0x6D, 0x86,
    0x70, 0x2F, 0x8F, 0x9C, 0xFB, 0x83, 0xBB, 0x0A, 0x96, 0x3F, 0x47, 0xCE, 0x46, 0xDF, 0x24, 0x97,
    0x15, 0xE0, 0x89, 0x5D, 0xA1, 0xB5, 0x30, 0x5A, 0xA6, 0x71, 0xBA, 0x7E, 0x5C, 0xF9, 0xC6, 0xFC,
    0x55, 0xFA, 0x1C, 0x73, 0xF9, 0xD4, 0xDD, 0xC5, 0x0F, 0x8E, 0xE9, 0x87, 0xFB, 0x44, 0x3F, 0x8E,
    0x23, 0x37, 0xB4, 0xB1, 0xF3, 0xEC, 0x38, 0x72, 0xFF, 0x0F, 0xBD, 0x5A, 0xBF, 0x6F, 0xDB, 0x56,
    0x10, 0x3E, 0x92, 0x4D, 0x59, 0x98, 0x88, 0xE9, 0x21, 0x40, 0x81, 0xA0, 0x2D, 0x3B, 0x66, 0x88,
    0xC1, 0xD5, 0x45, 0x25, 0x91, 0x88, 0xC7, 0x02, 0x85, 0xFF, 0x83, 0x2E, 0x1D, 0x3C, 0x65, 0xCA,
    0xD0, 0x41, 0x8A, 0xD8, 0xAE, 0x1D, 0x12, 0xA0, 0xFF, 0x40, 0x87, 0xFE, 0x01, 0x1A, 0x3C, 0x04,
    0x06, 0x63, 0xD1, 0x59, 0x3A, 0x14, 0x68, 0x09, 0x64, 0xEC, 0x42, 0xA0, 0x63, 0x87, 0xBE, 0x16,
    0x02, 0xCC, 0xA0, 0xB4, 0xD8, 0xEF, 0xEE, 0x51, 0xBF, 0x2C, 0xD9, 0x35, 0x4C, 0x8A, 0x92, 0xEF,
    0x12, 0x99, 0xEF, 0xC7, 0x7D, 0xF7, 0xEE, 0x7D, 0x77, 0xEF, 0xC9, 0x64, 0x29, 0x22, 0x72, 0x72,
    0x28, 0xB7, 0x80, 0xF2, 0xBA, 0x50, 0xBE, 0x0F, 0xD5, 0xF5, 0xA0, 0xFA, 0x6E, 0x44, 0x94, 0x3B,
    0x09, 0x91, 0xB2, 0x52, 0x32, 0x95, 0x95, 0x91, 0x95, 0x19, 0x8A, 0xEC, 0xB2, 0xCC, 0xC9, 0x2D,
    0xCB, 0x82, 0xDC, 0x90, 0x3A, 0x84, 0xF6, 0x3D, 0xBC, 0xF1, 0xEF, 0x00, 0xE3, 0x84, 0x31, 0x14,
    0xBA, 0xC8, 0x2B, 0x84, 0xA0, 0x57, 0xA5, 0xCC, 0x97, 0x84, 0xBE, 0x29, 0xF9, 0xE8, 0xBE, 0x6F,
    0xBC, 0xE6, 0xB9, 0x78, 0x52, 0x32, 0xCB, 0x92, 0x3C, 0x48, 0x10, 0x7A, 0xD4, 0xC7, 0xE7, 0x18,
    0xBF, 0x8F, 0x29, 0xA0, 0xE0, 0x49, 0x89, 0xB6, 0x7F, 0x91, 0x3D, 0xF5, 0xF4, 0x70, 0x0F, 0x20,
    0x71, 0x25, 0xC7, 0x3C, 0xAA, 0x58, 0x3E, 0x85, 0xFA, 0xE0, 0x3E, 0x3F, 0x3F, 0x60, 0x95, 0xD1,
    0xF2, 0x6B, 0x7B, 0x08, 0x87, 0xE8, 0x5A, 0xA2, 0xE7, 0x13, 0x88, 0x0D, 0xA0, 0x1F, 0xEB, 0x09,
    0x6B, 0x00, 0xEC, 0xB1, 0x7A, 0x05, 0x9B, 0xFF, 0x06, 0x06, 0xB7, 0x8F, 0x0F, 0x1D, 0xB7, 0x25,
    0x30, 0x84, 0x1E, 0xFC, 0x78, 0xB8, 0x4F, 0xC6, 0x45, 0x42, 0xD6, 0x79, 0x56, 0x13, 0x0C, 0xB7,
    0x25, 0xB6, 0xC5, 0xFA, 0xA7, 0x75, 0x30, 0x12, 0x6C, 0x13, 0xA2, 0x61, 0xA7, 0x21, 0x30, 0x66,
    0x31, 0x8B, 0xB3, 0xF7, 0x76, 0xD9, 0xF0, 0x0E, 0x23, 0x52, 0x6D, 0x2E, 0x8F, 0x04, 0x1B, 0x96,
    0xE8, 0xDB, 0x94, 0x86, 0x76, 0x64, 0x5C, 0xFC, 0x5A, 0x1F, 0x95, 0xFF, 0x03, 0xC6, 0x0C, 0x4A,
    0x44, 0xEE, 0xC9, 0xD9, 0x0A, 0x82, 0x56, 0x17, 0xCB, 0xCA, 0x4F, 0xC8, 0x29, 0x15, 0xB9, 0x5E,
    0xAA, 0x67, 0x1A, 0x52, 0x33, 0x8B, 0xD6, 0x3E, 0x14, 0x3D, 0xBC, 0xB1, 0xCE, 0x79, 0xB2, 0xB1,
    0xC7, 0x10, 0xC6, 0xF5, 0x26, 0x25, 0x3B, 0x52, 0x75, 0xA9, 0x62, 0x9D, 0x0B, 0xF5, 0x8E, 0x63,
    0xBC, 0x9F, 0xFD, 0x1B, 0xF2, 0xC2, 0xCE, 0x50, 0xB6, 0xB2, 0xE3, 0x34, 0x7B, 0x38, 0x4F, 0x15,
    0x59, 0x65, 0x46, 0x46, 0x19, 0xCD, 0x27, 0xBD, 0x7B, 0x7C, 0x0A, 0x83, 0xF0, 0x40, 0x9F, 0xFF,
    0xDE, 0x36, 0x20, 0xC6, 0x43, 0x18, 0xDC, 0x79, 0xDD, 0x20, 0x20, 0x5B, 0x0C, 0xBD, 0xE4, 0x6C,
    0xF5, 0x98, 0x93, 0xD5, 0xB0, 0xF5, 0x65, 0x1A, 0x87, 0xB0, 0x34, 0x21, 0xE3, 0x30, 0x21, 0xE7,
    0x8B, 0x26, 0x97, 0x6A, 0x03, 0x95, 0x1C, 0x38, 0xAD, 0x2F, 0xDA, 0x15, 0x2A, 0x71, 0xC2, 0x06,
    0x21, 0x1E, 0x58, 0x18, 0xA4, 0x8B, 0xB9, 0xD1, 0x94, 0xAA, 0xB5, 0x6C, 0x8D, 0x53, 0xE8, 0x88,
    0x99, 0x44, 0xCD, 0x94, 0xF1, 0x23, 0x26, 0xA3, 0x11, 0xD9, 0xE7, 0x0C, 0x10, 0x60, 0xC7, 0x61,
    0x7D, 0x80, 0x33, 0x4E, 0xE9, 0x57, 0xF2, 0x08, 0xC3, 0xA2, 0x0F, 0x4B, 0xBC, 0x44, 0x35, 0x33,
    0x19, 0x97, 0x53, 0x91, 0x4D, 0xCF, 0x16, 0x6D, 0xCA, 0x90, 0x65, 0x3E, 0x76, 0xB7, 0x92, 0x47,
    0xFC, 0x30, 0x83, 0xAD, 0x05, 0x79, 0xE9, 0x10, 0x96, 0xB8, 0xD1, 0x00, 0xC5, 0x42, 0x4C, 0x76,
    0x82, 0xF6, 0x22, 0x71, 0x65, 0x46, 0xC0, 0x08, 0xD2, 0x0F, 0x23, 0xF8, 0x2A, 0xA2, 0xF1, 0x3B,
    0x6D, 0xE7, 0x3D, 0x81, 0xA5, 0x65, 0x87, 0x73, 0x46, 0x88, 0x45, 0x5E, 0x2A, 0xC5, 0x3E, 0x5A,
    0xAC, 0x4C, 0x63, 0x18, 0x7C, 0xF6, 0x33, 0xBC, 0x7F, 0x04, 0x31, 0x13, 0x5E, 0x80, 0x6A, 0x82,
    0xBB, 0xE1, 0xB0, 0xF2, 0xD1, 0x6A, 0xDE, 0x6B, 0xDA, 0xDE, 0xFC, 0x31, 0x99, 0xD3, 0x0E, 0x59,
    0xBF, 0x14, 0xC8, 0x39, 0xAA, 0x96, 0xAD, 0x3A, 0x95, 0x81, 0x8A, 0x83, 0x4F, 0x74, 0x0E, 0x4B,
    0x54, 0xF3, 0xF6, 0x12, 0x36, 0x04, 0x46, 0x26, 0xFF, 0x05, 0xD1, 0x29, 0x36, 0x6D, 0x76, 0x52,
    0xCF, 0x66, 0x93, 0xB3, 0x2F, 0x76, 0xE4, 0xB0, 0xAB, 0x6D, 0x3E, 0xCF, 0xB6, 0x60, 0xF3, 0x84,
    0xCB, 0x0B, 0x6A, 0xCC, 0x66, 0x0A, 0xB8, 0xCC, 0xCB, 0x74, 0x99, 0x07, 0xC2, 0x59, 0x2A, 0xF3,
    0x9A, 0xB5, 0x9B, 0x83, 0x79, 0xC8, 0xC1, 0x3C, 0x22, 0xFF, 0xBB, 0x84, 0x4E, 0xFF, 0xAC, 0x6D,
    0xFB, 0xFF, 0xD5, 0x71, 0x8D, 0xDA, 0x7F, 0x89, 0xB8, 0x86, 0x8D, 0xD6, 0xCF, 0x55, 0x1C, 0xFA,
    0x51, 0x33, 0xFE, 0x1F, 0xB3, 0xCD, 0xD1, 0x96, 0x7C, 0xBE, 0x81, 0x03, 0x99, 0xBF, 0x02, 0x70,
    0xC9, 0x29, 0x7C, 0xA6, 0xC0, 0xE5, 0xC9, 0x37, 0x35, 0xE3, 0xA7, 0xE2, 0x43, 0x7F, 0x4E, 0xFD,
    0x88, 0xA8, 0x32, 0x8B, 0x52, 0x2B, 0xDA, 0xD5, 0x8E, 0xBA, 0xC5, 0xDB, 0xCB, 0x02, 0xB5, 0x37,
    0x32, 0x52, 0x26, 0x52, 0x37, 0xBA, 0xFE, 0x1D, 0xAF, 0xBD, 0xE8, 0x41, 0x1C, 0x1F, 0xE7, 0x39,
    0x36, 0x5D, 0xBE, 0xF2, 0xA2, 0xBD, 0x3C, 0xFF, 0x89, 0xFC, 0x29, 0xB3, 0x34, 0x42, 0xC4, 0xCE,
    0xED, 0x42, 0x0E, 0xD0, 0x48, 0x48, 0xE4, 0x87, 0x01, 0xE7, 0x39, 0xCE, 0x78, 0x8C, 0x8B, 0x81,
    0x92, 0x9D, 0xCE, 0x94, 0xA3, 0x1F, 0x04, 0x95, 0xF2, 0x43, 0xE9, 0x66, 0xE7, 0xEF, 0x17, 0x7A,
    0x28, 0x19, 0x74, 0x29, 0x47, 0x1A, 0x6A, 0xA6, 0x08, 0x39, 0xD2, 0xC0, 0x56, 0x72, 0xE0, 0x47,
    0x3F, 0x1D, 0xC3, 0x57, 0x7E, 0xD8, 0x07, 0x9E, 0x58, 0xA6, 0x58, 0x08, 0xFF, 0x8E, 0x9F, 0xF9,
    0xC9, 0x58, 0xDA, 0x72, 0x9F, 0x79, 0x8E, 0x99, 0xF9, 0xF1, 0xE1, 0xEC, 0x0C, 0xE8, 0x70, 0xEE,
    0xBF, 0x27, 0xE7, 0x09, 0x2E, 0xE1, 0x48, 0xAD, 0x70, 0xF7, 0xF6, 0x10, 0xFA, 0x08, 0x12, 0xFE,
    0x70, 0x94, 0xE9, 0xE4, 0x53, 0x9D, 0x68, 0x6A, 0x00, 0x9C, 0x9D, 0x16, 0xAC, 0x9C, 0xCB, 0x5C,
    0xD8, 0x40, 0xFB, 0x4E, 0xD8, 0x0E, 0x98, 0x79, 0x36, 0xF9, 0x4A, 0x33, 0x73, 0xAA, 0x6A, 0x82,
    0x11, 0x6F, 0xD8, 0x7C, 0xD7, 0xF0, 0x6E, 0x01, 0xA6, 0xA5, 0x95, 0x91, 0x60, 0x83, 0x1F, 0x83,
    0xA7, 0x2B, 0xA9, 0xF1, 0xEE, 0x60, 0xCC, 0xCB, 0xE5, 0x38, 0xB3, 0x90, 0xC6, 0x81, 0x68, 0xD4,
    0x22, 0xA2, 0xE5, 0x60, 0x0B, 0x50, 0x51, 0x5D, 0xFC, 0x56, 0x7F, 0x89, 0xBC, 0xB7, 0x09, 0x1F,
    0x06, 0x40, 0xD3, 0x07, 0xE3, 0x79, 0xCD, 0xCC, 0xC9, 0xD3, 0x95, 0xC5, 0x72, 0xDB, 0x81, 0x66,
    0x48, 0xDE, 0xC8, 0xC9, 0xFE, 0xBE, 0xDA, 0xB7, 0x18, 0xB6, 0x91, 0x08, 0x94, 0x7B, 0xC8, 0x76,
    0xE3, 0xEE, 0x3A, 0xCE, 0x93, 0x8D, 0xCD, 0x65, 0x04, 0x70, 0x19, 0x19, 0xE7, 0x94, 0x93, 0xBA,
    0x54, 0xA1, 0xF9, 0x2F, 0xA8, 0x44, 0x88, 0x83, 0x13, 0x18, 0x17, 0x57, 0xBA, 0xCA, 0xC2, 0x6B,
    0xA4, 0x95, 0x3F, 0xFD, 0x5A, 0xC1, 0xC8, 0x52, 0x39, 0x39, 0x0E, 0x22, 0x1E, 0x4E, 0x9C, 0xDC,
    0x27, 0xA0, 0xE7, 0x24, 0xD3, 0x01, 0x51, 0xC1, 0x00, 0xAF, 0x28, 0x79, 0x20, 0x4D, 0xB8, 0x71,
    0x28, 0xDD, 0x1C, 0x76, 0xD8, 0x32, 0xDE, 0x5C, 0xF3, 0x86, 0x5D, 0xB1, 0x5F, 0x57, 0xA6, 0x1C,
    0x19, 0xE5, 0x44, 0x39, 0x68, 0xE5, 0xA5, 0xE3, 0x34, 0x20, 0x2F, 0x1C, 0x88, 0x4B, 0x57, 0x61,
    0x0D, 0xC4, 0x91, 0x5E, 0x88, 0x36, 0x0B, 0x58, 0x7C, 0x24, 0x93, 0x6B, 0x8B, 0x39, 0x89, 0x6F,
    0x1B, 0x02, 0x4F, 0x26, 0xCB, 0xF4, 0xAA, 0x72, 0xA0, 0x5B, 0x13, 0xC2, 0x4D, 0x19, 0x69, 0xEB,
    0xEB, 0xB1, 0x9E, 0x91, 0xEA, 0x81, 0xD9, 0xC4, 0x10, 0x2D, 0xE0, 0x30, 0x26, 0xA0, 0x84, 0xCB,
    0x03, 0xB2, 0x5F, 0x4C, 0xC8, 0x3E, 0xCC, 0xEA, 0x61, 0x68, 0x65, 0x1F, 0x5C, 0xB7, 0xEF, 0x89,
    0x6A, 0x1B, 0x7F, 0xB5, 0xE6, 0xC1, 0x13, 0x75, 0x7B, 0x31, 0x45, 0x62, 0xB2, 0x54, 0x8F, 0xEC,
    0xCC, 0x4F, 0xFD, 0xC4, 0x45, 0xDD, 0x6C, 0x94, 0xF9, 0x62, 0x6C, 0xBE, 0x3E, 0x61, 0xD9, 0xC1,
    0xF1, 0x94, 0x7A, 0x37, 0xFC, 0x14, 0x74, 0xF6, 0xDC, 0x9C, 0x06, 0xE5, 0xD4, 0x99, 0xF6, 0xAA,
    0xC2, 0x39, 0x96, 0x9F, 0x63, 0xAE, 0x78, 0xF5, 0xD9, 0x65, 0x0F, 0x78, 0x0D, 0xFC, 0xDF, 0x5E,
    0x44, 0x4B, 0x63, 0x06, 0x8F, 0x91, 0x27, 0x12, 0xE3, 0x30, 0xE2, 0x53, 0x7E, 0x47, 0x73, 0xDD,
    0xAD, 0xCD, 0x15, 0x4A, 0x64, 0x9A, 0xA2, 0xEA, 0x56, 0x45, 0xEF, 0x49, 0x95, 0x93, 0x39, 0x61,
    0x55, 0x8A, 0x4A, 0x72, 0xBE, 0xCB, 0xB9, 0x85, 0x2A, 0xE6, 0x8A, 0x2D, 0x45, 0x04, 0xD9, 0x48,
    0xCB, 0x2F, 0xB1, 0xFD, 0xD8, 0xD8, 0xCA, 0xBD, 0x52, 0x50, 0x25, 0x7A, 0xC2, 0x8E, 0x7C, 0xF7,
    0xC1, 0xBA, 0x93, 0x53, 0xC0, 0x52, 0x40, 0x30, 0x67, 0x8F, 0xAE, 0x93, 0x02, 0xA3, 0x0E, 0xCD,
    0x29, 0xB6, 0xDF, 0x94, 0xC4, 0xE1, 0xFD, 0x79, 0x85, 0xE8, 0x44, 0xED, 0x40, 0xE0, 0xA8, 0x60,
    0x9F, 0xC9, 0xFD, 0x56, 0x2E, 0x30, 0xEA, 0x41, 0x90, 0x63, 0x28, 0x87, 0x89, 0xC4, 0x89, 0x04,
    0xCA, 0x3C, 0x52, 0xB6, 0xBE, 0x1E, 0x60, 0x30, 0x4B, 0xEE, 0x59, 0x23, 0x7D, 0x4F, 0x54, 0x17,
    0xCC, 0x14, 0xD4, 0x6E, 0x62, 0xA3, 0xE2, 0xC4, 0x3B, 0x59, 0x22, 0xC7, 0x6D, 0xE3, 0xB0, 0x50,
    0x3F, 0xB8, 0x13, 0x45, 0xBB, 0x41, 0x4A, 0xF7, 0xDD, 0xA4, 0x1E, 0x86, 0x36, 0xFC, 0x3E, 0x27,
    0x1A, 0x89, 0x27, 0xAD, 0x76, 0x34, 0x69, 0xD6, 0x36, 0x7E, 0xED, 0x0B, 0x17, 0x19, 0xDD, 0x4A,
    0xD6, 0x8E, 0x81, 0x42, 0xF4, 0xA8, 0xD9, 0x06, 0x28, 0xE7, 0x30, 0x9A, 0xA5, 0xF8, 0x72, 0xB8,
    0x70, 0x10, 0x80, 0x03, 0x2E, 0x3A, 0xFC, 0x60, 0xF6, 0x2D, 0x80, 0xDC, 0x21, 0x5B, 0x6A, 0xE5,
    0x6A, 0xF7, 0x46, 0xB5, 0xA1, 0x82, 0x20, 0x5D, 0x8D, 0x99, 0x2A, 0xC0, 0x6A, 0x79, 0xD8, 0x42,
    0x38, 0x99, 0x27, 0x4E, 0xE2, 0x86, 0x56, 0xEA, 0x0B, 0xB1, 0x19, 0x0A, 0x9B, 0x39, 0x47, 0xE8,
    0xC4, 0x88, 0x9C, 0x80, 0xB3, 0x08, 0x27, 0xDB, 0x44, 0xDF, 0x2D, 0x33, 0x04, 0xDE, 0xE6, 0x03,
    0x7D, 0x6F, 0xED, 0x66, 0xDB, 0xB4, 0xFE, 0xDA, 0xAB, 0xEC, 0x7A, 0xE6, 0x63, 0xB9, 0x07, 0x1E,
    0xCC, 0x87, 0x64, 0x0F, 0x57, 0xFE, 0x24, 0x60, 0x77, 0xF3, 0x9F, 0x04, 0x6C, 0x11, 0xA1, 0xC7,
    0x0E, 0x84, 0xA1, 0x9F, 0x3E, 0x03, 0x32, 0x3E, 0x17, 0x44, 0x8D, 0xAF, 0x0F, 0xF9, 0x6F, 0x67,
    0xDF, 0xB5, 0x3C, 0x3B, 0xA3, 0xAB, 0xAF, 0x2D, 0x62, 0x1B, 0x20, 0xD8, 0xCA, 0x2F, 0x89, 0xFE,
    0xB8, 0x04, 0x99, 0xE6, 0x8D, 0xE3, 0xFA, 0x0F, 0xBD, 0x56, 0xBD, 0x6F, 0x1D, 0x45, 0x10, 0x9F,
    0x7B, 0x87, 0x7D, 0xC1, 0xAB, 0xF8, 0x5C, 0x38, 0x52, 0x84, 0xAC, 0x1C, 0x45, 0x0A, 0x13, 0xD9,
    0xBE, 0xC6, 0x85, 0x8B, 0xFB, 0x58, 0x2B, 0x05, 0x45, 0x10, 0x71, 0x01, 0xA2, 0xC3, 0x29, 0x52,
    0xD0, 0x39, 0x45, 0x0A, 0x17, 0x77, 0x7E, 0x17, 0x28, 0x28, 0x52, 0xE0, 0xFF, 0x20, 0x2E, 0x22,
    0x24, 0x88, 0x04, 0x14, 0x29, 0x5E, 0xE1, 0xF0, 0x4E, 0xF1, 0x3F, 0x70, 0x52, 0x0A, 0x0A, 0x9A,
    0x57, 0xD0, 0x51, 0xE4, 0x88, 0x1E, 0xD2, 0x21, 0x9D, 0x6F, 0xF9, 0xCD, 0xEE, 0x3E, 0xFB, 0xC5,
    0x31, 0xC4, 0x34, 0xEC, 0xC7, 0xEC, 0xDE, 0x6F, 0x67, 0x66, 0x3F, 0x66, 0x76, 0xF6, 0x54, 0xAB,
    0x4C, 0x56, 0xAA, 0x36, 0x75, 0xAC, 0x0B, 0x52, 0x3B, 0x45, 0x55, 0x69, 0x9B, 0xF1, 0x7F, 0x4E,
    0x7D, 0x68, 0xE5, 0x4A, 0x36, 0x4D, 0xBE, 0xE7, 0xE3, 0xA8, 0x6D, 0xDB, 0x34, 0x4D, 0xB2, 0x41,
    0x6D, 0xE8, 0x42, 0xDB, 0x1E, 0xC6, 0xD7, 0xDE, 0x9D, 0x77, 0x8B, 0xD8, 0x97, 0x91, 0x4F, 0x6D,
    0x6A, 0x4B, 0xEA, 0x97, 0x28, 0x89, 0x5F, 0x64, 0x01, 0x0D, 0xD6, 0xA8, 0x8E, 0xCE, 0x41, 0xB6,
    0x16, 0x2D, 0xF3, 0x61, 0x48, 0x90, 0x5D, 0x15, 0x12, 0x7A, 0x28, 0xA6, 0xE9, 0x82, 0x69, 0x51,
    0xCE, 0x80, 0x17, 0x2C, 0xFF, 0x24, 0x7B, 0x2E, 0x2E, 0xC6, 0xE1, 0x71, 0x0A, 0x3C, 0x55, 0xE1,
    0xB1, 0x18, 0xDF, 0x21, 0xCA, 0xB1, 0xEF, 0x8A, 0xFA, 0x2D, 0xD8, 0x8B, 0x7E, 0x47, 0xFD, 0x9A,
    0xFA, 0x92, 0xEE, 0xEB, 0xF3, 0x48, 0x90, 0x28, 0x3D, 0x29, 0x14, 0xD2, 0x34, 0xCD, 0xF2, 0x7C,
    0x59, 0x34, 0xE4, 0x56, 0xE0, 0x0C, 0x15, 0x79, 0x05, 0xDA, 0x38, 0x90, 0x3E, 0x4B, 0x0E, 0x44,
    0xB9, 0xAA, 0x5B, 0xAF, 0xCC, 0x6C, 0x5B, 0x1B, 0xFC, 0xF9, 0x88, 0x34, 0xDF, 0xCD, 0x92, 0xB4,
    0x9C, 0x7F, 0xF3, 0x98, 0xFA, 0xA5, 0x68, 0xD6, 0x7C, 0xB5, 0xC9, 0x96, 0x88, 0x42, 0x71, 0x54,
    0xB7, 0x44, 0xE3, 0xC8, 0x7D, 0x51, 0x46, 0xE4, 0xD4, 0x91, 0xFB, 0x0B, 0x5A, 0xB7, 0x34, 0xAD,
    0x90, 0x06, 0x0F, 0xC8, 0xF0, 0x45, 0x64, 0xE4, 0x06, 0xE4, 0xB2, 0x9E, 0xDE, 0x01, 0x39, 0xFB,
    0xC6, 0x98, 0xC1, 0x31, 0x84, 0x4C, 0x37, 0x09, 0xC8, 0x97, 0xA6, 0x9B, 0x89, 0x22, 0xB0, 0xD6,
    0xC6, 0x9A, 0x22, 0xDB, 0x7D, 0xEA, 0x96, 0x83, 0x53, 0x74, 0xE2, 0x0F, 0x99, 0xF8, 0xAA, 0xB2,
    0xDD, 0x64, 0xC7, 0xB3, 0xBA, 0xC8, 0x3F, 0xF6, 0x9D, 0xC7, 0xF4, 0x9E, 0x04, 0x71, 0xB6, 0xD6,
    0x84, 0x22, 0x55, 0xFB, 0x1D, 0xE9, 0x85, 0x3F, 0xAF, 0x9B, 0x84, 0x27, 0x1A, 0xC7, 0xEE, 0x51,
    0x19, 0x45, 0x10, 0xE1, 0xE5, 0x63, 0xB9, 0xBB, 0x58, 0x09, 0x76, 0xD0, 0xC3, 0x0E, 0x06, 0xE8,
    0x8A, 0x42, 0xA3, 0x19, 0xBA, 0x3E, 0x31, 0x6F, 0x16, 0x89, 0x12, 0xB6, 0x09, 0x1E, 0x7D, 0xF9,
    0x67, 0x93, 0xEE, 0x48, 0xCA, 0x08, 0x7A, 0x87, 0x23, 0xD6, 0xBB, 0xC5, 0x65, 0x86, 0x89, 0x23,
    0x7D, 0xAC, 0x3D, 0xA2, 0x75, 0x5A, 0x20, 0x67, 0x93, 0xFC, 0x6F, 0x64, 0xB0, 0x46, 0xD1, 0x06,
    0xAD, 0xFF, 0x44, 0x0B, 0x12, 0xC8, 0x0C, 0xA0, 0x1D, 0x0A, 0xD6, 0x22, 0x80, 0xF7, 0x81, 0x8E,
    0x00, 0x4B, 0x5A, 0x64, 0xBD, 0x38, 0x36, 0xCC, 0x25, 0x17, 0x17, 0x28, 0xCE, 0xC0, 0x41, 0xE2,
    0x36, 0xB9, 0x47, 0x92, 0x24, 0x90, 0x2D, 0x40, 0xAD, 0x96, 0x12, 0xB7, 0xE7, 0x81, 0x7E, 0x48,
    0x24, 0x37, 0x79, 0x9F, 0x0E, 0x96, 0x5C, 0x93, 0xBF, 0x4B, 0xD1, 0x2A, 0x3D, 0x85, 0x51, 0x2F,
    0x51, 0xE4, 0x8C, 0xBD, 0x2A, 0x94, 0x31, 0x85, 0xD2, 0xAB, 0x9C, 0x31, 0x96, 0x72, 0xA9, 0xA0,
    0x1A, 0x0E, 0x14, 0x48, 0x6F, 0xE4, 0xD4, 0xDE, 0x28, 0x90, 0x39, 0xBE, 0xE1, 0x07, 0x2E, 0x1F,
    0x21, 0x93, 0x39, 0xB7, 0x5E, 0xA6, 0xA0, 0xA0, 0x67, 0x24, 0x46, 0xBD, 0x86, 0x7A, 0x8D, 0x80,
    0xF9, 0x7F, 0x0E, 0xC1, 0x12, 0x62, 0x6F, 0xAD, 0x68, 0xFC, 0xC2, 0x90, 0xB0, 0xF3, 0x0B, 0x3D,
    0xA0, 0x59, 0x34, 0xB3, 0x16, 0xD3, 0x0A, 0x4E, 0xF5, 0xE5, 0x6E, 0x75, 0x6E, 0x89, 0xDD, 0x2A,
    0xE2, 0x02, 0x2F, 0x99, 0xD8, 0x69, 0x8A, 0xD9, 0xF9, 0x0E, 0x8E, 0x56, 0xF6, 0x55, 0x7D, 0xEF,
    0xD5, 0x98, 0xEA, 0x86, 0xCB, 0xAB, 0x9A, 0xD4, 0x88, 0x54, 0x41, 0x58, 0x46, 0x03, 0x8B, 0x11,
    0x16, 0x4E, 0x13, 0xC3, 0x63, 0x6F, 0xA6, 0x4C, 0x02, 0xC2, 0x3A, 0xA3, 0x4B, 0x29, 0x96, 0xDD,
    0x6B, 0x83, 0x4E, 0x3A, 0xC3, 0xB1, 0x33, 0x54, 0xAA, 0x93, 0x34, 0xAB, 0x14, 0xDC, 0x4D, 0x53,
    0x83, 0x98, 0x51, 0xC3, 0x69, 0xA4, 0xF4, 0x41, 0x16, 0x24, 0x88, 0x2E, 0x13, 0x61, 0x2F, 0xF7,
    0x78, 0x1E, 0x6C, 0xCF, 0xFD, 0x88, 0xE6, 0x04, 0x2D, 0xB9, 0x72, 0x03, 0x0C, 0xE4, 0x18, 0x4F,
    0x33, 0x4D, 0xEF, 0x41, 0x75, 0xC0, 0xCD, 0x1F, 0x2F, 0xF4, 0x65, 0xD9, 0x7B, 0xA9, 0x9D, 0x17,
    0x77, 0x6D, 0xAA, 0x31, 0xA0, 0x65, 0xB1, 0x02, 0x2B, 0x4E, 0x35, 0x7F, 0xD2, 0xAC, 0xAF, 0x5C,
    0x5E, 0x9A, 0xF7, 0x28, 0x59, 0xD9, 0x0B, 0x3F, 0x0E, 0x49, 0x74, 0xB5, 0xFB, 0x12, 0x92, 0x43,
    0x49, 0xFD, 0x62, 0xD2, 0x58, 0xD0, 0xB2, 0x58, 0x01, 0x5A, 0x21, 0xD2, 0x5A, 0x74, 0x73, 0xE3,
    0xFB, 0x3E, 0x82, 0x85, 0x5E, 0x14, 0x26, 0xE2, 0xC3, 0xE5, 0xFB, 0xBD, 0xC6, 0xFE, 0x4E, 0xFA,
    0xD8, 0x9C, 0xDA, 0xC0, 0x02, 0x5A, 0x03, 0x0B, 0xF3, 0x5D, 0x62, 0x18, 0x9B, 0xE1, 0xA8, 0xC0,
    0x12, 0x31, 0xDF, 0x27, 0x54, 0x55, 0xA9, 0xAA, 0xA1, 0xD7, 0xF3, 0x5F, 0xB2, 0xDB, 0x3F, 0x8B,
    0x75, 0x85, 0xAA, 0x3E, 0x95, 0xCC, 0xED, 0x9E, 0xC9, 0x9F, 0x55, 0x4F, 0xDE, 0xC0, 0x9E, 0x54,
    0xCC, 0xDD, 0x53, 0xD2, 0xEB, 0x60, 0xE9, 0x51, 0xAA, 0xCA, 0xC4, 0x1B, 0x3F, 0x13, 0xF5, 0xFB,
    0xD4, 0xEC, 0xF7, 0x6A, 0xB6, 0xB0, 0xA3, 0x29, 0xFA, 0xF0, 0x22, 0xAF, 0x22, 0xBF, 0x24, 0xF8,
    0x5A, 0x0A, 0x5F, 0x84, 0x17, 0x5A, 0x0F, 0x60, 0xC6, 0x69, 0x3A, 0x9D, 0xDE, 0x18, 0xC5, 0x5C,
    0x09, 0x66, 0x4A, 0x72, 0xAF, 0x4E, 0xEE, 0x38, 0x4D, 0x02, 0x1D, 0x09, 0x3C, 0x26, 0x81, 0xFE,
    0x04, 0xDA, 0x39, 0x42, 0x26, 0xD0, 0x9C, 0x80, 0x3B, 0xC6, 0x59, 0xC4, 0x34, 0xA5, 0x10, 0x8E,
    0x95, 0x4C, 0x6A, 0x4E, 0xC3, 0x2A, 0x17, 0xAA, 0xC9, 0x83, 0xCD, 0x36, 0xBF, 0x4A, 0x7B, 0x88,
    0xC6, 0xC0, 0x28, 0x47, 0x6D, 0x73, 0x28, 0x8B, 0xA1, 0x0C, 0x6F, 0x0A, 0x8E, 0x35, 0x46, 0x8D,
    0xEC, 0x01, 0x5B, 0xFF, 0x9E, 0xCA, 0xFA, 0x7D, 0xAC, 0x79, 0x9B, 0x28, 0x30, 0x15, 0xCE, 0x1E,
    0x56, 0xF1, 0x38, 0xD6, 0x70, 0xEC, 0xF3, 0xB5, 0x15, 0xAE, 0x69, 0xCB, 0x45, 0xB6, 0x5C, 0xF9,
    0x84, 0x28, 0xC5, 0x25, 0x88, 0x11, 0xFB, 0x37, 0xD2, 0x0E, 0x55, 0x9D, 0xA9, 0x8C, 0xF1, 0x58,
    0x45, 0x1B, 0x90, 0xB8, 0x48, 0xBD, 0x7E, 0x1D, 0xB7, 0xE1, 0xF3, 0x70, 0x3B, 0xDD, 0xEE, 0x23,
    0xA7, 0xDB, 0xC1, 0x76, 0x6F, 0x6E, 0xF7, 0x20, 0x6B, 0xB3, 0x2E, 0x53, 0xC8, 0x5D, 0xD6, 0x2E,
    0x6F, 0xB1, 0x67, 0xAD, 0xB0, 0xB7, 0xC1, 0xEF, 0xE0, 0x81, 0xEC, 0x8B, 0x43, 0x89, 0x0E, 0x3E,
    0x01, 0x9A, 0xD1, 0x43, 0x9D, 0x5F, 0x4F, 0x8C, 0xE4, 0x38, 0xD1, 0x80, 0xB7, 0xF2, 0xEF, 0x57,
    0xEE, 0x7F, 0x4F, 0x6F, 0x09, 0x10, 0x17, 0xD8, 0xF1, 0x85, 0x78, 0xB4, 0x49, 0x53, 0xBF, 0x48,
    0x7D, 0x4A, 0x03, 0x6D, 0xCC, 0x58, 0x1B, 0x73, 0x60, 0x23, 0x18, 0x6C, 0xEF, 0x8E, 0x26, 0x86,
    0x7F, 0x58, 0xFA, 0xB7, 0x4A, 0x5F, 0x94, 0x27, 0x5C, 0xCE, 0x0F, 0x08, 0x12, 0x57, 0x43, 0xA5,
    0x7E, 0x9B, 0x6D, 0xD5, 0xB7, 0x58, 0xDF, 0x18, 0x12, 0xC3, 0xCE, 0xBE, 0x8C, 0x6F, 0x39, 0x52,
    0x81, 0x27, 0x46, 0x3C, 0x80, 0xD6, 0x87, 0x85, 0xF7, 0xFB, 0x8F, 0xD2, 0x51, 0xC7, 0x88, 0x22,
    0x26, 0x42, 0xA6, 0xEC, 0x79, 0x43, 0xDC, 0x2E, 0xD5, 0x91, 0xF8, 0xF5, 0x51, 0xE1, 0xDD, 0xFA,
    0x5A, 0xEA, 0x78, 0x30, 0x2B, 0x75, 0x5C, 0x40, 0x64, 0xE7, 0x2F, 0x7A, 0xAC, 0x2F, 0x5A, 0x73,
    0x72, 0x68, 0xBE, 0x1E, 0x9A, 0xE1, 0xA7, 0x4B, 0xBF, 0x5D, 0x09, 0x3F, 0x43, 0x19, 0xBF, 0x5E,
    0x35, 0x3F, 0x5F, 0x15, 0xBF, 0x5F, 0xD0, 0x70, 0x05, 0xAC, 0xA9, 0xAD, 0x36, 0xDD, 0xA5, 0x39,
    0xD9, 0x42, 0xF8, 0x90, 0x15, 0x4C, 0xD2, 0x0D, 0xCB, 0x83, 0xBB, 0x88, 0x07, 0x92, 0x78, 0x9C,
    0xEB, 0x22, 0xBF, 0x9E, 0x9C, 0xCE, 0xD1, 0x93, 0x41, 0x0F, 0xEB, 0xC8, 0x98, 0x2F, 0xE7, 0x4B,
    0x77, 0x9A, 0xF8, 0x93, 0xA3, 0x06, 0x5F, 0x57, 0x4B, 0xE8, 0xE0, 0x42, 0xCE, 0x30, 0xE0, 0x60,
    0xD9, 0xF2, 0x83, 0xA5, 0xC9, 0x5D, 0x7C, 0xEE, 0x5F, 0x44, 0xEE, 0xDC, 0xD9, 0x16, 0xAC, 0x46,
    0x43, 0xE4, 0xE0, 0x1D, 0x68, 0x1C, 0x24, 0x86, 0xD0, 0xD6, 0x60, 0x71, 0x6A, 0x94, 0xFF, 0x82,
    0x9B, 0x21, 0x93, 0x53, 0xCC, 0xA9, 0x07, 0x1F, 0x20, 0x5E, 0x81, 0xD9, 0xD1, 0x12, 0xA7, 0xAA,
    0x98, 0x2C, 0xE7, 0x39, 0x82, 0xB2, 0xDD, 0xB9, 0xA6, 0x4C, 0x80, 0x7E, 0xA1, 0x3B, 0x3C, 0xF0,
    0x37, 0xED, 0x93, 0x31, 0x8E, 0xD3, 0x40, 0x14, 0x86, 0xBF, 0xD8, 0x52, 0x2C, 0xED, 0x80, 0xA7,
    0x42, 0xA2, 0xB1, 0xDD, 0x6C, 0x85, 0xE2, 0xB8, 0x49, 0x11, 0x24, 0x27, 0x99, 0x1B, 0xD0, 0x90,
    0x23, 0xD0, 0x02, 0x45, 0x8A, 0x14, 0x89, 0x1C, 0x89, 0x0B, 0xE4, 0x08, 0x29, 0x16, 0x09, 0x51,
    0x8D, 0x60, 0xA5, 0x45, 0x5A, 0xAF, 0xE2, 0x23, 0xEC, 0x09, 0x90, 0x8F, 0xE0, 0xC2, 0xD2, 0xBA,
    0xC8, 0xC6, 0xCC, 0x24, 0xCB, 0x2E, 0x0A, 0x0D, 0x07, 0xE0, 0xBD, 0xDF, 0xD6, 0xCC, 0x78, 0xE6,
    0xBD, 0xFF, 0xFD, 0x6F, 0xDC, 0x5D, 0x93, 0xE4, 0xCC, 0x7C, 0x2A, 0x49, 0x25, 0x9E, 0xA0, 0x25,
    0x69, 0x8C, 0xAC, 0x31, 0xA6, 0xB5, 0xC1, 0xD1, 0x18, 0xC3, 0x1E, 0xE7, 0x27, 0xC2, 0x27, 0xF0,
    0x19, 0xFA, 0x64, 0xED, 0x2D, 0x3E, 0x47, 0xBC, 0x78, 0x9B, 0xED, 0x66, 0xCC, 0xC8, 0xCA, 0x77,
    0x39, 0xD2, 0xFA, 0xC5, 0x72, 0x5B, 0x41, 0xE7, 0x0B, 0xD1, 0x9E, 0xD4, 0x44, 0x82, 0xBB, 0x86,
    0xFB, 0xF7, 0xD4, 0x36, 0x89, 0xD2, 0x82, 0x51, 0x1F, 0xD9, 0xD8, 0x24, 0xD3, 0xE9, 0xB6, 0x25,
    0x30, 0x9B, 0xE6, 0x54, 0x94, 0x4E, 0xE1, 0x16, 0x42, 0x49, 0xBA, 0x1B, 0xC6, 0x37, 0x96, 0xCC,
    0x91, 0x4F, 0xD4, 0x30, 0x0F, 0x1F, 0x18, 0xFE, 0x48, 0x48, 0x0E, 0x27, 0xBB, 0x6B, 0xC6, 0x3B,
    0xAA, 0xF0, 0x50, 0x82, 0xA4, 0x8E, 0x98, 0xB4, 0x74, 0xDE, 0x58, 0x42, 0xE7, 0x39, 0x93, 0xD2,
    0xEE, 0x61, 0xF0, 0x84, 0xAC, 0x6D, 0xFE, 0x9C, 0x1A, 0xB3, 0x2B, 0xF0, 0xEA, 0xEB, 0x45, 0xD6,
    0xD6, 0xC7, 0xA9, 0x19, 0x9F, 0x3D, 0x4B, 0x07, 0xB6, 0xE4, 0x8F, 0x83, 0xF4, 0xF9, 0xD9, 0x66,
    0xD0, 0x0B, 0x7C, 0x29, 0xA5, 0x1F, 0xF4, 0x06, 0x9B, 0xEB, 0x26, 0x8F, 0xB5, 0xAF, 0xE5, 0x6F,
    0xEF, 0xFE, 0x83, 0x86, 0x59, 0xE1, 0x9C, 0xF8, 0xA4, 0x4D, 0xCA, 0x72, 0x41, 0xCC, 0x88, 0x45,
    0xA7, 0xF2, 0x8A, 0x88, 0x05, 0xED, 0x3E, 0xA9, 0x37, 0x23, 0xFA, 0xA4, 0xE6, 0xD4, 0x92, 0x88,
    0x68, 0xBD, 0x4C, 0xEA, 0xFF, 0xA2, 0x1B, 0xD1, 0x0D, 0x8B, 0x97, 0x11, 0x78, 0x88, 0x56, 0x8D,
    0x3C, 0x35, 0x14, 0x2A, 0x8D, 0x54, 0x74, 0x67, 0x23, 0x79, 0xF7, 0x84, 0x82, 0xD4, 0x35, 0x92,
    0x16, 0xAF, 0xA7, 0xCA, 0x94, 0x1C, 0x3A, 0xCA, 0x6B, 0x95, 0xFD, 0xB4, 0xA3, 0x6F, 0x8A, 0x70,
    0x57, 0x43, 0xB7, 0x30, 0x30, 0x03, 0x33, 0x35, 0x8B, 0x43, 0x4F, 0x85, 0x21, 0x5E, 0x8E, 0x53,
    0xE1, 0x56, 0x88, 0x94, 0x58, 0x32, 0xF7, 0x94, 0x68, 0x38, 0xB7, 0x59, 0x56, 0x1C, 0xA2, 0x0D,
    0xDD, 0x55, 0x2C, 0x10, 0x3B, 0xA3, 0xA1, 0xF5, 0xAB, 0x93, 0xC6, 0xEB, 0x83, 0xB8, 0x16, 0x01,
    0xFA, 0x92, 0xEF, 0x05, 0x5B, 0xD8, 0x2A, 0xBE, 0xDD, 0xA2, 0xE7, 0xE8, 0xF0, 0xF1, 0xB7, 0x31,
    0x76, 0x5D, 0x6F, 0xC9, 0x93, 0x4F, 0x2B, 0x2D, 0x9D, 0x42, 0xFB, 0x7F, 0x3F, 0xA7, 0x97, 0xEA,
    0xAA, 0xE1, 0x26, 0x3E, 0x34, 0x41, 0x3C, 0x20, 0xEF, 0x1B, 0x02, 0x3C, 0xE6, 0xC4, 0x74, 0x42,
    0x73, 0xC9, 0xE4, 0xB6, 0x93, 0xD3, 0xFB, 0xBC, 0xF8, 0x50, 0xF6, 0xE8, 0xB1, 0xAD, 0xEC, 0xFB,
    0xE8, 0x81, 0x12, 0xD5, 0x2F, 0x85, 0x56, 0xBF, 0x6F, 0x14, 0x47, 0x14, 0xFE, 0x76, 0x17, 0x7B,
    0x13, 0xAD, 0xE4, 0x41, 0x11, 0x0E, 0xE9, 0x36, 0x7D, 0x24, 0xB6, 0xA1, 0xB4, 0x6F, 0x47, 0xB8,
    0x0B, 0x05, 0x2E, 0x38, 0x51, 0xE4, 0x1F, 0x88, 0x50, 0x24, 0xDA, 0x14, 0xC6, 0xB7, 0x09, 0x05,
    0x45, 0x0A, 0xDC, 0xD0, 0x13, 0x25, 0x45, 0xB0, 0x0B, 0x1A, 0x8A, 0x2B, 0xD6, 0xDC, 0x02, 0x45,
    0x0A, 0x4B, 0x64, 0x05, 0x4A, 0x52, 0xA4, 0x60, 0x25, 0x82, 0x90, 0xA0, 0xF0, 0x24, 0x59, 0x2B,
    0x8B, 0xBD, 0xB7, 0x93, 0xEF, 0xCD, 0x1E, 0x18, 0x4C, 0xA2, 0x9C, 0xEE, 0xFB, 0xDE, 0xCD, 0xEC,
    0xCC, 0x9B, 0x37, 0xEF, 0xD7, 0x1E, 0x8E, 0x01, 0xF0, 0x6D, 0x0D, 0xA8, 0xA7, 0x39, 0x30, 0xC0,
    0x7B, 0xC0, 0x1A, 0xA7, 0x50, 0x73, 0xB6, 0x33, 0x08, 0xAC, 0x25, 0x15, 0x38, 0xA4, 0xB1, 0xD0,
    0x1A, 0x1F, 0x74, 0x09, 0xE2, 0xE7, 0x37, 0xD5, 0x81, 0x2D, 0xE0, 0xD9, 0x27, 0x05, 0xF7, 0x04,
    0x87, 0xF4, 0x7C, 0x13, 0xB2, 0x17, 0xF8, 0x36, 0xC3, 0xFC, 0xDF, 0x05, 0x26, 0xB6, 0x08, 0xEC,
    0xAE, 0x51, 0x8F, 0x76, 0x4C, 0x72, 0xF6, 0xDA, 0xF1, 0x54, 0x9D, 0xC3, 0xB2, 0x3A, 0x85, 0x3C,
    0x5E, 0x46, 0x7E, 0x6A, 0x09, 0xF9, 0xD2, 0x1A, 0x71, 0x1B, 0xF9, 0x97, 0x06, 0x6B, 0xB5, 0xC1,
    0xF2, 0x9F, 0x15, 0xD2, 0xBF, 0x4A, 0xC4, 0x4F, 0x8A, 0x8F, 0xD5, 0xB3, 0xBB, 0x46, 0xCC, 0x08,
    0xAD, 0xCD, 0xA2, 0x73, 0xAB, 0x70, 0x9F, 0xF9, 0xEF, 0x01, 0x8E, 0xC3, 0xEE, 0x56, 0xA5, 0x4A,
    0xCF, 0xA4, 0xC0, 0xF1, 0x01, 0xA7, 0x73, 0xEF, 0xCC, 0x46, 0x1E, 0x3C, 0x36, 0x6D, 0x30, 0x5D,
    0x6D, 0x02, 0x83, 0x26, 0x28, 0xD1, 0xD2, 0xA2, 0x5C, 0x6C, 0x26, 0x06, 0x44, 0xB2, 0x42, 0x9D,
    0x4F, 0xEE, 0x89, 0xCE, 0x8A, 0x76, 0x69, 0x78, 0xD4, 0x39, 0x1C, 0xAE, 0xFA, 0x3C, 0xC3, 0xC1,
    0xD0, 0x23, 0x47, 0x61, 0x6D, 0x41, 0x94, 0xFE, 0xDE, 0x50, 0xBF, 0x39, 0x3F, 0xE2, 0xE5, 0x8F,
    0xAE, 0x85, 0x4F, 0xDB, 0x52, 0x9B, 0xC1, 0x6E, 0x65, 0x68, 0x00, 0xEF, 0x8D, 0x67, 0x27, 0xF7,
    0x56, 0xF9, 0xA8, 0xC5, 0x27, 0xFB, 0xDF, 0xBB, 0x71, 0x6A, 0x1B, 0x37, 0x3E, 0xAA, 0x63, 0xC2,
    0xF3, 0x04, 0xD4, 0x26, 0x1A, 0xDD, 0xDC, 0xED, 0xC9, 0x23, 0xC6, 0xE2, 0xC0, 0x1E, 0x70, 0xBD,
    0xFD, 0xCA, 0x96, 0xEB, 0x98, 0x62, 0x84, 0x04, 0x2D, 0x52, 0x28, 0x1E, 0x34, 0x80, 0xD2, 0x0D,
    0xD6, 0x1D, 0x77, 0x87, 0xEC, 0x3B, 0x0E, 0x1C, 0x87, 0x8E, 0x95, 0x5B, 0xA3, 0x64, 0x3D, 0x4E,
    0x39, 0x6F, 0x2E, 0x39, 0x3E, 0x21, 0xE4, 0x69, 0x4F, 0x47, 0x26, 0xA8, 0xA2, 0x86, 0x68, 0x67,
    0xE8, 0x88, 0xDD, 0xA0, 0xBA, 0x64, 0xB7, 0x5E, 0xD2, 0xAA, 0x2E, 0xDA, 0xB9, 0x5F, 0xC5, 0xBF,
    0x3E, 0xFB, 0x5D, 0x7E, 0xC7, 0xBF, 0x1C, 0xD4, 0x51, 0x71, 0x50, 0x45, 0xC5, 0x84, 0x48, 0x67,
    0x48, 0x08, 0x55, 0x2D, 0xCE, 0x82, 0x35, 0xB1, 0xE5, 0xB8, 0x97, 0xB5, 0x93, 0xB9, 0xD7, 0xF6,
    0x12, 0xEB, 0x2F, 0x57, 0x9D, 0xA4, 0x0F, 0xD2, 0x4E, 0x64, 0x77, 0x93, 0x49, 0x93, 0x63, 0x30,
    0x0E, 0xCC, 0x3C, 0x65, 0x3B, 0x96, 0x74, 0xDA, 0xFE, 0xAC, 0x97, 0x13, 0x6B, 0xC6, 0x01, 0x53,
    0x75, 0xB2, 0xAF, 0xC7, 0x1E, 0x83, 0xC7, 0x84, 0x1D, 0x23, 0xE9, 0x7A, 0x89, 0x91, 0xEE, 0xA5,
    0xCA, 0x72, 0x51, 0x89, 0x48, 0xE4, 0xFA, 0x66, 0x3F, 0x4E, 0xEC, 0xBE, 0xE8, 0x85, 0xBF, 0x45,
    0xEF, 0xB9, 0xCF, 0x9C, 0xC6, 0xE2, 0xF9, 0xDE, 0xAA, 0xCA, 0x71, 0xEB, 0x2C, 0x99, 0xF4, 0xF6,
    0x38, 0x4E, 0x58, 0x18, 0x64, 0x65, 0x5B, 0xCE, 0x24, 0xFA, 0xA3, 0x1C, 0x77, 0x06, 0x6E, 0xA5,
    0xE3, 0x2A, 0xD9, 0xA0, 0x65, 0x8D, 0xB2, 0xD4, 0xBF, 0xED, 0xD9, 0x46, 0x76, 0xF9, 0xD3, 0x1C,
    0x71, 0x86, 0x41, 0x0E, 0x55, 0x08, 0x87, 0x35, 0xD6, 0x73, 0x16, 0xC2, 0x0B, 0x6A, 0xF0, 0xAC,
    0x3B, 0x08, 0x43, 0x3A, 0xDA, 0xD3, 0x98, 0x1B, 0x20, 0x34, 0x48, 0x53, 0x44, 0x06, 0x83, 0x91,
    0x95, 0x4F, 0xCF, 0x2A, 0x8B, 0x97, 0xD0, 0xBE, 0x39, 0x13, 0x96, 0x4B, 0xB1, 0xCF, 0x98, 0xAC,
    0xA9, 0xC0, 0x04, 0x66, 0xAC, 0x82, 0xCA, 0x37, 0x75, 0x74, 0xB5, 0xF4, 0x6A, 0x13, 0xEE, 0x14,
    0x68, 0x4C, 0xF0, 0x53, 0x81, 0xAE, 0x0A, 0x1E, 0x67, 0x98, 0x94, 0x01, 0x33, 0x7A, 0xC4, 0x64,
    0x65, 0x72, 0x15, 0x10, 0xCE, 0x98, 0x07, 0x72, 0x53, 0xCD, 0xF3, 0x83, 0xCA, 0x5A, 0x06, 0xB4,
    0xC1, 0x48, 0x48, 0xAD, 0x08, 0x5D, 0x21, 0x45, 0xF7, 0xAB, 0xE6, 0x84, 0xD0, 0xD2, 0xBF, 0xD0,
    0xF2, 0x3C, 0xD7, 0x2D, 0x83, 0x3B, 0x06, 0x42, 0x89, 0x90, 0xCA, 0x48, 0x11, 0x35, 0x36, 0x72,
    0xAD, 0x55, 0xCC, 0x0D, 0xB5, 0x78, 0xDE, 0x41, 0x31, 0xA9, 0x05, 0xFC, 0xED, 0xD9, 0x6B, 0x99,
    0x62, 0x9D, 0x26, 0xC5, 0x24, 0x4B, 0x91, 0x64, 0x6B, 0x2E, 0x1A, 0x6F, 0x43, 0xE6, 0xE4, 0x59,
    0x92, 0x4D, 0xDC, 0x5A, 0xD9, 0x83, 0xD9, 0x27, 0xA0, 0x1A, 0x01, 0x42, 0xDE, 0x2A, 0xA5, 0xFF,
    0x3A, 0xBF, 0xF6, 0x6B, 0x9C, 0x0E, 0x2A, 0x1C, 0x0B, 0x4B, 0x57, 0x27, 0x6C, 0x03, 0x9D, 0x78,
    0xFB, 0x35, 0x98, 0x25, 0x90, 0xAE, 0xC5, 0xE7, 0xC7, 0xD8, 0x02, 0x4E, 0x7B, 0xDC, 0xC3, 0x42,
    0xAD, 0x10, 0x59, 0xED, 0x31, 0xCB, 0x55, 0xE1, 0x37, 0xAA, 0x88, 0x2A, 0x55, 0x24, 0x99, 0x2A,
    0xEE, 0x40, 0xDD, 0xA3, 0xB9, 0x3B, 0x15, 0xD4, 0x6E, 0x86, 0x4B, 0x76, 0x53, 0x4B, 0xDD, 0x29,
    0x3A, 0x4E, 0x3D, 0x2E, 0xA0, 0x7E, 0x34, 0x50, 0x77, 0x5B, 0xEA, 0x1D, 0xA1, 0x5F, 0x2F, 0xFB,
    0x64, 0x3F, 0xEE, 0x2C, 0x0E, 0x87, 0xE7, 0x6D, 0xFF, 0xE9, 0xE4, 0x30, 0x84, 0x0F, 0x35, 0x42,
    0x6E, 0x62, 0x95, 0x49, 0xE0, 0x11, 0x3F, 0x62, 0x3C, 0x76, 0xB3, 0xE0, 0x60, 0x0A, 0xFF, 0x1B,
    0x16, 0x70, 0xC2, 0x35, 0xB6, 0x44, 0xF0, 0x4C, 0xD6, 0x1E, 0x81, 0xB7, 0xD9, 0x5F, 0x38, 0x91,
    0x56, 0x0C, 0xE9, 0x6D, 0xD6, 0x55, 0xE3, 0xBE, 0x19, 0x49, 0x13, 0xC0, 0x77, 0x46, 0xB9, 0xE4,
    0x91, 0x04, 0x70, 0xB2, 0xF2, 0xDD, 0x42, 0xEE, 0x6D, 0x44, 0x46, 0x05, 0x5C, 0x5E, 0xAB, 0x37,
    0x64, 0xD4, 0x87, 0xA0, 0x61, 0x65, 0x21, 0xD1, 0x7E, 0x7D, 0x39, 0xA1, 0xA4, 0x86, 0x56, 0xF1,
    0x18, 0x84, 0x55, 0x13, 0xD3, 0x2D, 0xBC, 0x5E, 0x9D, 0x20, 0xB7, 0xE5, 0xE8, 0x6B, 0xA6, 0x35,
    0xF3, 0xAD, 0x0B, 0x58, 0x09, 0xC9, 0x1F, 0xB6, 0x0E, 0x76, 0x0D, 0xF3, 0x74, 0x0E, 0xE1, 0x5D,
    0x8D, 0xD9, 0x11, 0x98, 0xA9, 0xEE, 0xE5, 0x2C, 0x4A, 0x4A, 0xCF, 0x5A, 0xB2, 0xE3, 0xCF, 0x25,
    0x68, 0x1A, 0xD1, 0x2E, 0x9D, 0x77, 0xB5, 0x64, 0x8A, 0x11, 0x57, 0x88, 0xFB, 0xF4, 0xCB, 0x8B,
    0xC2, 0x5B, 0xB1, 0x99, 0x32, 0x56, 0xA7, 0x53, 0x5B, 0xAC, 0x31, 0x9E, 0x27, 0xD4, 0x43, 0x33,
    0xEB, 0x71, 0x75, 0xDF, 0x29, 0x43, 0xE9, 0x7E, 0x3C, 0x41, 0xAE, 0x2F, 0x69, 0x45, 0xFD, 0x76,
    0x4A, 0x58, 0xAD, 0x74, 0x5C, 0xA4, 0xD6, 0xD6, 0x82, 0xF8, 0xFA, 0x05, 0x43, 0xD9, 0xC4, 0x99,
    0x2A, 0xD5, 0xF5, 0x09, 0xE3, 0xC5, 0x8B, 0xD8, 0x1B, 0xCE, 0x96, 0xFF, 0x02, 0x3C, 0xB9, 0x04,
    0x7F, 0xC4, 0x95, 0xD4, 0xA2, 0x66, 0xF6, 0x96, 0xF1, 0xCE, 0x99, 0x32, 0x8D, 0xB4, 0x1E, 0x70,
    0x3E, 0x27, 0xDA, 0xD7, 0xF8, 0x74, 0xA3, 0x8D, 0xCE, 0x99, 0x36, 0x3A, 0x4B, 0x9C, 0x31, 0x39,
    0x31, 0x20, 0x52, 0x42, 0xFD, 0xB6, 0x22, 0xEF, 0xA2, 0x12, 0x0C, 0x3B, 0xA2, 0x8D, 0x5E, 0x67,
    0xDF, 0x3A, 0x79, 0x10, 0xA3, 0xA4, 0x24, 0xD6, 0xBC, 0xCE, 0x80, 0x91, 0x58, 0xE6, 0xCB, 0x34,
    0x5F, 0x16, 0xBF, 0x4E, 0x89, 0xD6, 0x37, 0x52, 0x38, 0xCC, 0xA6, 0xD9, 0x98, 0x23, 0x13, 0x6B,
    0xCF, 0x30, 0x32, 0x2C, 0x2E, 0xB4, 0x97, 0xF9, 0xF6, 0x6D, 0xE5, 0x35, 0x3C, 0xFF, 0x43, 0xFF,
    0xD2, 0x41, 0xD0, 0xDD, 0x32, 0xF0, 0xB5, 0xD7, 0xF6, 0x0D, 0xF3, 0x90, 0x2E, 0x6E, 0x6E, 0x76,
    0x19, 0x73, 0x95, 0x6B, 0x46, 0x34, 0xE6, 0x43, 0xDB, 0x0D, 0xB5, 0x1B, 0xC6, 0x4F, 0x87, 0x43,
    0xED, 0x82, 0xE4, 0xC8, 0x85, 0x8D, 0x5D, 0xF3, 0x0B, 0xD1, 0xD7, 0xCA, 0x2B, 0x4B, 0x3C, 0x2D,
    0x9D, 0x6F, 0xE1, 0xD5, 0xD7, 0x36, 0xBC, 0x4F, 0xFC, 0x20, 0x4E, 0x17, 0xFC, 0xCB, 0x0B, 0x68,
    0xDF, 0xF9, 0x6E, 0x2F, 0x80, 0x8F, 0xE2, 0x07, 0x8A, 0x2E, 0xF3, 0xA4, 0xB8, 0xF5, 0x6C, 0xE3,
    0xFB, 0x78, 0xAB, 0x08, 0x5C, 0x1B, 0xB5, 0x9D, 0x0C, 0x2E, 0x6E, 0x3D, 0xBF, 0xF9, 0x4E, 0x92,
    0xFF, 0x0F, 0xA8, 0x4B, 0xD3, 0x29, 0xE5, 0xE2, 0xE8, 0x67, 0x26, 0x50, 0x85, 0xC5, 0x0B, 0x7B,
    0x6E, 0x3C, 0xA4, 0x84, 0xA4, 0xBD, 0x2A, 0x69, 0x7D, 0x86, 0xD1, 0x14, 0x58, 0x9C, 0xE8, 0xFE,
    0x7E, 0xEC, 0x04, 0xFD, 0x5B, 0xB7, 0x9D, 0xB9, 0x46, 0x5A, 0x77, 0x22, 0xB9, 0xE3, 0x52, 0xAA,
    0xC7, 0x0D, 0xE0, 0x80, 0x6B, 0xB8, 0x57, 0xFC, 0x18, 0xEE, 0x19, 0xD7, 0x4B, 0xA6, 0xCC, 0xB1,
    0x0F, 0x1A, 0x6C, 0xAB, 0x1A, 0xF9, 0xA8, 0x46, 0x7B, 0x9B, 0x80, 0xB4, 0x97, 0x9A, 0x2D, 0xB9,
    0x61, 0xDD, 0x49, 0x0D, 0x4A, 0xCF, 0x66, 0x6F, 0xE3, 0x9F, 0x85, 0x4C, 0xFE, 0x84, 0xB0, 0xFE,
    0xE4, 0x7F, 0x45, 0x3B, 0x43, 0xDE, 0x4B, 0xAF, 0x3D, 0xB9, 0x77, 0xC9, 0x88, 0xAD, 0xA9, 0x7D,
    0xE9, 0x4C, 0x3D, 0xB9, 0x37, 0x94, 0xA0, 0x67, 0xA9, 0xEC, 0x33, 0xC0, 0x2B, 0xFC, 0x03, 0xA5,
    0x59, 0x4D, 0x6C, 0x1C, 0x49, 0x15, 0x7E, 0x33, 0x9D, 0xD0, 0x61, 0x27, 0xB8, 0xE7, 0x90, 0xB0,
    0xE2, 0xB0, 0xEA, 0x1C, 0x38, 0x44, 0x60, 0x66, 0x7C, 0x08, 0xD2, 0x2C, 0xD8, 0xEE, 0x5E, 0xAD,
    0x50, 0x0E, 0x1C, 0xD6, 0x07, 0x66, 0x7D, 0x58, 0x41, 0x38, 0x70, 0x21, 0x20, 0x36, 0x87, 0x3D,
    0xE4, 0x30, 0xF6, 0xCC, 0x09, 0x24, 0xD8, 0x03, 0x17, 0xEE, 0x46, 0xCA, 0x01, 0x26, 0xD2, 0x66,
    0x58, 0xE5, 0xD0, 0x1B, 0xEC, 0xE9, 0x5E, 0xB2, 0x12, 0x07, 0x56, 0xF2, 0xF0, 0x93, 0x1B, 0x52,
    0x1A, 0x04, 0x12, 0x5A, 0x0E, 0xA9, 0x25, 0x6D, 0xB9, 0xD7, 0x6E, 0xBB, 0xF8, 0xBE, 0xEA, 0xE9,
    0xF9, 0xB1, 0xC7, 0x3F, 0x2C, 0x93, 0xE9, 0xE7, 0xA9, 0xEA, 0xAA, 0x7A, 0xDF, 0x7B, 0xF5, 0xDE,
    0xAB, 0xF7, 0x2A, 0xB2, 0x21, 0x22, 0xE5, 0x04, 0xC4, 0x19, 0x80, 0x78, 0x3E, 0x88, 0xC6, 0x27,
    0x35, 0xC4, 0x34, 0xCD, 0x0B, 0x33, 0x44, 0x38, 0x58, 0x52, 0xB1, 0xB4, 0xB8, 0x3A, 0x5A, 0x7F,
    0x94, 0x04, 0x41, 0x52, 0x0D, 0xAA, 0x12, 0xC8, 0xD9, 0x5F, 0x91, 0xEB, 0x24, 0xEB, 0x24, 0x6E,
    0x07, 0xC4, 0x56, 0x21, 0x59, 0x18, 0x62, 0x9A, 0xC5, 0x8B, 0xF5, 0xE1, 0xE0, 0x73, 0xAC, 0x1A,
    0x04, 0x0F, 0xFB, 0x8F, 0x92, 0xBA, 0x8E, 0x2B, 0xBA, 0x53, 0x3E, 0x34, 0x9D, 0x1B, 0x98, 0x0A,
    0xB0, 0xEB, 0x84, 0xED, 0x76, 0x20, 0x80, 0xAD, 0xA6, 0xE4, 0xB1, 0x95, 0x79, 0x61, 0x86, 0x98,
    0xC1, 0x98, 0x84, 0xA9, 0x58, 0x00, 0xCB, 0xF4, 0x29, 0xD2, 0xC3, 0xE3, 0x22, 0xA1, 0xE7, 0x38,
    0x2B, 0x4F, 0x8B, 0x84, 0x7C, 0xBA, 0x78, 0xA0, 0xA3, 0xDF, 0x42, 0x45, 0xC1, 0x01, 0x1E, 0x70,
    0x09, 0xA8, 0x34, 0x8B, 0x3A, 0x3B, 0x18, 0x6A, 0x75, 0xD4, 0x41, 0x39, 0xF1, 0x53, 0x2B, 0x3C,
    0xA9, 0x94, 0xEE, 0x43, 0x78, 0x07, 0x8F, 0x07, 0x46, 0x59, 0x20, 0x96, 0x0A, 0xC4, 0x89, 0xB0,
    0x38, 0xC6, 0x64, 0x18, 0x86, 0xD1, 0x4E, 0x24, 0xA6, 0xB9, 0x28, 0xF9, 0xE7, 0x0A, 0x9E, 0xB5,
    0xA3, 0xAB, 0xE6, 0x6C, 0xAA, 0xE8, 0xC0, 0x1A, 0x09, 0xD6, 0x3A, 0xC0, 0xE3, 0xE5, 0x6B, 0x93,
    0x8F, 0xE1, 0xD5, 0x5C, 0xC1, 0xA8, 0x2A, 0x9E, 0x64, 0x7A, 0xE5, 0x4C, 0xAA, 0x68, 0x06, 0x68,
    0x06, 0x68, 0x06, 0xE0, 0x1B, 0xE2, 0x6D, 0x18, 0x0D, 0xE5, 0xC3, 0x73, 0xB5, 0x39, 0x64, 0x0E,
    0xF8, 0x0D, 0x72, 0xDC, 0x24, 0xEB, 0x14, 0x2C, 0xCB, 0x4A, 0xC2, 0xB1, 0x7E, 0x9B, 0x6F, 0x36,
    0x57, 0x9C, 0x68, 0x99, 0xCB, 0x6F, 0x72, 0xB0, 0xD9, 0xF8, 0x6A, 0x31, 0x57, 0xDE, 0x6A, 0xD0,
    0x7E, 0xA0, 0xF8, 0xB2, 0xC2, 0x56, 0x5B, 0xB1, 0x1D, 0x8F, 0x6C, 0x20, 0xBB, 0xDA, 0x6E, 0xAE,
    0x2A, 0x69, 0x11, 0x54, 0x4A, 0x54, 0x6A, 0x24, 0xB0, 0x48, 0xC9, 0x97, 0xB6, 0xA6, 0x38, 0xC0,
    0xA2, 0xB5, 0x84, 0x1D, 0x0B, 0xF3, 0xC3, 0xD8, 0x8E, 0x2E, 0xCA, 0x7B, 0x07, 0x6F, 0xC2, 0x68,
    0x02, 0xBC, 0x06, 0xAD, 0x50, 0x15, 0xDF, 0xCB, 0xE7, 0x50, 0x56, 0x71, 0x30, 0x4B, 0xFB, 0x9E,
    0x8E, 0x3C, 0xDD, 0xD9, 0x82, 0x8C, 0xBA, 0x73, 0x45, 0x12, 0x4B, 0x63, 0x46, 0xFF, 0xD6, 0x53,
    0x50, 0x4F, 0xBF, 0x06, 0x6A, 0xA7, 0x0E, 0x0D, 0x4F, 0x3E, 0x53, 0xC8, 0x38, 0x47, 0xAD, 0x7A,
    0x54, 0x2F, 0xF4, 0xEA, 0xBD, 0x9A, 0xC8, 0xA4, 0x8C, 0xAB, 0x3B, 0x90, 0xF1, 0x7D, 0xB3, 0x39,
    0x6D, 0x0E, 0x76, 0x39, 0xE5, 0x42, 0x2E, 0x67, 0x46, 0xDF, 0x70, 0xC8, 0x4E, 0x6D, 0x06, 0xE9,
    0x42, 0xB0, 0x30, 0xEE, 0xD9, 0x67, 0xCF, 0xB5, 0xE0, 0xDA, 0x4C, 0xDF, 0xA0, 0x87, 0x45, 0x0D,
    0x2E, 0x09, 0xE5, 0x94, 0x32, 0xFA, 0x41, 0x7B, 0x4A, 0x39, 0xCD, 0x36, 0x94, 0x23, 0x19, 0x94,
    0x63, 0x29, 0x00, 0xB3, 0xA2, 0x42, 0x39, 0xD5, 0x19, 0x6E, 0x71, 0x23, 0xB8, 0xB3, 0xF5, 0x5E,
    0x0A, 0x0C, 0xE0, 0x0B, 0xEE, 0xC0, 0x50, 0xF4, 0xC4, 0xCE, 0xC8, 0x51, 0xC6, 0x1B, 0x2A, 0x0A,
    0x1B, 0x6A, 0x25, 0xD8, 0xD0, 0xCA, 0x00, 0x46, 0x55, 0xF7, 0xC1, 0xF2, 0x80, 0x51, 0x20, 0x13,
    0xAF, 0xD9, 0x6C, 0x73, 0x47, 0x9C, 0x08, 0xCA, 0xC3, 0x57, 0x15, 0xF6, 0x6B, 0x3E, 0x0D, 0x7E,
    0xD7, 0xE9, 0xB1, 0x00, 0xEC, 0x76, 0xEC, 0x58, 0xEC, 0xB8, 0x64, 0xFC, 0x99, 0x93, 0xAD, 0x1D,
    0x6C, 0xA8, 0x99, 0xEB, 0xD1, 0xCC, 0x5A, 0x32, 0xB1, 0xA1, 0x39, 0xDF, 0x80, 0xA6, 0x6B, 0x5C,
    0x85, 0x3E, 0x23, 0xC1, 0xA4, 0x21, 0x35, 0x9B, 0x29, 0xCD, 0x33, 0xA0, 0x9D, 0x06, 0x66, 0xB0,
    0x98, 0xBD, 0x9D, 0xA1, 0xE4, 0x3B, 0xA7, 0x07, 0x09, 0x40, 0xC1, 0x37, 0x60, 0x4C, 0x09, 0x88,
    0x35, 0x60, 0x9C, 0x09, 0xA6, 0x03, 0x90, 0x69, 0x16, 0x2F, 0xCC, 0x90, 0xEB, 0xB0, 0xF9, 0x15,
    0x33, 0x35, 0x3D, 0x7D, 0xF9, 0x49, 0xD5, 0x5A, 0x87, 0x0C, 0x8F, 0x32, 0xDB, 0x16, 0xA6, 0x60,
    0xDE, 0x65, 0x38, 0x49, 0x27, 0xC3, 0x49, 0x0E, 0xB3, 0xD0, 0x8E, 0x15, 0x09, 0x15, 0x4E, 0x05,
    0x25, 0x23, 0x05, 0x25, 0xC4, 0x6A, 0xC2, 0x59, 0x04, 0x05, 0x7D, 0xCB, 0xF8, 0xAF, 0x71, 0xE4,
    0xA9, 0x5D, 0xA1, 0xD9, 0x93, 0x78, 0xDC, 0x9D, 0xCD, 0x91, 0xC4, 0xF8, 0x65, 0xC7, 0x1E, 0x85,
    0x75, 0xCC, 0xD6, 0x36, 0xE9, 0x6E, 0x79, 0x0C, 0x30, 0x41, 0x60, 0x7A, 0x77, 0x60, 0x7F, 0x44,
    0xA0, 0x81, 0xC0, 0x52, 0x40, 0x60, 0x0D, 0x80, 0xC0, 0x1A, 0x4C, 0x21, 0x58, 0xFD, 0x07, 0xED,
    0x62, 0x40, 0x98, 0x83, 0x63, 0x08, 0xE8, 0x89, 0x5E, 0x46, 0x04, 0xCB, 0x44, 0xE0, 0x12, 0x81,
    0x3B, 0x8D, 0xE0, 0x4D, 0x22, 0x70, 0x89, 0xC0, 0x9D, 0x81, 0x60, 0x18, 0x68, 0x8A, 0x40, 0xFE,
    0x4A, 0x06, 0x7F, 0x78, 0xAC, 0x5D, 0xD8, 0xC7, 0xB6, 0xCE, 0x3C, 0x8D, 0x00, 0xEA, 0xFC, 0x45,
    0x6E, 0xD1, 0x2E, 0x8F, 0x04, 0x0B, 0xCE, 0x75, 0x38, 0xD7, 0xE5, 0xDC, 0x65, 0x1E, 0x02, 0x4B,
    0x43, 0x5F, 0x22, 0xF0, 0xCC, 0x6B, 0xEE, 0xC0, 0x2E, 0x7F, 0x07, 0xD3, 0xB4, 0x9E, 0x0F, 0x30,
    0x77, 0x97, 0xBE, 0x54, 0xEA, 0xE4, 0x33, 0x2B, 0xF8, 0xEB, 0x30, 0xB0, 0x4A, 0xC5, 0x77, 0xA4,
    0x2D, 0xAE, 0xAD, 0xA5, 0x5E, 0x67, 0x14, 0xA9, 0x89, 0x97, 0x2C, 0x21, 0xE0, 0x2D, 0x02, 0x17,
    0x99, 0xC1, 0x9E, 0x17, 0xA0, 0xD3, 0x2C, 0xAD, 0xCA, 0xF2, 0x8E, 0x92, 0x3A, 0x02, 0x3A, 0x2C,
    0x40, 0x2C, 0x44, 0x8C, 0x92, 0x9A, 0x90, 0x02, 0x00, 0x21, 0x21, 0xF6, 0x0B, 0xBC, 0x01, 0xA2,
    0xEE, 0xBB, 0x95, 0x81, 0x5B, 0x4E, 0x5C, 0xD9, 0x40, 0xE0, 0x38, 0xE1, 0x7B, 0xC1, 0xFC, 0x35,
    0xCE, 0xDE, 0x6C, 0x66, 0x44, 0xAD, 0x0F, 0x93, 0x72, 0x9A, 0x54, 0xE2, 0xC4, 0xED, 0x24, 0x73,
    0x8C, 0xDF, 0x33, 0xBF, 0x32, 0x9C, 0x39, 0xEB, 0xAB, 0x5C, 0x04, 0x4D, 0x27, 0x72, 0x3D, 0xDF,
    0x35, 0x0B, 0x6A, 0x58, 0x94, 0xE1, 0x30, 0xDC, 0xBA, 0xAA, 0x9C, 0xB8, 0x6C, 0xE2, 0x48, 0xE2,
    0x46, 0x89, 0xAD, 0x92, 0x52, 0x0E, 0x46, 0x23, 0x46, 0xF1, 0xC4, 0x76, 0xA3, 0xDC, 0xD4, 0x8C,
    0xB9, 0x41, 0x01, 0x7C, 0x10, 0xDB, 0x4F, 0x7E, 0xFE, 0xFE, 0xF1, 0xA0, 0xBC, 0xB7, 0xCB, 0x23,
    0x23, 0x82, 0xC6, 0xA0, 0xEE, 0x2C, 0xEF, 0xCF, 0x3F, 0x5F, 0xC1, 0xB3, 0x6C, 0x1E, 0x25, 0xCB,
    0xD8, 0xFB, 0x65, 0x6C, 0xFD, 0x32, 0x60, 0x2E, 0x43, 0x6F, 0x87, 0xD4, 0x01, 0xAD, 0x9E, 0x06,
    0x6B, 0x6C, 0x7E, 0x34, 0xED, 0x85, 0x7F, 0x09, 0x03, 0x34, 0x74, 0x7F, 0xF8, 0x00, 0xCA, 0x1E,
    0x94, 0x52, 0x4A, 0xDC, 0xE2, 0x52, 0xCB, 0x8B, 0x8B, 0x8B, 0xE2, 0x7A, 0x8B, 0x99, 0x38, 0x0E,
    0xB1, 0x59, 0x9A, 0xE6, 0xAE, 0x47, 0xC6, 0x66, 0xA6, 0x9A, 0xB9, 0xF9, 0x64, 0x44, 0x40, 0x48,
    0x26, 0xAE, 0xCF, 0x13, 0x16, 0xF3, 0xEB, 0x22, 0x4B, 0xE2, 0xB8, 0x0E, 0x46, 0x3B, 0xDB, 0x9E,
    0x39, 0xB7, 0x8D, 0x8B, 0x6A, 0xC3, 0xDC, 0x8B, 0x86, 0xCE, 0x76, 0x15, 0xE1, 0xCA, 0x6F, 0xD3,
    0x35, 0x26, 0x3C, 0x80, 0xAC, 0xEA, 0x86, 0x7C, 0x84, 0xE5, 0xEB, 0xDC, 0x9E, 0x1A, 0x8F, 0xE9,
    0x1A, 0x5D, 0xB9, 0x46, 0xA7, 0xAE, 0x99, 0xA3, 0xDB, 0x9C, 0xDD, 0x32, 0x4E, 0xB5, 0x26, 0x3A,
    0x0B, 0xA3, 0x2E, 0xF3, 0xD8, 0xE4, 0x19, 0x95, 0x12, 0x43, 0x4A, 0x08, 0xFB, 0x7B, 0xDD, 0xEE,
    0x3D, 0x13, 0x2B, 0xCD, 0xAF, 0x34, 0x2B, 0xF1, 0xAD, 0x1D, 0x05, 0xA9, 0xF3, 0x13, 0x44, 0xB2,
    0x72, 0x29, 0x0B, 0x80, 0x2A, 0x0C, 0xF4, 0x64, 0x92, 0xD5, 0x47, 0x24, 0x28, 0x33, 0xD8, 0x55,
    0x90, 0x26, 0x88, 0xE5, 0x0F, 0x8F, 0x4A, 0x66, 0x73, 0x05, 0xD6, 0x18, 0xF2, 0x00, 0x6B, 0x5D,
    0x6A, 0x9B, 0x10, 0xBD, 0xB6, 0x04, 0x3D, 0xD6, 0x6A, 0x08, 0x23, 0x5F, 0xA8, 0xD3, 0xE2, 0x0D,
    0x59, 0xC6, 0x0B, 0x7C, 0xEB, 0x0C, 0x71, 0xCE, 0xC0, 0x66, 0x22, 0xA3, 0x01, 0x3C, 0x3C, 0xE4,
    0x11, 0xFA, 0x73, 0x5A, 0x82, 0x4F, 0x42, 0x8F, 0x0A, 0x41, 0x4A, 0xBA, 0xE3, 0x88, 0xF5, 0xEF,
    0x8E, 0xD3, 0xB1, 0xFF, 0xD0, 0xB1, 0xA3, 0xCA, 0xCF, 0x3A, 0xD6, 0xC0, 0xF9, 0x31, 0x82, 0x09,
    0x04, 0xB2, 0x06, 0x15, 0x12, 0x3B, 0x12, 0x9B, 0x9E, 0x8C, 0x9E, 0x0C, 0x4E, 0x87, 0xC3, 0x3E,
    0xA3, 0x02, 0x63, 0xAC, 0xF0, 0xFD, 0x61, 0xDA, 0x79, 0x62, 0x8E, 0x7A, 0x7A, 0xB6, 0x5A, 0x05,
    0xF4, 0x10, 0xA9, 0x4C, 0xA8, 0x82, 0x34, 0xB8, 0x13, 0xC8, 0xEC, 0x7F, 0x18, 0x96, 0x5A, 0xA9,
    0x93, 0x7A, 0x69, 0x16, 0x2C, 0x9C, 0x34, 0x28, 0x38, 0x35, 0x87, 0xCD, 0x46, 0x64, 0x66, 0x36,
    0x5B, 0x3D, 0x71, 0xD1, 0xE0, 0xE1, 0xA3, 0x34, 0x8C, 0xC3, 0x4E, 0x3F, 0xC7, 0x71, 0xC2, 0xA0,
    0xB7, 0x82, 0xAD, 0xA0, 0x9E, 0x56, 0xD2, 0x72, 0x7A, 0x06, 0x8E, 0x49, 0xEE, 0x1B, 0x18, 0x02,
    0x55, 0x5C, 0x3F, 0x7F, 0x6E, 0xDF, 0x82, 0x57, 0x95, 0xB5, 0xCF, 0x50, 0x16, 0xC3, 0x9D, 0xD7,
    0x52, 0x04, 0xD6, 0x56, 0x0B, 0xCB, 0xB5, 0xAA, 0x2A, 0x7F, 0x7B, 0x0A, 0x49, 0x14, 0xF2, 0xB7,
    0x03, 0x78, 0x77, 0x0B, 0x09, 0x97, 0xB4, 0x90, 0x7B, 0x49, 0xCB, 0xCA, 0xF8, 0x36, 0x39, 0x63,
    0x0F, 0xA7, 0xB0, 0x5C, 0x17, 0x03, 0xFC, 0xDC, 0x75, 0x02, 0x13, 0xBD, 0x12, 0x57, 0xB6, 0xE3,
    0xE2, 0x55, 0xBB, 0x5B, 0x38, 0x87, 0xF9, 0x95, 0xAF, 0x13, 0x17, 0x87, 0x65, 0x7E, 0xE4, 0xC1,
    0x65, 0x57, 0xC6, 0xCE, 0x71, 0xD4, 0xFD, 0xC6, 0x8E, 0x5C, 0x65, 0x64, 0xDC, 0x42, 0x4C, 0x29,
    0xEB, 0x9B, 0xAC, 0x13, 0x9E, 0xA1, 0x52, 0x08, 0xF5, 0x7E, 0xBC, 0xDE, 0xCA, 0xFE, 0x93, 0x5C,
    0x6F, 0x5D, 0x53, 0x1B, 0x67, 0xE9, 0xE5, 0x54, 0x22, 0xF2, 0x45, 0x19, 0x26, 0xF4, 0x45, 0x0C,
    0xB8, 0xDD, 0xED, 0xDE, 0x37, 0x07, 0x6D, 0x66, 0x7E, 0x4D, 0xE9, 0xCC, 0x9C, 0x93, 0x4E, 0x74,
    0x95, 0xA7, 0xF7, 0xB4, 0xC5, 0xC5, 0x53, 0x7A, 0x69, 0x8C, 0xD0, 0xAF, 0xC8, 0xFF, 0x83, 0xAF,
    0xD1, 0x5A, 0x50, 0x0A, 0xA2, 0x3E, 0x4F, 0x78, 0x6A, 0x0C, 0x6C, 0xFD, 0x54, 0xFB, 0x25, 0xCD,
    0x43, 0xAE, 0x95, 0x1F, 0x38, 0x67, 0xB9, 0xE7, 0x38, 0x20, 0x9E, 0xEE, 0x20, 0xA7, 0x3B, 0xD7,
    0x78, 0x95, 0x33, 0x0C, 0x78, 0x32, 0x75, 0x40, 0x2D, 0xB1, 0xD7, 0x3D, 0xBC, 0x67, 0x32, 0x8E,
    0x2D, 0x66, 0x54, 0x19, 0x8F, 0x77, 0xAF, 0xFB, 0xE0, 0xA3, 0x7B, 0x4C, 0x40, 0x52, 0x4B, 0xB5,
    0x38, 0xF8, 0xA1, 0x1C, 0x4F, 0x1D, 0x1C, 0xA4, 0x0E, 0x7B, 0x61, 0xD8, 0xE1, 0xDC, 0x78, 0x4B,
    0x5A, 0x25, 0xC4, 0xDC, 0x44, 0x32, 0xAF, 0xBB, 0x77, 0x5F, 0x71, 0xEE, 0x54, 0xEA, 0xE0, 0x8F,
    0x26, 0xDF, 0x18, 0xD6, 0x37, 0xB7, 0xEF, 0xEF, 0x85, 0x1D, 0x02, 0x8F, 0xA5, 0x12, 0xC1, 0x74,
    0x70, 0x44, 0x64, 0xB7, 0xC3, 0xEE, 0x7D, 0x23, 0x51, 0x84, 0x95, 0x66, 0xA4, 0x2C, 0x85, 0xE9,
    0x39, 0x0C, 0xE7, 0x43, 0xCC, 0x79, 0x11, 0x08, 0x9D, 0xD2, 0x8A, 0x87, 0x98, 0x8F, 0x5A, 0xE7,
    0x30, 0xCF, 0x7C, 0x1A, 0x79, 0x37, 0x55, 0x78, 0x33, 0xFD, 0xFA, 0xCD, 0x9E, 0x7D, 0xD3, 0x3F,
    0xF3, 0x3B, 0x91, 0xC2, 0x53, 0xE7, 0x30, 0xB4, 0x02, 0x30, 0x04, 0x32, 0x9B, 0x66, 0x8C, 0x6F,
    0x08, 0x78, 0x3A, 0x43, 0x2C, 0x95, 0xE4, 0x3C, 0x2C, 0x80, 0x04, 0x78, 0xBC, 0x6F, 0xC6, 0xCE,
    0xB3, 0x89, 0xC4, 0xF8, 0x48, 0x6E, 0xB7, 0xD7, 0x1D, 0x29, 0x59, 0x4A, 0xE6, 0x60, 0x83, 0x92,
    0xBB, 0x85, 0x92, 0x8F, 0xE4, 0x76, 0xD3, 0xC2, 0xEA, 0x13, 0x84, 0x1D, 0xF2, 0xBD, 0xA9, 0x9C,
    0x67, 0xC3, 0xEA, 0x07, 0x13, 0x8B, 0x62, 0xBD, 0xDF, 0x47, 0x2E, 0x5D, 0x13, 0xD9, 0x84, 0x25,
    0x84, 0xE5, 0x18, 0x27, 0x43, 0x20, 0xEF, 0x29, 0x74, 0xB4, 0xD0, 0xE1, 0xA2, 0x03, 0x27, 0x28,
    0xF2, 0x37, 0x76, 0x5C, 0x32, 0x89, 0x13, 0x3A, 0x80, 0x8C, 0x86, 0x87, 0x75, 0x34, 0xC4, 0x58,
    0xCF, 0x57, 0x28, 0xC7, 0xCB, 0xB0, 0xA6, 0x43, 0x9C, 0xE1, 0x87, 0x28, 0x61, 0x7E, 0x54, 0x8E,
    0x97, 0xD0, 0x4C, 0xD0, 0x1C, 0xA0, 0xE9, 0xCB, 0xB5, 0xA5, 0xBC, 0xCC, 0x2E, 0xD3, 0x3E, 0xFD,
    0x3C, 0xBF, 0x2C, 0x53, 0xB9, 0x88, 0xDE, 0x77, 0x8E, 0xB3, 0xBB, 0x80, 0x8E, 0x77, 0xD0, 0x71,
    0x88, 0x8E, 0x3E, 0x3A, 0x90, 0x7A, 0xB4, 0x6A, 0x39, 0x3F, 0x3E, 0xC8, 0xF5, 0xA5, 0xEC, 0xE7,
    0xD9, 0x69, 0x8D, 0x8B, 0x7C, 0x4E, 0x26, 0x18, 0x56, 0xC1, 0xF0, 0x11, 0x9A, 0x21, 0x9A, 0x7D,
    0xF0, 0xDF, 0x04, 0xFF, 0x60, 0x69, 0x76, 0xF1, 0xCE, 0x0C, 0x46, 0xEB, 0xC4, 0x19, 0x39, 0x50,
    0x38, 0x0A, 0x95, 0x79, 0x68, 0xF9, 0x08, 0x4D, 0xCB, 0x38, 0xE9, 0x74, 0x42, 0x6F, 0x6C, 0x85,
    0x79, 0x98, 0xF1, 0xE3, 0x3C, 0xA0, 0xD2, 0x42, 0x46, 0xFE, 0x69, 0x29, 0x34, 0x1F, 0x44, 0x6C,
    0xE6, 0x27, 0xC9, 0x4C, 0xE3, 0x36, 0x11, 0xE2, 0x95, 0x28, 0xEE, 0x85, 0xBB, 0xBB, 0x7B, 0x29,
    0x33, 0xE2, 0xD4, 0x5B, 0xAB, 0x39, 0xE2, 0x7C, 0x70, 0x61, 0x76, 0x29, 0x33, 0xB6, 0x51, 0x13,
    0x17, 0x1A, 0xF3, 0x2F, 0xD9, 0x71, 0x3F, 0x6C, 0xB7, 0xC1, 0x77, 0x1F, 0x35, 0xE6, 0xE3, 0xBF,
    0xE1, 0xBC, 0x11, 0xFF, 0xB5, 0x63, 0x55, 0xCC, 0x74, 0x01, 0x96, 0x15, 0x05, 0xD8, 0x97, 0x0E,
    0x37, 0xD0, 0x64, 0x9E, 0x1A, 0xC8, 0xD5, 0x4F, 0x56, 0x46, 0xBF, 0xC7, 0xDF, 0xC9, 0x82, 0x3A,
    0x45, 0x26, 0xA2, 0xDA, 0xC5, 0x00, 0x2F, 0xFF, 0x9D, 0x9E, 0x5C, 0xF5, 0xCD, 0x12, 0xD6, 0x28,
    0x59, 0x3B, 0x7F, 0x82, 0xB0, 0x20, 0x5E, 0xB3, 0xE4, 0xAF, 0xCC, 0xAC, 0xDB, 0x66, 0x00, 0x5E,
    0x20, 0xDF, 0xB7, 0x8E, 0x95, 0xF9, 0xF9, 0xE7, 0x48, 0x73, 0x4A, 0x4B, 0x66, 0x77, 0xFA, 0xEE,
    0x63, 0x9D, 0xF6, 0xEB, 0xBF, 0xD7, 0xD9, 0x95, 0x8B, 0xA5, 0x13, 0x6A, 0xBD, 0x33, 0x97, 0x0D,
    0x4E, 0x17, 0x36, 0xAD, 0x90, 0xD4, 0x21, 0x63, 0x0A, 0xB7, 0x90, 0xBD, 0x74, 0x2A, 0x42, 0xEF,
    0x7F, 0x82, 0x33, 0xD6, 0x38, 0x75, 0x9E, 0xB7, 0xB2, 0xB0, 0xFA, 0x6E, 0x69, 0xAC, 0x29, 0x8B,
    0x45, 0x69, 0x25, 0xDE, 0x64, 0x52, 0xCA, 0xEB, 0xA2, 0xFE, 0xE6, 0x38, 0x93, 0x62, 0xF2, 0xBA,
    0xC9, 0xBB, 0x10, 0xD6, 0xAD, 0xBC, 0x4C, 0xB2, 0x23, 0x36, 0xF3, 0xD3, 0x52, 0xE4, 0xD2, 0x48,
    0x0A, 0x63, 0x7B, 0xCF, 0xB4, 0x3E, 0x70, 0x5E, 0xE8, 0x76, 0xDF, 0x61, 0xD7, 0x9C, 0x21, 0xCE,
    0xC5, 0x66, 0xF3, 0x3B, 0xD6, 0x53, 0x5A, 0x6C, 0x36, 0x1A, 0x7C, 0x79, 0xC4, 0xFB, 0xD2, 0x50,
    0x15, 0xCF, 0x51, 0x02, 0x45, 0xC8, 0x77, 0xF0, 0xDE, 0x8B, 0xB4, 0xBC, 0x1E, 0xFD, 0x53, 0xCA,
    0xD1, 0xE0, 0x7C, 0xCF, 0x13, 0x3C, 0xCC, 0x7C, 0xC7, 0xCA, 0x14, 0x99, 0x27, 0xA9, 0x0B, 0x63,
    0x5A, 0xF4, 0xB5, 0x6E, 0xF7, 0x57, 0x6A, 0x81, 0xBC, 0x49, 0x5E, 0xFA, 0x2A, 0xB4, 0x71, 0x17,
    0x2F, 0x0E, 0x18, 0x07, 0xEA, 0xDC, 0xA4, 0xDA, 0xE8, 0xD8, 0xC3, 0xA7, 0xE9, 0x9B, 0xD5, 0xCE,
    0xCD, 0x1D, 0xCF, 0x0F, 0xA2, 0x3D, 0xDF, 0x43, 0xE6, 0xE8, 0xC8, 0x5D, 0xB1, 0xDE, 0xC7, 0xB2,
    0xBB, 0x9D, 0xBC, 0x82, 0xBA, 0xF4, 0x3F, 0x4A, 0x48, 0x29, 0x9A, 0xFE, 0x71, 0x1C, 0x85, 0x84,
    0x9F, 0x52, 0x5B, 0x9F, 0xC7, 0x7B, 0x8E, 0x6B, 0x48, 0x45, 0x5E, 0x6E, 0xBE, 0x41, 0xAD, 0xE4,
    0xC5, 0x0C, 0x2D, 0x71, 0x51, 0x99, 0xA0, 0x6A, 0x3D, 0xB9, 0x25, 0xCE, 0xC6, 0x97, 0xA3, 0xBA,
    0xF2, 0x62, 0xE9, 0xDD, 0x90, 0x93, 0x9E, 0x8B, 0xBD, 0x97, 0x7D, 0x47, 0x79, 0xD1, 0x1C, 0x56,
    0x9E, 0x6B, 0xBE, 0x1E, 0x39, 0x3C, 0x98, 0x0A, 0x5C, 0xF8, 0x69, 0xFD, 0x15, 0xB8, 0x2E, 0x03,
    0xD7, 0xDB, 0xA1, 0xAC, 0x7E, 0xB8, 0x23, 0xE5, 0x0F, 0xE3, 0x13, 0x9F, 0x17, 0xF1, 0xDE, 0x7B,
    0x1B, 0xB8, 0x2E, 0x03, 0xD7, 0xB7, 0x87, 0xB8, 0x26, 0x65, 0xFC, 0x00, 0x6B, 0xD5, 0xB0, 0xD6,
    0xBE, 0x96, 0xD5, 0x3F, 0xEE, 0x48, 0xC5, 0xBF, 0x8B, 0x0D, 0xEB, 0x4B, 0x3B, 0xD2, 0xFE, 0xB9,
    0x2C, 0xE2, 0x53, 0xAE, 0x35, 0x53, 0x5F, 0xC3, 0xCF, 0x35, 0x5E, 0xC8, 0x36, 0xE4, 0xDD, 0x08,
    0x1B, 0xFC, 0xAE, 0xD6, 0xFB, 0x9D, 0xDF, 0x74, 0xBB, 0xBF, 0x8C, 0x7B, 0x78, 0x73, 0x97, 0x64,
    0xB1, 0x07, 0xEB, 0x52, 0x78, 0xB1, 0x1B, 0x61, 0x88, 0xC7, 0xC1, 0x8B, 0x72, 0xDB, 0x97, 0x85,
    0x7C, 0x36, 0x2B, 0xD4, 0x15, 0xE3, 0x58, 0x1C, 0x2C, 0x39, 0x61, 0xC5, 0xD6, 0xD3, 0x86, 0xFC,
    0x9A, 0x04, 0x9B, 0xD2, 0xDB, 0xC7, 0xAE, 0xF4, 0x3E, 0x86, 0xC7, 0xF4, 0x78, 0xBB, 0xD9, 0x53,
    0x28, 0xF1, 0x7B, 0xCC, 0xD6, 0x7A, 0x2C, 0xF9, 0x31, 0xAD, 0x4D, 0xE2, 0x46, 0x3D, 0x7A, 0x25,
    0x48, 0xC9, 0x20, 0xC8, 0x3F, 0xBC, 0x03, 0x9D, 0xAF, 0x93, 0x60, 0x92, 0xCC, 0x33, 0xC5, 0x9B,
    0x67, 0x35, 0x3D, 0xCF, 0x92, 0x6E, 0x9E, 0x97, 0x05, 0xF3, 0x98, 0xB4, 0x38, 0x8F, 0x95, 0x40,
    0xA4, 0x4D, 0xE2, 0x66, 0x20, 0x36, 0x48, 0xE9, 0x3E, 0x48, 0x59, 0xB3, 0xD9, 0xBD, 0x67, 0x9C,
    0x68, 0x9E, 0x98, 0x7F, 0x98, 0x1F, 0x2F, 0x9F, 0xC2, 0xFE, 0x4E, 0xF5, 0x8D, 0x71, 0xCC, 0x6C,
    0x47, 0xA8, 0x91, 0x74, 0xE2, 0xA2, 0x28, 0xDD, 0x9C, 0xBC, 0x71, 0x7D, 0xF1, 0xC9, 0xDA, 0xAA,
    0xB2, 0xF6, 0x78, 0x09, 0xA9, 0x63, 0xB0, 0xFE, 0xEC, 0x28, 0x66, 0x9A, 0xC4, 0xB7, 0x65, 0x43,
    0x6D, 0x2D, 0x96, 0xCC, 0xAD, 0x2D, 0x56, 0x3C, 0xA6, 0xF6, 0x39, 0xB3, 0x46, 0x5A, 0x6C, 0xDD,
    0x65, 0x55, 0x95, 0xB1, 0xBE, 0xC2, 0x04, 0x5B, 0x43, 0x96, 0x92, 0x9E, 0xA8, 0x05, 0x64, 0x14,
    0xA9, 0xCE, 0x91, 0xE8, 0x7B, 0x13, 0xC1, 0x7E, 0xF2, 0xAA, 0xF8, 0xE8, 0xC5, 0xDE, 0x39, 0xCA,
    0x8A, 0xB5, 0xA2, 0x10, 0x61, 0x32, 0xAB, 0x58, 0x93, 0x27, 0x20, 0x0E, 0xAB, 0x73, 0xCF, 0x67,
    0xAA, 0x34, 0x71, 0x33, 0xFB, 0xC6, 0x13, 0x1C, 0x60, 0x1C, 0xC2, 0x71, 0x66, 0x30, 0x00, 0x80,
    0x5C, 0x34, 0x88, 0x3B, 0x0D, 0x92, 0x75, 0x12, 0x40, 0x43, 0xCD, 0x3F, 0x09, 0xED, 0xD6, 0x2F,
    0x56, 0x59, 0xE4, 0xF3, 0x52, 0xB8, 0xC3, 0xEB, 0xF5, 0x0E, 0x44, 0xAD, 0xF8, 0x45, 0xEC, 0x54,
    0x01, 0xB3, 0xC2, 0x80, 0xB7, 0x76, 0x01, 0x6F, 0xED, 0x82, 0xE9, 0x5B, 0xBB, 0x4F, 0x78, 0x9B,
    0x1C, 0xF0, 0x26, 0x9A, 0xFF, 0x4B, 0xA1, 0x02, 0xAA, 0xC9, 0x1C, 0x8E, 0x57, 0xAE, 0xA0, 0xD9,
    0x5A, 0xC4, 0x5C, 0x10, 0x67, 0x00, 0xE2, 0xF9, 0x20, 0x93, 0x98, 0xD7, 0xD6, 0x80, 0x99, 0x43,
    0x38, 0xCE, 0x0C, 0xC6, 0xE6, 0x83, 0xAC, 0xB0, 0x78, 0x54, 0xAA, 0x41, 0xB2, 0x4E, 0x02, 0xCC,
    0x4A, 0x4D, 0x61, 0xDE, 0xD9, 0x01, 0x66, 0xC5, 0x8B, 0x6C, 0xC5, 0x9B, 0x77, 0xA5, 0xB8, 0x00,
    0x8D, 0xBE, 0xF4, 0x0D, 0x1A, 0xE4, 0x36, 0x30, 0xEF, 0x6E, 0x03, 0xF3, 0x9F, 0xB7, 0x81, 0xF9,
    0xD5, 0xED, 0x29, 0xCC, 0xAB, 0x4F, 0x81, 0xF9, 0xF1, 0x36, 0x6F, 0x1A, 0x79, 0x7B, 0xF4, 0x7C,
    0x1B, 0x73, 0xCB, 0x3F, 0x2D, 0xF6, 0x79, 0x61, 0x94, 0x2D, 0x98, 0xFD, 0x32, 0x07, 0x05, 0x8F,
    0x87, 0x06, 0xC8, 0xE1, 0x1C, 0x9B, 0x56, 0x6F, 0x94, 0x23, 0x2C, 0x1C, 0xCD, 0x8A, 0x8C, 0x19,
    0xCF, 0xE5, 0x3A, 0xE7, 0xC9, 0x16, 0xB7, 0xC1, 0xB1, 0x01, 0xE6, 0x74, 0x21, 0xB9, 0xCC, 0x99,
    0x73, 0x51, 0x71, 0x17, 0x7C, 0x79, 0x6A, 0xEA, 0x82, 0x89, 0xC1, 0x0A, 0xE7, 0x2F, 0x59, 0x5B,
    0x31, 0x79, 0x5B, 0x0D, 0xC3, 0x7C, 0x4E, 0xC8, 0xBD, 0x22, 0x60, 0x6F, 0xCD, 0x93, 0x3F, 0x21,
    0x28, 0x16, 0x4F, 0x98, 0x65, 0x15, 0x0B, 0xFC, 0x17, 0xD5, 0x5C, 0x4F, 0x8C, 0xDC, 0xE6, 0x75,
    0x7F, 0x1C, 0x5A, 0xCB, 0x46, 0x4C, 0x44, 0x1D, 0xBA, 0x40, 0x6C, 0x35, 0xA6, 0x0E, 0x41, 0x51,
    0x08, 0xB2, 0xD8, 0x83, 0x81, 0xEE, 0x61, 0x76, 0x86, 0x8E, 0x0F, 0x3E, 0xE4, 0xA0, 0x2D, 0x9C,
    0xB1, 0x0F, 0x3E, 0xC8, 0x05, 0x7C, 0x48, 0x94, 0xC3, 0x0A, 0xA8, 0xD2, 0xCA, 0xC5, 0xEC, 0x92,
    0x8E, 0x0F, 0x41, 0x91, 0x83, 0xB6, 0x87, 0x9C, 0x7A, 0x88, 0x0E, 0x39, 0x38, 0x23, 0x14, 0xBB,
    0x4D, 0x36, 0xC5, 0x38, 0x19, 0x2D, 0x19, 0xFB, 0xE0, 0x43, 0x0E, 0x9E, 0xD4, 0x30, 0x7A, 0x14,
    0x03, 0xCB, 0x29, 0x2A, 0x17, 0x10, 0x6D, 0x53, 0x31, 0x77, 0x35, 0x33, 0xEC, 0xFB, 0xBD, 0x8F,
    0xE4, 0x90, 0xBB, 0xB3, 0x7F, 0xED, 0x04, 0xE8, 0x68, 0xF9, 0x34, 0x43, 0x7E, 0xDF, 0x7B, 0xEF,
    0x7B, 0xDF, 0xF7, 0xBD, 0xF7, 0xBE, 0xF7, 0xBD, 0x8F, 0x67, 0x89, 0x34, 0x1A, 0x10, 0x59, 0x7E,
    0x8B, 0xC8, 0x76, 0xDB, 0x44, 0x6D, 0x72, 0x88, 0x5A, 0x64, 0xDD, 0xEF, 0x8D, 0xC8, 0xCC, 0xB2,
    0x11, 0x19, 0x3B, 0xBD, 0x84, 0xF4, 0xA8, 0x11, 0x53, 0x23, 0xD6, 0x23, 0xA2, 0xC4, 0x18, 0x12,
    0x8D, 0xCC, 0x90, 0xA8, 0x6B, 0xF9, 0x5C, 0xD4, 0x26, 0x22, 0x87, 0x2B, 0x92, 0xB5, 0x02, 0x30,
    0x62, 0x60, 0xA6, 0x0C, 0xF4, 0x98, 0xC1, 0x13, 0x2E, 0x35, 0xB2, 0x84, 0xCC, 0x9D, 0x31, 0x93,
    0x00, 0x6A, 0x40, 0x21, 0x46, 0x28, 0xDD, 0xDD, 0x75, 0xE1, 0x1E, 0x9E, 0x71, 0x99, 0xD0, 0x61,
    0x7E, 0xAC, 0xB0, 0x4D, 0x46, 0x36, 0x26, 0x8D, 0x71, 0xD0, 0x29, 0xE6, 0xF5, 0x0D, 0xFE, 0xE9,
    0x1B, 0xEB, 0x11, 0xF3, 0x42, 0xC4, 0x54, 0x98, 0xF5, 0x81, 0x39, 0x1A, 0x38, 0xD9, 0x68, 0x51,
    0x4F, 0x07, 0x5A, 0x92, 0x52, 0x9C, 0x34, 0xE2, 0x44, 0x1F, 0xF6, 0xAD, 0xB0, 0xE5, 0x91, 0x3D,
    0x22, 0xCD, 0xA5, 0xF9, 0x4E, 0x87, 0x82, 0x2C, 0x73, 0x71, 0xA1, 0x95, 0x7B, 0x2F, 0xC7, 0x3D,
    0xF8, 0xB9, 0x5D, 0x79, 0xBE, 0x46, 0xF3, 0x2F, 0x7E, 0x38, 0xC5, 0x67, 0xFE, 0xD8, 0x25, 0xEB,
    0x0A, 0x5F, 0x5C, 0xEE, 0x12, 0x5F, 0x8B, 0x7C, 0x75, 0x2B, 0xF8, 0x62, 0xDB, 0xD5, 0xF8, 0xD2,
    0x23, 0xBE, 0x42, 0xDB, 0x35, 0xF8, 0x32, 0xFD, 0x29, 0xBE, 0x4B, 0x94, 0x7F, 0x1A, 0x5B, 0xCF,
    0xF8, 0xE4, 0x64, 0x8F, 0x48, 0x1B, 0x53, 0xC0, 0xF2, 0xA6, 0x76, 0x68, 0xB9, 0xF4, 0xB3, 0xE8,
    0x49, 0x6A, 0x84, 0x71, 0x93, 0x0C, 0xBA, 0xD1, 0xA4, 0xAF, 0x50, 0x73, 0x81, 0x16, 0x00, 0x62,
    0x6A, 0x36, 0x1B, 0x21, 0x03, 0x83, 0x68, 0xE1, 0xA9, 0xAF, 0x10, 0x6D, 0x5A, 0x0B, 0x44, 0xB1,
    0x11, 0x91, 0x1E, 0xEA, 0x09, 0xF3, 0x6B, 0x04, 0xBD, 0x31, 0x7D, 0xC5, 0xCC, 0xB8, 0xC3, 0xE8,
    0xCF, 0xF9, 0xD2, 0xD0, 0x2F, 0x8D, 0x31, 0xFA, 0x25, 0x43, 0x0F, 0xDD, 0x45, 0x5F, 0xDD, 0xE4,
    0xFE, 0xB3, 0xBE, 0xC9, 0x3D, 0xE9, 0xE8, 0xDC, 0xA7, 0x2D, 0xF4, 0x58, 0x17, 0x82, 0x1D, 0x41,
    0xB4, 0x09, 0xFF, 0xC7, 0x3F, 0x56, 0x84, 0x17, 0xE2, 0x4E, 0xE7, 0xCE, 0x0B, 0xB9, 0xEF, 0xB8,
    0xD3, 0xB9, 0x73, 0xB2, 0x2C, 0x1B, 0xB6, 0x19, 0x44, 0x02, 0xE4, 0xA7, 0xF5, 0xA3, 0xCE, 0x95,
    0x50, 0x8A, 0x18, 0x21, 0x17, 0x96, 0x6A, 0x82, 0x80, 0x51, 0x0D, 0x72, 0xA4, 0x5D, 0x2D, 0xCE,
    0x09, 0x09, 0x49, 0x21, 0x2E, 0x6C, 0x08, 0x43, 0xC2, 0x9A, 0x30, 0x29, 0xEC, 0xCE, 0x31, 0x66,
    0x08, 0x3A, 0xD6, 0x27, 0x9D, 0x8E, 0x6B, 0x0D, 0x31, 0xD0, 0x20, 0xAA, 0x45, 0x80, 0x01, 0x40,
    0x02, 0x30, 0xE9, 0xF5, 0x7A, 0xB7, 0x98, 0x81, 0x2C, 0xDE, 0xEE, 0x74, 0x3A, 0x4B, 0x7D, 0xCA,
    0x07, 0x93, 0x8C, 0x24, 0xB2, 0x19, 0x39, 0x19, 0x28, 0xA8, 0x81, 0x53, 0x16, 0x71, 0xC6, 0xD4,
    0x19, 0x1F, 0xDF, 0x59, 0x28, 0x8B, 0x26, 0x35, 0x6A, 0x2F, 0xBE, 0xCF, 0xD4, 0xA4, 0x11, 0xA6,
    0xCF, 0xD4, 0x2C, 0x50, 0xB3, 0x51, 0xA8, 0x05, 0x6A, 0x41, 0x49, 0x6D, 0x1B, 0xD4, 0x44, 0x68,
    0x2C, 0xE6, 0xB6, 0x34, 0xE8, 0x07, 0xDC, 0x20, 0x1E, 0xA2, 0x35, 0x6A, 0x2D, 0x50, 0x6B, 0x96,
    0xB4, 0xE4, 0xB3, 0x9C, 0x0D, 0x0D, 0x96, 0x99, 0xBD, 0xA6, 0x9A, 0x83, 0xA7, 0x1E, 0xFF, 0xC6,
    0xD5, 0xCD, 0x7F, 0x3B, 0xCC, 0x22, 0xCF, 0xC0, 0x90, 0x31, 0xA1, 0xE9, 0x94, 0x65, 0xDB, 0x00,
    0xFC, 0x63, 0xBE, 0xF3, 0x12, 0x66, 0x18, 0x6D, 0x49, 0x03, 0xD1, 0x12, 0x4C, 0x47, 0xEE, 0x7A,
    0x88, 0x2F, 0x02, 0x73, 0x0A, 0xC8, 0x4F, 0x3C, 0x40, 0x7D, 0x03, 0x4F, 0x31, 0x63, 0x09, 0x93,
    0xB5, 0x31, 0x92, 0xB6, 0x02, 0x9F, 0xCB, 0xD2, 0x58, 0x92, 0x21, 0xE8, 0x17, 0x48, 0x18, 0x5D,
    0x90, 0x3D, 0x70, 0x15, 0xB5, 0x4E, 0xC7, 0x03, 0xB5, 0x45, 0x50, 0xEB, 0x82, 0x5A, 0x0A, 0x6A,
    0x31, 0x17, 0xD4, 0xE2, 0x1A, 0x35, 0x33, 0x64, 0x6A, 0x96, 0xCB, 0xD4, 0x2C, 0xA0, 0xB9, 0x04,
    0x6A, 0x4D, 0x50, 0xEB, 0x62, 0x4C, 0x67, 0x3C, 0x87, 0xB9, 0x98, 0x4F, 0x2F, 0x3C, 0x5C, 0xCA,
    0x59, 0x12, 0x5A, 0xE4, 0x4A, 0xDB, 0xD7, 0xF8, 0x42, 0xCF, 0x2F, 0xBB, 0x8A, 0x55, 0x3D, 0x2C,
    0xE4, 0xA1, 0xCA, 0xE1, 0xB2, 0x7D, 0x2F, 0x9B, 0x70, 0xB9, 0x7B, 0x22, 0x42, 0x0F, 0x8F, 0x0F,
    0xF9, 0xC3, 0xE8, 0x94, 0x8B, 0x5B, 0xFD, 0xFF, 0xE2, 0xCA, 0xF9, 0xE5, 0x76, 0x67, 0x24, 0xA0,
    0x2D, 0xDD, 0x06, 0x5D, 0xAA, 0x4B, 0x9F, 0x4F, 0xA4, 0xE9, 0xE8, 0x29, 0x7B, 0x58, 0x8E, 0xEC,
    0xB1, 0xDC, 0x2C, 0xC1, 0xB8, 0x28, 0x6D, 0xA1, 0xF7, 0x05, 0x43, 0xA6, 0xFA, 0x9C, 0xBB, 0x36,
    0x29, 0xAA, 0x0A, 0x12, 0xF4, 0x9C, 0x2B, 0xC0, 0x9B, 0x01, 0x2E, 0xF0, 0xD4, 0xCA, 0x07, 0xAC,
    0xB6, 0x56, 0x8C, 0xA6, 0x3A, 0x98, 0x16, 0x9E, 0x7F, 0xF1, 0x61, 0x67, 0x66, 0x11, 0xD5, 0xC5,
    0xBB, 0x7E, 0xEE, 0x87, 0x4F, 0x80, 0xA0, 0x9A, 0x62, 0xDE, 0xB7, 0x9C, 0x02, 0xAC, 0x27, 0x2D,
    0x51, 0x0D, 0x8B, 0x32, 0x71, 0x78, 0xFE, 0xB0, 0x0E, 0x88, 0x79, 0x74, 0xE2, 0x31, 0x0F, 0x34,
    0x1E, 0x3A, 0x3C, 0x62, 0x55, 0x29, 0x5B, 0xD4, 0x42, 0x59, 0x2A, 0x91, 0xEF, 0x8B, 0x52, 0xDB,
    0x12, 0x4C, 0x3C, 0xE3, 0x79, 0xF8, 0x71, 0x15, 0xAE, 0x0B, 0x65, 0x15, 0x4B, 0xA1, 0x41, 0x51,
    0xEE, 0x92, 0xA0, 0xE0, 0xA2, 0x65, 0x39, 0xC3, 0x95, 0x1F, 0xB8, 0xCE, 0x9B, 0xFE, 0xF9, 0x3B,
    0xE6, 0x6B, 0xA9, 0xF7, 0x9B, 0x1F, 0x27, 0x26, 0x86, 0x7A, 0xC6, 0x9D, 0xE0, 0xB1, 0xF5, 0xE4,
    0x7E, 0x74, 0x3E, 0x5A, 0x8F, 0x02, 0xF3, 0xF5, 0xF4, 0x69, 0xD3, 0xBF, 0x56, 0x94, 0x17, 0x24,
    0x29, 0xD9, 0x19, 0xB5, 0x2C, 0xBF, 0xA9, 0x87, 0xFC, 0xC7, 0x5F, 0xF8, 0x27, 0x6E, 0x46, 0xED,
    0x51, 0x36, 0xCE, 0x26, 0xD9, 0xB8, 0x3D, 0xB2, 0xA3, 0x5C, 0xF5, 0x3D, 0xCD, 0xD7, 0x35, 0xBE,
    0xF0, 0x9B, 0xBB, 0xB0, 0x81, 0x79, 0xC1, 0x68, 0x0C, 0x9A, 0x73, 0x4D, 0xEE, 0xE7, 0x33, 0xCC,
    0xCF, 0x5F, 0xB0, 0xE2, 0x6D, 0xB2, 0xDE, 0xE5, 0xA2, 0xF1, 0x06, 0xCF, 0x55, 0xE6, 0xFF, 0xCE,
    0x50, 0x0D, 0x82, 0xB6, 0xAF, 0xB0, 0x30, 0xF7, 0x74, 0x06, 0x1A, 0xCA, 0x27, 0xFD, 0x1B, 0x18,
    0x59, 0x31, 0x04, 0xE9, 0x50, 0xE0, 0x3F, 0xCD, 0xFF, 0x33, 0xFE, 0x98, 0xF1, 0xC7, 0xC3, 0xB9,
    0xC6, 0x27, 0x61, 0x23, 0x7B, 0xFD, 0xC4, 0xF8, 0x45, 0x29, 0xD9, 0x7C, 0xFD, 0x23, 0x5F, 0x1F,
    0x84, 0x8E, 0xFE, 0x76, 0xF8, 0xB4, 0xA5, 0x87, 0xD7, 0xAC, 0x6C, 0x04, 0x33, 0xC5, 0xFD, 0xF2,
    0x16, 0x0B, 0xF0, 0xED, 0x93, 0xE3, 0x17, 0x4F, 0x83, 0x6D, 0xD1, 0x56, 0xDB, 0x5F, 0xB0, 0x52,
    0xBA, 0xC6, 0x66, 0xE5, 0x5A, 0x63, 0x28, 0xFF, 0x2F, 0xB0, 0x0B, 0x82, 0xFB, 0x78, 0x9E, 0x0F,
    0x38, 0x29, 0x9C, 0xE0, 0xEE, 0x1D, 0xE2, 0xE2, 0x16, 0xCA, 0x19, 0xA8, 0xA0, 0xAB, 0x6F, 0x5C,
    0xC5, 0x52, 0x4F, 0xF9, 0x4B, 0xAA, 0xD0, 0xBF, 0x42, 0x32, 0x4A, 0x8E, 0x7C, 0x6D, 0xF5, 0x7A,
    0x3F, 0x61, 0x45, 0x97, 0x5E, 0xE5, 0xFF, 0xF9, 0x27, 0xB4, 0xAA, 0x8E, 0xF9, 0x66, 0xC8, 0x30,
    0x0D, 0x73, 0xA5, 0xAE, 0x26, 0xA9, 0x18, 0xE4, 0xD2, 0x51, 0x52, 0xD6, 0xAD, 0xD0, 0xCE, 0x54,
    0xDA, 0xC0, 0xE9, 0x43, 0xFB, 0x7E, 0xAF, 0xB7, 0x06, 0xDD, 0x10, 0x07, 0x99, 0xD8, 0x30, 0xA9,
    0x6C, 0xC4, 0x25, 0x66, 0xBF, 0x8A, 0x59, 0x5C, 0x30, 0x51, 0x1B, 0x02, 0x1C, 0xFC, 0x6C, 0xC3,
    0xD2, 0x8C, 0x2D, 0xD4, 0xE4, 0x81, 0xA7, 0x43, 0x83, 0x5B, 0x43, 0x06, 0xCE, 0xCE, 0x6D, 0x65,
    0xC7, 0x05, 0x73, 0xA4, 0x06, 0x04, 0x97, 0x72, 0x73, 0x7E, 0xFF, 0x09, 0x6E, 0x4F, 0xC0, 0x18,
    0x1A, 0x30, 0x6C, 0x4E, 0x86, 0x2F, 0x37, 0x5D, 0xC6, 0xC9, 0x58, 0x58, 0xC4, 0x0C, 0xD8, 0xA5,
    0x21, 0x27, 0x31, 0xE1, 0xEC, 0x5D, 0x26, 0x55, 0x84, 0xBF, 0xA2, 0x3E, 0xAA, 0xD1, 0x3F, 0x64,
    0x05, 0x2A, 0x46, 0xBA, 0x94, 0xEC, 0xF3, 0x59, 0xC2, 0x44, 0x9B, 0xFD, 0xF7, 0x32, 0xFD, 0x81,
    0x4D, 0x55, 0xC8, 0xCA, 0x8F, 0xC5, 0xE9, 0x24, 0x74, 0x27, 0xA1, 0xF3, 0xFB, 0x16, 0xA6, 0xA5,
    0x7D, 0x49, 0xEC, 0x4B, 0x7A, 0xC9, 0xBA, 0xEC, 0xEE, 0xF3, 0x77, 0xCB, 0xBA, 0x1C, 0x5B, 0xEC,
    0xD8, 0x64, 0x2E, 0xFF, 0x39, 0x37, 0xDD, 0xE0, 0xB2, 0xEB, 0xEC, 0x5B, 0xD8, 0xA5, 0xEF, 0xE4,
    0xCA, 0x96, 0x9B, 0x8C, 0x09, 0xD6, 0x78, 0xC4, 0x63, 0xFC, 0xBF, 0x87, 0x64, 0xBC, 0xC7, 0xF6,
    0xF1, 0xAD, 0x98, 0xAC, 0xD7, 0xF8, 0x72, 0x79, 0x70, 0x72, 0x2F, 0xB5, 0x59, 0xAD, 0xB4, 0x58,
    0xA9, 0x74, 0x19, 0x8E, 0xF8, 0xCE, 0x2B, 0x74, 0x9A, 0xEF, 0x38, 0x7C, 0xA7, 0xC5, 0xFF, 0xBA,
    0xFC, 0x0D, 0x6E, 0x47, 0xCA, 0x66, 0x34, 0x21, 0x8B, 0xEB, 0x1A, 0x6F, 0xC7, 0xA4, 0x7F, 0xC0,
    0xF3, 0x86, 0x71, 0x36, 0x58, 0x1A, 0x84, 0xEE, 0x00, 0xAD, 0x80, 0xAF, 0xEF, 0xC0, 0xEF, 0x88,
    0xC8, 0xFE, 0x68, 0xC4, 0x75, 0x57, 0xA4, 0x76, 0x5F, 0xD5, 0x66, 0x89, 0x1C, 0x7C, 0xDD, 0x62,
    0xBA, 0x87, 0x95, 0x61, 0x85, 0x24, 0xBC, 0x81, 0xD7, 0xF6, 0x33, 0x23, 0xB2, 0xD8, 0x9A, 0xCB,
    0x70, 0x30, 0xD9, 0x31, 0x8C, 0x69, 0xB1, 0x4F, 0xCD, 0xAF, 0xE7, 0x6A, 0xB5, 0xFC, 0x1B, 0xC8,
    0xA4, 0xA8, 0xFE, 0x55, 0xFB, 0x49, 0x74, 0xEB, 0x66, 0x4C, 0xED, 0x98, 0x1C, 0x76, 0x25, 0x30,
    0x66, 0x87, 0x3C, 0xBB, 0x9D, 0x98, 0x5B, 0xB6, 0xF8, 0xE6, 0xA7, 0xEC, 0xDC, 0xFE, 0xE5, 0xC7,
    0xEC, 0x3F, 0x40, 0xC3, 0x77, 0x77, 0x01, 0x2C, 0x43, 0x06, 0xF0, 0x20, 0xFA, 0xBB, 0x41, 0x98,
    0x83, 0x64, 0x06, 0x88, 0x05, 0xB0, 0xD2, 0xDE, 0xFC, 0xF4, 0x9D, 0x90, 0xDA, 0x9F, 0x30, 0xF7,
    0x4E, 0x98, 0x61, 0x01, 0x74, 0x56, 0x11, 0xD7, 0x52, 0x50, 0x7F, 0x7B, 0x02, 0xF2, 0xBF, 0x79,
    0x17, 0xF4, 0x6F, 0xFE, 0x33, 0x18, 0x60, 0xAB, 0xD0, 0xDD, 0x05, 0x85, 0x09, 0x4B, 0xB8, 0xB0,
    0x84, 0xF8, 0x1E, 0x18, 0x2A, 0x68, 0x0B, 0xF1, 0xBD, 0xD0, 0x11, 0x7E, 0x2E, 0x09, 0x43, 0x97,
    0xC0, 0xD1, 0xBB, 0x2D, 0xB0, 0x74, 0x73, 0x00, 0x9E, 0x58, 0xFD, 0x83, 0x29, 0x77, 0x1F, 0xE9,
    0x0E, 0xB8, 0xA7, 0x5D, 0x3B, 0x18, 0x36, 0xFB, 0xF1, 0x42, 0x7F, 0x83, 0xFF, 0xF8, 0x8B, 0xB3,
    0x13, 0x99, 0xEC, 0x2A, 0x8E, 0x77, 0x4B, 0xD7, 0x3B, 0x8E, 0x74, 0xB7, 0x6E, 0x47, 0x8C, 0x9A,
    0xD7, 0x7C, 0xF6, 0x80, 0x5D, 0xF1, 0x66, 0x5F, 0xFF, 0x2F, 0x7F, 0xA1, 0xAF, 0xBF, 0x17, 0x0A,
    0xE0, 0x9F, 0x6F, 0xFB, 0x4E, 0xAA, 0xDF, 0x75, 0xD9, 0xB4, 0x4D, 0xE0, 0xDF, 0x46, 0xFB, 0x4B,
    0xD7, 0x3B, 0xB1, 0x74, 0xB7, 0x6E, 0xEF, 0xAC, 0xBB, 0x86, 0x38, 0xD8, 0xCC, 0x45, 0x64, 0xA5,
    0x4D, 0x48, 0xF4, 0xE2, 0x02, 0xE0, 0x93, 0x02, 0xCF, 0x34, 0x21, 0xDD, 0xA7, 0x98, 0x95, 0xD0,
    0xEE, 0x9A, 0x52, 0x12, 0xCE, 0x36, 0x13, 0x3C, 0x50, 0xBA, 0xDE, 0x4C, 0xE9, 0x42, 0xBC, 0x90,
    0x2F, 0x04, 0x2C, 0x5E, 0x77, 0x65, 0x39, 0xDA, 0x60, 0x5F, 0xCB, 0x62, 0x79, 0x5D, 0xEC, 0x47,
    0xC4, 0x52, 0xA6, 0xF3, 0xBF, 0x7A, 0x44, 0xF4, 0x26, 0x8B, 0xB8, 0x7F, 0x5D, 0x2D, 0x3D, 0xAA,
    0x57, 0x6E, 0x47, 0x59, 0xE4, 0x18, 0xD1, 0x10, 0xBA, 0x48, 0xFD, 0xF0, 0x1E, 0x0C, 0x26, 0x0B,
    0xBF, 0x1A, 0x37, 0xFB, 0x89, 0xF4, 0xA0, 0xBF, 0xB7, 0x07, 0xAB, 0xF3, 0xE3, 0x10, 0x54, 0x6F,
    0x8E, 0x18, 0x5B, 0xF3, 0xCD, 0xD8, 0x79, 0x74, 0x18, 0xAA, 0xEA, 0xE2, 0xF6, 0x80, 0xCF, 0x80,
    0x8D, 0xF1, 0xAC, 0xEB, 0xC0, 0x4A, 0x15, 0xDC, 0xAD, 0x56, 0x2B, 0xBF, 0xC9, 0xDF, 0x8E, 0x8A,
    0xA0, 0x56, 0x4E, 0xEC, 0xDF, 0x14, 0x94, 0x9F, 0x8A, 0x73, 0x98, 0xB7, 0x62, 0x0A, 0x4E, 0x15,
    0x45, 0x46, 0x39, 0x98, 0xEF, 0x7C, 0xAB, 0xCE, 0x5E, 0x05, 0x48, 0xD0, 0xC1, 0x76, 0xA7, 0x60,
    0x1F, 0x1A, 0xF9, 0x67, 0x77, 0xE1, 0x19, 0xFC, 0x35, 0xDE, 0x64, 0x2B, 0xE7, 0x64, 0xF7, 0x6C,
    0x77, 0xF5, 0x36, 0x3B, 0x7E, 0xD7, 0x68, 0x39, 0xC9, 0x9F, 0xD4, 0x0B, 0xEF, 0x5B, 0x6E, 0x89,
    0xCE, 0xDD, 0xA2, 0x95, 0x39, 0x9E, 0x64, 0xED, 0x6C, 0x27, 0x70, 0x8D, 0x89, 0xAB, 0xE7, 0x1C,
    0xFC, 0x84, 0x9E, 0xE4, 0x25, 0xA1, 0x6B, 0x87, 0xF6, 0xFA, 0x50, 0x8F, 0x17, 0x1B, 0x89, 0x16,
    0x37, 0x69, 0xA0, 0xC5, 0xAC, 0x3B, 0x7E, 0x10, 0xD9, 0x6C, 0xA3, 0x42, 0x73, 0xA8, 0x6D, 0xE5,
    0xFE, 0x0E, 0x3C, 0x10, 0x1D, 0x8E, 0x84, 0xF9, 0x00, 0x6E, 0x00, 0x96, 0x7E, 0x0E, 0x56, 0x56,
    0x8B, 0x98, 0xA9, 0x4D, 0xA8, 0x29, 0xD1, 0x64, 0x67, 0xB5, 0x18, 0x21, 0x9C, 0x18, 0x91, 0x88,
    0x14, 0x33, 0x60, 0x05, 0x4B, 0x6B, 0x8C, 0x61, 0x0C, 0xB8, 0x05, 0x2C, 0xE3, 0xD8, 0x62, 0x99,
    0x6C, 0xE7, 0x2D, 0xD7, 0x12, 0xEB, 0xD4, 0x94, 0x7F, 0x8B, 0x6C, 0x11, 0x80, 0xF3, 0xCF, 0x68,
    0xF7, 0xBA, 0xBC, 0xF1, 0x66, 0x82, 0x86, 0x25, 0x45, 0xC3, 0x8C, 0x07, 0x49, 0xBE, 0xF2, 0xB4,
    0xCB, 0x65, 0xF9, 0xC5, 0x42, 0xA0, 0xF3, 0xBC, 0x66, 0xDF, 0x23, 0x69, 0x38, 0x4E, 0x66, 0xB6,
    0x66, 0xAA, 0x7B, 0x37, 0x34, 0x74, 0x22, 0x9D, 0xCA, 0x1F, 0xF2, 0x78, 0xD7, 0xDD, 0x76, 0x36,
    0x09, 0x5C, 0x96, 0xD1, 0x98, 0xCB, 0x3E, 0xB1, 0xA6, 0x1E, 0xC8, 0x6A, 0x65, 0x4F, 0xA7, 0xC1,
    0x49, 0x46, 0xF8, 0x42, 0xDC, 0x24, 0x23, 0x5B, 0xAE, 0xD5, 0xD5, 0x77, 0xD6, 0x94, 0x9F, 0x7A,
    0x61, 0xBD, 0x56, 0xB7, 0x21, 0x9D, 0x24, 0xC3, 0x14, 0x7C, 0x6B, 0x6F, 0x90, 0xE6, 0xDA, 0x59,
    0x64, 0xBB, 0xDE, 0xBA, 0x74, 0x55, 0x90, 0xCE, 0x1C, 0x8B, 0xD2, 0x98, 0x59, 0xCD, 0x9A, 0x8D,
    0x40, 0x73, 0xD5, 0x22, 0xB8, 0x82, 0xE0, 0x85, 0x71, 0x47, 0xB9, 0x8B, 0xF3, 0xCB, 0xEF, 0x57,
    0x11, 0x4C, 0x79, 0xC9, 0xF5, 0x0A, 0xF7, 0xA4, 0xF6, 0x86, 0xF5, 0x1A, 0x23, 0x7D, 0x70, 0xAE,
    0x40, 0x8A, 0xE5, 0x06, 0xA2, 0x2C, 0x12, 0x1D, 0xAB, 0x20, 0xBD, 0x02, 0xAE, 0xD0, 0x45, 0xF3,
    0xAB, 0x9D, 0x3D, 0x48, 0x45, 0x3E, 0xD3, 0x8F, 0x31, 0xA1, 0xBC, 0xF3, 0x56, 0x0C, 0x1E, 0x81,
    0x2F, 0xC3, 0xDD, 0x9A, 0xF5, 0x60, 0x49, 0x3D, 0x90, 0xDE, 0xB7, 0xDC, 0x62, 0x08, 0xB4, 0x50,
    0x6E, 0x50, 0x13, 0x71, 0x03, 0x22, 0x7E, 0x3E, 0x42, 0x87, 0x0E, 0x8B, 0x0E, 0xB5, 0xD0, 0xA1,
    0x0E, 0x3A, 0x54, 0x06, 0x43, 0xB3, 0x18, 0x11, 0xDA, 0x4F, 0x59, 0x26, 0x32, 0x25, 0x3C, 0x35,
    0x25, 0xBC, 0x92, 0xB8, 0xF4, 0xF9, 0x8E, 0x20, 0x05, 0xF1, 0x73, 0x6B, 0xFB, 0x0F, 0x9F, 0xC6,
    0xB6, 0x70, 0x9A, 0x3A, 0xEE, 0xEA, 0x4B, 0x8C, 0xE5, 0x65, 0x5A, 0xBE, 0x97, 0xAF, 0x16, 0xCA,
    0x91, 0xF3, 0x6A, 0x43, 0x46, 0xCE, 0xE9, 0x35, 0xF1, 0xF1, 0x59, 0x88, 0x39, 0x6B, 0x74, 0x3D,
    0xEF, 0x19, 0x52, 0x4F, 0x6F, 0xA0, 0x9C, 0xD4, 0xE0, 0xBA, 0x86, 0x7B, 0xAC, 0x3E, 0x97, 0x7B,
    0x6C, 0x29, 0x0C, 0xD7, 0xBB, 0xA7, 0x05, 0xCC, 0x10, 0xAC, 0x66, 0x90, 0xF9, 0x55, 0x69, 0x9F,
    0x9B, 0xB8, 0x88, 0xF1, 0xA4, 0xE4, 0xED, 0x7C, 0x37, 0x73, 0x5F, 0xDD, 0xA5, 0x90, 0xC5, 0x89,
    0x6F, 0xC3, 0xC3, 0x1B, 0xDB, 0x3E, 0xCD, 0x27, 0xC6, 0xFB, 0x6C, 0xCF, 0x75, 0x46, 0x1F, 0x35,
    0xAA, 0x3A, 0xE9, 0xC2, 0x9A, 0xD6, 0xCB, 0x1F, 0x00, 0xD0, 0x08, 0xEB, 0x01, 0x0F, 0xD5, 0x6C,
    0x59, 0x47, 0x2C, 0x1D, 0x17, 0xDF, 0xAE, 0x79, 0x34, 0x43, 0xC7, 0xCD, 0x52, 0x8D, 0xBB, 0x1F,
    0x9C, 0xB0, 0xDA, 0x0C, 0x4D, 0xB9, 0x92, 0x6B, 0xDE, 0x1C, 0x1C, 0x0F, 0xD5, 0x1E, 0x8D, 0xBF,
    0xC7, 0x00, 0x1C, 0x15, 0xD5, 0x2E, 0x36, 0x06, 0xCA, 0x5A, 0x61, 0xE1, 0xE4, 0x2B, 0x58, 0xB7,
    0x62, 0xB3, 0x9E, 0x5A, 0x3E, 0x96, 0x58, 0x05, 0xDC, 0x6D, 0xF9, 0xEA, 0x4F, 0x77, 0x0F, 0xA7,
    0x05, 0x13, 0x21, 0x4B, 0x06, 0x17, 0xB6, 0xD6, 0x6B, 0xFD, 0x23, 0x31, 0x20, 0xE7, 0x0E, 0x26,
    0x92, 0x95, 0x17, 0x51, 0xDF, 0xEC, 0x3B, 0x45, 0x3C, 0x65, 0x96, 0x92, 0x9D, 0xD5, 0xD5, 0x73,
    0x3F, 0x91, 0xC8, 0xE5, 0x10, 0x6E, 0x60, 0x82, 0xF0, 0xC4, 0xE6, 0x01, 0x5A, 0x7A, 0x16, 0x02,
    0x19, 0x6C, 0xD2, 0x71, 0xC2, 0x95, 0x6C, 0x07, 0x58, 0x98, 0xDF, 0x97, 0x2E, 0x15, 0x5C, 0x75,
    0xA1, 0x2E, 0x36, 0x0D, 0xFF, 0xE8, 0x48, 0x97, 0xA0, 0x28, 0xFB, 0x08, 0x98, 0x08, 0x82, 0x45,
    0x98, 0x11, 0x1B, 0xD6, 0xC6, 0xEA, 0xD6, 0x76, 0x1B, 0x00, 0x8E, 0x8C, 0x54, 0x7D, 0xA4, 0x0F,
    0xC2, 0x22, 0x92, 0x24, 0xB3, 0xD3, 0x99, 0x94, 0xEB, 0x67, 0x70, 0x7F, 0x06, 0x8A, 0xE9, 0xEC,
    0xA9, 0xE3, 0x60, 0x2E, 0xC3, 0x5D, 0x4A, 0x10, 0x9B, 0x85, 0x0C, 0x04, 0xD5, 0xC5, 0x33, 0x85,
    0x20, 0x3C, 0x59, 0x57, 0x67, 0xFE, 0x31, 0x79, 0xFE, 0x3A, 0x1B, 0x65, 0xED, 0xEB, 0x67, 0xAF,
    0xD1, 0xE9, 0xFF, 0xF8, 0xDF, 0x3E, 0x7D, 0xF9, 0x6F, 0x4E, 0xBF, 0xCC, 0xE0, 0xA7, 0x00, 0xAC,
    0xEA, 0x8C, 0x5B, 0xA3, 0xF3, 0x47, 0xC6, 0xA7, 0xAD, 0x5F, 0xF1, 0x49, 0xFB, 0xCF, 0xDF, 0xB1,
    0x29, 0x09, 0xC3, 0xE1, 0x4C, 0x70, 0xF4, 0x8E, 0xC7, 0x33, 0x15, 0x37, 0xB9, 0x58, 0x82, 0x0D,
    0xA8, 0x9F, 0xB0, 0x34, 0x32, 0x12, 0xF7, 0xF3, 0xF3, 0x9F, 0xC7, 0x68, 0x34, 0x42, 0x5E, 0x54,
    0xF6, 0xB2, 0x19, 0xD6, 0x9E, 0x56, 0xEF, 0x57, 0x1F, 0xD4, 0xEE, 0x93, 0xBE, 0xDF, 0x44, 0x3F,
    0xD2, 0xBD, 0xC6, 0x50, 0x45, 0xD1, 0x2F, 0xF4, 0xD6, 0xEF, 0xD7, 0x9E, 0x76, 0x73, 0xCE, 0x2A,
    0xE6, 0xE0, 0x25, 0xB6, 0xDB, 0xE2, 0xED, 0xCC, 0x7B, 0x75, 0x17, 0x20, 0xC9, 0x0D, 0x73, 0x11,
    0xF1, 0x3E, 0x21, 0x2F, 0xBB, 0xEF, 0x9D, 0x73, 0xC5, 0x25, 0xA2, 0x39, 0xD9, 0x27, 0x63, 0x7B,
    0xE2, 0x61, 0x10, 0x7B, 0x91, 0x94, 0x93, 0x8D, 0x08, 0xBE, 0x47, 0xB0, 0x9A, 0xAA, 0x9C, 0xAA,
    0xB1, 0x17, 0xD5, 0xAB, 0xF2, 0xF3, 0x9E, 0x84, 0x6F, 0xEE, 0xA9, 0x1D, 0x0A, 0x99, 0x11, 0x45,
    0x28, 0x07, 0xDF, 0x96, 0xB3, 0x35, 0xF5, 0x54, 0xCA, 0xBD, 0x7A, 0x80, 0xB6, 0x34, 0x85, 0x26,
    0x02, 0x42, 0x30, 0x7A, 0xCC, 0x41, 0x7B, 0xCA, 0x15, 0xF8, 0x69, 0x08, 0x3F, 0x73, 0xD8, 0xD2,
    0x80, 0x59, 0x9E, 0x72, 0x35, 0xED, 0xFD, 0xAB, 0x65, 0xF0, 0x79, 0x97, 0x0C, 0x6E, 0x54, 0x38,
    0x8D, 0x48, 0x71, 0x55, 0xE5, 0x74, 0x99, 0x01, 0x9E, 0x9C, 0x13, 0x4E, 0xD3, 0x1A, 0xA7, 0x47,
    0x40, 0x7F, 0x62, 0xEE, 0x59, 0xAF, 0x5D, 0xE8, 0x05, 0xF9, 0x00, 0xB9, 0x7A, 0x7B, 0xD2, 0x53,
    0x03, 0xB0, 0x82, 0x1E, 0xFA, 0x58, 0xED, 0x3A, 0x7D, 0xAE, 0x76, 0x1C, 0x97, 0x50, 0xF9, 0xD9,
    0xA0, 0xAF, 0x31, 0xC3, 0x31, 0x56, 0x86, 0x41, 0xE4, 0x8C, 0xC8, 0x9C, 0x34, 0xB8, 0x97, 0x33,
    0x7C, 0xB5, 0x26, 0x08, 0xE7, 0xB4, 0x23, 0x4C, 0x61, 0xCF, 0xB7, 0x12, 0xC4, 0x0C, 0x0D, 0x11,
    0x81, 0x0F, 0x27, 0xCC, 0x1E, 0xE9, 0x12, 0xD1, 0x1A, 0x22, 0x92, 0x68, 0xC7, 0xD8, 0xA4, 0xD3,
    0x62, 0x7A, 0x0A, 0xAA, 0x71, 0xDA, 0x9C, 0x33, 0xB2, 0xAB, 0x80, 0x4D, 0x87, 0x76, 0x6A, 0x4A,
    0x98, 0xD0, 0x0F, 0x04, 0x91, 0x39, 0x45, 0xE4, 0xC4, 0xC6, 0x18, 0x41, 0xC9, 0xC6, 0x38, 0xC7,
    0x66, 0x8F, 0xF9, 0x49, 0xE5, 0x2B, 0x36, 0x3E, 0x13, 0xCC, 0x2C, 0xF1, 0x2A, 0xE9, 0x31, 0xD9,
    0xC6, 0x30, 0x79, 0x61, 0x63, 0xC5, 0x4E, 0xBC, 0x98, 0x36, 0x07, 0x83, 0xEE, 0x60, 0x71, 0xB4,
    0x98, 0xB6, 0xD2, 0xD6, 0x88, 0xFF, 0x1F, 0x74, 0xF9, 0x67, 0xDA, 0x4A, 0xEC, 0x18, 0x5B, 0x76,
    0xD6, 0xF0, 0x54, 0xE1, 0xED, 0x14, 0x1B, 0x59, 0xD7, 0xC9, 0x7A, 0x8E, 0x3D, 0xB0, 0x76, 0xCD,
    0x03, 0x9B, 0xFA, 0xF7, 0x76, 0xE9, 0x81, 0x65, 0xB7, 0x79, 0x12, 0x2C, 0xC2, 0x29, 0x80, 0xDA,
    0x57, 0x31, 0xD0, 0xF3, 0x0A, 0xD7, 0x5A, 0x71, 0x43, 0xFF, 0x1D, 0xC0, 0x03, 0x74, 0xB6, 0x88,
    0x83, 0x19, 0x5D, 0x9E, 0x60, 0x0C, 0x0C, 0x30, 0x3C, 0xFA, 0x68, 0x7E, 0x9C, 0x77, 0xA7, 0x26,
    0x8E, 0xA4, 0x89, 0x59, 0x64, 0x2D, 0x67, 0x58, 0xFB, 0x04, 0x2E, 0x2F, 0x91, 0xE6, 0xDC, 0x7C,
    0xED, 0xF3, 0x18, 0x44, 0xC7, 0x66, 0x60, 0x15, 0x7B, 0x0A, 0x1E, 0x56, 0x5E, 0x86, 0xF8, 0xEF,
    0x8E, 0x1A, 0x60, 0xFC, 0x55, 0x7F, 0x0B, 0xFB, 0xCB, 0xAF, 0x71, 0x35, 0x0B, 0x44, 0x1C, 0x1E,
    0x1E, 0xD8, 0x4C, 0xA7, 0x36, 0xBC, 0x3A, 0xF1, 0x8C, 0xFF, 0x2E, 0xA6, 0xDA, 0x56, 0x5A, 0xBE,
    0x55, 0xE3, 0x96, 0x7B, 0x7E, 0xBF, 0x26, 0xC5, 0x69, 0x65, 0x2C, 0x4D, 0x72, 0x6A, 0xDE, 0x36,
    0xF3, 0x7C, 0x4E, 0x91, 0x04, 0xBF, 0xBA, 0xF8, 0x6C, 0x43, 0xA6, 0x66, 0x86, 0x9A, 0xD2, 0x60,
    0x95, 0x01, 0xD5, 0x2A, 0xB7, 0x2F, 0x1F, 0x13, 0x1A, 0xE2, 0xF7, 0xDB, 0x68, 0x42, 0x0B, 0x8D,
    0x06, 0xBE, 0xC9, 0xA8, 0x98, 0x18, 0x06, 0x26, 0x46, 0xE3, 0x11, 0xF0, 0x7D, 0x84, 0x26, 0xF0,
    0x4F, 0xD1, 0x3F, 0x62, 0xF0, 0xBC, 0x75, 0x0C, 0x9A, 0x12, 0x5F, 0x45, 0x41, 0x4E, 0xD7, 0x5C,
    0xF9, 0x44, 0x94, 0x85, 0x4E, 0x30, 0x73, 0x26, 0x08, 0x90, 0x9F, 0xE5, 0xE4, 0x71, 0xF3, 0xC2,
    0x5C, 0xAD, 0xB2, 0x8E, 0x58, 0xAF, 0xAD, 0x23, 0xCE, 0x96, 0xBB, 0x67, 0xB3, 0xE7, 0xF1, 0x39,
    0x51, 0xA4, 0x05, 0xBB, 0x28, 0x22, 0x85, 0xCF, 0xCE, 0x5E, 0x83, 0xDC, 0x2A, 0x85, 0x1D, 0x15,
    0xC2, 0x36, 0x67, 0x08, 0x7B, 0x11, 0x40, 0x84, 0x3D, 0x2A, 0xD8, 0x6D, 0x94, 0xC2, 0x36, 0x58,
    0xD8, 0xDA, 0xBA, 0x5F, 0xB0, 0x1B, 0x80, 0xDD, 0x96, 0x97, 0xE4, 0x8B, 0xA2, 0xAF, 0xCE, 0x12,
    0x36, 0xF0, 0x4D, 0x06, 0x87, 0x0B, 0xDB, 0xAF, 0x0A, 0x3B, 0x5F, 0x35, 0x83, 0xFB, 0x1D, 0x7E,
    0xFC, 0xB7, 0x31, 0x73, 0xDF, 0xA8, 0x0A, 0x5B, 0x3E, 0x4E, 0x2E, 0x03, 0x85, 0x65, 0x9C, 0xCB,
    0x20, 0x88, 0xF2, 0x2D, 0x5A, 0xA5, 0x0C, 0xAF, 0x83, 0xB0, 0x77, 0x8F, 0x15, 0xA4, 0xC3, 0xEB,
    0x26, 0x68, 0x2C, 0xF5, 0xA4, 0xAE, 0xB7, 0xEE, 0x31, 0xA2, 0x04, 0xC3, 0xAC, 0xE6, 0xB6, 0x4F,
    0x1D, 0x69, 0x79, 0x50, 0xF4, 0xE0, 0xBD, 0xA2, 0x07, 0x81, 0x40, 0x83, 0x0A, 0x0C, 0xC4, 0xD4,
    0x30, 0x7A, 0x21, 0x74, 0x5D, 0x69, 0xE2, 0xCC, 0x55, 0x6C, 0x04, 0xA5, 0x26, 0x2E, 0xFA, 0x4E,
    0x21, 0x2B, 0xB7, 0x19, 0x28, 0xDF, 0x26, 0x52, 0x40, 0xC2, 0x0E, 0x97, 0xF0, 0xA0, 0x5D, 0x6F,
    0xDB, 0x08, 0xA8, 0xC4, 0x7C, 0x27, 0xB5, 0xB6, 0xFD, 0xFE, 0xF7, 0x68, 0x5B, 0x54, 0xB4, 0x0D,
    0xEB, 0x5D, 0x32, 0xBF, 0xCF, 0x75, 0xAD, 0xF5, 0x5A, 0xDB, 0xA0, 0xAA, 0x57, 0x5A, 0x65, 0xEC,
    0xA3, 0x59, 0x82, 0x3A, 0xF1, 0x15, 0x99, 0xE2, 0xDB, 0x8B, 0x60, 0x71, 0x5C, 0xB6, 0x17, 0xAD,
    0xA1, 0x1D, 0x51, 0x23, 0x99, 0x12, 0xAF, 0x93, 0xC5, 0xA6, 0x22, 0x7E, 0x5D, 0x9F, 0xB6, 0x97,
    0x27, 0x72, 0xF0, 0x91, 0x9F, 0x77, 0xA8, 0x30, 0x4E, 0x36, 0xDA, 0xEB, 0x9C, 0x93, 0x79, 0xE9,
    0xB8, 0x7B, 0x88, 0xE7, 0x0A, 0xD0, 0x2D, 0x96, 0xE6, 0xED, 0x62, 0xF3, 0xD7, 0x8E, 0x0A, 0x09,
    0x27, 0xC5, 0xF0, 0x56, 0xF3, 0x28, 0x92, 0xB5, 0xA8, 0x74, 0x8B, 0xE8, 0x0D, 0xF1, 0xE3, 0x82,
    0x72, 0xF1, 0xA4, 0xE2, 0x4F, 0x4A, 0xB0, 0x2F, 0x97, 0x9A, 0x40, 0x76, 0xAA, 0x64, 0x8B, 0x59,
    0x57, 0x1B, 0xD0, 0x91, 0x0A, 0xDB, 0x14, 0x7D, 0x79, 0x4E, 0xB4, 0x3E, 0x38, 0xDD, 0x86, 0x1B,
    0x82, 0x80, 0x2B, 0xA6, 0x38, 0xB6, 0xF1, 0x14, 0x82, 0x6B, 0xBB, 0x87, 0x9F, 0x6C, 0xA6, 0x4A,
    0x0F, 0x22, 0xF6, 0x4A, 0xCB, 0xA2, 0x4B, 0xD5, 0x5C, 0x22, 0x6F, 0x24, 0x83, 0x50, 0xCD, 0x75,
    0xA2, 0x6F, 0x23, 0xB4, 0xED, 0xA5, 0x5C, 0x8E, 0x47, 0x09, 0xD7, 0x58, 0x9E, 0xA0, 0x6E, 0x30,
    0x2C, 0x7C, 0xF7, 0x3D, 0xDC, 0xAB, 0x8F, 0x90, 0x5C, 0x95, 0xA1, 0x2E, 0x8C, 0x4F, 0xC4, 0x17,
    0x1B, 0x53, 0x31, 0x9B, 0x2C, 0xE1, 0x39, 0x53, 0xD2, 0x61, 0x93, 0xF7, 0x84, 0xEB, 0x44, 0x3C,
    0xA7, 0x57, 0xD9, 0x8B, 0xA2, 0xEB, 0x50, 0xCD, 0xCF, 0xC8, 0xA6, 0x47, 0xBA, 0xB7, 0x1D, 0x74,
    0xB2, 0x76, 0x10, 0xDA, 0x91, 0x97, 0x53, 0x63, 0x57, 0x85, 0x19, 0xDC, 0x39, 0x15, 0x6F, 0xD9,
    0x5E, 0x46, 0x14, 0x43, 0x02, 0x31, 0xD5, 0xA8, 0xE9, 0x71, 0xDB, 0x91, 0x97, 0x5B, 0xCD, 0x63,
    0x12, 0xB9, 0xD8, 0x0F, 0xA6, 0x51, 0xB8, 0x10, 0x32, 0xA8, 0x24, 0xAD, 0xE6, 0x53, 0xB4, 0x08,
    0xD6, 0x4F, 0x25, 0x11, 0xD5, 0x87, 0xD4, 0x28, 0x57, 0x4B, 0xDE, 0x76, 0x82, 0xBE, 0x8F, 0x8B,
    0x21, 0x65, 0x88, 0x09, 0x7C, 0x2E, 0xC5, 0x7C, 0x08, 0xB0, 0x83, 0x6E, 0x23, 0x1B, 0x86, 0x3B,
    0xA5, 0x0F, 0x2E, 0xCE, 0xD6, 0x84, 0x76, 0x0D, 0x73, 0xA6, 0x8B, 0x39, 0xD3, 0xC6, 0xA8, 0xB6,
    0xA2, 0x2E, 0x06, 0x57, 0x52, 0x48, 0x49, 0x06, 0x97, 0xFE, 0x00, 0x93, 0xF8, 0x5F, 0x31, 0x1B,
    0x31, 0xB8, 0xDA, 0xE5, 0xE0, 0x4A, 0x8B, 0xB8, 0xE5, 0x2A, 0xC0, 0xDF, 0xC3, 0x22, 0x3E, 0x17,
    0x16, 0x73, 0xC0, 0xA2, 0x4A, 0xEE, 0x4D, 0x26, 0x3B, 0x0C, 0x3E, 0xB2, 0x6F, 0x2A, 0x96, 0x4D,
    0x9A, 0xB8, 0x59, 0x7A, 0x66, 0xCD, 0xB2, 0x47, 0xB0, 0xC9, 0xE0, 0x6B, 0xE5, 0x0A, 0xDF, 0x83,
    0x47, 0x2D, 0xF9, 0x2C, 0xF9, 0x26, 0xAD, 0x8A, 0x7D, 0x09, 0x19, 0x2C, 0x52, 0x73, 0x50, 0x52,
    0x5D, 0x45, 0xE1, 0x14, 0x60, 0x58, 0x13, 0xAE, 0xD8, 0x6C, 0x49, 0xCB, 0x91, 0x0A, 0x96, 0x5B,
    0x63, 0xAD, 0x05, 0xD6, 0x24, 0xCC, 0x2F, 0xA9, 0x0A, 0x29, 0x58, 0xE3, 0x76, 0xDD, 0x80, 0x99,
    0x94, 0x7D, 0x1B, 0xE7, 0xD9, 0xB0, 0xC6, 0xDA, 0xB4, 0x99, 0xD3, 0x68, 0xEC, 0x5F, 0x55, 0xE2,
    0xDE, 0xA2, 0x04, 0xCB, 0x27, 0xDD, 0x5A, 0x3B, 0xB4, 0x8F, 0x61, 0xBC, 0x63, 0x07, 0x7E, 0x03,
    0xE3, 0xD1, 0x43, 0x49, 0x6F, 0x60, 0x60, 0xF9, 0x26, 0xF2, 0x26, 0x24, 0x73, 0xA2, 0xD6, 0x8E,
    0xA9, 0xC4, 0x92, 0xD2, 0x5B, 0x5A, 0xCB, 0x43, 0x05, 0xF0, 0x25, 0x32, 0xD7, 0xBA, 0xCF, 0x0E,
    0xF6, 0x54, 0xBA, 0x9B, 0x65, 0xB1, 0xCD, 0x7A, 0x86, 0x96, 0x94, 0x93, 0x1A, 0x52, 0x57, 0x3E,
    0x08, 0x98, 0xB8, 0xED, 0x3C, 0xBC, 0x26, 0x4E, 0x42, 0x0C, 0xD7, 0x7D, 0x97, 0xB0, 0x0D, 0xBF,
    0x06, 0xF2, 0x30, 0xA4, 0x94, 0x93, 0x1A, 0x25, 0x3A, 0x9A, 0xE6, 0xD3, 0xD4, 0x56, 0x74, 0x58,
    0x86, 0xBE, 0xF4, 0x7E, 0xC1, 0xEE, 0x3A, 0xD8, 0xBD, 0x04, 0xD6, 0x9A, 0x60, 0xF2, 0x06, 0xD8,
    0x8D, 0x73, 0xB1, 0x77, 0x1B, 0x92, 0x21, 0x87, 0x74, 0xB5, 0x07, 0xF7, 0x0B, 0x76, 0x1D, 0xE0,
    0x7F, 0xAA, 0xC6, 0xAE, 0xB4, 0x50, 0x3C, 0x19, 0xAD, 0xD2, 0xD9, 0x05, 0xB5, 0xF9, 0xCE, 0x4B,
    0x61, 0xD1, 0x98, 0xF5, 0x91, 0x18, 0x25, 0x09, 0x06, 0x30, 0xE3, 0x37, 0xD0, 0x84, 0xB8, 0x00,
    0x0D, 0xD5, 0x0B, 0xDC, 0x98, 0xF5, 0xFB, 0x45, 0x63, 0x96, 0xD1, 0x98, 0xA7, 0xEA, 0x8D, 0xD9,
    0x45, 0xED, 0x73, 0xC9, 0xFE, 0x7B, 0x1D, 0xD5, 0xA3, 0x95, 0xC6, 0x48, 0x88, 0xAA, 0x41, 0xC8,
    0x97, 0xEB, 0x48, 0xAE, 0x50, 0x44, 0x57, 0x7B, 0xB7, 0x47, 0xD3, 0xEA, 0xD3, 0x71, 0xEF, 0xD6,
    0x26, 0x5A, 0x4B, 0x95, 0x93, 0x1A, 0x9D, 0xCE, 0xF7, 0x68, 0x7F, 0xCC, 0xFB, 0x6E, 0x3E, 0xFF,
    0x35, 0x5F, 0x91, 0x45, 0x9F, 0x65, 0x77, 0x69, 0x3B, 0xB2, 0x69, 0x70, 0x6D, 0xEF, 0xE6, 0xF3,
    0x81, 0x1B, 0xD7, 0x2D, 0x75, 0xA5, 0xAD, 0xD9, 0x1B, 0xD7, 0x33, 0xEB, 0x7E, 0x95, 0xAF, 0x8B,
    0x16, 0x3D, 0xDC, 0xBA, 0x49, 0x7F, 0xC8, 0x6E, 0x52, 0x7A, 0x91, 0xEB, 0x5E, 0x74, 0x78, 0x38,
    0x70, 0xDD, 0xD7, 0xA6, 0x75, 0xA7, 0x3E, 0x6B, 0xB7, 0x14, 0xE7, 0x51, 0xC1, 0xAC, 0x34, 0xAB,
    0x52, 0x74, 0x47, 0x06, 0xB3, 0xB0, 0xAC, 0xA0, 0x93, 0x4E, 0xC8, 0xCB, 0x85, 0xFD, 0x16, 0xC3,
    0xB5, 0x38, 0xF7, 0x95, 0x93, 0x32, 0x79, 0x10, 0xFA, 0x94, 0xAF, 0xD1, 0x6A, 0xAF, 0x37, 0xC0,
    0x7E, 0xE6, 0x71, 0x2F, 0x9E, 0xA3, 0x0B, 0x27, 0xA9, 0x07, 0x9A, 0xB8, 0x72, 0xAF, 0x77, 0x92,
    0x47, 0x3D, 0xCD, 0xE8, 0x1B, 0x09, 0xD9, 0xDF, 0x88, 0x56, 0x68, 0xB1, 0xC1, 0x63, 0x4E, 0x76,
    0xA4, 0x37, 0x1B, 0x91, 0xE9, 0x7F, 0x9A, 0x65, 0x9F, 0x09, 0x08, 0x37, 0x5F, 0xFC, 0xF0, 0x39,
    0xFF, 0x06, 0x1E, 0x60, 0xEF, 0x9A, 0x9C, 0x46, 0xD4, 0x22, 0xEB, 0xB7, 0xFF, 0x32, 0x62, 0x0B,
    0xBE, 0x1E, 0xE5, 0x4B, 0x9C, 0x69, 0xC4, 0xBD, 0x82, 0xB9, 0x81, 0xB4, 0x5C, 0x76, 0x05, 0x17,
    0xA1, 0x4A, 0xBB, 0x90, 0xCF, 0x26, 0x14, 0x7F, 0x05, 0x73, 0xA7, 0xC3, 0x98, 0xF1, 0xA0, 0x89,
    0x59, 0xA4, 0xD2, 0xB0, 0x87, 0xDA, 0x31, 0x30, 0x6F, 0x1A, 0x3F, 0xA6, 0xEE, 0xD8, 0xBE, 0xE9,
    0x6E, 0xB6, 0xB7, 0x4C, 0x3F, 0xB6, 0x52, 0xC3, 0x8F, 0x8D, 0xC4, 0x08, 0x37, 0xED, 0xB1, 0xE1,
    0xDF, 0x58, 0x6D, 0x5F, 0x76, 0x9B, 0xA9, 0xF5, 0x2E, 0x39, 0xE7, 0x1B, 0xC7, 0xC5, 0x4C, 0xC0,
    0x4C, 0xC0, 0x4C, 0xAB, 0x8C, 0x59, 0x13, 0xCC, 0x11, 0x30, 0xFB, 0xC0, 0x0C, 0x9E, 0x91, 0x69,
    0xE2, 0x9C, 0x3F, 0x36, 0xCF, 0x53, 0x69, 0x68, 0x6B, 0x8C, 0x59, 0x67, 0xED, 0x07, 0x10, 0xB2,
    0xD8, 0x8D, 0xCF, 0x27, 0x8D, 0x39, 0xF4, 0xA0, 0x3D, 0x66, 0xCC, 0x4D, 0x8B, 0x31, 0x5F, 0x37,
    0x9E, 0x13, 0x10, 0xF2, 0x4F, 0xC6, 0xEC, 0x6C, 0x31, 0x66, 0x49, 0xF9, 0x3A, 0x1E, 0xE6, 0x10,
    0x3C, 0x87, 0x8C, 0x79, 0xF8, 0xEB, 0x77, 0xDD, 0xCD, 0x3B, 0x77, 0x7F, 0x58, 0x95, 0xF3, 0xEA,
    0x83, 0xE7, 0xFC, 0x57, 0xA3, 0xB7, 0xEE, 0x32, 0xCF, 0x21, 0x30, 0x87, 0xC0, 0xFC, 0xCC, 0x71,
    0xA5, 0xE1, 0x65, 0x97, 0xDD, 0xCD, 0x20, 0xFB, 0x26, 0x42, 0x09, 0x86, 0x80, 0x70, 0xD3, 0xCB,
    0x78, 0x6C, 0x04, 0xD9, 0xCD, 0x13, 0x4B, 0xA3, 0x3E, 0xEA, 0xE2, 0x80, 0xF1, 0x31, 0xF8, 0x41,
    0xB8, 0x39, 0xDF, 0x39, 0xBA, 0x9C, 0x91, 0x66, 0x11, 0x0A, 0x88, 0xC9, 0xD5, 0xC3, 0xB8, 0x11,
    0xED, 0x01, 0x3C, 0x94, 0x3F, 0x55, 0x20, 0x7E, 0xF1, 0xC3, 0x67, 0xF7, 0x14, 0xD1, 0xD6, 0xF4,
    0x70, 0xA7, 0xD7, 0xBB, 0xAD, 0xB0, 0xB0, 0xC6, 0xEA, 0xB8, 0x7B, 0x30, 0xB3, 0xE1, 0x9B, 0x05,
    0x2A, 0x98, 0x3B, 0x9D, 0x67, 0x67, 0x16, 0x39, 0x18, 0xF3, 0xC7, 0x2E, 0x3D, 0x1F, 0x7E, 0x36,
    0xD4, 0x3E, 0x0B, 0x3F, 0x4D, 0x8C, 0x0F, 0xC2, 0x78, 0x6C, 0xBF, 0x1E, 0xC6, 0xED, 0x2D, 0xAE,
    0x6B, 0xA5, 0x0C, 0x8C, 0x84, 0x81, 0x3D, 0x66, 0xB0, 0xDA, 0x7E, 0x36, 0xFC, 0x38, 0xB5, 0xDE,
    0x0B, 0x3F, 0x8B, 0xF4, 0xCF, 0xC2, 0x4F, 0x7C, 0xFA, 0xE0, 0x24, 0x3C, 0xA3, 0xA9, 0x31, 0xB2,
    0xEC, 0x14, 0x90, 0xE6, 0x1F, 0xCE, 0x73, 0x5C, 0x9A, 0xEA, 0x83, 0x81, 0xE4, 0xBD, 0x08, 0x38,
    0x6A, 0x8D, 0x5A, 0x20, 0xEB, 0x00, 0xC0, 0xBA, 0xBA, 0xA7, 0x30, 0x1F, 0x11, 0xB1, 0xD4, 0x58,
    0xCB, 0x6B, 0x1C, 0xB9, 0xD2, 0x11, 0xC1, 0xDA, 0x17, 0x8A, 0xAF, 0xD7, 0xDB, 0xC9, 0x39, 0x5D,
    0xCB, 0xD3, 0x62, 0x76, 0xFF, 0xED, 0xF4, 0x7C, 0xD5, 0xA1, 0x33, 0xFF, 0xF6, 0xD6, 0x62, 0xCF,
    0xBB, 0x2C, 0xFF, 0xB0, 0xE3, 0xF2, 0xF7, 0x87, 0x9D, 0x19, 0xB5, 0x0E, 0xE9, 0x49, 0x95, 0x41,
    0x3F, 0xBD, 0xF7, 0x10, 0x27, 0x19, 0x84, 0xCF, 0x87, 0x07, 0x0E, 0x8A, 0x35, 0xAC, 0xC6, 0x91,
    0x27, 0x7B, 0x18, 0xF8, 0x25, 0xF7, 0x10, 0xD2, 0x3B, 0xE3, 0xA3, 0x14, 0xDE, 0x10, 0xCC, 0xE7,
    0xF1, 0xED, 0xFA, 0xE1, 0x60, 0x95, 0x31, 0x6F, 0x78, 0xC0, 0x7C, 0xFD, 0x48, 0x35, 0x0E, 0xE1,
    0x39, 0x80, 0x20, 0x04, 0x4C, 0xEF, 0xFD, 0x82, 0xA5, 0xA1, 0xB8, 0xFF, 0x05, 0xA4, 0xB1, 0x5F,
    0x5D, 0x59, 0xD6, 0xAE, 0x29, 0xB7, 0x9D, 0x5D, 0xEE, 0x18, 0x2E, 0x77, 0x8C, 0xB5, 0x41, 0x0C,
    0xAF, 0x34, 0xA6, 0x27, 0x01, 0x9A, 0x00, 0x0B, 0xE8, 0xE8, 0x49, 0x3E, 0x14, 0xE2, 0x46, 0x99,
    0xBF, 0x06, 0x37, 0x36, 0x86, 0x07, 0x1B, 0xC3, 0xD1, 0x8E, 0xB1, 0x04, 0x8C, 0xB1, 0x18, 0x54,
    0x93, 0x2C, 0x3A, 0x1A, 0x8D, 0x6A, 0x87, 0x6E, 0xE0, 0x1E, 0xD7, 0x7B, 0xF8, 0xE2, 0x87, 0x45,
    0x87, 0xBE, 0x84, 0x26, 0x1C, 0x46, 0x43, 0x83, 0x98, 0x58, 0xF9, 0x6F, 0x30, 0x56, 0x06, 0x67,
    0x00, 0x9A, 0x00, 0x0B, 0x00, 0x1B, 0x00, 0xCC, 0xC1, 0x06, 0x38, 0xF8, 0xE5, 0xED, 0xFB, 0x45,
    0xD7, 0x82, 0x83, 0x8D, 0xAF, 0x01, 0xA0, 0x95, 0x1B, 0x58, 0xC1, 0x6C, 0x60, 0x08, 0xFE, 0x3B,
    0x12, 0xBA, 0x7F, 0x8E, 0x06, 0xFE, 0x5C, 0x56, 0x4B, 0xFB, 0xD3, 0xB8, 0x58, 0x12, 0xDA, 0xAC,
    0x75, 0x05, 0x5A, 0xB9, 0xC1, 0x0B, 0xF4, 0xF8, 0x17, 0x57, 0xCA, 0xAE, 0x58, 0x41, 0x57, 0x94,
    0x34, 0x36, 0x40, 0xE3, 0x67, 0x61, 0x4E, 0x48, 0x6D, 0xB8, 0xB1, 0x01, 0x82, 0x39, 0x42, 0x58,
    0xE2, 0x8C, 0x47, 0xB5, 0xE5, 0xE9, 0x96, 0xCA, 0x4A, 0xD6, 0x96, 0xB3, 0x50, 0x85, 0xDF, 0x24,
    0xB0, 0xF7, 0x84, 0x38, 0x86, 0x12, 0x9E, 0x52, 0x07, 0x81, 0xF2, 0x20, 0x13, 0x5F, 0x5F, 0x72,
    0x72, 0xCB, 0x46, 0x45, 0x76, 0xF6, 0x5C, 0x52, 0x20, 0x6F, 0x75, 0x6B, 0x7E, 0xAD, 0x44, 0x66,
    0x2C, 0xC9, 0x7D, 0x90, 0xCD, 0x2F, 0x13, 0x4B, 0xA5, 0x3C, 0xAA, 0xF8, 0x3F, 0x2A, 0x88, 0xE0,
    0x0C, 0x6B, 0x4B, 0xFF, 0x15, 0x9C, 0x91, 0x92, 0xB8, 0xBA, 0x99, 0xEE, 0x8E, 0xE5, 0x60, 0x4C,
    0x48, 0x80, 0x01, 0x21, 0x1C, 0x03, 0x99, 0xCF, 0x41, 0x62, 0xB9, 0xE7, 0x26, 0x2E, 0x7B, 0xB8,
    0x38, 0xEF, 0xE2, 0x61, 0xE9, 0xCD, 0x6C, 0x58, 0xAE, 0x96, 0x21, 0x83, 0xD1, 0x64, 0xF3, 0x9D,
    0x47, 0xF7, 0x8C, 0x69, 0x44, 0x52, 0xAB, 0xEE, 0xF9, 0xC8, 0xF1, 0x0B, 0x34, 0xA5, 0x8B, 0x96,
    0x76, 0x4D, 0x5E, 0x53, 0x74, 0x69, 0x39, 0x65, 0xD0, 0x90, 0x35, 0x45, 0xC0, 0xC0, 0x9E, 0xB0,
    0xFF, 0xC9, 0x36, 0xBC, 0xEB, 0xA5, 0x45, 0x30, 0x37, 0x29, 0x22, 0x38, 0x85, 0x3D, 0x96, 0x14,
    0x6D, 0xCF, 0x55, 0x61, 0x67, 0x0D, 0x27, 0x76, 0x9C, 0x89, 0xE5, 0x72, 0x2D, 0xCB, 0x6D, 0xA7,
    0x05, 0x6B, 0x5C, 0xCD, 0x72, 0x99, 0x04, 0xB3, 0xE6, 0xA5, 0x16, 0xC2, 0x42, 0x77, 0x91, 0x9D,
    0x37, 0x8D, 0x97, 0x1B, 0xEE, 0xAC, 0x94, 0x16, 0x89, 0xF3, 0x79, 0x6E, 0x11, 0x6B, 0x5F, 0x85,
    0xD4, 0xBA, 0x90, 0x76, 0x97, 0x9B, 0xC9, 0x9C, 0x9A, 0x19, 0xE5, 0x9C, 0x1A, 0xE0, 0x39, 0x60,
    0xEE, 0x91, 0xCD, 0xB2, 0x22, 0x31, 0xAE, 0x71, 0x11, 0x66, 0xBF, 0xBE, 0x5F, 0xC6, 0x0C, 0xE2,
    0xE6, 0xA7, 0xC8, 0x46, 0xC7, 0x0F, 0x5B, 0xEC, 0x87, 0x67, 0x71, 0x1F, 0xA7, 0xC8, 0x52, 0x05,
    0x57, 0x78, 0x31, 0x93, 0x25, 0xD8, 0x6B, 0x0A, 0xA2, 0x39, 0x8C, 0x0B, 0xB7, 0x5A, 0xBE, 0xCD,
    0xE5, 0x77, 0x54, 0xB2, 0x7A, 0x5F, 0x41, 0x26, 0xA8, 0x3D, 0xAC, 0x95, 0x2F, 0xF2, 0x00, 0xDB,
    0x18, 0x81, 0x93, 0x04, 0x33, 0xAF, 0x0B, 0xD0, 0x64, 0xEA, 0xDB, 0x69, 0x11, 0x50, 0x3A, 0xED,
    0xE7, 0x41, 0x8C, 0x7D, 0xC1, 0x2B, 0x39, 0xFB, 0x01, 0xAF, 0x66, 0x53, 0x01, 0xF3, 0x4B, 0x84,
    0xF3, 0x52, 0x67, 0x0F, 0xAC, 0xD6, 0x2F, 0xF7, 0x1B, 0x91, 0x70, 0xC3, 0xAB, 0xF3, 0x63, 0xFD,
    0x3D, 0x4E, 0x73, 0xBE, 0x43, 0x66, 0x68, 0xB9, 0x38, 0x6F, 0x67, 0xF3, 0x37, 0x87, 0x9D, 0xC0,
    0x16, 0xE9, 0xD1, 0x22, 0xE9, 0xF1, 0x80, 0x97, 0xFC, 0x2C, 0x81, 0x94, 0x65, 0x31, 0xE1, 0x46,
    0x04, 0xB1, 0x6A, 0x25, 0x8E, 0x48, 0x38, 0xD3, 0x6D, 0xA0, 0x40, 0xE5, 0xF3, 0xC7, 0x57, 0x7B,
    0xBD, 0x5B, 0xC5, 0xFF, 0xF2, 0x00, 0xB2, 0x91, 0xE3, 0x14, 0x43, 0x15, 0xB2, 0xDD, 0xE2, 0xFA,
    0xDB, 0x09, 0xE1, 0xF0, 0x64, 0x23, 0x46, 0xD2, 0x65, 0x97, 0xF4, 0x61, 0x8B, 0x69, 0xAA, 0x53,
    0x98, 0xCC, 0x81, 0x6B, 0xCB, 0xB9, 0x4D, 0x33, 0xDC, 0x8D, 0xEB, 0x71, 0x6A, 0x7C, 0x2E, 0x3E,
    0xAB, 0x67, 0x27, 0xB0, 0x65, 0x89, 0xB8, 0x7E, 0x9F, 0xBF, 0xF4, 0x79, 0x98, 0x22, 0x8F, 0x1B,
    0xA7, 0xEB, 0xFA, 0x3C, 0x86, 0xFA, 0xAC, 0x92, 0xFA, 0xAC, 0x9B, 0x10, 0x7F, 0x92, 0x18, 0x94,
    0xFA, 0xA4, 0xEA, 0x98, 0x93, 0x8D, 0x83, 0x85, 0x7D, 0x26, 0xD6, 0x67, 0xE2, 0x48, 0x7A, 0xEF,
    0xF3, 0xC8, 0xEC, 0x6B, 0x5C, 0xD5, 0x60, 0x14, 0x36, 0xA3, 0x43, 0x04, 0x6D, 0x5A, 0xD7, 0x16,
    0xE2, 0xED, 0x61, 0x39, 0x3C, 0x44, 0x04, 0x8A, 0x51, 0xC6, 0x32, 0x90, 0xC4, 0x81, 0xAE, 0xEC,
    0xA1, 0xB5, 0x64, 0x0F, 0x51, 0x0E, 0x9D, 0x60, 0xFE, 0x20, 0xE5, 0x11, 0x92, 0x93, 0xA8, 0x5D,
    0x4B, 0xB6, 0x7D, 0x06, 0xA4, 0x4E, 0x4C, 0x12, 0x24, 0x48, 0xEA, 0xCC, 0x24, 0x93, 0xC7, 0xA3,
    0x96, 0xA4, 0x1E, 0xC8, 0xB1, 0x49, 0x9E, 0x81, 0xA8, 0x6E, 0x09, 0x2A, 0x33, 0x6C, 0x95, 0xC8,
    0xF5, 0x48, 0xDD, 0x91, 0xA7, 0x3E, 0x4A, 0xE2, 0x8C, 0x28, 0x48, 0x28, 0x0C, 0xC0, 0x36, 0x90,
    0x18, 0xDB, 0x08, 0x7F, 0x9A, 0xEC, 0x8C, 0xE2, 0xA6, 0xA2, 0xEE, 0x08, 0x27, 0x8C, 0x1C, 0x50,
    0x90, 0x18, 0x42, 0x42, 0x8F, 0x5A, 0x92, 0x6D, 0xA0, 0x0E, 0x37, 0x8E, 0xCA, 0xD6, 0xE5, 0x2D,
    0x55, 0xAD, 0x56, 0x9D, 0x20, 0xD2, 0x38, 0xC7, 0xFA, 0x45, 0x83, 0x70, 0xCC, 0x6D, 0x2D, 0xC3,
    0x99, 0x49, 0x9B, 0x7B, 0x9F, 0x8C, 0xE1, 0x22, 0xC9, 0x78, 0x50, 0x98, 0xB4, 0x2F, 0x1A, 0x44,
    0x5F, 0x2C, 0xBE, 0x46, 0x2C, 0xEC, 0x0A, 0xE3, 0xD2, 0x04, 0x33, 0xE5, 0xC6, 0x48, 0xB3, 0xA4,
    0x81, 0xF2, 0x39, 0x93, 0xDB, 0x07, 0x56, 0x53, 0xFA, 0x1F, 0x58, 0x47, 0x0E, 0xB7, 0xA8, 0xED,
    0x3A, 0x3C, 0xBA, 0xED, 0xD0, 0x0A, 0x3D, 0xD2, 0x3F, 0x16, 0x5D, 0xA4, 0x46, 0x69, 0x1E, 0x33,
    0x5E, 0x59, 0x59, 0x21, 0x39, 0xF8, 0xCB, 0xC6, 0xF9, 0x85, 0x87, 0x6E, 0x3B, 0xF3, 0xCD, 0x31,
    0x19, 0x23, 0x32, 0xFF, 0x8D, 0xBE, 0x3C, 0xA7, 0x2C, 0x29, 0xEB, 0x83, 0x2F, 0xE9, 0xF1, 0x57,
    0xC9, 0x7E, 0x36, 0x5E, 0x21, 0xEB, 0xBD, 0x8F, 0x53, 0xD2, 0x13, 0x64, 0x71, 0x22, 0xCF, 0x8E,
    0xDA, 0x5B, 0x35, 0xED, 0xB7, 0x3C, 0xE9, 0xB0, 0x3A, 0x6D, 0xB3, 0xC2, 0x4E, 0xAD, 0x21, 0x19,
    0xBF, 0x7B, 0x9E, 0x97, 0x68, 0xAF, 0xC7, 0x63, 0x3A, 0xA3, 0xC3, 0x17, 0x98, 0xE6, 0x46, 0x5F,
    0x93, 0xAD, 0x8B, 0x15, 0xD9, 0xC5, 0x80, 0x2E, 0x0D, 0x5C, 0x56, 0x59, 0x7A, 0xE6, 0xAE, 0x4E,
    0xC8, 0xB9, 0xEB, 0x76, 0xBD, 0x30, 0xB3, 0xDC, 0xAE, 0xF5, 0x88, 0x55, 0x3A, 0x6B, 0x64, 0xD6,
    0xF8, 0x5D, 0xCA, 0x78, 0x04, 0x74, 0x8D, 0x8C, 0xAD, 0x53, 0xD7, 0xF9, 0x2D, 0x1B, 0x82, 0x6E,
    0x46, 0xED, 0x77, 0x5D, 0x56, 0xDF, 0x6C, 0x1E, 0xD8, 0xE6, 0xB0, 0x11, 0x83, 0x11, 0x6E, 0xBB,
    0x37, 0xC4, 0xAA, 0x55, 0xF6, 0x74, 0xF6, 0xD2, 0x82, 0x7A, 0xD4, 0x47, 0x04, 0x5A, 0xAC, 0xEC,
    0x3D, 0x64, 0xF2, 0x83, 0x96, 0x68, 0x7F, 0x89, 0xFE, 0xE2, 0xFC, 0x09, 0x68, 0xC1, 0x28, 0xFC,
    0x96, 0x4D, 0x59, 0x57, 0x8E, 0x2A, 0x82, 0x56, 0x02, 0xFB, 0xA6, 0x4D, 0xE8, 0x28, 0xB4, 0xDA,
    0xD2, 0x2E, 0x2B, 0x81, 0x0D, 0xC1, 0x56, 0x0E, 0x5B, 0xB0, 0x76, 0x08, 0xFB, 0x69, 0x3E, 0x1A,
    0x59, 0x92, 0x6F, 0x80, 0x31, 0x8D, 0x76, 0x91, 0xB4, 0x8B, 0xA4, 0x5D, 0x24, 0xED, 0x32, 0xA4,
    0x5D, 0xCE, 0xA1, 0xED, 0x2A, 0xB6, 0x1F, 0xDB, 0x2A, 0x03, 0x4F, 0x9D, 0x6D, 0x9A, 0xA8, 0x5B,
    0x32, 0x03, 0xE4, 0x48, 0x24, 0x38, 0x16, 0x6F, 0x5C, 0x82, 0xF2, 0x12, 0xDB, 0x97, 0x76, 0x91,
    0xB4, 0xCB, 0x90, 0x76, 0x39, 0x07, 0xB6, 0xAB, 0xDC, 0x73, 0xCB, 0xF3, 0x0A, 0x65, 0x03, 0x4A,
    0x1F, 0x95, 0x7B, 0x34, 0x72, 0x54, 0x27, 0xDF, 0x5A, 0x73, 0x86, 0x9F, 0x8B, 0x96, 0x6C, 0x68,
    0xCB, 0xD6, 0xB6, 0xEC, 0x1A, 0xCB, 0x76, 0xF7, 0xAC, 0xDC, 0xA9, 0x6F, 0xB3, 0xB6, 0x97, 0x03,
    0xB8, 0xAC, 0x5B, 0x58, 0x75, 0xE8, 0x43, 0x1D, 0x27, 0xE7, 0xA1, 0x95, 0x52, 0xC9, 0xC4, 0xC3,
    0x76, 0xC0, 0x22, 0xB6, 0x03, 0x1C, 0x28, 0x0A, 0xAB, 0x5F, 0x3B, 0x33, 0x26, 0x9B, 0x75, 0x72,
    0x72, 0x4D, 0xE5, 0x09, 0xFB, 0xE5, 0x46, 0x77, 0x54, 0x3C, 0x55, 0x85, 0xE5, 0x44, 0x29, 0xEA,
    0xB6, 0xE0, 0xCB, 0x36, 0xA1, 0x79, 0x06, 0xD8, 0x6D, 0x48, 0x2C, 0x9F, 0x2B, 0x18, 0x38, 0x7D,
    0xC9, 0x1A, 0xCB, 0x46, 0x4A, 0xD6, 0x8A, 0x38, 0x5D, 0xE7, 0xB0, 0xDB, 0x0F, 0xFE, 0x8C, 0x1D,
    0xF6, 0x04, 0xE4, 0xF4, 0x5A, 0xBB, 0xC1, 0x8C, 0x77, 0xD9, 0xF6, 0xBB, 0x83, 0x36, 0x7F, 0xC3,
    0x76, 0x39, 0xA5, 0x62, 0x1A, 0xE4, 0x3D, 0x01, 0x6D, 0x7E, 0xD0, 0x62, 0x37, 0xCE, 0x55, 0xFB,
    0x31, 0xE2, 0x1E, 0xAA, 0x10, 0xFC, 0x34, 0x92, 0xB8, 0x2D, 0xB3, 0x0C, 0x41, 0xF6, 0xEF, 0x26,
    0xEA, 0x18, 0xDC, 0xD5, 0xDE, 0xAD, 0x36, 0x8E, 0x15, 0x5B, 0x48, 0x97, 0x41, 0xC4, 0xD9, 0xFA,
    0x61, 0x01, 0x9C, 0x6F, 0xFA, 0x5C, 0x18, 0x31, 0xCA, 0x54, 0xDC, 0xD1, 0x3B, 0xAA, 0x6B, 0x3C,
    0x04, 0xAC, 0xBD, 0x6C, 0x52, 0xF4, 0x27, 0xF2, 0x21, 0x25, 0x45, 0x4F, 0x9F, 0xAC, 0xC7, 0x2A,
    0x2E, 0xE2, 0x68, 0x6B, 0x2D, 0x5A, 0xB4, 0x46, 0x0E, 0xB8, 0xB2, 0xA8, 0xDB, 0xB4, 0x2C, 0x77,
    0xD0, 0xB5, 0x2E, 0xFB, 0x47, 0x05, 0x67, 0xCF, 0x6A, 0x1A, 0x1D, 0xAB, 0x46, 0x77, 0xD1, 0xB6,
    0xDC, 0x66, 0x7B, 0x62, 0x51, 0xCB, 0x4A, 0x1D, 0x15, 0xD0, 0x31, 0xA3, 0x46, 0x0A, 0x19, 0xD4,
    0x62, 0x34, 0x8F, 0xE5, 0x5B, 0x3C, 0x95, 0x0B, 0xD3, 0xD5, 0xCC, 0x70, 0xC8, 0x74, 0x4C, 0xAD,
    0x4B, 0xCC, 0xF4, 0x25, 0x0B, 0x97, 0x7B, 0xD8, 0x45, 0x8F, 0x01, 0x59, 0xEB, 0xD2, 0x01, 0x60,
    0xDE, 0xF3, 0x6A, 0x19, 0x7C, 0xE5, 0x83, 0x0B, 0x41, 0xD0, 0x9B, 0xF9, 0x60, 0x26, 0x78, 0xFC,
    0xF1, 0x69, 0xB2, 0x87, 0x53, 0xFA, 0xB2, 0x65, 0x66, 0x8D, 0xFF, 0x6D, 0x78, 0x29, 0x03, 0xF2,
    0xD6, 0x10, 0xC7, 0x67, 0xA7, 0x38, 0xCF, 0xAC, 0x91, 0x6D, 0x45, 0x75, 0xD4, 0x50, 0xB9, 0xB1,
    0x73, 0xEE, 0xD9, 0x72, 0x53, 0xD4, 0xAB, 0x94, 0x60, 0xA7, 0xF4, 0x34, 0xDC, 0x53, 0xCB, 0x9F,
    0xCB, 0xD8, 0x4F, 0xD1, 0x58, 0xDF, 0xB8, 0xCE, 0x44, 0x6D, 0x26, 0x56, 0xF2, 0x69, 0xFC, 0x8A,
    0xB3, 0x57, 0x4B, 0x98, 0xC2, 0xEA, 0x50, 0x72, 0xA6, 0xA0, 0x2D, 0x90, 0x36, 0x05, 0xAF, 0x5E,
    0x32, 0xA7, 0x40, 0x25, 0xCB, 0x6F, 0x48, 0xFE, 0x14, 0x3C, 0x74, 0xA4, 0x50, 0x49, 0x1A, 0x04,
    0xB2, 0xA8, 0x44, 0xCF, 0x48, 0x22, 0x55, 0x20, 0xFB, 0xA4, 0x5C, 0xC2, 0xC4, 0x2D, 0x49, 0xA7,
    0xC2, 0x2D, 0x49, 0x7C, 0x52, 0xB7, 0x90, 0x12, 0x15, 0x84, 0x79, 0x5E, 0x95, 0x6C, 0x0B, 0x9E,
    0xAD, 0x6B, 0x17, 0x24, 0x58, 0x35, 0x86, 0x79, 0x8E, 0x95, 0xAC, 0x8E, 0x24, 0xCD, 0x0A, 0xAD,
    0x94, 0x4C, 0x2B, 0x5B, 0x11, 0x33, 0xB3, 0x67, 0xB2, 0x82, 0x98, 0x25, 0xB7, 0x90, 0x72, 0x05,
    0xCC, 0x92, 0x75, 0xE5, 0x85, 0x8A, 0x28, 0x98, 0x96, 0x84, 0x2B, 0xD6, 0xF4, 0xEA, 0xC6, 0x84,
    0xD4, 0x8D, 0x40, 0x9C, 0xB4, 0x9C, 0x79, 0xE4, 0x61, 0xA9, 0x3C, 0x91, 0x3C, 0xF3, 0x67, 0xBA,
    0x8D, 0x9A, 0x2F, 0x89, 0x90, 0xC3, 0x21, 0x09, 0x18, 0xCA, 0xEB, 0x9F, 0x99, 0xCF, 0xA6, 0xE5,
    0x3D, 0xB4, 0x6F, 0xEE, 0xFC, 0xAA, 0x5B, 0x2C, 0x89, 0x8C, 0x3C, 0x97, 0x23, 0x2D, 0x32, 0x3A,
    0x66, 0x24, 0xE2, 0xAD, 0x15, 0x79, 0x08, 0xFB, 0xD4, 0x15, 0x8D, 0x74, 0xA4, 0xBA, 0xB3, 0x78,
    0xD9, 0xD3, 0xB6, 0x34, 0xCF, 0x56, 0x39, 0xA8, 0x6D, 0x0D, 0x95, 0x50, 0xB8, 0xFB, 0xD8, 0xBC,
    0xCA, 0x0C, 0x34, 0xF3, 0xFC, 0xCC, 0x86, 0xCA, 0xCF, 0x74, 0x6B, 0xF9, 0x99, 0xC1, 0xDE, 0xFC,
    0xCC, 0x59, 0xA8, 0x54, 0x7E, 0xA6, 0x6A, 0xD9, 0x34, 0x3F, 0xD3, 0x9B, 0x91, 0x9F, 0x19, 0xE5,
    0x9C, 0xDE, 0xA0, 0xDD, 0xD9, 0x20, 0x62, 0x98, 0x82, 0x7C, 0x95, 0xAB, 0x05, 0xA1, 0x4B, 0xCB,
    0x63, 0x83, 0x1D, 0x9A, 0x61, 0x9B, 0x57, 0x89, 0x3C, 0x36, 0x5E, 0x11, 0x0F, 0x7C, 0x79, 0x92,
    0x27, 0x28, 0x78, 0xE3, 0xB2, 0xBD, 0x2A, 0xB7, 0x46, 0x4E, 0x28, 0x55, 0x52, 0x15, 0xF6, 0x64,
    0x56, 0xAC, 0x94, 0x86, 0x56, 0xD6, 0xD1, 0x92, 0x2C, 0x71, 0x1D, 0x29, 0x76, 0x1E, 0x12, 0x28,
    0xEC, 0x08, 0x66, 0x3E, 0xF3, 0xD9, 0x69, 0x6A, 0xAB, 0xF4, 0xAB, 0x2C, 0x5F, 0x89, 0xAA, 0x8C,
    0xA5, 0x6D, 0x39, 0x65, 0x92, 0x5B, 0xC7, 0xD5, 0xD9, 0x99, 0x15, 0x1B, 0x45, 0xEC, 0x4B, 0xA5,
    0xF0, 0xBD, 0x03, 0x97, 0x57, 0xF2, 0xF1, 0xEA, 0x89, 0x16, 0x48, 0x46, 0x18, 0x49, 0x54, 0x01,
    0xC5, 0xD0, 0xA2, 0x57, 0x74, 0xFE, 0xEA, 0x65, 0xDF, 0x2F, 0x12, 0x46, 0x3C, 0x6E, 0x39, 0x2D,
    0x22, 0x61, 0xA4, 0x0F, 0x5E, 0x63, 0x96, 0x8B, 0x06, 0x2B, 0x85, 0x17, 0x06, 0xB8, 0x6A, 0x57,
    0xBE, 0xB2, 0x6E, 0xDF, 0x4B, 0xFC, 0x1A, 0x22, 0x3F, 0xAB, 0x98, 0xA8, 0x0E, 0x56, 0xFD, 0xC6,
    0xE4, 0x4A, 0x31, 0x0A, 0x55, 0x06, 0x46, 0x56, 0xCF, 0xC0, 0x08, 0x9F, 0x70, 0x9D, 0x07, 0x3F,
    0x64, 0xEF, 0xCD, 0xAA, 0x67, 0x92, 0x8C, 0xF6, 0x26, 0x2D, 0xCC, 0x26, 0xAE, 0x87, 0x95, 0xA4,
    0xC6, 0x69, 0x22, 0xF2, 0x6A, 0x8F, 0x75, 0x6D, 0x17, 0xF1, 0xFD, 0xAE, 0x3A, 0x11, 0x08, 0x1F,
    0x8D, 0x8A, 0x37, 0xB9, 0xC8, 0x51, 0xD9, 0xAE, 0x1E, 0xEE, 0x39, 0x0E, 0xB4, 0x2B, 0x39, 0x59,
    0xB2, 0xA5, 0x29, 0x29, 0x76, 0x93, 0xAB, 0x59, 0x19, 0xFB, 0xD0, 0xBD, 0xDA, 0x0B, 0xD6, 0x99,
    0xC5, 0x45, 0xF8, 0x67, 0x92, 0xD1, 0x8F, 0xD0, 0x02, 0xC5, 0x88, 0x2F, 0x00, 0xE8, 0x91, 0x6C,
    0x60, 0x57, 0x37, 0x01, 0x8F, 0x4A, 0x77, 0xEA, 0xC3, 0xAC, 0xE2, 0xDB, 0xB1, 0xF6, 0x31, 0xE7,
    0x3B, 0x77, 0x98, 0x46, 0x67, 0x5C, 0xA3, 0x21, 0x7B, 0xCD, 0xD6, 0xCC, 0x0C, 0xE0, 0xF5, 0xE3,
    0xED, 0x63, 0x1E, 0x01, 0xFD, 0x49, 0xD2, 0x16, 0x17, 0x50, 0x78, 0x80, 0xB4, 0xC5, 0x44, 0x53,
    0x47, 0xAC, 0x54, 0xDA, 0xA2, 0xB8, 0x86, 0x53, 0xF4, 0xDA, 0x09, 0x13, 0x18, 0x17, 0x50, 0x6D,
    0x40, 0x47, 0x41, 0xFF, 0x05, 0xE4, 0x2F, 0x35, 0x51, 0x77, 0x80, 0xFC, 0xA5, 0xA4, 0x96, 0x5B,
    0x64, 0x3C, 0x88, 0x68, 0xAF, 0xAC, 0xF2, 0x08, 0xD1, 0x9E, 0x4C, 0x26, 0x35, 0x8F, 0x32, 0x49,
    0xB4, 0xF5, 0xD5, 0xB7, 0x76, 0x2D, 0x93, 0xC9, 0x53, 0x75, 0x9B, 0xC5, 0x99, 0xC3, 0x49, 0xAA,
    0xA8, 0xF9, 0xEA, 0xCC, 0x97, 0xF1, 0xE0, 0xDE, 0x0C, 0x6A, 0xD3, 0x17, 0xFE, 0xA4, 0xE5, 0x4C,
    0x7E, 0x24, 0xE9, 0x4C, 0x65, 0x78, 0xEF, 0x5D, 0xA4, 0xC4, 0x20, 0xBC, 0xE7, 0x20, 0xBC, 0xB7,
    0x88, 0x18, 0x5A, 0x17, 0xE1, 0xBD, 0x14, 0xE1, 0xBD, 0xB8, 0x08, 0xEF, 0x49, 0xB2, 0xAC, 0xF9,
    0x8E, 0xF4, 0x3E, 0x37, 0xDA, 0x86, 0xF0, 0x9C, 0x6A, 0x6E, 0x4D, 0xF1, 0x39, 0x4D, 0xBB, 0x93,
    0x72, 0x6E, 0x48, 0xEA, 0xCD, 0x10, 0x36, 0x05, 0x51, 0x91, 0x4A, 0x04, 0x10, 0x86, 0xA6, 0x6B,
    0x7D, 0x3F, 0x73, 0xBB, 0xC8, 0x15, 0xEE, 0xB6, 0x10, 0x01, 0x6C, 0x23, 0x02, 0x18, 0xD4, 0x22,
    0x80, 0x62, 0x3A, 0x9E, 0x0F, 0x8B, 0x93, 0x0D, 0xBB, 0xB3, 0x9B, 0xF2, 0x31, 0xD2, 0xAC, 0xBD,
    0x24, 0x49, 0xFB, 0xA4, 0x68, 0xE5, 0x34, 0x52, 0xC8, 0xED, 0x68, 0x64, 0x0F, 0x10, 0x29, 0x6C,
    0xA1, 0x95, 0x4D, 0x44, 0x0A, 0x07, 0x88, 0x14, 0x26, 0x45, 0xA4, 0x50, 0x47, 0xA4, 0xD0, 0xB8,
    0x2B, 0xAD, 0x44, 0x16, 0x32, 0x4E, 0xC0, 0x39, 0xF5, 0xF9, 0xB6, 0x0D, 0xA3, 0x59, 0xAA, 0x63,
    0x5A, 0xAB, 0xE8, 0x8D, 0xF2, 0xCD, 0x43, 0xCC, 0xE6, 0xCB, 0x60, 0x33, 0x70, 0x6D, 0xBC, 0x10,
    0xA2, 0x05, 0x5B, 0x85, 0x17, 0x77, 0x21, 0x98, 0x38, 0x40, 0x30, 0x71, 0xA0, 0x3D, 0xCA, 0x68,
    0xA0, 0x47, 0x81, 0x3B, 0xD0, 0xDF, 0xE1, 0x6F, 0xCC, 0x02, 0xAF, 0x20, 0xB8, 0xBB, 0xB7, 0x30,
    0xCC, 0x24, 0xB1, 0x14, 0xD9, 0x65, 0xB4, 0x59, 0xB6, 0x47, 0x88, 0x23, 0xF4, 0xE7, 0x9E, 0x7B,
    0x1F, 0x4B, 0x88, 0xB2, 0xA3, 0x65, 0x3D, 0x3E, 0x1A, 0xE5, 0x1B, 0xFB, 0xC5, 0x17, 0xFE, 0xBF,
    0x25, 0x6F, 0x36, 0xAB, 0xC2, 0xB2, 0x53, 0x6A, 0xF0, 0xF0, 0x4F, 0x7B, 0x0F, 0x3C, 0xE8, 0xD3,
    0x3A, 0x02, 0xFC, 0x63, 0xD0, 0x9D, 0xD5, 0x3A, 0x2D, 0x80, 0x5D, 0xB4, 0x25, 0xEF, 0x21, 0xF8,
    0x51, 0x67, 0x49, 0xBD, 0x42, 0x44, 0x1D, 0x8E, 0x55, 0x32, 0xCC, 0x07, 0x92, 0xE4, 0x8A, 0xB1,
    0x61, 0xE9, 0xF5, 0xDE, 0xC0, 0x9E, 0x45, 0x36, 0xEA, 0x2C, 0xB3, 0x77, 0xF4, 0x2D, 0x75, 0x3F,
    0x4F, 0xCC, 0x97, 0xC1, 0x57, 0x1C, 0xED, 0x9B, 0x14, 0x59, 0x5B, 0x23, 0x52, 0x6F, 0x10, 0x20,
    0x3A, 0xC5, 0xE5, 0x0F, 0x78, 0x83, 0x97, 0x16, 0x41, 0x23, 0xC5, 0xC8, 0x3D, 0x8B, 0x27, 0xBD,
    0xDE, 0xED, 0xB8, 0x78, 0x83, 0xD7, 0x0B, 0x71, 0xBF, 0x0C, 0xEA, 0xB4, 0x50, 0x6E, 0xFF, 0x37,
    0x78, 0xD5, 0x5E, 0xA2, 0xA5, 0x0D, 0x9B, 0xEC, 0x1D, 0x4F, 0x5F, 0xA2, 0xD5, 0x90, 0xDF, 0xBB,
    0x5F, 0xA2, 0x45, 0x8D, 0xA4, 0x06, 0xA6, 0x9F, 0x3F, 0xEE, 0xDB, 0xC6, 0xE0, 0x5D, 0x2E, 0xC9,
    0x3B, 0x56, 0xDA, 0xF9, 0x3B, 0x56, 0xFE, 0x14, 0x2F, 0x38, 0x43, 0x8F, 0x0C, 0xD9, 0xE0, 0xF9,
    0x27, 0x7D, 0xE7, 0xD8, 0x9F, 0x4C, 0x2A, 0xB0, 0xCA, 0xB7, 0x0E, 0xA6, 0xB6, 0x55, 0xEE, 0x32,
    0xEF, 0xE0, 0x5B, 0x52, 0xEE, 0x9D, 0xCA, 0xFB, 0x70, 0x90, 0xFD, 0xB4, 0x74, 0x30, 0x35, 0x79,
    0x81, 0x9A, 0x7A, 0xA7, 0x59, 0xF9, 0x0A, 0x35, 0xF5, 0x0E, 0xB5, 0x3C, 0x62, 0x93, 0x0F, 0x69,
    0x05, 0x87, 0xA4, 0x86, 0xBE, 0x82, 0xE5, 0xBB, 0xAB, 0x44, 0xA3, 0x29, 0x17, 0x2D, 0x9F, 0x32,
    0x32, 0x17, 0x91, 0x5E, 0xAD, 0x36, 0xC0, 0x55, 0x6E, 0x93, 0x7A, 0xA5, 0xDA, 0xBE, 0xAF, 0x6C,
    0x8B, 0x41, 0xAC, 0xC8, 0x01, 0xA8, 0xBE, 0x44, 0x2D, 0xC1, 0x4F, 0x3C, 0x18, 0x4A, 0xDE, 0xC7,
    0xCB, 0x07, 0xBE, 0xB2, 0x6D, 0xFA, 0xD6, 0x34, 0xCF, 0xBD, 0xCE, 0xA5, 0x6F, 0x54, 0xDE, 0x9A,
    0x86, 0xEF, 0x37, 0x66, 0xBC, 0x35, 0x4D, 0x92, 0x0C, 0x24, 0xDD, 0x20, 0x28, 0x13, 0x5A, 0xFF,
    0xE8, 0x6F, 0x96, 0x53, 0x91, 0x99, 0xAB, 0xF9, 0x40, 0x3C, 0xD9, 0xCB, 0xDE, 0x18, 0x81, 0x80,
    0xC3, 0x5D, 0xC1, 0xE3, 0x95, 0xFB, 0x3F, 0xAD, 0x92, 0xBD, 0x0D, 0xC2, 0x30, 0x14, 0x84, 0x0F,
    0xA7, 0x48, 0x41, 0x41, 0x4F, 0xC3, 0x08, 0x99, 0x20, 0x4A, 0x86, 0x60, 0x1C, 0x90, 0x33, 0x42,
    0x36, 0x61, 0x01, 0x24, 0x5B, 0xB0, 0x00, 0x3F, 0x0B, 0x78, 0x04, 0x2B, 0xA2, 0x40, 0x08, 0x38,
    0xDE, 0x73, 0x82, 0xA0, 0x24, 0x12, 0xC5, 0x7D, 0xC5, 0x93, 0xDF, 0xDD, 0x3B, 0xC9, 0x70, 0x07,
    0x1B, 0x0D, 0x8F, 0x8C, 0x59, 0xC8, 0x22, 0x72, 0x9F, 0x85, 0x1E, 0x8E, 0xA4, 0x4F, 0xF8, 0xCC,
    0xC6, 0x03, 0xEE, 0x1C, 0x0C, 0xCF, 0x41, 0xCC, 0x43, 0xEE, 0x01, 0x95, 0x98, 0x06, 0x95, 0x3E,
    0x18, 0x23, 0x59, 0x14, 0x2F, 0x0E, 0x5E, 0xBD, 0x1C, 0xF7, 0x49, 0xE3, 0xBD, 0x0E, 0xB6, 0x4B,
    0xBD, 0xBB, 0x54, 0xDC, 0xC4, 0xFE, 0xDC, 0xE1, 0x68, 0xA9, 0xCD, 0xD8, 0x53, 0x27, 0xE6, 0x0F,
    0xD4, 0x44, 0xA6, 0x44, 0x7E, 0x25, 0xBE, 0xA9, 0x59, 0xBB, 0x81, 0xFF, 0x4B, 0xBC, 0x00, 0x86,
    0x0F, 0x20, 0x0B, 0x95, 0x56, 0x2B, 0x14, 0x0B, 0xC0, 0x7A, 0xB2, 0x76, 0x82, 0xE6, 0x33, 0xFB,
    0x09, 0xB3, 0x46, 0xA1, 0x6B, 0x86, 0x0D, 0x30, 0xAF, 0x01, 0x30, 0x4A, 0xC8, 0xED, 0x2E, 0x21,
    0x7E, 0xA5, 0x28, 0x31, 0xE5, 0x89, 0xCF, 0x4A, 0xC0, 0x35, 0xDA, 0x12, 0x5B, 0x60, 0x80, 0xAD,
    0x05, 0xC5, 0x53, 0x90, 0x33, 0x94, 0xC0, 0xF4, 0x2A, 0xC0, 0x5D, 0xB1, 0x2D, 0xD1, 0xE2, 0x5A,
    0x81, 0x9B, 0xB8, 0xA0, 0x95, 0x3F, 0xC7, 0xC9, 0x52, 0xC6, 0x2F, 0x3D, 0x8E, 0xBB, 0x11, 0xC2,
    0x30, 0x10, 0x44, 0x77, 0xEC, 0x50, 0x33, 0xBE, 0x0A, 0xA8, 0x81, 0x0E, 0x90, 0x8B, 0x22, 0xC7,
    0x8C, 0x1B, 0x21, 0x27, 0xA0, 0x04, 0x53, 0x82, 0x4A, 0x50, 0x09, 0x04, 0x0E, 0x1C, 0x20, 0x2D,
    0x7B, 0x17, 0xB0, 0xC9, 0x0B, 0xDE, 0x7D, 0x16, 0xC0, 0x02, 0xCF, 0xF0, 0x09, 0xA4, 0x6F, 0xE0,
    0xCC, 0xD9, 0xB1, 0x3D, 0x8B, 0xAB, 0x82, 0xAB, 0xAB, 0xFB, 0xE3, 0xE4, 0xEA, 0xD5, 0x4C, 0x72,
    0x23, 0xAD, 0x60, 0xA0, 0xB0, 0x23, 0x91, 0xCD, 0x9A, 0xB6, 0xB8, 0x67, 0xCE, 0x37, 0xB2, 0x90,
    0xEF, 0x4C, 0xAE, 0xE4, 0x62, 0x64, 0x62, 0xC7, 0xA8, 0x41, 0x1E, 0x80, 0xA3, 0x02, 0x59, 0xD0,
    0x63, 0xC9, 0xAE, 0x9B, 0x92, 0x87, 0xFF, 0xEB, 0x56, 0x1D, 0x17, 0x8B, 0x4E, 0xD3, 0x14, 0x5D,
    0xC6, 0x50, 0x40, 0xC5, 0x3F, 0x3F,
};

static const EpdGlyph dejavu_sans_12_regularGlyphs[] = {
    { 0, 0, 127, 0, 0, 0, 0 }, // U+0020
    { 4, 18, 160, 3, 18, 18, 0 }, // !
    { 8, 7, 184, 2, 18, 14, 18 }, // "
    { 19, 18, 335, 1, 18, 86, 32 }, // #
    { 12, 23, 254, 2, 19, 69, 118 }, // $
    { 22, 18, 380, 1, 18, 99, 187 }, // %
    { 18, 18, 312, 1, 18, 81, 286 }, // &
    { 3, 7, 110, 2, 18, 6, 367 }, // '
    { 6, 22, 156, 2, 19, 33, 373 }, // (
    { 6, 22, 156, 2, 19, 33, 406 }, // )
    { 12, 12, 200, 0, 18, 36, 439 }, // *
    { 17, 16, 335, 2, 16, 68, 475 }, // +
    { 5, 6, 127, 1, 3, 8, 543 }, // ,
    { 7, 2, 144, 1, 8, 4, 551 }, // -
    { 4, 3, 127, 2, 3, 3, 555 }, // .
    { 9, 21, 135, 0, 18, 48, 558 }, // /
    { 14, 18, 254, 1, 18, 63, 606 }, // 0
    { 12, 18, 254, 2, 18, 54, 669 }, // 1
    { 13, 18, 254, 1, 18, 59, 723 }, // 2
    { 13, 18, 254, 1, 18, 59, 782 }, // 3
    { 14, 18, 254, 1, 18, 63, 841 }, // 4
    { 13, 18, 254, 1, 18, 59, 904 }, // 5
    { 14, 18, 254, 1, 18, 63, 963 }, // 6
    { 12, 18, 254, 2, 18, 54, 1026 }, // 7
    { 14, 18, 254, 1, 18, 63, 1080 }, // 8
    { 14, 18, 254, 1, 18, 63, 1143 }, // 9
    { 4, 13, 135, 2, 13, 13, 1206 }, // :
    { 5, 16, 135, 1, 13, 20, 1219 }, // ;
    { 17, 13, 335, 2, 15, 56, 1239 }, // <
    { 17, 7, 335, 2, 11, 30, 1295 }, // =
    { 17, 13, 335, 2, 15, 56, 1325 }, // >
    { 11, 18, 212, 1, 18, 50, 1381 }, // ?
    { 23, 22, 400, 1, 18, 127, 1431 }, // @
    { 17, 18, 274, 0, 18, 77, 1558 }, // A
    { 14, 18, 274, 2, 18, 63, 1635 }, // B
    { 16, 18, 279, 1, 18, 72, 1698 }, // C
    { 16, 18, 308, 2, 18, 72, 1770 }, // D
    { 13, 18, 253, 2, 18, 59, 1842 }, // E
    { 11, 18, 230, 2, 18, 50, 1901 }, // F
    { 17, 18, 310, 1, 18, 77, 1951 }, // G
    { 15, 18, 301, 2, 18, 68, 2028 }, // H
    { 3, 18, 118, 2, 18, 14, 2096 }, // I
    { 7, 23, 118, -2, 18, 41, 2110 }, // J
    { 15, 18, 262, 2, 18, 68, 2151 }, // K
    { 12, 18, 223, 2, 18, 54, 2219 }, // L
    { 18, 18, 345, 2, 18, 81, 2273 }, // M
    { 15, 18, 299, 2, 18, 68, 2354 }, // N
    { 18, 18, 315, 1, 18, 81, 2422 }, // O
    { 13, 18, 241, 2, 18, 59, 2503 }, // P
    { 18, 21, 315, 1, 18, 95, 2562 }, // Q
    { 15, 18, 278, 2, 18, 68, 2657 }, // R
    { 14, 18, 254, 1, 18, 63, 2725 }, // S
    { 17, 18, 244, -1, 18, 77, 2788 }, // T
    { 15, 18, 293, 2, 18, 68, 2865 }, // U
    { 17, 18, 274, 0, 18, 77, 2933 }, // V
    { 24, 18, 396, 0, 18, 108, 3010 }, // W
    { 17, 18, 274, 0, 18, 77, 3118 }, // X
    { 17, 18, 244, -1, 18, 77, 3195 }, // Y
    { 15, 18, 274, 1, 18, 68, 3272 }, // Z
    { 6, 22, 156, 2, 19, 33, 3340 }, // [
    { 9, 21, 135, 0, 18, 48, 3373 }, // <backslash>
    { 6, 22, 156, 2, 19, 33, 3421 }, // ]
    { 17, 7, 335, 2, 18, 30, 3454 }, // ^
    { 14, 2, 200, -1, -4, 7, 3484 }, // _
    { 6, 5, 200, 2, 20, 8, 3491 }, // `
    { 13, 14, 245, 1, 14, 46, 3499 }, // a
    { 13, 19, 254, 2, 19, 62, 3545 }, // b
    { 12, 14, 220, 1, 14, 42, 3607 }, // c
    { 13, 19, 254, 1, 19, 62, 3649 }, // d
    { 14, 14, 246, 1, 14, 49, 3711 }, // e
    { 10, 19, 141, 0, 19, 48, 3760 }, // f
    { 13, 19, 254, 1, 14, 62, 3808 }, // g
    { 12, 19, 254, 2, 19, 57, 3870 }, // h
    { 3, 19, 111, 2, 19, 15, 3927 }, // i
    { 6, 24, 111, -1, 19, 36, 3942 }, // j
    { 13, 19, 232, 2, 19, 62, 3978 }, // k
    { 3, 19, 111, 2, 19, 15, 4040 }, // l
    { 21, 14, 390, 2, 14, 74, 4055 }, // m
    { 12, 14, 254, 2, 14, 42, 4129 }, // n
    { 13, 14, 245, 1, 14, 46, 4171 }, // o
    { 13, 19, 254, 2, 14, 62, 4217 }, // p
    { 13, 19, 254, 1, 14, 62, 4279 }, // q
    { 9, 14, 164, 2, 14, 32, 4341 }, // r
    { 11, 14, 208, 1, 14, 39, 4373 }, // s
    { 10, 18, 157, 0, 18, 45, 4412 }, // t
    { 12, 14, 254, 2, 14, 42, 4457 }, // u
    { 15, 14, 237, 0, 14, 53, 4499 }, // v
    { 19, 14, 327, 1, 14, 67, 4552 }, // w
    { 14, 14, 237, 0, 14, 49, 4619 }, // x
    { 15, 19, 237, 0, 14, 72, 4668 }, // y
    { 12, 14, 210, 1, 14, 42, 4740 }, // z
    { 10, 23, 254, 3, 19, 58, 4782 }, // {
    { 3, 25, 135, 3, 19, 19, 4840 }, // |
    { 10, 23, 254, 3, 19, 58, 4859 }, // }
    { 17, 5, 335, 2, 11, 22, 4917 }, // ~
    { 0, 0, 127, 0, 0, 0, 0 }, // U+00A0
    { 4, 18, 160, 3, 14, 18, 0 }, // U+00A1
    { 11, 22, 254, 2, 18, 61, 18 }, // U+00A2
    { 13, 18, 254, 1, 18, 59, 79 }, // U+00A3
    { 14, 15, 254, 1, 16, 53, 138 }, // U+00A4
    { 14, 18, 254, 1, 18, 63, 191 }, // U+00A5
    { 3, 21, 135, 3, 17, 16, 254 }, // U+00A6
    { 11, 20, 200, 1, 18, 55, 270 }, // U+00A7
    { 8, 3, 200, 2, 19, 6, 325 }, // U+00A8
    { 19, 18, 400, 3, 18, 86, 331 }, // U+00A9
    { 10, 12, 188, 1, 18, 30, 417 }, // U+00AA
    { 12, 11, 245, 1, 13, 33, 447 }, // U+00AB
    { 17, 7, 335, 2, 11, 30, 480 }, // U+00AC
    { 7, 2, 144, 1, 8, 4, 510 }, // U+00AD
    { 19, 18, 400, 3, 18, 86, 514 }, // U+00AE
    { 8, 2, 200, 2, 19, 4, 600 }, // U+00AF
    { 9, 8, 200, 2, 18, 18, 604 }, // U+00B0
    { 17, 16, 335, 2, 16, 68, 622 }, // U+00B1
    { 8, 10, 160, 1, 18, 20, 690 }, // U+00B2
    { 8, 10, 160, 1, 18, 20, 710 }, // U+00B3
    { 7, 5, 200, 4, 20, 9, 730 }, // U+00B4
    { 14, 19, 254, 2, 14, 67, 739 }, // U+00B5
    { 13, 20, 254, 1, 18, 65, 806 }, // U+00B6
    { 4, 3, 127, 2, 10, 3, 871 }, // U+00B7
    { 6, 5, 200, 3, 0, 8, 874 }, // U+00B8
    { 8, 10, 160, 1, 18, 20, 882 }, // U+00B9
    { 10, 12, 188, 1, 18, 30, 902 }, // U+00BA
    { 12, 11, 245, 2, 13, 33, 932 }, // U+00BB
    { 23, 18, 388, 1, 18, 104, 965 }, // U+00BC
    { 22, 18, 388, 1, 18, 99, 1069 }, // U+00BD
    { 23, 18, 388, 1, 18, 104, 1168 }, // U+00BE
    { 11, 19, 212, 1, 14, 53, 1272 }, // U+00BF
    { 17, 23, 274, 0, 23, 98, 1325 }, // U+00C0
    { 17, 23, 274, 0, 23, 98, 1423 }, // U+00C1
    { 17, 23, 274, 0, 23, 98, 1521 }, // U+00C2
    { 17, 24, 274, 0, 24, 102, 1619 }, // U+00C3
    { 17, 24, 274, 0, 24, 102, 1721 }, // U+00C4
    { 17, 23, 274, 0, 23, 98, 1823 }, // U+00C5
    { 23, 18, 390, 0, 18, 104, 1921 }, // U+00C6
    { 16, 23, 279, 1, 18, 92, 2025 }, // U+00C7
    { 13, 23, 253, 2, 23, 75, 2117 }, // U+00C8
    { 13, 23, 253, 2, 23, 75, 2192 }, // U+00C9
    { 13, 23, 253, 2, 23, 75, 2267 }, // U+00CA
    { 13, 24, 253, 2, 24, 78, 2342 }, // U+00CB
    { 6, 23, 118, 0, 23, 35, 2420 }, // U+00CC
    { 6, 23, 118, 1, 23, 35, 2455 }, // U+00CD
    { 9, 23, 118, -1, 23, 52, 2490 }, // U+00CE
    { 8, 24, 118, 0, 24, 48, 2542 }, // U+00CF
    { 18, 18, 310, 0, 18, 81, 2590 }, // U+00D0
    { 15, 24, 299, 2, 24, 90, 2671 }, // U+00D1
    { 18, 23, 315, 1, 23, 104, 2761 }, // U+00D2
    { 18, 23, 315, 1, 23, 104, 2865 }, // U+00D3
    { 18, 23, 315, 1, 23, 104, 2969 }, // U+00D4
    { 18, 24, 315, 1, 24, 108, 3073 }, // U+00D5
    { 18, 24, 315, 1, 24, 108, 3181 }, // U+00D6
    { 15, 14, 335, 3, 15, 53, 3289 }, // U+00D7
    { 18, 20, 315, 1, 19, 90, 3342 }, // U+00D8
    { 15, 23, 293, 2, 23, 87, 3432 }, // U+00D9
    { 15, 23, 293, 2, 23, 87, 3519 }, // U+00DA
    { 15, 23, 293, 2, 23, 87, 3606 }, // U+00DB
    { 15, 24, 293, 2, 24, 90, 3693 }, // U+00DC
    { 17, 23, 244, -1, 23, 98, 3783 }, // U+00DD
    { 13, 18, 242, 2, 18, 59, 3881 }, // U+00DE
    { 13, 19, 252, 2, 19, 62, 3940 }, // U+00DF
    { 13, 20, 245, 1, 20, 65, 4002 }, // U+00E0
    { 13, 20, 245, 1, 20, 65, 4067 }, // U+00E1
    { 13, 20, 245, 1, 20, 65, 4132 }, // U+00E2
    { 13, 19, 245, 1, 19, 62, 4197 }, // U+00E3
    { 13, 19, 245, 1, 19, 62, 4259 }, // U+00E4
    { 13, 22, 245, 1, 22, 72, 4321 }, // U+00E5
    { 23, 14, 393, 1, 14, 81, 4393 }, // U+00E6
    { 12, 19, 220, 1, 14, 57, 4474 }, // U+00E7
    { 14, 20, 246, 1, 20, 70, 4531 }, // U+00E8
    { 14, 20, 246, 1, 20, 70, 4601 }, // U+00E9
    { 14, 20, 246, 1, 20, 70, 4671 }, // U+00EA
    { 14, 19, 246, 1, 19, 67, 4741 }, // U+00EB
    { 7, 20, 111, -1, 20, 35, 4808 }, // U+00EC
    { 7, 20, 111, 1, 20, 35, 4843 }, // U+00ED
    { 9, 20, 111, -1, 20, 45, 4878 }, // U+00EE
    { 9, 19, 111, -1, 19, 43, 4923 }, // U+00EF
    { 13, 19, 245, 1, 19, 62, 4966 }, // U+00F0
    { 12, 19, 254, 2, 19, 57, 5028 }, // U+00F1
    { 13, 20, 245, 1, 20, 65, 5085 }, // U+00F2
    { 13, 20, 245, 1, 20, 65, 5150 }, // U+00F3
    { 13, 20, 245, 1, 20, 65, 5215 }, // U+00F4
    { 13, 19, 245, 1, 19, 62, 5280 }, // U+00F5
    { 13, 19, 245, 1, 19, 62, 5342 }, // U+00F6
    { 17, 12, 335, 2, 14, 51, 5404 }, // U+00F7
    { 15, 16, 245, 0, 15, 60, 5455 }, // U+00F8
    { 12, 20, 254, 2, 20, 60, 5515 }, // U+00F9
    { 12, 20, 254, 2, 20, 60, 5575 }, // U+00FA
    { 12, 20, 254, 2, 20, 60, 5635 }, // U+00FB
    { 12, 19, 254, 2, 19, 57, 5695 }, // U+00FC
    { 15, 25, 237, 0, 20, 94, 5752 }, // U+00FD
    { 13, 24, 254, 2, 19, 78, 5846 }, // U+00FE
    { 15, 24, 237, 0, 19, 90, 5924 }, // U+00FF
    { 17, 23, 274, 0, 23, 98, 0 }, // U+0100
    { 13, 19, 245, 1, 19, 62, 98 }, // U+0101
    { 17, 24, 274, 0, 24, 102, 160 }, // U+0102
    { 13, 20, 245, 1, 20, 65, 262 }, // U+0103
    { 18, 23, 274, 0, 18, 104, 327 }, // U+0104
    { 14, 19, 245, 1, 14, 67, 431 }, // U+0105
    { 16, 23, 279, 1, 23, 92, 498 }, // U+0106
    { 12, 20, 220, 1, 20, 60, 590 }, // U+0107
    { 16, 23, 279, 1, 23, 92, 650 }, // U+0108
    { 12, 20, 220, 1, 20, 60, 742 }, // U+0109
    { 16, 24, 279, 1, 24, 96, 802 }, // U+010A
    { 12, 19, 220, 1, 19, 57, 898 }, // U+010B
    { 16, 23, 279, 1, 23, 92, 955 }, // U+010C
    { 12, 20, 220, 1, 20, 60, 1047 }, // U+010D
    { 16, 23, 308, 2, 23, 92, 1107 }, // U+010E
    { 18, 19, 254, 1, 19, 86, 1199 }, // U+010F
    { 18, 18, 310, 0, 18, 81, 1285 }, // U+0110
    { 15, 19, 254, 1, 19, 72, 1366 }, // U+0111
    { 13, 23, 253, 2, 23, 75, 1438 }, // U+0112
    { 14, 19, 246, 1, 19, 67, 1513 }, // U+0113
    { 13, 24, 253, 2, 24, 78, 1580 }, // U+0114
    { 14, 20, 246, 1, 20, 70, 1658 }, // U+0115
    { 13, 24, 253, 2, 24, 78, 1728 }, // U+0116
    { 14, 19, 246, 1, 19, 67, 1806 }, // U+0117
    { 13, 23, 253, 2, 18, 75, 1873 }, // U+0118
    { 14, 19, 246, 1, 14, 67, 1948 }, // U+0119
    { 13, 22, 253, 2, 22, 72, 2015 }, // U+011A
    { 14, 20, 246, 1, 20, 70, 2087 }, // U+011B
    { 17, 23, 310, 1, 23, 98, 2157 }, // U+011C
    { 13, 25, 254, 1, 20, 82, 2255 }, // U+011D
    { 17, 24, 310, 1, 24, 102, 2337 }, // U+011E
    { 13, 25, 254, 1, 20, 82, 2439 }, // U+011F
    { 17, 24, 310, 1, 24, 102, 2521 }, // U+0120
    { 13, 24, 254, 1, 19, 78, 2623 }, // U+0121
    { 17, 24, 310, 1, 18, 102, 2701 }, // U+0122
    { 13, 24, 254, 1, 19, 78, 2803 }, // U+0123
    { 15, 23, 301, 2, 23, 87, 2881 }, // U+0124
    { 15, 23, 254, -1, 23, 87, 2968 }, // U+0125
    { 19, 18, 366, 2, 18, 86, 3055 }, // U+0126
    { 14, 19, 278, 1, 19, 67, 3141 }, // U+0127
    { 9, 24, 118, -1, 24, 54, 3208 }, // U+0128
    { 9, 19, 111, -1, 19, 43, 3262 }, // U+0129
    { 8, 23, 118, 0, 23, 46, 3305 }, // U+012A
    { 9, 19, 111, -1, 19, 43, 3351 }, // U+012B
    { 9, 24, 118, -1, 24, 54, 3394 }, // U+012C
    { 9, 20, 111, -1, 20, 45, 3448 }, // U+012D
    { 5, 23, 118, 2, 18, 29, 3493 }, // U+012E
    { 6, 24, 111, 1, 19, 36, 3522 }, // U+012F
    { 3, 24, 118, 2, 24, 18, 3558 }, // U+0130
    { 3, 14, 111, 2, 14, 11, 3576 }, // U+0131
    { 11, 23, 236, 2, 18, 64, 3587 }, // U+0132
    { 10, 24, 222, 2, 19, 60, 3651 }, // U+0133
    { 10, 28, 118, -2, 23, 70, 3711 }, // U+0134
    { 9, 25, 111, -1, 20, 57, 3781 }, // U+0135
    { 15, 24, 262, 2, 18, 90, 3838 }, // U+0136
    { 13, 25, 232, 2, 19, 82, 3928 }, // U+0137
    { 13, 14, 232, 2, 14, 46, 4010 }, // U+0138
    { 12, 23, 223, 2, 23, 69, 4056 }, // U+0139
    { 6, 23, 111, 2, 23, 35, 4125 }, // U+013A
    { 12, 24, 223, 2, 18, 72, 4160 }, // U+013B
    { 5, 25, 111, 1, 19, 32, 4232 }, // U+013C
    { 12, 18, 223, 2, 18, 54, 4264 }, // U+013D
    { 8, 19, 150, 2, 19, 38, 4318 }, // U+013E
    { 12, 18, 223, 2, 18, 54, 4356 }, // U+013F
    { 6, 19, 137, 2, 19, 29, 4410 }, // U+0140
    { 15, 18, 225, -1, 18, 68, 4439 }, // U+0141
    { 8, 19, 114, 0, 19, 38, 4507 }, // U+0142
    { 15, 23, 299, 2, 23, 87, 4545 }, // U+0143
    { 12, 20, 254, 2, 20, 60, 4632 }, // U+0144
    { 15, 24, 299, 2, 18, 90, 4692 }, // U+0145
    { 12, 20, 254, 2, 14, 60, 4782 }, // U+0146
    { 15, 22, 299, 2, 22, 83, 4842 }, // U+0147
    { 12, 20, 254, 2, 20, 60, 4925 }, // U+0148
    { 16, 18, 325, 2, 18, 72, 4985 }, // U+0149
    { 14, 23, 299, 2, 18, 81, 5057 }, // U+014A
    { 12, 19, 254, 2, 14, 57, 5138 }, // U+014B
    { 18, 23, 315, 1, 23, 104, 5195 }, // U+014C
    { 13, 19, 245, 1, 19, 62, 5299 }, // U+014D
    { 18, 24, 315, 1, 24, 108, 5361 }, // U+014E
    { 13, 20, 245, 1, 20, 65, 5469 }, // U+014F
    { 18, 23, 315, 1, 23, 104, 5534 }, // U+0150
    { 13, 20, 245, 1, 20, 65, 5638 }, // U+0151
    { 25, 18, 428, 1, 18, 113, 5703 }, // U+0152
    { 24, 14, 409, 1, 14, 84, 5816 }, // U+0153
    { 15, 23, 278, 2, 23, 87, 5900 }, // U+0154
    { 10, 20, 164, 2, 20, 50, 5987 }, // U+0155
    { 15, 24, 278, 2, 18, 90, 6037 }, // U+0156
    { 10, 20, 164, 1, 14, 50, 6127 }, // U+0157
    { 15, 22, 278, 2, 22, 83, 6177 }, // U+0158
    { 9, 20, 164, 2, 20, 45, 6260 }, // U+0159
    { 14, 23, 254, 1, 23, 81, 6305 }, // U+015A
    { 11, 20, 208, 1, 20, 55, 6386 }, // U+015B
    { 14, 23, 254, 1, 23, 81, 6441 }, // U+015C
    { 11, 20, 208, 1, 20, 55, 6522 }, // U+015D
    { 14, 23, 254, 1, 18, 81, 6577 }, // U+015E
    { 11, 19, 208, 1, 14, 53, 6658 }, // U+015F
    { 14, 23, 254, 1, 23, 81, 6711 }, // U+0160
    { 11, 20, 208, 1, 20, 55, 6792 }, // U+0161
    { 17, 23, 244, -1, 18, 98, 6847 }, // U+0162
    { 10, 23, 157, 0, 18, 58, 6945 }, // U+0163
    { 17, 22, 244, -1, 22, 94, 7003 }, // U+0164
    { 10, 20, 157, 0, 20, 50, 7097 }, // U+0165
    { 17, 18, 244, -1, 18, 77, 7147 }, // U+0166
    { 10, 18, 157, 0, 18, 45, 7224 }, // U+0167
    { 15, 24, 293, 2, 24, 90, 7269 }, // U+0168
    { 12, 19, 254, 2, 19, 57, 7359 }, // U+0169
    { 15, 23, 293, 2, 23, 87, 7416 }, // U+016A
    { 12, 19, 254, 2, 19, 57, 7503 }, // U+016B
    { 15, 24, 293, 2, 24, 90, 7560 }, // U+016C
    { 12, 20, 254, 2, 20, 60, 7650 }, // U+016D
    { 15, 23, 293, 2, 23, 87, 7710 }, // U+016E
    { 12, 21, 254, 2, 21, 63, 7797 }, // U+016F
    { 15, 23, 293, 2, 23, 87, 7860 }, // U+0170
    { 12, 20, 254, 2, 20, 60, 7947 }, // U+0171
    { 15, 23, 293, 2, 18, 87, 8007 }, // U+0172
    { 14, 19, 254, 2, 14, 67, 8094 }, // U+0173
    { 24, 23, 396, 0, 23, 138, 8161 }, // U+0174
    { 19, 20, 327, 1, 20, 95, 8299 }, // U+0175
    { 17, 23, 244, -1, 23, 98, 8394 }, // U+0176
    { 15, 25, 237, 0, 20, 94, 8492 }, // U+0177
    { 17, 24, 244, -1, 24, 102, 8586 }, // U+0178
    { 15, 23, 274, 1, 23, 87, 8688 }, // U+0179
    { 12, 20, 210, 1, 20, 60, 8775 }, // U+017A
    { 15, 24, 274, 1, 24, 90, 8835 }, // U+017B
    { 12, 19, 210, 1, 19, 57, 8925 }, // U+017C
    { 15, 23, 274, 1, 23, 87, 8982 }, // U+017D
    { 12, 20, 210, 1, 20, 60, 9069 }, // U+017E
    { 10, 19, 141, 0, 19, 48, 9129 }, // U+017F
    { 19, 20, 365, 1, 20, 95, 0 }, // U+01A0
    { 15, 16, 245, 1, 16, 60, 95 }, // U+01A1
    { 18, 20, 343, 2, 20, 90, 155 }, // U+01AF
    { 15, 16, 254, 2, 16, 60, 245 }, // U+01B0
    { 32, 23, 569, 2, 23, 184, 305 }, // U+01C4
    { 29, 20, 520, 2, 20, 145, 489 }, // U+01C5
    { 26, 20, 462, 1, 20, 130, 634 }, // U+01C6
    { 18, 23, 334, 2, 18, 104, 764 }, // U+01C7
    { 17, 24, 315, 2, 19, 102, 868 }, // U+01C8
    { 8, 24, 183, 2, 19, 48, 970 }, // U+01C9
    { 20, 23, 372, 2, 18, 115, 1018 }, // U+01CA
    { 19, 24, 370, 2, 19, 114, 1133 }, // U+01CB
    { 17, 24, 319, 2, 19, 102, 1247 }, // U+01CC
    { 17, 23, 274, 0, 23, 98, 1349 }, // U+01CD
    { 13, 20, 245, 1, 20, 65, 1447 }, // U+01CE
    { 9, 23, 118, -1, 23, 52, 1512 }, // U+01CF
    { 9, 20, 111, -1, 20, 45, 1564 }, // U+01D0
    { 18, 23, 315, 1, 23, 104, 1609 }, // U+01D1
    { 13, 20, 245, 1, 20, 65, 1713 }, // U+01D2
    { 15, 23, 293, 2, 23, 87, 1778 }, // U+01D3
    { 12, 20, 254, 2, 20, 60, 1865 }, // U+01D4
    { 15, 26, 293, 2, 26, 98, 1925 }, // U+01D5
    { 12, 23, 254, 2, 23, 69, 2023 }, // U+01D6
    { 15, 25, 293, 2, 25, 94, 2092 }, // U+01D7
    { 12, 21, 254, 2, 21, 63, 2186 }, // U+01D8
    { 15, 25, 293, 2, 25, 94, 2249 }, // U+01D9
    { 12, 21, 254, 2, 21, 63, 2343 }, // U+01DA
    { 15, 25, 293, 2, 25, 94, 2406 }, // U+01DB
    { 12, 21, 254, 2, 21, 63, 2500 }, // U+01DC
    { 14, 14, 246, 1, 14, 49, 2563 }, // U+01DD
    { 17, 26, 274, 0, 26, 111, 2612 }, // U+01DE
    { 13, 23, 245, 1, 23, 75, 2723 }, // U+01DF
    { 17, 26, 274, 0, 26, 111, 2798 }, // U+01E0
    { 13, 22, 245, 1, 22, 72, 2909 }, // U+01E1
    { 23, 23, 390, 0, 23, 133, 2981 }, // U+01E2
    { 23, 19, 393, 1, 19, 110, 3114 }, // U+01E3
    { 18, 18, 310, 1, 18, 81, 3224 }, // U+01E4
    { 15, 19, 254, 1, 14, 72, 3305 }, // U+01E5
    { 17, 23, 310, 1, 23, 98, 3377 }, // U+01E6
    { 13, 25, 254, 1, 20, 82, 3475 }, // U+01E7
    { 15, 23, 262, 2, 23, 87, 3557 }, // U+01E8
    { 16, 23, 232, -1, 23, 92, 3644 }, // U+01E9
    { 18, 23, 315, 1, 18, 104, 3736 }, // U+01EA
    { 13, 19, 245, 1, 14, 62, 3840 }, // U+01EB
    { 18, 28, 315, 1, 23, 126, 3902 }, // U+01EC
    { 13, 24, 245, 1, 19, 78, 4028 }, // U+01ED
    { 15, 23, 266, 1, 23, 87, 4106 }, // U+01EE
    { 13, 25, 231, 1, 20, 82, 4193 }, // U+01EF
    { 9, 25, 111, -1, 20, 57, 4275 }, // U+01F0
    { 32, 18, 569, 2, 18, 144, 4332 }, // U+01F1
    { 29, 18, 520, 2, 18, 131, 4476 }, // U+01F2
    { 26, 19, 462, 1, 19, 124, 4607 }, // U+01F3
    { 17, 23, 310, 1, 23, 98, 4731 }, // U+01F4
    { 13, 25, 254, 1, 20, 82, 4829 }, // U+01F5
    { 24, 18, 445, 2, 18, 108, 4911 }, // U+01F6
    { 14, 23, 273, 2, 18, 81, 5019 }, // U+01F7
    { 15, 23, 299, 2, 23, 87, 5100 }, // U+01F8
    { 12, 20, 254, 2, 20, 60, 5187 }, // U+01F9
    { 17, 23, 274, 0, 23, 98, 5247 }, // U+01FA
    { 15, 23, 245, 1, 23, 87, 5345 }, // U+01FB
    { 23, 23, 390, 0, 23, 133, 5432 }, // U+01FC
    { 23, 20, 393, 1, 20, 115, 5565 }, // U+01FD
    { 18, 24, 315, 1, 23, 108, 5680 }, // U+01FE
    { 15, 21, 245, 0, 20, 79, 5788 }, // U+01FF
    { 17, 24, 274, 0, 24, 102, 5867 }, // U+0200
    { 13, 20, 245, 1, 20, 65, 5969 }, // U+0201
    { 17, 23, 274, 0, 23, 98, 6034 }, // U+0202
    { 13, 20, 245, 1, 20, 65, 6132 }, // U+0203
    { 13, 24, 253, 2, 24, 78, 6197 }, // U+0204
    { 14, 20, 246, 1, 20, 70, 6275 }, // U+0205
    { 13, 23, 253, 2, 23, 75, 6345 }, // U+0206
    { 14, 20, 246, 1, 20, 70, 6420 }, // U+0207
    { 10, 24, 118, -2, 24, 60, 6490 }, // U+0208
    { 9, 20, 111, -1, 20, 45, 6550 }, // U+0209
    { 8, 23, 118, 0, 23, 46, 6595 }, // U+020A
    { 9, 20, 111, -1, 20, 45, 6641 }, // U+020B
    { 18, 24, 315, 1, 24, 108, 6686 }, // U+020C
    { 13, 20, 245, 1, 20, 65, 6794 }, // U+020D
    { 18, 23, 315, 1, 23, 104, 6859 }, // U+020E
    { 13, 20, 245, 1, 20, 65, 6963 }, // U+020F
    { 15, 24, 278, 2, 24, 90, 7028 }, // U+0210
    { 10, 20, 164, 1, 20, 50, 7118 }, // U+0211
    { 15, 23, 278, 2, 23, 87, 7168 }, // U+0212
    { 9, 20, 164, 2, 20, 45, 7255 }, // U+0213
    { 15, 24, 293, 2, 24, 90, 7300 }, // U+0214
    { 12, 20, 254, 2, 20, 60, 7390 }, // U+0215
    { 15, 23, 293, 2, 23, 87, 7450 }, // U+0216
    { 12, 20, 254, 2, 20, 60, 7537 }, // U+0217
    { 14, 24, 254, 1, 18, 84, 7597 }, // U+0218
    { 11, 20, 208, 1, 14, 55, 7681 }, // U+0219
    { 17, 24, 244, -1, 18, 102, 7736 }, // U+021A
    { 10, 24, 157, 0, 18, 60, 7838 }, // U+021B
    { 13, 25, 251, 1, 19, 82, 7898 }, // U+021C
    { 12, 20, 209, 0, 14, 60, 7980 }, // U+021D
    { 15, 23, 301, 2, 23, 87, 8040 }, // U+021E
    { 15, 23, 254, -1, 23, 87, 8127 }, // U+021F
    { 7, 6, 0, -11, 20, 11, 0 }, // U+0300
    { 6, 6, 0, -8, 20, 9, 11 }, // U+0301
    { 9, 6, 0, -11, 20, 14, 20 }, // U+0302
    { 9, 4, 0, -11, 19, 9, 34 }, // U+0303
    { 8, 2, 0, -10, 19, 4, 43 }, // U+0304
    { 14, 2, 0, -13, 19, 7, 47 }, // U+0305
    { 9, 4, 0, -11, 20, 9, 54 }, // U+0306
    { 3, 5, 0, -8, 19, 4, 63 }, // U+0307
    { 8, 5, 0, -10, 19, 10, 67 }, // U+0308
    { 6, 5, 0, -9, 20, 8, 77 }, // U+0309
    { 8, 7, 0, -10, 22, 14, 85 }, // U+030A
    { 10, 5, 0, -10, 20, 13, 99 }, // U+030B
    { 9, 6, 0, -11, 20, 14, 112 }, // U+030C
    { 3, 5, 0, -8, 20, 4, 126 }, // U+030D
    { 8, 5, 0, -10, 20, 10, 130 }, // U+030E
    { 10, 5, 0, -12, 20, 13, 140 }, // U+030F
    { 9, 7, 0, -11, 23, 16, 153 }, // U+0310
    { 9, 4, 0, -11, 20, 9, 169 }, // U+0311
    { 4, 4, 0, -6, 16, 4, 178 }, // U+0312
    { 4, 8, 0, -8, 22, 8, 182 }, // U+0313
    { 4, 8, 0, -8, 22, 8, 190 }, // U+0314
    { 4, 5, 0, -2, 19, 5, 198 }, // U+0315
    { 7, 5, 0, -11, -2, 9, 203 }, // U+0316
    { 6, 5, 0, -8, -2, 8, 212 }, // U+0317
    { 4, 6, 0, -9, 0, 6, 220 }, // U+0318
    { 4, 6, 0, -7, 0, 6, 226 }, // U+0319
    { 7, 7, 0, -6, 24, 13, 232 }, // U+031A
    { 6, 5, 0, -4, 16, 8, 245 }, // U+031B
    { 3, 6, 0, -8, 0, 5, 253 }, // U+031C
    { 7, 4, 0, -10, -2, 7, 258 }, // U+031D
    { 7, 4, 0, -10, -2, 7, 265 }, // U+031E
    { 6, 6, 0, -9, 0, 9, 272 }, // U+031F
    { 7, 3, 0, -10, -2, 6, 281 }, // U+0320
    { 8, 8, 0, -8, 2, 16, 287 }, // U+0321
    { 8, 8, 0, -8, 2, 16, 303 }, // U+0322
    { 3, 4, 0, -8, -1, 3, 319 }, // U+0323
    { 8, 3, 0, -10, -2, 6, 322 }, // U+0324
    { 6, 6, 0, -9, 0, 9, 328 }, // U+0325
    { 5, 4, 0, -9, -2, 5, 337 }, // U+0326
    { 6, 5, 0, -9, 0, 8, 342 }, // U+0327
    { 6, 5, 0, -9, 0, 8, 350 }, // U+0328
    { 3, 5, 0, -8, -1, 4, 358 }, // U+0329
    { 8, 5, 0, -10, -1, 10, 362 }, // U+032A
    { 11, 4, 0, -12, -2, 11, 372 }, // U+032B
    { 9, 5, 0, -11, -1, 12, 383 }, // U+032C
    { 9, 5, 0, -11, -1, 12, 395 }, // U+032D
    { 9, 4, 0, -11, -2, 9, 407 }, // U+032E
    { 9, 4, 0, -11, -2, 9, 416 }, // U+032F
    { 9, 4, 0, -11, -3, 9, 425 }, // U+0330
    { 8, 2, 0, -10, -2, 4, 434 }, // U+0331
    { 14, 2, 0, -13, -4, 7, 438 }, // U+0332
    { 14, 6, 0, -13, 0, 21, 445 }, // U+0333
    { 13, 4, 0, -14, 10, 13, 466 }, // U+0334
    { 7, 3, 0, -8, 8, 6, 479 }, // U+0335
    { 16, 3, 0, -16, 8, 12, 485 }, // U+0336
    { 15, 17, 0, -15, 15, 64, 497 }, // U+0337
    { 18, 21, 0, -19, 20, 95, 561 }, // U+0338
    { 4, 6, 0, -8, 0, 6, 656 }, // U+0339
    { 8, 5, 0, -10, -1, 10, 662 }, // U+033A
    { 6, 6, 0, -9, 0, 9, 672 }, // U+033B
    { 11, 4, 0, -12, -2, 11, 681 }, // U+033C
    { 6, 6, 0, -9, 21, 9, 692 }, // U+033D
    { 5, 8, 0, -7, 22, 10, 701 }, // U+033E
    { 14, 6, 0, -13, 19, 21, 711 }, // U+033F
    { 7, 5, 0, -11, 20, 9, 732 }, // U+0340
    { 6, 5, 0, -8, 20, 8, 741 }, // U+0341
    { 9, 4, 0, -11, 19, 9, 749 }, // U+0342
    { 4, 8, 0, -8, 22, 8, 758 }, // U+0343
    { 9, 9, 0, -10, 25, 21, 766 }, // U+0344
    { 3, 5, 0, -7, -1, 4, 787 }, // U+0345
    { 8, 5, 0, -10, 20, 10, 791 }, // U+0346
    { 6, 6, 0, -9, 0, 9, 801 }, // U+0347
    { 7, 5, 0, -10, -1, 9, 810 }, // U+0348
    { 6, 6, 0, -9, 0, 9, 819 }, // U+0349
    { 9, 5, 0, -11, 20, 12, 828 }, // U+034A
    { 9, 8, 0, -11, 22, 18, 840 }, // U+034B
    { 9, 7, 0, -11, 22, 16, 858 }, // U+034C
    { 11, 6, 0, -12, 0, 17, 874 }, // U+034D
    { 6, 5, 0, -9, -1, 8, 891 }, // U+034E
    { 0, 0, 0, 0, 0, 0, 899 }, // U+034F
    { 4, 7, 0, -8, 22, 7, 899 }, // U+0351
    { 9, 8, 0, -11, 22, 18, 906 }, // U+0352
    { 6, 6, 0, -9, 0, 9, 924 }, // U+0353
    { 4, 7, 0, -8, 22, 7, 933 }, // U+0357
    { 3, 3, 0, -3, 19, 3, 940 }, // U+0358
    { 10, 7, 0, -11, 0, 18, 943 }, // U+035A
    { 24, 5, 0, -12, -1, 30, 961 }, // U+035C
    { 24, 5, 0, -12, 25, 30, 991 }, // U+035D
    { 24, 3, 0, -12, 24, 18, 1021 }, // U+035E
    { 24, 2, 0, -12, -2, 12, 1039 }, // U+035F
    { 18, 5, 0, -9, 23, 23, 1051 }, // U+0360
    { 24, 5, 0, -12, 23, 30, 1074 }, // U+0361
    { 24, 6, 0, -12, 0, 36, 1104 }, // U+0362
    { 13, 23, 253, 2, 23, 75, 0 }, // U+0400
    { 13, 24, 253, 2, 24, 78, 75 }, // U+0401
    { 19, 23, 314, -1, 18, 110, 153 }, // U+0402
    { 12, 23, 244, 2, 23, 69, 263 }, // U+0403
    { 16, 18, 279, 1, 18, 72, 332 }, // U+0404
    { 14, 18, 254, 1, 18, 63, 404 }, // U+0405
    { 3, 18, 118, 2, 18, 14, 467 }, // U+0406
    { 8, 24, 118, 0, 24, 48, 481 }, // U+0407
    { 7, 23, 118, -2, 18, 41, 529 }, // U+0408
    { 25, 18, 438, 1, 18, 113, 570 }, // U+0409
    { 23, 18, 418, 2, 18, 104, 683 }, // U+040A
    { 19, 18, 314, -1, 18, 86, 787 }, // U+040B
    { 16, 23, 284, 2, 23, 92, 873 }, // U+040C
    { 15, 23, 299, 2, 23, 87, 965 }, // U+040D
    { 15, 24, 244, 0, 24, 90, 1052 }, // U+040E
    { 15, 22, 301, 2, 18, 83, 1142 }, // U+040F
    { 17, 18, 274, 0, 18, 77, 1225 }, // U+0410
    { 14, 18, 274, 2, 18, 63, 1302 }, // U+0411
    { 14, 18, 274, 2, 18, 63, 1365 }, // U+0412
    { 12, 18, 244, 2, 18, 54, 1428 }, // U+0413
    { 18, 22, 313, 1, 18, 99, 1482 }, // U+0414
    { 13, 18, 253, 2, 18, 59, 1581 }, // U+0415
    { 27, 18, 431, 0, 18, 122, 1640 }, // U+0416
    { 14, 18, 256, 1, 18, 63, 1762 }, // U+0417
    { 15, 18, 299, 2, 18, 68, 1825 }, // U+0418
    { 15, 24, 299, 2, 24, 90, 1893 }, // U+0419
    { 16, 18, 284, 2, 18, 72, 1983 }, // U+041A
    { 16, 18, 301, 1, 18, 72, 2055 }, // U+041B
    { 18, 18, 345, 2, 18, 81, 2127 }, // U+041C
    { 15, 18, 301, 2, 18, 68, 2208 }, // U+041D
    { 18, 18, 315, 1, 18, 81, 2276 }, // U+041E
    { 15, 18, 301, 2, 18, 68, 2357 }, // U+041F
    { 13, 18, 241, 2, 18, 59, 2425 }, // U+0420
    { 16, 18, 279, 1, 18, 72, 2484 }, // U+0421
    { 17, 18, 244, -1, 18, 77, 2556 }, // U+0422
    { 15, 18, 244, 0, 18, 68, 2633 }, // U+0423
    { 20, 18, 344, 1, 18, 90, 2701 }, // U+0424
    { 17, 18, 274, 0, 18, 77, 2791 }, // U+0425
    { 17, 22, 311, 2, 18, 94, 2868 }, // U+0426
    { 13, 18, 274, 2, 18, 59, 2962 }, // U+0427
    { 23, 18, 428, 2, 18, 104, 3021 }, // U+0428
    { 25, 22, 438, 2, 18, 138, 3125 }, // U+0429
    { 20, 18, 333, 0, 18, 90, 3263 }, // U+042A
    { 18, 18, 353, 2, 18, 81, 3353 }, // U+042B
    { 14, 18, 274, 2, 18, 63, 3434 }, // U+042C
    { 16, 18, 279, 1, 18, 72, 3497 }, // U+042D
    { 24, 18, 432, 2, 18, 108, 3569 }, // U+042E
    { 14, 18, 278, 1, 18, 63, 3677 }, // U+042F
    { 13, 14, 245, 1, 14, 46, 3740 }, // U+0430
    { 14, 20, 247, 1, 20, 70, 3786 }, // U+0431
    { 12, 14, 236, 2, 14, 42, 3856 }, // U+0432
    { 10, 14, 210, 2, 14, 35, 3898 }, // U+0433
    { 15, 17, 277, 1, 14, 64, 3933 }, // U+0434
    { 14, 14, 246, 1, 14, 49, 3997 }, // U+0435
    { 22, 14, 360, 0, 14, 77, 4046 }, // U+0436
    { 11, 14, 213, 1, 14, 39, 4123 }, // U+0437
    { 12, 14, 260, 2, 14, 42, 4162 }, // U+0438
    { 12, 19, 260, 2, 19, 57, 4204 }, // U+0439
    { 13, 14, 242, 2, 14, 46, 4261 }, // U+043A
    { 14, 14, 256, 0, 14, 49, 4307 }, // U+043B
    { 15, 14, 302, 2, 14, 53, 4356 }, // U+043C
    { 13, 14, 262, 2, 14, 46, 4409 }, // U+043D
    { 13, 14, 245, 1, 14, 46, 4455 }, // U+043E
    { 13, 14, 262, 2, 14, 46, 4501 }, // U+043F
    { 13, 19, 254, 2, 14, 62, 4547 }, // U+0440
    { 12, 14, 220, 1, 14, 42, 4609 }, // U+0441
    { 14, 14, 233, 0, 14, 49, 4651 }, // U+0442
    { 15, 19, 237, 0, 14, 72, 4700 }, // U+0443
    { 19, 24, 342, 1, 19, 114, 4772 }, // U+0444
    { 14, 14, 237, 0, 14, 49, 4886 }, // U+0445
    { 14, 17, 272, 2, 14, 60, 4935 }, // U+0446
    { 12, 14, 236, 1, 14, 42, 4995 }, // U+0447
    { 19, 14, 366, 2, 14, 67, 5037 }, // U+0448
    { 21, 17, 377, 2, 14, 90, 5104 }, // U+0449
    { 17, 14, 283, 0, 14, 60, 5194 }, // U+044A
    { 16, 14, 316, 2, 14, 56, 5254 }, // U+044B
    { 12, 14, 236, 2, 14, 42, 5310 }, // U+044C
    { 12, 14, 220, 1, 14, 42, 5352 }, // U+044D
    { 18, 14, 337, 2, 14, 63, 5394 }, // U+044E
    { 12, 14, 241, 1, 14, 42, 5457 }, // U+044F
    { 14, 20, 246, 1, 20, 70, 5499 }, // U+0450
    { 14, 19, 246, 1, 19, 67, 5569 }, // U+0451
    { 15, 24, 250, 0, 19, 90, 5636 }, // U+0452
    { 11, 20, 210, 2, 20, 55, 5726 }, // U+0453
    { 12, 14, 220, 1, 14, 42, 5781 }, // U+0454
    { 11, 14, 208, 1, 14, 39, 5823 }, // U+0455
    { 3, 19, 111, 2, 19, 15, 5862 }, // U+0456
    { 9, 19, 111, -1, 19, 43, 5877 }, // U+0457
    { 6, 24, 111, -1, 19, 36, 5920 }, // U+0458
    { 22, 14, 361, 0, 14, 77, 5956 }, // U+0459
    { 19, 14, 359, 2, 14, 67, 6033 }, // U+045A
    { 15, 19, 261, 0, 19, 72, 6100 }, // U+045B
    { 13, 20, 242, 2, 20, 65, 6172 }, // U+045C
    { 12, 20, 260, 2, 20, 60, 6237 }, // U+045D
    { 15, 24, 237, 0, 19, 90, 6297 }, // U+045E
    { 13, 17, 262, 2, 14, 56, 6387 }, // U+045F
    { 21, 18, 373, 1, 18, 95, 6443 }, // U+0460
    { 19, 14, 335, 1, 14, 67, 6538 }, // U+0461
    { 18, 18, 308, 0, 18, 81, 6605 }, // U+0462
    { 16, 19, 269, 0, 19, 76, 6686 }, // U+0463
    { 21, 20, 377, 2, 19, 105, 6762 }, // U+0464
    { 16, 15, 300, 2, 14, 60, 6867 }, // U+0465
    { 22, 19, 352, 0, 19, 105, 6927 }, // U+0466
    { 19, 14, 313, 0, 14, 67, 7032 }, // U+0467
    { 27, 19, 464, 2, 19, 129, 7099 }, // U+0468
    { 23, 14, 401, 2, 14, 81, 7228 }, // U+0469
    { 18, 18, 315, 1, 18, 81, 7309 }, // U+046A
    { 13, 14, 245, 1, 14, 46, 7390 }, // U+046B
    { 23, 19, 411, 2, 19, 110, 7436 }, // U+046C
    { 18, 14, 330, 2, 14, 63, 7546 }, // U+046D
    { 13, 30, 254, 1, 24, 98, 7609 }, // U+046E
    { 11, 24, 216, 1, 19, 66, 7707 }, // U+046F
    { 22, 19, 343, 0, 19, 105, 7773 }, // U+0470
    { 22, 26, 351, 0, 20, 143, 7878 }, // U+0471
    { 18, 18, 315, 1, 18, 81, 8021 }, // U+0472
    { 13, 14, 245, 1, 14, 46, 8102 }, // U+0473
    { 20, 19, 313, 0, 19, 95, 8148 }, // U+0474
    { 16, 14, 266, 0, 14, 56, 8243 }, // U+0475
    { 20, 24, 313, 0, 24, 120, 8299 }, // U+0476
    { 16, 20, 266, 0, 20, 80, 8419 }, // U+0477
    { 24, 25, 397, 1, 19, 150, 8499 }, // U+0478
    { 21, 20, 362, 1, 14, 105, 8649 }, // U+0479
    { 22, 20, 381, 1, 19, 110, 8754 }, // U+047A
    { 17, 15, 303, 1, 14, 64, 8864 }, // U+047B
    { 28, 24, 472, 1, 24, 168, 8928 }, // U+047C
    { 23, 19, 411, 1, 19, 110, 9096 }, // U+047D
    { 21, 22, 373, 1, 22, 116, 9206 }, // U+047E
    { 19, 18, 335, 1, 18, 86, 9322 }, // U+047F
    { 16, 23, 279, 1, 18, 92, 9408 }, // U+0480
    { 12, 19, 220, 1, 14, 57, 9500 }, // U+0481
    { 12, 14, 201, 0, 12, 42, 9557 }, // U+0482
    { 11, 6, 0, -13, 21, 17, 9599 }, // U+0483
    { 11, 4, 0, -10, 20, 11, 9616 }, // U+0484
    { 4, 6, 0, -8, 20, 6, 9627 }, // U+0485
    { 4, 6, 0, -8, 20, 6, 9633 }, // U+0486
    { 21, 5, 0, -20, 20, 27, 9639 }, // U+0487
    { 37, 29, 167, -26, 24, 269, 9666 }, // U+0488
    { 33, 33, 167, -24, 26, 273, 9935 }, // U+0489
    { 17, 30, 309, 2, 24, 128, 10208 }, // U+048A
    { 15, 25, 271, 2, 19, 94, 10336 }, // U+048B
    { 16, 18, 274, 0, 18, 72, 10430 }, // U+048C
    { 14, 18, 236, 0, 18, 63, 10502 }, // U+048D
    { 14, 19, 241, 2, 19, 67, 10565 }, // U+048E
    { 13, 20, 254, 2, 14, 65, 10632 }, // U+048F
    { 12, 22, 244, 2, 22, 66, 10697 }, // U+0490
    { 10, 18, 210, 2, 18, 45, 10763 }, // U+0491
    { 16, 18, 270, 0, 18, 72, 10808 }, // U+0492
    { 14, 14, 236, 0, 14, 49, 10880 }, // U+0493
    { 13, 23, 250, 2, 18, 75, 10929 }, // U+0494
    { 11, 19, 212, 2, 14, 53, 11004 }, // U+0495
    { 27, 23, 431, 0, 19, 156, 11057 }, // U+0496
    { 22, 18, 360, 0, 14, 99, 11213 }, // U+0497
    { 14, 23, 256, 1, 18, 81, 11312 }, // U+0498
    { 11, 19, 213, 1, 14, 53, 11393 }, // U+0499
    { 16, 23, 284, 2, 19, 92, 11446 }, // U+049A
    { 13, 18, 242, 2, 14, 59, 11538 }, // U+049B
    { 16, 19, 284, 2, 19, 76, 11597 }, // U+049C
    { 13, 14, 242, 2, 14, 46, 11673 }, // U+049D
    { 18, 19, 284, 0, 19, 86, 11719 }, // U+049E
    { 15, 19, 242, 0, 19, 72, 11805 }, // U+049F
    { 21, 18, 343, 0, 18, 95, 11877 }, // U+04A0
    { 18, 14, 333, 0, 14, 63, 11972 }, // U+04A1
    { 17, 22, 301, 2, 18, 94, 12035 }, // U+04A2
    { 15, 17, 264, 2, 14, 64, 12129 }, // U+04A3
    { 24, 18, 406, 2, 18, 108, 12193 }, // U+04A4
    { 20, 14, 351, 2, 14, 70, 12301 }, // U+04A5
    { 25, 23, 432, 2, 18, 144, 12371 }, // U+04A6
    { 21, 19, 366, 2, 14, 100, 12515 }, // U+04A7
    { 21, 20, 351, 1, 19, 105, 12615 }, // U+04A8
    { 17, 15, 277, 1, 14, 64, 12720 }, // U+04A9
    { 16, 23, 279, 1, 18, 92, 12784 }, // U+04AA
    { 12, 19, 220, 1, 14, 57, 12876 }, // U+04AB
    { 17, 22, 244, -1, 18, 94, 12933 }, // U+04AC
    { 14, 17, 233, 0, 14, 60, 13027 }, // U+04AD
    { 17, 18, 244, -1, 18, 77, 13087 }, // U+04AE
    { 15, 19, 237, 0, 14, 72, 13164 }, // U+04AF
    { 17, 19, 244, -1, 19, 81, 13236 }, // U+04B0
    { 15, 20, 237, 0, 14, 75, 13317 }, // U+04B1
    { 17, 23, 274, 0, 19, 98, 13392 }, // U+04B2
    { 14, 18, 237, 0, 14, 63, 13490 }, // U+04B3
    { 24, 22, 374, -1, 18, 132, 13553 }, // U+04B4
    { 20, 17, 323, 0, 14, 85, 13685 }, // U+04B5
    { 16, 22, 274, 2, 18, 88, 13770 }, // U+04B6
    { 14, 17, 236, 1, 14, 60, 13858 }, // U+04B7
    { 13, 19, 274, 2, 19, 62, 13918 }, // U+04B8
    { 12, 14, 236, 1, 14, 42, 13980 }, // U+04B9
    { 13, 18, 274, 2, 18, 59, 14022 }, // U+04BA
    { 12, 19, 254, 2, 19, 57, 14081 }, // U+04BB
    { 23, 18, 376, 0, 18, 104, 14138 }, // U+04BC
    { 17, 14, 291, 0, 14, 60, 14242 }, // U+04BD
    { 23, 24, 376, 0, 19, 138, 14302 }, // U+04BE
    { 17, 19, 291, 0, 14, 81, 14440 }, // U+04BF
    { 3, 18, 118, 2, 18, 14, 14521 }, // U+04C0
    { 27, 24, 431, 0, 24, 162, 14535 }, // U+04C1
    { 22, 20, 360, 0, 20, 110, 14697 }, // U+04C2
    { 15, 24, 262, 2, 19, 90, 14807 }, // U+04C3
    { 13, 20, 242, 2, 14, 65, 14897 }, // U+04C4
    { 19, 25, 310, 0, 19, 119, 14962 }, // U+04C5
    { 17, 20, 268, 0, 14, 85, 15081 }, // U+04C6
    { 15, 23, 301, 2, 18, 87, 15166 }, // U+04C7
    { 13, 19, 264, 2, 14, 62, 15253 }, // U+04C8
    { 17, 25, 311, 2, 19, 107, 15315 }, // U+04C9
    { 15, 20, 272, 2, 14, 75, 15422 }, // U+04CA
    { 13, 22, 274, 2, 18, 72, 15497 }, // U+04CB
    { 12, 17, 236, 1, 14, 51, 15569 }, // U+04CC
    { 20, 25, 355, 2, 19, 125, 15620 }, // U+04CD
    { 17, 20, 310, 2, 14, 85, 15745 }, // U+04CE
    { 3, 19, 111, 2, 19, 15, 15830 }, // U+04CF
    { 17, 24, 274, 0, 24, 102, 15845 }, // U+04D0
    { 13, 20, 245, 1, 20, 65, 15947 }, // U+04D1
    { 17, 24, 274, 0, 24, 102, 16012 }, // U+04D2
    { 13, 19, 245, 1, 19, 62, 16114 }, // U+04D3
    { 23, 18, 390, 0, 18, 104, 16176 }, // U+04D4
    { 23, 14, 393, 1, 14, 81, 16280 }, // U+04D5
    { 13, 24, 253, 2, 24, 78, 16361 }, // U+04D6
    { 14, 20, 246, 1, 20, 70, 16439 }, // U+04D7
    { 18, 18, 315, 1, 18, 81, 16509 }, // U+04D8
    { 14, 14, 246, 1, 14, 49, 16590 }, // U+04D9
    { 18, 24, 315, 1, 24, 108, 16639 }, // U+04DA
    { 14, 19, 246, 1, 19, 67, 16747 }, // U+04DB
    { 27, 24, 431, 0, 24, 162, 16814 }, // U+04DC
    { 22, 19, 360, 0, 19, 105, 16976 }, // U+04DD
    { 14, 24, 256, 1, 24, 84, 17081 }, // U+04DE
    { 11, 19, 213, 1, 19, 53, 17165 }, // U+04DF
    { 15, 18, 266, 1, 18, 68, 17218 }, // U+04E0
    { 13, 19, 231, 1, 14, 62, 17286 }, // U+04E1
    { 15, 23, 299, 2, 23, 87, 17348 }, // U+04E2
    { 12, 19, 260, 2, 19, 57, 17435 }, // U+04E3
    { 15, 24, 299, 2, 24, 90, 17492 }, // U+04E4
    { 12, 19, 260, 2, 19, 57, 17582 }, // U+04E5
    { 18, 24, 315, 1, 24, 108, 17639 }, // U+04E6
    { 13, 19, 245, 1, 19, 62, 17747 }, // U+04E7
    { 18, 18, 315, 1, 18, 81, 17809 }, // U+04E8
    { 13, 14, 245, 1, 14, 46, 17890 }, // U+04E9
    { 18, 24, 315, 1, 24, 108, 17936 }, // U+04EA
    { 13, 19, 245, 1, 19, 62, 18044 }, // U+04EB
    { 16, 24, 279, 1, 24, 96, 18106 }, // U+04EC
    { 12, 19, 220, 1, 19, 57, 18202 }, // U+04ED
    { 15, 23, 244, 0, 23, 87, 18259 }, // U+04EE
    { 15, 24, 237, 0, 19, 90, 18346 }, // U+04EF
    { 15, 24, 244, 0, 24, 90, 18436 }, // U+04F0
    { 15, 24, 237, 0, 19, 90, 18526 }, // U+04F1
    { 15, 23, 244, 0, 23, 87, 18616 }, // U+04F2
    { 15, 25, 237, 0, 20, 94, 18703 }, // U+04F3
    { 13, 24, 274, 2, 24, 78, 18797 }, // U+04F4
    { 12, 19, 236, 1, 19, 57, 18875 }, // U+04F5
    { 12, 22, 244, 2, 18, 66, 18932 }, // U+04F6
    { 10, 17, 210, 2, 14, 43, 18998 }, // U+04F7
    { 18, 24, 353, 2, 24, 108, 19041 }, // U+04F8
    { 16, 19, 316, 2, 19, 76, 19149 }, // U+04F9
    { 16, 23, 270, 0, 18, 92, 19225 }, // U+04FA
    { 14, 19, 236, 0, 14, 67, 19317 }, // U+04FB
    { 17, 24, 274, 0, 19, 102, 19384 }, // U+04FC
    { 14, 20, 237, 0, 14, 70, 19486 }, // U+04FD
    { 17, 19, 274, 0, 19, 81, 19556 }, // U+04FE
    { 14, 14, 237, 0, 14, 49, 19637 }, // U+04FF
    { 17, 23, 274, 0, 18, 98, 0 }, // U+1EA0
    { 13, 19, 245, 1, 14, 62, 98 }, // U+1EA1
    { 17, 25, 274, 0, 25, 107, 160 }, // U+1EA2
    { 13, 20, 245, 1, 20, 65, 267 }, // U+1EA3
    { 17, 25, 274, 0, 25, 107, 332 }, // U+1EA4
    { 14, 20, 245, 1, 20, 70, 439 }, // U+1EA5
    { 17, 25, 274, 0, 25, 107, 509 }, // U+1EA6
    { 13, 20, 245, 1, 20, 65, 616 }, // U+1EA7
    { 17, 26, 274, 0, 26, 111, 681 }, // U+1EA8
    { 14, 21, 245, 1, 21, 74, 792 }, // U+1EA9
    { 17, 27, 274, 0, 27, 115, 866 }, // U+1EAA
    { 13, 22, 245, 1, 22, 72, 981 }, // U+1EAB
    { 17, 28, 274, 0, 23, 119, 1053 }, // U+1EAC
    { 13, 25, 245, 1, 20, 82, 1172 }, // U+1EAD
    { 17, 25, 274, 0, 25, 107, 1254 }, // U+1EAE
    { 13, 21, 245, 1, 21, 69, 1361 }, // U+1EAF
    { 17, 25, 274, 0, 25, 107, 1430 }, // U+1EB0
    { 13, 21, 245, 1, 21, 69, 1537 }, // U+1EB1
    { 17, 26, 274, 0, 26, 111, 1606 }, // U+1EB2
    { 13, 22, 245, 1, 22, 72, 1717 }, // U+1EB3
    { 17, 27, 274, 0, 27, 115, 1789 }, // U+1EB4
    { 13, 23, 245, 1, 23, 75, 1904 }, // U+1EB5
    { 17, 29, 274, 0, 24, 124, 1979 }, // U+1EB6
    { 13, 25, 245, 1, 20, 82, 2103 }, // U+1EB7
    { 13, 23, 253, 2, 18, 75, 2185 }, // U+1EB8
    { 14, 19, 246, 1, 14, 67, 2260 }, // U+1EB9
    { 13, 25, 253, 2, 25, 82, 2327 }, // U+1EBA
    { 14, 20, 246, 1, 20, 70, 2409 }, // U+1EBB
    { 13, 24, 253, 2, 24, 78, 2479 }, // U+1EBC
    { 14, 19, 246, 1, 19, 67, 2557 }, // U+1EBD
    { 14, 25, 253, 2, 25, 88, 2624 }, // U+1EBE
    { 15, 20, 246, 1, 20, 75, 2712 }, // U+1EBF
    { 13, 25, 253, 2, 25, 82, 2787 }, // U+1EC0
    { 14, 20, 246, 1, 20, 70, 2869 }, // U+1EC1
    { 14, 26, 253, 2, 26, 91, 2939 }, // U+1EC2
    { 15, 21, 246, 1, 21, 79, 3030 }, // U+1EC3
    { 13, 27, 253, 2, 27, 88, 3109 }, // U+1EC4
    { 14, 22, 246, 1, 22, 77, 3197 }, // U+1EC5
    { 13, 28, 253, 2, 23, 91, 3274 }, // U+1EC6
    { 14, 25, 246, 1, 20, 88, 3365 }, // U+1EC7
    { 6, 25, 118, 1, 25, 38, 3453 }, // U+1EC8
    { 7, 20, 111, 0, 20, 35, 3491 }, // U+1EC9
    { 3, 23, 118, 2, 18, 18, 3526 }, // U+1ECA
    { 3, 24, 111, 2, 19, 18, 3544 }, // U+1ECB
    { 18, 23, 315, 1, 18, 104, 3562 }, // U+1ECC
    { 13, 19, 245, 1, 14, 62, 3666 }, // U+1ECD
    { 18, 25, 315, 1, 25, 113, 3728 }, // U+1ECE
    { 13, 20, 245, 1, 20, 65, 3841 }, // U+1ECF
    { 18, 25, 315, 1, 25, 113, 3906 }, // U+1ED0
    { 14, 20, 245, 1, 20, 70, 4019 }, // U+1ED1
    { 18, 25, 315, 1, 25, 113, 4089 }, // U+1ED2
    { 13, 20, 245, 1, 20, 65, 4202 }, // U+1ED3
    { 18, 26, 315, 1, 26, 117, 4267 }, // U+1ED4
    { 14, 21, 245, 1, 21, 74, 4384 }, // U+1ED5
    { 18, 27, 315, 1, 27, 122, 4458 }, // U+1ED6
    { 13, 22, 245, 1, 22, 72, 4580 }, // U+1ED7
    { 18, 28, 315, 1, 23, 126, 4652 }, // U+1ED8
    { 13, 25, 245, 1, 20, 82, 4778 }, // U+1ED9
    { 19, 23, 365, 1, 23, 110, 4860 }, // U+1EDA
    { 15, 20, 245, 1, 20, 75, 4970 }, // U+1EDB
    { 19, 23, 365, 1, 23, 110, 5045 }, // U+1EDC
    { 15, 20, 245, 1, 20, 75, 5155 }, // U+1EDD
    { 19, 25, 365, 1, 25, 119, 5230 }, // U+1EDE
    { 15, 20, 245, 1, 20, 75, 5349 }, // U+1EDF
    { 19, 24, 365, 1, 24, 114, 5424 }, // U+1EE0
    { 15, 19, 245, 1, 19, 72, 5538 }, // U+1EE1
    { 19, 25, 365, 1, 20, 119, 5610 }, // U+1EE2
    { 15, 21, 245, 1, 16, 79, 5729 }, // U+1EE3
    { 15, 23, 293, 2, 18, 87, 5808 }, // U+1EE4
    { 12, 19, 254, 2, 14, 57, 5895 }, // U+1EE5
    { 15, 25, 293, 2, 25, 94, 5952 }, // U+1EE6
    { 12, 20, 254, 2, 20, 60, 6046 }, // U+1EE7
    { 18, 23, 343, 2, 23, 104, 6106 }, // U+1EE8
    { 15, 20, 254, 2, 20, 75, 6210 }, // U+1EE9
    { 18, 23, 343, 2, 23, 104, 6285 }, // U+1EEA
    { 15, 20, 254, 2, 20, 75, 6389 }, // U+1EEB
    { 18, 25, 343, 2, 25, 113, 6464 }, // U+1EEC
    { 15, 20, 254, 2, 20, 75, 6577 }, // U+1EED
    { 18, 24, 343, 2, 24, 108, 6652 }, // U+1EEE
    { 15, 19, 254, 2, 19, 72, 6760 }, // U+1EEF
    { 18, 25, 343, 2, 20, 113, 6832 }, // U+1EF0
    { 15, 21, 254, 2, 16, 79, 6945 }, // U+1EF1
    { 17, 23, 244, -1, 23, 98, 7024 }, // U+1EF2
    { 15, 25, 237, 0, 20, 94, 7122 }, // U+1EF3
    { 17, 23, 244, -1, 18, 98, 7216 }, // U+1EF4
    { 15, 19, 237, 0, 14, 72, 7314 }, // U+1EF5
    { 17, 25, 244, -1, 25, 107, 7386 }, // U+1EF6
    { 15, 25, 237, 0, 20, 94, 7493 }, // U+1EF7
    { 17, 24, 244, -1, 24, 102, 7587 }, // U+1EF8
    { 15, 24, 237, 0, 19, 90, 7689 }, // U+1EF9
    { 0, 0, 200, 0, 0, 0, 0 }, // U+2000
    { 0, 0, 400, 0, 0, 0, 0 }, // U+2001
    { 0, 0, 200, 0, 0, 0, 0 }, // U+2002
    { 0, 0, 400, 0, 0, 0, 0 }, // U+2003
    { 0, 0, 132, 0, 0, 0, 0 }, // U+2004
    { 0, 0, 100, 0, 0, 0, 0 }, // U+2005
    { 0, 0, 67, 0, 0, 0, 0 }, // U+2006
    { 0, 0, 254, 0, 0, 0, 0 }, // U+2007
    { 0, 0, 127, 0, 0, 0, 0 }, // U+2008
    { 0, 0, 80, 0, 0, 0, 0 }, // U+2009
    { 0, 0, 40, 0, 0, 0, 0 }, // U+200A
    { 0, 0, 0, 0, 0, 0, 0 }, // U+200B
    { 0, 0, 0, 0, 0, 0, 0 }, // U+200C
    { 0, 0, 0, 0, 0, 0, 0 }, // U+200D
    { 0, 0, 0, 0, 0, 0, 0 }, // U+200E
    { 0, 0, 0, 0, 0, 0, 0 }, // U+200F
    { 7, 2, 144, 1, 8, 4, 0 }, // U+2010
    { 7, 2, 144, 1, 8, 4, 4 }, // U+2011
    { 14, 2, 254, 1, 8, 7, 8 }, // U+2012
    { 11, 2, 200, 1, 8, 6, 15 }, // U+2013
    { 23, 2, 400, 1, 8, 12, 21 }, // U+2014
    { 25, 2, 400, 0, 8, 13, 33 }, // U+2015
    { 7, 25, 200, 3, 19, 44, 46 }, // U+2016
    { 14, 6, 200, -1, 0, 21, 90 }, // U+2017
    { 4, 6, 127, 2, 18, 6, 111 }, // U+2018
    { 4, 6, 127, 2, 18, 6, 117 }, // U+2019
    { 4, 6, 127, 2, 3, 6, 123 }, // U+201A
    { 4, 7, 127, 2, 19, 7, 129 }, // U+201B
    { 9, 6, 207, 2, 18, 14, 136 }, // U+201C
    { 9, 6, 207, 2, 18, 14, 150 }, // U+201D
    { 9, 6, 207, 2, 3, 14, 164 }, // U+201E
    { 9, 7, 207, 2, 19, 16, 178 }, // U+201F
    { 12, 20, 200, 0, 18, 60, 194 }, // U+2020
    { 12, 20, 200, 0, 18, 60, 254 }, // U+2021
    { 8, 7, 236, 3, 13, 14, 314 }, // U+2022
    { 9, 10, 236, 3, 14, 23, 328 }, // U+2023
    { 4, 3, 134, 2, 3, 3, 351 }, // U+2024
    { 12, 3, 267, 2, 3, 9, 354 }, // U+2025
    { 21, 3, 400, 2, 3, 16, 363 }, // U+2026
    { 4, 4, 127, 2, 11, 4, 379 }, // U+2027
    { 0, 0, 0, 0, 0, 0, 383 }, // U+2028
    { 0, 0, 0, 0, 0, 0, 383 }, // U+2029
    { 0, 0, 0, 0, 0, 0, 383 }, // U+202A
    { 0, 0, 0, 0, 0, 0, 383 }, // U+202B
    { 0, 0, 0, 0, 0, 0, 383 }, // U+202C
    { 0, 0, 0, 0, 0, 0, 383 }, // U+202D
    { 0, 0, 0, 0, 0, 0, 383 }, // U+202E
    { 0, 0, 80, 0, 0, 0, 383 }, // U+202F
    { 32, 18, 537, 1, 18, 144, 383 }, // U+2030
    { 42, 20, 694, 1, 19, 210, 527 }, // U+2031
    { 6, 6, 91, 0, 19, 9, 737 }, // U+2032
    { 9, 6, 149, 0, 19, 14, 746 }, // U+2033
    { 13, 6, 208, 0, 19, 20, 760 }, // U+2034
    { 6, 6, 91, 0, 19, 9, 780 }, // U+2035
    { 9, 6, 149, 0, 19, 14, 789 }, // U+2036
    { 13, 6, 208, 0, 19, 20, 803 }, // U+2037
    { 9, 6, 136, 0, 0, 14, 823 }, // U+2038
    { 7, 11, 160, 1, 13, 20, 837 }, // U+2039
    { 7, 11, 160, 2, 13, 20, 857 }, // U+203A
    { 17, 18, 335, 2, 18, 77, 877 }, // U+203B
    { 10, 18, 194, 1, 18, 45, 954 }, // U+203C
    { 11, 19, 212, 1, 19, 53, 999 }, // U+203D
    { 14, 2, 200, -1, 19, 7, 1052 }, // U+203E
    { 24, 5, 321, -2, -1, 30, 1059 }, // U+203F
    { 24, 5, 321, -2, 23, 30, 1089 }, // U+2040
    { 10, 12, 100, -2, 6, 30, 1119 }, // U+2041
    { 25, 22, 400, 0, 20, 138, 1149 }, // U+2042
    { 8, 4, 200, 2, 11, 8, 1287 }, // U+2043
    { 14, 18, 67, -5, 18, 63, 1295 }, // U+2044
    { 6, 23, 156, 2, 19, 35, 1358 }, // U+2045
    { 6, 23, 156, 2, 19, 35, 1393 }, // U+2046
    { 23, 18, 369, 0, 18, 104, 1428 }, // U+2047
    { 16, 18, 293, 1, 18, 72, 1532 }, // U+2048
    { 16, 18, 293, 1, 18, 72, 1604 }, // U+2049
    { 11, 17, 199, 1, 14, 47, 1676 }, // U+204A
    { 13, 22, 254, 2, 19, 72, 1723 }, // U+204B
    { 8, 8, 200, 2, 13, 16, 1795 }, // U+204C
    { 8, 8, 200, 2, 13, 16, 1811 }, // U+204D
    { 12, 12, 200, 0, 10, 36, 1827 }, // U+204E
    { 5, 16, 135, 3, 13, 20, 1863 }, // U+204F
    { 24, 29, 321, -2, 23, 174, 1883 }, // U+2050
    { 12, 24, 200, 0, 23, 72, 2057 }, // U+2051
    { 10, 21, 180, 1, 18, 53, 2129 }, // U+2052
    { 23, 5, 400, 1, 10, 29, 2182 }, // U+2053
    { 24, 5, 321, -2, -2, 30, 2211 }, // U+2054
    { 15, 14, 335, 3, 16, 53, 2241 }, // U+2055
    { 9, 12, 234, 3, 15, 27, 2294 }, // U+2056
    { 17, 6, 265, 0, 19, 26, 2321 }, // U+2057
    { 13, 13, 335, 4, 16, 43, 2347 }, // U+2058
    { 13, 13, 335, 4, 16, 43, 2390 }, // U+2059
    { 4, 19, 127, 2, 19, 19, 2433 }, // U+205A
    { 18, 26, 319, 1, 22, 117, 2452 }, // U+205B
    { 19, 19, 335, 1, 19, 91, 2569 }, // U+205C
    { 4, 17, 127, 2, 17, 17, 2660 }, // U+205D
    { 4, 18, 127, 2, 18, 18, 2677 }, // U+205E
    { 0, 0, 89, 0, 0, 0, 2695 }, // U+205F
    { 0, 0, 0, 0, 0, 0, 2695 }, // U+2060
    { 0, 0, 0, 0, 0, 0, 2695 }, // U+2061
    { 0, 0, 0, 0, 0, 0, 2695 }, // U+2062
    { 0, 0, 0, 0, 0, 0, 2695 }, // U+2063
    { 0, 0, 0, 0, 0, 0, 2695 }, // U+2064
    { 0, 0, 0, 0, 0, 0, 2695 }, // U+206A
    { 0, 0, 0, 0, 0, 0, 2695 }, // U+206B
    { 0, 0, 0, 0, 0, 0, 2695 }, // U+206C
    { 0, 0, 0, 0, 0, 0, 2695 }, // U+206D
    { 0, 0, 0, 0, 0, 0, 2695 }, // U+206E
    { 0, 0, 0, 0, 0, 0, 2695 }, // U+206F
    { 9, 12, 160, 1, 19, 27, 0 }, // U+2070
    { 2, 11, 71, 1, 19, 6, 27 }, // U+2071
    { 10, 10, 160, 0, 18, 25, 33 }, // U+2074
    { 8, 12, 160, 1, 19, 24, 58 }, // U+2075
    { 9, 12, 160, 1, 19, 27, 82 }, // U+2076
    { 8, 11, 160, 1, 19, 22, 109 }, // U+2077
    { 9, 12, 160, 1, 19, 27, 131 }, // U+2078
    { 9, 12, 160, 1, 19, 27, 158 }, // U+2079
    { 11, 9, 211, 1, 17, 25, 185 }, // U+207A
    { 11, 3, 211, 1, 14, 9, 210 }, // U+207B
    { 11, 5, 211, 1, 15, 14, 219 }, // U+207C
    { 4, 13, 98, 1, 19, 13, 233 }, // U+207D
    { 4, 13, 98, 1, 19, 13, 246 }, // U+207E
    { 8, 8, 159, 1, 16, 16, 259 }, // U+207F
    { 9, 12, 160, 1, 11, 27, 275 }, // U+2080
    { 8, 10, 160, 1, 10, 20, 302 }, // U+2081
    { 8, 10, 160, 1, 10, 20, 322 }, // U+2082
    { 8, 10, 160, 1, 10, 20, 342 }, // U+2083
    { 10, 10, 160, 0, 10, 25, 362 }, // U+2084
    { 8, 12, 160, 1, 11, 24, 387 }, // U+2085
    { 9, 12, 160, 1, 11, 27, 411 }, // U+2086
    { 8, 11, 160, 1, 11, 22, 438 }, // U+2087
    { 9, 12, 160, 1, 11, 27, 460 }, // U+2088
    { 9, 12, 160, 1, 11, 27, 487 }, // U+2089
    { 11, 9, 211, 1, 9, 25, 514 }, // U+208A
    { 11, 3, 211, 1, 6, 9, 539 }, // U+208B
    { 11, 5, 211, 1, 7, 14, 548 }, // U+208C
    { 4, 13, 98, 1, 11, 13, 562 }, // U+208D
    { 4, 13, 98, 1, 11, 13, 575 }, // U+208E
    { 9, 9, 157, 0, 8, 21, 588 }, // U+2090
    { 9, 9, 167, 0, 8, 21, 609 }, // U+2091
    { 9, 8, 165, 0, 8, 18, 630 }, // U+2092
    { 9, 8, 178, 1, 8, 18, 648 }, // U+2093
    { 9, 8, 167, 0, 8, 18, 666 }, // U+2094
    { 8, 11, 162, 1, 11, 22, 684 }, // U+2095
    { 9, 11, 170, 1, 11, 25, 706 }, // U+2096
    { 2, 11, 66, 1, 11, 6, 731 }, // U+2097
    { 13, 8, 249, 1, 8, 26, 737 }, // U+2098
    { 8, 8, 159, 1, 8, 16, 763 }, // U+2099
    { 9, 11, 171, 1, 8, 25, 779 }, // U+209A
    { 8, 9, 149, 1, 9, 18, 804 }, // U+209B
    { 6, 10, 118, 0, 10, 15, 822 }, // U+209C
    { 20, 19, 351, 1, 19, 95, 0 }, // U+20A0
    { 14, 22, 254, 1, 20, 77, 95 }, // U+20A1
    { 14, 20, 254, 1, 19, 70, 172 }, // U+20A2
    { 14, 19, 254, 1, 19, 67, 242 }, // U+20A3
    { 13, 19, 254, 1, 19, 62, 309 }, // U+20A4
    { 21, 19, 390, 2, 16, 100, 371 }, // U+20A5
    { 16, 19, 254, 0, 19, 76, 471 }, // U+20A6
    { 29, 20, 509, 2, 19, 145, 547 }, // U+20A7
    { 24, 20, 429, 2, 19, 120, 692 }, // U+20A8
    { 24, 19, 396, 0, 19, 114, 812 }, // U+20A9
    { 18, 20, 314, 1, 19, 90, 926 }, // U+20AA
    { 15, 23, 254, 1, 19, 87, 1016 }, // U+20AB
    { 15, 18, 254, 0, 18, 68, 1103 }, // U+20AC
    { 16, 19, 254, 0, 19, 76, 1171 }, // U+20AD
    { 16, 19, 254, 0, 19, 76, 1247 }, // U+20AE
    { 29, 25, 509, 2, 19, 182, 1323 }, // U+20AF
    { 15, 20, 254, 0, 19, 75, 1505 }, // U+20B0
    { 15, 19, 254, 0, 19, 72, 1580 }, // U+20B1
    { 14, 24, 254, 1, 21, 84, 1652 }, // U+20B2
    { 16, 19, 254, 0, 19, 76, 1736 }, // U+20B3
    { 17, 20, 310, 1, 19, 85, 1812 }, // U+20B4
    { 12, 23, 254, 2, 19, 69, 1897 }, // U+20B5
    { 16, 19, 254, 0, 19, 76, 1966 }, // U+20B8
    { 14, 19, 254, 1, 19, 67, 2042 }, // U+20B9
    { 16, 19, 254, 0, 19, 76, 2109 }, // U+20BA
    { 16, 19, 254, 0, 19, 76, 2185 }, // U+20BD
    { 19, 10, 335, 1, 13, 48, 0 }, // U+2190
    { 11, 18, 335, 5, 18, 50, 48 }, // U+2191
    { 19, 10, 335, 1, 13, 48, 98 }, // U+2192
    { 11, 18, 335, 5, 18, 50, 146 }, // U+2193
    { 19, 10, 335, 1, 13, 48, 196 }, // U+2194
    { 11, 19, 335, 5, 18, 53, 244 }, // U+2195
    { 15, 15, 335, 3, 15, 57, 297 }, // U+2196
    { 15, 15, 335, 3, 15, 57, 354 }, // U+2197
    { 15, 15, 335, 3, 15, 57, 411 }, // U+2198
    { 15, 15, 335, 3, 15, 57, 468 }, // U+2199
    { 19, 12, 335, 1, 14, 57, 525 }, // U+219A
    { 19, 12, 335, 1, 14, 57, 582 }, // U+219B
    { 21, 9, 335, 0, 11, 48, 639 }, // U+219C
    { 21, 9, 335, 0, 11, 48, 687 }, // U+219D
    { 19, 12, 335, 1, 14, 57, 735 }, // U+219E
    { 11, 19, 335, 5, 19, 53, 792 }, // U+219F
    { 19, 12, 335, 1, 14, 57, 845 }, // U+21A0
    { 11, 20, 335, 5, 19, 55, 902 }, // U+21A1
    { 19, 12, 335, 1, 14, 57, 957 }, // U+21A2
    { 19, 12, 335, 1, 14, 57, 1014 }, // U+21A3
    { 19, 12, 335, 1, 14, 57, 1071 }, // U+21A4
    { 11, 19, 335, 5, 19, 53, 1128 }, // U+21A5
    { 19, 10, 335, 1, 13, 48, 1181 }, // U+21A6
    { 11, 20, 335, 5, 19, 55, 1229 }, // U+21A7
    { 11, 19, 335, 5, 19, 53, 1284 }, // U+21A8
    { 19, 13, 335, 1, 15, 62, 1337 }, // U+21A9
    { 19, 13, 335, 1, 15, 62, 1399 }, // U+21AA
    { 19, 13, 335, 1, 15, 62, 1461 }, // U+21AB
    { 19, 13, 335, 1, 15, 62, 1523 }, // U+21AC
    { 19, 12, 335, 1, 14, 57, 1585 }, // U+21AD
    { 19, 12, 335, 1, 14, 57, 1642 }, // U+21AE
    { 15, 20, 335, 3, 19, 75, 1699 }, // U+21AF
    { 12, 19, 335, 4, 19, 57, 1774 }, // U+21B0
    { 12, 19, 335, 5, 19, 57, 1831 }, // U+21B1
    { 12, 20, 335, 4, 19, 60, 1888 }, // U+21B2
    { 12, 20, 335, 5, 19, 60, 1948 }, // U+21B3
    { 14, 17, 335, 5, 16, 60, 2008 }, // U+21B4
    { 16, 14, 335, 1, 16, 56, 2068 }, // U+21B5
    { 20, 12, 335, 0, 17, 60, 2124 }, // U+21B6
    { 21, 12, 335, 0, 17, 63, 2184 }, // U+21B7
    { 18, 19, 335, 2, 19, 86, 2247 }, // U+21B8
    { 19, 19, 335, 1, 17, 91, 2333 }, // U+21B9
    { 18, 16, 335, 2, 17, 72, 2424 }, // U+21BA
    { 18, 16, 335, 1, 17, 72, 2496 }, // U+21BB
    { 19, 6, 335, 1, 13, 29, 2568 }, // U+21BC
    { 19, 6, 335, 1, 9, 29, 2597 }, // U+21BD
    { 7, 19, 335, 9, 19, 34, 2626 }, // U+21BE
    { 7, 19, 335, 5, 19, 34, 2660 }, // U+21BF
    { 19, 6, 335, 1, 13, 29, 2694 }, // U+21C0
    { 19, 6, 335, 1, 9, 29, 2723 }, // U+21C1
    { 7, 19, 335, 9, 19, 34, 2752 }, // U+21C2
    { 7, 19, 335, 5, 19, 34, 2786 }, // U+21C3
    { 19, 18, 335, 1, 17, 86, 2820 }, // U+21C4
    { 19, 18, 335, 1, 18, 86, 2906 }, // U+21C5
    { 19, 18, 335, 1, 17, 86, 2992 }, // U+21C6
    { 19, 19, 335, 1, 17, 91, 3078 }, // U+21C7
    { 19, 19, 335, 1, 19, 91, 3169 }, // U+21C8
    { 19, 19, 335, 1, 17, 91, 3260 }, // U+21C9
    { 19, 20, 335, 1, 19, 95, 3351 }, // U+21CA
    { 19, 14, 335, 1, 15, 67, 3446 }, // U+21CB
    { 19, 14, 335, 1, 15, 67, 3513 }, // U+21CC
    { 19, 12, 335, 1, 14, 57, 3580 }, // U+21CD
    { 19, 12, 335, 1, 14, 57, 3637 }, // U+21CE
    { 19, 12, 335, 1, 14, 57, 3694 }, // U+21CF
    { 19, 12, 335, 1, 14, 57, 3751 }, // U+21D0
    { 11, 19, 335, 5, 19, 53, 3808 }, // U+21D1
    { 19, 12, 335, 1, 14, 57, 3861 }, // U+21D2
    { 11, 20, 335, 5, 19, 55, 3918 }, // U+21D3
    { 19, 12, 335, 1, 14, 57, 3973 }, // U+21D4
    { 11, 20, 335, 5, 19, 55, 4030 }, // U+21D5
    { 16, 16, 335, 3, 15, 64, 4085 }, // U+21D6
    { 16, 16, 335, 2, 15, 64, 4149 }, // U+21D7
    { 16, 16, 335, 2, 16, 64, 4213 }, // U+21D8
    { 16, 16, 335, 3, 16, 64, 4277 }, // U+21D9
    { 19, 12, 335, 1, 14, 57, 4341 }, // U+21DA
    { 19, 12, 335, 1, 14, 57, 4398 }, // U+21DB
    { 19, 12, 335, 1, 14, 57, 4455 }, // U+21DC
    { 19, 12, 335, 1, 14, 57, 4512 }, // U+21DD
    { 11, 19, 335, 5, 19, 53, 4569 }, // U+21DE
    { 11, 20, 335, 5, 19, 55, 4622 }, // U+21DF
    { 19, 12, 335, 1, 14, 57, 4677 }, // U+21E0
    { 11, 19, 335, 5, 19, 53, 4734 }, // U+21E1
    { 19, 12, 335, 1, 14, 57, 4787 }, // U+21E2
    { 11, 20, 335, 5, 19, 55, 4844 }, // U+21E3
    { 19, 12, 335, 1, 14, 57, 4899 }, // U+21E4
    { 19, 12, 335, 1, 14, 57, 4956 }, // U+21E5
    { 20, 14, 335, 0, 15, 70, 5013 }, // U+21E6
    { 13, 19, 335, 4, 19, 62, 5083 }, // U+21E7
    { 20, 14, 335, 0, 15, 70, 5145 }, // U+21E8
    { 13, 20, 335, 4, 19, 65, 5215 }, // U+21E9
    { 13, 19, 335, 4, 19, 62, 5280 }, // U+21EA
    { 13, 19, 335, 4, 19, 62, 5342 }, // U+21EB
    { 15, 19, 335, 3, 19, 72, 5404 }, // U+21EC
    { 13, 19, 335, 4, 19, 62, 5476 }, // U+21ED
    { 13, 19, 335, 4, 19, 62, 5538 }, // U+21EE
    { 13, 19, 335, 4, 19, 62, 5600 }, // U+21EF
    { 20, 14, 335, 1, 15, 70, 5662 }, // U+21F0
    { 19, 19, 335, 1, 19, 91, 5732 }, // U+21F1
    { 19, 19, 335, 1, 19, 91, 5823 }, // U+21F2
    { 13, 20, 335, 4, 19, 65, 5914 }, // U+21F3
    { 19, 12, 335, 1, 14, 57, 5979 }, // U+21F4
    { 19, 18, 335, 1, 18, 86, 6036 }, // U+21F5
    { 19, 26, 335, 1, 21, 124, 6122 }, // U+21F6
    { 19, 12, 335, 1, 14, 57, 6246 }, // U+21F7
    { 19, 12, 335, 1, 14, 57, 6303 }, // U+21F8
    { 19, 12, 335, 1, 14, 57, 6360 }, // U+21F9
    { 19, 12, 335, 1, 14, 57, 6417 }, // U+21FA
    { 19, 12, 335, 1, 14, 57, 6474 }, // U+21FB
    { 19, 12, 335, 1, 14, 57, 6531 }, // U+21FC
    { 20, 12, 335, 0, 14, 60, 6588 }, // U+21FD
    { 20, 12, 335, 1, 14, 60, 6648 }, // U+21FE
    { 21, 12, 335, 0, 14, 63, 6708 }, // U+21FF
    { 17, 19, 274, 0, 19, 81, 0 }, // U+2200
    { 13, 20, 254, 1, 19, 65, 81 }, // U+2201
    { 11, 18, 207, 1, 17, 50, 146 }, // U+2202
    { 13, 19, 253, 2, 19, 62, 196 }, // U+2203
    { 13, 22, 253, 2, 20, 72, 258 }, // U+2204
    { 19, 19, 348, 1, 18, 91, 330 }, // U+2205
    { 18, 18, 268, -1, 18, 81, 421 }, // U+2206
    { 18, 18, 268, -1, 18, 81, 502 }, // U+2207
    { 18, 19, 348, 2, 18, 86, 583 }, // U+2208
    { 18, 25, 348, 2, 21, 113, 669 }, // U+2209
    { 14, 13, 287, 2, 14, 46, 782 }, // U+220A
    { 18, 19, 348, 2, 18, 86, 828 }, // U+220B
    { 18, 25, 348, 2, 21, 113, 914 }, // U+220C
    { 14, 13, 287, 2, 14, 46, 1027 }, // U+220D
    { 10, 12, 254, 3, 12, 30, 1073 }, // U+220E
    { 16, 23, 303, 1, 18, 92, 1103 }, // U+220F
    { 16, 23, 303, 1, 18, 92, 1195 }, // U+2210
    { 17, 23, 270, 0, 18, 98, 1287 }, // U+2211
    { 17, 2, 335, 2, 9, 9, 1385 }, // U+2212
    { 17, 16, 335, 2, 16, 68, 1394 }, // U+2213
    { 17, 19, 335, 2, 19, 81, 1462 }, // U+2214
    { 9, 21, 135, 0, 18, 48, 1543 }, // U+2215
    { 10, 21, 255, 4, 19, 53, 1591 }, // U+2216
    { 15, 16, 335, 3, 16, 60, 1644 }, // U+2217
    { 9, 8, 250, 3, 11, 18, 1704 }, // U+2218
    { 8, 7, 250, 4, 12, 14, 1722 }, // U+2219
    { 16, 21, 255, 0, 20, 84, 1736 }, // U+221A
    { 16, 24, 255, 0, 23, 96, 1820 }, // U+221B
    { 16, 24, 255, 0, 23, 96, 1916 }, // U+221C
    { 14, 11, 286, 2, 13, 39, 2012 }, // U+221D
    { 17, 11, 333, 2, 13, 47, 2051 }, // U+221E
    { 15, 15, 335, 3, 17, 57, 2098 }, // U+221F
    { 18, 19, 359, 2, 19, 86, 2155 }, // U+2220
    { 18, 19, 359, 2, 18, 86, 2241 }, // U+2221
    { 17, 18, 335, 2, 18, 77, 2327 }, // U+2222
    { 3, 26, 200, 5, 20, 20, 2404 }, // U+2223
    { 11, 24, 200, 1, 19, 66, 2424 }, // U+2224
    { 7, 26, 200, 3, 20, 46, 2490 }, // U+2225
    { 11, 24, 200, 1, 19, 66, 2536 }, // U+2226
    { 13, 15, 293, 3, 15, 49, 2602 }, // U+2227
    { 13, 15, 293, 3, 15, 49, 2651 }, // U+2228
    { 13, 15, 293, 3, 15, 49, 2700 }, // U+2229
    { 13, 15, 293, 3, 15, 49, 2749 }, // U+222A
    { 11, 25, 208, 1, 19, 69, 2798 }, // U+222B
    { 18, 25, 316, 1, 19, 113, 2867 }, // U+222C
    { 24, 25, 423, 1, 19, 150, 2980 }, // U+222D
    { 11, 25, 208, 1, 19, 69, 3130 }, // U+222E
    { 18, 25, 316, 1, 19, 113, 3199 }, // U+222F
    { 24, 25, 423, 1, 19, 150, 3312 }, // U+2230
    { 13, 25, 208, 1, 19, 82, 3462 }, // U+2231
    { 12, 25, 208, 1, 19, 75, 3544 }, // U+2232
    { 12, 25, 208, 1, 19, 75, 3619 }, // U+2233
    { 14, 13, 254, 1, 15, 46, 3694 }, // U+2234
    { 14, 13, 254, 1, 15, 46, 3740 }, // U+2235
    { 4, 13, 104, 1, 15, 13, 3786 }, // U+2236
    { 14, 13, 254, 1, 15, 46, 3799 }, // U+2237
    { 17, 7, 335, 2, 14, 30, 3845 }, // U+2238
    { 17, 13, 335, 2, 14, 56, 3875 }, // U+2239
    { 17, 12, 335, 2, 14, 51, 3931 }, // U+223A
    { 17, 12, 335, 2, 14, 51, 3982 }, // U+223B
    { 17, 5, 335, 2, 10, 22, 4033 }, // U+223C
    { 17, 5, 335, 2, 10, 22, 4055 }, // U+223D
    { 18, 9, 335, 1, 12, 41, 4077 }, // U+223E
    { 17, 14, 335, 2, 15, 60, 4118 }, // U+223F
    { 5, 16, 150, 2, 16, 20, 4178 }, // U+2240
    { 17, 13, 335, 2, 14, 56, 4198 }, // U+2241
    { 17, 9, 335, 2, 12, 39, 4254 }, // U+2242
    { 17, 9, 335, 2, 13, 39, 4293 }, // U+2243
    { 17, 15, 335, 2, 16, 64, 4332 }, // U+2244
    { 17, 13, 335, 2, 15, 56, 4396 }, // U+2245
    { 17, 15, 335, 2, 15, 64, 4452 }, // U+2246
    { 17, 18, 335, 2, 17, 77, 4516 }, // U+2247
    { 17, 10, 335, 2, 13, 43, 4593 }, // U+2248
    { 17, 16, 335, 2, 16, 68, 4636 }, // U+2249
    { 17, 13, 335, 2, 15, 56, 4704 }, // U+224A
    { 17, 15, 335, 2, 16, 64, 4760 }, // U+224B
    { 17, 13, 335, 2, 15, 56, 4824 }, // U+224C
    { 17, 12, 335, 2, 14, 51, 4880 }, // U+224D
    { 17, 16, 335, 2, 16, 68, 4931 }, // U+224E
    { 17, 12, 335, 2, 16, 51, 4999 }, // U+224F
    { 17, 11, 335, 2, 15, 47, 5050 }, // U+2250
    { 17, 15, 335, 2, 15, 64, 5097 }, // U+2251
    { 17, 15, 336, 2, 15, 64, 5161 }, // U+2252
    { 17, 15, 336, 2, 15, 64, 5225 }, // U+2253
    { 21, 8, 400, 2, 12, 42, 5289 }, // U+2254
    { 21, 8, 400, 2, 12, 42, 5331 }, // U+2255
    { 17, 8, 335, 2, 12, 34, 5373 }, // U+2256
    { 17, 15, 335, 2, 19, 64, 5407 }, // U+2257
    { 17, 13, 335, 2, 17, 56, 5471 }, // U+2258
    { 17, 17, 335, 2, 21, 73, 5527 }, // U+2259
    { 17, 17, 335, 2, 21, 73, 5600 }, // U+225A
    { 17, 18, 335, 2, 22, 77, 5673 }, // U+225B
    { 17, 18, 335, 2, 22, 77, 5750 }, // U+225C
    { 17, 16, 335, 2, 20, 68, 5827 }, // U+225D
    { 17, 15, 335, 2, 19, 64, 5895 }, // U+225E
    { 17, 18, 335, 2, 22, 77, 5959 }, // U+225F
    { 17, 15, 335, 2, 15, 64, 6036 }, // U+2260
    { 17, 10, 335, 2, 12, 43, 6100 }, // U+2261
    { 17, 18, 335, 2, 17, 77, 6143 }, // U+2262
    { 17, 14, 335, 2, 14, 60, 6220 }, // U+2263
    { 17, 15, 335, 2, 15, 64, 6280 }, // U+2264
    { 17, 15, 335, 2, 15, 64, 6344 }, // U+2265
    { 17, 19, 335, 2, 16, 81, 6408 }, // U+2266
    { 17, 19, 335, 2, 16, 81, 6489 }, // U+2267
    { 17, 21, 335, 2, 16, 90, 6570 }, // U+2268
    { 17, 21, 335, 2, 16, 90, 6660 }, // U+2269
    { 24, 16, 419, 1, 16, 96, 6750 }, // U+226A
    { 24, 16, 419, 1, 16, 96, 6846 }, // U+226B
    { 8, 23, 186, 2, 19, 46, 6942 }, // U+226C
    { 17, 16, 335, 2, 16, 68, 6988 }, // U+226D
    { 17, 17, 335, 2, 17, 73, 7056 }, // U+226E
    { 17, 18, 335, 2, 16, 77, 7129 }, // U+226F
    { 17, 20, 335, 2, 17, 85, 7206 }, // U+2270
    { 17, 20, 335, 2, 17, 85, 7291 }, // U+2271
    { 17, 17, 335, 2, 15, 73, 7376 }, // U+2272
    { 17, 16, 335, 2, 15, 68, 7449 }, // U+2273
    { 17, 20, 335, 2, 17, 85, 7517 }, // U+2274
    { 17, 20, 335, 2, 17, 85, 7602 }, // U+2275
    { 17, 21, 335, 2, 18, 90, 7687 }, // U+2276
    { 17, 21, 335, 2, 18, 90, 7777 }, // U+2277
    { 17, 25, 335, 2, 20, 107, 7867 }, // U+2278
    { 17, 25, 335, 2, 20, 107, 7974 }, // U+2279
    { 17, 18, 335, 2, 17, 77, 8081 }, // U+227A
    { 17, 18, 335, 2, 17, 77, 8158 }, // U+227B
    { 17, 20, 335, 2, 17, 85, 8235 }, // U+227C
    { 17, 20, 335, 2, 17, 85, 8320 }, // U+227D
    { 17, 20, 335, 2, 17, 85, 8405 }, // U+227E
    { 17, 20, 335, 2, 17, 85, 8490 }, // U+227F
    { 17, 22, 335, 2, 20, 94, 8575 }, // U+2280
    { 17, 22, 335, 2, 18, 94, 8669 }, // U+2281
    { 17, 13, 335, 2, 14, 56, 8763 }, // U+2282
    { 17, 13, 335, 2, 14, 56, 8819 }, // U+2283
    { 17, 22, 335, 2, 19, 94, 8875 }, // U+2284
    { 17, 22, 335, 2, 19, 94, 8969 }, // U+2285
    { 17, 16, 335, 2, 16, 68, 9063 }, // U+2286
    { 17, 16, 335, 2, 16, 68, 9131 }, // U+2287
    { 17, 22, 335, 2, 19, 94, 9199 }, // U+2288
    { 17, 22, 335, 2, 19, 94, 9293 }, // U+2289
    { 17, 18, 335, 2, 16, 77, 9387 }, // U+228A
    { 17, 18, 335, 2, 16, 77, 9464 }, // U+228B
    { 13, 15, 293, 3, 15, 49, 9541 }, // U+228C
    { 13, 15, 293, 3, 15, 49, 9590 }, // U+228D
    { 13, 15, 293, 3, 15, 49, 9639 }, // U+228E
    { 17, 14, 335, 2, 14, 60, 9688 }, // U+228F
    { 17, 14, 335, 2, 14, 60, 9748 }, // U+2290
    { 17, 19, 335, 2, 16, 81, 9808 }, // U+2291
    { 17, 19, 335, 2, 16, 81, 9889 }, // U+2292
    { 15, 16, 312, 2, 16, 60, 9970 }, // U+2293
    { 15, 16, 312, 2, 16, 60, 10030 }, // U+2294
    { 17, 18, 335, 2, 17, 77, 10090 }, // U+2295
    { 17, 18, 335, 2, 17, 77, 10167 }, // U+2296
    { 17, 18, 335, 2, 17, 77, 10244 }, // U+2297
    { 17, 18, 335, 2, 17, 77, 10321 }, // U+2298
    { 17, 18, 335, 2, 17, 77, 10398 }, // U+2299
    { 17, 18, 335, 2, 17, 77, 10475 }, // U+229A
    { 17, 18, 335, 2, 17, 77, 10552 }, // U+229B
    { 17, 18, 335, 2, 17, 77, 10629 }, // U+229C
    { 17, 18, 335, 2, 17, 77, 10706 }, // U+229D
    { 17, 18, 335, 2, 17, 77, 10783 }, // U+229E
    { 17, 18, 335, 2, 17, 77, 10860 }, // U+229F
    { 17, 18, 335, 2, 17, 77, 10937 }, // U+22A0
    { 17, 18, 335, 2, 17, 77, 11014 }, // U+22A1
    { 18, 18, 348, 2, 18, 81, 11091 }, // U+22A2
    { 18, 18, 348, 2, 18, 81, 11172 }, // U+22A3
    { 18, 18, 348, 2, 18, 81, 11253 }, // U+22A4
    { 18, 18, 348, 2, 18, 81, 11334 }, // U+22A5
    { 9, 18, 208, 2, 18, 41, 11415 }, // U+22A6
    { 9, 18, 208, 2, 18, 41, 11456 }, // U+22A7
    { 18, 18, 348, 2, 18, 81, 11497 }, // U+22A8
    { 18, 18, 348, 2, 18, 81, 11578 }, // U+22A9
    { 18, 18, 348, 2, 18, 81, 11659 }, // U+22AA
    { 18, 18, 348, 2, 18, 81, 11740 }, // U+22AB
    { 18, 20, 348, 2, 19, 90, 11821 }, // U+22AC
    { 18, 20, 348, 2, 19, 90, 11911 }, // U+22AD
    { 18, 20, 348, 2, 19, 90, 12001 }, // U+22AE
    { 18, 20, 348, 2, 19, 90, 12091 }, // U+22AF
    { 17, 19, 335, 2, 17, 81, 12181 }, // U+22B0
    { 17, 19, 335, 2, 17, 81, 12262 }, // U+22B1
    { 17, 16, 335, 2, 16, 68, 12343 }, // U+22B2
    { 17, 16, 335, 2, 16, 68, 12411 }, // U+22B3
    { 17, 19, 335, 2, 17, 81, 12479 }, // U+22B4
    { 17, 19, 335, 2, 17, 81, 12560 }, // U+22B5
    { 23, 8, 400, 1, 12, 46, 12641 }, // U+22B6
    { 23, 8, 400, 1, 12, 46, 12687 }, // U+22B7
    { 19, 8, 335, 1, 12, 38, 12733 }, // U+22B8
    { 19, 19, 335, 1, 17, 91, 12771 }, // U+22B9
    { 9, 18, 208, 2, 18, 41, 12862 }, // U+22BA
    { 14, 19, 293, 2, 19, 67, 12903 }, // U+22BB
    { 14, 19, 293, 2, 19, 67, 12970 }, // U+22BC
    { 14, 19, 293, 2, 19, 67, 13037 }, // U+22BD
    { 15, 15, 335, 3, 15, 57, 13104 }, // U+22BE
    { 15, 15, 335, 3, 15, 57, 13161 }, // U+22BF
    { 22, 23, 328, -1, 18, 127, 13218 }, // U+22C0
    { 22, 23, 328, -1, 18, 127, 13345 }, // U+22C1
    { 18, 23, 328, 1, 18, 104, 13472 }, // U+22C2
    { 18, 23, 328, 1, 18, 104, 13576 }, // U+22C3
    { 14, 14, 250, 1, 15, 49, 13680 }, // U+22C4
    { 4, 3, 127, 2, 10, 3, 13729 }, // U+22C5
    { 10, 10, 250, 3, 13, 25, 13732 }, // U+22C6
    { 17, 16, 335, 2, 16, 68, 13757 }, // U+22C7
    { 21, 18, 400, 2, 17, 95, 13825 }, // U+22C8
    { 21, 18, 400, 2, 17, 95, 13920 }, // U+22C9
    { 21, 18, 400, 2, 17, 95, 14015 }, // U+22CA
    { 21, 18, 400, 2, 17, 95, 14110 }, // U+22CB
    { 21, 18, 400, 2, 17, 95, 14205 }, // U+22CC
    { 17, 9, 335, 2, 13, 39, 14300 }, // U+22CD
    { 17, 15, 293, 1, 15, 64, 14339 }, // U+22CE
    { 17, 15, 293, 1, 15, 64, 14403 }, // U+22CF
    { 17, 17, 335, 2, 16, 73, 14467 }, // U+22D0
    { 17, 17, 335, 2, 16, 73, 14540 }, // U+22D1
    { 17, 17, 335, 2, 17, 73, 14613 }, // U+22D2
    { 17, 18, 335, 2, 17, 77, 14686 }, // U+22D3
    { 13, 19, 335, 4, 19, 62, 14763 }, // U+22D4
    { 17, 22, 335, 2, 19, 94, 14825 }, // U+22D5
    { 17, 14, 335, 2, 15, 60, 14919 }, // U+22D6
    { 17, 14, 335, 2, 15, 60, 14979 }, // U+22D7
    { 33, 16, 569, 1, 16, 132, 15039 }, // U+22D8
    { 33, 16, 569, 1, 16, 132, 15171 }, // U+22D9
    { 17, 28, 335, 2, 22, 119, 15303 }, // U+22DA
    { 17, 28, 335, 2, 22, 119, 15422 }, // U+22DB
    { 17, 15, 335, 2, 15, 64, 15541 }, // U+22DC
    { 17, 15, 335, 2, 15, 64, 15605 }, // U+22DD
    { 17, 20, 335, 2, 17, 85, 15669 }, // U+22DE
    { 17, 20, 335, 2, 17, 85, 15754 }, // U+22DF
    { 17, 25, 335, 2, 20, 107, 15839 }, // U+22E0
    { 17, 25, 335, 2, 20, 107, 15946 }, // U+22E1
    { 17, 24, 335, 2, 20, 102, 16053 }, // U+22E2
    { 17, 24, 335, 2, 20, 102, 16155 }, // U+22E3
    { 17, 19, 335, 2, 16, 81, 16257 }, // U+22E4
    { 17, 19, 335, 2, 16, 81, 16338 }, // U+22E5
    { 17, 19, 335, 2, 15, 81, 16419 }, // U+22E6
    { 17, 19, 335, 2, 15, 81, 16500 }, // U+22E7
    { 17, 22, 335, 2, 17, 94, 16581 }, // U+22E8
    { 17, 22, 335, 2, 17, 94, 16675 }, // U+22E9
    { 17, 23, 335, 2, 19, 98, 16769 }, // U+22EA
    { 17, 23, 335, 2, 19, 98, 16867 }, // U+22EB
    { 17, 26, 335, 2, 21, 111, 16965 }, // U+22EC
    { 17, 26, 335, 2, 21, 111, 17076 }, // U+22ED
    { 3, 20, 400, 11, 18, 15, 17187 }, // U+22EE
    { 21, 3, 400, 2, 9, 16, 17202 }, // U+22EF
    { 21, 20, 400, 2, 18, 105, 17218 }, // U+22F0
    { 21, 20, 400, 2, 18, 105, 17323 }, // U+22F1
    { 23, 19, 400, 1, 18, 110, 17428 }, // U+22F2
    { 18, 19, 348, 2, 18, 86, 17538 }, // U+22F3
    { 14, 13, 287, 2, 14, 46, 17624 }, // U+22F4
    { 18, 24, 348, 2, 23, 108, 17670 }, // U+22F5
    { 18, 23, 348, 2, 22, 104, 17778 }, // U+22F6
    { 14, 17, 287, 2, 18, 60, 17882 }, // U+22F7
    { 18, 22, 348, 2, 18, 99, 17942 }, // U+22F8
    { 18, 19, 348, 2, 18, 86, 18041 }, // U+22F9
    { 23, 19, 400, 1, 18, 110, 18127 }, // U+22FA
    { 18, 19, 348, 2, 18, 86, 18237 }, // U+22FB
    { 14, 13, 287, 2, 14, 46, 18323 }, // U+22FC
    { 18, 23, 348, 2, 22, 104, 18369 }, // U+22FD
    { 14, 17, 287, 2, 18, 60, 18473 }, // U+22FE
    { 18, 18, 348, 2, 18, 81, 18533 }, // U+22FF
    { 18, 19, 276, 0, 19, 86, 0 }, // U+FB00
    { 14, 19, 252, 0, 19, 67, 86 }, // U+FB01
    { 14, 19, 252, 0, 19, 67, 153 }, // U+FB02
    { 22, 19, 387, 0, 19, 105, 220 }, // U+FB03
    { 22, 19, 387, 0, 19, 105, 325 }, // U+FB04
    { 17, 19, 274, 0, 19, 81, 430 }, // U+FB05
    { 20, 20, 344, 1, 19, 100, 511 }, // U+FB06
    { 26, 26, 410, 0, 23, 169, 0 }, // U+FFFD
};

static const EpdUnicodeInterval dejavu_sans_12_regularIntervals[] = {
    { 0x20, 0x7E, 0x0 },
    { 0xA0, 0xFF, 0x5F },
    { 0x100, 0x17F, 0xBF },
    { 0x1A0, 0x1A1, 0x13F },
    { 0x1AF, 0x1B0, 0x141 },
    { 0x1C4, 0x21F, 0x143 },
    { 0x300, 0x34F, 0x19F },
    { 0x351, 0x353, 0x1EF },
    { 0x357, 0x358, 0x1F2 },
    { 0x35A, 0x35A, 0x1F4 },
    { 0x35C, 0x362, 0x1F5 },
    { 0x400, 0x4FF, 0x1FC },
    { 0x1EA0, 0x1EF9, 0x2FC },
    { 0x2000, 0x2064, 0x356 },
    { 0x206A, 0x206F, 0x3BB },
    { 0x2070, 0x2071, 0x3C1 },
    { 0x2074, 0x208E, 0x3C3 },
    { 0x2090, 0x209C, 0x3DE },
    { 0x20A0, 0x20B5, 0x3EB },
    { 0x20B8, 0x20BA, 0x401 },
    { 0x20BD, 0x20BD, 0x404 },
    { 0x2190, 0x21FF, 0x405 },
    { 0x2200, 0x22FF, 0x475 },
    { 0xFB00, 0xFB06, 0x575 },
    { 0xFFFD, 0xFFFD, 0x57C },
};

static const EpdFontGroup dejavu_sans_12_regularGroups[] = {
    { 0, 2332, 5595, 95, 0 },
    { 2332, 2076, 6815, 96, 95 },
    { 4408, 2549, 10244, 128, 191 },
    { 6957, 2570, 9131, 96, 319 },
    { 9527, 739, 1303, 93, 415 },
    { 10266, 6736, 21510, 256, 508 },
    { 17002, 1518, 8843, 90, 764 },
    { 18520, 1289, 2950, 107, 854 },
    { 19809, 452, 992, 42, 961 },
    { 20261, 1338, 2416, 26, 1003 },
    { 21599, 2890, 7222, 112, 1029 },
    { 24489, 7246, 21251, 256, 1141 },
    { 31735, 212, 670, 7, 1397 },
    { 31947, 123, 182, 1, 1404 },
};

static const EpdKernClassEntry dejavu_sans_12_regularKernLeftClasses[] = {
    { 0x002D, 1 }, // -
    { 0x0041, 2 }, // A
    { 0x0042, 3 }, // B
    { 0x0043, 4 }, // C
    { 0x0044, 5 }, // D
    { 0x0046, 6 }, // F
    { 0x0047, 7 }, // G
    { 0x0048, 8 }, // H
    { 0x004A, 9 }, // J
    { 0x004B, 10 }, // K
    { 0x004C, 11 }, // L
    { 0x004F, 12 }, // O
    { 0x0050, 13 }, // P
    { 0x0051, 14 }, // Q
    { 0x0052, 15 }, // R
    { 0x0053, 16 }, // S
    { 0x0054, 17 }, // T
    { 0x0055, 18 }, // U
    { 0x0056, 19 }, // V
    { 0x0057, 20 }, // W
    { 0x0058, 21 }, // X
    { 0x0059, 22 }, // Y
    { 0x005A, 23 }, // Z
    { 0x0065, 24 }, // e
    { 0x0066, 25 }, // f
    { 0x006B, 26 }, // k
    { 0x006E, 27 }, // n
    { 0x006F, 28 }, // o
    { 0x0072, 29 }, // r
    { 0x0076, 30 }, // v
    { 0x0077, 31 }, // w
    { 0x0078, 32 }, // x
    { 0x0079, 33 }, // y
    { 0x00AB, 34 }, // U+00AB
    { 0x00BB, 35 }, // U+00BB
    { 0x00C0, 36 }, // U+00C0
    { 0x00C1, 36 }, // U+00C1
    { 0x00C2, 36 }, // U+00C2
    { 0x00C3, 36 }, // U+00C3
    { 0x00C4, 36 }, // U+00C4
    { 0x00C6, 37 }, // U+00C6
    { 0x00C7, 38 }, // U+00C7
    { 0x00D0, 5 }, // U+00D0
    { 0x00D2, 12 }, // U+00D2
    { 0x00D3, 12 }, // U+00D3
    { 0x00D4, 12 }, // U+00D4
    { 0x00D5, 12 }, // U+00D5
    { 0x00D6, 12 }, // U+00D6
    { 0x00D9, 18 }, // U+00D9
    { 0x00DA, 18 }, // U+00DA
    { 0x00DB, 18 }, // U+00DB
    { 0x00DC, 18 }, // U+00DC
    { 0x00DD, 22 }, // U+00DD
    { 0x00DE, 39 }, // U+00DE
    { 0x00DF, 40 }, // U+00DF
    { 0x00E8, 24 }, // U+00E8
    { 0x00E9, 24 }, // U+00E9
    { 0x00EA, 24 }, // U+00EA
    { 0x00EB, 24 }, // U+00EB
    { 0x00F0, 41 }, // U+00F0
    { 0x00F1, 27 }, // U+00F1
    { 0x00F2, 28 }, // U+00F2
    { 0x00F3, 28 }, // U+00F3
    { 0x00F4, 28 }, // U+00F4
    { 0x00F5, 28 }, // U+00F5
    { 0x00F6, 28 }, // U+00F6
    { 0x00FD, 33 }, // U+00FD
    { 0x00FF, 33 }, // U+00FF
    { 0x0100, 42 }, // U+0100
    { 0x0102, 42 }, // U+0102
    { 0x0104, 43 }, // U+0104
    { 0x0106, 38 }, // U+0106
    { 0x010C, 38 }, // U+010C
    { 0x010E, 5 }, // U+010E
    { 0x0110, 44 }, // U+0110
    { 0x011B, 24 }, // U+011B
    { 0x011E, 7 }, // U+011E
    { 0x0139, 11 }, // U+0139
    { 0x013D, 11 }, // U+013D
    { 0x0140, 45 }, // U+0140
    { 0x0148, 27 }, // U+0148
    { 0x0154, 15 }, // U+0154
    { 0x0155, 29 }, // U+0155
    { 0x0158, 15 }, // U+0158
    { 0x0159, 46 }, // U+0159
    { 0x015E, 16 }, // U+015E
    { 0x0160, 16 }, // U+0160
    { 0x0164, 47 }, // U+0164
    { 0x016E, 18 }, // U+016E
    { 0x0178, 22 }, // U+0178
    { 0x017D, 23 }, // U+017D
    { 0x2010, 48 }, // U+2010
    { 0x201C, 49 }, // U+201C
    { 0x201E, 50 }, // U+201E
};

static const EpdKernClassEntry dejavu_sans_12_regularKernRightClasses[] = {
    { 0x002D, 1 }, // -
    { 0x002E, 2 }, // .
    { 0x003A, 3 }, // :
    { 0x0041, 4 }, // A
    { 0x0042, 5 }, // B
    { 0x0043, 6 }, // C
    { 0x0044, 7 }, // D
    { 0x0046, 8 }, // F
    { 0x0047, 9 }, // G
    { 0x0048, 8 }, // H
    { 0x004A, 10 }, // J
    { 0x004B, 8 }, // K
    { 0x004C, 8 }, // L
    { 0x004F, 11 }, // O
    { 0x0050, 8 }, // P
    { 0x0051, 12 }, // Q
    { 0x0052, 8 }, // R
    { 0x0053, 13 }, // S
    { 0x0054, 14 }, // T
    { 0x0055, 15 }, // U
    { 0x0056, 16 }, // V
    { 0x0057, 17 }, // W
    { 0x0058, 18 }, // X
    { 0x0059, 19 }, // Y
    { 0x005A, 20 }, // Z
    { 0x0061, 21 }, // a
    { 0x0063, 22 }, // c
    { 0x0064, 23 }, // d
    { 0x0065, 24 }, // e
    { 0x0066, 25 }, // f
    { 0x0067, 26 }, // g
    { 0x0068, 26 }, // h
    { 0x0069, 27 }, // i
    { 0x006C, 28 }, // l
    { 0x006D, 26 }, // m
    { 0x006E, 29 }, // n
    { 0x006F, 30 }, // o
    { 0x0071, 23 }, // q
    { 0x0072, 31 }, // r
    { 0x0073, 32 }, // s
    { 0x0074, 33 }, // t
    { 0x0075, 34 }, // u
    { 0x0076, 35 }, // v
    { 0x0077, 36 }, // w
    { 0x0078, 37 }, // x
    { 0x0079, 38 }, // y
    { 0x00AB, 39 }, // U+00AB
    { 0x00BB, 40 }, // U+00BB
    { 0x00C0, 4 }, // U+00C0
    { 0x00C1, 4 }, // U+00C1
    { 0x00C2, 4 }, // U+00C2
    { 0x00C3, 4 }, // U+00C3
    { 0x00C4, 4 }, // U+00C4
    { 0x00C6, 41 }, // U+00C6
    { 0x00C7, 42 }, // U+00C7
    { 0x00D2, 11 }, // U+00D2
    { 0x00D3, 11 }, // U+00D3
    { 0x00D4, 11 }, // U+00D4
    { 0x00D5, 11 }, // U+00D5
    { 0x00D6, 11 }, // U+00D6
    { 0x00D9, 15 }, // U+00D9
    { 0x00DA, 15 }, // U+00DA
    { 0x00DB, 15 }, // U+00DB
    { 0x00DC, 15 }, // U+00DC
    { 0x00DD, 19 }, // U+00DD
    { 0x00DE, 8 }, // U+00DE
    { 0x00DF, 8 }, // U+00DF
    { 0x00E0, 43 }, // U+00E0
    { 0x00E1, 21 }, // U+00E1
    { 0x00E2, 43 }, // U+00E2
    { 0x00E3, 43 }, // U+00E3
    { 0x00E4, 43 }, // U+00E4
    { 0x00E5, 43 }, // U+00E5
    { 0x00E7, 22 }, // U+00E7
    { 0x00E8, 44 }, // U+00E8
    { 0x00E9, 24 }, // U+00E9
    { 0x00EA, 44 }, // U+00EA
    { 0x00EB, 44 }, // U+00EB
    { 0x00F0, 45 }, // U+00F0
    { 0x00F1, 29 }, // U+00F1
    { 0x00F2, 46 }, // U+00F2
    { 0x00F3, 30 }, // U+00F3
    { 0x00F4, 46 }, // U+00F4
    { 0x00F5, 46 }, // U+00F5
    { 0x00F6, 46 }, // U+00F6
    { 0x00F9, 47 }, // U+00F9
    { 0x00FA, 34 }, // U+00FA
    { 0x00FB, 47 }, // U+00FB
    { 0x00FC, 47 }, // U+00FC
    { 0x00FD, 38 }, // U+00FD
    { 0x00FF, 38 }, // U+00FF
    { 0x0100, 48 }, // U+0100
    { 0x0101, 49 }, // U+0101
    { 0x0102, 48 }, // U+0102
    { 0x0103, 49 }, // U+0103
    { 0x0104, 48 }, // U+0104
    { 0x0105, 49 }, // U+0105
    { 0x0106, 6 }, // U+0106
    { 0x0107, 50 }, // U+0107
    { 0x0108, 51 }, // U+0108
    { 0x0109, 52 }, // U+0109
    { 0x010A, 51 }, // U+010A
    { 0x010B, 53 }, // U+010B
    { 0x010C, 6 }, // U+010C
    { 0x010D, 50 }, // U+010D
    { 0x010E, 7 }, // U+010E
    { 0x010F, 54 }, // U+010F
    { 0x0111, 55 }, // U+0111
    { 0x0113, 56 }, // U+0113
    { 0x0115, 56 }, // U+0115
    { 0x0117, 56 }, // U+0117
    { 0x0119, 56 }, // U+0119
    { 0x011B, 24 }, // U+011B
    { 0x011C, 51 }, // U+011C
    { 0x011E, 57 }, // U+011E
    { 0x011F, 26 }, // U+011F
    { 0x0120, 51 }, // U+0120
    { 0x0122, 58 }, // U+0122
    { 0x012F, 59 }, // U+012F
    { 0x0133, 59 }, // U+0133
    { 0x0139, 8 }, // U+0139
    { 0x013D, 8 }, // U+013D
    { 0x0148, 29 }, // U+0148
    { 0x014C, 51 }, // U+014C
    { 0x014D, 60 }, // U+014D
    { 0x014E, 51 }, // U+014E
    { 0x014F, 60 }, // U+014F
    { 0x0150, 61 }, // U+0150
    { 0x0151, 60 }, // U+0151
    { 0x0154, 8 }, // U+0154
    { 0x0155, 31 }, // U+0155
    { 0x0157, 59 }, // U+0157
    { 0x0158, 8 }, // U+0158
    { 0x0159, 31 }, // U+0159
    { 0x015A, 13 }, // U+015A
    { 0x015C, 13 }, // U+015C
    { 0x015E, 13 }, // U+015E
    { 0x015F, 32 }, // U+015F
    { 0x0160, 13 }, // U+0160
    { 0x0161, 32 }, // U+0161
    { 0x0162, 62 }, // U+0162
    { 0x0163, 53 }, // U+0163
    { 0x0164, 14 }, // U+0164
    { 0x0165, 33 }, // U+0165
    { 0x0166, 63 }, // U+0166
    { 0x0169, 64 }, // U+0169
    { 0x016B, 64 }, // U+016B
    { 0x016D, 64 }, // U+016D
    { 0x016E, 15 }, // U+016E
    { 0x016F, 34 }, // U+016F
    { 0x0171, 64 }, // U+0171
    { 0x0173, 64 }, // U+0173
    { 0x0174, 65 }, // U+0174
    { 0x0175, 66 }, // U+0175
    { 0x0176, 67 }, // U+0176
    { 0x0177, 68 }, // U+0177
    { 0x0178, 19 }, // U+0178
    { 0x017D, 20 }, // U+017D
    { 0x01C6, 52 }, // U+01C6
    { 0x01EA, 69 }, // U+01EA
    { 0x01EB, 70 }, // U+01EB
    { 0x01EC, 69 }, // U+01EC
    { 0x01ED, 70 }, // U+01ED
    { 0x0218, 13 }, // U+0218
    { 0x021A, 71 }, // U+021A
    { 0x021B, 52 }, // U+021B
    { 0x1EF2, 67 }, // U+1EF2
    { 0x1EF3, 68 }, // U+1EF3
    { 0x201C, 72 }, // U+201C
    { 0x201D, 73 }, // U+201D
    { 0x201E, 74 }, // U+201E
};

static const int8_t dejavu_sans_12_regularKernMatrix[] = {
       0,    0,    0,  -18,  -29,    0,    0,    0,   29,   45,   22,   29,    0,  -73,    0,  -47,  -32,  -40,  -95,    0,    0,    0,    0,    0,    0,    0,    0,    0,    0,   15,    0,    0,    0,    0,  -21,    0,    0,  -14,    0,    0,    0,    0,    0,    0,    0,   15,    0,  -18,    0,    0,    0,    0,    0,    0,    0,    0,   29,    0,    0,    0,    0,    0,    0,    0,    0,    0,    0,    0,    0,    0,    0,    0,    0,    0,
     -18,  -14,  -14,   22,    0,  -14,    0,    0,  -14,    0,  -14,  -14,    0,  -62,    0,  -51,  -44,    0,  -62,    0,    0,  -14,  -14,  -14,  -29,    0,    0,    0,    0,  -14,    0,    0,  -14,    0,  -47,  -32,    0,  -54,  -29,    0,    0,  -14,    0,  -14,    0,  -14,    0,   22,    0,  -14,  -14,  -14,  -14,  -14,  -14,  -14,  -14,    0,    0,  -14,  -14,  -62,    0,    0,  -44,  -32,  -62,  -54,  -14,  -14,  -62, -103,  -99,   18,
       0,    0,    0,    0,    0,  -14,    0,    0,  -14,    0,  -14,    0,  -14,    0,    0,  -25,  -29,    0,  -44,    0,    0,    0,    0,    0,    0,    0,    0,    0,    0,    0,    0,    0,    0,    0,    0,    0,    0,    0,  -25,  -14,    0,  -14,    0,    0,    0,    0,    0,    0,    0,    0,  -14,    0,    0,    0,    0,    0,  -14,  -14,    0,    0,  -14,    0,    0,    0,  -29,    0,  -44,    0,  -14,    0,    0,  -44,  -44,  -32,
       0,    0,    0,    0,    0,    0,    0,    0,    0,    0,    0,    0,    0,    0,    0,    0,    0,    0,  -14,    0,    0,    0,    0,    0,    0,    0,    0,    0,    0,    0,    0,    0,    0,    0,    0,    0,    0,    0,  -14,  -14,    0,    0,    0,    0,    0,    0,    0,    0,    0,    0,    0,    0,    0,    0,    0,    0,    0,    0,    0,    0,    0,    0,    0,    0,    0,    0,  -14,    0,    0,    0,    0,    0,   15,    0,
       0,    0,    0,  -14,    0,    0,    0,    0,    0,    0,    0,    0,    0,    0,    0,  -14,    0,    0,  -44,    0,    0,    0,    0,    0,    0,    0,    0,    0,    0,    0,    0,    0,    0,    0,    0,    0,    0,    0,  -14,  -14,    0,    0,    0,    0,    0,    0,    0,  -14,    0,    0,    0,    0,    0,    0,    0,    0,    0,    0,    0,    0,    0,    0,    0,    0,    0,    0,  -44,    0,    0,    0,    0,  -18,  -21,  -73,
       0, -128,  -62,  -73,    0,    0,    0,    0,    0,    0,    0,    0,  -14,  -14,    0,    0,    0,    0,    0,    0,  -73,    0,    0,  -44,    0,    0,  -58,    0,    0,  -29,  -58,    0,    0,  -44,    0,    0,    0,  -73,    0,    0,    0,    0,  -73,  -44,    0,  -29,  -44,  -73,  -73,    0,    0,    0,    0,    0,    0,  -44,    0,    0,  -58,  -29,    0,  -14,  -14,  -44,    0,    0,    0,  -73,    0,  -29,  -14,  -18,    0, -128,
       0,    0,    0,    0,    0,    0,    0,    0,    0,    0,    0,    0,    0,  -29,    0,    0,    0,    0,  -40,    0,    0,    0,    0,    0,    0,    0,    0,    0,    0,    0,    0,    0,    0,    0,    0,    0,    0,    0,  -14,  -14,    0,    0,    0,    0,    0,    0,    0,    0,    0,    0,    0,    0,    0,    0,    0,    0,    0,    0,    0,    0,    0,    0,    0,    0,    0,    0,    0,    0,    0,    0,    0,  -18,  -18,  -21,
       0,  -14,    0,    0,    0,    0,    0,    0,    0,    0,    0,    0,    0,    0,    0,    0,    0,    0,    0,    0,    0,    0,    0,    0,    0,    0,    0,    0,    0,    0,    0,    0,    0,    0,    0,    0,    0,    0,    0,    0,    0,    0,    0,    0,    0,    0,    0,    0,    0,    0,    0,    0,    0,    0,    0,    0,    0,    0,    0,    0,    0,    0,    0,    0,    0,    0,    0,    0,    0,    0,    0,  -29,  -25,  -29,
     -29,    0,    0,  -14,    0,    0,    0,    0,    0,    0,    0,    0,    0,    0,    0,    0,    0,    0,    0,    0,    0,    0,    0,    0,    0,    0,    0,    0,    0,    0,    0,    0,    0,    0,    0,    0,    0,    0,  -14,  -14,    0,    0,    0,    0,    0,    0,    0,    0,    0,    0,    0,    0,    0,    0,    0,    0,    0,    0,    0,    0,    0,    0,    0,    0,    0,    0,    0,    0,    0,    0,    0,  -29,  -25,  -44,
     -84,    0,    0,  -14,    0,  -44,    0,    0,    0,    0,  -44,    0,    0,  -62,  -21,    0,  -29,    0,  -29,    0,  -14,    0,    0,  -40,    0,    0,    0,    0,    0,  -40,    0,    0,    0,  -40,    0,    0,    0,  -58,  -51,    0,    0,  -44,  -14,  -40,    0,  -40,  -40,    0,    0,    0,    0,    0,    0,    0,    0,    0,    0,    0,    0,    0,    0,    0,    0,    0,    0,    0,    0,    0,    0,    0,    0,  -25,  -25,    0,
     -14,    0,    0,   18,    0,    0,    0,    0,    0,    0,  -29,    0,    0, -110,  -40,  -88,  -73,    0, -106,    0,    0,    0,    0,  -14,    0,    0,    0,    0,    0,  -14,    0,    0,    0,  -14,    0,    0,    0,  -73,    0,    0,    0,    0,    0,  -14,    0,  -14,  -14,    0,    0,    0,    0,    0,    0,    0,    0,    0,    0,    0,    0,    0,    0,    0,    0,    0,    0,    0,    0,    0,    0,    0,    0, -128, -128,    0,
      22,  -32,  -14,  -14,    0,    0,    0,    0,    0,    0,    0,    0,    0,    0,    0,  -14,    0,  -51,  -44,    0,    0,    0,    0,    0,    0,    0,    0,    0,    0,    0,    0,    0,    0,    0,    0,    0,    0,    0,  -14,    0,    0,    0,    0,    0,    0,    0,    0,    0,    0,    0,    0,    0,    0,    0,    0,    0,    0,    0,    0,    0,    0,    0,    0,    0,    0,    0,    0,    0,    0,    0,    0,  -18,  -14,  -73,
     -18, -125,    0,  -51,    0,    0,    0,    0,    0,    0,    0,    0,    0,    0,    0,    0,    0,    0,  -18,    0,  -36,    0,    0,  -29,    0,    0,  -18,    0,  -14,  -29,  -14,  -14,    0,  -14,    0,    0,    0,    0,  -14,    0,    0,    0,  -36,  -29,    0,  -29,  -14,    0,    0,    0,    0,    0,    0,    0,    0,    0,    0,    0,    0,    0,    0,    0,    0,    0,    0,    0,    0,    0,    0,    0,    0,   15,   15, -128,
      22,    0,    0,    0,    0,    0,    0,    0,    0,    0,    0,    0,    0,    0,    0,    0,    0,    0,    0,    0,    0,    0,    0,    0,    0,    0,    0,    0,    0,    0,    0,    0,    0,    0,    0,    0,    0,    0,    0,    0,    0,    0,    0,    0,    0,    0,    0,    0,    0,    0,    0,    0,    0,    0,    0,    0,    0,    0,    0,    0,    0,    0,    0,    0,    0,    0,    0,    0,    0,    0,    0,  -18,  -14,  -51,
     -32,  -29,  -25,  -32,    0,  -40,    0,    0,    0,    0,    0,    0,    0,  -58,    0,  -44,  -32,    0,  -51,    0,  -18,    0,    0,  -36,    0,    0,    0,    0,    0,  -36,    0,    0,    0,  -36,    0,    0,    0,  -44,  -44,  -14,    0,  -40,  -18,  -36,    0,  -36,  -36,    0,    0,    0,    0,    0,    0,    0,    0,    0,    0,    0,    0,    0,    0,    0,    0,    0,    0,    0,    0,    0,    0,    0,    0,  -58,  -51,  -14,
       0,    0,    0,   15,    0,    0,    0,    0,    0,    0,    0,    0,    0,    0,    0,    0,    0,    0,    0,    0,    0,    0,    0,    0,    0,    0,    0,    0,    0,    0,    0,    0,    0,    0,    0,    0,    0,    0,    0,    0,    0,    0,    0,    0,    0,    0,    0,    0,    0,    0,    0,    0,    0,    0,    0,    0,    0,    0,    0,    0,    0,    0,    0,    0,    0,    0,    0,    0,    0,    0,    0,    0,    0,    0,
     -73,  -95,  -88,  -62,    0,  -47,    0,    0,    0,    0,    0,    0,    0,  -14,    0,    0,    0,    0,    0,    0, -128, -128,    0, -128,    0,    0,  -25,    0,    0, -128, -118, -128,    0, -121,    0, -128,    0, -125,  -73,  -44,    0,  -47,  -93, -112,    0, -105, -110,    0,    0, -128,    0,    0,    0,    0,    0,    0,    0,    0,    0,    0,    0,    0,    0,    0,    0,    0,    0,    0,    0,    0,    0,    0,  -18, -103,
       0,    0,    0,    0,    0,    0,    0,    0,    0,    0,    0,    0,    0,    0,    0,    0,    0,    0,    0,  -14,    0,    0,    0,    0,    0,    0,    0,    0,    0,    0,    0,    0,    0,    0,    0,    0,    0,    0,    0,    0,    0,    0,    0,    0,    0,    0,    0,    0,    0,    0,    0,    0,    0,    0,    0,    0,    0,    0,    0,    0,    0,    0,    0,    0,    0,    0,    0,    0,    0,    0,    0,    0,    0,    0,
     -47, -103,  -65,  -51,    0,    0,    0,    0,    0,    0,  -14,    0,    0,    0,    0,    0,    0,    0,    0,    0,  -62,    0,    0,  -62,    0,    0,  -18,    0,    0,  -62,    0,    0,    0,  -54,    0,    0,    0,  -21,  -70,  -44,    0,    0,  -62,  -62,    0,  -62,  -54,    0,    0,    0,    0,    0,    0,    0,    0,    0,    0,    0,    0,    0,    0,    0,    0,    0,    0,    0,    0,    0,    0,    0,    0,    0,    0, -110,
     -32,  -92,  -47,  -44,    0,    0,    0,    0,    0,    0,    0,    0,    0,    0,    0,    0,    0,    0,    0,    0,  -51,    0,    0,  -47,    0,    0,  -18,    0,    0,  -47,  -36,    0,    0,  -29,    0,    0,    0,  -14,  -44,  -14,    0,    0,  -51,  -47,    0,  -47,  -29,    0,    0,    0,    0,    0,    0,    0,    0,    0,    0,    0,    0,    0,    0,    0,    0,    0,    0,    0,    0,    0,    0,    0,    0,  -14,    0, -103,
     -40,    0,    0,    0,    0,  -58,    0,    0,    0,    0,  -51,    0,    0,  -14,    0,    0,    0,    0,    0,    0,    0,    0,    0,  -36,    0,    0,    0,    0,    0,    0,    0,    0,    0,    0,    0,    0,    0,    0,  -44,    0,    0,  -58,    0,  -36,    0,    0,    0,    0,    0,    0,    0,    0,    0,    0,    0,    0,    0,    0,    0,    0,    0,    0,    0,    0,    0,    0,    0,    0,    0,    0,    0,  -62,  -32,  -18,
     -95, -128, -106,  -62,    0,  -44,    0,    0,    0,    0,  -44,    0,    0,    0,    0,    0,    0,    0,    0,    0, -110,    0,    0, -106,    0,    0,  -29,    0,    0, -106,    0,    0,    0,  -92,    0,    0,    0,    0,  -88,  -58,    0,  -44, -110, -106,    0, -106,  -92,    0,    0,    0,    0,    0,    0,    0,    0,    0,    0,    0,    0,    0,    0,    0,    0,    0,    0,    0,    0,    0,    0,    0,    0,  -44,  -14, -103,
     -14,    0,    0,    0,    0,    0,    0,    0,    0,    0,    0,    0,    0,    0,    0,    0,    0,    0,    0,    0,    0,    0,    0,    0,    0,    0,    0,    0,    0,    0,    0,    0,    0,    0,    0,    0,    0,    0,    0,    0,    0,    0,    0,    0,    0,    0,    0,    0,    0,    0,    0,    0,    0,    0,    0,    0,    0,    0,    0,    0,    0,    0,    0,    0,    0,    0,    0,    0,    0,    0,    0,  -14,  -14,  -14,
       0,    0,    0,    0,    0,    0,    0,    0,    0,    0,    0,    0,    0,    0,    0,    0,    0,    0,    0,    0,    0,    0,    0,    0,    0,    0,    0,    0,    0,    0,    0,    0,    0,    0,    0,    0,  -14,    0,    0,    0,    0,    0,    0,    0,    0,    0,    0,    0,    0,    0,    0,    0,    0,    0,    0,    0,    0,    0,    0,    0,    0,    0,    0,    0,    0,    0,    0,    0,    0,    0,    0,    0,    0,    0,
     -44,  -58,  -29,    0,    0,    0,    0,    0,    0,    0,    0,    0,    0,    0,    0,    0,    0,    0,    0,    0,    0,    0,    0,    0,    0,    0,    0,    0,    0,    0,    0,    0,  -14,    0,    0,  -14,    0,  -14,  -29,  -14,    0,    0,    0,    0,    0,    0,    0,    0,    0,    0,    0,    0,    0,    0,    0,    0,    0,    0,    0,    0,    0,    0,    0,    0,    0,    0,    0,    0,    0,    0,    0,   25,    0,  -92,
       0,    0,    0,    0,    0,    0,    0,    0,    0,    0,    0,    0,    0,    0,    0,    0,    0,    0,    0,    0,  -14,    0,    0,  -29,    0,    0,    0,    0,    0,  -29,    0,    0,    0,  -25,    0,    0,    0,  -29,    0,    0,    0,    0,  -14,  -29,    0,  -29,  -25,    0,    0,    0,    0,    0,    0,    0,    0,    0,    0,    0,    0,    0,    0,    0,    0,    0,    0,    0,    0,    0,    0,    0,    0,    0,    0,    0,
       0,    0,    0,    0,    0,    0,    0,    0,    0,    0,    0,    0,    0,    0,    0,    0,    0,    0,    0,    0,    0,    0,    0,    0,    0,    0,    0,    0,    0,    0,    0,    0,    0,    0,    0,    0,    0,    0,    0,    0,    0,    0,    0,    0,    0,    0,    0,    0,    0,    0,    0,    0,    0,    0,    0,    0,    0,    0,    0,    0,    0,    0,    0,    0,    0,    0,    0,    0,    0,    0,    0,  -58,  -44,  -36,
      15,  -14,    0,    0,    0,    0,    0,    0,    0,    0,    0,    0,    0,    0,    0,    0,    0,    0,    0,    0,    0,    0,    0,    0,    0,    0,    0,    0,    0,    0,    0,    0,    0,    0,    0,    0,  -25,    0,    0,    0,    0,    0,    0,    0,    0,    0,    0,    0,    0,    0,    0,    0,    0,    0,    0,    0,    0,    0,    0,    0,    0,    0,    0,    0,    0,    0,    0,    0,    0,    0,    0,  -58,  -29,  -51,
     -51,  -73,  -14,    0,    0,    0,    0,    0,    0,    0,    0,    0,    0,    0,    0,    0,    0,    0,    0,    0,    0,  -18,  -14,  -18,    0,  -14,    0,    0,  -14,  -18,  -14,    0,    0,    0,    0,    0,  -21,    0,  -29,    0,    0,    0,    0,  -18,    0,  -18,    0,    0,    0,  -18,    0,    0,    0,   28,    0,    0,    0,    0,    0,    0,    0,    0,    0,    0,    0,    0,    0,    0,    0,    0,    0,    0,   34, -121,
     -21,  -62,  -44,    0,    0,    0,    0,    0,    0,    0,    0,    0,    0,    0,    0,    0,    0,    0,    0,    0,    0,    0,    0,    0,    0,    0,    0,    0,    0,    0,    0,    0,    0,    0,    0,    0,    0,    0,  -14,  -14,    0,    0,    0,    0,    0,    0,    0,    0,    0,    0,    0,    0,    0,    0,    0,    0,    0,    0,    0,    0,    0,    0,    0,    0,    0,    0,    0,    0,    0,    0,    0,    0,  -14, -106,
       0,  -73,  -44,    0,    0,    0,    0,    0,    0,    0,    0,    0,    0,    0,    0,    0,    0,    0,    0,    0,    0,    0,    0,    0,    0,    0,    0,    0,    0,    0,    0,    0,    0,    0,    0,    0,    0,    0,  -14,  -14,    0,    0,    0,    0,    0,    0,    0,    0,    0,    0,    0,    0,    0,    0,    0,    0,    0,    0,    0,    0,    0,    0,    0,    0,    0,    0,    0,    0,    0,    0,    0,    0,    0,  -84,
       0,    0,    0,    0,    0,    0,    0,    0,    0,    0,    0,    0,    0,    0,    0,    0,    0,    0,    0,    0,    0,  -14,    0,  -25,    0,    0,    0,    0,    0,  -25,    0,    0,    0,    0,    0,    0,    0,    0,    0,    0,    0,    0,    0,  -25,    0,  -25,    0,    0,    0,  -14,    0,    0,    0,    0,    0,    0,    0,    0,    0,    0,    0,    0,    0,    0,    0,    0,    0,    0,    0,    0,    0,    0,    0,    0,
     -14, -114,  -58,    0,    0,    0,    0,    0,    0,    0,    0,    0,    0,    0,    0,    0,    0,    0,    0,    0,    0,    0,    0,    0,    0,    0,    0,    0,    0,    0,    0,    0,    0,    0,    0,    0,    0,    0,  -14,  -14,    0,    0,    0,    0,    0,    0,    0,    0,    0,    0,    0,    0,    0,    0,    0,    0,    0,    0,    0,    0,    0,    0,    0,    0,    0,    0,    0,    0,    0,    0,    0,    0,    0, -118,
       0,    0,    0,    0,  -14,  -14,  -14,    0,  -14,  -14,    0,    0,    0,  -44,    0,  -44,  -14,    0,  -58,    0,    0,    0,    0,    0,    0,    0,    0,    0,    0,    0,    0,    0,    0,    0,  -14,  -14,    0,  -14,    0,    0,   59,  -14,    0,    0,    0,    0,    0,    0,    0,    0,    0,    0,    0,    0,    0,    0,  -14,    0,    0,    0,    0,    0,    0,    0,    0,    0,    0,    0,    0,    0,    0,    0,    0,    0,
       0,    0,    0,  -29,  -29,  -14,  -14,    0,    0,  -14,  -14,    0,    0,  -73,    0,  -70,  -44,  -44,  -88,    0,    0,    0,    0,    0,    0,    0,    0,    0,    0,    0,    0,    0,    0,    0,  -14,  -14,    0,  -14,    0,    0,    0,  -14,    0,    0,    0,    0,    0,    0,    0,    0,    0,    0,    0,    0,    0,    0,    0,    0,    0,    0,    0,    0,    0,    0,    0,    0,    0,    0,    0,    0,    0,    0,    0,    0,
     -18,  -14,  -14,   22,    0,  -14,    0,    0,  -14,    0,  -14,  -14,    0,  -62,    0,  -51,  -44,    0,  -62,    0,    0,  -14,  -14,  -14,  -29,    0,    0,    0,    0,  -14,    0,    0,  -14,    0,  -47,  -32,    0,  -54,  -29,    0,    0,  -14,    0,  -14,    0,  -14,    0,   22,    0,  -14,  -14,    0,  -14,  -14,    0,  -14,  -14,    0,    0,  -14,  -14,  -62,    0,    0,  -44,  -32,  -62,  -54,    0,    0,    0, -103,  -99,   18,
       0,    0,    0,    0,    0,    0,    0,    0,    0,    0,    0,    0,    0,    0,    0,    0,    0,    0,    0,    0,    0,    0,    0,    0,    0,    0,    0,    0,    0,    0,    0,    0,    0,    0,    0,    0,    0,    0,    0,    0,    0,    0,    0,    0,    0,    0,    0,    0,    0,    0,    0,    0,    0,    0,    0,    0,    0,    0,    0,    0,    0,    0,    0,    0,    0,    0,    0,    0,    0,    0,    0,  -32,  -36,  -44,
       0,    0,    0,    0,    0,    0,    0,    0,    0,    0,    0,    0,    0,    0,    0,    0,    0,    0,  -14,    0,    0,    0,    0,    0,    0,    0,    0,    0,    0,    0,    0,    0,    0,    0,    0,    0,    0,    0,  -14,  -14,    0,    0,    0,    0,    0,    0,    0,    0,    0,    0,    0,    0,    0,    0,    0,    0,    0,    0,    0,    0,    0,    0,    0,    0,    0,    0,    0,    0,    0,    0,    0,    0,   15,    0,
       0,  -58,  -29,    0,    0,    0,    0,    0,    0,    0,    0,    0,    0,    0,    0,    0,    0,    0,    0,    0,    0,    0,    0,    0,    0,    0,    0,    0,    0,    0,    0,    0,    0,    0,    0,    0,    0,    0,    0,    0,    0,    0,    0,    0,    0,    0,    0,    0,    0,    0,    0,    0,    0,    0,    0,    0,    0,    0,    0,    0,    0,    0,    0,    0,    0,    0,    0,    0,    0,    0,    0,  -14,    0,  -73,
      15,    0,    0,    0,    0,    0,    0,    0,    0,    0,    0,    0,    0,    0,    0,    0,    0,    0,    0,    0,    0,    0,    0,    0,    0,    0,    0,    0,    0,    0,    0,    0,    0,    0,    0,    0,    0,    0,    0,    0,    0,    0,    0,    0,    0,    0,    0,    0,    0,    0,    0,    0,    0,    0,    0,    0,    0,    0,    0,    0,    0,    0,    0,    0,    0,    0,    0,    0,    0,    0,    0,  -44,  -44,  -32,
       0,    0,    0,    0,    0,    0,    0,    0,    0,    0,    0,    0,    0,    0,    0,    0,    0,    0,    0,    0,    0,    0,    0,    0,    0,    0,    0,    0,    0,    0,    0,    0,    0,    0,    0,    0,    0,    0,    0,    0,    0,    0,    0,    0,    0,    0,    0,    0,    0,    0,    0,    0,    0,    0,    0,    0,    0,    0,    0,    0,    0,    0,    0,    0,    0,    0,    0,    0,    0,    0,    0,  -36,  -44,  -29,
     -18,  -14,  -14,   22,    0,  -14,    0,    0,  -14,    0,  -14,  -14,    0,  -62,    0,  -51,  -44,    0,  -62,    0,    0,  -14,  -14,  -14,  -29,    0,    0,    0,    0,  -14,    0,    0,  -14,    0,  -47,  -32,    0,  -54,  -29,    0,    0,    0,    0,  -14,    0,  -14,    0,   22,    0,    0,  -14,    0,  -14,  -14,  -14,  -14,    0,    0,    0,  -14,  -14,  -62,    0,    0,  -44,  -32,  -62,  -54,    0,    0,    0, -103,  -99,   18,
     -18,  -14,  -14,   22,    0,  -14,    0,    0,  -14,    0,  -14,  -14,    0,  -62,    0,  -51,  -44,    0,  -62,    0,    0,  -14,  -14,  -14,  -29,    0,    0,    0,    0,  -14,    0,    0,  -14,    0,  -47,  -32,    0,    0,  -29,    0,    0,    0,    0,  -14,    0,  -14,    0,   22,    0,    0,  -14,    0,  -14,  -14,  -14,  -14,    0,    0,    0,  -14,    0,  -62,    0,    0,  -44,  -32,  -62,    0,    0,    0,    0, -103,  -99,   18,
       0,    0,    0,  -14,    0,    0,    0,    0,    0,    0,    0,    0,    0,    0,    0,  -14,    0,    0,  -44,    0,    0,    0,    0,    0,    0,    0,    0,    0,    0,    0,    0,    0,    0,    0,    0,    0,    0,    0,  -14,  -14,    0,    0,    0,    0,    0,    0,    0,    0,    0,    0,    0,    0,    0,    0,    0,    0,    0,    0,    0,    0,    0,    0,    0,    0,    0,    0,    0,    0,    0,    0,    0,  -18,  -21,  -73,
       0,    0,    0,    0,    0,    0,    0,    0,    0,    0,    0,    0,    0,    0,    0,    0,    0,    0,    0,    0,    0,    0,    0,    0,    0,    0,    0,  -75,    0,    0,    0,    0,    0,    0,    0,    0,    0,    0,    0,    0,    0,    0,    0,    0,    0,    0,    0,    0,    0,    0,    0,    0,    0,    0,    0,    0,    0,    0,    0,    0,    0,    0,    0,    0,    0,    0,    0,    0,    0,    0,    0,    0,    0,    0,
     -51,  -73,  -14,    0,    0,    0,    0,    0,    0,    0,    0,    0,    0,    0,    0,    0,    0,    0,    0,    0,    0,  -18,  -14,  -18,    0,  -14,    0,    0,  -14,  -18,  -14,    0,    0,    0,    0,    0,  -21,    0,  -29,    0,    0,    0,    0,  -18,    0,  -18,    0,    0,    0,  -18,    0,    0,    0,  -14,    0,    0,    0,    0,    0,    0,    0,    0,    0,    0,    0,    0,    0,    0,    0,    0,    0,    0,   34, -121,
     -73,  -95,  -88,  -62,    0,  -47,    0,    0,    0,    0,    0,    0,    0,  -14,    0,    0,    0,    0,    0,    0, -128, -128,    0, -128,    0,    0,  -25,    0,    0, -128, -118, -128,    0, -121,    0, -128,    0, -125,  -73,  -44,    0,  -47, -128, -128,    0, -128, -121,    0,    0, -128,    0,    0,    0,    0,    0,    0,    0,    0,    0,    0,    0,    0,    0,    0,    0,    0,    0,    0,    0,    0,    0,    0,  -18, -103,
       0,    0,    0,  -18,  -29,    0,    0,    0,   29,   45,   22,   29,    0,  -73,    0,  -47,  -32,  -40,  -95,    0,    0,    0,    0,    0,    0,    0,    0,    0,    0,   15,    0,    0,    0,    0,  -21,    0,    0,  -14,    0,    0,    0,    0,    0,    0,    0,   15,    0,    0,    0,    0,    0,    0,    0,    0,    0,    0,   29,    0,    0,    0,    0,    0,    0,    0,    0,    0,    0,    0,    0,    0,    0,    0,    0,    0,
       0,    0,    0, -103,  -25,  -29,  -25,  -25,  -29,  -25,  -29,  -29,    0,    0,    0,    0,    0,  -47,    0,  -14,    0,    0,    0,    0,  -29,    0,    0,    0,  -44,  -58,  -44,    0,    0,    0,  -29,  -29,    0,  -29,    0,    0, -128,  -29,    0,    0,  -29,  -58,    0,    0,    0,    0,    0,    0,    0,    0,    0,    0,  -29,    0,    0,    0,    0,    0,    0,    0,    0,    0,    0,    0,    0,    0,    0,    0,    0,    0,
       0,    0,    0,   15,  -29,  -44,  -29,  -29,  -29,   18,  -44,  -44,    0, -110,    0, -128,  -99,  -29, -128,    0,    0,    0,    0,    0,  -14,    0,    0,    0,  -29,  -29,  -29,    0,    0,    0,  -92,  -77,    0,  -44,    0,    0,   15,  -44,    0,    0,  -29,  -29,    0,    0,    0,    0,    0,    0,    0,    0,    0,    0,  -29,    0,    0,    0,    0,    0,    0,    0,    0,    0,    0,    0,    0,    0,    0,    0,    0,    0,
};

static const EpdLigaturePair dejavu_sans_12_regularLigaturePairs[] = {
    { 0x00660066, 0xFB00 }, // f f -> U+FB00
    { 0x00660069, 0xFB01 }, // f i -> U+FB01
    { 0x0066006C, 0xFB02 }, // f l -> U+FB02
    { 0xFB000069, 0xFB03 }, // U+FB00 i -> U+FB03
    { 0xFB00006C, 0xFB04 }, // U+FB00 l -> U+FB04
};

static constexpr EpdFontData dejavu_sans_12_regular = {
    dejavu_sans_12_regularBitmaps,
    dejavu_sans_12_regularGlyphs,
    dejavu_sans_12_regularIntervals,
    25,
    29,
    24,
    -6,
    true,
    dejavu_sans_12_regularGroups,
    14,
    nullptr,
    dejavu_sans_12_regularKernLeftClasses,
    dejavu_sans_12_regularKernRightClasses,
    dejavu_sans_12_regularKernMatrix,
    94,
    171,
    50,
    74,
    dejavu_sans_12_regularLigaturePairs,
    5,
};
