/**
 * generated by fontconvert.py
 * name: dejavu_sans_12_bold
 * size: 12
 * mode: 2-bit  compressed: true
 * Command used: fontconvert.py dejavu_sans_12_bold 12 /usr/share/fonts/truetype/dejavu/DejaVuSans-Bold.ttf --2bit --compress --pnum --darken-aa
 */
#pragma once
#include "EpdFontData.h"

static const uint8_t dejavu_sans_12_boldBitmaps[34046] = {
    0xAD, 0x58, 0xBD, 0x8E, 0xE5, 0x48, 0x15, 0x2E, 0x5F, 0x8B, 0x75, 0xE0, 0xC0, 0x0F, 0x30, 0xD2,
    0x3A, 0x21, 0x65, 0xBD, 0x01, 0x01, 0x13, 0xB0, 0xE5, 0xD5, 0x04, 0x84, 0xF0, 0x06, 0x3C, 0x00,
    0x12, 0x9D, 0x90, 0xAC, 0x34, 0x4C, 0x59, 0x4C, 0x30, 0x41, 0x07, 0xCC, 0x1B, 0xC0, 0x1B, 0x30,
    0x29, 0x12, 0xAC, 0x6B, 0xB6, 0x25, 0x26, 0xE8, 0x60, 0x2C, 0x12, 0x02, 0x82, 0x36, 0xDA, 0x91,
    0x76, 0xB3, 0x2E, 0x89, 0x92, 0xF0, 0x48, 0x65, 0x17, 0xDF, 0x77, 0xCA, 0xBE, 0xF7, 0xF6, 0xA5,
    0xBB, 0xE7, 0x47, 0x5C, 0xFB, 0x9C, 0x6B, 0xD7, 0xEF, 0xA9, 0xF3, 0x7F, 0xDC, 0xDB, 0xFE, 0xC6,
    0x65, 0xAC, 0xEE, 0x70, 0xB5, 0x0A, 0xBF, 0xAD, 0x6D, 0xAE, 0x6F, 0xB9, 0x55, 0xEE, 0xB4, 0x5A,
    0xD1, 0xF8, 0x44, 0xA9, 0x72, 0xF8, 0xAB, 0x52, 0x95, 0x0D, 0xAA, 0x8A, 0x31, 0xFA, 0x03, 0x52,
    0x4D, 0xEE, 0x94, 0xD2, 0x44, 0x5F, 0x14, 0xA3, 0x32, 0x68, 0xB3, 0x07, 0xA4, 0x42, 0xD5, 0xA9,
    0x6C, 0x6A, 0xDA, 0xA3, 0xE5, 0x54, 0x61, 0xF7, 0x90, 0xF5, 0x4B, 0x5B, 0xC6, 0x38, 0x36, 0x00,
    0xFD, 0xDD, 0xDF, 0x46, 0xFD, 0xCA, 0x2A, 0xFD, 0x0F, 0x40, 0x7C, 0xA3, 0xEA, 0x18, 0xBB, 0x22,
    0x46, 0xA7, 0xCE, 0xE2, 0xA4, 0x8A, 0xAB, 0xA0, 0x8A, 0x57, 0xE1, 0x61, 0x71, 0x39, 0x69, 0xB4,
    0x01, 0x86, 0x32, 0x2E, 0x37, 0xD6, 0x22, 0xEC, 0x62, 0xAB, 0x48, 0x67, 0x1C, 0x54, 0x00, 0x55,
    0xCF, 0x5C, 0x22, 0xCE, 0x17, 0x03, 0xFE, 0x76, 0x53, 0x65, 0xE5, 0xAF, 0x51, 0xD2, 0xF8, 0x44,
    0xC9, 0x10, 0x0C, 0xC4, 0x84, 0xBF, 0x7B, 0x33, 0x62, 0xFA, 0xA3, 0x7F, 0x45, 0x79, 0xBF, 0xF0,
    0x3D, 0xFE, 0x9A, 0x9F, 0x09, 0xC1, 0xBA, 0x1C, 0xC9, 0xB1, 0x20, 0x7F, 0xD9, 0x54, 0xA4, 0xA3,
    0xE4, 0x1C, 0x52, 0xDA, 0x8C, 0x13, 0xEA, 0x4E, 0x61, 0x3A, 0x48, 0xC6, 0x30, 0x92, 0xBC, 0x23,
    0xCA, 0x63, 0xF6, 0x47, 0x20, 0x2C, 0x40, 0xB2, 0xD0, 0x01, 0x22, 0x8A, 0xE8, 0xF3, 0x50, 0xC7,
    0x39, 0x0F, 0xFA, 0xDB, 0x58, 0x4C, 0xE6, 0x65, 0x7C, 0xED, 0x20, 0x95, 0x08, 0x54, 0xC7, 0xC1,
    0xE0, 0x50, 0x9D, 0x9E, 0xEA, 0x88, 0x17, 0x70, 0x04, 0xA7, 0xC7, 0xD1, 0xFB, 0xA5, 0x9A, 0xD7,
    0xDF, 0x2E, 0xE4, 0xA1, 0xF4, 0x95, 0x6B, 0x46, 0x6D, 0x35, 0x65, 0xD7, 0xC5, 0x2E, 0xB6, 0xB8,
    0xF0, 0xDF, 0x5B, 0xB6, 0x35, 0x63, 0xE5, 0x4A, 0x6C, 0xB1, 0x0B, 0x51, 0x99, 0x2E, 0xBD, 0x57,
    0xBE, 0x9C, 0x0A, 0xCC, 0xC4, 0x35, 0xE3, 0xC2, 0x7F, 0x11, 0xCA, 0xA9, 0x5A, 0xD7, 0x31, 0x1D,
    0x28, 0xFC, 0x4C, 0x09, 0xFC, 0xE4, 0xB3, 0x42, 0x99, 0x5F, 0x9B, 0xB6, 0x06, 0x6B, 0x77, 0x71,
    0x14, 0xE0, 0x33, 0xDB, 0xD8, 0xB7, 0x8D, 0x53, 0x64, 0xEB, 0x9D, 0x88, 0x92, 0x6F, 0x0F, 0xE8,
    0xFE, 0xC1, 0x8D, 0x4B, 0x97, 0x1E, 0x40, 0x0A, 0x64, 0x17, 0xE3, 0xE1, 0x3E, 0xA8, 0x2D, 0x34,
    0x8F, 0x77, 0xDD, 0x2A, 0xB0, 0x1E, 0x37, 0x44, 0xF7, 0x17, 0x45, 0x11, 0x4F, 0x6A, 0xE7, 0xB9,
    0x4E, 0x3E, 0x42, 0x43, 0xB7, 0x51, 0xDD, 0xE9, 0x28, 0x65, 0x26, 0x08, 0x22, 0xB6, 0xD0, 0xD8,
    0xA1, 0xF1, 0xDA, 0xE9, 0xB1, 0x9A, 0x8C, 0xAD, 0x42, 0x0F, 0x88, 0xB6, 0xBC, 0x01, 0x6C, 0x63,
    0x1F, 0xC7, 0x70, 0x2C, 0xE7, 0x70, 0x2E, 0xD7, 0x28, 0x23, 0x35, 0x3C, 0xC1, 0x43, 0x0D, 0x81,
    0x7F, 0x00, 0xAC, 0x6A, 0x2B, 0xF0, 0x09, 0xC4, 0x8A, 0xFF, 0x96, 0x6A, 0xAC, 0xBF, 0x8C, 0xEE,
    0x73, 0xA5, 0xA9, 0xA7, 0x1B, 0x60, 0x02, 0x4C, 0x27, 0xC7, 0x9E, 0xD5, 0x8C, 0x57, 0xAF, 0x32,
    0xBC, 0x16, 0x10, 0x53, 0x43, 0xA5, 0x86, 0xD1, 0x6D, 0xC0, 0x75, 0x60, 0x3A, 0x1D, 0xCD, 0xE7,
    0x47, 0x59, 0x3C, 0x5E, 0xC3, 0x71, 0x52, 0x06, 0x26, 0x02, 0x5A, 0x00, 0x74, 0xAF, 0x27, 0xBB,
    0x3D, 0xE1, 0x2B, 0x3C, 0x43, 0x36, 0x84, 0xEE, 0x01, 0xD6, 0xC0, 0x5E, 0xE0, 0x1C, 0x00, 0x9A,
    0x87, 0x0D, 0x2C, 0x98, 0x6F, 0xA1, 0x41, 0xB6, 0xF0, 0xD1, 0x56, 0x63, 0x84, 0x5E, 0xC1, 0x9E,
    0x41, 0xD3, 0x02, 0x80, 0x48, 0xE7, 0x0D, 0x84, 0xCE, 0x23, 0x80, 0xD6, 0x0E, 0x7B, 0xA0, 0x3D,
    0x88, 0x4D, 0x4C, 0x62, 0xCA, 0x80, 0xF1, 0xD3, 0x2F, 0x85, 0x46, 0x6C, 0x58, 0x03, 0xAA, 0x90,
    0xFE, 0xB5, 0x7F, 0x98, 0x25, 0x93, 0x26, 0x4F, 0x4A, 0xD2, 0x53, 0xC7, 0x8E, 0x76, 0x44, 0xF3,
    0xAF, 0x96, 0xEC, 0x45, 0xB3, 0x72, 0x45, 0xFF, 0x73, 0xA1, 0x76, 0x0D, 0x3D, 0xDA, 0xFB, 0xA9,
    0x99, 0x7A, 0x07, 0x59, 0xB9, 0x32, 0x68, 0x81, 0x2A, 0xD4, 0x68, 0x83, 0xBC, 0x5C, 0x4E, 0xD7,
    0x63, 0x66, 0x8E, 0x9D, 0x56, 0xF0, 0x89, 0x2F, 0x66, 0x5C, 0x69, 0xED, 0xA0, 0xDC, 0x4A, 0xAC,
    0xB3, 0x9C, 0x57, 0x52, 0xEE, 0x18, 0x02, 0x2F, 0x03, 0x37, 0xA5, 0x44, 0x77, 0x28, 0x3F, 0x8F,
    0x0B, 0xBA, 0x01, 0xF0, 0xD4, 0x8F, 0x92, 0xBC, 0x02, 0x9F, 0xD9, 0xAF, 0x7D, 0xE3, 0x36, 0xBD,
    0x12, 0x3D, 0xF2, 0x8D, 0xB8, 0x2B, 0xF6, 0x65, 0x74, 0x57, 0x3D, 0x75, 0x28, 0x52, 0x66, 0x56,
    0x3B, 0x03, 0xA3, 0x6F, 0x1C, 0xB8, 0x36, 0x11, 0xF0, 0x8C, 0xB3, 0x98, 0x80, 0xF1, 0x01, 0xE3,
    0xC3, 0x2E, 0x5E, 0x91, 0x47, 0x42, 0x14, 0x64, 0x3B, 0x24, 0x39, 0x2F, 0xD0, 0x03, 0xE8, 0xDF,
    0xB0, 0x5D, 0x6A, 0xFD, 0x1D, 0x5A, 0x6A, 0xBF, 0x5D, 0x5B, 0xDF, 0xFA, 0x9E, 0xBC, 0x46, 0x4B,
    0xAF, 0xA7, 0x0A, 0xF8, 0xA3, 0x8C, 0x4E, 0xE9, 0x0C, 0xA8, 0x84, 0x20, 0x77, 0xD4, 0x70, 0x4D,
    0x2D, 0x31, 0x9C, 0x27, 0x48, 0x5E, 0xA5, 0x03, 0x43, 0xDE, 0xAA, 0x34, 0x38, 0x4D, 0xC3, 0x02,
    0xA7, 0x56, 0x7E, 0xF3, 0x77, 0xD2, 0xFB, 0x9B, 0x44, 0x23, 0xD1, 0xD2, 0x26, 0x9D, 0x50, 0x62,
    0x45, 0x54, 0x4F, 0x2E, 0xC7, 0x05, 0x88, 0xE4, 0xD5, 0x88, 0xDB, 0x99, 0xD6, 0xC1, 0x32, 0x2D,
    0x2D, 0x00, 0x0F, 0x19, 0x83, 0x89, 0xCB, 0x57, 0x30, 0x06, 0xC8, 0x06, 0xD2, 0x83, 0x81, 0x40,
    0x9D, 0xE2, 0x98, 0xC5, 0x2E, 0x8F, 0xC9, 0xD9, 0xF2, 0x97, 0x9E, 0xB7, 0x96, 0x7E, 0x16, 0x17,
    0x2F, 0xA7, 0x1B, 0x1E, 0x04, 0xB5, 0x83, 0xB4, 0x7B, 0x55, 0x38, 0xFA, 0x6D, 0x86, 0x84, 0x72,
    0x68, 0x94, 0xB9, 0xBA, 0x18, 0x35, 0x76, 0xFF, 0xC6, 0xFD, 0x34, 0xF7, 0xE6, 0xA5, 0x7B, 0x5C,
    0x8C, 0x8D, 0xF5, 0x8F, 0xCB, 0xA1, 0xB6, 0xEE, 0x71, 0x65, 0x2B, 0xB4, 0xE0, 0x19, 0xBD, 0x68,
    0xBF, 0x18, 0xBF, 0xC0, 0x98, 0x2B, 0xDB, 0x60, 0x3C, 0x48, 0xB0, 0xE6, 0xCA, 0x2B, 0xC4, 0x3E,
    0x3A, 0x7A, 0xAC, 0xFC, 0x02, 0x8B, 0x3F, 0x7F, 0x20, 0x4A, 0x2C, 0x07, 0x84, 0xEE, 0xF0, 0x6C,
    0x56, 0x89, 0x85, 0x01, 0xA1, 0xB1, 0x11, 0x3B, 0x20, 0x32, 0xAF, 0x31, 0xB2, 0xBF, 0xC4, 0xBC,
    0xF8, 0x74, 0xC6, 0xF1, 0x85, 0xE6, 0x0C, 0x68, 0x86, 0x02, 0x96, 0x8C, 0xA1, 0x0C, 0xB3, 0x29,
    0x1E, 0xC0, 0x0C, 0xE0, 0x28, 0xC1, 0x1B, 0x0F, 0x9E, 0xD0, 0x73, 0x11, 0x41, 0x25, 0xD0, 0x37,
    0x00, 0xA0, 0x4A, 0x7A, 0xDA, 0xD4, 0x89, 0x0A, 0xC6, 0x39, 0x9C, 0x9C, 0xFA, 0x9A, 0xCD, 0xC5,
    0xCD, 0x09, 0xF0, 0x0E, 0xD3, 0x90, 0xBE, 0xB8, 0x50, 0x0B, 0xDE, 0x70, 0x21, 0xC6, 0x9C, 0x0A,
    0x52, 0xD3, 0x60, 0x13, 0xAD, 0xA1, 0x1F, 0x53, 0xE0, 0xDA, 0x1B, 0xF9, 0x90, 0xDA, 0xC4, 0xC9,
    0x60, 0x0C, 0xC7, 0x72, 0x0E, 0xE7, 0x72, 0x8D, 0x48, 0x4D, 0xE1, 0xC6, 0x44, 0x01, 0x53, 0xCE,
    0xD0, 0x65, 0xE1, 0xCB, 0xE8, 0x8D, 0x2C, 0x5D, 0x0B, 0x51, 0x3F, 0x10, 0x8D, 0x7B, 0x34, 0xAC,
    0x1D, 0x32, 0x44, 0x06, 0x9F, 0xC5, 0x75, 0x81, 0xB4, 0x54, 0x5A, 0xD4, 0xEE, 0xC1, 0x9E, 0xB8,
    0x1E, 0x18, 0xC7, 0x1E, 0x4E, 0xFB, 0x52, 0xFF, 0x70, 0x04, 0x1F, 0xBF, 0xCE, 0x11, 0x24, 0xA3,
    0xE0, 0x2A, 0x79, 0x12, 0x53, 0xD7, 0x58, 0x70, 0x44, 0x59, 0xB2, 0x46, 0x78, 0x84, 0x73, 0x31,
    0xEC, 0xA3, 0xCB, 0x25, 0x34, 0x00, 0xA1, 0x03, 0x01, 0xC8, 0x11, 0x05, 0xC5, 0xF0, 0xD2, 0x1A,
    0xFA, 0x39, 0xE8, 0x82, 0x1C, 0x95, 0x8B, 0x6E, 0x5C, 0xBA, 0x0F, 0xAD, 0x27, 0xD8, 0xD0, 0x7B,
    0xCC, 0x48, 0xE8, 0xDD, 0x97, 0xFA, 0xD8, 0xBB, 0x40, 0x12, 0x82, 0xA0, 0x1D, 0x78, 0x6C, 0x32,
    0xC5, 0xF2, 0xD0, 0x78, 0xD2, 0x54, 0x03, 0x4A, 0xF1, 0x82, 0x5E, 0xFD, 0xF5, 0x42, 0xA6, 0x4D,
    0x44, 0x54, 0xAD, 0xC4, 0xF5, 0x71, 0x6B, 0xBB, 0x66, 0xEF, 0x25, 0xC7, 0xBD, 0xE4, 0x0C, 0x8B,
    0xA0, 0x0B, 0x6D, 0x5E, 0xD2, 0xEA, 0xD4, 0x8F, 0xF1, 0x5D, 0x62, 0xB9, 0x17, 0x8E, 0xD5, 0x80,
    0xAE, 0xB8, 0x8B, 0x4C, 0x68, 0x3B, 0xD8, 0x50, 0x43, 0xA1, 0xC3, 0x24, 0x81, 0xDB, 0x9E, 0xD8,
    0x52, 0x05, 0xAE, 0x5F, 0xCE, 0xC0, 0xAF, 0xFF, 0x1D, 0x80, 0x2F, 0xFF, 0x33, 0x01, 0x5F, 0x40,
    0x8C, 0x5D, 0xFC, 0x06, 0x74, 0x74, 0xC2, 0xAE, 0x4E, 0xA0, 0x93, 0xF8, 0x98, 0x54, 0xE6, 0x36,
    0xEC, 0xC8, 0x01, 0x4F, 0x24, 0xBC, 0x48, 0x71, 0x54, 0xA5, 0x3D, 0xAC, 0xC8, 0x2F, 0x5E, 0xE1,
    0x64, 0x48, 0x06, 0x81, 0x5E, 0xC1, 0x48, 0xE3, 0xC5, 0x2C, 0xAD, 0x44, 0x3D, 0x91, 0x26, 0x6A,
    0x12, 0x4F, 0x81, 0xCA, 0x64, 0x28, 0x56, 0x3D, 0x00, 0x9B, 0x32, 0x86, 0x62, 0xEA, 0x50, 0x57,
    0x2F, 0x48, 0xD9, 0xE0, 0x10, 0x19, 0x5C, 0x14, 0xE2, 0xE3, 0x48, 0x0F, 0x71, 0xF0, 0x15, 0x76,
    0x7B, 0x95, 0x0E, 0x19, 0x22, 0x83, 0x65, 0x9A, 0x2C, 0x20, 0x4B, 0xC9, 0xA2, 0x47, 0x8E, 0xC5,
    0x53, 0x86, 0x31, 0xE5, 0x4A, 0xAB, 0xF3, 0xE0, 0xB3, 0x0E, 0xD2, 0x27, 0x63, 0x96, 0xBB, 0xCD,
    0x64, 0xA5, 0x70, 0x39, 0xA5, 0x50, 0xBF, 0x2F, 0x85, 0xFE, 0x94, 0xC2, 0x85, 0x8B, 0x32, 0x42,
    0x95, 0xCC, 0xED, 0x18, 0xA0, 0x25, 0x5A, 0xD3, 0xBB, 0x4B, 0xA7, 0x54, 0x1E, 0xC9, 0xA4, 0xAC,
    0x21, 0xD7, 0x1B, 0xD1, 0x22, 0x79, 0x92, 0x36, 0xB7, 0x0D, 0x49, 0x83, 0xF7, 0xDA, 0xA6, 0xDD,
    0x36, 0xB8, 0xA2, 0x9C, 0xCA, 0x45, 0xF4, 0x58, 0x31, 0xC0, 0x77, 0xAA, 0x8F, 0xCF, 0xE1, 0x8F,
    0x5D, 0xCA, 0x01, 0x50, 0x03, 0x0C, 0xEA, 0x73, 0x6D, 0x57, 0x47, 0xB8, 0x96, 0x2B, 0x39, 0xF7,
    0x6C, 0x58, 0x10, 0x30, 0x53, 0x2B, 0xC3, 0x8F, 0x01, 0xFA, 0x79, 0xC3, 0x98, 0xCE, 0x3C, 0x60,
    0xFC, 0x24, 0xF1, 0xF4, 0xD8, 0x72, 0x25, 0xF5, 0xF8, 0xFF, 0x20, 0x71, 0x44, 0x1F, 0x00, 0x3D,
    0xC0, 0x8C, 0x79, 0x44, 0xC1, 0x31, 0xE3, 0x54, 0x81, 0xA7, 0x43, 0xB5, 0xD1, 0x0A, 0x51, 0x86,
    0xFC, 0xA7, 0x88, 0x90, 0xD2, 0x90, 0xFF, 0x90, 0xD8, 0x88, 0x4D, 0x7A, 0x48, 0x9F, 0x1B, 0x2D,
    0x12, 0x70, 0x77, 0x4C, 0x2F, 0x1F, 0x21, 0xC4, 0xC6, 0x57, 0xD0, 0x9A, 0xFE, 0x35, 0x88, 0x30,
    0xD7, 0xD3, 0x1A, 0xD9, 0x24, 0xC6, 0x49, 0xB4, 0x93, 0xB8, 0xC7, 0x08, 0xA8, 0x07, 0xCC, 0x60,
    0x6A, 0x9D, 0xC7, 0x0E, 0x19, 0x14, 0xF2, 0x34, 0x48, 0xA5, 0x81, 0xFB, 0x83, 0x5C, 0x50, 0xA5,
    0x50, 0x00, 0xD5, 0x54, 0x5D, 0x0F, 0xDC, 0xAA, 0xBA, 0x1A, 0x51, 0x0E, 0x85, 0xFA, 0x12, 0x59,
    0x52, 0x31, 0x37, 0xAF, 0x1C, 0x77, 0xD5, 0x4F, 0x3D, 0xF7, 0xD5, 0x8F, 0xDE, 0xC6, 0x76, 0x17,
    0xCD, 0x6E, 0x91, 0xFC, 0x56, 0x92, 0x06, 0xB2, 0x96, 0xE2, 0x9C, 0x79, 0x8B, 0x17, 0x22, 0x35,
    0x81, 0x37, 0x53, 0x04, 0x51, 0x39, 0xA4, 0x9A, 0x35, 0x3A, 0xC6, 0x74, 0x06, 0xC6, 0xDA, 0x2C,
    0x5E, 0x32, 0x2D, 0xBB, 0x0E, 0x2B, 0xD1, 0xAC, 0x1C, 0xE1, 0x17, 0xB6, 0x60, 0x5D, 0x93, 0x7C,
    0x4D, 0x5D, 0x8B, 0x28, 0x40, 0x77, 0xF1, 0x19, 0xA3, 0x33, 0xAA, 0x39, 0x51, 0x8F, 0x66, 0x6F,
    0x67, 0x50, 0x51, 0x24, 0x9F, 0x70, 0xE7, 0x1E, 0x2A, 0xD3, 0x3B, 0x51, 0x99, 0x0C, 0xAE, 0xA2,
    0x55, 0xFD, 0x77, 0x91, 0x0B, 0x30, 0xBD, 0xE4, 0x2A, 0x25, 0xF7, 0xA0, 0xD9, 0x62, 0xE3, 0xEE,
    0x7D, 0x10, 0x32, 0xDD, 0xB8, 0x01, 0x58, 0x3A, 0x4B, 0x29, 0x83, 0x7C, 0x67, 0xCD, 0xD8, 0xF7,
    0x4D, 0xD9, 0x49, 0x53, 0xEF, 0x45, 0xB3, 0x4F, 0x7F, 0xED, 0x3B, 0x2E, 0xF9, 0x05, 0x29, 0x9B,
    0x9E, 0xA8, 0xB5, 0x8A, 0x42, 0x39, 0x95, 0xEA, 0x2A, 0x14, 0x58, 0x28, 0xB3, 0x50, 0x6C, 0xA1,
    0xE4, 0x42, 0xE1, 0xA5, 0x4E, 0xC7, 0xB5, 0x69, 0x9C, 0x61, 0xCE, 0xC7, 0x5B, 0x7D, 0xE0, 0x7D,
    0x98, 0x58, 0x32, 0x3D, 0xE4, 0x31, 0x94, 0x91, 0x9C, 0x10, 0x01, 0xA5, 0x08, 0x95, 0x53, 0xD5,
    0x88, 0x04, 0x0B, 0x35, 0xB8, 0xD9, 0x07, 0xEA, 0x5E, 0x35, 0xB6, 0x1C, 0x40, 0x53, 0x38, 0xAA,
    0xA9, 0xEC, 0x43, 0x09, 0xBF, 0x0D, 0xEA, 0xAC, 0x54, 0x6F, 0xB1, 0x5E, 0x40, 0x06, 0x0D, 0xCF,
    0x8D, 0xA4, 0x68, 0x48, 0xEF, 0x3A, 0x5E, 0xBB, 0x72, 0x61, 0x5B, 0x72, 0x1E, 0x37, 0xE0, 0x1C,
    0x0A, 0xD2, 0x8B, 0x85, 0x8E, 0xA8, 0x92, 0xD6, 0x1C, 0x1D, 0x9E, 0xA9, 0x5B, 0x41, 0xFC, 0x1F,
    0xDA, 0xD8, 0xC7, 0x31, 0x1C, 0x7B, 0x4E, 0xB6, 0xBF, 0xDD, 0xF2, 0x7B, 0x28, 0x5C, 0x21, 0xF1,
    0xFF, 0xD4, 0x1F, 0xB2, 0x8D, 0x7D, 0x8D, 0xE4, 0x4B, 0x51, 0xE6, 0x24, 0x4F, 0x76, 0x13, 0x76,
    0xF1, 0x5C, 0xEA, 0x00, 0x5A, 0x26, 0x2A, 0x8E, 0xB5, 0x56, 0xBD, 0x09, 0x6C, 0x63, 0x5F, 0xB3,
    0xAF, 0x19, 0xCE, 0xC3, 0x5A, 0x63, 0x48, 0x4D, 0xA8, 0x51, 0x58, 0x63, 0x0C, 0x93, 0xBC, 0xB0,
    0x07, 0xD2, 0x40, 0xBF, 0xE5, 0x7F, 0xF0, 0x82, 0xBE, 0x2C, 0x59, 0x3D, 0x4E, 0x6D, 0x30, 0x3D,
    0xE4, 0x31, 0x14, 0x88, 0x25, 0x58, 0x25, 0x86, 0x74, 0xE3, 0xF9, 0xFE, 0xFB, 0x26, 0xA1, 0x26,
    0xF4, 0xC3, 0x5D, 0x84, 0x9A, 0x23, 0x42, 0x7F, 0x8F, 0x43, 0x56, 0xD3, 0xA7, 0xAD, 0xF1, 0x4C,
    0x93, 0xE9, 0x3C, 0x29, 0xC0, 0xDB, 0x85, 0xB1, 0x6C, 0xC2, 0xA0, 0xE8, 0x46, 0xC9, 0x6C, 0x59,
    0x38, 0x75, 0xEF, 0x02, 0x5E, 0x29, 0x36, 0xDC, 0x7D, 0xE5, 0x0B, 0x2F, 0xA9, 0x19, 0x96, 0x7B,
    0xAE, 0x19, 0x99, 0x73, 0x90, 0xD0, 0x7F, 0x1B, 0x85, 0x54, 0x2B, 0x06, 0xF2, 0xA7, 0x30, 0x7C,
    0x1C, 0x2C, 0xF6, 0x4E, 0xA5, 0xF8, 0xA2, 0xD6, 0x7F, 0xBC, 0xFF, 0x01, 0xED, 0xE7, 0xE8, 0xFF,
    0x1D, 0x13, 0x86, 0x9E, 0xAA, 0x18, 0xEE, 0xA3, 0xEB, 0xE8, 0x3A, 0x0F, 0x85, 0x70, 0xE0, 0x2C,
    0x85, 0x0C, 0xAA, 0x24, 0xC2, 0x89, 0x63, 0x1C, 0x63, 0xF9, 0xA8, 0xC7, 0x9A, 0xAB, 0x0D, 0x1F,
    0x84, 0x3F, 0x92, 0xA7, 0xAB, 0x82, 0x77, 0x5B, 0x21, 0x7C, 0x50, 0xCA, 0xED, 0x03, 0xCA, 0x5E,
    0x29, 0xFD, 0xAA, 0x5C, 0x1D, 0xE7, 0x7C, 0xAC, 0x41, 0xDD, 0xC6, 0xED, 0x8F, 0x36, 0x8C, 0x5B,
    0x8C, 0x2C, 0x3E, 0xF3, 0xF1, 0x4F, 0x9E, 0x59, 0x8C, 0xFF, 0x61, 0x1C, 0x24, 0x8D, 0xED, 0x6E,
    0xBF, 0x8B, 0xF8, 0x3D, 0xDD, 0x0B, 0x0B, 0x5B, 0xBC, 0xFE, 0x92, 0x1E, 0x8B, 0xB1, 0x12, 0x6D,
    0x33, 0x4B, 0x4B, 0xA5, 0x7E, 0x45, 0xDA, 0x7A, 0xFB, 0xE7, 0x8C, 0x59, 0x30, 0x73, 0xC8, 0x05,
    0x49, 0xCA, 0x1B, 0xEE, 0xB3, 0xBF, 0x91, 0x6F, 0xA4, 0xFB, 0xB8, 0xF1, 0x70, 0x33, 0x87, 0xA3,
    0x01, 0x22, 0x72, 0x69, 0xD8, 0xD0, 0xBD, 0x30, 0x12, 0xEA, 0x13, 0x9B, 0xFA, 0x79, 0x60, 0x48,
    0xD7, 0x43, 0x3E, 0x6B, 0x57, 0x84, 0x9A, 0xB1, 0xD4, 0x23, 0xAC, 0x86, 0xC6, 0xE5, 0x8C, 0xB9,
    0x8B, 0x46, 0x50, 0xEA, 0xA9, 0x8E, 0x88, 0x4B, 0x2C, 0xB3, 0x17, 0x29, 0xE1, 0x98, 0xAB, 0xE8,
    0x81, 0x1F, 0x0A, 0xB5, 0x38, 0x0C, 0x94, 0x98, 0x8E, 0x3A, 0x05, 0xFE, 0x0D, 0x95, 0x37, 0x93,
    0x86, 0x03, 0xF9, 0x3A, 0x18, 0x48, 0x37, 0x84, 0xBE, 0x2B, 0x80, 0x63, 0x9B, 0x2F, 0xD3, 0xD7,
    0x0C, 0x85, 0xDE, 0xB0, 0x10, 0x77, 0x9A, 0x81, 0xD7, 0x69, 0x7E, 0x0F, 0x1A, 0x99, 0xF9, 0xC4,
    0x81, 0xC1, 0x70, 0x44, 0xF4, 0xF6, 0xD5, 0xC4, 0x4F, 0x33, 0xF9, 0xB2, 0xED, 0xBB, 0xEE, 0x49,
    0x48, 0x1F, 0xA7, 0x60, 0x81, 0x06, 0x27, 0xE2, 0xBE, 0xC8, 0x3A, 0x86, 0x62, 0xF9, 0x9F, 0x33,
    0x4C, 0x95, 0x3C, 0xE1, 0x0C, 0xC3, 0x0E, 0x67, 0x50, 0xD1, 0x74, 0x2A, 0x7D, 0x26, 0xC0, 0x3A,
    0x73, 0xCA, 0xB5, 0xAA, 0xF5, 0x5B, 0x49, 0xED, 0xA0, 0x9F, 0x03, 0x33, 0x7B, 0xF9, 0xAE, 0x93,
    0x24, 0x91, 0x40, 0xBE, 0xA0, 0xAD, 0x1F, 0xD4, 0x58, 0xC6, 0x22, 0x07, 0x51, 0xD5, 0x92, 0x3E,
    0x47, 0x49, 0x95, 0x1B, 0x25, 0x00, 0x0A, 0x30, 0x8E, 0x9A, 0xF4, 0x19, 0x12, 0xFB, 0xA9, 0xFD,
    0x8D, 0xC2, 0x1C, 0xAB, 0x30, 0xC7, 0xF0, 0x4A, 0x32, 0x5A, 0xB6, 0xA8, 0x1B, 0xB7, 0x98, 0xBD,
    0xE1, 0xF7, 0xA0, 0x70, 0xD7, 0x8F, 0xB9, 0x66, 0xE0, 0xFC, 0x5C, 0x3E, 0x63, 0x64, 0x47, 0x37,
    0xE7, 0xF7, 0x0C, 0x20, 0xC4, 0xFC, 0x68, 0x74, 0xE8, 0x4A, 0x1F, 0x3C, 0x98, 0xE6, 0x04, 0x26,
    0x00, 0xF2, 0x83, 0x63, 0xD8, 0xB5, 0x4D, 0xF4, 0x75, 0xFA, 0xCC, 0xF2, 0xDB, 0x02, 0xDD, 0xBF,
    0x40, 0xE0, 0x53, 0xFF, 0x05, 0xBD, 0x59, 0x3F, 0xAF, 0xDC, 0xC6, 0x11, 0x9F, 0x23, 0x61, 0x9D,
    0x0D, 0x22, 0x60, 0xCA, 0x00, 0x0A, 0xBC, 0x9F, 0x40, 0x60, 0x1D, 0x40, 0xD6, 0x12, 0x50, 0x99,
    0x42, 0x1F, 0x21, 0x29, 0x52, 0x26, 0x90, 0x4B, 0x17, 0xB1, 0xC8, 0x44, 0x85, 0x8A, 0x87, 0x40,
    0xFA, 0x08, 0x2E, 0xF2, 0x01, 0x52, 0xA8, 0x10, 0x10, 0xC9, 0xBB, 0xCA, 0x2B, 0x52, 0xA8, 0x30,
    0xAD, 0x14, 0x2E, 0x5C, 0x98, 0x48, 0x04, 0xA4, 0xD4, 0x1A, 0x61, 0x22, 0x0A, 0x22, 0x39, 0xF9,
    0xFD, 0x96, 0x77, 0xF7, 0xEE, 0x9D, 0xEE, 0xF9, 0xC9, 0xEF, 0x8F, 0x78, 0x9C, 0x21, 0xB9, 0x3B,
    0x3B, 0xB3, 0x7F, 0x66, 0x66, 0x67, 0xF6, 0x9C, 0x77, 0xF1, 0x27, 0xB8, 0x6C, 0x69, 0x6B, 0x5B,
    0x57, 0xAB, 0x92, 0xA3, 0x9F, 0x64, 0xB5, 0x1C, 0x03, 0xF7, 0x5A, 0x32, 0x55, 0x29, 0x00, 0x56,
    0xEF, 0x89, 0xFB, 0xB6, 0x16, 0x7D, 0x76, 0x1C, 0x58, 0xC6, 0x3A, 0x03, 0x9A, 0x25, 0x40, 0xDC,
    0x28, 0x6F, 0xF1, 0xC9, 0xF4, 0x81, 0x54, 0x1A, 0x44, 0x35, 0x2C, 0xD4, 0x7F, 0x9A, 0x80, 0x2C,
    0xDD, 0x02, 0xAB, 0x5A, 0xAE, 0x21, 0xDD, 0xA9, 0x73, 0xAA, 0xDD, 0x1A, 0xD8, 0xF7, 0x8F, 0x44,
    0x3E, 0x2D, 0x64, 0xD1, 0xDB, 0xEF, 0x5E, 0x0D, 0x39, 0xF8, 0xA5, 0xAA, 0x3E, 0xED, 0x0A, 0x9F,
    0xB6, 0xD9, 0x0C, 0x7C, 0x47, 0x19, 0xEB, 0x48, 0x43, 0xDA, 0x9F, 0x88, 0xFC, 0xBA, 0x6A, 0x45,
    0xBD, 0xED, 0xC0, 0x32, 0x1F, 0xB2, 0x49, 0x96, 0x93, 0x19, 0xC0, 0xBF, 0x0A, 0x82, 0x4E, 0x35,
    0xEC, 0x81, 0xD6, 0x11, 0x49, 0x8E, 0xFE, 0x83, 0x46, 0x8E, 0x95, 0x0D, 0xAB, 0xB2, 0x7D, 0x68,
    0x58, 0x5F, 0xB2, 0xF5, 0x9E, 0xE8, 0x0B, 0xC9, 0x75, 0xC0, 0xD4, 0x0D, 0x62, 0xDB, 0xDF, 0x02,
    0x44, 0x0C, 0x67, 0x46, 0x5B, 0x94, 0x8D, 0xE2, 0x0E, 0x54, 0x54, 0x5C, 0x89, 0x89, 0x2D, 0xDD,
    0x0B, 0x17, 0xCB, 0x96, 0x98, 0x21, 0x29, 0xC0, 0x26, 0x1D, 0xE5, 0x5A, 0x3A, 0xC5, 0xB6, 0x85,
    0xF6, 0x72, 0x15, 0x1D, 0x7C, 0x62, 0x57, 0x37, 0x38, 0x70, 0x61, 0x50, 0x9C, 0x8E, 0x0B, 0x95,
    0xAC, 0x11, 0x53, 0x9B, 0x44, 0x0F, 0x9B, 0x4F, 0x8C, 0x3E, 0x0D, 0xD7, 0xED, 0xD3, 0x3A, 0x3C,
    0x72, 0x22, 0x8F, 0x1E, 0x4E, 0x22, 0x9F, 0x45, 0x14, 0x3F, 0xAF, 0x5B, 0x5F, 0x87, 0x48, 0x12,
    0x89, 0x63, 0xB3, 0xC8, 0x20, 0xB2, 0x8A, 0x4C, 0x01, 0x06, 0x73, 0x9C, 0x70, 0x48, 0x4B, 0x1D,
    0xD1, 0x23, 0x5B, 0x8E, 0xF6, 0xE6, 0x68, 0x75, 0xCC, 0x7A, 0x4E, 0x0A, 0x35, 0x47, 0x07, 0xDC,
    0xF2, 0xA1, 0xD4, 0xF2, 0xFB, 0xA5, 0x4F, 0x86, 0xC2, 0xE7, 0x1D, 0x86, 0x70, 0xD8, 0x8B, 0x5D,
    0xB6, 0xF1, 0xC9, 0x6F, 0x96, 0xB3, 0x9E, 0x74, 0x15, 0x26, 0xB0, 0x3C, 0x42, 0xE0, 0x51, 0xEC,
    0x45, 0x50, 0x9D, 0xCD, 0xBD, 0x77, 0x8C, 0x46, 0x6F, 0xAE, 0xC6, 0x68, 0x0E, 0xDA, 0xF0, 0x08,
    0xE8, 0xD1, 0x43, 0xA3, 0xFE, 0xB3, 0x87, 0x66, 0xC2, 0x18, 0x8D, 0xC3, 0x18, 0xCD, 0x7D, 0x8F,
    0x31, 0x1E, 0x7C, 0x1D, 0x8C, 0xB9, 0xFB, 0x9F, 0xBD, 0x63, 0x74, 0xCA, 0x3B, 0xEB, 0xC4, 0x4E,
    0xF2, 0xB8, 0x90, 0x2E, 0x2F, 0x71, 0xE3, 0xC5, 0x8E, 0xE8, 0x38, 0x26, 0x1E, 0x0B, 0xB0, 0x83,
    0x76, 0xFB, 0xBF, 0x87, 0x24, 0x5E, 0x3B, 0x74, 0xB7, 0x7B, 0x0A, 0xFA, 0xB3, 0xAD, 0xA5, 0x80,
    0x7D, 0x94, 0x32, 0x49, 0x3A, 0x48, 0x8E, 0x29, 0x82, 0xD5, 0x68, 0x8D, 0xBB, 0x8A, 0x04, 0x5F,
    0xA0, 0xCA, 0x52, 0xE5, 0x72, 0xAC, 0x54, 0x55, 0x82, 0xB8, 0xA9, 0x50, 0x2B, 0xAE, 0xC7, 0x24,
    0xA6, 0x21, 0xF7, 0x45, 0xF9, 0xB9, 0x68, 0x5D, 0x84, 0x53, 0xC1, 0xDB, 0xA0, 0xAD, 0x0B, 0x90,
    0x3D, 0xA9, 0xBE, 0x99, 0xD4, 0x3D, 0x1F, 0x39, 0x89, 0xBB, 0x90, 0xCC, 0xA6, 0xE1, 0xAD, 0x66,
    0xBE, 0x02, 0xB8, 0x15, 0xF0, 0x9D, 0x65, 0x39, 0x20, 0x01, 0x88, 0x79, 0x37, 0x38, 0x72, 0x1E,
    0xA9, 0x4F, 0xDA, 0x04, 0x7D, 0x50, 0x6F, 0x82, 0xB8, 0x20, 0x7F, 0x0D, 0x9C, 0x9C, 0x9D, 0xBB,
    0xC2, 0xC0, 0xB5, 0x4E, 0xA2, 0xA6, 0xD9, 0xC3, 0xA1, 0x92, 0xC9, 0xF1, 0x56, 0xBC, 0xE0, 0x13,
    0x85, 0x09, 0x3B, 0x79, 0xA4, 0x69, 0x0F, 0x3E, 0x14, 0xE9, 0xF3, 0x52, 0x94, 0x53, 0xF7, 0x8F,
    0x01, 0x2B, 0xE7, 0x24, 0xE9, 0x8A, 0x92, 0x4F, 0x7E, 0xB3, 0x9C, 0xF5, 0xA4, 0x2B, 0xB0, 0x14,
    0x28, 0x09, 0x30, 0x78, 0x79, 0xB3, 0x16, 0x88, 0x5E, 0x02, 0x9B, 0x9A, 0xD8, 0xC6, 0xE5, 0x7A,
    0x12, 0x71, 0xFF, 0x41, 0x99, 0x86, 0x34, 0x14, 0x8D, 0xD3, 0x5F, 0x36, 0x16, 0xF8, 0x96, 0x87,
    0x95, 0x89, 0x4D, 0xBE, 0x05, 0xBE, 0xB3, 0x3C, 0x00, 0x1E, 0x72, 0x68, 0x50, 0x12, 0x0C, 0xF4,
    0x7D, 0xD9, 0x12, 0xE7, 0x9E, 0xAA, 0x08, 0x7D, 0xCD, 0x9A, 0x1F, 0x27, 0x8B, 0x38, 0x0D, 0x2E,
    0x40, 0xD6, 0x73, 0x1D, 0x20, 0xEB, 0x6F, 0x0F, 0xB0, 0xDC, 0x20, 0xF9, 0x12, 0xB2, 0x44, 0x46,
    0xF2, 0x82, 0xD9, 0x25, 0x41, 0xF2, 0x20, 0xB4, 0x23, 0x4F, 0x59, 0x4A, 0xB3, 0x48, 0x68, 0x0E,
    0x5C, 0xB5, 0x2A, 0x52, 0x41, 0x65, 0x20, 0xF1, 0x37, 0xB6, 0xA6, 0xDE, 0xD9, 0x12, 0x12, 0xA1,
    0x38, 0x90, 0x08, 0x6C, 0x39, 0x69, 0x35, 0x24, 0x8A, 0xF1, 0x18, 0xDD, 0x17, 0xF6, 0x10, 0xA3,
    0xD3, 0x38, 0xBA, 0x6A, 0xCC, 0x7F, 0xD4, 0xE8, 0xC4, 0x6E, 0xDD, 0xAB, 0xE5, 0x68, 0xA4, 0x6A,
    0xE0, 0x41, 0xB1, 0x3E, 0x99, 0xD2, 0x49, 0xD9, 0xC0, 0x82, 0xCA, 0xE3, 0xE5, 0x2A, 0x9C, 0x24,
    0x74, 0x8A, 0x5D, 0x35, 0xCD, 0xC6, 0x26, 0x06, 0xD9, 0xBE, 0x96, 0x8A, 0x9D, 0x27, 0x9F, 0x11,
    0x5C, 0x61, 0x41, 0x57, 0x67, 0x89, 0xAA, 0xAF, 0x30, 0x3D, 0xEE, 0x19, 0xA8, 0xF5, 0xEE, 0x28,
    0x0B, 0x85, 0x83, 0x4E, 0x15, 0x36, 0x0B, 0x1F, 0x48, 0x51, 0xB3, 0xBA, 0x42, 0xA7, 0x80, 0x5A,
    0xCC, 0x7A, 0x11, 0xE0, 0x49, 0x4D, 0x07, 0xD1, 0xF9, 0x00, 0x6E, 0xF4, 0xBF, 0x05, 0xF7, 0xB4,
    0x8A, 0x42, 0xFA, 0xF7, 0x24, 0x92, 0xFB, 0x92, 0x64, 0x2F, 0xC1, 0xB9, 0x48, 0xC2, 0xFB, 0x11,
    0x99, 0xBD, 0x08, 0x64, 0xCA, 0x0D, 0x82, 0x9C, 0xAF, 0xC5, 0x41, 0xBF, 0x07, 0xB9, 0x70, 0xB3,
    0xB2, 0x85, 0x76, 0xAE, 0xCB, 0x93, 0xBB, 0x98, 0x22, 0x7B, 0x38, 0x83, 0xFC, 0x1E, 0xD9, 0xA7,
    0x40, 0x19, 0xDF, 0x2E, 0x4F, 0x24, 0xF4, 0x17, 0xF5, 0x68, 0x14, 0x1F, 0xD9, 0xFC, 0xC8, 0x7B,
    0x8A, 0x12, 0x13, 0xE2, 0xC3, 0xAE, 0x1E, 0x4D, 0x7C, 0x38, 0x1F, 0x83, 0x03, 0xBA, 0x73, 0xFA,
    0x34, 0xE1, 0x23, 0x8D, 0xAD, 0x18, 0x09, 0xCD, 0x5D, 0x9C, 0x1F, 0x88, 0x7C, 0x7C, 0x74, 0x50,
    0x7C, 0x40, 0x2E, 0x8A, 0x1B, 0x98, 0x0E, 0x1F, 0x3A, 0x3F, 0x20, 0xEF, 0x05, 0x5F, 0xD8, 0x30,
    0xC7, 0x1E, 0x62, 0xD1, 0x1F, 0x98, 0x98, 0x38, 0x8C, 0x91, 0xA6, 0xCB, 0x86, 0x11, 0x9A, 0xB9,
    0x8C, 0x75, 0xA4, 0x21, 0x2D, 0xDB, 0xB0, 0x6D, 0xE4, 0x21, 0xD7, 0x18, 0x96, 0x10, 0x4A, 0xF4,
    0x02, 0x3D, 0x19, 0x25, 0xED, 0x56, 0xE6, 0x68, 0x8F, 0x56, 0x8E, 0x1D, 0xDB, 0x80, 0xDF, 0xE2,
    0xEF, 0x63, 0x5D, 0xBD, 0x81, 0xDD, 0xBA, 0xB9, 0xBE, 0x59, 0x83, 0x2C, 0xA9, 0x97, 0x28, 0xBC,
    0x71, 0x09, 0xBC, 0xB9, 0x1A, 0xAF, 0xE0, 0x14, 0x7D, 0x7F, 0xE1, 0xBC, 0xB3, 0x7F, 0x76, 0xB2,
    0x86, 0xED, 0xEB, 0xA2, 0xF8, 0x57, 0xE8, 0xF5, 0xEC, 0x07, 0xF3, 0xE1, 0xF4, 0x5F, 0x16, 0x8C,
    0x9F, 0x27, 0x90, 0x52, 0x4F, 0xFB, 0x41, 0x57, 0x0B, 0x27, 0x8F, 0xB3, 0x95, 0x0B, 0xC0, 0xE7,
    0x19, 0xEE, 0xAA, 0xA8, 0xE7, 0x7B, 0x33, 0xF4, 0xB3, 0xF1, 0x81, 0x9D, 0xB4, 0x44, 0x53, 0xB4,
    0x18, 0x9F, 0x8D, 0x89, 0x86, 0x6C, 0x14, 0xDB, 0x03, 0x61, 0x60, 0xA3, 0x64, 0x23, 0xD0, 0x72,
    0x72, 0x1A, 0x96, 0xBA, 0x41, 0xD3, 0xBA, 0x22, 0x92, 0x90, 0x98, 0xCD, 0x22, 0x83, 0x15, 0x2B,
    0xEA, 0xF8, 0xAD, 0x52, 0x62, 0x38, 0x18, 0xD1, 0xE2, 0xFB, 0x63, 0x3B, 0x0A, 0xB3, 0x09, 0x8F,
    0x70, 0x15, 0x68, 0x20, 0x9A, 0x88, 0x34, 0xA2, 0x9A, 0x88, 0x33, 0xF5, 0x1D, 0x82, 0x11, 0xFD,
    0x0A, 0x36, 0xAB, 0x7F, 0x87, 0x8D, 0xEB, 0xE1, 0x18, 0x4B, 0x89, 0x1C, 0x91, 0x25, 0x2A, 0xE2,
    0x8C, 0x12, 0x65, 0x44, 0x29, 0x16, 0xD2, 0xF8, 0x13, 0x36, 0xB1, 0xAB, 0xE8, 0xD5, 0x42, 0x63,
    0xA4, 0x0E, 0x29, 0x66, 0x4A, 0xB4, 0xB5, 0x88, 0x7C, 0x03, 0xB2, 0x88, 0xA2, 0x87, 0x55, 0xC2,
    0x93, 0x6C, 0xDC, 0xC9, 0x8C, 0xF8, 0x19, 0x2B, 0x22, 0x49, 0x24, 0x8E, 0xCD, 0x22, 0x83, 0xC8,
    0x2A, 0x32, 0x3D, 0x79, 0x13, 0xBB, 0x3C, 0x91, 0x71, 0x13, 0xCB, 0x5F, 0x62, 0xFD, 0x6F, 0xA4,
    0xED, 0xFB, 0x11, 0xF9, 0xC3, 0x9B, 0xD8, 0xE5, 0xC9, 0x35, 0xCF, 0x8E, 0xA1, 0x9D, 0xEB, 0xD2,
    0xE4, 0xFE, 0x5C, 0x04, 0x7E, 0x20, 0xED, 0x5C, 0x9D, 0xF7, 0x45, 0x6B, 0xDB, 0xAC, 0x77, 0xD8,
    0x26, 0xB0, 0xB1, 0x21, 0xBA, 0x8F, 0x0E, 0x9C, 0x51, 0x3E, 0xB5, 0xBD, 0x47, 0x04, 0x8F, 0x7A,
    0xD2, 0x91, 0x9E, 0xED, 0xD8, 0xB1, 0x85, 0xC8, 0x15, 0x65, 0x74, 0x8B, 0x8C, 0xC2, 0xB1, 0x8B,
    0x4C, 0x88, 0xB4, 0x46, 0x2B, 0x84, 0x7B, 0xC5, 0x6C, 0xC5, 0x78, 0xE9, 0x17, 0x6F, 0x90, 0x82,
    0x75, 0xCB, 0x7F, 0x29, 0xFB, 0x71, 0x97, 0xF8, 0x0E, 0x16, 0xD7, 0xFE, 0xB7, 0x4F, 0x99, 0xBA,
    0xB7, 0xC0, 0x06, 0x3B, 0xE0, 0x84, 0x99, 0x67, 0x93, 0x65, 0xE4, 0x40, 0x5B, 0x43, 0x26, 0xEA,
    0x98, 0xD2, 0x5C, 0x5F, 0x32, 0x3D, 0xFA, 0xE9, 0x3C, 0x1B, 0xDC, 0x77, 0xE9, 0x14, 0x96, 0xCD,
    0x91, 0xA9, 0xC5, 0x84, 0xFA, 0xDD, 0x01, 0xB9, 0x80, 0x56, 0x10, 0x6B, 0x7B, 0x83, 0x2C, 0x52,
    0x07, 0xC8, 0x42, 0x46, 0x30, 0x95, 0x31, 0xD2, 0xE5, 0x66, 0x94, 0xF9, 0x8B, 0xE7, 0x6D, 0x38,
    0xA7, 0x88, 0xA7, 0x7B, 0x53, 0x5E, 0x38, 0xEF, 0x01, 0x1B, 0xE7, 0x1A, 0xB6, 0x5D, 0xD0, 0x85,
    0xCD, 0x4B, 0xDE, 0xC4, 0x53, 0x99, 0x5D, 0x87, 0x63, 0x3B, 0x2C, 0x98, 0x41, 0xAC, 0xDD, 0x61,
    0xF5, 0x5C, 0x48, 0xE9, 0xDE, 0x16, 0x7A, 0x88, 0x25, 0x73, 0xFF, 0x8E, 0xC7, 0x26, 0xA0, 0x66,
    0xCA, 0x8E, 0xD5, 0x0C, 0x34, 0x68, 0x4C, 0xEB, 0x82, 0x21, 0xD3, 0xE9, 0xE8, 0xF8, 0xB6, 0x35,
    0xAD, 0xB7, 0xAE, 0x0E, 0x4E, 0x71, 0xE0, 0x06, 0x03, 0x18, 0xE9, 0xCC, 0xE7, 0x77, 0x94, 0xB1,
    0x2E, 0xD2, 0x4C, 0xC7, 0xDA, 0x26, 0x90, 0xCE, 0xD3, 0xA1, 0x8A, 0x5E, 0xB7, 0x75, 0x74, 0xAA,
    0x5E, 0xFF, 0x00, 0xBA, 0x7B, 0x53, 0xA9, 0xF7, 0xE1, 0xA2, 0x23, 0x20, 0x02, 0xBB, 0x0F, 0xE7,
    0xFA, 0x47, 0x45, 0xAA, 0x6A, 0xA1, 0xEC, 0xE0, 0x59, 0x67, 0x83, 0xFE, 0xC9, 0x0C, 0x28, 0xEF,
    0x01, 0x41, 0xEF, 0x69, 0xBD, 0xC4, 0x40, 0x16, 0x1C, 0xFF, 0x9D, 0xD5, 0xA9, 0xC0, 0x4A, 0x4D,
    0x60, 0x03, 0xEB, 0x13, 0x22, 0xFF, 0x8B, 0x18, 0xFC, 0x14, 0xE1, 0x0A, 0x4F, 0x77, 0x00, 0xD0,
    0xDF, 0xA0, 0x0D, 0x53, 0x60, 0x84, 0x66, 0xCD, 0xFC, 0x6D, 0xF5, 0x65, 0xC8, 0x26, 0x66, 0x68,
    0xD5, 0xAC, 0x72, 0x09, 0x18, 0x23, 0xAB, 0x92, 0xBC, 0x3E, 0x1F, 0x3F, 0x26, 0x37, 0x34, 0xDB,
    0x27, 0x50, 0xB5, 0xEE, 0x73, 0x49, 0xDB, 0xE2, 0x7C, 0xFC, 0x1E, 0x23, 0x4C, 0xD3, 0x5F, 0x45,
    0x17, 0x90, 0x7E, 0x83, 0x30, 0x6D, 0x15, 0xE6, 0x9C, 0x95, 0xDF, 0xA2, 0x7F, 0x22, 0x6B, 0x58,
    0x5F, 0xE7, 0x1A, 0x6B, 0x85, 0x79, 0xEB, 0x1F, 0x8B, 0x84, 0xEB, 0xF3, 0x93, 0xDF, 0xA6, 0x39,
    0x17, 0xDF, 0x2B, 0xDA, 0x42, 0x95, 0xAD, 0x22, 0x1C, 0x68, 0x79, 0xB4, 0xA6, 0x3D, 0x5A, 0x33,
    0x0E, 0x40, 0xFB, 0x64, 0xBA, 0xC2, 0x12, 0x8D, 0xE5, 0x88, 0x12, 0xE2, 0x15, 0x33, 0x6D, 0x70,
    0x82, 0x68, 0xFD, 0x1A, 0x13, 0xF5, 0x3B, 0xA7, 0x6F, 0xE0, 0x60, 0xAD, 0xB6, 0xC0, 0x60, 0x75,
    0x15, 0x21, 0xEF, 0xF6, 0x29, 0x65, 0xBF, 0x14, 0xD7, 0xBC, 0x1D, 0x9A, 0xB1, 0x8C, 0x75, 0x45,
    0x8C, 0x92, 0x35, 0x9E, 0x6C, 0x0A, 0x73, 0x0A, 0x01, 0xFB, 0x05, 0x5D, 0x71, 0x88, 0x44, 0x29,
    0x97, 0x60, 0x5C, 0x85, 0xCA, 0x0C, 0x6B, 0xD7, 0x6E, 0x70, 0x76, 0x99, 0x35, 0xDA, 0xB7, 0x36,
    0x14, 0xC1, 0x79, 0x24, 0x06, 0x30, 0xE1, 0x0D, 0x50, 0x06, 0x63, 0xFB, 0xEE, 0x83, 0xBF, 0x80,
    0x26, 0xCC, 0xA6, 0x4D, 0x6B, 0xB3, 0x3C, 0xC9, 0x9A, 0x15, 0x9B, 0x21, 0xC5, 0xDA, 0xF5, 0x9D,
    0x95, 0x5F, 0xCE, 0xCD, 0x13, 0x93, 0x71, 0x83, 0xA7, 0x74, 0x37, 0x90, 0xC0, 0xE7, 0xE5, 0xB9,
    0xF8, 0xED, 0x73, 0x6D, 0x67, 0xE4, 0x65, 0x4B, 0xE3, 0x97, 0x01, 0xC6, 0x06, 0x55, 0x49, 0xA7,
    0x93, 0x7F, 0x32, 0xA6, 0x5D, 0xD6, 0x9A, 0x9A, 0x01, 0x2F, 0xBC, 0xC6, 0x89, 0xBF, 0x24, 0x26,
    0xDA, 0xF9, 0xCB, 0xB2, 0xC8, 0xFC, 0x27, 0x31, 0x44, 0x41, 0xDB, 0x77, 0xBC, 0x8F, 0x8E, 0x4B,
    0xE7, 0xD0, 0xB6, 0x7F, 0xD7, 0x3B, 0xD1, 0xA4, 0xC5, 0x60, 0x5A, 0xA9, 0x5E, 0x63, 0xBF, 0x44,
    0xD1, 0xCD, 0x29, 0x76, 0x13, 0xBB, 0x6F, 0x93, 0xCF, 0x0A, 0xDE, 0xB9, 0xAE, 0xC0, 0x24, 0x64,
    0x5B, 0x80, 0x70, 0xA0, 0xC9, 0x07, 0xDB, 0xD9, 0x6E, 0x35, 0x21, 0x75, 0x54, 0xB0, 0xFE, 0x63,
    0xF0, 0xBB, 0x86, 0x51, 0xC0, 0xB8, 0x91, 0x98, 0xA6, 0x4F, 0xE7, 0x5C, 0x43, 0x0F, 0xE0, 0x44,
    0x5D, 0xCC, 0x31, 0x68, 0x1E, 0x6D, 0x3C, 0xBB, 0xF3, 0xA7, 0x9F, 0xF1, 0x9D, 0xAC, 0x9C, 0xAF,
    0xD7, 0x0B, 0x16, 0xD8, 0x07, 0x37, 0x3B, 0xF0, 0xE3, 0xFD, 0xF3, 0x7B, 0xFA, 0x77, 0xA2, 0x72,
    0x9E, 0x91, 0xDF, 0x09, 0x0E, 0xF2, 0xCC, 0xFC, 0xB6, 0x1C, 0x64, 0xB2, 0xE5, 0x20, 0xCF, 0xCA,
    0x6F, 0xD1, 0x7F, 0xB9, 0x81, 0x23, 0x65, 0x3F, 0x63, 0xDF, 0x32, 0xAE, 0xE5, 0x0E, 0xDA, 0x5C,
    0x6F, 0x1F, 0x7A, 0xAF, 0xAF, 0xFD, 0xCD, 0x3E, 0x82, 0x51, 0x4F, 0xB7, 0x79, 0x02, 0x11, 0x13,
    0x2A, 0x84, 0x76, 0x63, 0x3E, 0xC2, 0x25, 0x1A, 0x06, 0x73, 0x15, 0xD0, 0xF7, 0xFF, 0x03, 0x7A,
    0xF5, 0x9C, 0x7F, 0xC3, 0xDC, 0x84, 0xA7, 0x9B, 0x68, 0x18, 0x24, 0x99, 0x89, 0x19, 0xCA, 0xD9,
    0xDB, 0x08, 0x24, 0x7E, 0x46, 0x66, 0x3C, 0xC0, 0xE7, 0xC9, 0x62, 0x0C, 0x28, 0xA8, 0x26, 0xAB,
    0x33, 0x6A, 0x4B, 0x15, 0xFD, 0x21, 0x68, 0x09, 0x06, 0x43, 0xAD, 0x06, 0x86, 0x27, 0x60, 0x3B,
    0x24, 0x7A, 0x6B, 0x75, 0xC2, 0x56, 0xCD, 0xC1, 0x49, 0xDC, 0x4B, 0x9B, 0xF3, 0xF1, 0x5B, 0xFB,
    0xB0, 0x3B, 0x1B, 0x1F, 0x76, 0x3E, 0x7E, 0x7B, 0x7C, 0xD8, 0xC5, 0x8C, 0x35, 0x6C, 0xC6, 0xCA,
    0xD0, 0xCD, 0x36, 0xE9, 0x68, 0xC3, 0x72, 0x30, 0x21, 0xEF, 0xF1, 0x8B, 0x6F, 0x29, 0xB8, 0x25,
    0x93, 0xF5, 0xA2, 0x55, 0x1D, 0xB3, 0xD4, 0x8A, 0x71, 0xD9, 0x38, 0xFF, 0x8D, 0x03, 0x77, 0x12,
    0xFF, 0x55, 0x30, 0x01, 0xEB, 0xD4, 0xCC, 0xFF, 0xB1, 0x8C, 0x6F, 0x1F, 0xC9, 0x47, 0x38, 0x18,
    0xD7, 0x2E, 0xA1, 0x55, 0x64, 0x1E, 0xEA, 0x4D, 0x1F, 0xD5, 0xB0, 0x5E, 0x41, 0x54, 0x49, 0x94,
    0xB1, 0x8E, 0x34, 0xA4, 0x65, 0x9B, 0x3D, 0xBC, 0x64, 0xB4, 0x47, 0xB0, 0xD6, 0xF2, 0x0B, 0xEC,
    0xFF, 0xFF, 0x01, 0xBD, 0x5A, 0xBD, 0x8E, 0xDC, 0xC8, 0x11, 0xAE, 0x19, 0xC2, 0x22, 0x0C, 0x06,
    0x7C, 0x00, 0x01, 0x62, 0xE2, 0xD4, 0x47, 0x07, 0x4E, 0x0C, 0x58, 0xDB, 0x3C, 0xDC, 0x03, 0xDC,
    0x23, 0xF8, 0x01, 0x1C, 0x9C, 0x43, 0x07, 0xD2, 0x91, 0x3E, 0x05, 0x0E, 0x14, 0x48, 0x80, 0x1F,
    0x40, 0x8F, 0x60, 0x07, 0x17, 0xC8, 0xC0, 0x4A, 0xA4, 0xA5, 0xE0, 0x82, 0x0D, 0xC4, 0xCC, 0xE1,
    0x8E, 0x81, 0x03, 0x6C, 0xE0, 0x02, 0xB5, 0xCF, 0x34, 0xCC, 0x85, 0x48, 0xB6, 0xBF, 0xAF, 0x9A,
    0x9C, 0xE5, 0xCC, 0xEE, 0x68, 0x77, 0x67, 0x67, 0x35, 0xC3, 0xAA, 0x19, 0xF6, 0x4F, 0x75, 0x75,
    0xB3, 0xBB, 0xFA, 0xAB, 0x6A, 0x4A, 0xEC, 0x56, 0x22, 0xCA, 0xB6, 0x3E, 0xA1, 0xAB, 0x98, 0x51,
    0x8D, 0xB9, 0xA9, 0xB3, 0x22, 0x86, 0x2C, 0x7F, 0xD7, 0x8A, 0x94, 0x27, 0x9D, 0x88, 0x7B, 0xD2,
    0xCB, 0xC2, 0x05, 0x4E, 0x02, 0xB7, 0x00, 0xEB, 0xC5, 0x15, 0x91, 0x73, 0xAE, 0x8A, 0xC9, 0x12,
    0xB0, 0x55, 0x6A, 0x25, 0xB5, 0x66, 0x25, 0x49, 0x93, 0xD7, 0x12, 0x77, 0x90, 0x16, 0x77, 0x81,
    0xEB, 0x84, 0x34, 0xFF, 0xDC, 0x73, 0x2D, 0x84, 0xBB, 0x0C, 0x54, 0xFD, 0x4A, 0x4A, 0xB6, 0x67,
    0xEF, 0x39, 0x67, 0x71, 0x6F, 0x4B, 0x90, 0xAB, 0x53, 0xEB, 0x0A, 0x83, 0x5F, 0x7F, 0x6F, 0xDC,
    0x7B, 0x1B, 0x0D, 0x90, 0xFE, 0x99, 0x40, 0xA3, 0xF8, 0x8B, 0xD5, 0xA8, 0xEA, 0xD2, 0x7D, 0x9A,
    0x3E, 0x88, 0x8D, 0x45, 0xDA, 0x14, 0x82, 0x7A, 0x41, 0xC6, 0xED, 0xFB, 0x71, 0x77, 0x9A, 0x42,
    0x22, 0x35, 0xFB, 0x39, 0xD9, 0x11, 0x99, 0x69, 0x99, 0xD6, 0xEE, 0xAD, 0xAA, 0xFC, 0x1A, 0xF5,
    0xBF, 0x05, 0x51, 0x0E, 0x95, 0x45, 0x8B, 0x92, 0xD4, 0xF8, 0xC5, 0xFD, 0xEC, 0xB1, 0x46, 0xEE,
    0x7B, 0x81, 0x56, 0x21, 0x28, 0x76, 0x59, 0x6E, 0x3A, 0x59, 0x1A, 0xD4, 0x66, 0x4B, 0x0E, 0xA5,
    0xD9, 0x57, 0xA5, 0xDA, 0xA7, 0x31, 0x8F, 0x65, 0x58, 0x96, 0x75, 0x58, 0x57, 0x65, 0x88, 0x29,
    0x44, 0x5E, 0x8B, 0x2C, 0x20, 0x3B, 0xE0, 0xD3, 0xAE, 0xBC, 0xFC, 0xF2, 0x0C, 0xD9, 0x0E, 0x43,
    0xE5, 0xD0, 0xA5, 0x50, 0xCA, 0xB9, 0xCC, 0x91, 0x98, 0xC6, 0xBC, 0x54, 0x45, 0x39, 0xAD, 0x83,
    0x31, 0x2C, 0x24, 0xF8, 0xB0, 0x92, 0xF8, 0x0F, 0xCD, 0xC1, 0x75, 0x8D, 0x91, 0x91, 0x42, 0xEC,
    0x11, 0x74, 0xED, 0x8E, 0x64, 0x61, 0xE3, 0xEC, 0x56, 0xBA, 0x4A, 0x39, 0x23, 0x39, 0xFC, 0xD8,
    0x26, 0xC8, 0xD8, 0xA6, 0xDB, 0xE8, 0x9B, 0x2E, 0xAD, 0x44, 0xA7, 0x15, 0xA6, 0xE8, 0xC1, 0x75,
    0x5D, 0xEA, 0x92, 0xC3, 0x0C, 0xFE, 0xBA, 0xF3, 0x63, 0x1C, 0xAF, 0x6E, 0xA5, 0x6B, 0x60, 0x39,
    0x5F, 0x7B, 0x4E, 0x58, 0x63, 0xE7, 0x63, 0xEB, 0xDC, 0x19, 0x19, 0x66, 0x36, 0x58, 0x87, 0xFA,
    0x5F, 0x41, 0x87, 0x2A, 0x70, 0x99, 0xAB, 0x16, 0xAE, 0x82, 0x38, 0x65, 0x65, 0x4D, 0xB6, 0x5A,
    0xB3, 0x7A, 0xCC, 0xD0, 0x22, 0x5A, 0xF8, 0x2B, 0x37, 0x0A, 0xF0, 0xA2, 0xCE, 0x74, 0x2C, 0x3A,
    0x4E, 0x66, 0x70, 0x39, 0xE7, 0x8F, 0x95, 0x1F, 0xC3, 0x76, 0x3D, 0xED, 0xB8, 0xFC, 0x69, 0x1A,
    0x53, 0xE5, 0xA6, 0xC1, 0x40, 0x48, 0x59, 0x71, 0x15, 0xBB, 0x1D, 0xDC, 0xE7, 0xFA, 0x92, 0xBE,
    0x96, 0x97, 0xE0, 0xA5, 0x45, 0x6C, 0x1B, 0x6C, 0x10, 0x35, 0x15, 0x51, 0xBF, 0x74, 0x36, 0xEA,
    0x31, 0x16, 0x60, 0x71, 0x07, 0x16, 0xF5, 0x60, 0xE1, 0x50, 0x3A, 0x1B, 0xBA, 0x35, 0x1B, 0xA6,
    0x0C, 0x2D, 0xC2, 0xC2, 0xAC, 0xA6, 0x02, 0x46, 0x51, 0x2B, 0xD5, 0x59, 0xE5, 0x57, 0x33, 0xC6,
    0x34, 0x6D, 0x58, 0x75, 0x50, 0x75, 0x54, 0x33, 0x55, 0xD2, 0x5D, 0xC2, 0x34, 0x43, 0x8B, 0x68,
    0x61, 0xAD, 0xA6, 0x02, 0x42, 0x58, 0x27, 0xD2, 0xE6, 0x83, 0xC1, 0xD8, 0x4E, 0xB4, 0xF5, 0x84,
    0x91, 0x56, 0xAC, 0xA9, 0xBA, 0x38, 0x03, 0x90, 0x5E, 0x4F, 0xB4, 0x74, 0xBD, 0x90, 0x36, 0x3E,
    0x65, 0xCB, 0x2E, 0x14, 0x50, 0x63, 0x65, 0x6C, 0x6A, 0xA1, 0x58, 0xCB, 0xA7, 0xB7, 0x26, 0xCE,
    0xA2, 0x8A, 0x03, 0xFD, 0x93, 0xBF, 0xA0, 0x0C, 0x47, 0xC3, 0x4A, 0x09, 0x0B, 0x5C, 0xB4, 0x98,
    0xEC, 0x98, 0x3F, 0x30, 0x2A, 0x87, 0xD6, 0x73, 0xD7, 0x26, 0xB3, 0xAF, 0xAE, 0x92, 0xA3, 0xEE,
    0x44, 0x77, 0x30, 0xAE, 0xBB, 0xAD, 0xC9, 0x7E, 0xFA, 0x1E, 0x4C, 0x2F, 0xDD, 0xB1, 0x9A, 0x91,
    0x78, 0x6F, 0xEA, 0xBD, 0xC7, 0xF0, 0x92, 0xDD, 0x2F, 0xAA, 0xB0, 0x78, 0x3F, 0x58, 0xDF, 0xF0,
    0xA1, 0xE7, 0xEA, 0x4E, 0xAB, 0xB7, 0xAF, 0xFE, 0xCC, 0x09, 0xFE, 0x47, 0xC0, 0x54, 0xB4, 0x9B,
    0x5B, 0x8A, 0x37, 0x7B, 0x30, 0x5E, 0x0A, 0x2A, 0x8A, 0xB4, 0xA2, 0x4D, 0xA9, 0xD4, 0x38, 0xD2,
    0x30, 0xAB, 0x15, 0xE5, 0xB2, 0x05, 0x36, 0x50, 0x56, 0x83, 0x21, 0xC3, 0x58, 0x14, 0x01, 0xC3,
    0x42, 0xB6, 0x34, 0xDA, 0x96, 0x56, 0xDB, 0x7A, 0xB3, 0xA7, 0x42, 0x15, 0x1B, 0x40, 0xCA, 0x2B,
    0xB4, 0xD7, 0x3C, 0x96, 0x60, 0x95, 0x6A, 0x83, 0x5C, 0xE7, 0x5C, 0xF0, 0x5C, 0xF9, 0xA6, 0xC9,
    0xBB, 0xB2, 0x26, 0x64, 0xD9, 0x24, 0xDA, 0x07, 0xE6, 0xB1, 0x0C, 0xCB, 0x2E, 0xDD, 0x33, 0x5A,
    0xB8, 0xF6, 0x41, 0x96, 0x37, 0x80, 0x3C, 0x2B, 0x50, 0x41, 0x20, 0x23, 0x0F, 0xC3, 0x8A, 0xF6,
    0x8F, 0xC6, 0xB5, 0x97, 0x4F, 0xD3, 0xAD, 0x1D, 0xAB, 0xF3, 0xA0, 0xDD, 0xF2, 0x4B, 0xF5, 0x9C,
    0xC9, 0x27, 0xEA, 0x9B, 0x6E, 0xC2, 0x5B, 0x74, 0xE8, 0xBE, 0xDD, 0x9D, 0xF6, 0x73, 0xB3, 0x4E,
    0xFC, 0xA5, 0x60, 0x84, 0x1B, 0xFD, 0x42, 0x1F, 0x13, 0xDA, 0x0E, 0xF0, 0x27, 0x24, 0x96, 0xBC,
    0x83, 0x7E, 0x29, 0xE6, 0x36, 0x7C, 0x5C, 0x5D, 0x5C, 0xCC, 0xCD, 0xEC, 0x88, 0x1C, 0x3E, 0xC6,
    0x46, 0x93, 0x31, 0xB1, 0x6B, 0xD4, 0xA8, 0x14, 0x9B, 0x10, 0xD1, 0x9F, 0xA2, 0xB1, 0xA3, 0x60,
    0x72, 0xE4, 0x82, 0x61, 0x27, 0x4B, 0xB1, 0x65, 0x0D, 0x8E, 0x7E, 0x04, 0xE0, 0x7F, 0xE0, 0xDE,
    0xB8, 0x22, 0xF0, 0x08, 0x07, 0x16, 0x03, 0x45, 0xAE, 0xC5, 0xD0, 0x49, 0xCC, 0xF9, 0x39, 0xA7,
    0xC6, 0x6E, 0xE4, 0x1B, 0xB9, 0x48, 0xD8, 0xE2, 0x17, 0xEA, 0x5E, 0xC1, 0x69, 0xF6, 0x1A, 0xCE,
    0x95, 0x4E, 0xC9, 0xDF, 0xE3, 0x19, 0x7D, 0x70, 0x6D, 0xAC, 0x4F, 0x23, 0x1A, 0xE0, 0x56, 0x0E,
    0x71, 0x1B, 0x38, 0xA5, 0x66, 0x37, 0xA5, 0x7F, 0xAA, 0x8C, 0xAB, 0x60, 0x08, 0xBF, 0x9D, 0x10,
    0x35, 0xDA, 0xD8, 0xE3, 0x3A, 0x0A, 0x8B, 0xF2, 0x04, 0x16, 0x3C, 0xFB, 0xD1, 0x89, 0x7D, 0xAC,
    0x72, 0xDA, 0xEB, 0x5E, 0xB9, 0x2B, 0xF2, 0x19, 0x5C, 0xD8, 0x4F, 0x81, 0xD2, 0xF1, 0x3A, 0x17,
    0x72, 0xED, 0xD6, 0x1F, 0x45, 0x85, 0x71, 0xE7, 0x56, 0x72, 0xBF, 0xD6, 0x6D, 0x94, 0x1D, 0x27,
    0x62, 0x06, 0x0A, 0xBC, 0xA9, 0x02, 0x9C, 0xB4, 0x57, 0x7D, 0x83, 0x2A, 0x96, 0x38, 0x8B, 0xBB,
    0xB0, 0xC3, 0x16, 0x59, 0xF8, 0xC1, 0xF2, 0xFF, 0x2E, 0xFF, 0xC6, 0xF2, 0x40, 0x52, 0x49, 0x3B,
    0x60, 0xEA, 0x8C, 0xDF, 0x69, 0xC5, 0x5D, 0xE3, 0xFB, 0x11, 0xA9, 0xAE, 0x4A, 0x9B, 0x43, 0x90,
    0xB7, 0x9F, 0xA5, 0xC5, 0xFC, 0x87, 0x5F, 0xEE, 0x32, 0x1D, 0x85, 0x22, 0xAF, 0x26, 0x5A, 0x5B,
    0x88, 0x59, 0xDA, 0x4D, 0xC8, 0x6F, 0xF5, 0x30, 0x05, 0x09, 0x64, 0x27, 0x98, 0x15, 0x49, 0xCB,
    0x5B, 0x60, 0x12, 0x42, 0x93, 0x99, 0xF5, 0xD9, 0xE3, 0x0A, 0x5D, 0xC1, 0xA9, 0xD6, 0xD1, 0x18,
    0x2F, 0x19, 0xB8, 0x91, 0xF8, 0x7D, 0x96, 0x46, 0xD5, 0x43, 0xB5, 0x34, 0xB0, 0x05, 0xD7, 0xBD,
    0x7A, 0x3A, 0x07, 0x5C, 0xC1, 0x96, 0x58, 0x99, 0xE6, 0xA6, 0xA2, 0x55, 0xC7, 0x3F, 0x43, 0x67,
    0x80, 0x3E, 0xD2, 0x5B, 0x66, 0xBC, 0x1B, 0xB8, 0xD2, 0xD9, 0x01, 0xA2, 0x2B, 0xE7, 0x01, 0xD1,
    0x6A, 0x4A, 0x7B, 0xCF, 0xDC, 0x13, 0x96, 0xFB, 0x1B, 0x6B, 0x54, 0x39, 0xE7, 0x53, 0x32, 0x78,
    0x45, 0xE9, 0x7D, 0x8D, 0xF6, 0x6F, 0x41, 0x53, 0xB7, 0xA4, 0x25, 0x66, 0xC8, 0x40, 0xA8, 0xAC,
    0x82, 0x9F, 0x0B, 0x64, 0x2C, 0xEB, 0xB9, 0x27, 0x50, 0x04, 0xF6, 0xDC, 0x95, 0x56, 0x9B, 0xA4,
    0x8F, 0xE8, 0x7F, 0x71, 0xFF, 0x02, 0xE9, 0x4F, 0x91, 0xFF, 0x0D, 0x67, 0x4B, 0xC9, 0xA0, 0x88,
    0x8F, 0x72, 0x70, 0xF3, 0x48, 0x08, 0x3B, 0x0A, 0x8D, 0x7D, 0xEC, 0x2B, 0x6B, 0x1D, 0xD7, 0x28,
    0x36, 0xF6, 0x8A, 0xFD, 0x69, 0x06, 0x1F, 0x83, 0x26, 0xAE, 0xD3, 0x2B, 0xD6, 0xCE, 0x7C, 0xBE,
    0x1F, 0xA6, 0x55, 0xED, 0x82, 0x21, 0xFA, 0xC4, 0x42, 0xFC, 0x1A, 0xFF, 0x8F, 0x09, 0x93, 0xAF,
    0xF3, 0xC5, 0x80, 0xAE, 0x00, 0x03, 0xE4, 0x88, 0x4F, 0x15, 0xF3, 0x23, 0x85, 0x4E, 0x06, 0xBE,
    0xB4, 0xC1, 0xFD, 0xD1, 0x5E, 0xBA, 0xB8, 0xA7, 0xD6, 0x3D, 0xAB, 0xDD, 0xB3, 0xCA, 0x3D, 0x2B,
    0xDC, 0x0B, 0x9D, 0x7A, 0xD7, 0xBC, 0x2E, 0x15, 0x5E, 0x56, 0x17, 0xE9, 0x0A, 0x05, 0x2E, 0x4A,
    0x7E, 0x61, 0x37, 0xAE, 0x1D, 0x0A, 0xE8, 0xA2, 0x9E, 0xB3, 0x37, 0x5C, 0xE8, 0xA7, 0x18, 0xA3,
    0xD2, 0x29, 0xC3, 0xE0, 0x96, 0xDD, 0xE8, 0x85, 0x04, 0x4E, 0xF1, 0x2F, 0xC7, 0x7C, 0x1D, 0x49,
    0x9C, 0xD7, 0xE5, 0x12, 0x5A, 0xB3, 0xA5, 0x93, 0xCD, 0xEB, 0x77, 0x4B, 0xD7, 0xC2, 0xC5, 0x0F,
    0x5C, 0x01, 0xEB, 0x91, 0x33, 0x96, 0x22, 0xCB, 0xCB, 0x2E, 0x11, 0x45, 0x10, 0x44, 0x51, 0x51,
    0xBD, 0xE1, 0x42, 0x5A, 0x2E, 0xE1, 0x86, 0x4C, 0x17, 0xF3, 0xA0, 0x60, 0x46, 0x19, 0x57, 0x84,
    0x1A, 0xDA, 0xD3, 0x15, 0xD8, 0x3B, 0x40, 0x39, 0xF7, 0x1D, 0x00, 0x95, 0x7B, 0xDB, 0x6B, 0x2A,
    0x59, 0x49, 0x66, 0xC8, 0x52, 0x6F, 0x14, 0x2A, 0x46, 0x1A, 0x34, 0x8E, 0x52, 0x49, 0x40, 0xA8,
    0xB8, 0xF2, 0x2B, 0x6D, 0x16, 0x61, 0x74, 0x4F, 0xD1, 0x46, 0xA9, 0x40, 0x89, 0x01, 0x4A, 0xC8,
    0xC6, 0xEA, 0xAB, 0x18, 0xB2, 0xBC, 0x82, 0xEE, 0x4E, 0x53, 0x8F, 0xBB, 0xA8, 0x1F, 0xA1, 0xA5,
    0xC4, 0x1C, 0x21, 0x06, 0x2B, 0xF7, 0x55, 0x55, 0xE5, 0xA5, 0xB5, 0x0F, 0x80, 0x1A, 0xBF, 0x8C,
    0xE4, 0x38, 0xE2, 0x83, 0x2E, 0xC7, 0xF8, 0xCB, 0xA7, 0x78, 0x02, 0x71, 0xD6, 0x4A, 0xF8, 0xC6,
    0xC2, 0x69, 0x1C, 0x23, 0x6B, 0xE5, 0xED, 0x9E, 0x80, 0xEF, 0xD8, 0x06, 0x57, 0xA3, 0x6D, 0xDE,
    0xB8, 0x04, 0x90, 0xFE, 0x1B, 0xC8, 0x94, 0x7C, 0x49, 0xFC, 0xFB, 0x6A, 0xE9, 0x18, 0x5B, 0x5B,
    0x62, 0x8F, 0xAB, 0x39, 0xFD, 0xCC, 0x8D, 0x39, 0xC0, 0x6D, 0x2D, 0xEE, 0x14, 0x5B, 0x07, 0xE4,
    0xF5, 0xE2, 0xFA, 0x08, 0x43, 0x62, 0x15, 0xEE, 0x2E, 0x3C, 0xCB, 0x68, 0x99, 0x33, 0xAE, 0xB8,
    0x1B, 0xB0, 0x05, 0xD7, 0x9E, 0xAE, 0x87, 0x88, 0x4C, 0x63, 0x49, 0xEA, 0xAE, 0x31, 0x7F, 0xEF,
    0xA7, 0x4D, 0x90, 0x90, 0xC3, 0xBD, 0x81, 0xCA, 0x06, 0x82, 0x0C, 0xFD, 0x4A, 0xAE, 0xED, 0xE4,
    0x92, 0xD3, 0x99, 0xFB, 0x48, 0x5B, 0xB0, 0x4B, 0xF4, 0x7D, 0x8A, 0x64, 0xC0, 0x48, 0x99, 0x16,
    0x12, 0x72, 0x2B, 0x69, 0x0B, 0x1F, 0x09, 0x3E, 0xCB, 0xFA, 0x08, 0xC0, 0x33, 0xDE, 0x6A, 0x86,
    0x16, 0xD1, 0xC2, 0x5A, 0x4D, 0x05, 0xA8, 0xA8, 0x51, 0xE8, 0xA0, 0xB4, 0xE9, 0x45, 0x9D, 0x4D,
    0xC1, 0x06, 0x6B, 0x1A, 0xD3, 0x94, 0x6B, 0xB7, 0x28, 0x1A, 0x69, 0x72, 0x8F, 0x4C, 0x33, 0x06,
    0x1B, 0x8A, 0x31, 0x1C, 0xBC, 0xE3, 0x60, 0xE6, 0xCE, 0xD4, 0x5F, 0xD6, 0x0F, 0xE0, 0xE5, 0x1D,
    0x89, 0x68, 0x14, 0xD5, 0xDE, 0xBE, 0x0B, 0xC1, 0x7F, 0xE9, 0xE5, 0xFD, 0x9D, 0x71, 0xFD, 0x0D,
    0x6F, 0xEE, 0xEE, 0xBA, 0x20, 0xF1, 0x49, 0x2D, 0x09, 0x1A, 0x3B, 0xC2, 0xCE, 0xFD, 0xE8, 0xA1,
    0x48, 0xF3, 0xF2, 0x76, 0x5D, 0x58, 0x9F, 0x4D, 0x39, 0x1F, 0x04, 0xE2, 0x4F, 0xA0, 0x8E, 0x1A,
    0xDC, 0xE7, 0xE7, 0xA9, 0x8F, 0xB7, 0x8F, 0x13, 0x30, 0xF5, 0x91, 0x79, 0xFD, 0xA9, 0x19, 0x94,
    0xE5, 0x02, 0x9C, 0xFD, 0x30, 0xF1, 0xBC, 0xC8, 0x58, 0x61, 0xAC, 0x3E, 0x0A, 0xF3, 0xA2, 0x1B,
    0xDF, 0x50, 0xE3, 0x9B, 0x6D, 0xCE, 0x43, 0x97, 0x21, 0xC6, 0x01, 0xAA, 0xA5, 0x3E, 0x40, 0x4C,
    0x6F, 0x11, 0x0A, 0xBB, 0xCF, 0x81, 0x86, 0xAA, 0xB8, 0x97, 0xB2, 0x1A, 0x0F, 0xB4, 0x34, 0xD6,
    0x3C, 0xFB, 0x51, 0xAF, 0x1A, 0x45, 0x38, 0x33, 0x59, 0xA1, 0xB8, 0x5F, 0xF8, 0xEA, 0x3C, 0x04,
    0xCB, 0xB5, 0xAB, 0x10, 0x7D, 0x36, 0xD9, 0x5E, 0x5A, 0x63, 0xB3, 0x15, 0xE5, 0x1C, 0x7C, 0xB8,
    0x41, 0x7C, 0xB4, 0xA0, 0xCA, 0x69, 0x2C, 0x53, 0xC5, 0x8F, 0xFA, 0x4F, 0xD3, 0xEC, 0x54, 0xC4,
    0x17, 0x5E, 0xE3, 0x4C, 0x63, 0xA7, 0xC2, 0x1A, 0xBA, 0x8E, 0x06, 0xEF, 0x30, 0x03, 0x64, 0xF3,
    0x34, 0xA9, 0xE5, 0x0E, 0x85, 0x0D, 0xCA, 0x8C, 0xDB, 0x93, 0xFB, 0x63, 0xE3, 0xFE, 0xDC, 0xA0,
    0xDB, 0xAE, 0xF9, 0x19, 0x0D, 0x50, 0xB5, 0x1B, 0x65, 0xDC, 0x9D, 0x56, 0x5B, 0xDB, 0x51, 0x34,
    0x6D, 0x47, 0xE6, 0x1F, 0xBD, 0xF9, 0xA1, 0x37, 0xAE, 0x37, 0xFD, 0x4F, 0x4D, 0xC3, 0x67, 0x08,
    0xDC, 0x75, 0xE9, 0x25, 0x84, 0x63, 0x92, 0x6A, 0xBF, 0xB0, 0xA4, 0xD4, 0x99, 0xD0, 0x40, 0xE7,
    0x3C, 0xD2, 0x79, 0xA7, 0x43, 0x0B, 0x2F, 0x03, 0xBE, 0x46, 0x7C, 0x9A, 0x21, 0x61, 0x79, 0xC3,
    0xA1, 0xBD, 0x70, 0x60, 0xA8, 0xF3, 0xCF, 0x3D, 0x67, 0x28, 0xD4, 0xAF, 0xA1, 0xD0, 0x62, 0x9F,
    0xF8, 0x85, 0x02, 0x55, 0x3D, 0x6E, 0xFD, 0x5E, 0x18, 0xC4, 0x09, 0xD8, 0x87, 0x54, 0xED, 0x07,
    0x4F, 0x38, 0xBA, 0x5F, 0xF2, 0xA4, 0xE6, 0x79, 0xDA, 0x19, 0x78, 0x20, 0xA0, 0xD5, 0x3D, 0xB5,
    0x8E, 0xA0, 0x65, 0x3B, 0x06, 0x91, 0xAA, 0xF5, 0x5C, 0x0B, 0xDD, 0xBF, 0x78, 0xA8, 0x0A, 0x0C,
    0x85, 0x0E, 0x14, 0xBF, 0x11, 0xC5, 0x68, 0x43, 0x86, 0xB4, 0x9E, 0xC1, 0x0F, 0x91, 0xDF, 0x7A,
    0x60, 0xF7, 0xD7, 0x05, 0xDD, 0x2A, 0x97, 0x95, 0x90, 0x75, 0x5F, 0xCF, 0x38, 0xAD, 0x9E, 0x45,
    0x2D, 0x6D, 0x7A, 0x78, 0x5D, 0x4B, 0xFF, 0xC0, 0x18, 0xF4, 0xE5, 0x3E, 0x1E, 0x67, 0xDD, 0xED,
    0x74, 0x3D, 0x94, 0x5E, 0x0B, 0xCE, 0x30, 0xEB, 0x03, 0x72, 0xA6, 0xD1, 0x73, 0xE4, 0xBD, 0x75,
    0xE2, 0x19, 0x77, 0x88, 0xAC, 0x90, 0x70, 0xA1, 0xD2, 0xED, 0x46, 0xC7, 0xF2, 0x75, 0xB7, 0x79,
    0xBC, 0x77, 0x20, 0xDD, 0xE3, 0xEC, 0x78, 0xC4, 0x44, 0xAB, 0x0D, 0x4C, 0xB4, 0xAF, 0xFE, 0x5B,
    0x81, 0xBF, 0xF1, 0xDC, 0xFE, 0x20, 0x4C, 0x47, 0x58, 0x4F, 0x2D, 0xE4, 0x91, 0xF8, 0x3E, 0xE9,
    0x41, 0x02, 0xE0, 0xE3, 0xFA, 0xC2, 0x9A, 0xF4, 0xD7, 0x3C, 0xF1, 0xFC, 0xE2, 0x1E, 0xA7, 0xAF,
    0x6D, 0xC0, 0xDD, 0xC0, 0x40, 0x47, 0x05, 0x4C, 0x41, 0xA0, 0x51, 0x43, 0xE9, 0x74, 0xF2, 0xE7,
    0xEB, 0xC6, 0x66, 0xE7, 0x1F, 0x77, 0xD6, 0x21, 0x0F, 0x87, 0xA3, 0x2E, 0x07, 0xBD, 0x02, 0xA9,
    0x92, 0x6A, 0x57, 0x26, 0xD2, 0xA3, 0xC9, 0x5D, 0xD4, 0xF3, 0x31, 0x8D, 0xAF, 0xA0, 0x94, 0xDD,
    0xCD, 0x34, 0xD5, 0xB9, 0x71, 0xCE, 0x3E, 0x5E, 0xF8, 0x23, 0x23, 0xBC, 0x3D, 0xE0, 0x3D, 0xD5,
    0x19, 0x47, 0xD8, 0x3C, 0xCD, 0x90, 0x9F, 0x69, 0xDC, 0xE0, 0xDF, 0xFD, 0x2C, 0x24, 0x10, 0xB8,
    0x9B, 0x50, 0x09, 0xCA, 0x57, 0x81, 0x33, 0x6D, 0xD2, 0x33, 0x66, 0xED, 0x4F, 0x80, 0x30, 0x17,
    0x8F, 0xB0, 0x4E, 0xCA, 0x13, 0xDF, 0xC6, 0x8F, 0x68, 0xC3, 0x87, 0x2F, 0x01, 0x96, 0x01, 0x1D,
    0x3E, 0x46, 0x2B, 0x52, 0xB2, 0x15, 0x03, 0xFF, 0xB2, 0x1B, 0xE3, 0x1B, 0x9B, 0x7B, 0xED, 0xA1,
    0x74, 0xBD, 0x44, 0xF6, 0xDE, 0x7A, 0x36, 0x89, 0xD0, 0xB7, 0xD5, 0xE0, 0xD8, 0xA1, 0xF5, 0xB4,
    0x51, 0x26, 0xC7, 0x90, 0x6F, 0x86, 0x0D, 0xF9, 0x7B, 0xEB, 0x1A, 0x79, 0x54, 0x25, 0x0F, 0xB1,
    0xED, 0x3E, 0x4A, 0xF4, 0x57, 0xC1, 0xCE, 0xC9, 0x7F, 0x6E, 0xAF, 0x2B, 0x4F, 0x10, 0x29, 0xFB,
    0x18, 0xD0, 0xF2, 0xE5, 0x67, 0xFE, 0x97, 0xF7, 0xE3, 0xC9, 0xE2, 0xDE, 0x3A, 0xA7, 0xEF, 0x56,
    0x92, 0x9B, 0x4C, 0xDA, 0x57, 0x87, 0x1F, 0xDF, 0xE8, 0x2D, 0x70, 0xF3, 0x33, 0x40, 0xD0, 0x24,
    0xD3, 0x31, 0x79, 0xF9, 0xE8, 0x56, 0xBA, 0x1E, 0x4C, 0xAF, 0xA0, 0xF2, 0x5B, 0x0F, 0x5F, 0xF3,
    0xE1, 0x92, 0x0F, 0x3B, 0xD5, 0xE9, 0x5A, 0x6C, 0xA5, 0x8C, 0x2E, 0x2F, 0xB4, 0xDB, 0x78, 0xFF,
    0xE1, 0x4B, 0x35, 0x73, 0xBF, 0x9F, 0x8C, 0xF7, 0xC2, 0x4E, 0x21, 0x41, 0x0D, 0xE6, 0x8C, 0xAE,
    0x54, 0xF4, 0x5E, 0x61, 0x0D, 0xDF, 0xB8, 0xD9, 0xFA, 0x98, 0x7A, 0xC9, 0x23, 0x18, 0x03, 0x85,
    0x8B, 0xB8, 0x35, 0xC0, 0xFA, 0x80, 0x61, 0xA9, 0x0D, 0x09, 0xC4, 0xE2, 0x26, 0x22, 0xE2, 0x8A,
    0xDB, 0xF8, 0x7D, 0x4D, 0x0D, 0xE2, 0xD3, 0x55, 0x5E, 0x47, 0x5D, 0x72, 0x62, 0xCB, 0x2A, 0xEC,
    0xD3, 0xEF, 0xE0, 0xAA, 0x06, 0x83, 0x79, 0xD2, 0xD0, 0xBA, 0x9B, 0x2F, 0xCE, 0x5C, 0xB6, 0x74,
    0xF9, 0x72, 0x70, 0xF4, 0x74, 0x16, 0xBA, 0x18, 0x07, 0x51, 0xFC, 0xD6, 0xAB, 0xD3, 0x5B, 0xAA,
    0xC1, 0x12, 0xA8, 0x9F, 0x77, 0xFA, 0x62, 0x99, 0xBE, 0x5B, 0x96, 0x68, 0x68, 0xC8, 0xEF, 0xBA,
    0xAF, 0x74, 0x31, 0x34, 0x8F, 0x35, 0x06, 0x9B, 0x9E, 0x6B, 0x98, 0xAE, 0x62, 0x6B, 0xF4, 0xE4,
    0x3A, 0xB5, 0x06, 0xFF, 0x12, 0xBA, 0x34, 0x75, 0xDC, 0xE4, 0xAD, 0xA9, 0xE2, 0xF6, 0x75, 0x97,
    0xC3, 0xA1, 0xE9, 0xBA, 0xB2, 0x08, 0xC1, 0x5D, 0x16, 0x0C, 0xED, 0x6B, 0x9E, 0x57, 0x35, 0x39,
    0xC3, 0x50, 0x96, 0xAB, 0x0C, 0xBC, 0x67, 0xE8, 0x8B, 0xFB, 0x99, 0xAB, 0x31, 0x8A, 0xFA, 0x5E,
    0x97, 0x84, 0x3F, 0xA0, 0xF1, 0xF8, 0xF3, 0x66, 0x3E, 0x1C, 0x3C, 0x47, 0xD2, 0x61, 0x06, 0xB4,
    0x2C, 0x27, 0xE7, 0xFF, 0x2D, 0xAC, 0x5F, 0xF9, 0x4F, 0xC7, 0x6D, 0xBF, 0xA3, 0x8B, 0xCD, 0x1D,
    0xD1, 0xD9, 0x31, 0x90, 0xA6, 0xA2, 0xAE, 0xC1, 0x34, 0x02, 0x4C, 0xF4, 0x02, 0x60, 0x7C, 0x6C,
    0xD6, 0xAF, 0x7B, 0x71, 0xBA, 0x98, 0x3A, 0xE8, 0x8D, 0x0D, 0xBB, 0x84, 0x63, 0xDD, 0xC6, 0xFA,
    0x2F, 0xC0, 0xA4, 0x5C, 0x0E, 0xC0, 0x1B, 0x2E, 0x2F, 0xD4, 0xAC, 0xD1, 0x1C, 0xB1, 0x1B, 0xA9,
    0x9E, 0x24, 0xFA, 0x53, 0xAE, 0xC4, 0x42, 0x11, 0xBA, 0x48, 0x85, 0x3F, 0xA4, 0x89, 0xDF, 0xDA,
    0x39, 0xDB, 0x7A, 0xD4, 0x77, 0xD7, 0xB7, 0x4B, 0xD0, 0x33, 0x3D, 0xBA, 0x89, 0xA0, 0x34, 0xB4,
    0xCB, 0x5B, 0x0D, 0x3F, 0x52, 0x70, 0x7C, 0x9E, 0xB4, 0xD8, 0x4A, 0x2A, 0x1B, 0x0F, 0x08, 0xA6,
    0xCF, 0x2E, 0xF4, 0xEC, 0x11, 0x91, 0x27, 0xEC, 0xD1, 0xC8, 0xEB, 0x3D, 0x32, 0xC4, 0x78, 0x60,
    0x2E, 0x0B, 0x9D, 0x3F, 0xCE, 0x30, 0x7D, 0x75, 0x0C, 0x65, 0x26, 0x52, 0xD3, 0x35, 0xD1, 0x3C,
    0x6C, 0x71, 0x28, 0x7D, 0x2F, 0x3B, 0x3A, 0xB8, 0x85, 0xBE, 0x6B, 0x64, 0x3A, 0x0B, 0x50, 0x1C,
    0x4A, 0x57, 0x46, 0xEB, 0xA2, 0x4B, 0xA2, 0x75, 0x7B, 0x8F, 0x6D, 0x0E, 0x8B, 0x49, 0x68, 0x12,
    0xF6, 0xB4, 0x6E, 0xE5, 0x74, 0x85, 0x57, 0x5D, 0xFF, 0x07, 0xCD, 0x5A, 0x3D, 0x8C, 0xDC, 0xD6,
    0x11, 0x1E, 0x2E, 0xE1, 0xDB, 0xF8, 0x58, 0x50, 0x8D, 0x80, 0xC8, 0x02, 0xCC, 0x26, 0x85, 0x1C,
    0x20, 0x61, 0x0A, 0x37, 0x06, 0x6C, 0x71, 0x81, 0x14, 0x2E, 0x5C, 0x24, 0x45, 0xAE, 0x4A, 0x91,
    0xC6, 0x85, 0xA1, 0x20, 0xB8, 0x3A, 0x80, 0x20, 0x32, 0x71, 0xA1, 0x42, 0x85, 0x2F, 0x75, 0x9A,
    0x2B, 0x54, 0x38, 0x49, 0xA1, 0xB4, 0x01, 0x4E, 0x22, 0x13, 0x15, 0x2A, 0x54, 0x68, 0x6D, 0x23,
    0x48, 0x29, 0x06, 0x52, 0x11, 0x40, 0x85, 0x28, 0x63, 0x1D, 0xF1, 0x22, 0x2E, 0x5F, 0xBE, 0x6F,
    0xE6, 0x71, 0x6F, 0xEF, 0x74, 0x77, 0x38, 0x9D, 0xEE, 0x0E, 0x5A, 0xEC, 0x9B, 0xC7, 0x25, 0xDF,
    0xCF, 0xCC, 0x7B, 0xF3, 0x66, 0xBE, 0x19, 0xAE, 0x88, 0x48, 0x20, 0xFC, 0x44, 0x22, 0x17, 0x5D,
    0x1D, 0x4D, 0xC4, 0x39, 0xF7, 0xC5, 0x64, 0x0C, 0xEA, 0x24, 0xEE, 0x47, 0xAE, 0x97, 0xAC, 0x95,
    0xAC, 0xE1, 0x37, 0x6D, 0xA5, 0xAC, 0x25, 0xEE, 0xA4, 0x9C, 0x92, 0xBA, 0x25, 0x6A, 0x77, 0xEC,
    0xA9, 0xB5, 0xB4, 0x5E, 0x71, 0x1F, 0xB8, 0x5A, 0x38, 0x5A, 0x25, 0x18, 0xB9, 0x17, 0x9D, 0x45,
    0x27, 0xD4, 0x69, 0xC7, 0x85, 0x94, 0xDB, 0x61, 0x15, 0x39, 0x77, 0xBF, 0x4A, 0xD1, 0xAA, 0xC8,
    0x66, 0x99, 0xC3, 0x68, 0x1C, 0xB8, 0x8A, 0x5E, 0x22, 0xFA, 0x00, 0x4D, 0x5A, 0x41, 0xE3, 0x46,
    0x22, 0x1D, 0xB6, 0xDC, 0xD6, 0xF1, 0xE4, 0x1C, 0xC9, 0x87, 0xAE, 0x0A, 0x9D, 0x92, 0xAB, 0x24,
    0x2D, 0x49, 0x43, 0x22, 0x47, 0x20, 0x25, 0x49, 0x5E, 0x87, 0x94, 0x39, 0x99, 0x73, 0x8E, 0x8E,
    0x73, 0x80, 0xDF, 0xB2, 0x9F, 0x28, 0xCF, 0xA4, 0x61, 0x95, 0x4D, 0xE3, 0x7E, 0x0A, 0xE2, 0x94,
    0xF0, 0x27, 0x18, 0x57, 0xD6, 0xF6, 0x23, 0x75, 0x42, 0x9E, 0xF3, 0xCE, 0xC6, 0x8B, 0x49, 0x46,
    0xEE, 0x67, 0x9D, 0x31, 0x3D, 0x6A, 0x32, 0xBB, 0x90, 0xB9, 0xBF, 0xC3, 0x65, 0x7B, 0xF9, 0xE3,
    0xDC, 0x36, 0x89, 0xEB, 0x1D, 0xF9, 0xF1, 0x17, 0x9D, 0x5D, 0x54, 0xEB, 0x8E, 0xDD, 0x3A, 0xCA,
    0x00, 0x06, 0xCB, 0x99, 0xAB, 0x02, 0x2C, 0x0C, 0x56, 0x1E, 0x14, 0xDF, 0xB1, 0x2B, 0x40, 0xB9,
    0x45, 0x94, 0x93, 0xBB, 0x94, 0x75, 0xFE, 0xA2, 0x6C, 0xF4, 0x62, 0x3A, 0xC2, 0x36, 0x6A, 0x63,
    0xB4, 0x15, 0xED, 0x8E, 0xB6, 0xBA, 0x28, 0x13, 0xB4, 0x15, 0x9D, 0x02, 0x0B, 0x2E, 0xC3, 0xA4,
    0x6E, 0x60, 0xC3, 0x0D, 0x8C, 0x39, 0x65, 0x33, 0x91, 0x99, 0xF1, 0x1B, 0xDF, 0x6D, 0x8C, 0xE7,
    0xF0, 0x49, 0x25, 0xDA, 0x78, 0xC4, 0x91, 0xD9, 0x5D, 0x9C, 0x1F, 0x50, 0xE5, 0xE2, 0x14, 0xEC,
    0xAD, 0x93, 0xDA, 0x85, 0x2C, 0x2E, 0xC0, 0x73, 0x34, 0xF0, 0x9C, 0x0C, 0x3C, 0xE7, 0x9E, 0xE7,
    0xC0, 0xA4, 0x33, 0xA9, 0x8D, 0xE7, 0xF9, 0xC0, 0xF3, 0x6C, 0xE0, 0x79, 0xBA, 0xC3, 0xB3, 0x0C,
    0x3C, 0x2F, 0x16, 0xD3, 0x58, 0x6D, 0xE2, 0x02, 0xEA, 0xDF, 0xC9, 0x56, 0x2A, 0x5A, 0x67, 0xB7,
    0xAD, 0x4E, 0x5A, 0xAB, 0xE3, 0xC6, 0x6A, 0xEE, 0x96, 0xBB, 0xD1, 0x61, 0x03, 0x67, 0xDC, 0x44,
    0xD6, 0xA9, 0xAF, 0xA1, 0x92, 0x78, 0x9E, 0x37, 0x65, 0x85, 0x0D, 0xA7, 0x1C, 0xAC, 0x55, 0xAB,
    0x50, 0x83, 0x2B, 0xAD, 0xC1, 0x94, 0xD6, 0xE0, 0x89, 0xED, 0x42, 0xAC, 0x07, 0xFB, 0xC5, 0x38,
    0x14, 0xC3, 0x38, 0xC3, 0xB8, 0xC3, 0x3C, 0x7A, 0x6A, 0xAA, 0x53, 0xA1, 0xCE, 0x4D, 0x77, 0x53,
    0xDB, 0x0D, 0x9E, 0x49, 0x30, 0x06, 0x2D, 0xD2, 0xD5, 0x29, 0x55, 0x6C, 0x6C, 0x83, 0x3E, 0x2D,
    0xB4, 0xEF, 0x12, 0xF5, 0x3D, 0x64, 0xEF, 0xFD, 0x63, 0x50, 0xF2, 0xB0, 0x8B, 0xEA, 0xB8, 0x13,
    0x5D, 0x74, 0x3D, 0x15, 0x46, 0x95, 0x9F, 0x0C, 0xDB, 0x58, 0xE4, 0xD5, 0x4E, 0xE1, 0x08, 0xB2,
    0xE7, 0xDE, 0xD1, 0x0B, 0x04, 0xD4, 0x35, 0x91, 0x04, 0xF3, 0x25, 0x98, 0x07, 0x3B, 0xEF, 0xA8,
    0x64, 0x59, 0xE3, 0x66, 0x56, 0x75, 0x56, 0xF5, 0x56, 0x39, 0x5F, 0x15, 0x56, 0x55, 0x5A, 0x3D,
    0xAC, 0xB5, 0x7A, 0xD0, 0x68, 0x75, 0xAF, 0xD3, 0xEA, 0xEE, 0x5C, 0x2B, 0x2C, 0xB1, 0x56, 0xA5,
    0x55, 0x99, 0x55, 0xA9, 0x55, 0xB1, 0x55, 0x91, 0x55, 0x21, 0xAB, 0x25, 0x3B, 0x10, 0x98, 0xB9,
    0x4C, 0x6D, 0xA1, 0x53, 0xD3, 0xD9, 0xD4, 0x9F, 0xB2, 0xAC, 0x36, 0x3E, 0x6B, 0xE3, 0xB3, 0x56,
    0x3E, 0x21, 0x4A, 0x6F, 0x95, 0xB3, 0x9B, 0xCA, 0x67, 0x6D, 0x7C, 0xD6, 0xC6, 0x67, 0x6D, 0x7C,
    0xD6, 0xC6, 0x67, 0x6D, 0x7C, 0xD6, 0xC6, 0x67, 0x6D, 0x7C, 0xD6, 0xC6, 0x67, 0x6D, 0x7C, 0xD6,
    0xC6, 0x67, 0x6D, 0x7C, 0xD6, 0xC6, 0xA7, 0xA9, 0x85, 0xAF, 0x4A, 0x65, 0x30, 0x76, 0xBE, 0x32,
    0x2B, 0xD0, 0x5A, 0x35, 0xDB, 0x4B, 0x17, 0x66, 0xED, 0x46, 0x8F, 0x3B, 0x0E, 0xF3, 0x81, 0x62,
    0xDB, 0x41, 0x9B, 0xB2, 0x06, 0xC5, 0x22, 0x90, 0xA6, 0xA4, 0xC5, 0xAB, 0x51, 0xB5, 0x43, 0xCD,
    0x62, 0x05, 0x43, 0x5D, 0xC0, 0x50, 0xF9, 0x82, 0x65, 0x97, 0xCB, 0x21, 0x7E, 0xC7, 0x0F, 0x0B,
    0xDE, 0xDB, 0x65, 0x62, 0xC7, 0x6C, 0x12, 0x1B, 0xA9, 0xB9, 0xD4, 0x0D, 0xB5, 0x0E, 0x24, 0x7F,
    0x00, 0x31, 0xCA, 0xFB, 0xB4, 0x5C, 0x9F, 0xCF, 0xB1, 0x21, 0xE8, 0x17, 0xBA, 0x00, 0x04, 0x07,
    0xBB, 0x88, 0xE8, 0xDB, 0x62, 0x92, 0x84, 0xF6, 0x25, 0x85, 0xF3, 0x6B, 0xA0, 0x9F, 0xC9, 0x2C,
    0xA7, 0x4B, 0xC4, 0x68, 0x38, 0xE9, 0x75, 0x2A, 0xC1, 0xEC, 0xAA, 0xC8, 0xED, 0xD6, 0x78, 0x4A,
    0x6C, 0xC5, 0x56, 0x1C, 0x7C, 0xA4, 0x83, 0xB5, 0x42, 0xE7, 0x0F, 0x68, 0xD9, 0xD0, 0x75, 0x05,
    0x7E, 0x0D, 0xBF, 0x9B, 0x12, 0xC5, 0x4D, 0xD3, 0x06, 0x8E, 0x05, 0xB5, 0xFD, 0xCE, 0xDC, 0xD3,
    0x26, 0xEA, 0xD3, 0x66, 0x2B, 0xAA, 0xD2, 0x9C, 0x9E, 0xD6, 0x9B, 0xDA, 0xEE, 0x38, 0xDF, 0x76,
    0x5C, 0x5D, 0x8E, 0x27, 0x36, 0x4E, 0xD8, 0xFA, 0xCD, 0x3A, 0xE2, 0xF7, 0xE0, 0x35, 0xA4, 0x73,
    0x0F, 0x9C, 0x9B, 0xAB, 0xCB, 0x2F, 0x12, 0xE0, 0x87, 0x5A, 0x81, 0x40, 0x4E, 0x4C, 0xA0, 0xF0,
    0xC0, 0x2D, 0x96, 0xC5, 0x08, 0x7F, 0xEA, 0x03, 0x6D, 0xA2, 0x8D, 0xB5, 0x9B, 0x0E, 0xA0, 0x43,
    0xE9, 0xA0, 0xA3, 0x26, 0x16, 0xE9, 0x2E, 0x8B, 0x5C, 0xEB, 0x4C, 0xFD, 0x63, 0xEF, 0x25, 0xE1,
    0xFD, 0xB1, 0x05, 0x05, 0xF1, 0x00, 0xAC, 0xE9, 0x8C, 0x96, 0xD5, 0x69, 0x89, 0x7C, 0xC1, 0xF0,
    0x28, 0x7C, 0xC6, 0x36, 0x6C, 0xCB, 0x3E, 0x41, 0x03, 0x6B, 0x7F, 0xA7, 0xDB, 0x39, 0x4A, 0xDE,
    0x17, 0xBD, 0x4A, 0x21, 0x5C, 0x00, 0x5A, 0x70, 0x04, 0x0B, 0xB4, 0xE0, 0x11, 0x31, 0x09, 0x91,
    0x02, 0x3D, 0x0A, 0xBD, 0x09, 0x3D, 0x09, 0xBD, 0x88, 0xE7, 0x95, 0x70, 0xE0, 0xD0, 0x52, 0xB3,
    0x24, 0x1D, 0xC1, 0x82, 0xF7, 0x08, 0x9D, 0x22, 0x05, 0x7A, 0xAA, 0xC1, 0x5B, 0x75, 0xD9, 0x4E,
    0x39, 0x69, 0xBE, 0x97, 0xE7, 0x39, 0x60, 0xAE, 0x63, 0xCB, 0x20, 0x38, 0x7A, 0x23, 0xAC, 0xC5,
    0x78, 0xBA, 0xEF, 0xB8, 0x27, 0x2A, 0x87, 0x94, 0xB0, 0x9B, 0x98, 0x92, 0x5A, 0xDA, 0xE5, 0x3B,
    0xE5, 0x75, 0x65, 0x68, 0x93, 0x89, 0x64, 0x77, 0x6C, 0x4F, 0x4F, 0x59, 0x86, 0x60, 0xB6, 0xA4,
    0x9F, 0x27, 0x29, 0x43, 0x49, 0xEB, 0x58, 0xF9, 0xB5, 0x39, 0x5D, 0x19, 0x46, 0xB4, 0x50, 0x64,
    0x99, 0x00, 0xEB, 0x04, 0x65, 0xB8, 0x08, 0xBB, 0x99, 0xC3, 0x6E, 0xA2, 0x4C, 0x7F, 0x4B, 0x08,
    0x0B, 0x6B, 0x4B, 0xF3, 0x45, 0xA0, 0xE7, 0x4B, 0x8B, 0x33, 0x3F, 0xCB, 0xEB, 0xBC, 0x41, 0xBF,
    0x29, 0xF8, 0x99, 0x04, 0x25, 0xCF, 0x21, 0xAD, 0xB9, 0x92, 0x05, 0x46, 0x5D, 0x22, 0x67, 0xE0,
    0x09, 0x02, 0xC7, 0x5E, 0xF3, 0xC5, 0x44, 0x41, 0x7B, 0x7B, 0x51, 0x86, 0xCF, 0x71, 0xBD, 0xC2,
    0x5E, 0xE9, 0x78, 0xE0, 0x96, 0xC9, 0x19, 0xF8, 0x39, 0x47, 0xD0, 0xDB, 0xED, 0x44, 0x31, 0x7B,
    0xCB, 0xEB, 0x48, 0x37, 0x20, 0xD2, 0xA1, 0xDA, 0xE7, 0x33, 0x72, 0x1A, 0x67, 0x86, 0x56, 0x45,
    0x56, 0x41, 0x2D, 0x2A, 0x05, 0x04, 0x5A, 0x65, 0xBE, 0x32, 0xBC, 0x5B, 0x12, 0xFA, 0x16, 0x86,
    0x3E, 0x8B, 0x91, 0x06, 0x08, 0x45, 0x68, 0xB1, 0xAA, 0x0F, 0x59, 0x63, 0x5F, 0x69, 0xC8, 0x01,
    0x56, 0xB5, 0xCA, 0x34, 0x8A, 0x98, 0xE6, 0x1A, 0xD8, 0x70, 0x24, 0x56, 0x8A, 0xBA, 0x64, 0xA0,
    0x7B, 0x3F, 0x2B, 0x08, 0xAD, 0x11, 0x55, 0xBA, 0xBE, 0x84, 0x43, 0x24, 0x63, 0x2D, 0x84, 0x9F,
    0x47, 0x73, 0x8E, 0x39, 0xEA, 0x57, 0x34, 0x8E, 0xD2, 0xFB, 0x80, 0x42, 0xFA, 0x99, 0x52, 0x64,
    0x86, 0xC3, 0xA0, 0x5F, 0x61, 0xCC, 0xDF, 0x94, 0xEE, 0x05, 0x9C, 0x61, 0x86, 0x98, 0xCE, 0xCD,
    0x31, 0xD4, 0x45, 0xF7, 0x58, 0x82, 0x3F, 0x6F, 0x68, 0xE8, 0x50, 0x50, 0xF0, 0x2A, 0xB2, 0xBD,
    0x99, 0x44, 0x15, 0x9C, 0xA8, 0x4C, 0x72, 0x5D, 0x32, 0x42, 0x1F, 0xF2, 0xC6, 0xC8, 0xC3, 0x29,
    0xD6, 0x6C, 0x10, 0x43, 0x13, 0x63, 0x61, 0x29, 0xB2, 0x66, 0xE4, 0x5A, 0x20, 0xEA, 0x7C, 0x96,
    0x00, 0x06, 0x37, 0x14, 0xB9, 0x09, 0x34, 0x48, 0x4A, 0x55, 0x8A, 0xB5, 0x09, 0x96, 0xF4, 0x93,
    0x36, 0x76, 0x4F, 0xF4, 0xF8, 0x65, 0xDB, 0x65, 0x57, 0x4E, 0x13, 0xEF, 0x5E, 0x77, 0x0A, 0xEF,
    0xF1, 0x99, 0x1D, 0xD1, 0x17, 0x66, 0x66, 0xDE, 0xB9, 0x35, 0xFF, 0x1E, 0x46, 0x49, 0x9E, 0xB8,
    0x26, 0x51, 0xC5, 0xE9, 0x75, 0x3C, 0x89, 0x7F, 0x07, 0x89, 0xC2, 0x17, 0x35, 0x81, 0x6D, 0xB1,
    0xBC, 0x42, 0x91, 0x8F, 0xC9, 0xAA, 0xD0, 0x14, 0xAD, 0x48, 0x2B, 0x82, 0x7D, 0x03, 0xC3, 0x2A,
    0x47, 0xB9, 0x5B, 0x0E, 0xB7, 0x24, 0x07, 0x09, 0x13, 0x0F, 0x31, 0x8C, 0x82, 0xC9, 0x61, 0xC1,
    0x1E, 0x07, 0x05, 0x72, 0x98, 0x28, 0x72, 0xB8, 0xBC, 0x1B, 0x39, 0xF8, 0x18, 0xCB, 0x44, 0x83,
    0x85, 0x61, 0x6E, 0xE1, 0x25, 0xD1, 0x14, 0x39, 0x2C, 0x5B, 0x9F, 0x2F, 0x3A, 0x5A, 0x9A, 0x77,
    0x27, 0x5C, 0x33, 0x57, 0xA3, 0x14, 0xD4, 0x68, 0x69, 0x69, 0xE2, 0xB2, 0xDC, 0xD0, 0xD8, 0x1E,
    0x53, 0x5A, 0x69, 0x30, 0xED, 0x2A, 0x0D, 0xBA, 0x19, 0x81, 0xDE, 0xA5, 0xCE, 0x3D, 0xE8, 0x29,
    0x6E, 0x4B, 0x52, 0x93, 0x54, 0x8B, 0x2B, 0xDE, 0x7B, 0xCA, 0xA7, 0xF7, 0xD9, 0xEE, 0xEF, 0xEC,
    0x51, 0xE5, 0x88, 0x48, 0xAA, 0xA4, 0xB7, 0x00, 0x9D, 0xB1, 0x6E, 0x9D, 0x19, 0x04, 0xAB, 0x96,
    0x21, 0x18, 0xE1, 0xED, 0x41, 0x04, 0x9C, 0xF4, 0x3C, 0xD0, 0x3D, 0xF1, 0x5E, 0x8F, 0x25, 0x0B,
    0x7B, 0x3B, 0x2B, 0x62, 0x67, 0xD6, 0x5F, 0xF1, 0x5E, 0x9F, 0xF3, 0x69, 0xCA, 0x76, 0x11, 0x7B,
    0x8C, 0xD8, 0x97, 0x11, 0xD1, 0xA9, 0xA1, 0x3B, 0x04, 0xE1, 0xDC, 0x11, 0x6E, 0x70, 0x68, 0x68,
    0xBD, 0x10, 0x8B, 0xE9, 0x8E, 0x09, 0xEF, 0x04, 0x68, 0x51, 0xDE, 0x65, 0xA4, 0xC4, 0xD2, 0x59,
    0xFC, 0x9E, 0x70, 0xA6, 0xC4, 0xA7, 0x9F, 0xCE, 0x04, 0xB5, 0x1E, 0x28, 0x57, 0x80, 0xF3, 0x10,
    0xEC, 0x35, 0x15, 0x27, 0x28, 0xEB, 0x88, 0xF0, 0x56, 0xF1, 0x83, 0xA4, 0x83, 0x43, 0x38, 0xBF,
    0xB6, 0xF6, 0x0B, 0xFA, 0x4D, 0xB7, 0x44, 0xCE, 0xAF, 0xAD, 0xB3, 0x0D, 0xCD, 0x8C, 0xDA, 0x09,
    0x65, 0x90, 0x19, 0x09, 0xF3, 0x0D, 0x7A, 0x6C, 0x57, 0x4B, 0x86, 0xE1, 0x81, 0xB7, 0x98, 0x4A,
    0x3E, 0xA0, 0x66, 0x67, 0xFF, 0xBB, 0xC5, 0x10, 0x11, 0xA3, 0x68, 0x62, 0x4B, 0xD6, 0xFB, 0x42,
    0xE2, 0xC9, 0x96, 0x8C, 0xBF, 0x86, 0xFA, 0x3C, 0xAF, 0x2D, 0x2B, 0x50, 0x4E, 0xBC, 0xD1, 0x76,
    0x93, 0xA1, 0x5C, 0xF9, 0x0B, 0xC6, 0x63, 0xAA, 0x86, 0xB3, 0xE2, 0x50, 0x33, 0x31, 0xC4, 0x14,
    0xCE, 0xD8, 0x36, 0xA0, 0x80, 0xB1, 0x04, 0x27, 0x79, 0x3D, 0xF8, 0x8D, 0xC7, 0x4C, 0x64, 0x39,
    0x4D, 0x53, 0xA0, 0x7F, 0x2B, 0xC1, 0x9A, 0xC8, 0x47, 0xA3, 0x26, 0xF9, 0xA4, 0x42, 0x04, 0x02,
    0x95, 0x56, 0x98, 0x41, 0x15, 0x3F, 0xEA, 0x77, 0xCE, 0x15, 0x62, 0xA8, 0xDC, 0x88, 0xE6, 0xA4,
    0xDE, 0xF4, 0xCC, 0x9A, 0x5E, 0x58, 0x12, 0xD0, 0x2B, 0xAF, 0xE5, 0xD1, 0xE4, 0x0D, 0xCA, 0xA3,
    0x45, 0xDE, 0xEC, 0x1D, 0x5E, 0x9F, 0x75, 0xFE, 0x0C, 0x7B, 0x47, 0xFD, 0x9B, 0x6B, 0xA2, 0x55,
    0xCE, 0xC4, 0xDD, 0x68, 0x7A, 0x93, 0x2A, 0x19, 0x12, 0x8D, 0x55, 0x76, 0x2A, 0x4F, 0xD8, 0xDD,
    0x9C, 0x9F, 0xC8, 0x9A, 0x65, 0xDD, 0x2C, 0x99, 0x77, 0x50, 0xA5, 0x26, 0x5E, 0x45, 0xFC, 0xE7,
    0x9A, 0x49, 0xEA, 0xF6, 0xA9, 0xFC, 0xB3, 0xA5, 0x0E, 0x63, 0xAB, 0xA2, 0x39, 0xF5, 0x63, 0xB6,
    0x4E, 0x9B, 0x87, 0x73, 0x4E, 0x20, 0x05, 0xAE, 0xA8, 0xFA, 0x00, 0x1C, 0x7A, 0xAE, 0xDF, 0xFA,
    0x39, 0x78, 0xB9, 0xB2, 0x21, 0xEE, 0x1E, 0x55, 0xE3, 0x29, 0xF3, 0x4E, 0xAA, 0x17, 0x73, 0xAC,
    0x8C, 0x6B, 0xB0, 0x43, 0x6E, 0x4A, 0xB5, 0xAC, 0x46, 0x8B, 0x2C, 0xBB, 0x26, 0xF6, 0x75, 0x27,
    0x17, 0x9E, 0xF0, 0x29, 0xB5, 0xCD, 0x8E, 0x00, 0x93, 0x78, 0xDC, 0x2C, 0x55, 0x73, 0x35, 0x38,
    0x07, 0x92, 0xF3, 0xCA, 0x40, 0xCC, 0x86, 0x23, 0x0D, 0xE1, 0x6F, 0xEF, 0xF2, 0xBB, 0xD4, 0x6D,
    0x4D, 0x8A, 0x69, 0x4A, 0x4C, 0x13, 0x62, 0x7A, 0x14, 0x34, 0x19, 0xA6, 0xA9, 0x30, 0x4D, 0x84,
    0x69, 0x1A, 0x4C, 0x93, 0x60, 0x9A, 0x02, 0xF3, 0x8F, 0x4A, 0x4D, 0x95, 0x91, 0xA4, 0xE6, 0xBD,
    0x2B, 0x4D, 0x7B, 0xA9, 0x33, 0x57, 0x65, 0xCA, 0x7D, 0x10, 0x15, 0x4D, 0x17, 0x8A, 0xC5, 0x4C,
    0x16, 0xF3, 0x58, 0x0A, 0x09, 0xA1, 0x28, 0x3E, 0xC5, 0xD7, 0x30, 0x27, 0x75, 0x58, 0x91, 0xA0,
    0x0F, 0x5B, 0x18, 0x92, 0x1B, 0xF0, 0x26, 0xD7, 0x1F, 0xC2, 0x30, 0x86, 0x1C, 0xF7, 0x7A, 0x75,
    0x8A, 0x38, 0x9D, 0x02, 0x4C, 0x24, 0x99, 0xF2, 0xC8, 0x3D, 0xC7, 0x78, 0xED, 0x16, 0x1D, 0xD5,
    0x87, 0xE2, 0xAF, 0x72, 0x2E, 0xA7, 0x4F, 0x51, 0x19, 0x60, 0x57, 0xC4, 0x4E, 0x52, 0x89, 0x61,
    0x76, 0x3A, 0x15, 0xA2, 0x76, 0xDE, 0x6B, 0x68, 0xDC, 0xB1, 0xDC, 0x44, 0xAC, 0x44, 0xEE, 0x42,
    0xF9, 0xED, 0x1E, 0xC1, 0xBB, 0x78, 0xF4, 0xEE, 0xCD, 0xB4, 0x44, 0x66, 0xC1, 0x92, 0xE2, 0x4D,
    0x83, 0xEF, 0xA1, 0xF2, 0x37, 0x56, 0x5E, 0x63, 0x4D, 0x62, 0x5A, 0x54, 0xBC, 0x75, 0xBA, 0x20,
    0xDE, 0x54, 0xD8, 0xEC, 0xD4, 0xD2, 0x5C, 0xFE, 0x0D, 0x19, 0x56, 0x1F, 0xE8, 0x15, 0xAE, 0xBA,
    0x24, 0x40, 0xC1, 0x56, 0xE0, 0x4C, 0x21, 0x92, 0x85, 0xCD, 0x4B, 0x35, 0x8B, 0x97, 0xE3, 0xA2,
    0x0D, 0x5E, 0x38, 0x58, 0xC2, 0xF1, 0x23, 0x47, 0x14, 0xF2, 0x39, 0xE9, 0x35, 0xA8, 0x44, 0xF6,
    0x5D, 0x1B, 0xD2, 0x35, 0x23, 0x30, 0x07, 0xE8, 0x29, 0x30, 0x1D, 0x1C, 0x0F, 0xBA, 0x8C, 0x75,
    0x84, 0xC8, 0x70, 0x3E, 0xFD, 0xB1, 0x7C, 0x38, 0xE6, 0x1E, 0x9F, 0x1B, 0xDE, 0x43, 0xD1, 0x99,
    0x32, 0x21, 0x38, 0xAE, 0x87, 0x95, 0xF0, 0xE9, 0x81, 0xB7, 0x21, 0x68, 0xBF, 0xCE, 0x7D, 0xD2,
    0xD7, 0x62, 0xB4, 0xCC, 0xB0, 0xCD, 0x29, 0x00, 0x3E, 0xB1, 0x12, 0xC8, 0xB3, 0xFF, 0x82, 0x3C,
    0xFF, 0x1A, 0xC4, 0xFD, 0x14, 0x53, 0x13, 0x6F, 0x6A, 0x93, 0xC8, 0xBF, 0xF8, 0x82, 0xF5, 0x5C,
    0xEF, 0x27, 0xF2, 0x7D, 0x1D, 0xED, 0xF6, 0x35, 0xEA, 0x5A, 0x4A, 0xBC, 0x71, 0x9F, 0xC7, 0xE8,
    0x0F, 0x9B, 0x67, 0x12, 0xA4, 0x72, 0xB2, 0xF1, 0x37, 0x0D, 0x8E, 0xED, 0xCC, 0xF4, 0xFD, 0xD2,
    0xA5, 0xD7, 0x0C, 0x4C, 0xFF, 0xB4, 0x60, 0xF7, 0x7A, 0xCD, 0x45, 0xDA, 0x3C, 0x6D, 0x11, 0x64,
    0x75, 0xC3, 0xDE, 0xCC, 0x6C, 0xDF, 0x91, 0xA0, 0x8E, 0x5F, 0x3B, 0x73, 0x90, 0xDC, 0x00, 0x3C,
    0x78, 0x84, 0x25, 0x99, 0x61, 0xCC, 0xCF, 0xDE, 0x5B, 0x7A, 0xE7, 0xA8, 0xE6, 0xCC, 0x4A, 0x25,
    0xB2, 0xAB, 0x38, 0x3B, 0x76, 0x5A, 0xF6, 0x3E, 0xB3, 0xE7, 0xD3, 0xA1, 0x44, 0x77, 0x6B, 0x09,
    0x9F, 0x41, 0xF0, 0x19, 0xE4, 0xDE, 0x82, 0x9D, 0x79, 0xEF, 0x82, 0x07, 0xBC, 0xED, 0x00, 0x78,
    0xEB, 0xAC, 0x49, 0xE9, 0xFD, 0x97, 0x73, 0x38, 0x9D, 0xF3, 0x6F, 0x66, 0xB2, 0xD9, 0x5B, 0x7F,
    0xF5, 0x80, 0x97, 0x86, 0xA5, 0x90, 0x1F, 0xD2, 0x4F, 0xCC, 0x24, 0x7C, 0xBC, 0x25, 0xA3, 0xE2,
    0xD2, 0x89, 0xF2, 0x2A, 0x2B, 0x9B, 0xF6, 0x96, 0x69, 0x9E, 0xF3, 0xCD, 0xE0, 0x12, 0x38, 0x3F,
    0x1E, 0xAF, 0xE9, 0x8D, 0x2A, 0xFE, 0x57, 0x13, 0x3E, 0x6B, 0xE5, 0xCB, 0x4B, 0x8B, 0x98, 0xF0,
    0x18, 0xDF, 0x2C, 0x2E, 0xE2, 0x1B, 0xD5, 0xF8, 0x6E, 0x3D, 0xC2, 0x42, 0x6E, 0xDE, 0x7C, 0x25,
    0xC0, 0x3B, 0xBA, 0xC9, 0xF7, 0x46, 0x1F, 0x25, 0xC5, 0xA7, 0xA3, 0xE2, 0xD8, 0xEF, 0x0B, 0xB0,
    0x2E, 0xD9, 0x5C, 0xEE, 0xAC, 0x4B, 0x13, 0x4D, 0x44, 0x5E, 0xF1, 0x7D, 0xC1, 0xDE, 0xB3, 0xFE,
    0xFB, 0xCD, 0x33, 0x09, 0xBF, 0xE2, 0x7B, 0x53, 0x09, 0x1F, 0x0D, 0x67, 0xFD, 0xEA, 0xE2, 0xAC,
    0x1F, 0x3B, 0xD2, 0xD2, 0xB3, 0x1E, 0xE9, 0x91, 0xFE, 0x18, 0x72, 0x5C, 0x90, 0x8D, 0x53, 0x8F,
    0x20, 0x79, 0xD6, 0xF3, 0x97, 0xCF, 0xFA, 0x71, 0x45, 0x48, 0x7F, 0xA9, 0x9B, 0x80, 0xC3, 0x18,
    0x7E, 0x4B, 0x23, 0x7F, 0xF3, 0xB3, 0xDD, 0xFF, 0x32, 0xE8, 0xED, 0x28, 0x89, 0x81, 0xDA, 0x2A,
    0x27, 0x84, 0x4A, 0x35, 0xF9, 0xA0, 0x57, 0x7A, 0xAF, 0x19, 0x9A, 0x58, 0xE3, 0x45, 0x92, 0x82,
    0xBE, 0xDF, 0x1A, 0xDB, 0xDF, 0x37, 0xFA, 0x01, 0xF4, 0x21, 0xC2, 0xBB, 0x96, 0x4A, 0x0A, 0x15,
    0xBE, 0x57, 0x85, 0xDF, 0xD4, 0xC1, 0x26, 0xB7, 0x3F, 0xFB, 0xF7, 0x3C, 0x7B, 0x02, 0x5F, 0x38,
    0xCF, 0xE6, 0x6F, 0xC3, 0x43, 0x12, 0x55, 0xD7, 0xFB, 0x7F, 0xE5, 0xCA, 0xC4, 0xBF, 0xC6, 0x1B,
    0x7F, 0x85, 0x8D, 0x5C, 0x91, 0x4F, 0x4F, 0x9D, 0xDD, 0xE0, 0x4B, 0xAC, 0x6E, 0x91, 0xFC, 0xB1,
    0xFA, 0xD1, 0xC8, 0xA7, 0x0B, 0xDC, 0xF5, 0x99, 0xBB, 0x35, 0xE3, 0x3B, 0xF9, 0xD9, 0x0F, 0x7C,
    0x48, 0x57, 0xEC, 0xFF, 0x1D, 0x7D, 0x87, 0x18, 0xB5, 0xBB, 0x03, 0x09, 0xD3, 0x89, 0xAC, 0xAE,
    0x16, 0x27, 0x9D, 0x56, 0x8F, 0x69, 0x4E, 0xBF, 0x05, 0x70, 0x1C, 0xCC, 0xE9, 0xA5, 0x0B, 0xAF,
    0xF7, 0x4A, 0x60, 0x95, 0x26, 0x0F, 0xFA, 0xB6, 0x8D, 0x50, 0x65, 0x73, 0xF5, 0x64, 0x5F, 0xC5,
    0xAC, 0xEE, 0x6F, 0x4E, 0x8F, 0xFF, 0xFA, 0xC2, 0x6D, 0x70, 0x6C, 0x53, 0xFB, 0x71, 0x93, 0x4D,
    0xE5, 0x27, 0x59, 0xE5, 0x33, 0x05, 0x40, 0x53, 0x89, 0x41, 0x40, 0x1C, 0x29, 0x06, 0xC8, 0x96,
    0x0C, 0x79, 0x1F, 0x25, 0xDB, 0x48, 0x3B, 0x86, 0x30, 0x28, 0xF5, 0xCA, 0x72, 0xDE, 0x25, 0xA1,
    0x97, 0xAC, 0x0C, 0x7F, 0x5D, 0xA6, 0xCF, 0xFE, 0x0F, 0x5D, 0x28, 0x11, 0x17, 0xB6, 0xF2, 0x57,
    0xFA, 0x07, 0x04, 0x8A, 0x01, 0x35, 0x25, 0x80, 0x11, 0xF9, 0xB5, 0x26, 0xA5, 0xAA, 0xBF, 0x05,
    0x40, 0x51, 0x9A, 0x8F, 0xF0, 0x28, 0x6E, 0xF8, 0xE4, 0x85, 0xBE, 0x7D, 0x52, 0x14, 0xD5, 0x5A,
    0xF8, 0x5E, 0xED, 0x10, 0x03, 0xDF, 0x27, 0x43, 0x76, 0x3E, 0x9A, 0xD0, 0x8C, 0xA7, 0x3E, 0x26,
    0x11, 0xFF, 0x37, 0x96, 0xC5, 0x57, 0x33, 0x1A, 0xFC, 0x2E, 0xDF, 0xDC, 0xF9, 0xD2, 0x66, 0x69,
    0xEA, 0xBE, 0x1C, 0x46, 0x75, 0x7C, 0x63, 0x10, 0x74, 0x1A, 0xD9, 0xBC, 0xB3, 0x81, 0xC7, 0x3D,
    0x03, 0x6C, 0xFE, 0x3F, 0xAB, 0xFE, 0xB1, 0x94, 0xCD, 0xB9, 0x9D, 0x9C, 0xBE, 0x25, 0x79, 0x22,
    0xAC, 0x52, 0x49, 0x60, 0xE9, 0xF8, 0xBF, 0xB1, 0xE9, 0x78, 0x83, 0xAF, 0x64, 0x08, 0x7A, 0x99,
    0x6D, 0x55, 0xF0, 0xDB, 0xE0, 0x21, 0xA2, 0x76, 0x37, 0xE1, 0xB6, 0xE4, 0xB8, 0xCC, 0xB1, 0x36,
    0xD7, 0x76, 0x60, 0x35, 0xD6, 0xB7, 0xD3, 0x75, 0x7F, 0x5F, 0xFF, 0xEC, 0xE1, 0x98, 0x6E, 0x12,
    0xE2, 0x21, 0x59, 0xA7, 0xDB, 0x6D, 0x34, 0x11, 0x15, 0x7F, 0xEC, 0x64, 0xF8, 0xA3, 0x07, 0x40,
    0x28, 0x22, 0x18, 0xB8, 0x36, 0x40, 0x9E, 0x92, 0xC7, 0x11, 0x4D, 0x7B, 0xEF, 0x97, 0x0E, 0x49,
    0xC6, 0xDA, 0xDF, 0x5F, 0x0E, 0x23, 0xBB, 0xF7, 0xEB, 0x28, 0x3D, 0x48, 0xF6, 0x7B, 0x1F, 0x7E,
    0x48, 0x32, 0x16, 0x46, 0x07, 0x91, 0xB6, 0xD3, 0x50, 0x67, 0x12, 0xBA, 0x7F, 0x50, 0x67, 0x17,
    0xFF, 0x40, 0xEB, 0x8F, 0x46, 0xFE, 0x0F, 0xAD, 0x54, 0x3D, 0x8F, 0xD4, 0x30, 0x10, 0x7D, 0x9B,
    0x05, 0x16, 0xB0, 0x44, 0x1A, 0x56, 0x42, 0x80, 0xCE, 0x0D, 0x48, 0x80, 0x10, 0x69, 0x28, 0xB6,
    0xF0, 0xC6, 0x16, 0xFC, 0x01, 0x8A, 0xA3, 0x81, 0x02, 0x44, 0x09, 0xC5, 0x51, 0x6E, 0xB1, 0x10,
    0x57, 0x34, 0x34, 0xFC, 0x04, 0x8A, 0x43, 0x42, 0xD7, 0x1C, 0xC5, 0x4A, 0xEC, 0x49, 0x0B, 0x6B,
    0xE9, 0xFE, 0x40, 0x0A, 0x6A, 0x88, 0x00, 0x89, 0x92, 0x20, 0x52, 0x04, 0xC8, 0xDE, 0x30, 0x76,
    0x8E, 0xBB, 0xD5, 0x09, 0x51, 0xE1, 0x8F, 0x49, 0x3C, 0x9E, 0x78, 0x66, 0xDE, 0x3C, 0x47, 0xDB,
    0xD8, 0xF5, 0xCA, 0x4E, 0x8D, 0x47, 0x58, 0x74, 0x6B, 0x51, 0xC4, 0x56, 0xA3, 0x5B, 0x23, 0x6E,
    0x20, 0xE7, 0x48, 0x63, 0x3B, 0xEB, 0x39, 0x79, 0xDD, 0xE9, 0x4F, 0x2E, 0x23, 0xB7, 0x45, 0xE6,
    0x95, 0x86, 0x26, 0xCB, 0x63, 0x4E, 0xE4, 0xFC, 0x54, 0x5D, 0x97, 0x0A, 0x97, 0x10, 0xC4, 0x02,
    0x73, 0xF7, 0xA7, 0x6B, 0xB9, 0x3B, 0x00, 0x5D, 0x9E, 0x1F, 0x43, 0x75, 0xEA, 0x6E, 0x1E, 0x59,
    0x59, 0xE8, 0x7A, 0x3A, 0x2E, 0xD5, 0x74, 0xAC, 0x6B, 0x59, 0x74, 0x3F, 0x56, 0x62, 0xBB, 0x88,
    0x9F, 0xBA, 0x24, 0x36, 0xC3, 0x14, 0xEC, 0x89, 0xFD, 0xC9, 0xCC, 0xFB, 0xE6, 0x08, 0xC6, 0x33,
    0x6E, 0xA3, 0xA9, 0xAA, 0x87, 0x6D, 0x9F, 0x28, 0x2D, 0x2D, 0x1B, 0xF7, 0xB6, 0x8B, 0xE8, 0x5B,
    0x89, 0xE7, 0xEB, 0x6C, 0xC3, 0x43, 0xFF, 0xDA, 0xF7, 0x1F, 0xAD, 0x43, 0x12, 0xD2, 0x3B, 0x96,
    0x83, 0x02, 0x20, 0x5C, 0xEC, 0xB4, 0x9D, 0x1B, 0x10, 0xCD, 0x57, 0xDE, 0xD4, 0xE0, 0x27, 0x4D,
    0x1E, 0x27, 0x90, 0x2E, 0xE1, 0x24, 0x35, 0x2E, 0x42, 0xFF, 0x25, 0xF9, 0x9E, 0x15, 0x21, 0x05,
    0xC1, 0x7D, 0x84, 0x59, 0x48, 0x6A, 0xC6, 0xCF, 0xFE, 0xEA, 0xBC, 0x99, 0x37, 0xE0, 0x5C, 0x42,
    0xBF, 0x00, 0x13, 0xE5, 0x9D, 0xE2, 0x5E, 0x91, 0xE5, 0xD2, 0x1E, 0x4F, 0xD5, 0x38, 0x3D, 0x71,
    0x84, 0xBF, 0xBC, 0xFD, 0x8E, 0x1A, 0x6A, 0x36, 0x5E, 0x12, 0xDB, 0xFA, 0x13, 0xFC, 0x69, 0x59,
    0x9D, 0xD5, 0xFE, 0xBD, 0xBF, 0xEA, 0xF7, 0x38, 0xB0, 0xCC, 0xF1, 0xA9, 0xBB, 0x83, 0xDC, 0x03,
    0x0F, 0x26, 0xF8, 0xE8, 0xFB, 0x66, 0x5F, 0xCD, 0x83, 0xAD, 0xF4, 0x4F, 0x9B, 0x90, 0x13, 0xE4,
    0x70, 0xCB, 0xF6, 0x4D, 0x0B, 0x6D, 0xDF, 0xEC, 0x81, 0x2B, 0x6C, 0xC2, 0x58, 0xAA, 0x91, 0xAE,
    0xE2, 0x5C, 0x16, 0x89, 0xD3, 0x26, 0x45, 0x94, 0xA3, 0x44, 0x95, 0x95, 0x59, 0xBE, 0xC2, 0x51,
    0x8E, 0x19, 0xFE, 0xA4, 0x0C, 0x50, 0x6A, 0x32, 0x6D, 0xE5, 0x54, 0xEC, 0xC7, 0xD5, 0xC1, 0x40,
    0xCD, 0xA6, 0x9A, 0xAA, 0xF8, 0x43, 0x71, 0x00, 0xF9, 0x03, 0xE5, 0x5F, 0xAE, 0xF0, 0x32, 0xC2,
    0xFF, 0xA4, 0xC5, 0x9F, 0xC9, 0xD9, 0x62, 0xF9, 0x1D, 0xBD, 0x1D, 0x74, 0xD9, 0xF6, 0x73, 0xE2,
    0xD5, 0x84, 0x2D, 0x41, 0x0B, 0x58, 0xAC, 0x15, 0xBC, 0x2C, 0x88, 0xCA, 0x20, 0x89, 0x6A, 0x2F,
    0x1A, 0x6F, 0xC1, 0x65, 0xC3, 0x51, 0x9E, 0x29, 0x4F, 0xC6, 0xAE, 0x5B, 0xFA, 0xBA, 0x02, 0x09,
    0x2F, 0x67, 0x40, 0xC4, 0xCB, 0x5E, 0x0E, 0x48, 0x03, 0xAE, 0x21, 0x50, 0xB1, 0x45, 0x01, 0xC4,
    0xB6, 0xFD, 0x60, 0x80, 0x83, 0xED, 0x78, 0x90, 0x49, 0x90, 0x6F, 0xBC, 0x88, 0x2A, 0x2F, 0x45,
    0x1E, 0xD4, 0xE6, 0xFF, 0xAA, 0x71, 0xAE, 0x95, 0xC3, 0x15, 0x39, 0x1C, 0x28, 0x61, 0x18, 0x76,
    0x86, 0xAE, 0x05, 0xCA, 0x93, 0x62, 0x34, 0x18, 0x0D, 0xFC, 0x93, 0xC3, 0x7A, 0xC2, 0x85, 0x2E,
    0x87, 0x8B, 0x7A, 0x34, 0xE6, 0x98, 0x2F, 0x3F, 0xCC, 0x9A, 0xA4, 0x94, 0x65, 0xD6, 0xA8, 0x09,
    0x70, 0x3A, 0x9B, 0x28, 0xB9, 0xD6, 0xE0, 0x6F, 0x90, 0x2E, 0x11, 0x78, 0xA7, 0x5B, 0xF7, 0x0A,
    0x26, 0x3C, 0x96, 0xEA, 0x62, 0x27, 0x1A, 0x7B, 0xEC, 0x8F, 0x73, 0x68, 0x83, 0xB7, 0x60, 0x6B,
    0xC6, 0x88, 0x2F, 0x53, 0x3B, 0x06, 0x4A, 0x0D, 0x0F, 0xB5, 0xE4, 0x48, 0x37, 0xAD, 0x12, 0x36,
    0xC4, 0xCC, 0x65, 0xC8, 0x6F, 0x1A, 0x2F, 0x67, 0x7B, 0xED, 0xD2, 0x7A, 0xD6, 0xE8, 0x06, 0xB3,
    0xD0, 0x95, 0xD1, 0xDF, 0xBD, 0x93, 0xD7, 0x84, 0x23, 0x9C, 0xF1, 0x49, 0x30, 0xDB, 0x70, 0xD1,
    0xE8, 0x6D, 0xAF, 0x9C, 0x64, 0xBE, 0x04, 0xE1, 0x28, 0x93, 0x7C, 0x71, 0xDA, 0x07, 0x6B, 0x59,
    0xCF, 0x2F, 0x19, 0xD9, 0xAD, 0xB9, 0xF7, 0xD0, 0xE9, 0x98, 0x38, 0x2A, 0xF4, 0x46, 0x95, 0x51,
    0x73, 0x05, 0xA5, 0xB8, 0xE6, 0x8E, 0xF1, 0x7D, 0xA4, 0xFC, 0xFD, 0xF3, 0x13, 0x1E, 0x4B, 0x9B,
    0x18, 0x7F, 0xCD, 0x52, 0x48, 0x1B, 0xD9, 0x3D, 0xDA, 0xF1, 0x6D, 0x6F, 0x09, 0x7A, 0xF4, 0xAE,
    0xAE, 0x64, 0xC9, 0xFF, 0x93, 0xEA, 0xEC, 0x43, 0x60, 0xC8, 0xB7, 0x59, 0x58, 0x61, 0xA5, 0xD1,
    0x5C, 0xF3, 0xC5, 0x62, 0x21, 0x9E, 0x7A, 0x3C, 0x99, 0xE0, 0x6A, 0x3C, 0xD2, 0x54, 0xC6, 0x5F,
    0xF3, 0xB6, 0xFC, 0x3F, 0xBC, 0xE3, 0x29, 0xED, 0xBC, 0xD8, 0xA0, 0x5A, 0x7A, 0x8E, 0x3D, 0xC3,
    0x19, 0xDA, 0x79, 0x86, 0x7F, 0xEF, 0xF6, 0x6F, 0x72, 0x5B, 0xD5, 0x81, 0x93, 0xAD, 0x6C, 0xED,
    0x97, 0x35, 0xBB, 0xFA, 0x3E, 0x43, 0x21, 0xE8, 0x07, 0x9A, 0xE4, 0x2B, 0x51, 0xA5, 0xF9, 0xFB,
    0x7C, 0x99, 0x7E, 0x6B, 0xC4, 0x7B, 0xE1, 0xE8, 0x4A, 0xFF, 0xBC, 0x71, 0x78, 0xB3, 0x09, 0x0C,
    0x39, 0x15, 0xF6, 0x02, 0x6F, 0x50, 0x5E, 0xDA, 0xE0, 0xD6, 0x64, 0xFB, 0x6E, 0x02, 0xB7, 0x3A,
    0xC5, 0x6F, 0xCD, 0x7C, 0x3D, 0xAC, 0x1C, 0x57, 0x76, 0xE6, 0xED, 0x6E, 0xF3, 0x35, 0x56, 0x0D,
    0xA3, 0x26, 0xD0, 0x5B, 0x18, 0x12, 0xEC, 0x72, 0x30, 0x89, 0x67, 0x77, 0xA7, 0x36, 0x70, 0xE0,
    0x01, 0xC6, 0xAE, 0xB2, 0x05, 0xDB, 0x81, 0x03, 0x11, 0x58, 0xF6, 0x08, 0x58, 0x05, 0x9C, 0x64,
    0x81, 0x5D, 0x0D, 0x0C, 0x26, 0x1B, 0xCC, 0x04, 0x76, 0xF5, 0x48, 0x81, 0x02, 0x05, 0x7A, 0x0B,
    0xAC, 0xEC, 0x60, 0x0D, 0x48, 0x01, 0x0D, 0xCC, 0x50, 0x01, 0x27, 0x70, 0x20, 0x63, 0x47, 0xAA,
    0xA6, 0x08, 0xAC, 0x02, 0x06, 0xAC, 0x59, 0x81, 0x70, 0xE0, 0x40, 0x8D, 0x95, 0xC6, 0x1E, 0x70,
    0x02, 0x96, 0xAC, 0x96, 0xA7, 0x48, 0x55, 0xD5, 0xDD, 0xEF, 0xFB, 0xCE, 0xAD, 0xFE, 0x63, 0x3F,
    0xF2, 0xF1, 0xE9, 0x91, 0x50, 0xBF, 0xBE, 0xE7, 0xF6, 0xAB, 0x9F, 0x5B, 0xF7, 0xE7, 0xFC, 0x9F,
    0x73, 0xCB, 0x15, 0xCE, 0xB9, 0x78, 0xEE, 0xDC, 0x78, 0xE1, 0xFA, 0x8F, 0xF7, 0x7E, 0xBE, 0x2A,
    0x38, 0xB5, 0x55, 0xBC, 0x9F, 0xAD, 0xCA, 0xEE, 0x39, 0x3B, 0x5F, 0xF6, 0x65, 0xF2, 0xF1, 0xD2,
    0xF5, 0x65, 0xF3, 0x73, 0x56, 0xED, 0x4F, 0xA7, 0xD3, 0xF3, 0x3C, 0xD0, 0x6C, 0x80, 0xA9, 0xBF,
    0x75, 0xC1, 0xAE, 0x0C, 0xE0, 0xD6, 0x54, 0x37, 0x55, 0xAB, 0x6B, 0x3A, 0x1C, 0xBB, 0xE8, 0x71,
    0x76, 0xF4, 0x30, 0xE0, 0xDC, 0x04, 0x60, 0x50, 0xB4, 0xCE, 0x0D, 0x71, 0x2F, 0x40, 0x45, 0x90,
    0xB9, 0x31, 0xEA, 0x08, 0xAD, 0xA7, 0x5B, 0x63, 0x5A, 0xF5, 0x6B, 0x6F, 0xBF, 0x4F, 0x58, 0xF0,
    0xC8, 0x4F, 0xD8, 0xD8, 0x18, 0x25, 0xF2, 0x59, 0x9E, 0xD6, 0x6E, 0x98, 0xE2, 0x71, 0xC5, 0x42,
    0xCF, 0x58, 0xAC, 0x0A, 0xFE, 0x2F, 0x70, 0x9C, 0xE7, 0xD2, 0xC6, 0x0D, 0x79, 0x2D, 0xEF, 0xE1,
    0x45, 0x6A, 0xA3, 0xF0, 0x47, 0x13, 0x0C, 0x3B, 0x41, 0x49, 0x97, 0xE3, 0x2A, 0x2D, 0xDD, 0x7F,
    0x4C, 0xE7, 0xE1, 0x7A, 0x9C, 0x8E, 0x31, 0xBF, 0x23, 0x4E, 0x4B, 0xC2, 0x91, 0x25, 0x28, 0x93,
    0xE6, 0x77, 0x51, 0xD2, 0xA3, 0xA4, 0x49, 0xBD, 0xAF, 0x51, 0x16, 0x07, 0x9C, 0xAB, 0xF9, 0xC3,
    0xFF, 0xF2, 0x64, 0x66, 0xDF, 0xD5, 0x6C, 0x44, 0xCD, 0x69, 0xBE, 0x9C, 0x80, 0x53, 0x7D, 0xC7,
    0x7E, 0x56, 0x78, 0x57, 0x34, 0xAE, 0x28, 0x9D, 0x3B, 0x9C, 0x4E, 0x33, 0x74, 0xA1, 0xF0, 0x9C,
    0xA2, 0xDD, 0xEA, 0xE7, 0x85, 0xAA, 0x79, 0xBE, 0x5D, 0xFD, 0x3C, 0x53, 0x85, 0xF1, 0xA2, 0xB5,
    0x1C, 0x4B, 0x68, 0x55, 0xC5, 0xEA, 0xE7, 0xC5, 0x92, 0xD5, 0x22, 0xA9, 0x07, 0x7E, 0x96, 0x2F,
    0xA2, 0x7A, 0x82, 0xA9, 0x5E, 0xC4, 0x35, 0x9E, 0xC8, 0x73, 0xBE, 0x75, 0xBC, 0x12, 0xD7, 0xA2,
    0x9A, 0xA3, 0x81, 0xDC, 0xDF, 0x75, 0x87, 0xD9, 0xE0, 0x82, 0x30, 0x70, 0xDC, 0x9D, 0xB0, 0xBA,
    0xF5, 0x62, 0x77, 0x41, 0x2B, 0xCC, 0x8E, 0xAA, 0x6A, 0xAC, 0xF2, 0x3A, 0xF7, 0xA2, 0xCF, 0x78,
    0xE5, 0x90, 0x44, 0x31, 0xEE, 0x06, 0x56, 0x85, 0xFF, 0x5E, 0xF4, 0x9A, 0x02, 0x1F, 0xAA, 0xC6,
    0xAA, 0x23, 0xF7, 0xD8, 0xC9, 0x83, 0x1D, 0x1F, 0xD6, 0x00, 0xE3, 0x72, 0x8B, 0xBC, 0xE7, 0x03,
    0xD2, 0xC0, 0x98, 0x5D, 0x8E, 0x5B, 0xCE, 0x1D, 0x27, 0x90, 0x73, 0x7A, 0x1D, 0xB4, 0xE3, 0x6F,
    0xB6, 0x7C, 0x22, 0x57, 0xDB, 0xEB, 0x97, 0x37, 0x86, 0xE0, 0xFC, 0x92, 0x23, 0x2F, 0x53, 0x4E,
    0x7A, 0xCC, 0x41, 0x4C, 0x3A, 0x3D, 0x27, 0x63, 0x7B, 0xE4, 0x13, 0x40, 0xF7, 0x94, 0x28, 0x36,
    0xE1, 0xD3, 0x86, 0xD5, 0xF6, 0x23, 0x47, 0xBC, 0x64, 0x42, 0x10, 0x11, 0x24, 0x04, 0x29, 0x41,
    0x21, 0x1C, 0xC5, 0xF7, 0xFD, 0x16, 0xE0, 0x7A, 0x03, 0x70, 0xB3, 0x02, 0xF8, 0x68, 0x61, 0x87,
    0xE7, 0x62, 0x34, 0x9A, 0x3C, 0x43, 0x77, 0x3E, 0xDA, 0xAB, 0xC7, 0xEC, 0x89, 0x8B, 0xF9, 0xA4,
    0x08, 0xBD, 0x17, 0xE5, 0xAF, 0x3F, 0xE8, 0x67, 0xBA, 0x4C, 0x96, 0xA8, 0x23, 0xE2, 0xDD, 0xA4,
    0x55, 0x27, 0x86, 0xA4, 0xAA, 0xE7, 0x38, 0xA4, 0x1B, 0xC4, 0xA5, 0x8F, 0x1A, 0xE2, 0x43, 0x4D,
    0x92, 0x43, 0x2B, 0x31, 0x71, 0x30, 0xE2, 0xBC, 0x03, 0x61, 0x9D, 0x13, 0x87, 0xE1, 0xEA, 0x0F,
    0x38, 0x1B, 0x03, 0x3C, 0x13, 0x00, 0xC7, 0x0F, 0x33, 0x37, 0x35, 0xBC, 0xFE, 0xF2, 0xE0, 0xF6,
    0x15, 0xB1, 0xD9, 0x4D, 0xE0, 0xC6, 0xE4, 0xC6, 0xBB, 0x80, 0xBD, 0x8A, 0x0C, 0xA0, 0x93, 0x89,
    0xAF, 0x42, 0x9F, 0xF3, 0x9B, 0xE8, 0x7D, 0x71, 0x83, 0xCB, 0xF5, 0x4A, 0x8B, 0xFE, 0xA1, 0xD3,
    0x23, 0x3F, 0x00, 0xC0, 0x78, 0x67, 0x13, 0xB6, 0x17, 0x11, 0xC4, 0xC4, 0xDB, 0x04, 0xDC, 0xA4,
    0x4A, 0x17, 0x2E, 0x5E, 0xE6, 0x25, 0xE8, 0x19, 0xAD, 0x01, 0x90, 0x36, 0xFA, 0x72, 0x1F, 0x2F,
    0xEF, 0x7A, 0x9E, 0x56, 0x63, 0xC9, 0x70, 0xC3, 0xA4, 0x5D, 0x97, 0xA4, 0xD1, 0x71, 0x9D, 0xEF,
    0xFA, 0x6B, 0x4B, 0x6B, 0x27, 0xC5, 0xF5, 0x71, 0x28, 0x69, 0x15, 0xDA, 0x98, 0xDB, 0x39, 0xB5,
    0xD3, 0xEC, 0x69, 0x07, 0xD7, 0x75, 0xD9, 0x99, 0xF1, 0x69, 0x2F, 0x2E, 0xB1, 0x06, 0xB3, 0x62,
    0x17, 0x0C, 0x76, 0x41, 0x16, 0xC0, 0x10, 0xBC, 0xAA, 0x1C, 0x11, 0x00, 0xC5, 0x8B, 0xB2, 0xE0,
    0xB2, 0x6C, 0x00, 0x36, 0xBE, 0x03, 0xCE, 0x4A, 0x62, 0x26, 0xB5, 0x13, 0x7D, 0xE1, 0xB9, 0x69,
    0x85, 0x1E, 0x00, 0x5D, 0x81, 0xBF, 0x20, 0xC3, 0x02, 0x74, 0x97, 0x02, 0x11, 0xD2, 0x25, 0xA6,
    0xB3, 0x24, 0x03, 0x4F, 0xFF, 0x85, 0xE8, 0x3E, 0xF2, 0xE9, 0x17, 0x22, 0x73, 0xB1, 0x07, 0xFE,
    0x2F, 0x82, 0x75, 0x5C, 0x74, 0x9E, 0x4F, 0x0C, 0xA5, 0x5C, 0xFA, 0xA9, 0x6F, 0x28, 0x8E, 0x7C,
    0x99, 0x57, 0x14, 0x59, 0x6A, 0xB7, 0x01, 0x5A, 0xE1, 0x39, 0x00, 0x78, 0x04, 0x9F, 0x37, 0x0B,
    0xCF, 0xC7, 0x45, 0xAC, 0xF3, 0x6A, 0x02, 0x5E, 0x09, 0x49, 0x03, 0x4A, 0xF5, 0xD5, 0xB7, 0x5C,
    0x0E, 0x54, 0x03, 0xE5, 0xBB, 0x88, 0x35, 0x4A, 0x5E, 0x0D, 0x30, 0xA6, 0x50, 0xD0, 0xF8, 0xA5,
    0x46, 0x92, 0x05, 0xE5, 0x07, 0x2E, 0x6F, 0xC0, 0x6E, 0x6B, 0x94, 0xC5, 0xB3, 0xBE, 0x7B, 0x9C,
    0xF4, 0xBF, 0x8C, 0x29, 0x22, 0x38, 0x07, 0xEC, 0xD2, 0x93, 0x60, 0x39, 0x8F, 0x91, 0x7F, 0x4A,
    0x0C, 0x6E, 0x80, 0x12, 0x02, 0x50, 0x52, 0x70, 0x1F, 0xF0, 0x3B, 0x00, 0xC2, 0x0F, 0x28, 0x03,
    0xD1, 0x47, 0x80, 0x0E, 0x00, 0x60, 0x0D, 0x17, 0x14, 0x79, 0x0B, 0xF0, 0xB8, 0x09, 0x06, 0x05,
    0x31, 0x0E, 0xD8, 0x01, 0x2D, 0x80, 0x8E, 0x58, 0x59, 0xC0, 0xAC, 0x20, 0xD4, 0x90, 0xEF, 0x5C,
    0x6B, 0x01, 0x6F, 0x7E, 0xD6, 0x00, 0xDE, 0xF8, 0x55, 0x0D, 0x78, 0x1D, 0x44, 0x39, 0xF3, 0xEF,
    0x83, 0x7C, 0x67, 0x9A, 0x97, 0x99, 0x0A, 0x60, 0xEE, 0x02, 0x32, 0xEF, 0x87, 0x0F, 0xE5, 0x7B,
    0xDB, 0x2C, 0xEF, 0xA4, 0xEC, 0xD2, 0x3D, 0x8B, 0x49, 0x19, 0x70, 0x5E, 0x29, 0x4E, 0x67, 0x31,
    0x24, 0xEC, 0x22, 0x25, 0xCA, 0x02, 0x5F, 0x93, 0x1A, 0xAA, 0x03, 0xF8, 0xD9, 0x9A, 0xB3, 0xCD,
    0xFB, 0x7F, 0x75, 0x42, 0x97, 0xE8, 0x62, 0xDD, 0xA6, 0x06, 0xD4, 0x94, 0x1A, 0x3D, 0x65, 0x87,
    0x4E, 0x34, 0xD4, 0x15, 0x63, 0x5C, 0x02, 0xFF, 0xD0, 0xAD, 0x68, 0x83, 0xF9, 0xF1, 0x77, 0xDA,
    0xE8, 0x9C, 0xAE, 0xE9, 0x4E, 0xAE, 0x78, 0x36, 0x1B, 0x8A, 0x67, 0xB9, 0x71, 0x6D, 0x69, 0xC7,
    0x8E, 0x53, 0x3C, 0x77, 0xA5, 0x0D, 0x09, 0xF6, 0x6C, 0xC0, 0xE3, 0x93, 0xB8, 0x36, 0x9A, 0x00,
    0x13, 0xEA, 0x4E, 0x23, 0x69, 0x42, 0xE2, 0x72, 0xF3, 0xB4, 0x05, 0x2F, 0x04, 0x0A, 0x80, 0x43,
    0x56, 0xE4, 0x93, 0x89, 0x84, 0x4E, 0x1C, 0xA0, 0x1D, 0xB1, 0xB3, 0x76, 0xA5, 0xDD, 0x65, 0x2D,
    0x58, 0x6B, 0x9B, 0xED, 0x6B, 0x14, 0xA0, 0xCF, 0x62, 0x11, 0x06, 0x80, 0x4E, 0x0D, 0xD4, 0xF7,
    0xE2, 0x4E, 0x13, 0xBA, 0x2D, 0x75, 0x63, 0xB2, 0x12, 0xC9, 0x1A, 0x45, 0xCA, 0xDE, 0x72, 0x78,
    0x43, 0xFF, 0x2A, 0x65, 0x30, 0xB4, 0x91, 0x88, 0x54, 0x9E, 0xAC, 0xF0, 0xF3, 0x4C, 0x91, 0x6A,
    0xEB, 0x23, 0x7E, 0xB7, 0x03, 0x34, 0xC2, 0x7D, 0x05, 0x4C, 0x82, 0x72, 0x0C, 0x2C, 0xDD, 0x4F,
    0x74, 0xEF, 0xE8, 0x81, 0x45, 0xAA, 0x64, 0x54, 0x3F, 0x81, 0x4A, 0x9F, 0xDD, 0xCA, 0xCE, 0xB9,
    0x27, 0x5E, 0xDB, 0xA7, 0xDA, 0xAD, 0x83, 0xF9, 0x74, 0x6C, 0x7D, 0x38, 0x95, 0x5D, 0x21, 0x59,
    0xBC, 0x09, 0xA7, 0x17, 0x1B, 0xD7, 0xD3, 0x4A, 0x0F, 0xDB, 0xA9, 0x09, 0xEA, 0xDA, 0xC4, 0xB5,
    0xC1, 0x19, 0x8E, 0xBF, 0x60, 0x64, 0x69, 0xB0, 0x28, 0xFB, 0xDF, 0xED, 0x77, 0x08, 0xED, 0x1A,
    0xE1, 0x6E, 0x24, 0x5B, 0x84, 0xD2, 0x7D, 0x71, 0x22, 0x88, 0x7B, 0x52, 0x19, 0xA7, 0x82, 0x35,
    0x8F, 0xC3, 0x98, 0x5C, 0x90, 0x13, 0xED, 0x42, 0x1D, 0xB7, 0x6B, 0xC2, 0xF5, 0x5D, 0x68, 0xE7,
    0xD8, 0xF2, 0x08, 0xCA, 0xE2, 0xE0, 0x8A, 0x54, 0x93, 0x56, 0x76, 0xDF, 0x9C, 0xA0, 0x72, 0x7F,
    0x4F, 0xFB, 0x10, 0xB4, 0xD4, 0x92, 0xD5, 0x75, 0x52, 0x65, 0x44, 0xE5, 0xBB, 0x20, 0x70, 0x89,
    0xA8, 0x73, 0xE7, 0x69, 0x16, 0xBF, 0x37, 0xC0, 0xFC, 0xA9, 0x81, 0x82, 0x13, 0x93, 0x70, 0x36,
    0xDD, 0xD4, 0xCC, 0xA7, 0x1C, 0x07, 0x64, 0x6B, 0x51, 0x3E, 0x27, 0xC6, 0x5C, 0xF3, 0x7A, 0x22,
    0x29, 0x56, 0x52, 0xE6, 0x5E, 0xE3, 0xC3, 0x17, 0x90, 0x6F, 0x33, 0x27, 0x2D, 0x35, 0xB3, 0xCA,
    0x6D, 0x54, 0xEF, 0xDB, 0xC1, 0x6B, 0x76, 0xC9, 0xDC, 0x6E, 0x98, 0x17, 0xBA, 0x1D, 0x6A, 0xAE,
    0x1A, 0x8B, 0x7C, 0x50, 0x71, 0xF4, 0x20, 0x77, 0x89, 0x2C, 0x0B, 0x9A, 0xCF, 0x48, 0x9C, 0xDA,
    0xFB, 0xB8, 0x1D, 0xF9, 0x64, 0xB9, 0x2E, 0x11, 0xFE, 0x5F, 0x71, 0x64, 0x90, 0xA1, 0x2B, 0x3E,
    0xF4, 0xD4, 0x1D, 0xC8, 0x26, 0xC7, 0x1D, 0xCE, 0x37, 0xB8, 0xAE, 0x86, 0x66, 0x07, 0x8D, 0xEC,
    0x00, 0xE3, 0xC1, 0x25, 0x19, 0x95, 0xB0, 0x6F, 0x89, 0xAF, 0x27, 0xD5, 0x01, 0x5D, 0x06, 0x28,
    0x1C, 0x35, 0x54, 0xC6, 0x8A, 0xBA, 0x1C, 0x64, 0x87, 0xFE, 0x4F, 0xFD, 0x9D, 0x6A, 0xD2, 0x25,
    0x86, 0x8F, 0xDF, 0xD3, 0xE0, 0x4B, 0xE8, 0xFE, 0x47, 0xD0, 0xFA, 0x5D, 0x8E, 0x43, 0xEF, 0x15,
    0xAD, 0x5B, 0xA9, 0xE2, 0x4B, 0xF0, 0xA4, 0x05, 0x25, 0xD0, 0xB8, 0x65, 0x29, 0x42, 0x81, 0x0D,
    0xDD, 0x80, 0x91, 0xD7, 0xB8, 0x0F, 0xBA, 0x21, 0x47, 0xCC, 0x7B, 0x96, 0xFD, 0x0A, 0x3B, 0xFF,
    0xC3, 0x50, 0xF4, 0x7F, 0x63, 0xC7, 0xA8, 0x15, 0xCC, 0x0A, 0xD3, 0x10, 0x4C, 0xD9, 0x75, 0xC4,
    0x6C, 0x2D, 0xBA, 0xBE, 0x58, 0x8A, 0x07, 0x7E, 0x07, 0x42, 0x8C, 0x0D, 0x30, 0x0A, 0x60, 0xB8,
    0x0D, 0x46, 0x04, 0x98, 0x26, 0x70, 0xFF, 0x16, 0x80, 0xAC, 0xAC, 0x5A, 0x83, 0xF7, 0x20, 0x3F,
    0x36, 0x80, 0x2B, 0xA8, 0xF7, 0x40, 0xAF, 0x25, 0x12, 0x57, 0x49, 0x55, 0xCC, 0xC5, 0x67, 0x9A,
    0x55, 0x99, 0xD3, 0xAF, 0x40, 0xB5, 0xFA, 0xDC, 0x4F, 0xE8, 0x89, 0x99, 0x18, 0x22, 0xCD, 0xD2,
    0x65, 0xD4, 0x8C, 0xF9, 0x84, 0xA8, 0x81, 0x56, 0x39, 0xF2, 0xCF, 0x37, 0xF4, 0x44, 0xF8, 0x8F,
    0x5A, 0x2E, 0xAD, 0x30, 0xA9, 0xA7, 0x5C, 0x56, 0xC4, 0xDB, 0xD4, 0x70, 0xB3, 0xF0, 0x9D, 0xC6,
    0x82, 0x1B, 0x4A, 0x37, 0xEA, 0xA2, 0x06, 0x4B, 0x11, 0x35, 0xFC, 0xC3, 0xC2, 0x61, 0x61, 0x3B,
    0x97, 0x97, 0x51, 0x03, 0x03, 0x03, 0x4A, 0x47, 0xEA, 0x9B, 0xD4, 0x77, 0xBF, 0xCB, 0x31, 0x75,
    0x13, 0xDF, 0x4C, 0xFC, 0x02, 0x90, 0x2A, 0xB9, 0xF3, 0x9F, 0x10, 0x3F, 0x3A, 0xB4, 0x9C, 0x60,
    0x61, 0x67, 0x05, 0xD5, 0xAF, 0x85, 0x7F, 0x19, 0xE5, 0x55, 0x94, 0xD7, 0x51, 0xAE, 0xA2, 0x14,
    0x24, 0x26, 0x9C, 0xF3, 0x20, 0x4C, 0x12, 0x2D, 0x49, 0x16, 0xE6, 0x9D, 0xC8, 0x75, 0x9E, 0x2E,
    0xC6, 0xB3, 0x6F, 0xBB, 0x51, 0x59, 0x9B, 0x57, 0x8C, 0x83, 0xEC, 0x15, 0xE3, 0x53, 0xB6, 0x47,
    0xFD, 0x12, 0xCB, 0x3E, 0xF3, 0xAF, 0x62, 0xD9, 0xDF, 0xE4, 0xD2, 0x52, 0x6D, 0x9A, 0x39, 0xE9,
    0xB6, 0x54, 0x8C, 0xEF, 0xE0, 0xD8, 0xAB, 0x40, 0x95, 0x97, 0x85, 0x0E, 0x40, 0x05, 0xDE, 0x13,
    0x2F, 0x61, 0x9A, 0xB4, 0xEB, 0x32, 0x02, 0xF2, 0x6F, 0x94, 0xCE, 0xCA, 0xB8, 0x1D, 0xB5, 0x49,
    0x33, 0x6A, 0xFD, 0x12, 0x65, 0x31, 0x6A, 0xDF, 0x83, 0xFD, 0xEA, 0x4B, 0xEA, 0xC6, 0x58, 0x92,
    0xCC, 0x2F, 0xA1, 0xC4, 0xF8, 0x26, 0x26, 0x48, 0x01, 0x3A, 0x02, 0x74, 0x37, 0xF3, 0x45, 0x0B,
    0x70, 0xB5, 0x01, 0x78, 0x7D, 0x09, 0xF0, 0x5A, 0x05, 0x80, 0x1E, 0x6D, 0x81, 0x7C, 0xBE, 0xB7,
    0x6C, 0x5A, 0x6C, 0x7B, 0xCE, 0xBB, 0xE2, 0x6E, 0x8F, 0x39, 0x30, 0xBC, 0xD2, 0x65, 0x21, 0x55,
    0x2D, 0xEA, 0x6D, 0x57, 0xFD, 0xE6, 0x31, 0x9E, 0x0B, 0x98, 0x33, 0xE3, 0x3D, 0x0F, 0x6B, 0xF7,
    0xD8, 0xF2, 0x1A, 0x66, 0xAE, 0xD0, 0x7D, 0x0B, 0x2A, 0x33, 0x66, 0x3B, 0xE3, 0x79, 0xB3, 0x50,
    0xF4, 0x6C, 0x1C, 0xE3, 0x39, 0xAF, 0xD5, 0xB2, 0x7B, 0x66, 0xEE, 0xBE, 0x12, 0xFA, 0x4E, 0x44,
    0x75, 0x69, 0x3D, 0x96, 0xD7, 0x6D, 0x97, 0x5D, 0xF3, 0x18, 0xCF, 0x25, 0xD2, 0x0A, 0xBD, 0x0B,
    0x7D, 0xAF, 0xFB, 0xE2, 0xC8, 0x31, 0x4E, 0x58, 0x0A, 0xB0, 0xBE, 0xB4, 0x1C, 0xB5, 0x30, 0x25,
    0x9B, 0xB8, 0x8A, 0x6A, 0xFC, 0xE9, 0xD7, 0xA8, 0x49, 0xCB, 0x61, 0x97, 0x02, 0x3D, 0x72, 0xA2,
    0x09, 0x99, 0x22, 0xAE, 0x6F, 0xCD, 0x9D, 0x49, 0x23, 0x32, 0x82, 0xCA, 0x14, 0x57, 0x78, 0x7E,
    0x49, 0xEB, 0xC4, 0x4D, 0x5A, 0x29, 0x61, 0x8B, 0xE3, 0xE1, 0xC0, 0xA7, 0x1F, 0x37, 0xEC, 0x2F,
    0x58, 0x62, 0x6C, 0xCA, 0xDF, 0xB2, 0x58, 0xE6, 0x55, 0x0E, 0x1C, 0x25, 0x75, 0xA7, 0x8B, 0x78,
    0x49, 0x18, 0xD5, 0x6B, 0x18, 0x2F, 0xED, 0xAC, 0x5D, 0xA9, 0xBB, 0x4A, 0x6B, 0xC1, 0x5A, 0x7B,
    0xF0, 0x13, 0xD3, 0xC5, 0xA4, 0x89, 0x97, 0x51, 0x3D, 0x69, 0xC0, 0x8E, 0xBB, 0x82, 0xA8, 0x9E,
    0xC9, 0xDC, 0x4C, 0x1B, 0x2B, 0x9E, 0xEA, 0x21, 0x74, 0xDC, 0x8E, 0x84, 0x9D, 0x54, 0xA4, 0xF2,
    0xBC, 0x1C, 0x77, 0x8F, 0xB4, 0xF6, 0xA2, 0x75, 0x2B, 0xCE, 0xDC, 0x76, 0x2A, 0xE8, 0x7D, 0xB9,
    0x5B, 0x30, 0x96, 0x32, 0xA5, 0xA7, 0xC0, 0x46, 0xC1, 0x55, 0xBC, 0xAF, 0x90, 0xF2, 0xA2, 0xE5,
    0x97, 0x82, 0x3E, 0x98, 0x24, 0x6B, 0xA8, 0xE3, 0xEE, 0x8C, 0x2A, 0x7D, 0x66, 0xDB, 0x95, 0x98,
    0x53, 0xB2, 0x53, 0xE5, 0x32, 0x67, 0xE4, 0x4C, 0x97, 0x83, 0x38, 0x5D, 0x83, 0x7B, 0x97, 0xC5,
    0x75, 0x33, 0x82, 0xD2, 0xA5, 0x9F, 0x83, 0x43, 0x63, 0xB1, 0xA1, 0xBD, 0xD3, 0xCF, 0x45, 0xF7,
    0xB8, 0x3C, 0x17, 0x00, 0x1D, 0x89, 0x22, 0xAA, 0x8F, 0x07, 0xBE, 0x96, 0x54, 0x10, 0x78, 0x9D,
    0x66, 0xEF, 0xCD, 0x00, 0xF4, 0xAF, 0x9D, 0xA8, 0x75, 0xF1, 0x5E, 0x72, 0x33, 0x39, 0xE7, 0xCD,
    0xD1, 0x33, 0xF3, 0xF7, 0xC9, 0xC0, 0x04, 0x7D, 0xCC, 0x21, 0x3F, 0x73, 0x28, 0x3C, 0x3F, 0x88,
    0xA5, 0x54, 0x67, 0xB4, 0x6B, 0x22, 0x73, 0xCE, 0xCD, 0xCF, 0x51, 0xAF, 0x83, 0x99, 0xF4, 0xDD,
    0x09, 0x0C, 0x77, 0xF4, 0x96, 0xE6, 0x11, 0xC7, 0x4D, 0x17, 0x35, 0x7D, 0x78, 0x47, 0x64, 0xD9,
    0x94, 0xB3, 0x2F, 0xAB, 0xC5, 0x57, 0xA0, 0x26, 0xCC, 0x44, 0xFA, 0x73, 0x0F, 0x8B, 0x04, 0x32,
    0xD7, 0x6F, 0xC0, 0x8F, 0x04, 0xED, 0xAC, 0x5D, 0xF9, 0x43, 0x93, 0xCF, 0x6A, 0x41, 0xAD, 0x0D,
    0x82, 0xA0, 0xC3, 0xB3, 0x61, 0x1F, 0x01, 0x61, 0x89, 0xB4, 0xA8, 0x21, 0x73, 0xAA, 0x81, 0xB9,
    0x9A, 0xAB, 0xA1, 0x4F, 0x40, 0xBE, 0x76, 0x3C, 0xC6, 0xF9, 0x14, 0x7A, 0xC6, 0x04, 0x72, 0x64,
    0x44, 0x91, 0x27, 0x9A, 0xA1, 0xE8, 0x0B, 0x01, 0x85, 0x53, 0x0A, 0xD9, 0x41, 0xF3, 0x97, 0xAE,
    0x2F, 0xAB, 0xCF, 0x29, 0xDB, 0x1A, 0xB3, 0x4F, 0xFB, 0x40, 0x1E, 0x14, 0xCC, 0x00, 0xC2, 0x89,
    0x67, 0x8F, 0x00, 0x24, 0x6C, 0x31, 0xDF, 0xD2, 0xC5, 0xC6, 0x1E, 0x2B, 0x32, 0x26, 0xAA, 0x8C,
    0xE5, 0xA0, 0xEF, 0x81, 0xFE, 0x9D, 0x91, 0xF3, 0x50, 0xF3, 0x94, 0x9B, 0xA9, 0xE9, 0xED, 0xC5,
    0x94, 0xFE, 0xE6, 0xAF, 0x39, 0xCD, 0x0A, 0x26, 0x27, 0x9E, 0x73, 0x56, 0x7E, 0x6A, 0xD6, 0xD7,
    0x49, 0xD5, 0x9E, 0x2D, 0x5E, 0xBD, 0x1C, 0x6B, 0x70, 0x41, 0x71, 0xB2, 0x32, 0x0F, 0xE6, 0xFC,
    0x0E, 0xAF, 0x1E, 0xFB, 0x5F, 0x48, 0x77, 0xCC, 0xB5, 0xB8, 0x17, 0x1D, 0x9D, 0x7D, 0x45, 0x47,
    0x62, 0x68, 0xA9, 0x92, 0x50, 0xF9, 0x63, 0xE3, 0xF3, 0xBF, 0xA7, 0x6F, 0x53, 0x5E, 0x9E, 0x0E,
    0x3A, 0xC7, 0x27, 0x41, 0x51, 0x33, 0x3D, 0xE0, 0xF8, 0xBF, 0x77, 0x53, 0x67, 0xDF, 0x60, 0xD7,
    0xD4, 0x27, 0xFD, 0x42, 0x98, 0x77, 0x9A, 0xA5, 0xF0, 0xEB, 0x98, 0xBF, 0x16, 0x02, 0xB4, 0xA1,
    0x6F, 0x69, 0x28, 0xED, 0x69, 0xB4, 0x05, 0xAF, 0x12, 0x76, 0x13, 0x83, 0xDD, 0x65, 0x69, 0x47,
    0xD0, 0xAE, 0x5B, 0xAE, 0x35, 0x60, 0x7B, 0x09, 0xCC, 0x18, 0x7F, 0x75, 0x0E, 0x08, 0xEC, 0x20,
    0x0E, 0x2C, 0xC5, 0x0C, 0x17, 0x1D, 0xA7, 0x27, 0x2B, 0xB2, 0x54, 0x7E, 0xA8, 0x7C, 0x3F, 0xBC,
    0x5D, 0xDC, 0x3E, 0x12, 0x07, 0x6A, 0x8D, 0x0F, 0x65, 0xFE, 0x8D, 0xE2, 0x16, 0x07, 0x9D, 0xCF,
    0x8D, 0x1D, 0x53, 0x8B, 0xCD, 0x45, 0xCB, 0x36, 0xB9, 0xA4, 0xC7, 0xD3, 0xE3, 0x97, 0xEF, 0xC1,
    0xD0, 0x67, 0x2B, 0xFC, 0xDA, 0x05, 0xCE, 0xB5, 0x46, 0x5B, 0x93, 0x85, 0x91, 0x55, 0xDA, 0xEB,
    0x6A, 0xA7, 0xD3, 0xB9, 0x18, 0x33, 0x18, 0xB0, 0x2B, 0xA4, 0xAC, 0x04, 0xA8, 0x31, 0x99, 0x7F,
    0x29, 0xDD, 0xCF, 0x55, 0x91, 0x73, 0x75, 0x82, 0xE1, 0xA2, 0x9F, 0xF1, 0x3A, 0x5A, 0x7C, 0x96,
    0x92, 0x9F, 0xCB, 0xF6, 0x08, 0x12, 0x73, 0x55, 0x44, 0x86, 0x7D, 0xF9, 0x06, 0x3A, 0x05, 0xB6,
    0x79, 0x2E, 0x73, 0xC3, 0x4E, 0x76, 0xF9, 0x58, 0x91, 0x53, 0x3D, 0x73, 0xD4, 0x3A, 0x1A, 0x46,
    0x23, 0x2F, 0xEA, 0x85, 0x0E, 0x6E, 0x1A, 0x05, 0xC3, 0x01, 0xD4, 0x89, 0x8A, 0x72, 0x22, 0x3F,
    0x6F, 0x19, 0xDD, 0x5F, 0x15, 0xA1, 0x5A, 0x44, 0x2D, 0x0C, 0x3F, 0x6A, 0x11, 0xF4, 0xA0, 0xB7,
    0x79, 0xF1, 0xBF, 0x7C, 0x96, 0xC8, 0x97, 0x02, 0xA2, 0x6B, 0x23, 0x4F, 0xEF, 0x0F, 0x2C, 0x3C,
    0xB4, 0x7B, 0xA8, 0x2F, 0x3A, 0x10, 0x2F, 0x92, 0x05, 0x6A, 0x48, 0x66, 0x60, 0x2C, 0x11, 0x04,
    0x14, 0x0E, 0xE5, 0xF6, 0x1A, 0xCC, 0x18, 0x02, 0x0F, 0x0B, 0x13, 0xBF, 0xDE, 0xF7, 0xCF, 0x75,
    0x30, 0x01, 0xFF, 0xB4, 0x2B, 0x3E, 0xF6, 0x37, 0xA1, 0xE4, 0xDE, 0xA1, 0xBA, 0xFB, 0x01, 0xED,
    0xAF, 0xE0, 0x00, 0x33, 0xA3, 0x56, 0xFF, 0x7C, 0xC7, 0xBF, 0xB1, 0xF6, 0x2B, 0x07, 0xA0, 0x63,
    0x03, 0xFF, 0x06, 0x05, 0x8B, 0x69, 0x24, 0xB4, 0x70, 0xC5, 0xD0, 0xDF, 0x28, 0x18, 0x18, 0x8D,
    0x1B, 0x4A, 0x9C, 0x1E, 0xE8, 0x98, 0xB1, 0x7B, 0x7A, 0x9F, 0x69, 0x89, 0x1F, 0x92, 0x99, 0x91,
    0x40, 0xD6, 0xE0, 0xB0, 0xF8, 0xF9, 0x05, 0xA2, 0x75, 0xBD, 0x01, 0x36, 0x2F, 0x01, 0x1D, 0x49,
    0x60, 0x19, 0x11, 0xE4, 0xB7, 0x30, 0xB2, 0x1C, 0x2A, 0x4A, 0x00, 0x3A, 0xE6, 0x25, 0xFB, 0x6A,
    0xB6, 0xFE, 0xCC, 0x65, 0x33, 0xC6, 0x4B, 0xD9, 0xE2, 0x15, 0xDD, 0xF0, 0x9E, 0x86, 0x75, 0x35,
    0xAC, 0x30, 0xF2, 0x99, 0xFB, 0x1A, 0xC6, 0xCB, 0x85, 0xF8, 0xA8, 0x9B, 0x5E, 0x10, 0x65, 0x76,
    0xDB, 0xD0, 0x8E, 0xDF, 0x50, 0x34, 0xD6, 0xAE, 0xBC, 0x8E, 0x27, 0xFC, 0x36, 0x5A, 0x58, 0x1E,
    0xF4, 0xAD, 0x31, 0xCE, 0x05, 0x38, 0x34, 0x75, 0xE2, 0xDC, 0x79, 0x20, 0x15, 0x5D, 0xDD, 0x2F,
    0x13, 0x55, 0x5E, 0x23, 0x78, 0xB3, 0xFB, 0x93, 0xB9, 0x2F, 0xE8, 0xA9, 0xF3, 0x9F, 0xEB, 0x29,
    0x75, 0x0F, 0xA0, 0x4E, 0x78, 0x45, 0x48, 0xC0, 0x7E, 0xE6, 0xA0, 0x0B, 0xC9, 0x4F, 0x52, 0x54,
    0x41, 0x16, 0xAC, 0x70, 0xF1, 0xB9, 0x0B, 0x16, 0x59, 0x14, 0x7F, 0x13, 0x4A, 0x8B, 0xD5, 0xCF,
    0xB4, 0x30, 0xF2, 0xD1, 0xD2, 0x68, 0x27, 0x03, 0x68, 0x65, 0x81, 0xCB, 0xEC, 0xA3, 0xC5, 0x3E,
    0x6E, 0x37, 0x2D, 0x44, 0x05, 0x66, 0xCC, 0xF9, 0x3A, 0x94, 0x36, 0x4A, 0x43, 0xB1, 0xC6, 0x8D,
    0x64, 0x67, 0x20, 0x2E, 0x91, 0x91, 0xEC, 0xC5, 0x1A, 0x37, 0x52, 0x8D, 0x65, 0x2C, 0x0A, 0x82,
    0x70, 0x20, 0x26, 0x9F, 0xB9, 0x3E, 0x38, 0x2C, 0x44, 0x03, 0x67, 0xD1, 0xB3, 0x7E, 0xA5, 0x47,
    0xFD, 0x3F, 0x3D, 0x69, 0x1E, 0x1E, 0x34, 0x0B, 0xA1, 0x87, 0x91, 0xA2, 0xD6, 0xE3, 0x3A, 0x07,
    0x3E, 0x46, 0x55, 0x3E, 0x42, 0xE3, 0x65, 0x3E, 0x44, 0xDB, 0xF4, 0xE3, 0x6B, 0xE5, 0x0F, 0xCF,
    0x07, 0xB3, 0xA0, 0x09, 0x26, 0x42, 0xAB, 0x7A, 0x24, 0x04, 0x53, 0x9D, 0xB9, 0xDE, 0xAB, 0xCE,
    0xA0, 0x2B, 0x23, 0x88, 0xFE, 0xD6, 0x94, 0x6E, 0x55, 0x0D, 0xA5, 0x8C, 0x7B, 0xAD, 0xAE, 0x0F,
    0x8B, 0x33, 0x4E, 0xFD, 0x82, 0x5F, 0x45, 0xBD, 0x15, 0x52, 0x81, 0xB9, 0x24, 0x1F, 0x4A, 0xBC,
    0x4C, 0x2B, 0x31, 0x96, 0x8A, 0x32, 0x1E, 0x04, 0x55, 0xA6, 0x15, 0xFD, 0x80, 0x3C, 0x02, 0xC9,
    0xF0, 0x3E, 0x29, 0x14, 0xCA, 0x76, 0x06, 0xE2, 0x91, 0x8A, 0xC5, 0x49, 0xA5, 0x79, 0xD5, 0xA8,
    0x52, 0xDF, 0x66, 0xC3, 0x96, 0x5D, 0x03, 0xFB, 0x14, 0x87, 0x01, 0xB3, 0x9A, 0xBB, 0xE0, 0xA2,
    0x03, 0x87, 0x97, 0xBB, 0x82, 0x72, 0x8F, 0xCC, 0xD5, 0x47, 0xFF, 0xB7, 0x63, 0x74, 0x34, 0x2A,
    0xD1, 0x97, 0x57, 0xEB, 0xA8, 0xCC, 0x67, 0xFE, 0xF5, 0x2A, 0x2A, 0xD3, 0xF9, 0x21, 0x43, 0xF0,
    0x5C, 0x17, 0x99, 0x05, 0x0B, 0x45, 0x4A, 0x47, 0xED, 0xD4, 0x67, 0x98, 0x1B, 0xB6, 0x3E, 0x24,
    0x5B, 0x7A, 0x85, 0x8A, 0xFE, 0xCD, 0xDE, 0x59, 0x4D, 0x45, 0x6E, 0x68, 0xAE, 0x74, 0x86, 0x55,
    0xBB, 0x0E, 0x2C, 0xF2, 0xD3, 0x2E, 0xAD, 0xF2, 0x9F, 0x61, 0x0D, 0x8B, 0x6B, 0xB0, 0xF8, 0xFD,
    0x35, 0xC8, 0x2E, 0x81, 0xDC, 0xF2, 0x34, 0xD8, 0xF8, 0x02, 0x4A, 0xD6, 0x7C, 0xBC, 0x4C, 0x67,
    0xC3, 0x86, 0x81, 0x79, 0x46, 0x6A, 0x5B, 0x36, 0x21, 0x52, 0x48, 0xEF, 0xDC, 0x59, 0x16, 0x37,
    0x6F, 0x34, 0xFE, 0xF9, 0xEB, 0x8D, 0x8F, 0xAE, 0x37, 0x87, 0x99, 0x3A, 0x26, 0x9C, 0xF6, 0x0B,
    0x45, 0xDF, 0x34, 0x6B, 0x12, 0x56, 0xF3, 0xE8, 0xEE, 0x77, 0x14, 0xE0, 0x6F, 0xD8, 0xC9, 0xF9,
    0xB0, 0xC5, 0x6A, 0x62, 0x25, 0x7C, 0x64, 0x0B, 0xF1, 0x66, 0xC8, 0x4E, 0x98, 0xAF, 0x72, 0x15,
    0x6E, 0xBD, 0x28, 0x51, 0xD7, 0xDF, 0x9E, 0x7E, 0xD1, 0x29, 0x06, 0xF6, 0x71, 0x93, 0x2F, 0x14,
    0xFD, 0xD2, 0x92, 0xBC, 0x02, 0xA6, 0x0D, 0x4A, 0x7A, 0xAE, 0x81, 0xEE, 0x0F, 0xAE, 0x04, 0x44,
    0x2C, 0xFE, 0x50, 0x0F, 0x9F, 0x05, 0x43, 0x56, 0xF2, 0x30, 0x9D, 0x17, 0x98, 0xCF, 0xB8, 0xA4,
    0x18, 0x8B, 0x3E, 0xD3, 0x4A, 0x7F, 0x61, 0xEB, 0xBE, 0xB4, 0x59, 0xB7, 0x49, 0x9F, 0x43, 0x64,
    0x15, 0x45, 0x09, 0xB2, 0x4B, 0xB1, 0xBA, 0xAF, 0xB4, 0x69, 0x04, 0xD8, 0x00, 0x0E, 0xB2, 0xDF,
    0x70, 0xA3, 0xC5, 0x7B, 0x6E, 0x50, 0x81, 0x02, 0xFF, 0x15, 0x53, 0xFA, 0xBF, 0xA1, 0xE5, 0x82,
    0xFD, 0x26, 0xA6, 0x00, 0x69, 0x32, 0x9E, 0x76, 0x79, 0xB5, 0xF2, 0xC4, 0x3B, 0x85, 0x6F, 0x61,
    0xA8, 0xC9, 0x2B, 0x54, 0xBA, 0x73, 0xC4, 0xF5, 0x64, 0x69, 0x32, 0x28, 0x5D, 0x0E, 0xAE, 0x28,
    0x81, 0x66, 0x81, 0x09, 0xC2, 0x73, 0xC1, 0xA1, 0x9C, 0xD1, 0x07, 0xFF, 0x8F, 0xC9, 0x01, 0xAF,
    0xBC, 0xAD, 0xCC, 0x87, 0xF1, 0xEC, 0xA7, 0x6E, 0x74, 0x0D, 0xDA, 0xC9, 0xC7, 0x78, 0xDE, 0x67,
    0x52, 0x05, 0x30, 0xF9, 0x0B, 0xF2, 0x6C, 0x29, 0x4B, 0xBF, 0x36, 0xF4, 0xE6, 0x37, 0xBF, 0xCA,
    0x85, 0xA9, 0xB4, 0x38, 0xEE, 0x05, 0x1D, 0x23, 0xA9, 0x66, 0xC3, 0xB7, 0x3D, 0x56, 0xBF, 0x93,
    0x8F, 0xBF, 0x97, 0x34, 0x89, 0x2D, 0x20, 0xF8, 0xF2, 0x7F, 0x76, 0x81, 0x3F, 0xBC, 0x94, 0x41,
    0x82, 0x4C, 0x60, 0x80, 0xA2, 0x4A, 0xEB, 0x54, 0xF2, 0x04, 0xFA, 0x33, 0xAB, 0xA3, 0x18, 0xD5,
    0x90, 0xAE, 0xE5, 0x49, 0x03, 0x39, 0x44, 0x05, 0x06, 0x92, 0x69, 0x24, 0x0D, 0x46, 0xCA, 0x4E,
    0xC4, 0xA7, 0xC2, 0xD4, 0xAC, 0x8C, 0x35, 0x94, 0xC6, 0x28, 0xE6, 0xC6, 0x36, 0x66, 0x2B, 0xEE,
    0x71, 0xEE, 0xA2, 0xBC, 0xC6, 0x14, 0x69, 0xA7, 0xA8, 0x8A, 0xD9, 0x84, 0x7C, 0x25, 0x67, 0x07,
    0x8B, 0x8A, 0xA6, 0xAD, 0xC3, 0x04, 0x86, 0x9E, 0x55, 0xEA, 0x19, 0x3B, 0x88, 0x9E, 0x8D, 0x43,
    0xCF, 0x1A, 0xF5, 0x6C, 0x88, 0x0E, 0x92, 0xA3, 0xF9, 0x8B, 0x6D, 0x5E, 0xF6, 0xBC, 0x4B, 0x1D,
    0x5C, 0xF7, 0x2C, 0x09, 0x71, 0x88, 0x13, 0xF4, 0x65, 0x70, 0x9E, 0x70, 0x27, 0x96, 0xE7, 0xFF,
    0x08, 0xEB, 0xC8, 0x6E, 0x31, 0xF6, 0x5C, 0x83, 0x13, 0x27, 0x8D, 0x5F, 0x58, 0x82, 0x82, 0xDF,
    0x00, 0x72, 0x87, 0xC3, 0xD4, 0x8B, 0xC9, 0x30, 0x19, 0xCB, 0x1B, 0xDC, 0x17, 0xCB, 0xBB, 0xCF,
    0x75, 0x53, 0x06, 0xF7, 0xC9, 0x86, 0x1D, 0x21, 0xD7, 0x4D, 0x95, 0x6C, 0xB9, 0x6E, 0xC8, 0x07,
    0x5F, 0xCA, 0x20, 0xC4, 0xC6, 0x8A, 0xA7, 0x46, 0xE4, 0x46, 0x58, 0xF6, 0x39, 0xCD, 0xC9, 0x7B,
    0x19, 0x66, 0x83, 0x07, 0x69, 0x5E, 0x39, 0x45, 0x86, 0xB0, 0x6C, 0x64, 0xC8, 0x0A, 0x10, 0x61,
    0x20, 0xCF, 0x99, 0x60, 0x22, 0xFF, 0x2D, 0x6E, 0xCA, 0x44, 0xB8, 0x53, 0xBB, 0x10, 0x2F, 0xB2,
    0x7C, 0x0D, 0x4B, 0xDD, 0xB0, 0x90, 0x91, 0x25, 0x74, 0x14, 0x33, 0x46, 0x72, 0x19, 0xA8, 0x4E,
    0x31, 0x88, 0x39, 0x7D, 0x07, 0x58, 0x07, 0x32, 0x69, 0xA0, 0x0D, 0xD6, 0x00, 0x62, 0x14, 0x9A,
    0x14, 0xC4, 0x44, 0x57, 0x88, 0x95, 0xBB, 0x00, 0x14, 0xEE, 0x4E, 0xC5, 0xF0, 0xF9, 0x8C, 0x77,
    0xBF, 0x29, 0xB1, 0x94, 0xB0, 0xDD, 0xE8, 0x03, 0x3E, 0x63, 0xF8, 0x3F, 0xDE, 0xEA, 0x55, 0xB4,
    0x27, 0x3F, 0x2A, 0xF7, 0x97, 0xD4, 0x5E, 0x13, 0xAA, 0xB1, 0xD1, 0x07, 0xF8, 0x7F, 0xF4, 0x21,
    0xF5, 0xAC, 0xB7, 0x42, 0x8F, 0xCE, 0x68, 0xCC, 0xCF, 0x48, 0x2B, 0x1A, 0xC8, 0x05, 0x8B, 0xC7,
    0x4A, 0x24, 0x47, 0x92, 0xAC, 0xC0, 0x0A, 0x79, 0x3B, 0xD3, 0x32, 0xFD, 0xC7, 0x7A, 0x84, 0x95,
    0x4E, 0xBF, 0x00, 0x16, 0xA3, 0xFA, 0xAC, 0xA5, 0x8C, 0x49, 0x3F, 0xEB, 0x22, 0x66, 0xA8, 0x7C,
    0xEA, 0x29, 0x79, 0xC0, 0xFC, 0xF2, 0x92, 0x15, 0xA4, 0x7C, 0x41, 0x79, 0x44, 0xED, 0x32, 0x05,
    0x43, 0xE1, 0xED, 0x65, 0x02, 0xB6, 0xB4, 0x04, 0xEA, 0x88, 0x4B, 0x90, 0xB8, 0xC7, 0x24, 0x7A,
    0x3C, 0x12, 0x7C, 0x80, 0x1A, 0xEC, 0x39, 0x29, 0xB1, 0x6B, 0x87, 0xD1, 0x53, 0x1A, 0x3E, 0x2E,
    0x96, 0x8C, 0x8E, 0x4C, 0x4F, 0x78, 0xEA, 0x88, 0xFD, 0xFC, 0x21, 0x44, 0x78, 0x36, 0xF1, 0xF4,
    0x52, 0x66, 0xB1, 0x6F, 0xA9, 0xB0, 0xA7, 0x1F, 0xFB, 0xFC, 0x7A, 0x47, 0x73, 0x3D, 0xFF, 0x50,
    0xBA, 0xE6, 0xD5, 0x5F, 0xAA, 0xBA, 0x69, 0xA9, 0x06, 0x37, 0x2D, 0xD9, 0xE0, 0x06, 0xF3, 0x00,
    0xA8, 0x8B, 0x40, 0x9B, 0xFA, 0x19, 0xD4, 0x4E, 0x79, 0x34, 0xB8, 0x44, 0xD4, 0x36, 0x3D, 0xF5,
    0xD8, 0x05, 0x55, 0x5D, 0x68, 0x9B, 0x23, 0xB9, 0xCF, 0xCC, 0x04, 0x71, 0x83, 0xAB, 0xD2, 0xD2,
    0x47, 0x16, 0xB2, 0x1A, 0x59, 0xC7, 0x06, 0x97, 0x8D, 0xFE, 0x8E, 0xAC, 0xB3, 0x30, 0x07, 0x8D,
    0x98, 0x67, 0xA2, 0x41, 0x5C, 0x1A, 0xF9, 0xBF, 0xFE, 0xBC, 0x20, 0xF3, 0x52, 0xEF, 0x53, 0xD3,
    0x96, 0x69, 0x7E, 0xC2, 0x78, 0x21, 0x4F, 0x1A, 0x58, 0x8C, 0x7F, 0x5D, 0x15, 0xCA, 0xBB, 0x9A,
    0xF1, 0x92, 0x91, 0xCF, 0xC2, 0x0D, 0x58, 0xA5, 0x2C, 0x62, 0x74, 0xF6, 0x97, 0xF7, 0xD0, 0xC7,
    0x51, 0x08, 0x9C, 0x05, 0x76, 0x71, 0xF0, 0xF6, 0x3D, 0xC3, 0x04, 0xCD, 0xD1, 0xE0, 0xDD, 0x4C,
    0xE2, 0x34, 0x8B, 0x14, 0x67, 0xBA, 0xFB, 0xEE, 0xA5, 0xBA, 0xCF, 0x4D, 0x62, 0x50, 0x02, 0xD8,
    0xD8, 0x03, 0xC6, 0x26, 0x98, 0xFF, 0x58, 0x7D, 0x3D, 0x66, 0x64, 0x42, 0xA1, 0x09, 0x1C, 0xFE,
    0x9E, 0xFF, 0x51, 0x30, 0xC2, 0xD1, 0x91, 0x1F, 0x07, 0x9C, 0xCF, 0x6D, 0xB8, 0xC0, 0xA1, 0x17,
    0x2D, 0x6B, 0x76, 0x58, 0x0E, 0x42, 0x88, 0x6E, 0xD8, 0x13, 0xC6, 0x68, 0x65, 0xC5, 0xFC, 0x24,
    0xA8, 0xD7, 0xC3, 0x8A, 0xC4, 0x82, 0x59, 0x1C, 0xCD, 0x7B, 0xCB, 0xC1, 0x4C, 0xDF, 0x65, 0x98,
    0x56, 0x5B, 0xEB, 0x51, 0x17, 0xA2, 0xC5, 0xC1, 0x82, 0x90, 0x6F, 0x20, 0xB7, 0x0C, 0x3B, 0x9F,
    0x15, 0x2B, 0x43, 0x2B, 0xFC, 0x98, 0x6F, 0xFE, 0x38, 0xB8, 0xAC, 0x04, 0xC6, 0x72, 0x28, 0xC9,
    0x3C, 0x4B, 0x3F, 0xE7, 0xA4, 0xFC, 0xB5, 0x6C, 0x88, 0xEE, 0x7B, 0x5E, 0x56, 0x84, 0x14, 0x66,
    0xD9, 0x11, 0x41, 0xB5, 0x3B, 0x14, 0x15, 0xAB, 0x8D, 0x97, 0x34, 0x67, 0x13, 0x5B, 0xD3, 0xE2,
    0xAF, 0x84, 0xFB, 0xEF, 0xB8, 0x6F, 0xEB, 0x5C, 0x18, 0xBB, 0xE1, 0x80, 0xFB, 0x4D, 0x5E, 0x57,
    0xB9, 0x9F, 0xBA, 0x64, 0x8E, 0xA1, 0x2C, 0x5D, 0xB2, 0x50, 0x57, 0x23, 0xAA, 0x49, 0xB4, 0xBE,
    0xA4, 0xC0, 0xD3, 0x3F, 0x2A, 0xAE, 0x6C, 0xB4, 0xDB, 0x48, 0x93, 0x1D, 0xF3, 0xBF, 0xFF, 0xA2,
    0x2A, 0xF1, 0x90, 0x10, 0xC5, 0x3F, 0xA1, 0x6F, 0x17, 0x1B, 0x3A, 0xAF, 0x20, 0x62, 0x71, 0x08,
    0xCC, 0xA3, 0x62, 0x80, 0x8E, 0xA8, 0x48, 0x46, 0xFE, 0x34, 0x7B, 0xA4, 0x18, 0xC8, 0x38, 0xE4,
    0x20, 0xCD, 0x17, 0xFF, 0x7D, 0xED, 0xD0, 0xF9, 0x0A, 0x59, 0x63, 0x42, 0x34, 0xB3, 0x97, 0x7E,
    0xF2, 0x7B, 0xBF, 0xBE, 0x91, 0x2B, 0x74, 0x96, 0x66, 0x1A, 0x63, 0x9B, 0xB9, 0xA2, 0x1D, 0x0A,
    0xAF, 0xC7, 0xE8, 0x12, 0xC8, 0x69, 0x90, 0xEF, 0x49, 0xD5, 0xE0, 0x50, 0x95, 0x23, 0xBC, 0x34,
    0xA3, 0x22, 0xF2, 0xF7, 0x7E, 0x3C, 0xEE, 0x93, 0xE9, 0x98, 0x36, 0xA5, 0x5C, 0x88, 0xDD, 0x02,
    0x55, 0xA3, 0x90, 0xD3, 0x8A, 0x39, 0xC2, 0x2E, 0xBD, 0xFB, 0xAC, 0xB5, 0xBB, 0xC7, 0xBF, 0xCF,
    0x7C, 0xAD, 0xDE, 0x67, 0x34, 0x28, 0xC4, 0x2B, 0xEE, 0x2F, 0xCE, 0x8C, 0x1A, 0x77, 0xBE, 0x92,
    0x5E, 0xAA, 0x44, 0x6A, 0x2A, 0xDA, 0xE8, 0xF8, 0x6F, 0xA5, 0xD4, 0x3D, 0xEF, 0x80, 0xE1, 0x0C,
    0x64, 0xA5, 0x93, 0x99, 0x10, 0xF9, 0xC6, 0x9F, 0xA2, 0x71, 0xF1, 0x90, 0xE1, 0x8C, 0x68, 0x16,
    0x5B, 0x40, 0xB2, 0x64, 0xF6, 0x67, 0x6C, 0x78, 0x8A, 0xCB, 0xF2, 0xBF, 0x6D, 0xBE, 0x2F, 0xDC,
    0xFC, 0x06, 0xF4, 0xA5, 0xDF, 0x73, 0x7F, 0xE0, 0xA2, 0xCC, 0x7E, 0x4F, 0x5C, 0x62, 0x38, 0x7B,
    0xE9, 0x48, 0xD8, 0xDC, 0x51, 0x9B, 0xFA, 0x27, 0x7F, 0x97, 0xDE, 0x0A, 0x0E, 0xEB, 0x1D, 0x8A,
    0x71, 0xB7, 0xE7, 0x33, 0xF0, 0x7D, 0x14, 0x6B, 0xD4, 0x47, 0xE2, 0xDD, 0x64, 0x66, 0x74, 0x7C,
    0xF0, 0xC9, 0x81, 0xFB, 0xFA, 0x01, 0x19, 0x5A, 0xD2, 0xF5, 0x36, 0xDA, 0x5F, 0x5C, 0x42, 0xCB,
    0xEF, 0x5E, 0xC2, 0xAF, 0xBF, 0x1B, 0xA3, 0x6B, 0x3F, 0x99, 0x64, 0xEE, 0xD1, 0x3F, 0x71, 0xD3,
    0x57, 0xA9, 0x75, 0x0A, 0xD5, 0x3B, 0x91, 0x5A, 0x7A, 0x27, 0x9A, 0x7D, 0x77, 0xA8, 0x63, 0xDF,
    0x1D, 0x9E, 0xBC, 0x69, 0x75, 0x52, 0x20, 0x7D, 0x48, 0x4F, 0x1F, 0x34, 0x5E, 0x34, 0xE1, 0xBE,
    0xDE, 0x37, 0xF9, 0x5F, 0xFB, 0x1F, 0x4D, 0x3F, 0x53, 0x96, 0x0A, 0xF7, 0x6B, 0x3D, 0x97, 0xFB,
    0xA6, 0x52, 0xE2, 0xE5, 0xB6, 0xC5, 0x8F, 0x01, 0x27, 0x7C, 0x06, 0x4E, 0x48, 0xAE, 0x15, 0x89,
    0x75, 0x97, 0x96, 0xC4, 0xA0, 0x5C, 0xE7, 0x31, 0x59, 0x3B, 0x2F, 0x1F, 0xAC, 0xD8, 0xF4, 0xB1,
    0x9F, 0x4F, 0x56, 0x51, 0x45, 0xB5, 0x3F, 0x5E, 0x08, 0xA1, 0xD5, 0xD0, 0xC4, 0x7E, 0x60, 0x0C,
    0x62, 0xB9, 0xC3, 0xAB, 0xAB, 0x10, 0xE4, 0x03, 0x9B, 0x1C, 0x91, 0x8E, 0xC4, 0xAB, 0x16, 0x81,
    0x49, 0xB3, 0xC5, 0x71, 0x13, 0x84, 0x98, 0xBC, 0x5A, 0x35, 0x47, 0xF1, 0xAE, 0x49, 0xBB, 0x0A,
    0x98, 0xE5, 0x8C, 0xDB, 0xFD, 0x86, 0x11, 0x73, 0x9F, 0xEC, 0x1C, 0xF5, 0x0F, 0xB4, 0xD5, 0xB2,
    0x4C, 0x41, 0xD3, 0x23, 0x36, 0x73, 0x05, 0x0F, 0xE5, 0x5A, 0x51, 0xBA, 0xA0, 0x53, 0xBE, 0xA0,
    0x53, 0xC2, 0xA0, 0x52, 0x06, 0x08, 0xD3, 0x90, 0x71, 0x03, 0x78, 0x4D, 0xF0, 0xBA, 0x8C, 0xE0,
    0x0F, 0x94, 0xCF, 0xC3, 0xBC, 0x41, 0xA7, 0xC4, 0x41, 0x17, 0xD2, 0xC6, 0x2C, 0xFF, 0xCD, 0x2B,
    0x41, 0x18, 0x94, 0x7C, 0x7B, 0x26, 0x8B, 0xB8, 0x54, 0xFC, 0xBC, 0x94, 0x73, 0xBD, 0x5C, 0x1B,
    0xF0, 0xEA, 0xCB, 0x44, 0x7D, 0x89, 0x75, 0x38, 0x57, 0x57, 0x9F, 0xA6, 0xC9, 0x02, 0x12, 0x61,
    0xF8, 0xD6, 0xE2, 0xB7, 0x9B, 0x01, 0x5C, 0x19, 0x39, 0x8C, 0x44, 0xE9, 0x49, 0x2F, 0x13, 0xBC,
    0x4A, 0xF0, 0x3A, 0xC1, 0x9B, 0x04, 0x85, 0xBA, 0xA0, 0x60, 0x15, 0x78, 0x99, 0x6F, 0x09, 0x1A,
    0x82, 0x2A, 0xE7, 0xCE, 0x04, 0x82, 0x79, 0x2E, 0xB5, 0x4D, 0x72, 0x40, 0xAE, 0xED, 0xC6, 0xE6,
    0xD0, 0x36, 0x9B, 0x50, 0xB3, 0x91, 0x49, 0xB3, 0xCE, 0xF0, 0x2A, 0x4C, 0xE5, 0x9F, 0x93, 0xC0,
    0xB2, 0xFE, 0x04, 0x8D, 0x11, 0xC5, 0xC1, 0xA3, 0x20, 0xBC, 0xA8, 0x2C, 0xBD, 0x40, 0x65, 0xDB,
    0x89, 0x57, 0x1B, 0xA7, 0x2E, 0x95, 0xBA, 0xA2, 0xCC, 0x95, 0x28, 0xA4, 0x6D, 0x2D, 0xDC, 0x53,
    0x97, 0x83, 0x27, 0x30, 0x94, 0xB5, 0x5B, 0x73, 0xEE, 0xAE, 0xE2, 0x09, 0x3A, 0xDE, 0x5D, 0xE6,
    0xC5, 0xBC, 0x0B, 0xBC, 0xFE, 0x12, 0x1D, 0x8C, 0x56, 0x2C, 0x7A, 0x51, 0x46, 0x68, 0xEC, 0x70,
    0x2A, 0x96, 0x9E, 0xAD, 0x72, 0x4F, 0x6E, 0xE5, 0x21, 0x58, 0xFA, 0x3D, 0x66, 0x77, 0xA2, 0xE4,
    0xBD, 0xD6, 0xCF, 0x50, 0x56, 0xEB, 0xFD, 0x2F, 0xFE, 0xFD, 0x71, 0x39, 0x2C, 0xC5, 0x9F, 0x6D,
    0x04, 0x61, 0x3F, 0x2F, 0xFA, 0x20, 0x6C, 0x6D, 0x41, 0xD8, 0xE7, 0x1B, 0xFF, 0xF2, 0x47, 0x0D,
    0xD8, 0x7F, 0xCD, 0x10, 0x6D, 0xC8, 0x0A, 0x9A, 0xCB, 0x85, 0x3A, 0xFB, 0x4F, 0x15, 0xBA, 0x3F,
    0xDF, 0x8C, 0x0A, 0x99, 0xC4, 0xE6, 0xAA, 0xAE, 0xCB, 0x99, 0x25, 0x37, 0x83, 0xBE, 0xFB, 0xEF,
    0x23, 0x64, 0x58, 0x4C, 0xA7, 0x53, 0x2A, 0x63, 0xEB, 0xC2, 0xFF, 0xD7, 0xB9, 0x5E, 0xF4, 0xD8,
    0xF5, 0xE5, 0xDF, 0xF9, 0x2B, 0xB3, 0x07, 0xE5, 0x85, 0x31, 0x2F, 0x64, 0xD2, 0x17, 0x13, 0xEA,
    0x2A, 0x8C, 0x32, 0xB1, 0x5C, 0xEA, 0x7E, 0xE4, 0x36, 0x8F, 0xF7, 0x45, 0x9B, 0x3F, 0x76, 0x53,
    0xB3, 0x6F, 0x4D, 0xB3, 0x3D, 0x5B, 0x1E, 0xE4, 0x58, 0x30, 0x1F, 0xFD, 0xD6, 0x96, 0x87, 0xA1,
    0x81, 0x6C, 0x1B, 0xF4, 0x3B, 0x82, 0xC6, 0xBD, 0xAD, 0xB0, 0x9D, 0x42, 0x58, 0xA8, 0xB9, 0x10,
    0x52, 0xB9, 0x2F, 0x76, 0xD7, 0x6D, 0xE4, 0xB0, 0xAC, 0xB2, 0x5C, 0xE7, 0x1B, 0xE9, 0xDA, 0x33,
    0x48, 0xA4, 0x0C, 0xB2, 0xD4, 0x1C, 0xD8, 0xCF, 0x64, 0x74, 0x2D, 0x42, 0x57, 0x3C, 0xCC, 0x28,
    0x16, 0xAA, 0x01, 0x3D, 0x5C, 0x96, 0xB0, 0x3D, 0x08, 0x89, 0xD5, 0x90, 0xC9, 0x74, 0x6E, 0xD1,
    0x58, 0xB1, 0x84, 0xED, 0x49, 0x9B, 0x7E, 0x66, 0x09, 0xDB, 0xF9, 0x17, 0xED, 0x71, 0x09, 0xDB,
    0xB3, 0x75, 0xC2, 0x76, 0xFE, 0xA9, 0x67, 0xCA, 0xEA, 0x31, 0x09, 0xDB, 0x6F, 0x85, 0x84, 0xED,
    0x65, 0x48, 0xD8, 0x5E, 0x86, 0x84, 0xED, 0x20, 0x1B, 0x92, 0x63, 0xEB, 0x64, 0x31, 0xA9, 0x99,
    0x3A, 0x63, 0x29, 0x29, 0xCC, 0x35, 0x92, 0x97, 0xE5, 0x66, 0xD3, 0xBB, 0x1A, 0xD6, 0x19, 0x2D,
    0xEB, 0xC4, 0x96, 0x6E, 0xE5, 0xB6, 0x64, 0x62, 0x0B, 0x15, 0xA3, 0x4E, 0xF7, 0xA9, 0x15, 0xE8,
    0x37, 0x4C, 0x6C, 0x81, 0xDD, 0xA4, 0xC4, 0x96, 0x59, 0x50, 0x7F, 0xF7, 0x54, 0x57, 0xB2, 0xB3,
    0x4A, 0x27, 0x77, 0x14, 0x92, 0x23, 0x9A, 0x96, 0xBD, 0x46, 0x35, 0x7B, 0x84, 0x84, 0x1A, 0xF7,
    0x1F, 0xD0, 0x26, 0xBF, 0x38, 0x33, 0x6E, 0x6D, 0x1D, 0x43, 0x0E, 0xF6, 0xD8, 0xF7, 0xC9, 0xD9,
    0x98, 0x50, 0xA5, 0x87, 0xC9, 0xD5, 0xAC, 0xAC, 0xD5, 0xDD, 0x9C, 0xEE, 0x6E, 0x23, 0xA7, 0x7B,
    0xB9, 0xCA, 0xE9, 0xF6, 0x6F, 0x11, 0x11, 0x2B, 0xB6, 0x57, 0x59, 0x4E, 0x77, 0x1F, 0x2C, 0x5C,
    0x81, 0xA4, 0x2A, 0xB2, 0xC4, 0x32, 0xAA, 0x5F, 0xC1, 0xF3, 0x5E, 0x6F, 0x2C, 0x94, 0x13, 0x78,
    0x9F, 0x85, 0x78, 0xD0, 0xE0, 0x6B, 0x8D, 0xD3, 0xF9, 0x19, 0x49, 0x3B, 0x45, 0x89, 0xEB, 0x6D,
    0x8E, 0x79, 0x70, 0x79, 0xA3, 0xEB, 0xD7, 0xD8, 0xF5, 0x1B, 0x17, 0x71, 0xCF, 0x0D, 0x36, 0x76,
    0x83, 0x2D, 0xDD, 0x38, 0xAE, 0xEB, 0xC1, 0x3D, 0x88, 0x07, 0xFD, 0x23, 0x37, 0x4F, 0xD9, 0x6D,
    0x7F, 0x06, 0x2A, 0xF8, 0x3F, 0x5B, 0xE9, 0xE8, 0xEA, 0xE6, 0xDF, 0xD0, 0x6B, 0x8E, 0xB6, 0xDF,
    0x3C, 0xA6, 0x9B, 0x3C, 0xCE, 0xF3, 0xBC, 0xEE, 0x6F, 0x2C, 0xFA, 0x04, 0xC9, 0x81, 0x6F, 0xDC,
    0x72, 0x75, 0x0B, 0x4D, 0x65, 0xA1, 0xB9, 0x8C, 0x1A, 0xAE, 0x45, 0xD4, 0x68, 0xD1, 0x85, 0xDD,
    0x51, 0x6B, 0x49, 0xB4, 0x01, 0x96, 0x82, 0x4A, 0xB0, 0x65, 0xAE, 0x6D, 0xE4, 0x9F, 0xA7, 0x56,
    0xDC, 0x32, 0x5E, 0xCE, 0xA8, 0x85, 0xE5, 0x43, 0xCA, 0x5D, 0x81, 0x19, 0x07, 0x8C, 0xB5, 0x2D,
    0x6D, 0xA2, 0x8C, 0x4D, 0x07, 0xA9, 0x71, 0xD9, 0x08, 0xDA, 0x80, 0x8E, 0x45, 0x35, 0x2C, 0x0F,
    0xB9, 0xD3, 0xE5, 0x61, 0xA7, 0x03, 0xC0, 0xC2, 0xA3, 0xB4, 0x0E, 0x7A, 0xD0, 0x05, 0xD7, 0x81,
    0xEC, 0xA1, 0x70, 0x9D, 0xEE, 0x20, 0xA5, 0xD0, 0xEB, 0x0E, 0xAE, 0x45, 0x25, 0xA1, 0x90, 0x2E,
    0xAD, 0x2A, 0x69, 0x54, 0x61, 0x79, 0x0F, 0x5F, 0xF0, 0xD2, 0xD3, 0x98, 0xD3, 0x27, 0x7A, 0x8E,
    0x8D, 0xAC, 0x39, 0x3C, 0x37, 0xB2, 0x94, 0x51, 0x65, 0x06, 0xF6, 0x01, 0x4E, 0x54, 0x5F, 0xD8,
    0x95, 0x1F, 0x5A, 0xCE, 0x73, 0x66, 0xB7, 0xCB, 0xEF, 0x49, 0x73, 0xA8, 0x56, 0xC5, 0x5D, 0x1F,
    0x23, 0x2F, 0xEC, 0xD5, 0x46, 0x10, 0xB0, 0x65, 0xC6, 0x11, 0x0A, 0xC6, 0xEC, 0x09, 0x99, 0x90,
    0x16, 0x7F, 0xCA, 0x16, 0x62, 0xED, 0x00, 0x89, 0xE5, 0x0A, 0xE9, 0x61, 0x2B, 0xC8, 0xC7, 0xC4,
    0x4B, 0xA5, 0x28, 0x73, 0xDF, 0x0F, 0x60, 0xAC, 0xB8, 0x1B, 0x39, 0x71, 0x5C, 0x0D, 0xBD, 0x6D,
    0x65, 0x92, 0xAA, 0x32, 0x7B, 0x18, 0xBC, 0x35, 0x95, 0x80, 0xF6, 0xBB, 0xD0, 0x8E, 0xEF, 0xBD,
    0xEB, 0xB6, 0xA9, 0x42, 0xE5, 0x26, 0x94, 0xF6, 0x72, 0x1F, 0xCC, 0x4B, 0x05, 0x6D, 0x15, 0xA1,
    0xDD, 0x05, 0xB7, 0xA5, 0xC7, 0xAC, 0x84, 0xC5, 0x1B, 0xDA, 0xBD, 0x93, 0xAF, 0x01, 0xC5, 0x6F,
    0x0F, 0xB6, 0x33, 0x44, 0x08, 0x9E, 0x39, 0xE2, 0x18, 0x21, 0x75, 0x0C, 0xE5, 0xE7, 0xF7, 0x57,
    0xB7, 0xEC, 0xDC, 0xBC, 0xDF, 0xDE, 0xA8, 0x21, 0xCD, 0x57, 0x5E, 0xCE, 0x9D, 0x2A, 0x9C, 0xDB,
    0xBE, 0xE1, 0xE1, 0x15, 0x86, 0x07, 0x15, 0x04, 0x5D, 0x5C, 0x81, 0x72, 0x7B, 0x78, 0x3D, 0x78,
    0xA3, 0x38, 0x66, 0x1A, 0x08, 0x18, 0x16, 0x70, 0xC7, 0xF6, 0xEC, 0x3B, 0xFB, 0x9F, 0x7E, 0xCB,
    0x36, 0xAB, 0xD9, 0xFE, 0xAE, 0x90, 0x43, 0x21, 0x45, 0x68, 0x2E, 0xB1, 0xAA, 0x2B, 0x47, 0x8F,
    0x50, 0x99, 0xB6, 0x2D, 0xCD, 0x55, 0x5B, 0x6F, 0xC3, 0xE6, 0xDB, 0x5E, 0x51, 0x85, 0xA9, 0x9F,
    0x15, 0x7D, 0xC7, 0xD6, 0x70, 0x3B, 0x0E, 0x2F, 0x96, 0x4D, 0x97, 0x82, 0x22, 0x0B, 0x99, 0xA0,
    0x02, 0xBB, 0x79, 0x69, 0x0E, 0xB8, 0xFB, 0xE1, 0x46, 0x5A, 0x56, 0xB9, 0x72, 0xB5, 0x45, 0x12,
    0x2D, 0xE6, 0x68, 0x3B, 0x38, 0x8F, 0x22, 0xF5, 0x39, 0x9F, 0x9F, 0x93, 0x7B, 0x02, 0xF8, 0x30,
    0x81, 0xBA, 0x06, 0x3E, 0xD1, 0x91, 0xC8, 0xD3, 0x65, 0xFC, 0x2B, 0x8A, 0x4F, 0x08, 0x64, 0xC7,
    0x94, 0x30, 0x3A, 0x6B, 0xD8, 0xBA, 0xA0, 0xFD, 0x06, 0x3A, 0x26, 0x3A, 0x1B, 0x7D, 0x4A, 0x2F,
    0x0F, 0xC5, 0x47, 0x02, 0xD9, 0x06, 0x66, 0xE3, 0xFF, 0xCA, 0x7F, 0xFE, 0xDD, 0xE0, 0xCA, 0x32,
    0x98, 0xF8, 0xBB, 0x1C, 0xF0, 0x94, 0xEE, 0x8D, 0x5C, 0xF4, 0x3C, 0xBC, 0x8B, 0xEB, 0x12, 0x32,
    0xEB, 0x5C, 0x81, 0xF3, 0x3B, 0x55, 0x31, 0xF7, 0x91, 0xC0, 0x72, 0xF5, 0x0B, 0x84, 0x9B, 0x33,
    0x73, 0x38, 0x96, 0xFD, 0x6E, 0xFB, 0x39, 0x98, 0x27, 0x74, 0xC9, 0x53, 0xA9, 0xB8, 0x70, 0x56,
    0xDB, 0x3C, 0x1C, 0xA5, 0x1C, 0xC5, 0x1C, 0xAD, 0x1F, 0x32, 0x11, 0xC6, 0x20, 0x4F, 0x99, 0x17,
    0x28, 0x51, 0xEB, 0x2A, 0xB3, 0x0A, 0x29, 0xD1, 0x70, 0xD1, 0x54, 0x34, 0xB5, 0xBD, 0x97, 0x64,
    0x7A, 0xB1, 0x9D, 0x66, 0xA7, 0xD9, 0x3C, 0xD2, 0xFD, 0x78, 0xC5, 0x86, 0x7B, 0x60, 0xB6, 0xD1,
    0x16, 0x28, 0x4C, 0x83, 0x3F, 0x61, 0x7A, 0xA2, 0xF2, 0xBF, 0x2A, 0xF3, 0x54, 0x27, 0x1B, 0xE5,
    0x99, 0x23, 0xC9, 0x0E, 0x2A, 0x6E, 0x4B, 0x6E, 0xEF, 0xAB, 0xA4, 0x54, 0x0E, 0xB4, 0x77, 0xAB,
    0xF8, 0x67, 0xA6, 0x29, 0x78, 0x79, 0x3F, 0x96, 0xC1, 0xD1, 0x36, 0x0A, 0x9E, 0xCE, 0x93, 0x80,
    0x7C, 0x36, 0xEC, 0xF2, 0xF9, 0xA8, 0x4D, 0x17, 0x4C, 0x82, 0x98, 0xD4, 0xD1, 0x92, 0x51, 0x95,
    0x78, 0x31, 0x6A, 0x92, 0x3E, 0x1D, 0x22, 0xB3, 0x74, 0x88, 0x90, 0x40, 0x98, 0x84, 0x54, 0x08,
    0xDA, 0xDE, 0x93, 0x9D, 0x72, 0x70, 0xC4, 0xA8, 0xEC, 0xB9, 0x0B, 0xE8, 0x6E, 0xDC, 0x48, 0xE4,
    0x51, 0xF6, 0x2C, 0x46, 0xFE, 0x0F, 0x65, 0x84, 0xB2, 0xBB, 0xBF, 0xEC, 0x42, 0x77, 0x23, 0xEB,
    0xEE, 0xE2, 0xBE, 0xEE, 0xFE, 0x5B, 0xFF, 0x3F, 0xC3, 0x25, 0xA9, 0xE9, 0xC3, 0x67, 0xD5, 0xDD,
    0xB0, 0x99, 0x84, 0x9E, 0xCC, 0xF9, 0xAA, 0xBB, 0xD4, 0x8B, 0x15, 0x96, 0xB1, 0x0D, 0x40, 0xDD,
    0x20, 0xEC, 0x9F, 0x81, 0x76, 0xD1, 0x9A, 0x6D, 0xB0, 0x77, 0xFF, 0x4C, 0xD8, 0xCD, 0xBA, 0xBB,
    0x7F, 0xE6, 0x17, 0xB4, 0x1D, 0x1B, 0x6A, 0xB8, 0xDA, 0xBC, 0xD5, 0xF4, 0x56, 0xEA, 0x26, 0x48,
    0xCB, 0x31, 0xB3, 0xD4, 0x9A, 0x48, 0xE9, 0x99, 0x39, 0x73, 0x19, 0xA8, 0xEC, 0xAF, 0xD3, 0x33,
    0x8B, 0xCD, 0xF4, 0xCC, 0xB4, 0xC3, 0xB5, 0x3E, 0x2F, 0xC7, 0x3B, 0xD6, 0xCC, 0xE0, 0xC7, 0x44,
    0xE7, 0x3F, 0xD6, 0x6E, 0x6C, 0xFF, 0x51, 0xBD, 0x53, 0x11, 0xAD, 0x2F, 0xD6, 0xC2, 0xD5, 0xF8,
    0x0C, 0xAA, 0xEE, 0x4A, 0x01, 0xE3, 0x28, 0xB2, 0x0C, 0xA4, 0xED, 0x4A, 0x9C, 0x75, 0x6F, 0xD5,
    0x00, 0xF9, 0x3F, 0x37, 0xD5, 0xED, 0xEE, 0xBA, 0x02, 0xA6, 0x0F, 0x4E, 0x57, 0xD9, 0xF6, 0xD0,
    0xD4, 0x64, 0x78, 0xBA, 0xCE, 0xBF, 0xDC, 0xAF, 0xB8, 0xBB, 0xE9, 0xCA, 0x47, 0xF2, 0x50, 0xF8,
    0x39, 0xE3, 0xA6, 0x85, 0x6D, 0x9F, 0x58, 0xED, 0x6A, 0xA1, 0x7F, 0x5D, 0xF1, 0x54, 0xDB, 0xBC,
    0xB1, 0x03, 0xAF, 0xC8, 0x2E, 0x32, 0x65, 0x68, 0x0D, 0xFB, 0xC7, 0x6F, 0x43, 0xE5, 0x96, 0x14,
    0xDB, 0xC0, 0xF2, 0x4D, 0xEE, 0x81, 0x2B, 0x29, 0x15, 0xD4, 0x14, 0xC9, 0xA9, 0x5C, 0xF2, 0xE9,
    0x1A, 0xD8, 0x26, 0xAD, 0x7E, 0xDF, 0xF4, 0xAE, 0x52, 0xFE, 0xCC, 0x11, 0xC7, 0xB8, 0xDA, 0x24,
    0x75, 0xED, 0x39, 0xEF, 0xAF, 0x5F, 0x5F, 0x97, 0x5F, 0xFD, 0xC3, 0x6A, 0xD3, 0x94, 0xC6, 0xF3,
    0xC2, 0x3F, 0x00, 0x47, 0xAF, 0x43, 0x2F, 0x7B, 0x65, 0xAF, 0x81, 0x9C, 0xF7, 0x19, 0xBB, 0xD7,
    0x50, 0x6E, 0xA4, 0x65, 0xCE, 0xE2, 0x0B, 0x65, 0xEE, 0xAA, 0x7B, 0x2F, 0xA2, 0x77, 0x13, 0xF4,
    0xEB, 0x60, 0x3B, 0x73, 0x37, 0x6C, 0x5C, 0xD9, 0x5F, 0x28, 0xC8, 0xCD, 0xE9, 0xD0, 0xC8, 0x98,
    0x91, 0xF0, 0x1E, 0x1D, 0x5F, 0xF6, 0xA5, 0xAA, 0xBE, 0xD6, 0xF5, 0x0E, 0x0E, 0x6E, 0x18, 0x51,
    0x0A, 0x06, 0x63, 0x70, 0x7E, 0xF6, 0xE0, 0x42, 0x9F, 0xEE, 0x91, 0xC5, 0x1E, 0xBC, 0x05, 0x58,
    0x30, 0x9B, 0xD3, 0x81, 0x59, 0xE9, 0x23, 0x6E, 0xEF, 0x71, 0x1E, 0xDC, 0x89, 0xFC, 0xF4, 0xF9,
    0x46, 0x4A, 0xEC, 0x9D, 0x96, 0x0B, 0x9E, 0x58, 0x86, 0x5D, 0xE4, 0x43, 0xBE, 0xB5, 0xA1, 0x5D,
    0x70, 0xA9, 0x46, 0xA1, 0xB2, 0x30, 0xD9, 0x18, 0x27, 0x9E, 0xE6, 0xDC, 0x2D, 0x0F, 0x6A, 0xD3,
    0x71, 0x2C, 0xD0, 0xA8, 0x6A, 0x1C, 0x34, 0xC7, 0x73, 0xE7, 0x43, 0x8E, 0x28, 0x8F, 0xCC, 0x2E,
    0xD0, 0x2F, 0xC4, 0xAD, 0x2A, 0xCB, 0x06, 0xD4, 0x5D, 0x17, 0x98, 0x11, 0xBE, 0x1B, 0xC3, 0x37,
    0x7C, 0x1E, 0xEC, 0x85, 0xDB, 0x57, 0x7E, 0x64, 0x0E, 0x2E, 0xAC, 0xF0, 0xF7, 0xD1, 0x97, 0xAB,
    0xCA, 0x2D, 0xAD, 0xC9, 0x10, 0x16, 0x7D, 0x5B, 0x5F, 0x89, 0x61, 0xC5, 0x16, 0xA5, 0x8A, 0xF6,
    0x55, 0x4F, 0x1D, 0x9D, 0xDD, 0x90, 0xB5, 0x4F, 0x2D, 0x5A, 0x6C, 0x01, 0x61, 0xDC, 0xC3, 0xFF,
    0xA0, 0x50, 0x2D, 0x7E, 0x3F, 0x5C, 0x1E, 0xBC, 0xCC, 0xE9, 0x62, 0x8F, 0xFB, 0xF6, 0xAB, 0xB6,
    0x83, 0xDD, 0xB9, 0xEF, 0x4B, 0x7B, 0x71, 0xBF, 0x6F, 0xD9, 0xCA, 0x89, 0xDF, 0xCC, 0x44, 0xD8,
    0xFC, 0x3C, 0xFE, 0x3D, 0x3F, 0xB4, 0x44, 0x32, 0x92, 0x26, 0x53, 0xA1, 0xB8, 0x63, 0x2C, 0x65,
    0x7E, 0x2F, 0x0D, 0x69, 0xE6, 0xBF, 0xF9, 0x9B, 0xDD, 0xDA, 0x48, 0x3F, 0x5B, 0xE7, 0x57, 0xA6,
    0x64, 0x1C, 0x4B, 0x1A, 0x2F, 0xE4, 0x88, 0x76, 0x16, 0x09, 0x3B, 0x9D, 0xF3, 0xCB, 0x9D, 0xE3,
    0x9B, 0x4B, 0x38, 0x27, 0xF5, 0x0E, 0xBC, 0x7B, 0x89, 0x90, 0x16, 0xEA, 0x16, 0x4C, 0x8F, 0x81,
    0x7C, 0x4D, 0x0B, 0x1F, 0x12, 0x73, 0x3D, 0x09, 0x63, 0x6E, 0xEA, 0xFE, 0x51, 0x4E, 0xD5, 0xB8,
    0xC9, 0x1B, 0xC1, 0x92, 0xF0, 0x6B, 0x2E, 0xD8, 0xF3, 0x01, 0xE9, 0x14, 0x60, 0x1F, 0xB6, 0x21,
    0x00, 0x40, 0x4B, 0x24, 0x0B, 0xFA, 0xC5, 0x1A, 0xF8, 0x0F, 0xB6, 0xC1, 0xAB, 0x01, 0x0C, 0xFC,
    0x9F, 0x52, 0xC9, 0x18, 0xD3, 0x71, 0x00, 0x50, 0xB4, 0x63, 0xDF, 0x16, 0xF5, 0xD8, 0x77, 0x05,
    0xF4, 0x82, 0xEE, 0x6B, 0x21, 0x80, 0x2E, 0x52, 0x51, 0xB0, 0x94, 0x49, 0x45, 0x8A, 0x3A, 0xB8,
    0xF3, 0x27, 0x7A, 0xF5, 0x07, 0x2D, 0xC4, 0xDD, 0xED, 0xE4, 0x3A, 0xF6, 0xA0, 0xDB, 0x66, 0x54,
    0x41, 0xCD, 0x1B, 0x20, 0x9D, 0x85, 0xFE, 0x25, 0x82, 0xDA, 0x44, 0xDF, 0xDE, 0xDC, 0xD8, 0xDB,
    0xC5, 0x3A, 0x0F, 0x16, 0x56, 0x31, 0xCD, 0xAA, 0xDD, 0x62, 0x0E, 0x7E, 0x98, 0x94, 0x4F, 0xC9,
    0xEF, 0x91, 0xC9, 0xAB, 0xF0, 0xD4, 0xF9, 0x0D, 0xBB, 0xFF, 0xA1, 0x5F, 0x19, 0xBC, 0xEB, 0x8C,
    0xB2, 0x15, 0xB4, 0xE3, 0x7B, 0xBF, 0xC7, 0xD9, 0xFD, 0x0F, 0x8B, 0x79, 0x3C, 0xD4, 0x07, 0x70,
    0xAC, 0x91, 0xBC, 0xE3, 0x03, 0x78, 0x40, 0x54, 0x63, 0x4B, 0xCA, 0xEF, 0x16, 0xE8, 0x2E, 0x5B,
    0x52, 0x5E, 0x3A, 0xCB, 0x86, 0x64, 0x3F, 0x78, 0xDB, 0x8C, 0xA2, 0x55, 0x69, 0xDD, 0xBA, 0x34,
    0x2E, 0xDF, 0xDD, 0xAB, 0xC3, 0x72, 0x6F, 0x43, 0xEA, 0x4B, 0x27, 0x09, 0xD2, 0x9E, 0x3B, 0x3C,
    0x8A, 0xBE, 0x84, 0x5D, 0x0D, 0x2C, 0x2F, 0xCD, 0xA8, 0xF6, 0x0F, 0xA6, 0x5A, 0x7C, 0xDA, 0xB7,
    0xF6, 0xD2, 0x06, 0x67, 0x6F, 0x6D, 0x70, 0xF6, 0xDA, 0x06, 0x67, 0xEF, 0x6D, 0x70, 0xF6, 0xE2,
    0x06, 0x67, 0x6F, 0x6E, 0x00, 0x07, 0xF9, 0x98, 0x31, 0x7C, 0x7B, 0x77, 0x03, 0x3D, 0x97, 0x0C,
    0x4A, 0xD8, 0x3B, 0x1C, 0xE8, 0xCC, 0x2C, 0xE5, 0x96, 0x21, 0x69, 0x33, 0x78, 0xAE, 0xED, 0x71,
    0xF3, 0x6F, 0x84, 0xD5, 0x72, 0x7D, 0x44, 0x62, 0x55, 0xB9, 0xD5, 0x8A, 0x85, 0x25, 0x0B, 0x6B,
    0xE6, 0x12, 0x3B, 0x65, 0xAB, 0xA6, 0x65, 0x23, 0x1B, 0x72, 0x0C, 0x82, 0x13, 0x12, 0xCB, 0x7C,
    0x2D, 0xD8, 0x70, 0xE7, 0x8B, 0x76, 0xEB, 0x39, 0x6D, 0xD7, 0x03, 0xF3, 0xE9, 0x08, 0xB9, 0x61,
    0xCF, 0x71, 0x6B, 0x0D, 0x20, 0xB7, 0xEC, 0x39, 0xFF, 0xF2, 0x91, 0xF2, 0x0B, 0x35, 0x1E, 0x0B,
    0x03, 0xF5, 0x44, 0x6E, 0x49, 0x2D, 0x16, 0x4B, 0xD4, 0x1A, 0x86, 0xD4, 0xF8, 0xA7, 0x1F, 0xBC,
    0x81, 0x61, 0xFD, 0xE7, 0xBE, 0x49, 0xCB, 0x35, 0x7A, 0xAE, 0x7F, 0xD1, 0xC0, 0x70, 0x3B, 0xB4,
    0xFC, 0xD8, 0x5E, 0xAC, 0x73, 0x5C, 0xCA, 0xFC, 0xA9, 0x77, 0xF4, 0xC6, 0xAF, 0xD1, 0x83, 0xB7,
    0x02, 0x3B, 0x9F, 0xC7, 0x36, 0x8E, 0x41, 0xFD, 0xAE, 0xEB, 0xCB, 0x97, 0x1E, 0xC3, 0xD0, 0xAF,
    0xF2, 0x91, 0x69, 0x36, 0x86, 0x37, 0x50, 0xD4, 0x5A, 0xEF, 0x58, 0xEF, 0x1F, 0xD2, 0x2E, 0x6B,
    0xE9, 0xEC, 0xAA, 0xC4, 0xE2, 0x18, 0xBD, 0x62, 0x35, 0xB4, 0x3D, 0x56, 0x23, 0x53, 0x08, 0x2C,
    0xFF, 0xC7, 0x82, 0x8E, 0xE2, 0xD7, 0x32, 0x25, 0xAB, 0xB0, 0x21, 0x5E, 0xDE, 0xC2, 0xDC, 0x3C,
    0x87, 0xC6, 0x37, 0xCA, 0x03, 0xBF, 0xA0, 0x56, 0x02, 0x46, 0xAF, 0x8C, 0x51, 0x48, 0x2C, 0xF4,
    0xBD, 0x25, 0xED, 0x26, 0xD5, 0xB0, 0x3B, 0x90, 0x16, 0xA7, 0xE3, 0xF6, 0x9E, 0x1F, 0x6E, 0xB2,
    0x53, 0xDE, 0x31, 0xB5, 0x16, 0xFF, 0x33, 0xD0, 0xDF, 0x9F, 0x17, 0xFE, 0x0B, 0x48, 0xE5, 0x94,
    0x81, 0xC6, 0x76, 0xA2, 0xFD, 0x34, 0x93, 0x59, 0x6D, 0xC1, 0x79, 0x3F, 0x3B, 0xF3, 0xD7, 0xE7,
    0x1D, 0x87, 0x41, 0xA7, 0xDE, 0x6F, 0x55, 0xF8, 0x23, 0x53, 0x5D, 0x22, 0x69, 0xAF, 0x9F, 0x8C,
    0x7D, 0xF9, 0x6F, 0x5C, 0x08, 0x51, 0x2C, 0xD7, 0x1E, 0x99, 0x8D, 0x64, 0x4B, 0x02, 0x26, 0x5B,
    0x32, 0xDA, 0xA3, 0xB7, 0xA7, 0xE4, 0x7B, 0xDF, 0x9E, 0xF2, 0xAC, 0x76, 0xAC, 0xF9, 0x8C, 0x6F,
    0x66, 0xFB, 0x81, 0x1A, 0x64, 0x77, 0xB7, 0x7A, 0x55, 0xA3, 0x97, 0xCB, 0x7C, 0x91, 0x57, 0x61,
    0xE3, 0x62, 0x36, 0xA0, 0x4A, 0x9B, 0xEA, 0x2D, 0x7D, 0x2B, 0xB0, 0x93, 0xEE, 0xF1, 0xD8, 0xFA,
    0x3B, 0xAA, 0x9A, 0x55, 0xE9, 0x3F, 0xA7, 0x1E, 0x83, 0x1B, 0x2E, 0xAD, 0x95, 0xDD, 0x7A, 0xFF,
    0xE7, 0xAB, 0xA7, 0x20, 0xBF, 0x97, 0x88, 0x95, 0x6F, 0x57, 0x4F, 0x56, 0x33, 0x1E, 0xD6, 0xED,
    0xAA, 0x6C, 0x7E, 0xCE, 0x2A, 0x60, 0x18, 0x7D, 0x50, 0xD9, 0xB7, 0x5F, 0xEB, 0x93, 0xC6, 0x0A,
    0x0F, 0xA7, 0xD3, 0x0B, 0x44, 0x0B, 0xBF, 0x01, 0x0E, 0xA7, 0x97, 0x9A, 0x1E, 0x05, 0xB9, 0x50,
    0x23, 0x4E, 0x43, 0xD4, 0xF5, 0xA9, 0xB0, 0x72, 0x5F, 0x3E, 0x45, 0x71, 0x17, 0x12, 0x78, 0x0A,
    0x03, 0xDF, 0x22, 0x85, 0xA7, 0xF7, 0xAE, 0x5A, 0x3E, 0x3F, 0xE7, 0x0D, 0xAD, 0x5C, 0xEA, 0xE8,
    0xAE, 0xA2, 0x30, 0xB7, 0xF2, 0xD2, 0xDB, 0x41, 0x49, 0x63, 0xEB, 0x45, 0xC9, 0x55, 0x94, 0x4E,
    0x38, 0xB6, 0x3C, 0xE9, 0x19, 0x58, 0x2F, 0x95, 0xBA, 0xDE, 0xF1, 0x5B, 0x7D, 0x32, 0x58, 0xBD,
    0x5A, 0x2D, 0x63, 0x06, 0xFC, 0x60, 0xEA, 0x36, 0x93, 0x66, 0xB7, 0x3F, 0x8F, 0xEF, 0x95, 0x58,
    0x23, 0xE5, 0x79, 0x6E, 0xA3, 0xFD, 0xA9, 0xF7, 0x9A, 0x35, 0x94, 0xF0, 0x6B, 0xF0, 0xC4, 0xC6,
    0xB0, 0x87, 0x29, 0x9C, 0x7A, 0x0C, 0xF1, 0x0D, 0xCA, 0xE9, 0x15, 0xD8, 0xF9, 0x3C, 0xB6, 0xD7,
    0x58, 0x0D, 0xEA, 0xF7, 0x56, 0x65, 0x2D, 0x2E, 0x4E, 0xF7, 0x26, 0x83, 0xAF, 0x5E, 0x82, 0xFE,
    0xA3, 0xCD, 0xEA, 0xD9, 0xF5, 0x77, 0xD0, 0xBC, 0xB7, 0x2A, 0xC7, 0xCE, 0xEA, 0x09, 0xC7, 0x20,
    0xEC, 0x5A, 0x83, 0x0D, 0x69, 0xF7, 0x04, 0xDE, 0x89, 0x13, 0x7D, 0x58, 0xAD, 0xCA, 0x4A, 0x1E,
    0x7D, 0x89, 0xDD, 0xE9, 0x3D, 0xC3, 0xBB, 0x6F, 0x2D, 0x1E, 0xE3, 0xAB, 0xC0, 0x2C, 0x81, 0x61,
    0xEB, 0x69, 0x67, 0xFA, 0xFE, 0x09, 0x6D, 0xA0, 0x58, 0x83, 0x27, 0x36, 0x2E, 0xF2, 0xBA, 0xBE,
    0x3C, 0x8E, 0x71, 0x0D, 0x1B, 0xC0, 0x31, 0xDF, 0xF4, 0x1C, 0xBF, 0x36, 0x7F, 0x32, 0x43, 0xE2,
    0x04, 0x46, 0xCF, 0xCF, 0x5D, 0x1A, 0x3B, 0xF7, 0xED, 0x3F, 0x70, 0xEE, 0x9D, 0x9F, 0x9E, 0xFD,
    0xB0, 0xB8, 0x47, 0xBD, 0x2F, 0x3B, 0x62, 0xE2, 0x2C, 0xDE, 0x7E, 0x36, 0x82, 0x2E, 0xD7, 0x97,
    0xF5, 0xB2, 0x9C, 0xEE, 0xB5, 0x1C, 0x87, 0x16, 0x31, 0x5D, 0x67, 0x00, 0x5A, 0xE6, 0xC1, 0xC9,
    0xB2, 0xFE, 0x6E, 0xBF, 0x15, 0xD2, 0x6F, 0xAC, 0xAC, 0x36, 0xC8, 0x85, 0x52, 0x30, 0x34, 0xFA,
    0xC0, 0x2C, 0xC0, 0xF0, 0x96, 0xC7, 0x39, 0xD5, 0x11, 0xFB, 0xBE, 0x04, 0xD5, 0xE2, 0x53, 0xB2,
    0x86, 0x4D, 0xB8, 0x47, 0xE0, 0x3E, 0xB9, 0xF7, 0x8B, 0xB9, 0xE4, 0x75, 0xCC, 0xD4, 0x1A, 0x6C,
    0xC8, 0xE1, 0xB3, 0x78, 0x81, 0xC7, 0x97, 0x4F, 0x80, 0xF4, 0xAB, 0xA2, 0x17, 0x42, 0xD0, 0x97,
    0x40, 0xBF, 0x68, 0x4E, 0xF2, 0x00, 0x72, 0xFE, 0x4E, 0xF6, 0x68, 0x89, 0x91, 0xDA, 0x42, 0x68,
    0x45, 0x8E, 0x0E, 0xC6, 0xE8, 0xF9, 0xF6, 0x03, 0xE5, 0x30, 0x2D, 0xB4, 0xA7, 0xE3, 0x8C, 0x63,
    0xAA, 0xB3, 0x9D, 0x77, 0x12, 0x3A, 0xA3, 0xAE, 0x83, 0x55, 0xB8, 0x5B, 0x2D, 0x4C, 0xA0, 0x75,
    0x3F, 0x5A, 0x60, 0xB5, 0x7F, 0xEF, 0x4D, 0x6B, 0xDE, 0xA2, 0xD1, 0xCE, 0x40, 0xFE, 0xDB, 0x89,
    0xC7, 0x21, 0x3F, 0x44, 0xDC, 0x6F, 0xC9, 0xAD, 0xA0, 0x47, 0xDF, 0x3B, 0x3A, 0xC1, 0x38, 0xF6,
    0x75, 0xF7, 0x9C, 0xF7, 0x17, 0xE8, 0x97, 0x66, 0x79, 0xCA, 0xFB, 0xCB, 0x7B, 0xBA, 0xDB, 0xFD,
    0x7F, 0xC5, 0x5A, 0xBF, 0x8F, 0xDC, 0x54, 0x10, 0x9E, 0xB5, 0x95, 0x5B, 0x81, 0x0B, 0xD3, 0xA4,
    0x88, 0x22, 0xE1, 0x2A, 0x52, 0x1A, 0xE2, 0x8A, 0x02, 0x29, 0x39, 0x2F, 0xE2, 0x0F, 0x80, 0x22,
    0x11, 0x05, 0x12, 0xA9, 0x52, 0xA7, 0xA5, 0xB8, 0x63, 0x2D, 0x51, 0x50, 0x50, 0xA4, 0x82, 0x3A,
    0x0D, 0x3D, 0x05, 0x45, 0x8A, 0xCB, 0xAD, 0x51, 0x24, 0x22, 0x91, 0x02, 0x0B, 0x09, 0xA5, 0xC4,
    0x08, 0x24, 0xCA, 0xBC, 0x44, 0x96, 0x70, 0x14, 0xEF, 0x3E, 0xBE, 0x6F, 0x9E, 0x7F, 0xEC, 0x25,
    0x97, 0xBB, 0x70, 0xEB, 0xDD, 0xF5, 0xE6, 0xCD, 0xF9, 0xE7, 0xBC, 0xF9, 0xDE, 0xCC, 0xFB, 0x66,
    0xFC, 0x1C, 0x19, 0xDB, 0x4C, 0x24, 0x74, 0xA2, 0x10, 0x89, 0xAD, 0x11, 0x49, 0x28, 0xA6, 0xBF,
    0x56, 0x22, 0xB3, 0x47, 0xB5, 0x88, 0xFD, 0x6A, 0x2E, 0x23, 0xEB, 0x5B, 0xF1, 0xED, 0x08, 0x62,
    0x2E, 0x36, 0x0D, 0xAC, 0xB5, 0x59, 0x48, 0x11, 0x41, 0x14, 0xB1, 0x91, 0xD8, 0x24, 0x85, 0x44,
    0xE5, 0x34, 0x97, 0xB0, 0x86, 0xB6, 0x10, 0xCF, 0xE9, 0x76, 0x03, 0x0D, 0x4F, 0x2D, 0x0B, 0x9E,
    0xDB, 0xB1, 0x15, 0xBA, 0xB1, 0x13, 0xB4, 0xEC, 0x03, 0x99, 0xB1, 0x67, 0xB3, 0x63, 0xAD, 0xC1,
    0xB1, 0x99, 0xA1, 0xD9, 0x3C, 0x36, 0x36, 0x4D, 0xF0, 0xD7, 0x1D, 0x27, 0xF6, 0x89, 0x09, 0x16,
    0xE8, 0x87, 0xDB, 0xF9, 0x09, 0xCC, 0xCB, 0xFA, 0xC6, 0x63, 0xDD, 0xC6, 0x54, 0xBF, 0xF3, 0x59,
    0xC6, 0x5D, 0x8A, 0x88, 0x17, 0xAE, 0xF1, 0xCA, 0x65, 0x59, 0xDE, 0xD6, 0x0B, 0x7A, 0x0A, 0x45,
    0xB7, 0xEE, 0x61, 0x67, 0x4F, 0xC4, 0x2B, 0x9D, 0x29, 0x3B, 0xA9, 0x5E, 0x5A, 0x01, 0x76, 0x88,
    0x9B, 0x25, 0xA6, 0x9A, 0x7D, 0xA8, 0x25, 0xD0, 0xE0, 0x09, 0x14, 0xC7, 0x9E, 0xD9, 0x10, 0x32,
    0x0F, 0x6D, 0x0C, 0x9D, 0x51, 0x2A, 0xB3, 0x5C, 0xBC, 0x17, 0x46, 0xC6, 0xF9, 0xC1, 0x8A, 0xA8,
    0xC6, 0x6A, 0xBC, 0x0E, 0x5B, 0x22, 0x30, 0x88, 0x38, 0xFF, 0x80, 0xF1, 0xBB, 0x7E, 0xB1, 0x21,
    0x54, 0x33, 0x86, 0x09, 0x14, 0xA3, 0xC3, 0x29, 0x54, 0x2F, 0x2A, 0xEC, 0xED, 0xAF, 0xEA, 0x2B,
    0xDD, 0x6C, 0x0E, 0xF1, 0xAD, 0x1E, 0x52, 0xF8, 0x06, 0x5E, 0x0B, 0x53, 0x78, 0xED, 0x97, 0x4D,
    0x7A, 0x8D, 0x5B, 0x84, 0xBF, 0x17, 0x6E, 0x73, 0x47, 0xA3, 0x27, 0x31, 0x25, 0x70, 0xDE, 0xF5,
    0x8B, 0xDD, 0xD5, 0x70, 0x06, 0x7F, 0xC2, 0xC2, 0xC8, 0x19, 0x0C, 0xAC, 0x57, 0x6F, 0xA7, 0xCB,
    0x2E, 0x4C, 0x36, 0xE5, 0xC2, 0xC3, 0x08, 0x03, 0xBB, 0xC0, 0x43, 0x73, 0xF1, 0x7F, 0x86, 0xAE,
    0x04, 0x4A, 0xE7, 0xB5, 0xAC, 0x0C, 0xCF, 0xDF, 0xC2, 0x1C, 0xEB, 0x28, 0x53, 0x27, 0x78, 0x2F,
    0xF4, 0x5C, 0x94, 0x3B, 0x70, 0xF7, 0xD1, 0x4B, 0xB9, 0x0F, 0x80, 0xF1, 0xEA, 0x71, 0x4A, 0xEA,
    0x9C, 0x65, 0x7D, 0x53, 0x2A, 0x0D, 0x4C, 0x33, 0x29, 0x64, 0xB7, 0xC5, 0x1C, 0x7E, 0x68, 0x08,
    0x37, 0xA7, 0x3D, 0x93, 0xB5, 0x8F, 0xC3, 0xA8, 0x76, 0xD4, 0x10, 0x3A, 0xD6, 0xF4, 0xF3, 0x3D,
    0x74, 0x4B, 0x9D, 0xF9, 0x6A, 0x88, 0xC3, 0xDC, 0x4D, 0xC4, 0x96, 0x73, 0x36, 0x8E, 0xCC, 0x47,
    0x3A, 0x90, 0x39, 0x89, 0x5C, 0x86, 0x45, 0xE6, 0xB4, 0xF5, 0xE9, 0xCF, 0x7F, 0x35, 0xFD, 0x45,
    0xDE, 0x26, 0x5D, 0xD8, 0x32, 0xE0, 0xEF, 0xC6, 0xF1, 0x1F, 0xD9, 0x80, 0xEE, 0x7C, 0x7B, 0x19,
    0x74, 0xB1, 0x1A, 0xE8, 0x71, 0xA9, 0x88, 0x94, 0x85, 0x20, 0xDE, 0x8D, 0xB3, 0xAD, 0x44, 0xEB,
    0xE2, 0x8A, 0x23, 0x1F, 0x0B, 0xD2, 0x79, 0x58, 0x76, 0x7E, 0x1D, 0xE1, 0x58, 0x73, 0xCA, 0x2A,
    0x10, 0xAF, 0x70, 0xEC, 0xC2, 0x8F, 0x8A, 0xC6, 0x74, 0x47, 0x06, 0x5B, 0x67, 0x22, 0x13, 0x8A,
    0x54, 0x08, 0xE1, 0x29, 0x42, 0x39, 0x2A, 0x3B, 0x73, 0x56, 0x63, 0x22, 0x06, 0x4C, 0xD6, 0xB7,
    0x1B, 0x13, 0xA1, 0x89, 0x5D, 0xCB, 0x8E, 0x5E, 0xC6, 0xB9, 0xB4, 0x6B, 0x2F, 0x5F, 0x73, 0xD7,
    0xF3, 0xB6, 0x75, 0x58, 0x6C, 0xDA, 0xB7, 0x1B, 0x64, 0xBE, 0x4A, 0x30, 0x18, 0x69, 0x8C, 0x51,
    0x48, 0x4C, 0x6C, 0x66, 0x59, 0x58, 0xE1, 0xFE, 0xBA, 0x6B, 0x0D, 0x29, 0x26, 0xE5, 0xB9, 0x1F,
    0x70, 0x8F, 0xC1, 0xBD, 0x46, 0x66, 0xD6, 0x91, 0xD2, 0xB9, 0x4F, 0x80, 0xDD, 0xF4, 0x8D, 0xC7,
    0x5A, 0xE1, 0xA6, 0xE2, 0x7D, 0x07, 0xE8, 0x1E, 0x5A, 0x90, 0xB9, 0x9C, 0x7B, 0xA1, 0x77, 0xD9,
    0xA0, 0x98, 0x12, 0x8C, 0xFD, 0x25, 0x54, 0x99, 0x72, 0x15, 0xAD, 0x72, 0x93, 0xCC, 0x73, 0xE6,
    0x9D, 0x15, 0x9B, 0x57, 0xED, 0xE1, 0xB9, 0x0A, 0x01, 0x55, 0x4A, 0x78, 0xB1, 0x18, 0xDE, 0xEE,
    0x83, 0x10, 0x63, 0x74, 0xD3, 0xA5, 0xEC, 0xC7, 0x98, 0x31, 0x59, 0xB5, 0x92, 0xBD, 0x00, 0x0D,
    0x05, 0x41, 0xA1, 0x6C, 0x87, 0x9B, 0x58, 0x97, 0x06, 0xD9, 0xC1, 0x3A, 0xC6, 0x7B, 0xC1, 0x39,
    0x40, 0x6B, 0xC7, 0x39, 0x23, 0x1B, 0x3B, 0x87, 0x2C, 0x8B, 0x4D, 0xDC, 0xF6, 0x35, 0xA3, 0x25,
    0xD0, 0x25, 0x04, 0x21, 0x44, 0x21, 0x84, 0x41, 0x3D, 0xF5, 0xB2, 0x20, 0x4D, 0x11, 0x8B, 0x82,
    0xE1, 0xCD, 0x46, 0x14, 0x4E, 0x13, 0x5B, 0xEC, 0x27, 0x9E, 0x68, 0xF4, 0xCC, 0xD6, 0x09, 0xE8,
    0xB8, 0xD2, 0xF7, 0xDA, 0x8A, 0xCE, 0x68, 0xA3, 0xF2, 0xFD, 0x3E, 0x2A, 0xED, 0x83, 0xC2, 0x7B,
    0xF1, 0x2C, 0x5D, 0x93, 0x53, 0x94, 0xEE, 0xC9, 0x57, 0x6F, 0xDD, 0xD4, 0x5D, 0x8A, 0x2F, 0x45,
    0x6B, 0x5C, 0x54, 0x81, 0x77, 0x91, 0xED, 0x93, 0x41, 0xDD, 0xE3, 0x57, 0x5F, 0x34, 0xF3, 0xC3,
    0xB8, 0xF9, 0x81, 0xDB, 0xFD, 0x17, 0x05, 0x72, 0x5B, 0x35, 0x3C, 0xBC, 0x53, 0x4A, 0xDB, 0x33,
    0xBB, 0x89, 0x36, 0xFF, 0x0B, 0xFB, 0xB3, 0x6A, 0x3D, 0x2E, 0x39, 0x8E, 0x6B, 0x43, 0xD8, 0x1E,
    0xC3, 0x29, 0xBB, 0x70, 0x56, 0xBD, 0x8B, 0x69, 0x13, 0x4E, 0x56, 0x0E, 0xB5, 0x63, 0x39, 0x78,
    0x6A, 0x6E, 0x1D, 0xC8, 0xDE, 0xA8, 0xF4, 0x73, 0x47, 0x85, 0x89, 0x39, 0xFD, 0xC7, 0x5A, 0xE4,
    0xFB, 0x52, 0xEE, 0x79, 0x26, 0xC8, 0x76, 0x60, 0x57, 0x52, 0xBC, 0xFE, 0xC7, 0xF1, 0x39, 0xED,
    0xC7, 0x42, 0x7A, 0x96, 0xF1, 0x77, 0x7E, 0x82, 0x31, 0x4B, 0x9D, 0xBD, 0x6E, 0xEF, 0xF8, 0x1F,
    0x07, 0xCD, 0xED, 0x61, 0xF0, 0x2E, 0x22, 0x3E, 0x47, 0x16, 0x5E, 0x1F, 0x73, 0xC8, 0xA3, 0x85,
    0x87, 0xB1, 0x41, 0x6A, 0x35, 0x53, 0xA4, 0xEA, 0x0A, 0x79, 0x15, 0x59, 0xBA, 0x4B, 0xD5, 0x4E,
    0xF0, 0x50, 0x2F, 0xE8, 0x2D, 0x7A, 0xB3, 0x3E, 0xA6, 0x0A, 0x54, 0x95, 0x2A, 0x3D, 0x25, 0xAF,
    0xCF, 0x9E, 0xB7, 0xBE, 0x30, 0x49, 0x99, 0x94, 0xF0, 0x05, 0xD4, 0xB3, 0x05, 0x4D, 0x43, 0x27,
    0x68, 0xBC, 0xD6, 0xF8, 0x22, 0xE5, 0x33, 0x9D, 0x2F, 0x48, 0x8A, 0x6D, 0x6B, 0xF2, 0xE1, 0x9B,
    0x2F, 0xCA, 0xAC, 0x17, 0xB4, 0x2E, 0xCA, 0x1C, 0xB8, 0x45, 0x99, 0x51, 0xC9, 0x0A, 0x6D, 0x29,
    0x55, 0x9E, 0x19, 0xF6, 0x9B, 0x2D, 0xCA, 0xAC, 0x13, 0x19, 0x92, 0x05, 0x5F, 0x2A, 0x82, 0xBC,
    0x25, 0x07, 0xAF, 0x25, 0xBC, 0x33, 0xA3, 0xF2, 0x95, 0x15, 0xF8, 0x96, 0xC2, 0xD7, 0x94, 0x6D,
    0xA0, 0x4A, 0xC8, 0x17, 0x99, 0xBE, 0xAA, 0x0D, 0x86, 0xEA, 0xF8, 0x45, 0x99, 0x02, 0xE4, 0xFA,
    0x9A, 0x45, 0x99, 0x75, 0x4F, 0xC2, 0x70, 0x7E, 0x34, 0x6B, 0xED, 0x92, 0xAA, 0x30, 0xF4, 0xF7,
    0x91, 0xB5, 0x96, 0x8B, 0x8A, 0xE7, 0x7D, 0xD6, 0xC2, 0x70, 0x00, 0x17, 0xB3, 0x16, 0xD3, 0x94,
    0x8A, 0xA0, 0x13, 0x38, 0xD4, 0x0B, 0x7A, 0x4B, 0x9B, 0xB5, 0x52, 0xA7, 0x00, 0x05, 0x52, 0xFB,
    0x96, 0x14, 0xD3, 0x82, 0xF7, 0xE2, 0x23, 0x6B, 0x35, 0x1B, 0x43, 0x7E, 0xC8, 0xE2, 0xCF, 0x22,
    0xA6, 0x90, 0xD0, 0x7E, 0xEB, 0x13, 0xDA, 0xCA, 0xDE, 0x75, 0x50, 0x9E, 0xA4, 0xAF, 0xAC, 0x1C,
    0x6E, 0x8B, 0x49, 0x5F, 0xB3, 0x56, 0x33, 0x3C, 0xC3, 0xBA, 0x77, 0xDE, 0xA9, 0xDE, 0xD0, 0x66,
    0xF3, 0x91, 0xCA, 0x40, 0x0D, 0x0D, 0xF4, 0x35, 0xEA, 0xCE, 0x84, 0xE6, 0x5B, 0x09, 0x17, 0xAC,
    0x27, 0x14, 0x14, 0xFF, 0xC5, 0x95, 0x28, 0x54, 0x2E, 0x3F, 0x30, 0x9A, 0x96, 0xA4, 0x3B, 0xE3,
    0xAE, 0xBA, 0x3B, 0xDD, 0x53, 0xE1, 0x62, 0x04, 0xF4, 0xD4, 0xA6, 0x89, 0x7F, 0x21, 0xDD, 0x70,
    0x24, 0xA4, 0x41, 0xD6, 0x94, 0x5C, 0xBD, 0x71, 0xAB, 0x2C, 0x41, 0xA6, 0xA6, 0x8C, 0x89, 0xC1,
    0xCF, 0x00, 0xE6, 0x51, 0x16, 0x73, 0x18, 0x01, 0xCF, 0xA2, 0x87, 0x97, 0x02, 0xB8, 0x15, 0x7A,
    0x01, 0xB7, 0x54, 0x5D, 0x14, 0x67, 0x4D, 0x14, 0xEB, 0x9A, 0x54, 0xB3, 0x80, 0xD3, 0xAD, 0xE0,
    0x6C, 0x03, 0xED, 0x12, 0x45, 0x6A, 0xE4, 0x86, 0x9A, 0xDD, 0xF2, 0x61, 0xD1, 0x2E, 0xA5, 0xCF,
    0x26, 0x7F, 0xBA, 0x04, 0xEA, 0x32, 0xA8, 0x4B, 0xA1, 0x5D, 0x0E, 0xDD, 0x8E, 0xCF, 0xDB, 0xCC,
    0xEA, 0x52, 0x2B, 0x73, 0xAB, 0x26, 0x57, 0xCD, 0xAE, 0x48, 0xAF, 0xC3, 0x8E, 0x47, 0xF0, 0xB7,
    0x7E, 0x07, 0x21, 0x89, 0x39, 0x16, 0x03, 0x8D, 0x65, 0x5B, 0x44, 0x8F, 0x37, 0x59, 0x70, 0xCB,
    0xE7, 0xA2, 0x35, 0xBA, 0xF8, 0x0F, 0x11, 0x90, 0xFE, 0x4F, 0xD5, 0xE0, 0x31, 0xB0, 0x3D, 0xCF,
    0x3A, 0x2A, 0x6B, 0x58, 0x6D, 0x59, 0xBA, 0xF3, 0x8D, 0x69, 0xC3, 0xC6, 0xBB, 0x23, 0x35, 0x73,
    0x44, 0xF0, 0x9C, 0xCD, 0x7C, 0xFB, 0x7F, 0xDA, 0x0C, 0x6D, 0x5A, 0xF8, 0x36, 0xA9, 0xA2, 0x39,
    0x3A, 0xAA, 0xDD, 0x7B, 0xC3, 0x62, 0xD2, 0x75, 0x12, 0x96, 0x7D, 0xC3, 0x71, 0x02, 0xB3, 0x4E,
    0x6C, 0x05, 0x5B, 0x04, 0x66, 0x9E, 0xD6, 0xD4, 0x17, 0xA2, 0x79, 0xF6, 0xE3, 0xFA, 0xA4, 0xB5,
    0x20, 0x8E, 0xB3, 0x5C, 0xDA, 0x6F, 0xE6, 0xAA, 0xAE, 0x15, 0xF4, 0x45, 0xA7, 0x0C, 0x8C, 0xE9,
    0x84, 0xB5, 0xA0, 0xB3, 0x63, 0x23, 0xC3, 0xE9, 0x9A, 0x75, 0xD0, 0x4C, 0xB4, 0x77, 0x28, 0xAE,
    0xD2, 0x18, 0x15, 0x7B, 0x14, 0x15, 0x85, 0xA1, 0x90, 0x37, 0x10, 0x04, 0x21, 0x40, 0xC1, 0xC0,
    0x8D, 0xE6, 0x0C, 0x82, 0x9A, 0x41, 0x00, 0x6B, 0x1D, 0x12, 0x9D, 0xD2, 0xD3, 0x96, 0xE0, 0xF9,
    0xFD, 0x94, 0xC4, 0x3A, 0xD1, 0x35, 0x6D, 0x18, 0xBB, 0xC8, 0x21, 0xAC, 0x0A, 0x1E, 0x22, 0xDA,
    0x34, 0x9E, 0x8E, 0x13, 0x40, 0x24, 0x84, 0xE4, 0xFA, 0x20, 0x28, 0x71, 0xA8, 0x16, 0xD2, 0x56,
    0xED, 0xE3, 0x7C, 0x33, 0xB0, 0x3C, 0x8D, 0x93, 0x43, 0x69, 0x6A, 0x5B, 0x97, 0x2F, 0x7C, 0x33,
    0x2C, 0xAC, 0x2E, 0xE4, 0x5C, 0xCC, 0xB9, 0x04, 0xA1, 0x83, 0x68, 0xA4, 0x8F, 0xBB, 0xF5, 0x7B,
    0xB0, 0x8D, 0x46, 0x17, 0x8E, 0x1A, 0x8F, 0x5A, 0x9A, 0x68, 0x65, 0x86, 0xA4, 0x30, 0x28, 0xE8,
    0xE4, 0x9B, 0x09, 0x99, 0x4B, 0x05, 0xF4, 0x3E, 0x9D, 0x6F, 0x08, 0xE5, 0x7E, 0xC0, 0x09, 0x7C,
    0x47, 0x5C, 0xBF, 0xA3, 0xBF, 0x10, 0x53, 0x5E, 0x7E, 0x30, 0xB8, 0x43, 0x37, 0xE3, 0x2D, 0xE5,
    0x2B, 0x12, 0xE1, 0x92, 0x68, 0xD7, 0xB3, 0x87, 0x0F, 0x51, 0xD5, 0x1C, 0x99, 0x23, 0x42, 0xCF,
    0xE9, 0x77, 0x47, 0xAD, 0x1E, 0xB9, 0x84, 0xD7, 0x6F, 0x08, 0xA6, 0xB0, 0x56, 0x95, 0xC1, 0x42,
    0x66, 0x46, 0x91, 0x8D, 0xEC, 0x03, 0x38, 0x7D, 0xF6, 0x8F, 0xE5, 0x17, 0x8F, 0x9A, 0xEF, 0x36,
    0x7C, 0x0B, 0x66, 0x6D, 0xE0, 0x33, 0xA1, 0x70, 0x19, 0xFE, 0x0D, 0x04, 0x3F, 0x32, 0x6A, 0x87,
    0x87, 0xFD, 0x9A, 0xAB, 0x96, 0xE9, 0x18, 0xB4, 0x24, 0xF7, 0xE7, 0x89, 0x19, 0xD7, 0x91, 0x09,
    0x2B, 0xFC, 0x74, 0xCF, 0x07, 0x5F, 0x7A, 0x8B, 0x24, 0x13, 0x3B, 0x4D, 0xD5, 0xF1, 0x53, 0xF6,
    0x8F, 0x98, 0x8B, 0xA1, 0x24, 0xAC, 0xDC, 0xD0, 0x45, 0xCC, 0x6A, 0x39, 0x1A, 0xDE, 0x2B, 0xE7,
    0xEB, 0xB4, 0xFE, 0xE4, 0xFF, 0x62, 0xB3, 0x1A, 0x86, 0xA7, 0xD7, 0x03, 0xFB, 0x18, 0x19, 0xE6,
    0xEB, 0x3A, 0x98, 0x8F, 0x71, 0x61, 0x74, 0xBD, 0xFD, 0xC6, 0x88, 0x51, 0xF2, 0x3E, 0xCD, 0xDA,
    0x22, 0x2F, 0xEC, 0x3E, 0x13, 0x5F, 0xDE, 0x8C, 0xCB, 0x8E, 0x26, 0xBB, 0x26, 0xB1, 0x2E, 0x25,
    0xBB, 0x21, 0x5D, 0x87, 0xDC, 0xF7, 0x63, 0x53, 0x71, 0x3A, 0x11, 0xE5, 0x9B, 0xC1, 0xB8, 0xCB,
    0xA2, 0xEA, 0x51, 0xAA, 0xC4, 0xF6, 0x0C, 0xBA, 0xCC, 0xFE, 0xE0, 0xD8, 0xFE, 0x03, 0xC5, 0x57,
    0x3D, 0x90, 0x14, 0x45, 0x14, 0x7E, 0x33, 0x53, 0xEB, 0x50, 0x4E, 0x30, 0x06, 0xB7, 0x89, 0x58,
    0x8C, 0xA1, 0x5C, 0x95, 0x4C, 0x62, 0x80, 0x55, 0x78, 0x3D, 0x4A, 0x60, 0x60, 0xB2, 0x56, 0xDD,
    0xC6, 0x24, 0x24, 0x5E, 0xA0, 0x66, 0x96, 0x55, 0x14, 0x33, 0x42, 0x40, 0x40, 0xC0, 0x06, 0xC6,
    0x16, 0xC1, 0x05, 0xDC, 0x9A, 0x1A, 0x10, 0x00, 0xD3, 0xB0, 0x81, 0x01, 0xC1, 0x0D, 0x5E, 0x60,
    0xE8, 0x20, 0x26, 0x46, 0x34, 0xE7, 0x5A, 0xCE, 0x15, 0xB3, 0xF3, 0xFC, 0xDE, 0xFC, 0xDC, 0xFE,
    0x70, 0x07, 0x18, 0x39, 0xFD, 0xDE, 0xEB, 0xDE, 0xD7, 0xAF, 0xFF, 0x5E, 0xBF, 0x9F, 0x5E, 0x66,
    0xE2, 0xA3, 0x81, 0xCB, 0x39, 0x9A, 0x0E, 0x5A, 0xD6, 0x32, 0x65, 0xBD, 0x5C, 0x95, 0xFF, 0xF9,
    0xC3, 0xA8, 0x44, 0x90, 0xF0, 0x75, 0x6D, 0xC7, 0x78, 0x79, 0x90, 0x29, 0x1D, 0xEB, 0xB4, 0x2E,
    0x81, 0x69, 0x4A, 0x08, 0x9E, 0xA2, 0xCB, 0xE4, 0x9B, 0xA6, 0x04, 0x79, 0xA8, 0x55, 0xA4, 0xA8,
    0x4F, 0x8D, 0x5C, 0xAC, 0x43, 0xED, 0x67, 0xAE, 0xB1, 0x6F, 0x3A, 0x46, 0x91, 0x97, 0xA7, 0x14,
    0x64, 0x15, 0xA9, 0x49, 0x49, 0x31, 0x30, 0xFD, 0x79, 0x8E, 0xE1, 0x33, 0x6E, 0xE1, 0x31, 0xAB,
    0x07, 0x33, 0x75, 0xB5, 0x8C, 0x1D, 0x73, 0xD7, 0xCB, 0x7D, 0xC3, 0xD1, 0x22, 0x06, 0x39, 0x53,
    0x78, 0xBF, 0x24, 0xF5, 0x49, 0x41, 0xCA, 0x31, 0xD4, 0xB7, 0x06, 0x7C, 0xBD, 0x6C, 0x20, 0xBD,
    0x56, 0x62, 0xEA, 0x40, 0xCF, 0xBC, 0xEC, 0x9E, 0x3D, 0x5A, 0x27, 0x8E, 0x0E, 0x21, 0x66, 0x6E,
    0x60, 0x91, 0xF9, 0xFA, 0xF0, 0x92, 0xE1, 0x29, 0x73, 0x03, 0x2B, 0x7C, 0x77, 0x46, 0x01, 0x47,
    0x8A, 0x75, 0xCC, 0x59, 0xCA, 0x19, 0x28, 0xDA, 0x41, 0xCD, 0x8F, 0x88, 0x6E, 0x13, 0xA5, 0x09,
    0xA5, 0x05, 0xA5, 0x32, 0x83, 0x81, 0x40, 0x3A, 0xA3, 0x34, 0xA7, 0x7B, 0x44, 0x37, 0x45, 0xF1,
    0xA4, 0x32, 0x95, 0xB7, 0x25, 0x0B, 0x85, 0x9A, 0x55, 0x0C, 0x8F, 0xA5, 0xB8, 0xB3, 0xB6, 0xD8,
    0xD8, 0xCA, 0x5D, 0x99, 0xCE, 0xE7, 0x8C, 0xCA, 0x7A, 0xDE, 0x6B, 0x06, 0x5A, 0x93, 0x86, 0x33,
    0x75, 0xB3, 0xBA, 0x61, 0x17, 0xBE, 0x6E, 0x1B, 0x21, 0xB5, 0x5D, 0x97, 0xA9, 0x15, 0xAE, 0x07,
    0x61, 0xF8, 0x2F, 0xD3, 0x38, 0x27, 0xD6, 0x36, 0x9F, 0x7F, 0xCC, 0xA5, 0xCB, 0x53, 0xF0, 0x26,
    0xD3, 0xD4, 0xFF, 0x1D, 0xFD, 0xE1, 0xA7, 0x46, 0xF9, 0x7A, 0x06, 0x71, 0x2F, 0x57, 0x17, 0x74,
    0x45, 0x54, 0xB6, 0x0D, 0xAB, 0x70, 0x9B, 0x2E, 0xC7, 0x38, 0x8D, 0xB0, 0xA7, 0xAD, 0x66, 0x78,
    0x90, 0x50, 0x3D, 0x21, 0xED, 0x10, 0x9D, 0xA6, 0xE6, 0xF3, 0xF0, 0xB3, 0x6C, 0xDB, 0xE1, 0x53,
    0x63, 0x4D, 0xDB, 0xB6, 0x3A, 0x3F, 0x6D, 0xF6, 0xDC, 0x6C, 0xD2, 0xD3, 0xF3, 0xB6, 0x9F, 0xCC,
    0xDB, 0x8A, 0x0E, 0xE5, 0xCD, 0xDD, 0xAE, 0x1D, 0xB0, 0xE9, 0xA6, 0x24, 0x97, 0xAF, 0x98, 0xB7,
    0x13, 0xDA, 0x8A, 0x64, 0xD1, 0x4D, 0x37, 0xE7, 0xC2, 0x61, 0x23, 0x8B, 0xE2, 0x2C, 0x55, 0xE5,
    0x3D, 0x2F, 0xB1, 0x68, 0x7D, 0x9C, 0xD8, 0xD7, 0x25, 0x16, 0x95, 0x13, 0x19, 0x05, 0x7B, 0xC2,
    0xE4, 0x44, 0x77, 0x9A, 0x43, 0x49, 0xDB, 0x2A, 0xE6, 0x7C, 0x1C, 0x0D, 0xF2, 0x8F, 0x4A, 0x75,
    0x75, 0x4A, 0x5E, 0x66, 0xF3, 0xCC, 0xE3, 0x02, 0x8B, 0x12, 0x74, 0x9A, 0x16, 0x36, 0xE7, 0x2E,
    0x3C, 0xA9, 0x47, 0xD4, 0x8B, 0xE0, 0x14, 0xB4, 0x49, 0xD6, 0xC0, 0xCF, 0x03, 0xF8, 0xCC, 0x39,
    0x5A, 0x23, 0xEB, 0xF3, 0x81, 0xFF, 0xC4, 0x04, 0xBB, 0x99, 0xF2, 0x93, 0x73, 0x21, 0xAD, 0xD5,
    0x9C, 0x4D, 0xFF, 0xC9, 0x7E, 0x11, 0xEC, 0xEE, 0x41, 0x71, 0xD7, 0xF5, 0xB9, 0xD0, 0x8F, 0xD6,
    0xD6, 0x7A, 0x18, 0xAA, 0xA2, 0x40, 0x7B, 0xDA, 0xC9, 0x69, 0xD0, 0xEF, 0x11, 0xF6, 0x11, 0x3C,
    0xCC, 0xBC, 0x89, 0x71, 0xF2, 0x29, 0x0D, 0xDE, 0xEA, 0xF7, 0x7A, 0x91, 0xBA, 0xB0, 0x9B, 0x05,
    0x0F, 0xF7, 0x8C, 0x37, 0x79, 0x36, 0x05, 0xF7, 0x0E, 0xD8, 0x98, 0x4E, 0xAE, 0x0E, 0x1A, 0x52,
    0x39, 0x5C, 0x19, 0x5B, 0x9D, 0x56, 0xD8, 0x56, 0x18, 0x6D, 0x10, 0x6E, 0xFE, 0x04, 0x5D, 0xB2,
    0x4B, 0x7F, 0x2A, 0xFE, 0xAB, 0xB4, 0x3F, 0xB5, 0x4B, 0xBA, 0x44, 0x27, 0x46, 0x54, 0x10, 0xC3,
    0xF6, 0xBC, 0x29, 0xD4, 0x3C, 0x55, 0x19, 0xE3, 0xF7, 0xA8, 0xB6, 0x46, 0x3A, 0x8A, 0x7E, 0xA0,
    0x1E, 0x41, 0x79, 0x33, 0x72, 0xA1, 0x36, 0xB8, 0xA6, 0x11, 0x76, 0xAC, 0x29, 0xFE, 0xCD, 0xB0,
    0xCA, 0xE3, 0x3D, 0x2E, 0x41, 0x33, 0x36, 0x42, 0xE3, 0xAC, 0x6B, 0x93, 0xC3, 0x72, 0x23, 0xFE,
    0xDF, 0x4C, 0xAD, 0x3C, 0x71, 0x2C, 0x8A, 0x9F, 0xA9, 0x5F, 0x4D, 0x37, 0xE7, 0xC2, 0x2A, 0x71,
    0x1D, 0x47, 0x8E, 0xC3, 0x58, 0xAB, 0x1A, 0xEB, 0x92, 0x48, 0xE9, 0x6E, 0x7B, 0x55, 0xD6, 0x1A,
    0xC3, 0x1B, 0xA7, 0x31, 0x97, 0x31, 0x57, 0xDF, 0x14, 0xEC, 0x34, 0xF0, 0x7C, 0xE6, 0x88, 0x19,
    0xE4, 0x0E, 0x82, 0x1C, 0x93, 0x53, 0xC9, 0x48, 0x6B, 0x48, 0xD2, 0xEE, 0x60, 0x31, 0x20, 0x12,
    0x1D, 0x88, 0xC0, 0x6D, 0xAE, 0x76, 0xC6, 0x5C, 0x9C, 0x94, 0x10, 0x3B, 0xA2, 0x93, 0x5C, 0x8D,
    0xBA, 0x55, 0xBF, 0x62, 0xFE, 0x43, 0x08, 0x73, 0xCE, 0x7F, 0x46, 0xBD, 0xB4, 0xD8, 0x16, 0xEE,
    0x45, 0xB2, 0x35, 0x39, 0x9A, 0x7C, 0xA2, 0x53, 0x84, 0xBB, 0xA7, 0x9F, 0x88, 0x0C, 0x39, 0x25,
    0xB9, 0x3F, 0x90, 0xEF, 0xD3, 0xFB, 0x4E, 0x72, 0x16, 0x02, 0x64, 0x35, 0x56, 0xDE, 0x54, 0xF6,
    0x77, 0xE6, 0x6B, 0x54, 0xCE, 0xC1, 0x5F, 0xA2, 0x2E, 0x0B, 0x13, 0x36, 0xF6, 0xDC, 0x98, 0x75,
    0xB3, 0xD1, 0x86, 0xE9, 0x1C, 0xEC, 0x97, 0xF3, 0x01, 0x67, 0x2C, 0xE3, 0x1F, 0x56, 0x67, 0xCF,
    0xB8, 0xEF, 0xF8, 0x4E, 0x12, 0x7F, 0x19, 0xC7, 0x37, 0x42, 0x84, 0x9F, 0xCA, 0x43, 0xA0, 0x82,
    0x55, 0x12, 0x5C, 0xB0, 0xAD, 0x5A, 0x66, 0x2B, 0xD2, 0x0E, 0xA0, 0x33, 0x44, 0xF5, 0x2C, 0x75,
    0x95, 0x72, 0x0B, 0x5B, 0x63, 0x59, 0x0E, 0xDB, 0xF3, 0xB2, 0xD6, 0xB2, 0xF0, 0x5B, 0x7C, 0xAD,
    0x6C, 0xD8, 0x2E, 0xB6, 0x23, 0xC1, 0x44, 0xE2, 0xC8, 0xE5, 0x86, 0x6D, 0xC3, 0x8D, 0x9C, 0x8E,
    0x1D, 0x35, 0x23, 0xCA, 0x26, 0xB5, 0x30, 0x57, 0x1C, 0x2D, 0x95, 0x9D, 0x23, 0x38, 0xF8, 0x86,
    0xC3, 0x58, 0x62, 0xB0, 0xC0, 0x91, 0xE1, 0x79, 0xFD, 0x55, 0x5D, 0x80, 0xFE, 0x90, 0x14, 0x67,
    0x01, 0x0E, 0xAC, 0xB8, 0x0C, 0x70, 0x60, 0xC5, 0x15, 0xAA, 0xE4, 0x43, 0x97, 0x4F, 0x7D, 0x8C,
    0x18, 0x60, 0x43, 0xB1, 0xA9, 0x96, 0xFB, 0x96, 0xA8, 0xE4, 0x55, 0x68, 0x45, 0x14, 0x96, 0xE4,
    0x43, 0xD3, 0xA9, 0x21, 0x55, 0xD4, 0x7C, 0xC4, 0x2C, 0xBB, 0x91, 0x68, 0xAB, 0xE5, 0x6F, 0xB9,
    0x6F, 0xB9, 0x42, 0x06, 0x08, 0x0D, 0xCC, 0x4F, 0x48, 0x15, 0x9A, 0x6F, 0x5D, 0x0E, 0x0D, 0xFA,
    0x40, 0x1C, 0x21, 0xFE, 0x2C, 0x94, 0x55, 0xE0, 0x44, 0x9C, 0x07, 0xC6, 0xE2, 0xC4, 0x37, 0xD8,
    0x8B, 0x9F, 0xD7, 0x64, 0xBE, 0x02, 0x7E, 0x86, 0x66, 0x85, 0xC4, 0x13, 0x9E, 0x21, 0xA1, 0x22,
    0xDB, 0x0B, 0xC9, 0xE3, 0xC9, 0x28, 0x36, 0x70, 0xAB, 0x50, 0x88, 0x12, 0x92, 0xE6, 0x31, 0x22,
    0x37, 0x3C, 0xC4, 0xC3, 0xB1, 0x75, 0x80, 0xEC, 0xA9, 0x65, 0xB1, 0x44, 0x99, 0x85, 0xBD, 0xC3,
    0x8B, 0xCC, 0x2A, 0x19, 0x8F, 0x6F, 0x31, 0x17, 0x0D, 0x90, 0x8B, 0x00, 0x67, 0x04, 0x7C, 0x23,
    0x5B, 0x0A, 0x32, 0x0A, 0xB5, 0x00, 0x5C, 0x4E, 0x45, 0x14, 0x43, 0x4D, 0x35, 0x10, 0xF5, 0x37,
    0xE5, 0x7A, 0x0D, 0x55, 0xC8, 0x69, 0xA5, 0x62, 0xC1, 0x08, 0x98, 0xB4, 0x18, 0x35, 0xBC, 0x12,
    0x98, 0x53, 0xF9, 0x11, 0xBD, 0x16, 0x5E, 0x7C, 0x0F, 0x13, 0x5F, 0x19, 0x79, 0x7B, 0x26, 0x44,
    0x68, 0x5C, 0x80, 0x60, 0xCF, 0xB8, 0x7B, 0x86, 0xAC, 0xE8, 0xF4, 0x1A, 0x6D, 0x28, 0x80, 0xDE,
    0x50, 0x79, 0x07, 0x99, 0xFC, 0xDC, 0x40, 0xA8, 0xAD, 0x2D, 0x59, 0x10, 0xF6, 0x2D, 0xA6, 0x1E,
    0xC1, 0xEA, 0x6B, 0x07, 0x10, 0x94, 0xB6, 0xF0, 0xA4, 0xAF, 0x93, 0xEB, 0x5E, 0x3A, 0xA9, 0x5E,
    0x8C, 0x27, 0x52, 0xA0, 0x3B, 0xBC, 0x4A, 0x1C, 0x63, 0xDD, 0x7C, 0x85, 0xCB, 0xFF, 0xAF, 0xDF,
    0xB1, 0x61, 0xCA, 0x08, 0xDC, 0xDE, 0x37, 0x70, 0x06, 0xA7, 0x7E, 0xA2, 0xDC, 0xFB, 0xC7, 0xBC,
    0x6B, 0x46, 0xC2, 0x1F, 0xD4, 0x23, 0x3B, 0x81, 0xB0, 0x15, 0x48, 0x96, 0x05, 0xF0, 0x74, 0xD3,
    0xC0, 0xFB, 0x05, 0xC5, 0x0F, 0x60, 0x25, 0x13, 0xC1, 0xBC, 0x0D, 0x08, 0xBA, 0x09, 0x0A, 0x9D,
    0x9B, 0xAB, 0x2E, 0x0A, 0x20, 0x8C, 0x03, 0xAD, 0x42, 0x65, 0xB6, 0x51, 0x99, 0x23, 0xB8, 0x30,
    0xA4, 0x4B, 0xCE, 0xD8, 0xF2, 0x25, 0x3C, 0xB1, 0xAA, 0x1F, 0x9B, 0x97, 0x6C, 0x71, 0x80, 0x07,
    0x01, 0x8F, 0x30, 0x5F, 0xEF, 0xFB, 0x57, 0x45, 0x57, 0x2F, 0x21, 0xDB, 0x7F, 0x40, 0xDE, 0xEE,
    0x6E, 0xE2, 0xCB, 0x73, 0x15, 0x17, 0xDA, 0xE7, 0xD9, 0x00, 0xB3, 0x19, 0x41, 0x42, 0xC6, 0x71,
    0xE0, 0xF2, 0xFE, 0x53, 0xD6, 0xEE, 0x8D, 0xDD, 0xC8, 0xF2, 0xEF, 0x13, 0xBD, 0xD9, 0x65, 0x0A,
    0xF8, 0xF9, 0x02, 0xF6, 0x23, 0xB9, 0xEA, 0x65, 0x24, 0x1A, 0xAE, 0xC8, 0xA5, 0x91, 0xA4, 0xEA,
    0x35, 0xC9, 0xD5, 0x33, 0x24, 0xEB, 0xFD, 0x02, 0xD9, 0x7A, 0x92, 0x23, 0x5D, 0x7F, 0xA6, 0x91,
    0xAF, 0x91, 0xEF, 0xAD, 0x19, 0xBD, 0x40, 0x96, 0x3F, 0xB8, 0x0D, 0x5E, 0x11, 0xCB, 0x64, 0xB1,
    0x7F, 0xF3, 0x88, 0x09, 0x6E, 0x11, 0x7D, 0x41, 0xF6, 0x36, 0xD2, 0x52, 0xD9, 0xE1, 0x10, 0x4F,
    0x8A, 0x26, 0x25, 0x64, 0xCB, 0x48, 0xE2, 0x8D, 0xF6, 0x76, 0x0A, 0x99, 0x0E, 0x31, 0xCD, 0xA0,
    0x1F, 0x75, 0x86, 0xBD, 0x95, 0xAC, 0x6E, 0x69, 0xD1, 0xE8, 0xC7, 0x75, 0x7E, 0x79, 0x91, 0xD4,
    0xAA, 0x38, 0xEE, 0xC3, 0xD3, 0xCA, 0xDE, 0x41, 0xAC, 0x73, 0xAA, 0x15, 0x82, 0xB7, 0x8F, 0xB5,
    0xF9, 0x92, 0x81, 0x2F, 0x5F, 0xAD, 0x1E, 0x89, 0xDD, 0xBF, 0x31, 0x2A, 0xD7, 0xF1, 0x2F, 0xA0,
    0xC4, 0x83, 0xE5, 0x90, 0xF4, 0x06, 0x65, 0xBF, 0xE9, 0xDD, 0x1A, 0x57, 0xE3, 0xED, 0xDA, 0x72,
    0x6A, 0x32, 0x1C, 0xCE, 0x86, 0x9B, 0x75, 0x87, 0x67, 0x30, 0xCC, 0x13, 0xE1, 0x39, 0x41, 0x47,
    0x3B, 0x8C, 0xA8, 0x3B, 0x74, 0x9C, 0xCC, 0xDB, 0xA9, 0x5E, 0x56, 0x47, 0x53, 0xF7, 0xA3, 0xAD,
    0x64, 0x99, 0xB3, 0x95, 0xAC, 0xB7, 0x0A, 0xFD, 0x17, 0xED, 0x53, 0xB1, 0x8E, 0x13, 0x31, 0x10,
    0x9D, 0xB0, 0xC5, 0x16, 0x2E, 0x4C, 0x41, 0x6A, 0x7F, 0x82, 0x7F, 0x80, 0xC3, 0x96, 0x28, 0x28,
    0x73, 0x05, 0x11, 0xFF, 0x40, 0x73, 0x2D, 0xCD, 0xB1, 0x16, 0x3F, 0xC0, 0x27, 0x40, 0x71, 0x05,
    0x5C, 0x73, 0xED, 0x49, 0xEC, 0x66, 0x2D, 0xF8, 0x81, 0x6D, 0xE8, 0xDD, 0x53, 0xE0, 0x22, 0x45,
    0x0A, 0xEF, 0x0E, 0x6F, 0x7C, 0x97, 0x20, 0x21, 0x9D, 0x84, 0xA8, 0xB1, 0xDF, 0x26, 0x93, 0xF1,
    0x64, 0x66, 0xDE, 0x1B, 0xEF, 0xEA, 0x13, 0x69, 0x0E, 0xF6, 0xC3, 0xE4, 0x9A, 0x0C, 0x74, 0x15,
    0x62, 0xAB, 0x64, 0x38, 0xB6, 0x0B, 0x61, 0xF5, 0xE5, 0x49, 0x5F, 0xEA, 0xEA, 0x69, 0x4D, 0x34,
    0x7A, 0x62, 0xDF, 0xB0, 0x57, 0x17, 0xDE, 0x58, 0xFF, 0xD4, 0xFA, 0x8E, 0x33, 0x40, 0xD6, 0x03,
    0xEB, 0x2D, 0x8D, 0x4C, 0xBB, 0x6B, 0xEA, 0x11, 0x78, 0x10, 0x9B, 0x5C, 0x20, 0x13, 0x82, 0x0B,
    0xCC, 0xE2, 0x91, 0xF5, 0xDA, 0xB7, 0x1C, 0xF5, 0xF7, 0xE0, 0x70, 0x38, 0x92, 0xE3, 0xC9, 0xBD,
    0x90, 0x9A, 0xF6, 0x79, 0xD6, 0x3C, 0x35, 0x2C, 0x21, 0xDB, 0x2D, 0x31, 0x87, 0x6B, 0xD4, 0x42,
    0xD0, 0x40, 0x54, 0xE8, 0xD1, 0x9E, 0x9A, 0x4C, 0x6A, 0x22, 0x1D, 0xA5, 0xD4, 0xEA, 0x33, 0xA1,
    0x41, 0xB7, 0x49, 0xAE, 0x4D, 0xE6, 0x67, 0x54, 0x4C, 0x27, 0x12, 0x48, 0xA8, 0xD8, 0x23, 0xC9,
    0xEA, 0x0A, 0xE4, 0xBC, 0xDB, 0x44, 0xB0, 0x11, 0xDC, 0x64, 0xC3, 0x69, 0xF5, 0x2A, 0x21, 0x85,
    0x65, 0x6F, 0xE6, 0xDA, 0xCC, 0x9B, 0x7B, 0xAC, 0x87, 0x97, 0x1D, 0x1F, 0xD6, 0xC3, 0xF9, 0x6F,
    0xCF, 0xB6, 0x7A, 0xB6, 0xE7, 0xF8, 0xEC, 0x78, 0x8F, 0xD8, 0x6A, 0x1C, 0x54, 0xD0, 0xDE, 0xD1,
    0x33, 0xBA, 0x04, 0x49, 0xD9, 0x97, 0xB0, 0x2D, 0x69, 0xAF, 0xC2, 0x2D, 0x9D, 0xC1, 0x32, 0x5E,
    0x07, 0x1D, 0xEB, 0x0E, 0x06, 0x91, 0x67, 0x74, 0x4B, 0x03, 0x83, 0x4F, 0x64, 0x1D, 0x67, 0x1D,
    0xCB, 0x11, 0xBD, 0x8A, 0xAB, 0xBF, 0xD0, 0xDF, 0x64, 0x1A, 0x33, 0x7D, 0xC9, 0xC2, 0xFF, 0x0F,
    0x74, 0x1C, 0x80, 0x8B, 0x2A, 0xF4, 0x15, 0x84, 0xB6, 0x81, 0x9C, 0xA7, 0x85, 0x9A, 0x42, 0x3A,
    0x89, 0xF2, 0x10, 0x11, 0xE8, 0x6A, 0xC0, 0x47, 0x27, 0x6A, 0xEA, 0x99, 0x34, 0xD2, 0x76, 0x98,
    0x56, 0x98, 0xBA, 0xE3, 0x54, 0xFE, 0xCF, 0xF5, 0xDF, 0xE6, 0x6A, 0x17, 0xF0, 0x0C, 0xB5, 0x70,
    0x1C, 0x6F, 0x64, 0xA8, 0xE3, 0x18, 0xED, 0x8F, 0x88, 0xA4, 0x4A, 0x8E, 0xE2, 0x4E, 0x4D, 0x23,
    0x27, 0xE6, 0xB4, 0x23, 0xEF, 0x84, 0x4F, 0x38, 0x1D, 0x8D, 0x2A, 0xCD, 0x4D, 0x06, 0x76, 0xE0,
    0xC0, 0x51, 0xD5, 0x61, 0xBF, 0x6D, 0x93, 0x7D, 0x1F, 0x35, 0xCB, 0x08, 0x1B, 0x8C, 0x0A, 0xFC,
    0x37, 0x51, 0x9C, 0x0B, 0xBA, 0x8C, 0x8F, 0x8F, 0xD9, 0x06, 0x35, 0x9D, 0xFE, 0xD2, 0x8B, 0x8C,
    0x82, 0xF9, 0x81, 0x4B, 0x76, 0x0A, 0x28, 0x26, 0x96, 0x8E, 0x96, 0x42, 0x9C, 0x08, 0xC4, 0xE7,
    0x99, 0x8A, 0xF3, 0xBD, 0x9E, 0xEE, 0x5F, 0x6F, 0x79, 0xC3, 0x87, 0xC5, 0x46, 0x66, 0xCE, 0x8B,
    0xF9, 0x96, 0x8B, 0xFE, 0x2A, 0xCF, 0xFE, 0xF8, 0xF4, 0xFA, 0x5D, 0x7E, 0xE8, 0x22, 0x0F, 0x8B,
    0xF8, 0x17, 0x3D, 0x95, 0x36, 0x01, 0x30, 0xF0, 0x13, 0x0D, 0xDD, 0x15, 0x46, 0x07, 0x60, 0xE2,
    0x18, 0x8A, 0x92, 0x5B, 0x48, 0x55, 0xC9, 0xDC, 0x18, 0xDC, 0xDD, 0x05, 0x0F, 0x26, 0x8C, 0x33,
    0xCF, 0xF2, 0x2D, 0x5B, 0x97, 0xB6, 0xFC, 0x02, 0x85, 0x56, 0x3D, 0x8F, 0x1C, 0x45, 0x10, 0xAD,
    0xD9, 0xE1, 0x58, 0xE4, 0x15, 0x6A, 0x02, 0x0C, 0xC8, 0xC9, 0x24, 0xCE, 0x0E, 0x6B, 0x52, 0x82,
    0x93, 0x66, 0x84, 0x43, 0x02, 0x5F, 0x70, 0x4B, 0xE2, 0xC0, 0x01, 0x44, 0x26, 0xB8, 0x3F, 0x70,
    0x30, 0x83, 0xEE, 0x07, 0x70, 0x09, 0xF9, 0x05, 0x0E, 0xD0, 0x12, 0x1C, 0x12, 0x89, 0x03, 0xAC,
    0x1E, 0xEB, 0x90, 0x1C, 0x5C, 0xE0, 0x05, 0x43, 0x42, 0xC2, 0x48, 0xB6, 0xC1, 0x72, 0x72, 0x83,
    0x3D, 0xB6, 0xE7, 0x6E, 0x7B, 0xBA, 0x78, 0x55, 0xBD, 0x1F, 0x3E, 0xCB, 0x88, 0xD5, 0xF6, 0xEB,
    0x99, 0xFE, 0xA8, 0xAE, 0xAE, 0x7A, 0x55, 0x35, 0x44, 0x39, 0xE1, 0x67, 0x3D, 0x20, 0x66, 0x2E,
    0x89, 0x8C, 0xFF, 0x02, 0x98, 0x34, 0x32, 0x91, 0x55, 0x54, 0x70, 0x03, 0xB4, 0xC0, 0x52, 0x11,
    0xCF, 0x3A, 0x0E, 0x4C, 0xA7, 0x64, 0x27, 0x7B, 0x49, 0x13, 0x31, 0x37, 0x23, 0xC6, 0xAF, 0x19,
    0x00, 0xC6, 0x39, 0xA5, 0xBD, 0x25, 0x95, 0x1A, 0x90, 0xDB, 0xB3, 0xF8, 0xC1, 0x45, 0x8A, 0x6E,
    0xDD, 0x84, 0xE4, 0x0E, 0x27, 0x3A, 0x83, 0x96, 0xFA, 0x27, 0x2E, 0x7B, 0x7E, 0xFF, 0xE7, 0xE2,
    0xFE, 0x61, 0x65, 0x0F, 0x8F, 0x4A, 0xBE, 0xF3, 0x4D, 0xCE, 0x77, 0xAF, 0x10, 0xDF, 0x4D, 0x88,
    0xFF, 0xBC, 0x04, 0xF5, 0x36, 0xA8, 0x70, 0x3B, 0x94, 0xB9, 0x9B, 0x6F, 0x25, 0xFE, 0xD9, 0x4F,
    0x38, 0xCD, 0xE1, 0x2C, 0x87, 0x93, 0xEB, 0xC1, 0xBD, 0xDF, 0xF4, 0x18, 0x8A, 0x26, 0xD0, 0x38,
    0xE5, 0x8E, 0x30, 0xDA, 0xD3, 0x50, 0xC0, 0x70, 0x7E, 0x89, 0x52, 0x87, 0xC9, 0xAC, 0x19, 0x9F,
    0xCB, 0xB3, 0x86, 0x8B, 0x2A, 0xAB, 0x99, 0xAB, 0x62, 0x8A, 0xBB, 0x02, 0x2A, 0xC2, 0xAB, 0xCC,
    0x2E, 0x20, 0x71, 0xBC, 0x86, 0x6D, 0xFC, 0xA5, 0x58, 0xA3, 0x27, 0x52, 0x48, 0x20, 0x94, 0x68,
    0x8C, 0x23, 0xC6, 0xE3, 0x2D, 0x8C, 0xFB, 0x55, 0xC3, 0x3B, 0x4C, 0xA7, 0x8D, 0x75, 0xCE, 0xAD,
    0xDA, 0x6A, 0x2E, 0xE5, 0x7D, 0x5A, 0xE7, 0x3D, 0x5A, 0xAE, 0xF5, 0x73, 0x7D, 0x53, 0x6E, 0xC4,
    0xAA, 0xA4, 0xB6, 0x2B, 0xDF, 0x19, 0x40, 0x83, 0x75, 0x9E, 0x50, 0xC6, 0x9C, 0x4B, 0x8B, 0xF1,
    0xFE, 0x3E, 0x8F, 0xCF, 0xBC, 0xCF, 0xC7, 0x36, 0x2D, 0x73, 0xBB, 0x68, 0x90, 0x36, 0xAC, 0xC4,
    0x06, 0x26, 0x27, 0xFB, 0x49, 0x97, 0x78, 0x62, 0xCB, 0x19, 0x57, 0xE2, 0x14, 0xAE, 0xF9, 0x94,
    0x7B, 0xDB, 0xE0, 0xD2, 0x4D, 0x0A, 0xCC, 0xEA, 0xA4, 0xE1, 0x32, 0x9B, 0xBE, 0x1E, 0x0B, 0x45,
    0x16, 0xFC, 0x5A, 0x71, 0x57, 0x70, 0x25, 0x1D, 0xBF, 0x35, 0x85, 0xAD, 0x68, 0x0B, 0x54, 0xC1,
    0x45, 0x0C, 0xAF, 0x60, 0x57, 0xE0, 0xD0, 0xE3, 0x4A, 0xB0, 0xB1, 0xC2, 0x36, 0xCF, 0xB8, 0x34,
    0xB3, 0xA7, 0x98, 0x98, 0xCD, 0x5E, 0x9E, 0x28, 0x04, 0x4C, 0x57, 0x60, 0xA2, 0xCB, 0x96, 0x90,
    0x08, 0x18, 0x4F, 0xE7, 0xC7, 0x79, 0x70, 0x2A, 0x56, 0xE5, 0xD7, 0xCB, 0xF0, 0x50, 0xDB, 0x2A,
    0x3C, 0x74, 0xE1, 0xE1, 0xF7, 0xC2, 0x85, 0x87, 0xCA, 0xE8, 0x45, 0xF7, 0xB8, 0x52, 0x1A, 0x72,
    0xB3, 0x18, 0xC1, 0x43, 0xE2, 0xF9, 0xB8, 0x8B, 0x7E, 0xC0, 0x8B, 0xB3, 0x47, 0xAD, 0x6E, 0x6F,
    0xEC, 0x11, 0xDF, 0x20, 0xD5, 0xE4, 0x90, 0xC5, 0x48, 0x8F, 0xC8, 0xDE, 0xD6, 0xC5, 0x20, 0x68,
    0x75, 0x81, 0xBB, 0xF0, 0x40, 0x23, 0xA7, 0x0F, 0x7F, 0xCC, 0x1F, 0x0A, 0xF6, 0x56, 0xA7, 0x32,
    0x9E, 0x2F, 0x96, 0xD3, 0xCA, 0xA0, 0xE7, 0xDA, 0x26, 0x74, 0x5E, 0x68, 0x3C, 0xEF, 0xA6, 0xA1,
    0x6B, 0x54, 0x57, 0xDB, 0xAA, 0xA6, 0x69, 0xB7, 0x2D, 0x7A, 0x26, 0xCF, 0x55, 0x44, 0xFA, 0x42,
    0xBA, 0xDB, 0x76, 0xE6, 0x54, 0xC3, 0xA3, 0x4E, 0x36, 0xF8, 0x61, 0xD0, 0x6E, 0x17, 0x12, 0xF8,
    0x36, 0xDC, 0xC7, 0x2D, 0xBC, 0xD6, 0x9C, 0x63, 0x27, 0xDB, 0x55, 0x19, 0x58, 0x48, 0xBA, 0x11,
    0x34, 0x42, 0x17, 0x07, 0x7D, 0x24, 0xF8, 0xAA, 0xE0, 0x1B, 0x3A, 0x9F, 0x83, 0xAE, 0xD1, 0x66,
    0x56, 0xC7, 0x9C, 0x1B, 0x97, 0x35, 0x31, 0x9C, 0xD0, 0x15, 0xA7, 0xDF, 0xF3, 0xE3, 0x83, 0x4E,
    0x2D, 0xC3, 0xFD, 0xF6, 0xC9, 0x35, 0x7E, 0x58, 0xB4, 0x49, 0x7F, 0xED, 0xF8, 0x61, 0xF1, 0x60,
    0x3E, 0x78, 0xC0, 0xF6, 0xF8, 0x94, 0x1F, 0x0D, 0xFB, 0xF4, 0x0E, 0x24, 0xC6, 0x3E, 0xDB, 0x6D,
    0xB9, 0x8C, 0x39, 0xBB, 0x7C, 0xC2, 0xF9, 0x80, 0x8B, 0x81, 0x67, 0x89, 0xAE, 0x48, 0xAE, 0xC8,
    0x5E, 0xFE, 0x84, 0xF8, 0x90, 0x10, 0xB1, 0x4E, 0xFE, 0x08, 0x52, 0xF9, 0x53, 0xD6, 0xC9, 0x5F,
    0x9C, 0xB8, 0xA6, 0xBC, 0xCD, 0x6A, 0x60, 0xAD, 0xD8, 0x02, 0x1F, 0x5E, 0x75, 0xC0, 0x69, 0xA4,
    0x48, 0x3D, 0xF0, 0xD7, 0x7D, 0xC1, 0x7B, 0xAD, 0xFF, 0x0F, 0xBC, 0x25, 0x08, 0xA1, 0x58, 0xE9,
    0x04, 0x7F, 0xF1, 0x22, 0x73, 0x2A, 0xA4, 0xC8, 0xA6, 0x2A, 0x7B, 0x0A, 0x67, 0xD4, 0x72, 0x6D,
    0x61, 0x4E, 0x88, 0x47, 0x38, 0x60, 0x05, 0x3A, 0x66, 0xEF, 0x79, 0x24, 0x86, 0x99, 0xB0, 0x14,
    0xBA, 0xA7, 0x42, 0xB7, 0xAC, 0x19, 0x01, 0x6A, 0xCC, 0x16, 0xD3, 0x05, 0xE8, 0xAB, 0x4E, 0xE8,
    0x12, 0x5D, 0xAC, 0xDB, 0x54, 0xC0, 0x4B, 0x3F, 0xCB, 0xF9, 0x1C, 0xC8, 0x9E, 0x28, 0x1F, 0x2A,
    0x61, 0x07, 0xB2, 0x63, 0x3B, 0xAA, 0x22, 0xF4, 0xB0, 0x5D, 0xAE, 0x84, 0x69, 0x41, 0x1F, 0x30,
    0x61, 0x28, 0xDB, 0x15, 0x32, 0xA1, 0x4E, 0xC1, 0x1A, 0xD0, 0x58, 0xA2, 0x8B, 0x75, 0x5B, 0x10,
    0xA0, 0xA2, 0x44, 0x28, 0x88, 0x35, 0x26, 0x03, 0x07, 0x02, 0x46, 0x0E, 0x90, 0xB6, 0x80, 0x62,
    0x4A, 0xE6, 0x1F, 0x08, 0x30, 0x2F, 0x20, 0xCB, 0xB0, 0x93, 0x14, 0x73, 0x7A, 0x43, 0xE4, 0x75,
    0xC8, 0x56, 0x27, 0x9B, 0x61, 0xCC, 0xCC, 0x20, 0xDE, 0x3C, 0x91, 0x75, 0x8D, 0xAD, 0x01, 0x99,
    0xEC, 0x35, 0xFD, 0x42, 0x1E, 0xF8, 0x78, 0x7E, 0x0C, 0x83, 0x89, 0xEB, 0xAB, 0x15, 0x8C, 0xAF,
    0xF5, 0x30, 0xA2, 0x91, 0xB4, 0x69, 0xFA, 0x7D, 0x91, 0xDF, 0x08, 0xE4, 0x92, 0x1D, 0x45, 0x53,
    0xDF, 0x50, 0x74, 0xCC, 0xB5, 0x94, 0x0A, 0x2C, 0x91, 0xF4, 0x3A, 0x90, 0xD3, 0xE8, 0xAE, 0xEE,
    0x38, 0x0B, 0x9A, 0x94, 0xF5, 0xBA, 0xDD, 0x32, 0x9E, 0x49, 0x37, 0x58, 0x09, 0x8F, 0xE8, 0xC7,
    0xCE, 0x48, 0x7C, 0x50, 0xDC, 0x0E, 0x75, 0xC1, 0xB0, 0x89, 0x65, 0x1B, 0x8D, 0x9A, 0x81, 0xF6,
    0xA6, 0x8E, 0x42, 0x0F, 0xB6, 0xD0, 0xE7, 0xE8, 0xAB, 0xC8, 0x0D, 0x25, 0x4F, 0x57, 0x03, 0x97,
    0xE0, 0x62, 0x69, 0x15, 0xBB, 0xEC, 0x4A, 0x15, 0x15, 0x65, 0xDC, 0x7E, 0x35, 0xAA, 0x32, 0xD0,
    0xBD, 0xB9, 0x35, 0x42, 0x8A, 0x29, 0x93, 0xDA, 0x99, 0xCA, 0xF1, 0x33, 0x5B, 0xF9, 0xA4, 0x94,
    0x94, 0x23, 0xAC, 0xCD, 0x3A, 0xEE, 0x06, 0xB3, 0x9E, 0xA2, 0x7C, 0x2D, 0x8F, 0x9B, 0x4D, 0x55,
    0x29, 0x6E, 0x82, 0x33, 0x87, 0x75, 0xE8, 0x47, 0xD3, 0xD0, 0x9B, 0x6A, 0x5E, 0x57, 0x34, 0xC4,
    0x2F, 0x68, 0x12, 0x6A, 0xC5, 0x5D, 0x50, 0x28, 0x7E, 0xD6, 0xCB, 0xC6, 0x25, 0x74, 0x7D, 0x30,
    0x42, 0xDC, 0x02, 0x12, 0x0F, 0x3B, 0xC3, 0x8B, 0x88, 0x05, 0x0B, 0xE6, 0xBC, 0x6D, 0x10, 0x35,
    0x14, 0xED, 0x6B, 0x35, 0x2C, 0xD4, 0x08, 0x72, 0x8A, 0x80, 0xD8, 0x93, 0x92, 0x3A, 0x24, 0xD5,
    0x68, 0xBC, 0x29, 0x66, 0x06, 0x57, 0x8D, 0xB8, 0xD1, 0x68, 0x01, 0x43, 0x90, 0x6A, 0xBE, 0xA9,
    0x93, 0xFE, 0x53, 0xAD, 0x01, 0x3C, 0x4D, 0xFD, 0x01, 0xA2, 0x59, 0x38, 0x29, 0xA5, 0x53, 0xA0,
    0x01, 0x9C, 0x62, 0xAF, 0x58, 0xF0, 0x3F, 0x81, 0xA4, 0xA0, 0xC7, 0x38, 0x6B, 0x78, 0x22, 0x9C,
    0x05, 0x03, 0xB8, 0x33, 0xFC, 0x57, 0x97, 0x3E, 0xAD, 0xDF, 0xCD, 0x0E, 0x6B, 0x2A, 0x76, 0x6B,
    0xB2, 0x98, 0x67, 0x6D, 0x7F, 0xBB, 0x45, 0xC3, 0x98, 0xC3, 0x9C, 0xC3, 0x1A, 0x87, 0xB5, 0xA8,
    0xD7, 0x33, 0xAD, 0x6F, 0x20, 0x5B, 0xAD, 0xF2, 0xE2, 0xB9, 0xDD, 0x50, 0x10, 0x84, 0x30, 0x72,
    0x23, 0xE5, 0x05, 0xAB, 0xDB, 0x73, 0x49, 0x9C, 0x42, 0x65, 0x01, 0x06, 0x6F, 0x8B, 0x65, 0x09,
    0x58, 0xF7, 0x07, 0x3E, 0x1F, 0xBA, 0x91, 0xD3, 0xB1, 0x72, 0x59, 0x16, 0xCA, 0x0C, 0x1A, 0x10,
    0x32, 0x03, 0xCA, 0x11, 0x42, 0xA9, 0x82, 0x9B, 0xF1, 0xC1, 0xB1, 0x26, 0x4C, 0xE2, 0x50, 0xDE,
    0x35, 0x0B, 0x71, 0x1E, 0x3D, 0x88, 0x34, 0xE3, 0x59, 0x95, 0xD7, 0x0B, 0x79, 0xBD, 0xA6, 0x31,
    0x4D, 0xC2, 0x03, 0x59, 0xBC, 0x1C, 0xF3, 0xDB, 0x7E, 0x32, 0xF9, 0x6E, 0x08, 0xD7, 0x4B, 0x4C,
    0x6E, 0x6B, 0xD2, 0xAC, 0xB4, 0x08, 0x40, 0x53, 0x1F, 0xCA, 0x3B, 0xD1, 0x46, 0x68, 0x6F, 0xFA,
    0x5C, 0x3E, 0x4F, 0xE4, 0x13, 0x43, 0x3E, 0x35, 0x8C, 0xDF, 0xF8, 0x30, 0xED, 0x36, 0x90, 0x12,
    0xE6, 0xAD, 0x9E, 0xB7, 0xF9, 0x7B, 0xEA, 0x36, 0xDE, 0x30, 0xBC, 0xB3, 0x33, 0x14, 0xB3, 0x48,
    0x4B, 0x25, 0x3A, 0x76, 0x56, 0xF2, 0xE8, 0x23, 0x7A, 0x6D, 0xA0, 0xC9, 0xD8, 0xF5, 0xC9, 0x64,
    0x52, 0xBE, 0x32, 0xF1, 0x6A, 0x14, 0xFD, 0x3F, 0xAC, 0xE1, 0xCB, 0x44, 0x28, 0x67, 0xE5, 0xD2,
    0x05, 0x72, 0xEF, 0x76, 0xBF, 0x7A, 0x17, 0x9A, 0x15, 0x0D, 0x9C, 0x31, 0x45, 0x13, 0xA7, 0x54,
    0x14, 0x59, 0xB0, 0x1E, 0xD5, 0x44, 0x37, 0x8F, 0x7C, 0xF8, 0xAC, 0x18, 0x48, 0x35, 0xC3, 0xE4,
    0x16, 0x85, 0xF7, 0x33, 0xD0, 0x09, 0xB4, 0xF3, 0xD7, 0x84, 0x2F, 0x92, 0xDE, 0x94, 0x3E, 0x93,
    0xAB, 0x62, 0x4C, 0x5C, 0x47, 0xE2, 0xD8, 0x81, 0x14, 0x0C, 0x0C, 0xC4, 0x9C, 0x08, 0x48, 0x50,
    0x48, 0xFA, 0x8B, 0xE5, 0x5A, 0x71, 0xF8, 0x90, 0xDA, 0x94, 0xA3, 0xB0, 0x4F, 0xEC, 0x2B, 0x20,
    0xBE, 0xBA, 0x2A, 0x70, 0x59, 0xAA, 0xCC, 0xC7, 0x02, 0x97, 0x03, 0xD9, 0x85, 0x19, 0x5E, 0x40,
    0x02, 0x0A, 0x4E, 0x19, 0x08, 0x9F, 0xD6, 0xF9, 0xF1, 0x9E, 0x8C, 0xD5, 0x01, 0xDE, 0xE3, 0x6F,
    0xE7, 0x13, 0x0A, 0xFF, 0x02, 0xA5, 0x59, 0x3D, 0x6C, 0xDC, 0xE6, 0x19, 0x7E, 0xC9, 0xB3, 0x4B,
    0xB7, 0x97, 0x84, 0x1E, 0x2C, 0x14, 0x05, 0xE2, 0xB0, 0x01, 0x3C, 0x04, 0x42, 0x13, 0xBA, 0x9B,
    0x87, 0xB3, 0x3E, 0x1A, 0x46, 0x91, 0x31, 0xD7, 0x42, 0xE7, 0x0C, 0x1E, 0xD4, 0xA1, 0x43, 0x10,
    0x14, 0xC9, 0x92, 0x02, 0x19, 0x64, 0xF1, 0x0C, 0x6F, 0xE9, 0x50, 0x2F, 0xDD, 0x3D, 0x78, 0x08,
    0x2E, 0x40, 0x23, 0x03, 0x29, 0xA0, 0x41, 0x12, 0x99, 0xA9, 0x43, 0x07, 0x31, 0x49, 0x85, 0x8C,
    0x39, 0x38, 0x08, 0x0C, 0x78, 0x09, 0x93, 0x50, 0x30, 0xED, 0x90, 0xFC, 0xFA, 0x3C, 0x1F, 0xEF,
    0x57, 0x77, 0xA7, 0x9F, 0x84, 0xF6, 0xF7, 0xE2, 0xF8, 0xF3, 0x7E, 0xEF, 0xFF, 0xDF, 0x27, 0xB9,
    0x27, 0x22, 0x76, 0x0E, 0xD0, 0x4C, 0x01, 0xFC, 0x18, 0x20, 0xD2, 0x5A, 0xE7, 0x9A, 0xC0, 0xFC,
    0x32, 0xCF, 0xCC, 0x5B, 0xF3, 0x9D, 0x10, 0x43, 0x94, 0x88, 0xA5, 0x13, 0x69, 0xEA, 0x4C, 0x7C,
    0x5D, 0x89, 0x52, 0x4A, 0xCE, 0xA9, 0x73, 0xE6, 0xF9, 0xA9, 0x96, 0xC8, 0x2B, 0x04, 0xBB, 0x66,
    0xCF, 0x2E, 0x80, 0xDB, 0x8F, 0x86, 0x94, 0x0B, 0xF3, 0xCB, 0x3C, 0x1B, 0xBE, 0xDD, 0x1D, 0x60,
    0x9C, 0x82, 0x04, 0xD9, 0x52, 0x6A, 0x45, 0x94, 0xD6, 0xE2, 0xEA, 0x42, 0x1A, 0x1A, 0xA2, 0xE8,
    0xB8, 0x7E, 0x7F, 0x0F, 0x9B, 0x41, 0xAA, 0x5D, 0xCA, 0xA7, 0xBA, 0x90, 0x74, 0x40, 0x5E, 0x8F,
    0xC8, 0x9B, 0x67, 0xE6, 0xAD, 0xF9, 0xCE, 0x60, 0x18, 0x54, 0x6C, 0xC1, 0xAD, 0xB8, 0x25, 0xB7,
    0xF6, 0x41, 0xE2, 0x8C, 0x3A, 0x33, 0x43, 0x9E, 0xCF, 0xFC, 0x05, 0xE4, 0xCF, 0x76, 0x44, 0x42,
    0xDD, 0x85, 0xC2, 0xB1, 0xBE, 0x81, 0xE2, 0x33, 0xAC, 0x52, 0x64, 0x5B, 0x07, 0xB2, 0xAD, 0x12,
    0xD9, 0x76, 0xF1, 0xA0, 0x51, 0x92, 0x58, 0x00, 0x84, 0x04, 0x9A, 0xE0, 0x83, 0x02, 0x0F, 0x52,
    0xA3, 0x3B, 0xAB, 0xD3, 0xC6, 0x86, 0x39, 0x56, 0x21, 0xD6, 0x1A, 0x9E, 0x2B, 0x2C, 0x12, 0x29,
    0xB7, 0xF1, 0xE9, 0x36, 0x50, 0xB6, 0x89, 0xCA, 0x2D, 0x88, 0xC9, 0x1D, 0x42, 0xEC, 0x74, 0x51,
    0xC6, 0x17, 0x7F, 0x87, 0x93, 0xBB, 0x8F, 0xC9, 0xAD, 0x9B, 0x3D, 0xB8, 0x17, 0xF7, 0x34, 0x7B,
    0x7B, 0x85, 0xA1, 0x45, 0x9A, 0xA4, 0x5D, 0x5F, 0x69, 0xCD, 0xD3, 0x90, 0x42, 0x4D, 0x70, 0x0B,
    0xB7, 0x46, 0x06, 0xDC, 0x52, 0x26, 0x23, 0x5B, 0x5F, 0x8C, 0xAC, 0x94, 0x79, 0xA9, 0x23, 0x23,
    0xF4, 0xF7, 0xA5, 0x91, 0x4B, 0x05, 0x3D, 0xDB, 0xD0, 0xE5, 0xFE, 0x9B, 0x65, 0x5B, 0x8F, 0x3C,
    0x30, 0x04, 0xC8, 0xBC, 0x24, 0x14, 0x71, 0xB2, 0x0A, 0x02, 0x83, 0x21, 0x91, 0xF6, 0x85, 0x11,
    0xFB, 0x59, 0x0B, 0x6E, 0x59, 0x44, 0xE0, 0x00, 0x96, 0x5A, 0xBA, 0x79, 0xB0, 0x96, 0x8E, 0x3C,
    0xA7, 0x30, 0xB8, 0xD8, 0xD7, 0x4B, 0xB0, 0x6F, 0x18, 0x58, 0x99, 0xEC, 0x88, 0xFC, 0x56, 0x2E,
    0x11, 0xCF, 0xEB, 0xC3, 0x22, 0x81, 0x2E, 0x45, 0xEB, 0xEB, 0xB0, 0x8C, 0x7E, 0xDC, 0x7C, 0x1A,
    0x76, 0x75, 0xEA, 0x25, 0xCF, 0xE3, 0x09, 0xCD, 0x53, 0xE2, 0xA9, 0x48, 0x41, 0xA1, 0x65, 0xDB,
    0x0A, 0xE8, 0xFD, 0xA5, 0x41, 0xD4, 0x71, 0xA8, 0x21, 0x41, 0x0A, 0x21, 0xF4, 0xCD, 0x7C, 0x59,
    0xC7, 0x2F, 0xDA, 0xA5, 0x43, 0x8C, 0x1A, 0x4F, 0xE9, 0x3D, 0x40, 0x57, 0xBB, 0x8C, 0x9A, 0xB6,
    0xDB, 0x1D, 0xC8, 0xE8, 0x92, 0x43, 0x15, 0x40, 0x46, 0x48, 0xA1, 0xBE, 0x2C, 0x3B, 0x33, 0x32,
    0x7E, 0x5E, 0x50, 0xC6, 0x88, 0x32, 0xFA, 0x20, 0xD7, 0xFE, 0x25, 0xD0, 0x28, 0x67, 0xC8, 0x48,
    0x8B, 0xC5, 0x81, 0xDF, 0x78, 0xF4, 0xB5, 0x30, 0x92, 0x8B, 0xEA, 0x77, 0x50, 0x64, 0x20, 0xF6,
    0x28, 0x02, 0x4B, 0x3C, 0x0F, 0xE5, 0x45, 0xF5, 0xE2, 0x51, 0x91, 0x86, 0xAB, 0x11, 0xB7, 0x18,
    0xCB, 0x11, 0x95, 0x06, 0x7D, 0x75, 0xF4, 0xAC, 0xBE, 0xAC, 0xCA, 0x4B, 0xC4, 0xC9, 0xE1, 0x13,
    0x4E, 0x1F, 0xFA, 0xB2, 0xBA, 0xD0, 0xD7, 0xD2, 0xE2, 0xF0, 0x7A, 0x49, 0xBD, 0x2A, 0x2A, 0x8A,
    0xA6, 0x7C, 0x9B, 0x3E, 0xFF, 0x9A, 0x7A, 0x6D, 0xE6, 0xF9, 0x98, 0x8F, 0x81, 0xDB, 0xA4, 0xB0,
    0x7B, 0x23, 0x47, 0x78, 0xBB, 0x7D, 0xB5, 0xDF, 0x81, 0x01, 0x34, 0x72, 0x09, 0x40, 0x29, 0xE4,
    0x25, 0x00, 0x23, 0x5E, 0xE2, 0x64, 0x50, 0x0B, 0x6C, 0x67, 0xE5, 0x02, 0x87, 0xAB, 0x7D, 0xAE,
    0xC5, 0xFF, 0x10, 0x22, 0x12, 0x15, 0x23, 0x67, 0xB9, 0x07, 0x9D, 0xB5, 0xB4, 0x41, 0x11, 0x2C,
    0x02, 0xA7, 0xF6, 0x19, 0xE0, 0x42, 0x88, 0x30, 0x80, 0x10, 0x3B, 0x34, 0xFA, 0xA5, 0x11, 0x5D,
    0x3B, 0x07, 0x5D, 0x9B, 0x74, 0xED, 0x1C, 0x74, 0x6F, 0xE4, 0xD3, 0xB6, 0xC8, 0x81, 0x6B, 0xE7,
    0xA0, 0x6B, 0xE7, 0x16, 0x01, 0x89, 0xDE, 0x97, 0x33, 0x75, 0xA0, 0x30, 0xEB, 0x39, 0x50, 0x93,
    0x67, 0x74, 0x4E, 0x5B, 0xBC, 0x7A, 0xA2, 0x34, 0xC4, 0xF8, 0x1F, 0x2E, 0x73, 0xED, 0x50, 0x86,
    0x1D, 0xCA, 0xB0, 0xC3, 0xBC, 0xBB, 0xDB, 0xE9, 0x4C, 0xDA, 0x82, 0x20, 0xC3, 0x0B, 0x2F, 0xD9,
    0x91, 0xA1, 0x0C, 0x6F, 0x51, 0x86, 0xA5, 0x4E, 0x67, 0xB4, 0x0F, 0x33, 0xEF, 0x71, 0x74, 0x8F,
    0xCA, 0x3F, 0x27, 0x91, 0xE9, 0x28, 0x5B, 0xCE, 0xC8, 0x84, 0xCB, 0xE9, 0x42, 0xC1, 0x0E, 0x0D,
    0xEB, 0x64, 0x43, 0x05, 0xBF, 0x69, 0x74, 0x9B, 0x12, 0x24, 0x50, 0xF0, 0x33, 0x48, 0xC5, 0x2F,
    0x33, 0x66, 0x30, 0x02, 0x19, 0x66, 0x12, 0x69, 0x32, 0xD0, 0x10, 0x26, 0x2D, 0xB2, 0x15, 0x31,
    0xDF, 0xFA, 0x71, 0x44, 0xCD, 0x28, 0x2A, 0xC5, 0x23, 0xB0, 0x23, 0x7A, 0xA9, 0xD4, 0x7B, 0x30,
    0x73, 0x51, 0x7F, 0x63, 0xEB, 0x42, 0xA1, 0xE0, 0xC0, 0xD6, 0xE0, 0xA0, 0xA1, 0xC1, 0x81, 0xF3,
    0x3D, 0x38, 0xB8, 0xF9, 0x64, 0x96, 0x03, 0x07, 0x6C, 0x66, 0x00, 0x56, 0x66, 0xDF, 0x9B, 0xE4,
    0x80, 0x7B, 0xAB, 0x92, 0x1C, 0x68, 0x72, 0xA0, 0xC8, 0x41, 0xF8, 0xCF, 0x59, 0x0E, 0x14, 0x39,
    0x50, 0xE4, 0x60, 0x79, 0x9A, 0x83, 0x14, 0xB8, 0x10, 0x1F, 0xEA, 0xEA, 0x9F, 0xF7, 0x63, 0x75,
    0xBB, 0x74, 0x53, 0xFD, 0x85, 0xF6, 0x0B, 0xAD, 0xBF, 0x62, 0x8C, 0xBD, 0x0E, 0xDF, 0x7C, 0x6A,
    0x45, 0xF4, 0xEB, 0x61, 0x4E, 0x6A, 0x1B, 0x5C, 0xAE, 0x54, 0x11, 0x37, 0x24, 0xEE, 0x2E, 0x70,
    0xF7, 0xAB, 0x35, 0xC3, 0x73, 0xA1, 0x47, 0xF1, 0xE9, 0x7D, 0x0E, 0xF7, 0x74, 0x9E, 0x64, 0xC0,
    0x7D, 0x92, 0x02, 0xF7, 0x8F, 0x9B, 0x97, 0x8C, 0x19, 0x99, 0x6F, 0xDC, 0xD8, 0x8E, 0x3D, 0x54,
    0x31, 0xFF, 0xB6, 0xEE, 0xAA, 0x37, 0x74, 0xA0, 0x22, 0xDA, 0x26, 0x92, 0xB0, 0x08, 0x25, 0x4A,
    0x36, 0xA0, 0xCE, 0x5D, 0xE9, 0x0B, 0xD2, 0xD8, 0x7B, 0xC8, 0x35, 0x45, 0xF1, 0x67, 0x89, 0x2A,
    0xC8, 0x81, 0x5C, 0xEE, 0x32, 0xC1, 0xC0, 0x97, 0xEC, 0xAC, 0x16, 0xE1, 0x5E, 0x5D, 0xEB, 0xA9,
    0x0B, 0x3F, 0x31, 0x0D, 0x01, 0xA3, 0xD2, 0x2C, 0xB5, 0x1F, 0x8A, 0x9B, 0x2A, 0x66, 0x33, 0xB2,
    0x7B, 0xBC, 0xE3, 0xDB, 0x30, 0x51, 0x33, 0xA9, 0xCD, 0x6D, 0x95, 0xF4, 0x95, 0x00, 0x82, 0xC4,
    0x66, 0x75, 0x90, 0x49, 0x51, 0x3A, 0x42, 0xD4, 0xD7, 0xB0, 0x11, 0x33, 0xD5, 0x1D, 0xB9, 0x50,
    0x31, 0x8F, 0xA6, 0xD5, 0x56, 0x30, 0xA7, 0x42, 0xF6, 0x82, 0x71, 0xFA, 0xB0, 0xCD, 0xE3, 0x68,
    0xC4, 0x77, 0xF8, 0xB8, 0xC7, 0xA4, 0x8F, 0x77, 0x03, 0xA7, 0x6B, 0x8F, 0xD2, 0xEB, 0xE2, 0x65,
    0x61, 0x39, 0x71, 0xCD, 0x1F, 0x6B, 0x48, 0x8F, 0x99, 0xBF, 0xE6, 0x7D, 0x19, 0xBF, 0x91, 0x44,
    0xEB, 0xCE, 0x08, 0xDF, 0x08, 0xBE, 0x5D, 0xEE, 0xDD, 0x83, 0x7C, 0xA9, 0x59, 0xCB, 0x1F, 0xB1,
    0x2C, 0xCE, 0x59, 0xD7, 0xD3, 0xC0, 0xFA, 0xE1, 0xFB, 0x7E, 0x43, 0xFF, 0x98, 0x0A, 0x2B, 0x86,
    0xC2, 0x3E, 0x6E, 0x51, 0xBF, 0xAB, 0xAF, 0x95, 0x91, 0x40, 0xD8, 0x0A, 0x9E, 0xA4, 0x10, 0x47,
    0x8A, 0xF9, 0x51, 0x0F, 0x2E, 0xFC, 0x60, 0x92, 0xAE, 0x55, 0x9A, 0x4D, 0xC6, 0x0F, 0xEC, 0x55,
    0x31, 0xAA, 0xE0, 0xE6, 0xE0, 0xCC, 0x04, 0x8A, 0x97, 0x39, 0x2C, 0xDE, 0xB1, 0x30, 0x57, 0x9C,
    0xC7, 0xA6, 0xAD, 0xDD, 0x75, 0x84, 0x58, 0x84, 0x58, 0xF7, 0x03, 0xDF, 0x84, 0x52, 0x93, 0x5F,
    0xA3, 0x9A, 0x04, 0x32, 0x8C, 0xA6, 0xA9, 0x6B, 0x62, 0x4B, 0xC7, 0x6C, 0xE9, 0x66, 0x4E, 0x69,
    0xB6, 0xD4, 0x64, 0xD2, 0x52, 0xD4, 0x96, 0x1B, 0xBE, 0x21, 0x1B, 0xC8, 0x20, 0x28, 0xED, 0xF8,
    0xAA, 0xC6, 0x30, 0xED, 0x62, 0xD8, 0x37, 0x65, 0x73, 0x50, 0x08, 0x99, 0xBF, 0x3A, 0x01, 0x63,
    0x29, 0x35, 0xBF, 0xEA, 0x98, 0x63, 0x4E, 0xF1, 0x0C, 0xA8, 0xE0, 0x7A, 0x5E, 0x69, 0xEA, 0x2C,
    0xDE, 0x79, 0x21, 0x68, 0x7A, 0x6F, 0x50, 0x8A, 0xEB, 0xA6, 0xFA, 0x1A, 0x16, 0xD9, 0x64, 0x98,
    0x6E, 0xA3, 0x6E, 0x56, 0x44, 0x0F, 0x95, 0x66, 0x02, 0x81, 0x55, 0x1B, 0xBE, 0x24, 0x05, 0xBB,
    0xC6, 0x82, 0x5D, 0x63, 0xA9, 0x3B, 0x93, 0xE5, 0xD6, 0x00, 0xB6, 0x0C, 0x52, 0xB0, 0xB5, 0x2D,
    0xE0, 0x9C, 0xED, 0x0F, 0xED, 0x7F, 0x58, 0xD0, 0x92, 0xFF, 0x29, 0x0D, 0xFA, 0x5D, 0xF1, 0x76,
    0xEF, 0xA3, 0x6A, 0x9C, 0x87, 0xEB, 0x5B, 0x88, 0x75, 0xC0, 0x0E, 0xE8, 0x33, 0x82, 0x6B, 0x05,
    0x7D, 0x71, 0x95, 0x2D, 0x1C, 0x38, 0xF2, 0xEB, 0xC2, 0x1F, 0xA3, 0xD1, 0x3C, 0x08, 0x7C, 0x36,
    0x4A, 0x2A, 0x40, 0x0A, 0x41, 0x75, 0x8A, 0x10, 0x6D, 0x68, 0x8D, 0x0B, 0xA4, 0x50, 0xA1, 0x15,
    0x18, 0x7C, 0x8A, 0xBE, 0xC5, 0xCA, 0x85, 0x86, 0xC2, 0xCB, 0xBC, 0x9C, 0x76, 0x4A, 0xA9, 0x5F,
    0xB0, 0xEA, 0xE7, 0x52, 0x77, 0x46, 0x21, 0x25, 0x0D, 0xB9, 0xEF, 0x92, 0x8E, 0x6D, 0x64, 0xDD,
    0xD8, 0xED, 0x36, 0x75, 0x8C, 0x5A, 0xF7, 0x6D, 0xEC, 0xF6, 0xDD, 0xBD, 0xD8, 0x49, 0xDD, 0xFF,
    0x76, 0x1B, 0x29, 0xC2, 0xDE, 0x21, 0x68, 0xF6, 0x59, 0x45, 0x99, 0x54, 0x54, 0xDC, 0xD0, 0xD7,
    0x80, 0xCD, 0x52, 0x2A, 0xC6, 0xBE, 0xB6, 0xEE, 0x8E, 0x4B, 0x2E, 0x53, 0xD3, 0xB0, 0xA3, 0xDE,
    0x9F, 0xD2, 0x8B, 0x29, 0x39, 0xB0, 0xC9, 0x6C, 0x6B, 0x32, 0x27, 0x5B, 0xB7, 0x21, 0x09, 0xFA,
    0xA7, 0x44, 0x67, 0x55, 0x51, 0x7C, 0x52, 0xC8, 0xFC, 0x7F, 0xD0, 0x51, 0x68, 0x69, 0x47, 0x7B,
    0x5A, 0x85, 0x17, 0x95, 0x2C, 0xFA, 0x37, 0xB8, 0x5A, 0x26, 0x7B, 0x1B, 0x8F, 0x43, 0x6B, 0xD2,
    0x39, 0xDC, 0x9A, 0xE4, 0x74, 0x98, 0xD5, 0xC3, 0xED, 0xCA, 0x9C, 0x42, 0xB0, 0xBA, 0x80, 0x9B,
    0xE2, 0x7C, 0x91, 0x23, 0x95, 0xA6, 0x3A, 0xD6, 0xE4, 0x6D, 0x69, 0x3E, 0x37, 0x67, 0x94, 0xAF,
    0x94, 0x76, 0x75, 0x03, 0x79, 0xC3, 0xF0, 0x76, 0xB2, 0x01, 0xE5, 0xDE, 0x70, 0x42, 0x40, 0x3E,
    0x78, 0xE5, 0xE4, 0x73, 0xD4, 0x8E, 0xC5, 0xEE, 0xFD, 0x36, 0x53, 0xF0, 0x77, 0x39, 0x0C, 0x5E,
    0xE5, 0x72, 0xAB, 0xDC, 0xCD, 0xE5, 0x52, 0xF9, 0x32, 0x3E, 0x2A, 0xAD, 0x45, 0xE0, 0xE5, 0xBC,
    0x2D, 0xD5, 0xD3, 0xA7, 0x68, 0x6F, 0xA9, 0x84, 0x52, 0x21, 0x38, 0x4B, 0x17, 0x76, 0x2E, 0x99,
    0xC6, 0xCD, 0x27, 0x27, 0x1F, 0xEC, 0x06, 0x23, 0x90, 0x11, 0xE1, 0xC4, 0x13, 0xD8, 0x21, 0x7F,
    0xE2, 0x2F, 0x35, 0x87, 0x86, 0x1A, 0x09, 0xED, 0x8C, 0x6D, 0x45, 0xC3, 0x8D, 0x7D, 0xCC, 0xB8,
    0xA1, 0x21, 0x60, 0xB6, 0x92, 0x51, 0x1E, 0x44, 0x7E, 0x86, 0xAB, 0x55, 0x36, 0x9B, 0x8E, 0xBF,
    0xB3, 0x7B, 0x41, 0xBA, 0x34, 0x99, 0x23, 0xAA, 0x2A, 0x9D, 0xB7, 0xCA, 0xDF, 0xE7, 0xE9, 0x11,
    0x1A, 0x3A, 0x1E, 0x0C, 0xAE, 0x2B, 0xA7, 0x19, 0x40, 0x8D, 0x9F, 0x79, 0x89, 0x11, 0x61, 0xEC,
    0x8A, 0xC6, 0x5B, 0x47, 0x5A, 0x1E, 0xF9, 0xF2, 0x50, 0x84, 0x9F, 0xC1, 0x64, 0xAB, 0xFC, 0x5B,
    0x5E, 0xCB, 0xEB, 0x83, 0x50, 0xBF, 0xA9, 0xBF, 0xD5, 0x5D, 0x5B, 0xBF, 0x5E, 0xD5, 0x9E, 0x33,
    0xDD, 0x4D, 0x1F, 0x13, 0xDA, 0x27, 0x0D, 0x9F, 0x93, 0x86, 0xE3, 0x49, 0x53, 0xC5, 0x90, 0xBF,
    0x2B, 0xE4, 0x6F, 0xDD, 0x98, 0x31, 0xA3, 0x19, 0xF3, 0xAA, 0x73, 0xF3, 0x9B, 0x76, 0xC9, 0xCE,
    0xA5, 0xEE, 0xBA, 0x09, 0x1C, 0x0E, 0x78, 0x56, 0xB6, 0x45, 0xDC, 0xF3, 0xC3, 0x1D, 0xD2, 0x2D,
    0x76, 0x45, 0x5B, 0xD1, 0x84, 0x0B, 0x54, 0x9D, 0xF2, 0x46, 0x81, 0x29, 0xD3, 0x1A, 0x74, 0x45,
    0x6C, 0xEC, 0x9C, 0x6C, 0x8B, 0x1D, 0xD5, 0x16, 0x3B, 0xAA, 0x4F, 0x46, 0x72, 0xBC, 0x47, 0x39,
    0xF2, 0xC8, 0x38, 0x66, 0x1C, 0x99, 0xC2, 0xB3, 0xB6, 0x7F, 0xA3, 0x10, 0x2F, 0xB0, 0xEA, 0x2E,
    0x9B, 0x20, 0x91, 0x9C, 0xDD, 0x58, 0x4A, 0x1D, 0x9C, 0x9F, 0xE8, 0xE4, 0x86, 0x3A, 0x9D, 0xE0,
    0x19, 0x42, 0x9B, 0xAA, 0x33, 0xC9, 0xF3, 0xB4, 0xBC, 0x87, 0xBB, 0xEA, 0xAF, 0x51, 0x03, 0x1E,
    0x6A, 0xF1, 0x1E, 0x96, 0x62, 0x3F, 0x4C, 0x4E, 0xB5, 0x0E, 0xD9, 0x62, 0x42, 0x86, 0x4E, 0xE7,
    0x06, 0x47, 0xD3, 0x29, 0x19, 0x0E, 0xD9, 0x31, 0x08, 0x4E, 0x45, 0xEB, 0x17, 0x0F, 0xFF, 0x27,
    0xFE, 0xC3, 0x9A, 0x57, 0xF7, 0x87, 0xC5, 0x53, 0xDB, 0xB0, 0xBB, 0x9D, 0xB0, 0x45, 0x87, 0xB6,
    0x90, 0x69, 0x5B, 0x4C, 0x77, 0xB7, 0x0B, 0x75, 0x52, 0x2C, 0xE4, 0xC7, 0x5B, 0xC4, 0x0B, 0x0F,
    0x59, 0x4C, 0x81, 0x0B, 0x90, 0xFD, 0x58, 0xE3, 0x91, 0x24, 0xE0, 0x44, 0xFA, 0x0E, 0x1A, 0xAA,
    0x7E, 0x21, 0x25, 0x3B, 0xD3, 0x0D, 0x3C, 0xF0, 0xF0, 0xC0, 0xC1, 0x03, 0x2B, 0x47, 0x73, 0xB0,
    0xF1, 0x5C, 0xDD, 0x84, 0x0C, 0x5A, 0x35, 0x9E, 0x68, 0x58, 0x1C, 0x5B, 0x30, 0xD6, 0x70, 0x87,
    0x46, 0x8A, 0x16, 0xE6, 0x53, 0x24, 0x7C, 0x07, 0xB5, 0xC1, 0x8B, 0x1A, 0xE9, 0x06, 0x6E, 0xD1,
    0x7A, 0x39, 0x7D, 0xD9, 0x06, 0xDA, 0xE5, 0x0D, 0xE1, 0x00, 0x2A, 0x0D, 0x06, 0x17, 0x74, 0x6C,
    0xC5, 0x83, 0x86, 0x0D, 0x36, 0x78, 0x1F, 0xE4, 0x76, 0x41, 0xCE, 0x07, 0xB9, 0x26, 0xC8, 0x61,
    0xE4, 0xF9, 0x0D, 0x1E, 0x60, 0x3C, 0xBB, 0xA3, 0x41, 0x5F, 0x03, 0x91, 0x0C, 0x29, 0x43, 0xCF,
    0x62, 0x55, 0xEE, 0x7D, 0x08, 0xEC, 0xA0, 0xEE, 0xD9, 0x29, 0x50, 0x71, 0x51, 0x26, 0x08, 0xFE,
    0xA5, 0xF0, 0xBA, 0x1A, 0xB7, 0x1A, 0xB7, 0x1A, 0xF4, 0x71, 0x2B, 0xC5, 0x86, 0x18, 0x79, 0x23,
    0xAC, 0xE5, 0xDE, 0xD0, 0x16, 0x07, 0xF0, 0x45, 0x8E, 0xBD, 0xB9, 0x6B, 0xF2, 0x28, 0xF3, 0xD3,
    0x44, 0x3C, 0xF2, 0xD6, 0x7B, 0xDC, 0xEB, 0xDD, 0xE7, 0x3C, 0x9C, 0x5B, 0xCF, 0xF0, 0x6B, 0x1C,
    0x8F, 0xF0, 0x9F, 0x75, 0xE3, 0x4E, 0xB5, 0x4F, 0x99, 0x24, 0x3D, 0x8E, 0x6F, 0x33, 0x07, 0xBD,
    0xDD, 0xEB, 0x7D, 0x9C, 0xF0, 0x36, 0xC0, 0xAF, 0x43, 0x13, 0xCE, 0x28, 0xD7, 0xA0, 0xD3, 0x52,
    0xFB, 0x6E, 0x8A, 0x3C, 0x10, 0x55, 0xC3, 0x5C, 0x53, 0xA8, 0xCC, 0xFF, 0x2C, 0x75, 0x03, 0x33,
    0x4A, 0xD5, 0x23, 0xC5, 0xDD, 0x09, 0x0F, 0x1A, 0xE6, 0x95, 0x17, 0x90, 0x57, 0x2E, 0xA8, 0xDB,
    0x6B, 0xE9, 0x2E, 0x92, 0xDA, 0x20, 0xAF, 0x60, 0xDA, 0xC9, 0x9C, 0xB8, 0xE5, 0x25, 0xD6, 0x21,
    0x5F, 0x3E, 0x66, 0x52, 0xFD, 0x55, 0xF4, 0xA1, 0x99, 0x4E, 0xB9, 0xCE, 0x86, 0xAB, 0x66, 0x4D,
    0xDE, 0x4F, 0x0D, 0x0A, 0x87, 0x4E, 0x33, 0x26, 0x71, 0xE7, 0xDD, 0xD7, 0x13, 0xF0, 0xAB, 0xC7,
    0x9F, 0x66, 0x4C, 0xE5, 0xDF, 0xB3, 0x01, 0x74, 0xE2, 0x7E, 0x9E, 0x1B, 0x10, 0xEA, 0xE6, 0x67,
    0xF3, 0x73, 0xE3, 0x71, 0x13, 0xF8, 0x6B, 0x43, 0x7B, 0xCD, 0x3B, 0xCD, 0x99, 0xFF, 0x6C, 0x32,
    0x6F, 0x5F, 0x38, 0x7B, 0x0D, 0xFA, 0xF5, 0xFF, 0xA3, 0x0B, 0x03, 0x6E, 0x79, 0x77, 0x16, 0xE4,
    0xFC, 0x53, 0xEC, 0x7F, 0x62, 0x9D, 0x1C, 0xDD, 0x86, 0x57, 0xCC, 0x15, 0x05, 0x99, 0x28, 0xC8,
    0x4E, 0xE1, 0x00, 0xBC, 0x65, 0x05, 0x23, 0x6C, 0x77, 0xB2, 0x21, 0x5F, 0xEA, 0xBC, 0x59, 0x16,
    0x53, 0xF5, 0x67, 0x6E, 0x43, 0x7E, 0xBF, 0x46, 0x7D, 0x9E, 0xE0, 0x2A, 0x01, 0x33, 0x35, 0x23,
    0xA4, 0x72, 0xBF, 0x02, 0x20, 0x73, 0x2F, 0x71, 0x50, 0x78, 0xC9, 0xFD, 0xA0, 0xD7, 0xFB, 0x97,
    0x79, 0x21, 0xC8, 0x5E, 0xAB, 0xF5, 0xC7, 0x06, 0x8D, 0xB9, 0x41, 0xEC, 0xC1, 0x40, 0xAD, 0x20,
    0x55, 0xBE, 0x8D, 0xA8, 0xF7, 0x39, 0xF3, 0xC6, 0x2A, 0x55, 0x7D, 0x49, 0xD1, 0x2F, 0x9C, 0x64,
    0xB1, 0x71, 0xD0, 0xE3, 0x12, 0x7D, 0x79, 0x64, 0x1A, 0xC5, 0x19, 0xD8, 0xA4, 0xCE, 0xA7, 0xFC,
    0x4E, 0xD6, 0x09, 0xAE, 0xAE, 0x20, 0x3C, 0x73, 0xBE, 0xE8, 0x23, 0x34, 0x4D, 0xEC, 0xAE, 0x8C,
    0x9A, 0x13, 0x14, 0xC2, 0xA5, 0x76, 0xBD, 0xDB, 0xB3, 0x2D, 0x39, 0x29, 0x07, 0xE4, 0x16, 0x5C,
    0x63, 0x48, 0xC0, 0x4E, 0x05, 0x70, 0xC1, 0xBC, 0xF0, 0x40, 0xD2, 0x3E, 0x85, 0x84, 0xA4, 0x47,
    0xBA, 0x4B, 0x83, 0xCC, 0x81, 0x1C, 0x62, 0xEE, 0x27, 0x25, 0xFC, 0x89, 0xDA, 0xE2, 0x37, 0x66,
    0x49, 0x23, 0x46, 0x02, 0x33, 0x6B, 0xEE, 0x5E, 0xB5, 0xB2, 0x7E, 0xDE, 0x5E, 0xF4, 0xD1, 0x47,
    0xEF, 0x8A, 0xFB, 0xE8, 0xDD, 0x58, 0x3D, 0x7A, 0xB7, 0x2F, 0x8F, 0xFE, 0x2A, 0x8B, 0x16, 0xBF,
    0x31, 0xCB, 0xB9, 0xBE, 0x98, 0x2F, 0xEE, 0x45, 0xBE, 0x2A, 0xDD, 0xB7, 0xD2, 0x5B, 0x48, 0xF3,
    0x7E, 0xE0, 0xA5, 0x2A, 0x59, 0x4E, 0x57, 0xEE, 0x1E, 0xEB, 0x11, 0x3F, 0x71, 0xAF, 0xB9, 0x32,
    0xF2, 0x5A, 0xBE, 0x0B, 0xEF, 0x82, 0xAE, 0x5B, 0xB2, 0xD2, 0x87, 0x77, 0x5D, 0xA1, 0x77, 0x5D,
    0x99, 0xF6, 0xAE, 0x2B, 0xF4, 0x2E, 0xBE, 0xE8, 0x5F, 0x39, 0x80, 0x77, 0xE1, 0xE3, 0x15, 0x62,
    0x0C, 0xBC, 0x8B, 0x9D, 0x61, 0xDB, 0x04, 0xD6, 0xBF, 0xF9, 0x6B, 0x93, 0x4F, 0x37, 0x23, 0x14,
    0xC7, 0x4D, 0x56, 0xC8, 0x07, 0xFA, 0x31, 0x41, 0x42, 0x80, 0xE4, 0xF1, 0xE0, 0x09, 0x82, 0xEA,
    0x41, 0x86, 0x42, 0xF4, 0x20, 0xC3, 0x24, 0xBE, 0xC9, 0x49, 0x7C, 0x93, 0x93, 0xF8, 0x26, 0xC7,
    0xF3, 0x4D, 0x8E, 0xE7, 0x9B, 0x1C, 0x08, 0x36, 0x59, 0x2D, 0xB9, 0x55, 0x3D, 0x7C, 0xF2, 0x38,
    0xBB, 0xC5, 0x83, 0xED, 0x16, 0xC7, 0xF7, 0x16, 0xC7, 0xF7, 0x16, 0xC7, 0xF7, 0x16, 0x67, 0xFA,
    0x16, 0x90, 0x2E, 0xB4, 0xB0, 0xD3, 0x0A, 0x9A, 0x8B, 0x12, 0x40, 0xF4, 0x2E, 0x80, 0xAA, 0x00,
    0x5C, 0x00, 0x5B, 0x1B, 0x50, 0x12, 0x64, 0x26, 0x88, 0x5A, 0xA8, 0x49, 0xBD, 0xED, 0xBA, 0x58,
    0xFD, 0x04, 0xFF, 0x3B, 0x32, 0x36, 0xEA, 0x53, 0xC4, 0xA4, 0xC5, 0x3F, 0x73, 0x44, 0xD2, 0x7C,
    0x56, 0xFA, 0xB1, 0xB7, 0x1F, 0xCD, 0x9C, 0x94, 0xBB, 0xDF, 0x54, 0x5E, 0xD2, 0xD0, 0x4C, 0x61,
    0x9A, 0x27, 0xE5, 0x67, 0x99, 0x47, 0xEB, 0xC6, 0xBD, 0x09, 0xB5, 0x61, 0x26, 0x8B, 0xEB, 0xE9,
    0xCC, 0xCC, 0x69, 0x66, 0x62, 0x5B, 0xD4, 0xE5, 0x5F, 0xE0, 0xB4, 0x67, 0xE6, 0x3E, 0x33, 0x01,
    0xFA, 0x9C, 0x05, 0x9B, 0xAC, 0xFF, 0xB6, 0xBE, 0x96, 0x4F, 0xB7, 0xFA, 0xE3, 0xEC, 0x6E, 0x46,
    0x2B, 0x37, 0x3D, 0x6A, 0x5A, 0x59, 0xDC, 0xBD, 0x4F, 0x57, 0x81, 0x88, 0xC0, 0x4F, 0x58, 0xF1,
    0xB3, 0xC9, 0x63, 0x8F, 0xDE, 0xC7, 0xD3, 0x53, 0xCD, 0xFA, 0x20, 0x1B, 0xC9, 0xD9, 0x80, 0x7F,
    0xD3, 0x88, 0x79, 0x78, 0xCF, 0xBF, 0x8F, 0xB9, 0xEC, 0x02, 0xD6, 0xF6, 0x67, 0xA7, 0x01, 0x1E,
    0x4F, 0x64, 0x00, 0x16, 0x81, 0xB4, 0x9B, 0x71, 0x8D, 0x0A, 0x73, 0xD1, 0xB2, 0x71, 0x44, 0x00,
    0xFE, 0xD6, 0xF6, 0x67, 0xF9, 0x73, 0x63, 0xF0, 0xE7, 0xC6, 0xE0, 0xCF, 0x8D, 0x77, 0x68, 0x1C,
    0x76, 0x1F, 0xAB, 0xAC, 0xB4, 0x05, 0x3B, 0xD0, 0x82, 0x67, 0xA4, 0x05, 0xCF, 0x48, 0xCB, 0xD9,
    0x33, 0xD2, 0xA4, 0xE0, 0xDF, 0x0D, 0x0A, 0x76, 0xA0, 0x05, 0x3B, 0xD0, 0xDC, 0xE0, 0x5E, 0x00,
    0x6E, 0xB9, 0x0B, 0x5C, 0x00, 0xB7, 0x0F, 0xA0, 0xF6, 0xAB, 0x6A, 0x96, 0x67, 0xBC, 0x70, 0x32,
    0x00, 0x8B, 0x40, 0xDA, 0x3B, 0xB7, 0x00, 0x40, 0xD7, 0x7E, 0x9A, 0xB7, 0x08, 0x22, 0x02, 0x3F,
    0xFE, 0xF5, 0xB3, 0x72, 0x86, 0x67, 0xBC, 0xF0, 0x12, 0x80, 0x30, 0x00, 0xD8, 0x11, 0xEB, 0x80,
    0x74, 0xAD, 0x3F, 0x80, 0xF6, 0x0F, 0x7B, 0xE0, 0xF9, 0xC7, 0x3D, 0xF0, 0xFC, 0xF5, 0x1E, 0x78,
    0xFE, 0xF2, 0xAB, 0x59, 0x9E, 0xBF, 0xD8, 0xE3, 0xB9, 0xEE, 0x1E, 0xCF, 0x75, 0xF7, 0xC0, 0xF3,
    0x9F, 0x3E, 0xB8, 0x34, 0x59, 0x39, 0x4C, 0x7B, 0x91, 0x0E, 0x27, 0xED, 0x15, 0x16, 0xC0, 0xAB,
    0x04, 0x2E, 0x22, 0x76, 0xB5, 0x3E, 0x3A, 0x4C, 0x47, 0x1F, 0x4F, 0x5E, 0xE7, 0x08, 0x5E, 0x30,
    0x05, 0x75, 0x34, 0xDD, 0x96, 0x5B, 0x04, 0xEB, 0x70, 0x8B, 0x77, 0xD2, 0x41, 0xEC, 0x88, 0xCB,
    0x4F, 0x9E, 0x9B, 0x42, 0xBD, 0x6C, 0xA2, 0x21, 0x95, 0x46, 0x97, 0xA4, 0xD1, 0xFA, 0x82, 0x36,
    0x5A, 0x1C, 0x12, 0x7F, 0x47, 0x48, 0x7D, 0x4D, 0x40, 0xFE, 0xE6, 0xB6, 0x79, 0x9B, 0x9A, 0x2F,
    0x63, 0x62, 0x35, 0x86, 0x1B, 0xFC, 0x1F, 0xDD, 0x5C, 0x4D, 0x8C, 0x1C, 0xC7, 0x75, 0xAE, 0xE9,
    0x16, 0x39, 0x36, 0x1B, 0x76, 0xEB, 0x20, 0x22, 0x8E, 0x88, 0xA0, 0x7D, 0xC8, 0xC1, 0x59, 0xC5,
    0xEA, 0x20, 0xC8, 0xC1, 0x07, 0x71, 0xBB, 0x2D, 0xDD, 0x6C, 0x04, 0xDA, 0x03, 0xD7, 0x39, 0xE8,
    0x60, 0x01, 0xC9, 0xC1, 0xD9, 0x00, 0xA6, 0x01, 0x2B, 0x01, 0x85, 0xEC, 0x4E, 0xB7, 0xA4, 0x83,
    0x80, 0xF8, 0xA0, 0x3D, 0x84, 0x67, 0x6E, 0x00, 0x1A, 0xA0, 0x66, 0x0F, 0xEB, 0x43, 0x0E, 0x94,
    0xB1, 0xCB, 0x6E, 0xDB, 0x40, 0x7C, 0xE0, 0x41, 0x23, 0x0B, 0x3E, 0xF9, 0xB0, 0x2D, 0x99, 0xB1,
    0x9C, 0x35, 0x12, 0xB6, 0xC4, 0xB6, 0xD5, 0xBB, 0xEC, 0xE9, 0xCA, 0xFB, 0x5E, 0x55, 0xF5, 0x4C,
    0xCF, 0xDF, 0xFE, 0x90, 0x10, 0x82, 0x0C, 0xB7, 0x1F, 0x67, 0xBA, 0xAB, 0xDE, 0x4F, 0xD5, 0xAB,
    0x7A, 0xAF, 0x5E, 0xBD, 0xEA, 0x8B, 0xA1, 0xE8, 0x5C, 0x49, 0x52, 0xE1, 0x56, 0x51, 0x26, 0xDC,
    0x32, 0xC8, 0x85, 0x5F, 0xF8, 0x52, 0xCA, 0xDC, 0x25, 0x90, 0x01, 0xA4, 0x4E, 0xDD, 0x97, 0xA9,
    0x5D, 0x0B, 0x19, 0xDA, 0xD2, 0x92, 0xA2, 0x23, 0x5F, 0xA8, 0x85, 0x90, 0x6F, 0x0E, 0x85, 0x48,
    0xEE, 0x56, 0x42, 0x04, 0xFB, 0x25, 0x01, 0x99, 0x0B, 0xE1, 0x03, 0xB8, 0x32, 0x03, 0x48, 0x85,
    0xE8, 0x02, 0x3C, 0xBD, 0x49, 0x15, 0x6A, 0xE1, 0x10, 0x1E, 0x8F, 0x10, 0x06, 0xB9, 0x9F, 0x07,
    0x99, 0x5B, 0x12, 0x45, 0x81, 0x4B, 0x4E, 0x5C, 0xE6, 0x3E, 0xCA, 0x04, 0x45, 0x00, 0x2E, 0xB2,
    0x2E, 0xD5, 0x15, 0x84, 0x43, 0x9C, 0x0B, 0xE9, 0x21, 0xF0, 0x55, 0x8C, 0x93, 0x7E, 0xD0, 0x15,
    0xC4, 0x42, 0x78, 0xA9, 0xF8, 0xB1, 0x9B, 0x76, 0xE5, 0x7E, 0x4A, 0xE5, 0xD3, 0xE0, 0x37, 0x32,
    0x0E, 0xC2, 0x24, 0x8E, 0x44, 0x20, 0x22, 0x2A, 0x13, 0x89, 0xA1, 0x08, 0xDE, 0x2C, 0x99, 0x3D,
    0x47, 0x52, 0xF1, 0x2B, 0x42, 0x5C, 0x5C, 0x5D, 0x0D, 0x49, 0xB6, 0x81, 0xB9, 0x56, 0x57, 0xE5,
    0x80, 0xF0, 0x35, 0xD7, 0xF8, 0xB3, 0x44, 0xB6, 0x9F, 0xF5, 0xFB, 0xB2, 0xF5, 0x5C, 0x74, 0xB6,
    0xC4, 0xC5, 0xBF, 0xF9, 0x7D, 0x1B, 0xDF, 0x55, 0xBA, 0xEF, 0xD3, 0x15, 0x50, 0x9D, 0xE5, 0x69,
    0x7C, 0x76, 0x9E, 0xF0, 0xD5, 0x1D, 0x24, 0x83, 0x9D, 0x83, 0x36, 0xBE, 0x40, 0xE8, 0xCF, 0x79,
    0xF9, 0x46, 0x2A, 0xA8, 0x74, 0x6C, 0xD7, 0x1D, 0x29, 0xDC, 0x8C, 0x5A, 0xC6, 0x8F, 0x3B, 0x9F,
    0xE6, 0x81, 0xB0, 0x7F, 0x51, 0xF4, 0x84, 0x1B, 0x57, 0x95, 0x58, 0x16, 0x04, 0x76, 0xC5, 0x6E,
    0xD5, 0xC9, 0xC5, 0x5E, 0x65, 0x0F, 0xC4, 0xEE, 0x9E, 0x1B, 0x8A, 0x6A, 0x79, 0x59, 0x74, 0xCA,
    0xA0, 0x12, 0x76, 0xEE, 0x92, 0xD0, 0x99, 0x53, 0x8A, 0x80, 0xDA, 0xE6, 0x77, 0xB5, 0x58, 0xF6,
    0xA9, 0x7F, 0x9E, 0x42, 0x13, 0x88, 0x2E, 0x75, 0x1E, 0xF5, 0x3B, 0x00, 0x1A, 0xD3, 0x97, 0x68,
    0x4D, 0x49, 0x6D, 0x1C, 0x45, 0xE8, 0x05, 0x9F, 0x40, 0x4D, 0x44, 0xAD, 0x8A, 0x50, 0xD8, 0x95,
    0x43, 0xA0, 0xB4, 0x4B, 0xE1, 0xE4, 0x76, 0x25, 0xDC, 0xBC, 0x33, 0x14, 0xDE, 0x40, 0x48, 0x42,
    0x4B, 0x2D, 0x1C, 0x10, 0xDB, 0x71, 0x02, 0x5D, 0x91, 0x5A, 0x08, 0x96, 0x92, 0xBA, 0x02, 0x0F,
    0xB8, 0x08, 0x17, 0x76, 0x33, 0xAA, 0xE6, 0xE4, 0x56, 0xA5, 0x50, 0xD9, 0x55, 0x37, 0x57, 0xE8,
    0x99, 0x90, 0x22, 0xC9, 0xC4, 0x99, 0x0D, 0x66, 0x88, 0x59, 0x63, 0x26, 0x99, 0x5D, 0xEA, 0xB8,
    0x2B, 0x50, 0xA6, 0x1A, 0xED, 0x52, 0x5B, 0x84, 0xBE, 0x76, 0xB8, 0x44, 0x0E, 0x09, 0x52, 0xAD,
    0x0F, 0xCC, 0xD0, 0x10, 0xA0, 0x56, 0xA0, 0xDF, 0xEF, 0xBF, 0xCD, 0x0F, 0xB8, 0x08, 0x17, 0xEE,
    0xD6, 0x44, 0xA2, 0x83, 0xA7, 0x22, 0x02, 0xE8, 0x4A, 0x56, 0x29, 0xFE, 0x9C, 0xC3, 0x15, 0x69,
    0x42, 0x91, 0x21, 0xD4, 0xAD, 0x05, 0x24, 0x17, 0xA4, 0x49, 0xA9, 0x55, 0x10, 0x21, 0x3B, 0x17,
    0x63, 0x34, 0x14, 0xA1, 0x9D, 0x5F, 0xAE, 0x06, 0xB1, 0x17, 0x52, 0x11, 0x1F, 0x84, 0xA8, 0x2F,
    0xED, 0xBA, 0x67, 0x08, 0x05, 0x0D, 0x21, 0x0B, 0x2C, 0x88, 0xD5, 0x15, 0x4B, 0x8D, 0xB4, 0xDC,
    0x3F, 0xE8, 0x6F, 0xA1, 0xDF, 0x97, 0x57, 0x57, 0x57, 0x88, 0x60, 0xCE, 0x57, 0xBF, 0xBF, 0xB5,
    0x0C, 0x61, 0x36, 0x31, 0xA0, 0x64, 0x6E, 0xD3, 0x25, 0x9E, 0xEE, 0x6F, 0xA1, 0x09, 0xC0, 0x55,
    0x01, 0x20, 0x99, 0x05, 0x48, 0x15, 0xB1, 0x54, 0x34, 0x16, 0xA9, 0x49, 0x81, 0x5C, 0xC9, 0x1F,
    0x35, 0x60, 0x89, 0x1A, 0x81, 0x25, 0xA4, 0x81, 0x4B, 0x4D, 0x4F, 0xC0, 0x29, 0x30, 0x86, 0x32,
    0x46, 0x10, 0x69, 0x51, 0x33, 0xD3, 0x06, 0x6E, 0x0A, 0xCC, 0x19, 0xEE, 0x0D, 0x99, 0x10, 0x35,
    0x5F, 0x40, 0x73, 0x84, 0xD8, 0x40, 0xB5, 0x0A, 0x34, 0x2A, 0x31, 0x5C, 0xEA, 0xB7, 0x69, 0xEC,
    0x1C, 0x11, 0x0D, 0x27, 0x25, 0x1A, 0x6E, 0x4A, 0x34, 0xBC, 0x98, 0x0A, 0xFB, 0x22, 0xC9, 0x27,
    0x69, 0x54, 0x86, 0xCC, 0x45, 0x96, 0x85, 0x29, 0xC4, 0x4B, 0xFD, 0x1D, 0x1A, 0x60, 0xD4, 0xAA,
    0x74, 0x99, 0x46, 0x58, 0xEB, 0x6F, 0xE7, 0xEA, 0xDE, 0xA5, 0x2C, 0x52, 0x38, 0xC4, 0x5A, 0x7F,
    0x93, 0xBA, 0xBF, 0x3E, 0xE1, 0x5F, 0x60, 0x14, 0x51, 0x03, 0xD2, 0xC6, 0xFF, 0x17, 0xA0, 0x2D,
    0x56, 0xD4, 0x00, 0xFE, 0xE9, 0x43, 0x0F, 0x78, 0x64, 0x58, 0xE8, 0x38, 0x9E, 0xB9, 0x68, 0x66,
    0xC7, 0xCD, 0x21, 0xDF, 0x0C, 0xCD, 0xCD, 0x68, 0x00, 0xED, 0x0C, 0xA1, 0xA7, 0x66, 0xA4, 0x05,
    0xD0, 0x24, 0xE8, 0x14, 0x17, 0xE3, 0x0A, 0x1E, 0xF0, 0x01, 0x7D, 0x96, 0x34, 0x00, 0x3F, 0xC3,
    0xB9, 0x80, 0x66, 0xD8, 0x55, 0xC2, 0xB0, 0x25, 0x54, 0xEF, 0x8D, 0x00, 0x4D, 0x95, 0xAB, 0x62,
    0xA2, 0xF0, 0x44, 0x11, 0x05, 0x3A, 0x21, 0x6B, 0x21, 0x5F, 0xE7, 0xC6, 0xBE, 0x4F, 0x5C, 0x54,
    0xBF, 0x32, 0xD7, 0xBC, 0x32, 0xB8, 0xE8, 0x8F, 0xC6, 0x25, 0x0D, 0x32, 0xFA, 0xA3, 0x11, 0xB9,
    0xCB, 0x4A, 0x58, 0x0A, 0x1A, 0xC9, 0x44, 0xCD, 0xCE, 0x84, 0x33, 0x30, 0xA5, 0xE2, 0xC9, 0x52,
    0xF4, 0xB7, 0x27, 0xF4, 0x4D, 0x3F, 0xA4, 0x89, 0x17, 0xC5, 0xA8, 0x3C, 0xD5, 0xA2, 0xBA, 0x84,
    0x81, 0xF0, 0xA0, 0xD0, 0x2E, 0xD7, 0x41, 0x21, 0x01, 0x2C, 0x28, 0x94, 0xA2, 0x90, 0xD6, 0x69,
    0xF1, 0x05, 0x3B, 0xFF, 0x73, 0xFF, 0xFD, 0x8F, 0x59, 0x25, 0x1D, 0x0C, 0xE0, 0x84, 0x3A, 0x27,
    0x82, 0x5D, 0x95, 0x99, 0x8F, 0xE9, 0xE3, 0xD7, 0x9F, 0xD4, 0xAE, 0x9D, 0x3F, 0x67, 0xCA, 0xE3,
    0xA2, 0x11, 0xED, 0x49, 0xB1, 0xEC, 0xC6, 0xEB, 0xDD, 0x74, 0xDD, 0x4E, 0xE9, 0x0B, 0xCD, 0x8B,
    0x74, 0x33, 0x49, 0xCD, 0x3F, 0x35, 0x58, 0xF5, 0xDC, 0x76, 0x19, 0x83, 0x6A, 0x1D, 0x60, 0x17,
    0x00, 0x3D, 0xDE, 0xE1, 0x16, 0xC5, 0xC0, 0x26, 0xF3, 0x70, 0x3E, 0x23, 0x96, 0xC8, 0xAE, 0xC6,
    0xE2, 0x99, 0xC2, 0xC5, 0x54, 0x41, 0xAC, 0x92, 0xB9, 0xC0, 0xB4, 0x80, 0x5A, 0x11, 0x6A, 0x05,
    0x85, 0x51, 0x02, 0x0F, 0xB5, 0xDC, 0x81, 0xA1, 0xD0, 0x25, 0x55, 0x62, 0x0B, 0xEA, 0xC2, 0xD2,
    0x5F, 0xE8, 0xE6, 0x74, 0xB7, 0x9B, 0x13, 0x5D, 0x39, 0x20, 0xBA, 0x72, 0x40, 0x18, 0xBA, 0x39,
    0x61, 0xB0, 0xCA, 0x42, 0x7C, 0xA1, 0xFB, 0xFB, 0x9C, 0xCA, 0x3D, 0xA0, 0x86, 0x95, 0x6F, 0x3C,
    0x06, 0xBA, 0xE2, 0x22, 0xE4, 0x89, 0xF0, 0x0D, 0x1C, 0xD8, 0x32, 0x76, 0x53, 0xE7, 0x46, 0xEC,
    0xA7, 0xAE, 0x17, 0x5F, 0x16, 0xCF, 0x79, 0xF1, 0x3A, 0x9C, 0x90, 0x5D, 0x00, 0x42, 0xE3, 0xBD,
    0x46, 0x68, 0xBC, 0x37, 0x1E, 0x97, 0xD0, 0xD6, 0x96, 0xB5, 0xE9, 0x55, 0x1E, 0x4D, 0x95, 0xC1,
    0x60, 0xD7, 0xAF, 0xC4, 0xBF, 0x93, 0x35, 0xCC, 0xA9, 0x73, 0x0A, 0xBB, 0x10, 0xBB, 0x34, 0x66,
    0x70, 0x1F, 0xCF, 0xCF, 0x67, 0xD6, 0x80, 0xCA, 0x6E, 0x09, 0xFA, 0xC1, 0x77, 0xA5, 0xA0, 0xE2,
    0x6E, 0x48, 0xE5, 0x9D, 0x98, 0x2A, 0x74, 0x63, 0xAA, 0xE1, 0xC4, 0x54, 0xC5, 0x0D, 0xF9, 0x29,
    0x95, 0x1B, 0x12, 0x7B, 0x56, 0xA6, 0xC4, 0xEB, 0x3D, 0x02, 0x20, 0x73, 0xD1, 0x17, 0x93, 0xE3,
    0x4F, 0x8D, 0x1C, 0x58, 0x69, 0x1A, 0xEE, 0xF8, 0x26, 0x5B, 0x93, 0x3F, 0x8B, 0xCA, 0x0F, 0x71,
    0xBF, 0xD3, 0x58, 0x06, 0x65, 0x4E, 0x07, 0x4D, 0x83, 0x63, 0xCA, 0xC0, 0xC3, 0x2E, 0x26, 0x79,
    0xB7, 0x31, 0x77, 0x53, 0x85, 0x46, 0x98, 0xBF, 0x9D, 0xE9, 0x39, 0x44, 0x48, 0xB6, 0xB3, 0xDC,
    0x65, 0x03, 0x60, 0x86, 0xA3, 0x38, 0xB8, 0x0D, 0x43, 0xFD, 0x1C, 0x2A, 0x3D, 0x0B, 0xCC, 0xEE,
    0x0C, 0xCC, 0x4E, 0x68, 0x6C, 0x84, 0x45, 0xDF, 0x9E, 0xA4, 0x71, 0x27, 0x8E, 0x80, 0x0B, 0x0F,
    0x2D, 0xD8, 0x10, 0xF8, 0x07, 0x96, 0xBC, 0x4F, 0xB6, 0x76, 0xE8, 0xD0, 0x90, 0x1D, 0xA0, 0x8F,
    0x01, 0xF8, 0xA7, 0x25, 0xF7, 0x8D, 0x0B, 0x61, 0x81, 0xAE, 0x90, 0xE0, 0xFF, 0x9F, 0x78, 0xDE,
    0x03, 0x2A, 0x42, 0x7A, 0xA5, 0x9A, 0xF3, 0x31, 0x63, 0x7E, 0xC6, 0xDF, 0x13, 0xA2, 0xDA, 0x15,
    0x44, 0x5C, 0xC2, 0xC8, 0x92, 0x22, 0xDC, 0x5E, 0x54, 0x58, 0x5C, 0x3C, 0x27, 0x22, 0x3F, 0x7E,
    0x2C, 0x7F, 0xE8, 0xAC, 0xBB, 0xD9, 0x9C, 0xBF, 0x7B, 0xDE, 0xDD, 0xCA, 0xBB, 0x9B, 0x7B, 0x32,
    0xA3, 0x3F, 0xFF, 0x6E, 0x96, 0xCC, 0x2D, 0x89, 0x3F, 0xB1, 0x44, 0x0E, 0x45, 0x42, 0xDD, 0x80,
    0x41, 0x4C, 0x93, 0x10, 0xFC, 0x69, 0xDB, 0x5C, 0x35, 0x99, 0xEF, 0x43, 0xF2, 0xD4, 0x0A, 0xBA,
    0x72, 0x19, 0x7A, 0x79, 0x12, 0xFB, 0x39, 0x59, 0x9B, 0x2C, 0x48, 0x83, 0x41, 0x90, 0x2D, 0xC5,
    0x4B, 0x9B, 0xF4, 0x3F, 0x7D, 0x8B, 0x52, 0xDC, 0xA7, 0x32, 0x31, 0xCA, 0x3A, 0x25, 0x4D, 0x4A,
    0x87, 0x35, 0xD5, 0x1F, 0x32, 0x1E, 0x8B, 0x7D, 0xF4, 0x92, 0xF1, 0x33, 0x1D, 0xD0, 0x7B, 0x9A,
    0xE6, 0x79, 0xEA, 0x06, 0xEA, 0xE5, 0xD0, 0x87, 0xA1, 0x22, 0x1C, 0xE4, 0x2B, 0x0D, 0x82, 0xD0,
    0xCD, 0x22, 0x5C, 0x62, 0xFE, 0xB5, 0x24, 0x2E, 0x6C, 0x2E, 0x7A, 0x0E, 0x1C, 0x7C, 0xA5, 0xFE,
    0x20, 0x38, 0xE2, 0xB5, 0x46, 0x4C, 0x33, 0xAC, 0xE8, 0x24, 0x50, 0xC6, 0x3B, 0x50, 0x3E, 0x9A,
    0x8C, 0xA9, 0xE3, 0xDC, 0x8F, 0x06, 0x53, 0xC6, 0xC1, 0xD3, 0x97, 0x6F, 0xAE, 0x58, 0x5D, 0xF0,
    0x18, 0x83, 0x70, 0xEC, 0x12, 0xCD, 0x75, 0x87, 0x96, 0x1E, 0x09, 0x29, 0x22, 0xB9, 0xD8, 0xC2,
    0x81, 0x8D, 0x23, 0x1A, 0x34, 0x14, 0x88, 0x0A, 0x09, 0xEC, 0xC8, 0x0F, 0x61, 0x8A, 0x3E, 0x7A,
    0xFF, 0xB0, 0x84, 0x1B, 0x54, 0x88, 0x11, 0xCC, 0x0D, 0xF4, 0xC6, 0xA0, 0x9F, 0x76, 0x47, 0x30,
    0x56, 0x90, 0x26, 0x18, 0xA2, 0xEF, 0x64, 0xA0, 0xAC, 0xA0, 0xAB, 0xE0, 0x00, 0xF4, 0x5B, 0x30,
    0x25, 0x6E, 0xBC, 0x1D, 0xF2, 0x09, 0x6A, 0x8F, 0x84, 0x0C, 0x2A, 0x57, 0x82, 0x27, 0xEB, 0xB6,
    0xE1, 0x0A, 0xE3, 0x91, 0x19, 0x0B, 0x6A, 0xA1, 0x78, 0x8B, 0xA8, 0x04, 0xB3, 0x97, 0x2C, 0x6B,
    0xDE, 0xD8, 0xF6, 0xE3, 0xCB, 0x50, 0x68, 0x0E, 0x5B, 0x5F, 0x98, 0xCF, 0x6A, 0xFC, 0x0B, 0x73,
    0xDB, 0xFE, 0x42, 0x9C, 0x77, 0xD4, 0x17, 0x47, 0x7D, 0x01, 0xFF, 0xEA, 0x0B, 0x89, 0x60, 0xA9,
    0x2F, 0x6E, 0x66, 0x95, 0xEA, 0xCB, 0x40, 0x7D, 0x21, 0x29, 0xEC, 0xC9, 0x2F, 0xDC, 0x5A, 0x10,
    0xEA, 0xE7, 0x9F, 0x16, 0x82, 0xE5, 0xFA, 0x19, 0x74, 0x08, 0xA2, 0xF1, 0x60, 0x66, 0xE9, 0xBE,
    0xCB, 0x73, 0x43, 0x32, 0xBF, 0x6B, 0xA9, 0x2B, 0xA1, 0x82, 0x5D, 0xA8, 0xDC, 0x7D, 0x52, 0xE7,
    0xAB, 0xFB, 0xC2, 0xF5, 0xDF, 0x12, 0xEE, 0xCE, 0x0D, 0x52, 0xC1, 0x84, 0xD5, 0xB4, 0x03, 0xF5,
    0xE4, 0x6E, 0x5E, 0xD4, 0xB5, 0x51, 0x4C, 0xF3, 0xA4, 0x45, 0xFE, 0x28, 0xC6, 0x48, 0x4E, 0xE8,
    0xBA, 0x9F, 0x64, 0xC3, 0x77, 0x84, 0x92, 0x5B, 0xC9, 0xAA, 0x04, 0xF5, 0xE0, 0x82, 0xC0, 0x21,
    0x91, 0xA1, 0x25, 0x8F, 0xB6, 0x69, 0xD5, 0x7C, 0x7F, 0x60, 0x3D, 0xCC, 0x9C, 0x77, 0x07, 0xF6,
    0x51, 0xEE, 0xBC, 0x9B, 0xDA, 0x7F, 0xD0, 0x90, 0x58, 0xB6, 0x1F, 0x66, 0x58, 0x55, 0x48, 0x5E,
    0xE1, 0x51, 0x7F, 0x78, 0x07, 0xDB, 0xB0, 0x5B, 0x93, 0xAA, 0x10, 0x44, 0x3F, 0xD8, 0xC7, 0x32,
    0xE3, 0x9B, 0x24, 0xB7, 0x57, 0x43, 0xD4, 0xF3, 0xF7, 0xC4, 0x3B, 0x2C, 0x79, 0xE8, 0x0F, 0xE0,
    0xEE, 0xD3, 0xB4, 0x2A, 0x4B, 0x9F, 0xBB, 0xF6, 0x63, 0x59, 0x05, 0xE8, 0xDA, 0x07, 0x1F, 0x56,
    0x65, 0xF4, 0x2C, 0x8C, 0x18, 0xB5, 0x71, 0xC2, 0xD6, 0x8C, 0x9A, 0xF6, 0x8E, 0xFA, 0x52, 0xF0,
    0x17, 0xAC, 0xF1, 0x31, 0x93, 0x62, 0x61, 0xC2, 0x5C, 0xD8, 0xF2, 0x60, 0xFB, 0xA8, 0x8F, 0x25,
    0xF2, 0x3E, 0xFA, 0xB8, 0x2E, 0x84, 0x7B, 0x83, 0x3B, 0xBB, 0x34, 0x5F, 0x76, 0xF1, 0xA5, 0xCB,
    0x77, 0x1C, 0x89, 0x2F, 0x54, 0xC6, 0x56, 0xD5, 0x73, 0x25, 0xB5, 0x5A, 0x24, 0x1C, 0xEC, 0x1C,
    0x6D, 0x2F, 0xEE, 0xF5, 0x28, 0x71, 0xF7, 0xDF, 0xFF, 0x94, 0xC3, 0x06, 0xAE, 0xEE, 0xDA, 0xA1,
    0x23, 0xBF, 0x8E, 0x49, 0xFD, 0x7C, 0xD6, 0x79, 0x47, 0x7C, 0x37, 0x3C, 0xA6, 0x6B, 0x23, 0xCC,
    0x30, 0x92, 0x1E, 0xEF, 0xFF, 0xB7, 0xB3, 0xFF, 0xAB, 0xCA, 0xBD, 0x2A, 0xCB, 0x73, 0xFE, 0x8D,
    0x9C, 0x9A, 0x6C, 0xF3, 0x74, 0xA3, 0x76, 0x0E, 0x0D, 0x1A, 0xCA, 0x96, 0x84, 0x98, 0x35, 0xC9,
    0xBC, 0x1F, 0xFA, 0xDE, 0x7E, 0xFC, 0x2C, 0xAD, 0xE6, 0xE9, 0xAA, 0x7C, 0x7F, 0x27, 0x77, 0x93,
    0x9D, 0xB8, 0x8B, 0x55, 0x1C, 0x66, 0xB8, 0x63, 0xD5, 0xE7, 0xA4, 0x34, 0xEE, 0x12, 0x8D, 0xFD,
    0x94, 0x68, 0x64, 0x9E, 0x2F, 0x0B, 0xA2, 0xF1, 0xCA, 0x89, 0x69, 0xF8, 0xF9, 0xF4, 0x35, 0xF1,
    0x49, 0x52, 0xA7, 0x3A, 0xC9, 0x35, 0x55, 0x71, 0x06, 0xEE, 0x96, 0xEF, 0xA9, 0xB1, 0x8F, 0xFE,
    0x1D, 0x8F, 0x73, 0x66, 0x19, 0x77, 0x14, 0x8E, 0x68, 0x83, 0xE6, 0x33, 0xB9, 0x68, 0x20, 0x8B,
    0x62, 0x84, 0x6F, 0x81, 0x8B, 0xF0, 0x7C, 0xB0, 0x50, 0x54, 0x60, 0x8D, 0xFC, 0x22, 0x7C, 0xBC,
    0x7C, 0xBA, 0xB0, 0x97, 0x47, 0xE4, 0xBD, 0x86, 0xB3, 0xC0, 0x22, 0xBA, 0x74, 0x6F, 0x6E, 0xB5,
    0x85, 0x72, 0x38, 0xE4, 0xEC, 0x93, 0xE7, 0x57, 0x27, 0x0A, 0xD5, 0x35, 0xD8, 0xDE, 0x50, 0x9C,
    0x37, 0xC4, 0x1E, 0xA1, 0xEE, 0xF7, 0x44, 0x54, 0x88, 0x68, 0x87, 0x04, 0xE6, 0xA7, 0x9E, 0x1C,
    0x90, 0x03, 0xF5, 0x77, 0xEA, 0xD9, 0x53, 0xA2, 0x5B, 0x93, 0x9B, 0x47, 0xE6, 0x21, 0xC8, 0x83,
    0x1D, 0xF2, 0x43, 0x7B, 0x56, 0x69, 0x15, 0x1B, 0x62, 0x68, 0x15, 0x3D, 0x11, 0xBC, 0x99, 0x93,
    0xF3, 0x4A, 0x4A, 0x97, 0x77, 0x65, 0x4C, 0x8E, 0x28, 0xD5, 0xF9, 0x0E, 0x7B, 0x4D, 0xEC, 0xEF,
    0xC1, 0xD9, 0x7F, 0x17, 0xF6, 0xF1, 0x07, 0x34, 0xEF, 0xFA, 0xDD, 0xEC, 0x9C, 0x08, 0xEC, 0x3C,
    0x50, 0xE0, 0xCF, 0xAC, 0x7C, 0x19, 0xCE, 0xFE, 0x1E, 0xBC, 0x69, 0x70, 0x29, 0xCB, 0xC6, 0x87,
    0x4E, 0x69, 0xC5, 0x14, 0x90, 0xA7, 0xE5, 0xA6, 0xF8, 0xE7, 0xA5, 0x7E, 0x8C, 0x60, 0xDC, 0x1D,
    0xBA, 0x7B, 0x87, 0xEE, 0xB3, 0xD5, 0x12, 0x7F, 0xD5, 0xF8, 0xAE, 0x95, 0x06, 0x8E, 0x2C, 0x5B,
    0x22, 0x76, 0x21, 0xA2, 0xFB, 0x1F, 0xA1, 0x59, 0xE1, 0xB0, 0x1B, 0x24, 0x16, 0xEB, 0x04, 0xCD,
    0x69, 0xB7, 0x68, 0xED, 0x48, 0x12, 0x39, 0xEA, 0x5E, 0xEF, 0x25, 0x6A, 0x94, 0x97, 0xC5, 0xD5,
    0x42, 0xD5, 0xE8, 0xBC, 0x4D, 0x4F, 0x7D, 0x79, 0xCF, 0x6B, 0x9E, 0xD6, 0xF4, 0xD4, 0xD7, 0x81,
    0x8F, 0xA5, 0xB6, 0x17, 0xCD, 0x3F, 0xA9, 0x4E, 0x6A, 0x16, 0xA5, 0x64, 0x8B, 0x3B, 0x6F, 0x7B,
    0x3F, 0x81, 0x03, 0xD3, 0x42, 0x60, 0x63, 0xF2, 0xA2, 0x25, 0xA1, 0x58, 0xDA, 0x39, 0x18, 0x47,
    0xF0, 0x4C, 0x4D, 0x08, 0x54, 0x4D, 0x78, 0xA1, 0x16, 0x24, 0xE0, 0xE8, 0x1B, 0x77, 0x90, 0x2A,
    0x87, 0x4E, 0xA3, 0xEE, 0x2B, 0x75, 0x44, 0x04, 0x8E, 0xFB, 0x08, 0xC1, 0x5A, 0x5F, 0xAB, 0xEF,
    0x7C, 0x79, 0x17, 0xE0, 0xBB, 0x00, 0x7C, 0xDF, 0xFE, 0xE5, 0x38, 0xBE, 0xED, 0x9A, 0xF0, 0xB1,
    0xA5, 0x85, 0x97, 0x3F, 0x89, 0xAF, 0x52, 0xFA, 0x32, 0xFA, 0x64, 0x3A, 0xA0, 0x74, 0x85, 0x84,
    0xF0, 0xE4, 0xAF, 0x7E, 0xD7, 0xA2, 0x91, 0x00, 0x0D, 0x4D, 0x44, 0x17, 0xBF, 0x35, 0x6C, 0xF1,
    0x9C, 0x1C, 0xF5, 0x4D, 0x38, 0x2E, 0x9C, 0xA2, 0xD1, 0xD5, 0xED, 0x48, 0x78, 0xD3, 0x56, 0x5F,
    0x92, 0x92, 0x5A, 0xD4, 0xB0, 0x85, 0x6E, 0xD8, 0x0D, 0x4C, 0x7F, 0x2B, 0x18, 0xA7, 0x73, 0x1F,
    0xE8, 0x4F, 0xA0, 0x41, 0xE7, 0xED, 0x1E, 0xBA, 0xB6, 0x9A, 0xEA, 0x99, 0xCE, 0x76, 0x0E, 0x8D,
    0xC8, 0x8D, 0x46, 0x5C, 0x85, 0x46, 0x78, 0x3B, 0xC5, 0xA8, 0xAA, 0x10, 0x7F, 0x7C, 0x6C, 0xCF,
    0x10, 0x1B, 0xD0, 0xCE, 0xC3, 0xAB, 0x5A, 0x3B, 0x2D, 0x72, 0x05, 0x56, 0xC8, 0x31, 0x3D, 0x53,
    0xCF, 0x2C, 0xC4, 0x77, 0x93, 0x15, 0xB8, 0xA9, 0xB6, 0xCD, 0xD5, 0x8C, 0x02, 0x87, 0x58, 0xD3,
    0xF1, 0xE8, 0xE7, 0xA7, 0x3C, 0x5C, 0x78, 0x6E, 0x38, 0xA3, 0xFA, 0xAC, 0x50, 0xC3, 0x89, 0x5E,
    0x28, 0x34, 0x1B, 0x58, 0x7F, 0xC1, 0xBA, 0x52, 0x07, 0x9D, 0x5B, 0x31, 0xF5, 0x2E, 0xBC, 0xCD,
    0x8B, 0xBF, 0x42, 0x23, 0x38, 0xFA, 0x07, 0x19, 0xBE, 0x2A, 0x10, 0x4F, 0x51, 0x43, 0x0A, 0xE5,
    0xBC, 0x21, 0xE3, 0xA7, 0x5B, 0xF5, 0xD5, 0x94, 0x64, 0x74, 0xA9, 0x1C, 0x4D, 0x29, 0x04, 0xEC,
    0xF1, 0xC9, 0x54, 0xB1, 0x81, 0x7B, 0x51, 0x81, 0xA7, 0xE4, 0xD3, 0x85, 0x42, 0xC2, 0x92, 0xC0,
    0x2B, 0x55, 0x58, 0x18, 0xDF, 0xE9, 0x91, 0x4E, 0xC8, 0xB6, 0x70, 0x32, 0x9D, 0xD9, 0x5B, 0x9F,
    0x05, 0xAA, 0xD1, 0x67, 0x1E, 0xD2, 0x28, 0x15, 0xB3, 0x01, 0x1C, 0xC5, 0x70, 0x04, 0x26, 0x8D,
    0xEA, 0x82, 0xA7, 0xFC, 0xF3, 0xE4, 0xE0, 0x8C, 0x84, 0xD8, 0x1D, 0x98, 0x09, 0xEE, 0xC2, 0x47,
    0x6C, 0xC1, 0xB4, 0xA9, 0x60, 0x2A, 0x2F, 0x2C, 0x03, 0x4A, 0xB4, 0x16, 0x1D, 0x83, 0x8D, 0x45,
    0xD7, 0xF0, 0x44, 0x65, 0x26, 0x3B, 0xE3, 0xB6, 0x43, 0xF3, 0x31, 0xC0, 0x52, 0xBD, 0x73, 0x30,
    0x35, 0xED, 0x3B, 0x6C, 0xCE, 0xB0, 0x34, 0xDA, 0x80, 0xA6, 0x37, 0x85, 0xC5, 0xBA, 0x0B, 0xBF,
    0x92, 0xB7, 0x27, 0xCA, 0xE3, 0xBA, 0x79, 0xA6, 0x41, 0x39, 0x7F, 0x93, 0x3D, 0xEF, 0x81, 0x1A,
    0x53, 0xCE, 0x11, 0xB9, 0xFE, 0x64, 0xAD, 0x5F, 0x39, 0x0B, 0x2A, 0xFE, 0xB0, 0x81, 0x51, 0xF3,
    0x6A, 0x69, 0x54, 0x89, 0x87, 0x4E, 0xC0, 0x9B, 0x0A, 0x08, 0x77, 0xED, 0xBA, 0xC4, 0xF8, 0x53,
    0xE7, 0xCE, 0x84, 0x9E, 0xEB, 0xF6, 0x7C, 0x83, 0xCF, 0xBF, 0xD3, 0xA8, 0x2B, 0xA8, 0x75, 0x0B,
    0xC3, 0x81, 0x08, 0x4F, 0x8D, 0x9E, 0x0B, 0xA0, 0x8B, 0x3B, 0x03, 0x8D, 0x45, 0x4D, 0x3D, 0x88,
    0x8C, 0x0A, 0xAF, 0x19, 0x17, 0x1E, 0x7C, 0x8C, 0xE7, 0xBE, 0x48, 0xE0, 0xCB, 0xD6, 0x99, 0x5A,
    0xBC, 0x41, 0xAF, 0x8D, 0x31, 0x37, 0x13, 0xE2, 0x7E, 0xDE, 0x65, 0xD3, 0x42, 0xCF, 0xB9, 0x58,
    0x30, 0xEF, 0xC4, 0x58, 0xCB, 0x10, 0x47, 0xFD, 0x7E, 0x7C, 0xE6, 0xFE, 0xF8, 0x9A, 0xD8, 0x10,
    0xD6, 0xD7, 0x5E, 0xA6, 0x35, 0xD4, 0xC3, 0x61, 0x25, 0xFE, 0x24, 0xF8, 0x9F, 0x1F, 0x11, 0xB8,
    0xFE, 0x23, 0xE1, 0x1E, 0x0D, 0x7F, 0x44, 0x93, 0xED, 0x93, 0xA7, 0x44, 0x6A, 0xFD, 0xCB, 0x37,
    0x62, 0x2C, 0xB5, 0x32, 0x61, 0x3F, 0xF8, 0x24, 0x17, 0xF6, 0x2F, 0x3E, 0x98, 0x02, 0x9D, 0x30,
    0x5C, 0x39, 0xAD, 0x12, 0xC2, 0x79, 0xE6, 0x26, 0xFE, 0x12, 0x07, 0x8C, 0x9F, 0x03, 0x28, 0x4D,
    0xAC, 0x98, 0x6D, 0x33, 0xBB, 0x2B, 0x76, 0x6A, 0xC0, 0x59, 0x5A, 0xE3, 0xCB, 0xC6, 0xBF, 0xE3,
    0xA5, 0x20, 0xE9, 0xE8, 0x24, 0x02, 0xBE, 0xCF, 0x9D, 0x82, 0x08, 0xC7, 0xC4, 0x53, 0xBB, 0x30,
    0xBE, 0x02, 0x3B, 0x80, 0xF6, 0xF1, 0xD3, 0xEA, 0x19, 0xDC, 0x27, 0x1D, 0x65, 0xD4, 0xCA, 0x31,
    0x55, 0x24, 0x0A, 0xB5, 0x93, 0xB3, 0xDA, 0x76, 0x72, 0x76, 0xE0, 0xE4, 0x78, 0x73, 0x9C, 0x1C,
    0x35, 0x22, 0xD9, 0xA9, 0x8C, 0x17, 0xAA, 0xCA, 0x69, 0xDA, 0xD4, 0xC4, 0x74, 0xE7, 0x56, 0xBB,
    0x44, 0xE0, 0x12, 0x7D, 0xBB, 0x44, 0x3F, 0x1D, 0x29, 0x7F, 0x4B, 0x45, 0xEE, 0x09, 0xE5, 0x6F,
    0xF0, 0x37, 0xBA, 0xA7, 0xA0, 0x2E, 0xA7, 0x6A, 0x4C, 0xA3, 0x7A, 0x95, 0xEF, 0x1D, 0xF2, 0x83,
    0x92, 0x2B, 0x94, 0xD8, 0x8E, 0xE6, 0xED, 0x20, 0x02, 0xF8, 0x76, 0x01, 0xF7, 0xF8, 0x29, 0x97,
    0x7B, 0x75, 0x01, 0x57, 0x1D, 0xA1, 0xA3, 0xCF, 0x09, 0xFD, 0x84, 0xEB, 0x45, 0xCE, 0xF3, 0xA6,
    0x88, 0xB0, 0x01, 0x1B, 0xD5, 0x5C, 0x83, 0xBE, 0x76, 0x12, 0x0E, 0x47, 0x24, 0x2A, 0x5C, 0xCC,
    0x11, 0xDA, 0xD9, 0x0B, 0xAF, 0xF6, 0xBD, 0x27, 0x9B, 0x5D, 0x81, 0x08, 0x33, 0xC6, 0x18, 0x2A,
    0xA2, 0xC4, 0x11, 0xE0, 0x71, 0x92, 0x74, 0x89, 0x08, 0xFE, 0xDA, 0xCB, 0x73, 0xD7, 0x75, 0x8F,
    0xCE, 0xFD, 0x05, 0x00, 0xF7, 0xF5, 0x29, 0x54, 0x98, 0x27, 0x27, 0xEF, 0xF1, 0xC0, 0x7B, 0x82,
    0xAE, 0xB3, 0xC8, 0x71, 0x0E, 0x72, 0xB8, 0xF1, 0xE9, 0x08, 0x19, 0x5A, 0x22, 0x17, 0x5F, 0x45,
    0xF4, 0x0A, 0x71, 0xFD, 0x24, 0x27, 0x63, 0xA1, 0x02, 0x30, 0x70, 0xB1, 0xB0, 0xEC, 0x4B, 0x0A,
    0x11, 0x54, 0xD8, 0xEB, 0x89, 0x06, 0x98, 0xE4, 0xA3, 0x18, 0x8B, 0x85, 0xA0, 0x70, 0x39, 0xCE,
    0xC4, 0x91, 0x1A, 0x99, 0xFB, 0x54, 0xD5, 0xAB, 0x11, 0x91, 0xEB, 0xC8, 0x0C, 0xB1, 0x08, 0x3F,
    0xEF, 0x0E, 0x79, 0x20, 0x6D, 0xF0, 0xC0, 0xFF, 0xBC, 0xA2, 0x78, 0x4D, 0xC0, 0x5C, 0xCE, 0xC0,
    0x90, 0xE4, 0x08, 0x5B, 0xB9, 0xD3, 0x18, 0xDC, 0x71, 0xAE, 0x62, 0x49, 0x63, 0xB2, 0x84, 0x83,
    0x2B, 0x53, 0xE2, 0xCA, 0xAF, 0xBA, 0x0D, 0x57, 0xC8, 0x81, 0x00, 0xA1, 0xCF, 0xC1, 0x28, 0x55,
    0xB0, 0x46, 0x4E, 0x8E, 0x3F, 0xFA, 0x42, 0x3F, 0x83, 0xA1, 0x88, 0x12, 0x91, 0x44, 0xA2, 0x0E,
    0xC2, 0xE6, 0x8F, 0x7E, 0xD2, 0x4D, 0x32, 0xEA, 0x3E, 0x47, 0x1C, 0x88, 0x27, 0x9A, 0x92, 0xDC,
    0x02, 0xF3, 0xE0, 0xC5, 0xA7, 0xC6, 0xF6, 0xBE, 0x19, 0xD0, 0x1A, 0xE3, 0xEB, 0xE4, 0x19, 0x07,
    0xD3, 0x9E, 0xF1, 0xC8, 0xE6, 0x39, 0x87, 0x2D, 0xCF, 0x58, 0x6E, 0xD3, 0xE8, 0x09, 0x30, 0xAC,
    0xF6, 0x9A, 0x85, 0xED, 0xED, 0x09, 0x07, 0xAA, 0x93, 0x35, 0xB6, 0xE8, 0x23, 0x3D, 0xA2, 0xB8,
    0x7F, 0x11, 0x0A, 0xEA, 0x20, 0x86, 0xE6, 0x63, 0xB3, 0x22, 0x2A, 0xE1, 0x0B, 0x7E, 0x80, 0xC6,
    0x47, 0x84, 0xAC, 0xCB, 0xBA, 0xE0, 0x61, 0xC0, 0x21, 0x80, 0x2E, 0xFC, 0xE7, 0x25, 0x76, 0x33,
    0x89, 0xD0, 0x57, 0x47, 0x98, 0xBF, 0x24, 0x68, 0xF9, 0x1E, 0xA0, 0xB1, 0x97, 0xA1, 0x9D, 0x68,
    0x50, 0x44, 0x24, 0x49, 0x75, 0xB1, 0xB1, 0x0E, 0x0C, 0xCE, 0xEF, 0xE0, 0xCE, 0xFE, 0x94, 0x80,
    0x07, 0x2C, 0x01, 0xCD, 0x07, 0x0E, 0x53, 0x63, 0xAD, 0x43, 0xD9, 0x7F, 0x6E, 0x44, 0xEB, 0x0E,
    0xCC, 0xF4, 0x65, 0xDA, 0x05, 0xE3, 0xC1, 0x7B, 0x4D, 0x28, 0x76, 0xA1, 0xED, 0xAC, 0xA2, 0x01,
    0x94, 0x95, 0xA9, 0xF1, 0x7C, 0xE0, 0xE3, 0x27, 0xBC, 0x31, 0x6E, 0x18, 0xA2, 0xF6, 0x13, 0x1A,
    0x3D, 0x6E, 0xDA, 0x99, 0xD2, 0xC9, 0x5E, 0xB3, 0x4D, 0xF9, 0x95, 0x11, 0x8D, 0xDB, 0xD0, 0x4F,
    0xA0, 0xDA, 0x64, 0x7C, 0x85, 0x50, 0x2A, 0xCF, 0xCA, 0xAF, 0x66, 0x2E, 0xF7, 0x3E, 0x8F, 0x05,
    0x4E, 0xA7, 0x88, 0x35, 0xE3, 0x08, 0x72, 0x3E, 0xB9, 0x27, 0x66, 0x4F, 0xC3, 0x6A, 0x37, 0x59,
    0x2F, 0xD3, 0x30, 0x9C, 0x3B, 0xC9, 0x34, 0xF7, 0x3C, 0x9C, 0xC3, 0x16, 0xF7, 0x7A, 0x32, 0x4A,
    0xD4, 0x2C, 0xB0, 0x38, 0x6E, 0xA0, 0xC6, 0xEF, 0x26, 0x73, 0xB0, 0xD9, 0xE2, 0x59, 0x8D, 0xDF,
    0xAB, 0xD3, 0x3C, 0x6F, 0x9A, 0x6A, 0x8B, 0x31, 0x3F, 0x52, 0xDB, 0x3B, 0xEF, 0xE9, 0xB6, 0xEF,
    0x24, 0x71, 0x8B, 0x06, 0xEA, 0xBE, 0xBC, 0x0B, 0x1A, 0x8F, 0xAF, 0xED, 0x3B, 0xC3, 0x96, 0x1C,
    0xD1, 0x43, 0x2A, 0xF7, 0xB7, 0x39, 0xD1, 0x30, 0x6D, 0x7F, 0x49, 0x28, 0xB3, 0x03, 0x54, 0xC4,
    0xDE, 0x21, 0x31, 0x4A, 0xE6, 0x88, 0x83, 0x08, 0x09, 0x46, 0xD5, 0x25, 0x36, 0x4F, 0x04, 0xC9,
    0x9C, 0x50, 0x39, 0x32, 0x2C, 0x3E, 0xA1, 0x3A, 0x64, 0xD3, 0x73, 0x38, 0x69, 0x80, 0xB8, 0xB0,
    0x32, 0x40, 0xA5, 0x31, 0x40, 0xCA, 0x6E, 0x29, 0x73, 0x57, 0x18, 0x7C, 0x4E, 0xAB, 0x1A, 0xA3,
    0x62, 0xA4, 0x8C, 0x7E, 0xC3, 0xD8, 0x4B, 0x55, 0x78, 0x9C, 0xA1, 0x7B, 0xDC, 0x86, 0xBF, 0x9D,
    0xB0, 0x97, 0x66, 0x1A, 0x75, 0x63, 0xB3, 0x93, 0x18, 0x5C, 0xD2, 0x89, 0x53, 0x63, 0x62, 0x61,
    0xFA, 0xC2, 0xF8, 0x4D, 0x30, 0xFC, 0xC6, 0xC4, 0xB2, 0x1F, 0xA2, 0x5D, 0xF2, 0x96, 0x58, 0x3C,
    0x9C, 0xDD, 0xBB, 0x7A, 0x48, 0x8E, 0x89, 0x05, 0xE5, 0x79, 0x15, 0xBB, 0xD4, 0x6A, 0x2E, 0xD9,
    0xD5, 0x23, 0x7C, 0x92, 0x83, 0x57, 0x91, 0x6E, 0x10, 0x95, 0x81, 0x0E, 0x77, 0x8E, 0x0B, 0x2D,
    0xA7, 0x85, 0x06, 0xF1, 0x0D, 0xB0, 0x31, 0x29, 0x34, 0xA7, 0xDF, 0xE9, 0xAA, 0xBF, 0xE5, 0x14,
    0x2A, 0x9A, 0x1E, 0x20, 0xF4, 0x32, 0x84, 0x9E, 0xE4, 0x40, 0x0F, 0x26, 0xC8, 0xCF, 0x81, 0x07,
    0x0E, 0x05, 0x60, 0xA4, 0x74, 0xD9, 0x26, 0x72, 0xE3, 0xA7, 0xE2, 0x19, 0x4C, 0x39, 0x11, 0x26,
    0x1F, 0x35, 0xC0, 0xA4, 0x6A, 0xD9, 0x18, 0x26, 0x3E, 0x37, 0xBE, 0x7D, 0x47, 0x0A, 0xD3, 0x94,
    0x4E, 0xA8, 0xB7, 0x7B, 0xCD, 0x27, 0x54, 0xA1, 0x4D, 0x2C, 0xC1, 0x1A, 0x03, 0xA9, 0xD2, 0x58,
    0x94, 0x9F, 0x70, 0xC8, 0xE3, 0xE1, 0x88, 0x57, 0x0D, 0xA1, 0x8A, 0x14, 0xB0, 0xE4, 0x49, 0x1D,
    0xAA, 0xFD, 0x66, 0x95, 0xB8, 0x92, 0x9A, 0x40, 0xE3, 0x35, 0x61, 0x8C, 0x7F, 0xEB, 0x63, 0x35,
    0xC4, 0x23, 0x56, 0x15, 0xC1, 0x3B, 0x47, 0xE7, 0x55, 0x7A, 0x86, 0xE9, 0x0A, 0x56, 0xA9, 0xF3,
    0xBC, 0xC7, 0x71, 0x9E, 0x6E, 0xF6, 0xC8, 0xC3, 0x82, 0x07, 0x80, 0x58, 0x65, 0xE1, 0xA2, 0x89,
    0x9F, 0x0F, 0x39, 0xC8, 0xAF, 0xE7, 0xD1, 0xAE, 0x34, 0x8E, 0x83, 0x1A, 0xBB, 0xF6, 0x98, 0x58,
    0x2B, 0x0D, 0x2F, 0xEC, 0x5C, 0x06, 0x9C, 0xAD, 0xC3, 0xDB, 0xD4, 0x89, 0xFC, 0x57, 0xD3, 0x79,
    0x23, 0x61, 0x78, 0x92, 0xCE, 0xB8, 0x1C, 0x99, 0xA2, 0x98, 0x26, 0x80, 0x75, 0x8C, 0xEE, 0x97,
    0xE1, 0xD3, 0xD9, 0xE0, 0xCF, 0xE3, 0xF2, 0x85, 0x69, 0xA1, 0xF5, 0xA6, 0xD5, 0x1E, 0x59, 0x4A,
    0x55, 0x6E, 0x5C, 0x0E, 0xC2, 0xB2, 0x30, 0x3C, 0xF5, 0x88, 0x02, 0x8E, 0x8B, 0xA0, 0x3A, 0xEA,
    0x38, 0x6A, 0xA1, 0x59, 0xB7, 0x58, 0x6C, 0xB9, 0x3E, 0x46, 0x2E, 0xD3, 0x03, 0x63, 0x57, 0x5D,
    0x06, 0x6D, 0x9D, 0xE4, 0x8D, 0x01, 0x56, 0xCC, 0x4A, 0x03, 0xA5, 0x93, 0x36, 0x74, 0xD2, 0x7E,
    0x48, 0x63, 0xB7, 0xFB, 0x01, 0x26, 0xBC, 0x01, 0x72, 0x7D, 0x52, 0x6A, 0x30, 0x2F, 0x26, 0xA1,
    0xBD, 0x51, 0xFF, 0x3D, 0xA9, 0xC7, 0xE4, 0xF7, 0x30, 0x59, 0xAE, 0xF3, 0x8C, 0xD9, 0xC1, 0x2E,
    0xCD, 0xAF, 0x73, 0x9D, 0x1A, 0x63, 0xC9, 0xC2, 0xB8, 0xDC, 0x3C, 0xBA, 0xBD, 0x1D, 0x58, 0x6C,
    0x63, 0x70, 0x2D, 0xBE, 0x0F, 0x9E, 0xE0, 0xF2, 0xA8, 0xF9, 0xAA, 0x87, 0x0A, 0xDF, 0xC7, 0x98,
    0x78, 0x21, 0x33, 0xC1, 0x62, 0xA7, 0x09, 0x8F, 0x60, 0x97, 0x0E, 0xFB, 0xD9, 0x32, 0xF6, 0xD8,
    0x11, 0x61, 0x3F, 0xB1, 0x99, 0x18, 0xF6, 0x9A, 0x38, 0x3A, 0x07, 0x32, 0xFD, 0x83, 0x7E, 0x3F,
    0x44, 0x2A, 0x45, 0x6C, 0xF1, 0x8E, 0x1C, 0xB6, 0x43, 0x12, 0xBD, 0xD1, 0x58, 0x02, 0x0C, 0xF5,
    0xAE, 0x94, 0x5A, 0xB8, 0xE8, 0xA8, 0xFA, 0x68, 0x3A, 0xC3, 0x86, 0x09, 0xE7, 0x57, 0x56, 0x00,
    0x19, 0xFD, 0xFC, 0xE1, 0x28, 0x44, 0x9B, 0x19, 0xBE, 0x94, 0x8F, 0x14, 0xB3, 0xB1, 0xC1, 0xAC,
    0xA7, 0x58, 0x8B, 0x83, 0x74, 0x0F, 0xAC, 0x71, 0xC6, 0x14, 0x40, 0x87, 0xE4, 0xEA, 0xC1, 0x00,
    0x07, 0x2F, 0x70, 0x86, 0xF0, 0x91, 0x66, 0x8D, 0x25, 0xD2, 0x54, 0x1B, 0xCE, 0x97, 0x27, 0x7C,
    0x01, 0xCD, 0x8F, 0x79, 0xB2, 0xC7, 0xC4, 0x62, 0x80, 0x42, 0xCB, 0x61, 0xE7, 0x12, 0x80, 0xE4,
    0xE8, 0x66, 0x24, 0x87, 0x93, 0x72, 0xDA, 0x95, 0x8F, 0x2E, 0x8B, 0xC4, 0x5A, 0x72, 0xBF, 0x6E,
    0x84, 0x1E, 0x88, 0x31, 0x8F, 0xAC, 0xD1, 0x96, 0xCE, 0x96, 0x8E, 0x1C, 0x8D, 0x5A, 0x37, 0x9E,
    0xDF, 0xBA, 0xB1, 0xDE, 0x38, 0x0D, 0x9D, 0x91, 0x08, 0x66, 0x99, 0x16, 0xAA, 0x5C, 0x57, 0x9D,
    0x09, 0xDB, 0x62, 0x72, 0x76, 0x63, 0xF3, 0xCF, 0x44, 0xE5, 0x57, 0x8E, 0x31, 0x89, 0x0F, 0x2F,
    0x5A, 0x79, 0x5B, 0x58, 0xED, 0x0D, 0x0B, 0x04, 0x9D, 0x5A, 0x2D, 0xDE, 0x62, 0xB7, 0xDD, 0xE2,
    0x56, 0xD3, 0xE2, 0x6F, 0xE4, 0xD3, 0xEC, 0x82, 0xF4, 0x52, 0x72, 0x30, 0xCE, 0xAE, 0x9A, 0xD6,
    0x27, 0x3D, 0xD5, 0x16, 0x49, 0xA3, 0x3E, 0x8D, 0x44, 0xD8, 0x81, 0x14, 0x15, 0x44, 0xA8, 0x48,
    0x22, 0xAB, 0x20, 0xB4, 0xDC, 0x0B, 0x76, 0x3E, 0x2D, 0x11, 0x48, 0xAE, 0x11, 0xC9, 0x71, 0x89,
    0xAA, 0x19, 0x24, 0x1F, 0xA9, 0x17, 0x02, 0xF4, 0x82, 0x6C, 0x89, 0xC5, 0x4B, 0x73, 0x77, 0x1C,
    0xFB, 0xD9, 0x3B, 0x65, 0x0F, 0x9D, 0x52, 0xB7, 0x44, 0x60, 0xBD, 0x6C, 0x7C, 0xEF, 0xA9, 0x04,
    0x95, 0x27, 0xE8, 0xFA, 0x2A, 0x5D, 0x77, 0x76, 0x90, 0x28, 0x99, 0x05, 0xEB, 0x6E, 0x16, 0xFC,
    0xF5, 0xEC, 0x04, 0x95, 0xA9, 0xBA, 0xD1, 0x7E, 0xEB, 0x0A, 0x70, 0x85, 0x27, 0xAC, 0x7B, 0x8E,
    0x2E, 0x97, 0xAE, 0xE4, 0x3E, 0x5D, 0x44, 0xF7, 0x45, 0xAA, 0xF7, 0xCD, 0xD9, 0x75, 0xD7, 0xDA,
    0xD1, 0x85, 0x08, 0xD1, 0x85, 0x13, 0x67, 0x9B, 0xB5, 0xFD, 0xEC, 0xB5, 0xA9, 0x40, 0x45, 0xD4,
    0x64, 0x5A, 0x1D, 0x07, 0x16, 0xE7, 0x91, 0xF6, 0x1E, 0x81, 0xAB, 0xB9, 0xA1, 0x92, 0xE9, 0x5C,
    0xD5, 0x33, 0xB3, 0xBB, 0x88, 0x46, 0x05, 0x3D, 0xC2, 0x45, 0x42, 0x0C, 0x89, 0xC1, 0x53, 0x5D,
    0xE4, 0xF0, 0xEC, 0x9E, 0xB6, 0x8E, 0xA1, 0x17, 0x69, 0x15, 0x27, 0x7E, 0x6B, 0x1D, 0x69, 0x76,
    0xEA, 0x1D, 0x5A, 0xE5, 0xBE, 0xFF, 0xC1, 0x50, 0xED, 0xDD, 0x6E, 0xD8, 0xE4, 0x07, 0xEE, 0xDA,
    0xB9, 0x1B, 0xD7, 0x52, 0xDE, 0x67, 0x90, 0xEE, 0x6D, 0x1F, 0xDD, 0x88, 0xE9, 0x81, 0x17, 0x72,
    0x11, 0xFF, 0x67, 0x79, 0x2D, 0xDC, 0xC3, 0x97, 0x2A, 0xBD, 0xE6, 0xE5, 0x6D, 0x98, 0x4E, 0xB3,
    0x25, 0x34, 0x81, 0x79, 0x40, 0xDE, 0x3F, 0x67, 0xC8, 0x6E, 0xA0, 0x91, 0x76, 0x31, 0x6D, 0x8C,
    0x61, 0xEE, 0xF7, 0x09, 0x33, 0xBC, 0x44, 0x2E, 0xE2, 0xA7, 0x02, 0x98, 0x2F, 0x9D, 0x02, 0xF3,
    0x35, 0x27, 0x12, 0x1B, 0xB5, 0x7F, 0x3F, 0xDC, 0x0D, 0xA4, 0x1B, 0x57, 0x6E, 0x45, 0xC0, 0x29,
    0xDD, 0x74, 0xD7, 0xAF, 0xDD, 0x78, 0x23, 0x09, 0x6E, 0x84, 0x34, 0xC2, 0x22, 0xE1, 0x0F, 0x3A,
    0x27, 0xC5, 0x5C, 0x1A, 0x9E, 0x81, 0x59, 0x00, 0xB3, 0x48, 0x08, 0xA9, 0xC5, 0x98, 0x73, 0x60,
    0x4E, 0x81, 0x19, 0x3C, 0xAF, 0x83, 0xE7, 0xC1, 0xA9, 0x79, 0xE6, 0xD6, 0xE8, 0xAC, 0x50, 0x6B,
    0x30, 0xBB, 0x06, 0xA4, 0xFC, 0x73, 0xE3, 0xFC, 0xCD, 0xB3, 0xB7, 0x86, 0x53, 0x10, 0x66, 0xBF,
    0x26, 0xCC, 0x1B, 0x3E, 0x21, 0xBD, 0xED, 0xBC, 0xC5, 0x20, 0xDD, 0x5D, 0x77, 0x5F, 0x8C, 0x37,
    0x02, 0x49, 0x98, 0xDD, 0x0A, 0x98, 0xC3, 0xD3, 0x60, 0x7E, 0x8D, 0x30, 0x77, 0x06, 0x81, 0xE8,
    0xBD, 0xF7, 0x1E, 0xB5, 0x46, 0x7D, 0xFF, 0xDD, 0xB8, 0x42, 0xEB, 0x2A, 0x9E, 0x13, 0xF9, 0x56,
    0xBC, 0xF1, 0xC1, 0xFB, 0xFB, 0x21, 0x17, 0xF1, 0x7F, 0x32, 0x98, 0x83, 0x79, 0xB1, 0x5A, 0x48,
    0x49, 0x48, 0x19, 0x40, 0x41, 0xF8, 0xE7, 0x86, 0x94, 0xFB, 0xAA, 0x21, 0x3C, 0x9C, 0x1B, 0x70,
    0x0E, 0x2F, 0x15, 0x0A, 0x01, 0xA3, 0x3A, 0xA9, 0xAE, 0xD1, 0x50, 0x7B, 0x91, 0x41, 0xBA, 0xBB,
    0xD4, 0x77, 0x4F, 0xA2, 0x6B, 0x30, 0x12, 0xF9, 0x08, 0x5C, 0x46, 0xE0, 0xEA, 0xB2, 0xB8, 0x0D,
    0x50, 0xB5, 0x40, 0x22, 0x8F, 0x34, 0x98, 0x78, 0xA0, 0x0A, 0x53, 0xB5, 0x09, 0x54, 0x53, 0x48,
    0x67, 0x80, 0x31, 0xA4, 0x73, 0x8A, 0xCC, 0x45, 0xBA, 0x5C, 0x8A, 0x3B, 0xF9, 0x72, 0x6D, 0xD5,
    0xF9, 0xE5, 0xE0, 0x07, 0x9F, 0xE4, 0x97, 0x5D, 0xF9, 0xD3, 0xFC, 0xB2, 0x2D, 0xA9, 0x9A, 0x55,
    0x13, 0x70, 0xE4, 0xEB, 0xF9, 0x65, 0xFF, 0xDD, 0x0F, 0x09, 0xBD, 0x7D, 0x94, 0x2F, 0x57, 0x82,
    0xCA, 0xFD, 0x85, 0xF8, 0xCB, 0x49, 0xA4, 0xF0, 0x59, 0xB6, 0xC6, 0x90, 0x4E, 0x72, 0x70, 0xC5,
    0xD2, 0x48, 0x27, 0x40, 0xE7, 0xED, 0xE3, 0x38, 0xBD, 0x3D, 0x9E, 0xD1, 0xB1, 0x00, 0x48, 0x9D,
    0xB5, 0x2F, 0xAB, 0x9A, 0x78, 0xB9, 0x79, 0x82, 0x1A, 0x27, 0x40, 0x3C, 0x42, 0xCA, 0xE0, 0x84,
    0xAC, 0x54, 0x30, 0xE9, 0xE5, 0x78, 0xB5, 0x13, 0xD7, 0xFC, 0x0C, 0xC1, 0x84, 0x6C, 0xB7, 0xE7,
    0xE4, 0x1D, 0x93, 0x9A, 0xD3, 0x5F, 0xDD, 0xDF, 0x9C, 0xF9, 0xF4, 0xF6, 0x64, 0xE1, 0x01, 0x97,
    0x1F, 0xA8, 0x9F, 0x54, 0x4B, 0x55, 0x9F, 0xAE, 0xB8, 0xA0, 0xFF, 0x18, 0x9C, 0xEA, 0xE9, 0x98,
    0xFF, 0x87, 0x7C, 0x1E, 0x95, 0x90, 0x7F, 0x0C, 0x00, 0x16, 0x05, 0xA0, 0x2D, 0xC7, 0xD7, 0xB8,
    0xED, 0x75, 0x07, 0xF4, 0xED, 0x18, 0x90, 0x01, 0x00, 0xA9, 0x02, 0x47, 0x37, 0x8F, 0xAD, 0x31,
    0x58, 0xC4, 0x33, 0xA9, 0xD1, 0x38, 0xA7, 0xA3, 0x07, 0xCC, 0xF3, 0xAC, 0x07, 0x2D, 0x60, 0x3E,
    0xD7, 0xD4, 0x41, 0x2D, 0xEE, 0xAC, 0x0A, 0x4B, 0x15, 0x1C, 0xE5, 0x23, 0xE0, 0x64, 0x82, 0x0F,
    0xB9, 0x54, 0xF0, 0x59, 0x2B, 0x4C, 0x82, 0x15, 0x9C, 0xE4, 0xB1, 0xA1, 0xB4, 0x7D, 0x44, 0x84,
    0xE0, 0xFE, 0x57, 0xD8, 0x36, 0xAB, 0xE0, 0xC1, 0xC3, 0x45, 0x27, 0x67, 0x1D, 0x34, 0x7A, 0x26,
    0x55, 0x8B, 0x1B, 0xBF, 0x53, 0x8C, 0xB6, 0x03, 0x4E, 0x46, 0x57, 0xB6, 0xC7, 0x49, 0x85, 0xEC,
    0xE0, 0x8A, 0x15, 0x67, 0xBB, 0xEE, 0xDF, 0x1C, 0x7B, 0x30, 0x41, 0x37, 0x3A, 0x86, 0xAE, 0xA5,
    0x42, 0xE2, 0xD4, 0xB0, 0xDD, 0x8C, 0x1A, 0xC2, 0x4D, 0x0D, 0x08, 0x42, 0x00, 0x34, 0xCE, 0x1D,
    0x00, 0xA2, 0xE5, 0x5B, 0x65, 0x4B, 0x19, 0x76, 0x0E, 0xA8, 0x61, 0xC9, 0x74, 0x54, 0x3E, 0x39,
    0xEF, 0x04, 0x40, 0x77, 0x0F, 0x00, 0x6A, 0x8B, 0x73, 0x50, 0x95, 0x9F, 0xB7, 0x56, 0xAE, 0x22,
    0x9C, 0x4C, 0x6F, 0x2A, 0x89, 0xAE, 0x9D, 0x13, 0xFA, 0x11, 0x71, 0xCF, 0x10, 0x9F, 0xE8, 0x50,
    0x26, 0x8E, 0x26, 0xF1, 0xB7, 0x8F, 0x5A, 0x1D, 0x3A, 0x87, 0xB8, 0x8E, 0xF3, 0x67, 0x6D, 0xBA,
    0x6E, 0x61, 0x32, 0x0B, 0x5C, 0x39, 0x9E, 0xC0, 0xC4, 0x59, 0x77, 0x9D, 0xA4, 0x12, 0x4F, 0xAB,
    0xA3, 0x77, 0xB5, 0x30, 0x91, 0x19, 0x44, 0xE7, 0x2E, 0xC9, 0xE6, 0x54, 0x97, 0x5A, 0x19, 0xA1,
    0xC6, 0x17, 0x13, 0x6D, 0x1F, 0xB1, 0xA3, 0xA1, 0x23, 0x72, 0xE6, 0xB4, 0xA4, 0x3A, 0xD2, 0x59,
    0x99, 0xF5, 0xB3, 0xA2, 0xC2, 0x9B, 0xA9, 0x88, 0xEA, 0x92, 0x3D, 0xFC, 0x2F, 0xA1, 0xA2, 0x12,
    0x88, 0xC2, 0x60, 0x21, 0x45, 0x5F, 0x0E, 0xE9, 0x56, 0x69, 0x56, 0x42, 0xAA, 0xDA, 0xAD, 0x86,
    0xD9, 0xBA, 0x89, 0xED, 0x68, 0x4A, 0xF0, 0x89, 0xBB, 0x52, 0x6F, 0x8E, 0x79, 0x9C, 0xF7, 0x4C,
    0x5E, 0x49, 0x20, 0x37, 0xC9, 0x4F, 0x2E, 0xE1, 0x2C, 0x67, 0xEC, 0x31, 0x87, 0x7E, 0xD8, 0x95,
    0xA5, 0xCF, 0x5B, 0x58, 0xA1, 0x8E, 0xD5, 0x79, 0xD2, 0x84, 0x0C, 0x45, 0x37, 0x1C, 0x05, 0x8D,
    0x94, 0x1F, 0x5F, 0x8C, 0x36, 0xC2, 0x86, 0x48, 0x3D, 0xA0, 0xD6, 0xE8, 0xE1, 0xCC, 0x6F, 0x0F,
    0x51, 0x9D, 0x1E, 0x0E, 0xA6, 0xF5, 0x60, 0xC9, 0x7B, 0x0E, 0x6F, 0xBC, 0x70, 0x33, 0xC1, 0xB6,
    0x0F, 0x4D, 0xF8, 0xE8, 0x95, 0xD6, 0x7E, 0x8B, 0x98, 0xE4, 0xF4, 0x12, 0xCB, 0x4B, 0x9C, 0xFA,
    0x72, 0xD0, 0xE2, 0xB4, 0x26, 0x4E, 0x1D, 0xE6, 0x34, 0x5A, 0xC4, 0xE9, 0x84, 0xAB, 0x3F, 0x9B,
    0xF1, 0x92, 0x19, 0x1F, 0x4C, 0x33, 0x7E, 0x95, 0x19, 0x2F, 0x15, 0x89, 0xB9, 0x8C, 0x4F, 0x66,
    0xCD, 0x95, 0x9C, 0xF2, 0x5D, 0x0B, 0x9B, 0x16, 0x75, 0xC9, 0xF5, 0x97, 0x64, 0xBE, 0x8B, 0x40,
    0x4A, 0xA9, 0x60, 0xEF, 0xEA, 0xC1, 0x8E, 0x2C, 0x02, 0xA4, 0x44, 0xE7, 0x08, 0xAA, 0x92, 0xBA,
    0x84, 0x08, 0x13, 0xB7, 0x6A, 0xC9, 0xEB, 0x2F, 0x3D, 0xE4, 0xCC, 0x98, 0xB4, 0x54, 0x30, 0x92,
    0x07, 0x3B, 0xBF, 0x99, 0x51, 0x4B, 0x4B, 0x4B, 0x75, 0x2E, 0xAE, 0xAA, 0x2A, 0x5C, 0x23, 0x2D,
    0xD7, 0xFA, 0x3B, 0x1F, 0x15, 0x3A, 0x50, 0xA6, 0x4E, 0xF7, 0x3C, 0xA1, 0x93, 0xDC, 0x8E, 0xB7,
    0xDC, 0xAB, 0x2B, 0xE2, 0xE2, 0x15, 0xAC, 0xA8, 0x2B, 0x06, 0xFD, 0x9B, 0x62, 0xED, 0xD6, 0x89,
    0x6C, 0xFA, 0x2D, 0x0E, 0xD2, 0x25, 0xFC, 0x87, 0x58, 0xC5, 0x89, 0xFF, 0xDC, 0xC2, 0x2D, 0xE9,
    0x5F, 0xEE, 0xD0, 0x0C, 0xD0, 0xAD, 0xFC, 0xCC, 0xAE, 0x82, 0x81, 0x3D, 0x0C, 0x52, 0xAB, 0x46,
    0xA6, 0x6E, 0x12, 0x0B, 0x2C, 0xE3, 0x55, 0x34, 0x10, 0x19, 0xE8, 0x6A, 0xA8, 0x60, 0x14, 0x5D,
    0xB8, 0xD9, 0x24, 0x14, 0xCD, 0xBA, 0x54, 0x46, 0xDC, 0x4D, 0x55, 0x16, 0x75, 0x82, 0xA1, 0xC2,
    0x61, 0xF0, 0x11, 0x6E, 0xD0, 0x00, 0x2D, 0xD0, 0x04, 0x6D, 0xF0, 0x00, 0x5E, 0xC0, 0xD3, 0x24,
    0xAE, 0x0B, 0x5B, 0x17, 0x6E, 0xD2, 0x7D, 0x7A, 0xE2, 0x31, 0xAF, 0x54, 0x27, 0x53, 0x7C, 0x06,
    0x69, 0xA7, 0x26, 0xB5, 0x90, 0xD4, 0x1B, 0x28, 0x9A, 0x48, 0xB5, 0xE7, 0x3C, 0xC6, 0xEB, 0xCC,
    0x55, 0x70, 0x6C, 0x62, 0xD0, 0xEC, 0xEC, 0xF6, 0xB0, 0xCB, 0xD3, 0xC3, 0x8E, 0x65, 0x0F, 0x0D,
    0xDA, 0x43, 0xA1, 0x9E, 0x3A, 0xDF, 0xE8, 0x85, 0x33, 0x96, 0xCC, 0xBE, 0xC9, 0x04, 0xB3, 0x9B,
    0x00, 0x6A, 0x80, 0xE5, 0xF1, 0x10, 0xF1, 0x9D, 0x82, 0x80, 0x3B, 0x20, 0x10, 0x84, 0x04, 0xC8,
    0x0D, 0x47, 0x8A, 0x06, 0x1F, 0x4B, 0xE1, 0x1B, 0xC1, 0xF4, 0xF2, 0x38, 0xE1, 0x18, 0x19, 0x2B,
    0x4B, 0x87, 0x63, 0x29, 0x4A, 0x7B, 0x14, 0x74, 0x3E, 0xE5, 0x44, 0x9C, 0x07, 0x9C, 0xE8, 0xF3,
    0xDE, 0x90, 0xCF, 0x93, 0x70, 0x60, 0x34, 0x4E, 0x38, 0x76, 0x8C, 0x59, 0x88, 0x0F, 0x99, 0x93,
    0x13, 0x4F, 0x9E, 0xBC, 0x55, 0x21, 0x49, 0xC4, 0x56, 0xFB, 0xB6, 0x05, 0xFE, 0x70, 0x2C, 0x9D,
    0x6F, 0xD2, 0x23, 0x8F, 0x8B, 0xA1, 0xB0, 0xE4, 0x28, 0x51, 0xA4, 0x5F, 0x10, 0xC0, 0x93, 0x63,
    0xCA, 0x73, 0x61, 0xAA, 0xEE, 0xE0, 0x69, 0xA2, 0x4B, 0x7A, 0x03, 0x58, 0x3C, 0x85, 0x81, 0x0F,
    0xB9, 0xE3, 0x8F, 0x30, 0x2B, 0x2A, 0x8A, 0xA2, 0xA2, 0xAE, 0xAB, 0x44, 0x21, 0x5A, 0x43, 0xA1,
    0x52, 0xDC, 0xBA, 0x1F, 0x56, 0x8D, 0x14, 0x5D, 0x96, 0x48, 0x49, 0xC7, 0xC7, 0xD4, 0xB4, 0xD4,
    0xAA, 0x05, 0xF4, 0x0E, 0x86, 0xC4, 0x79, 0x12, 0x24, 0xFE, 0xF3, 0x59, 0xDD, 0x21, 0x36, 0xBF,
    0x07, 0xC2, 0xCB, 0xA9, 0x9B, 0xBB, 0x25, 0x02, 0x9A, 0x15, 0xCE, 0xB8, 0xFD, 0x5F, 0x06, 0xCC,
    0x24, 0xF5, 0x6C, 0xB7, 0x64, 0xC6, 0x59, 0x04, 0x16, 0x86, 0xC5, 0x62, 0x01, 0xF9, 0xF3, 0x45,
    0x1D, 0xB0, 0x43, 0xEA, 0x12, 0x0D, 0x7B, 0xF7, 0x53, 0xEA, 0x9F, 0x01, 0xA2, 0xC4, 0x51, 0xEA,
    0x7E, 0x2C, 0xF9, 0x0C, 0x0E, 0x1F, 0x0F, 0x43, 0xBB, 0xBA, 0x93, 0x47, 0x09, 0xF0, 0xEB, 0x4F,
    0x91, 0x4C, 0x25, 0xD6, 0xC5, 0x5A, 0x7D, 0xCB, 0x97, 0x45, 0x17, 0x04, 0x70, 0xF6, 0xD3, 0x7E,
    0x23, 0xFD, 0xFC, 0xD8, 0xCE, 0x34, 0x1F, 0x39, 0x04, 0x70, 0x9C, 0xE2, 0x6B, 0xC2, 0xFF, 0x79,
    0x51, 0x13, 0x53, 0xF6, 0x90, 0xAC, 0xA0, 0x8B, 0xC5, 0x24, 0xF1, 0x78, 0x31, 0x91, 0xD7, 0xC7,
    0x93, 0x77, 0xA4, 0x3C, 0x10, 0x9C, 0x76, 0x6A, 0x0F, 0x3D, 0x24, 0x00, 0x90, 0xBD, 0xF4, 0x7F,
    0xF1, 0x6F, 0xD4, 0x23, 0xDF, 0x2C, 0xD6, 0x45, 0xC7, 0x29, 0x9E, 0xD4, 0x48, 0x71, 0x80, 0x99,
    0xB3, 0x51, 0xC3, 0x6B, 0xBC, 0x79, 0x12, 0xB1, 0x69, 0x8C, 0x90, 0xB0, 0x00, 0xBB, 0xE1, 0x00,
    0x1F, 0x36, 0xFF, 0x7A, 0xC9, 0x7B, 0x72, 0x27, 0xEC, 0x79, 0x72, 0xE8, 0x87, 0x3D, 0xEA, 0x7D,
    0x82, 0x1D, 0xD8, 0x96, 0x1E, 0x5B, 0x93, 0x5E, 0xF0, 0x40, 0xC2, 0x0E, 0xC6, 0x09, 0x32, 0x5E,
    0x31, 0xA6, 0x22, 0x68, 0x00, 0x2B, 0x52, 0x14, 0xAE, 0xF3, 0xD6, 0xCA, 0xCB, 0x63, 0x5B, 0x5F,
    0x8B, 0x28, 0xE2, 0xAC, 0x3C, 0x92, 0xEC, 0x41, 0x31, 0x16, 0xA0, 0x88, 0x78, 0x2F, 0x1A, 0xB1,
    0xC7, 0x9A, 0xD6, 0x73, 0xD1, 0xA8, 0xA0, 0xC8, 0x96, 0x28, 0xC9, 0x30, 0x15, 0xD0, 0xEC, 0xCE,
    0x14, 0xC5, 0x69, 0x29, 0x7A, 0x2C, 0xA3, 0xCD, 0x32, 0x0A, 0x96, 0x51, 0xB0, 0x8C, 0x82, 0x65,
    0x14, 0x2C, 0x23, 0xC9, 0x53, 0x11, 0x64, 0x19, 0x2D, 0x96, 0xD1, 0x65, 0x19, 0x83, 0x63, 0x65,
    0xD4, 0x0E, 0xA7, 0xF2, 0x66, 0xF8, 0x28, 0xBA, 0xDE, 0xB1, 0x23, 0xF4, 0x4A, 0x19, 0xA6, 0x6E,
    0xA9, 0xD1, 0xE4, 0xAA, 0xA3, 0x06, 0x0F, 0xF8, 0x08, 0x28, 0x64, 0x74, 0x59, 0xC6, 0x60, 0xA1,
    0x8C, 0x8D, 0xD7, 0xA2, 0xCF, 0x96, 0xB2, 0x8B, 0xA3, 0x72, 0x8D, 0xF8, 0x90, 0xBB, 0x3A, 0xBA,
    0xC0, 0x67, 0x55, 0xDB, 0x37, 0x78, 0x33, 0x86, 0x17, 0x93, 0xA7, 0xA4, 0xB8, 0x82, 0xF7, 0x9F,
    0x6C, 0x9C, 0xD7, 0x6F, 0x50, 0x20, 0x6F, 0xE3, 0xF0, 0x6A, 0x78, 0xBE, 0x36, 0x8F, 0x67, 0x25,
    0x85, 0xAD, 0xC5, 0xE2, 0xE9, 0x2D, 0x42, 0x4A, 0xE3, 0xA3, 0xA0, 0xC9, 0xC9, 0xAE, 0x48, 0x8B,
    0x3B, 0x35, 0xCC, 0xB8, 0xE4, 0xFC, 0x99, 0x1B, 0xD8, 0x25, 0xC3, 0x54, 0xE2, 0xA9, 0x73, 0xD8,
    0x7A, 0x23, 0x4F, 0xED, 0x36, 0xF2, 0x11, 0x7E, 0xBB, 0x39, 0xC5, 0xDB, 0xB9, 0x65, 0xBE, 0xF1,
    0x3D, 0xDE, 0x99, 0xE5, 0xC2, 0xAE, 0x02, 0x9C, 0xED, 0x80, 0xB7, 0x6D, 0xDC, 0xC7, 0xAC, 0xF6,
    0x16, 0x0E, 0x71, 0x91, 0xCE, 0x5B, 0x43, 0xAA, 0xD2, 0xAD, 0x2C, 0x0C, 0x21, 0x21, 0x63, 0xEA,
    0x14, 0xB8, 0x8C, 0x48, 0x3C, 0xF3, 0xB5, 0x97, 0x18, 0x3A, 0x38, 0xD4, 0xA0, 0xCE, 0x0E, 0x3F,
    0x0F, 0xEE, 0xB1, 0xC7, 0xB5, 0x87, 0x0D, 0xE3, 0x5D, 0x76, 0xF6, 0x01, 0x76, 0xF1, 0xB3, 0x07,
    0x8F, 0x30, 0xC0, 0x56, 0xA5, 0x7A, 0xEF, 0xC6, 0x21, 0xF7, 0xA2, 0xDA, 0xF1, 0xC3, 0xCE, 0x34,
    0x61, 0xB9, 0xB8, 0x1A, 0x36, 0xBB, 0x71, 0xD4, 0xCE, 0x4B, 0xFD, 0x9D, 0x42, 0x1D, 0x36, 0x26,
    0xBF, 0x08, 0x71, 0x78, 0x42, 0x46, 0x0F, 0x10, 0x9B, 0x0F, 0x5C, 0x05, 0xF8, 0x67, 0x04, 0x1D,
    0x8C, 0x64, 0x01, 0xC5, 0xE9, 0x40, 0xAE, 0x4B, 0x9C, 0x0D, 0x9F, 0x2B, 0x9F, 0x6A, 0xAD, 0x7F,
    0xB3, 0x15, 0x34, 0x42, 0x20, 0xDF, 0xCB, 0x08, 0x69, 0xF0, 0xDA, 0x66, 0x42, 0x03, 0xA4, 0x22,
    0xC7, 0x9E, 0xC3, 0x88, 0x51, 0xF4, 0x62, 0x5A, 0xED, 0x79, 0x27, 0x02, 0xB7, 0xBE, 0xF3, 0xF4,
    0x37, 0xE2, 0x93, 0x14, 0xEE, 0xF9, 0x04, 0x08, 0x7D, 0xBA, 0xE7, 0x0F, 0xFD, 0x38, 0xE8, 0x16,
    0x81, 0x0E, 0x4B, 0xD6, 0x57, 0x71, 0x80, 0x50, 0xE6, 0xE3, 0xE1, 0xB2, 0xA7, 0x44, 0xEB, 0x64,
    0x17, 0x9F, 0x62, 0xA0, 0x9E, 0x85, 0x5F, 0x8B, 0x91, 0x1D, 0x24, 0xD4, 0x08, 0x41, 0x40, 0xC3,
    0xD9, 0x0F, 0x37, 0x8E, 0xB9, 0x38, 0xBB, 0x57, 0xEC, 0xA2, 0xAD, 0xE6, 0x81, 0x49, 0xE3, 0xDC,
    0x3C, 0x98, 0xCC, 0x7F, 0xC6, 0xCF, 0xF9, 0xA8, 0xBE, 0x73, 0x81, 0x15, 0xB8, 0x6B, 0xB2, 0x63,
    0x26, 0x92, 0x97, 0xB2, 0x3B, 0xD8, 0xD3, 0x94, 0x98, 0x71, 0x70, 0x1A, 0x29, 0x96, 0xE3, 0xC9,
    0x4B, 0xEC, 0x7F, 0xEB, 0x17, 0x50, 0xE8, 0xE4, 0xC3, 0xBF, 0x1B, 0x39, 0x2D, 0xEA, 0x45, 0x34,
    0x85, 0x4E, 0x59, 0xF2, 0x5F, 0x47, 0xA6, 0x49, 0x4A, 0x13, 0x10, 0x39, 0x43, 0x00, 0x09, 0x6F,
    0xA3, 0xB6, 0x52, 0x96, 0xB2, 0x56, 0xF2, 0xA1, 0x59, 0x56, 0x86, 0x3A, 0xC1, 0xAD, 0x9B, 0xEA,
    0x1C, 0x37, 0x18, 0x18, 0x24, 0x94, 0x59, 0xDC, 0xB8, 0xA1, 0xCC, 0x7C, 0x4E, 0xB1, 0x52, 0x07,
    0x4A, 0x39, 0xDF, 0xCD, 0xE3, 0x03, 0x75, 0xC8, 0x37, 0x83, 0x43, 0x3E, 0x70, 0x4B, 0x3E, 0x01,
    0x85, 0xB4, 0x35, 0x3E, 0xFA, 0x1E, 0x94, 0x6E, 0xCD, 0x33, 0x01, 0x27, 0xAF, 0xF1, 0xA2, 0x0A,
    0x19, 0x70, 0x7C, 0x42, 0x8A, 0x93, 0xE0, 0xB0, 0x8D, 0xCB, 0x59, 0x6C, 0x2A, 0x9F, 0x0B, 0x89,
    0x6C, 0x30, 0x61, 0x9C, 0x0D, 0xC7, 0xFB, 0x68, 0x48, 0x88, 0xEB, 0xC4, 0x4D, 0x16, 0x1E, 0xD2,
    0xE2, 0x78, 0xD9, 0x3B, 0x22, 0x51, 0x38, 0x63, 0x24, 0x78, 0x39, 0x87, 0x14, 0x39, 0x9B, 0x47,
    0xFA, 0x02, 0x12, 0xEE, 0xB4, 0x80, 0xB1, 0xCA, 0xCE, 0x43, 0xDE, 0xDC, 0xF3, 0x6C, 0x7B, 0x53,
    0x25, 0x20, 0x67, 0xCF, 0xB5, 0x04, 0x44, 0x0E, 0x1D, 0x6F, 0x85, 0x22, 0x8D, 0xCE, 0xAC, 0x1E,
    0x2F, 0xE9, 0xED, 0xF3, 0xEE, 0x28, 0x77, 0xA4, 0x1C, 0xCF, 0x23, 0x6D, 0x32, 0x5A, 0x9A, 0xBC,
    0x18, 0x3F, 0x9C, 0x48, 0xBC, 0xE5, 0x77, 0xD3, 0xA8, 0x9E, 0xBD, 0x67, 0xAA, 0x3D, 0x23, 0x75,
    0x96, 0x8F, 0xAE, 0xD6, 0x64, 0x31, 0x45, 0x4D, 0x0E, 0x56, 0x2F, 0x6C, 0x85, 0x22, 0x66, 0x93,
    0x9C, 0x99, 0xCB, 0xA3, 0x9D, 0xDF, 0x59, 0x6C, 0xE0, 0x5D, 0x4A, 0x21, 0xF2, 0x19, 0x54, 0x35,
    0xF2, 0x51, 0x8E, 0xC6, 0xAA, 0xB5, 0x13, 0xB6, 0x74, 0xAE, 0x16, 0xC1, 0x70, 0xB4, 0x17, 0x3B,
    0x9D, 0x82, 0x3B, 0x91, 0x69, 0x7B, 0x6F, 0x46, 0xA6, 0x6D, 0x39, 0x99, 0x69, 0x3B, 0x0B, 0xD5,
    0x78, 0xA6, 0xAD, 0xCA, 0x08, 0x9A, 0xCA, 0xB4, 0x75, 0xE6, 0x65, 0xDA, 0xB6, 0x52, 0x3A, 0x02,
    0x33, 0xAA, 0xFC, 0x5A, 0xE7, 0x1F, 0x24, 0xF2, 0x35, 0x5A, 0x89, 0x97, 0xC8, 0x9B, 0x88, 0xC9,
    0x9C, 0x67, 0x5D, 0x64, 0xCB, 0x26, 0x15, 0xE4, 0x1B, 0xA8, 0x75, 0xB5, 0x5E, 0xA8, 0x66, 0xA3,
    0x76, 0xE5, 0xB3, 0x7B, 0x75, 0x73, 0x64, 0xC4, 0x5B, 0x90, 0xB8, 0xC2, 0x20, 0x33, 0xC1, 0x87,
    0x2E, 0xB0, 0x84, 0x48, 0xA3, 0x78, 0xC5, 0xC5, 0x19, 0x44, 0x0C, 0xF3, 0xA8, 0x20, 0x86, 0x5C,
    0x19, 0x77, 0xF0, 0xBA, 0x2E, 0x5E, 0x47, 0x9B, 0xF5, 0xB7, 0xA5, 0x56, 0xBE, 0x87, 0x54, 0x0D,
    0x49, 0x6B, 0x43, 0x93, 0xA3, 0xB3, 0x31, 0x3B, 0x71, 0xE5, 0xD9, 0x26, 0x7A, 0xC1, 0x5D, 0x5C,
    0x9B, 0x14, 0x61, 0x5B, 0xB6, 0xF3, 0x58, 0x52, 0xB3, 0xA4, 0x8E, 0xB4, 0x4D, 0x51, 0x79, 0x2C,
    0x20, 0xD2, 0x7B, 0xE1, 0xA1, 0x64, 0x9B, 0x32, 0x9E, 0xAD, 0xC3, 0x6F, 0x2D, 0x8B, 0xB0, 0x52,
    0x1A, 0x76, 0x79, 0x53, 0x3A, 0x09, 0x69, 0x28, 0xB8, 0xC8, 0x1A, 0x24, 0xA1, 0xB7, 0x5A, 0xC9,
    0x1E, 0x2F, 0xE3, 0xF9, 0x35, 0xD1, 0x21, 0x3B, 0x83, 0xE7, 0x41, 0xD9, 0xC5, 0xDB, 0xC4, 0xF6,
    0x07, 0xA3, 0xA4, 0xA9, 0xE9, 0x8C, 0x16, 0xE4, 0x84, 0x3C, 0xCC, 0xAF, 0x86, 0xD1, 0x9B, 0x74,
    0x6F, 0xDD, 0x6D, 0xA5, 0xEC, 0xB0, 0xF9, 0x55, 0xEB, 0xFE, 0xCA, 0x04, 0x0E, 0xBE, 0xDF, 0x9C,
    0x8C, 0x9B, 0x0E, 0x54, 0x41, 0xB3, 0xF8, 0x30, 0xBD, 0x5D, 0xCE, 0xCC, 0x53, 0xD7, 0x2B, 0xBA,
    0x04, 0x00, 0x1E, 0x21, 0xCA, 0xF6, 0x90, 0x3E, 0x1F, 0x6D, 0x1F, 0xB5, 0xB4, 0x2E, 0xBA, 0xBE,
    0xAA, 0x1A, 0x93, 0x87, 0xC6, 0xE8, 0xC1, 0x1F, 0x1D, 0x92, 0x3A, 0x3A, 0x79, 0xEB, 0xDD, 0x27,
    0xD6, 0x69, 0x38, 0x20, 0xAC, 0x58, 0x3A, 0x26, 0x00, 0xF0, 0x10, 0x3B, 0x70, 0x0A, 0xED, 0xC2,
    0x0F, 0xD7, 0xB6, 0x8F, 0x92, 0xF0, 0x51, 0x38, 0x98, 0x12, 0xF5, 0xA4, 0xAF, 0x40, 0x89, 0xAE,
    0xAB, 0x7D, 0xFE, 0x09, 0x42, 0x17, 0xA3, 0x5F, 0xAE, 0xEA, 0xCC, 0x24, 0x8E, 0x70, 0x7D, 0x6E,
    0xE6, 0xD6, 0xF1, 0xEC, 0xED, 0x5F, 0x1A, 0xC4, 0x2D, 0x61, 0x4E, 0x43, 0xE3, 0x2C, 0xE9, 0xA7,
    0xEF, 0xC0, 0xC0, 0x56, 0x34, 0x84, 0x7E, 0x5C, 0x22, 0xB9, 0xB2, 0x6C, 0x25, 0x89, 0x3A, 0xF7,
    0x33, 0xDD, 0x4E, 0x4E, 0x2C, 0xCE, 0x9E, 0x88, 0x6A, 0xF2, 0x3E, 0x4F, 0x4A, 0xE3, 0x71, 0x25,
    0x94, 0xDD, 0x44, 0x42, 0x59, 0x45, 0x58, 0x7E, 0x58, 0x21, 0xC5, 0xAB, 0x68, 0x1D, 0x93, 0x84,
    0x0B, 0x34, 0xCA, 0x79, 0x79, 0xAC, 0xA9, 0x65, 0x37, 0x91, 0x5A, 0x06, 0x4D, 0x3E, 0x0D, 0x5D,
    0x43, 0xB5, 0x6E, 0x0E, 0xB4, 0xF0, 0x30, 0xF8, 0x43, 0x2B, 0xD3, 0x6C, 0x14, 0x06, 0x95, 0x08,
    0x83, 0x62, 0xD1, 0x57, 0xC2, 0x53, 0xFD, 0xA0, 0x82, 0xBB, 0x5A, 0x9A, 0x30, 0x28, 0x07, 0x5D,
    0x55, 0x66, 0xD8, 0x3E, 0x92, 0xC2, 0xC2, 0x04, 0xB9, 0xDC, 0xE4, 0x4F, 0xDD, 0x99, 0xDE, 0xF0,
    0x32, 0x21, 0xE3, 0xB8, 0xF5, 0x9E, 0x27, 0x9A, 0xEE, 0x57, 0x30, 0x07, 0xF7, 0xC0, 0x4F, 0x54,
    0x54, 0x4D, 0xA0, 0xB8, 0x09, 0x97, 0xBA, 0x88, 0x3A, 0x7A, 0x77, 0xA9, 0x1B, 0x83, 0xD7, 0x01,
    0x12, 0xCE, 0xFA, 0x9D, 0x0E, 0x97, 0xE6, 0x66, 0x1E, 0x67, 0xE4, 0x9C, 0x34, 0xE3, 0x35, 0xE7,
    0x1E, 0xCC, 0x67, 0xB9, 0x99, 0xF2, 0x47, 0xE2, 0xF3, 0x3A, 0xC3, 0x18, 0xAA, 0xB1, 0xB0, 0x2A,
    0xAD, 0x11, 0x7D, 0x25, 0x79, 0x82, 0xB0, 0x2A, 0x3B, 0xEA, 0x15, 0xC2, 0xAA, 0x95, 0x09, 0xAB,
    0x8E, 0x52, 0x89, 0xBD, 0x14, 0x92, 0x87, 0xDD, 0xB0, 0x99, 0x0F, 0x26, 0x0F, 0xFF, 0x8C, 0x4E,
    0x0B, 0x8F, 0x67, 0xA2, 0xAB, 0x54, 0xBF, 0xE6, 0xB9, 0x9B, 0x51, 0x6B, 0x10, 0xFF, 0x3D, 0x34,
    0x4E, 0x84, 0x18, 0x55, 0x24, 0x13, 0x6D, 0x03, 0x54, 0x0C, 0x16, 0xC9, 0xEF, 0x3D, 0xA4, 0xBD,
    0xF6, 0x9C, 0x4F, 0x08, 0xB8, 0x6A, 0x75, 0xD2, 0x8A, 0xC1, 0xB2, 0xB2, 0x42, 0xA8, 0x7F, 0x6C,
    0x26, 0xB9, 0x09, 0x86, 0x9A, 0x13, 0xCD, 0xCA, 0x18, 0x9D, 0x53, 0x61, 0x1D, 0xF3, 0x6F, 0xD1,
    0xAF, 0x40, 0xBF, 0xF9, 0x72, 0x36, 0x34, 0xAF, 0x59, 0x98, 0x0F, 0x47, 0x1F, 0x5E, 0x92, 0xCE,
    0x85, 0x63, 0xE5, 0xB2, 0xB3, 0xC3, 0xB3, 0x51, 0x3C, 0x5E, 0x8A, 0xD5, 0xD5, 0x15, 0xD5, 0xA8,
    0xB9, 0x5A, 0x07, 0x72, 0xBA, 0x24, 0xFF, 0x17, 0xA8, 0x74, 0xCE, 0x44, 0xD9, 0x1B, 0xB5, 0xEF,
    0xCF, 0xB6, 0x86, 0xB7, 0xE9, 0xD5, 0xBB, 0x00, 0xC7, 0xFE, 0x5B, 0xDA, 0xC6, 0x96, 0xF1, 0x96,
    0x2E, 0xA2, 0xDE, 0x3D, 0x65, 0x86, 0xB7, 0x1E, 0xEA, 0x0D, 0x6A, 0x4B, 0xFD, 0x87, 0x31, 0x97,
    0x8F, 0x9D, 0x12, 0x9B, 0xFB, 0x1A, 0xC9, 0x1E, 0x7A, 0xF9, 0x0E, 0x82, 0x56, 0x77, 0xA6, 0xDE,
    0xEE, 0xD8, 0xEF, 0xD7, 0xFC, 0x80, 0x8B, 0xA0, 0xF0, 0xDF, 0x2F, 0x78, 0x8D, 0xE4, 0xE4, 0xDB,
    0x1D, 0xAD, 0x7C, 0x79, 0xF5, 0x5B, 0xF9, 0xE8, 0xED, 0x8E, 0xDB, 0xF9, 0x32, 0x36, 0xCF, 0x37,
    0x3B, 0x2B, 0xE3, 0x6F, 0x77, 0x54, 0xAF, 0x37, 0x9B, 0x09, 0x8E, 0xE3, 0xFC, 0x31, 0xBD, 0x00,
    0x13, 0xE9, 0x77, 0xF5, 0x08, 0x7C, 0x66, 0x74, 0x97, 0xA8, 0x47, 0x4D, 0xEB, 0xCC, 0x6E, 0xC1,
    0x93, 0xBD, 0x1F, 0xF3, 0x33, 0x7A, 0x49, 0xE8, 0x99, 0x1A, 0xEA, 0x00, 0x34, 0x46, 0x24, 0x79,
    0x2A, 0xB9, 0x4E, 0xEB, 0x80, 0xD1, 0x3D, 0xFF, 0x3F, 0x57, 0x57, 0xAF, 0x8C, 0x88, 0x5B, 0x33,
    0x88, 0xF3, 0x0B, 0x40, 0xF5, 0x2B, 0x40, 0xB5, 0xDF, 0x21, 0x9A, 0xD7, 0x80, 0xEA, 0x19, 0x5D,
    0x1F, 0x71, 0x35, 0x2F, 0x03, 0xE5, 0xB7, 0x7E, 0xCE, 0x1E, 0x4A, 0x24, 0xB6, 0xEC, 0x6F, 0x8D,
    0x4C, 0x8E, 0x5D, 0x8D, 0x42, 0xAA, 0xEA, 0xBD, 0x5D, 0x1A, 0x75, 0xA4, 0xE8, 0x8F, 0xBF, 0x24,
    0x54, 0xF3, 0x32, 0xEB, 0x65, 0xA4, 0x01, 0x5E, 0x46, 0x1A, 0x81, 0x3E, 0xCC, 0xC6, 0x30, 0x6A,
    0xBF, 0x8C, 0x14, 0x9E, 0x5A, 0xAD, 0x1E, 0x80, 0xE2, 0x92, 0x79, 0x19, 0x69, 0x3E, 0xEB, 0x65,
    0xA4, 0x93, 0xEF, 0x08, 0x5D, 0x27, 0xE7, 0x73, 0x63, 0xEC, 0x1D, 0xA1, 0x18, 0x4A, 0xF8, 0xFD,
    0x95, 0x89, 0x77, 0x84, 0x02, 0x17, 0x52, 0xF0, 0x34, 0x58, 0xCC, 0xEF, 0x63, 0x7C, 0x79, 0xEA,
    0xA4, 0x22, 0x9F, 0xF5, 0x1D, 0xA7, 0x58, 0x20, 0x42, 0xDB, 0x55, 0x5F, 0x31, 0xC8, 0xA2, 0xD1,
    0xDA, 0x6B, 0x04, 0xCC, 0xDB, 0x38, 0x75, 0x39, 0xE2, 0x75, 0x73, 0x5E, 0xB9, 0x11, 0xAA, 0xFC,
    0x7F, 0x01, 0xAD, 0x92, 0x3D, 0x4E, 0xC3, 0x40, 0x10, 0x85, 0x9F, 0x93, 0xC2, 0x45, 0x8E, 0x40,
    0xC1, 0x01, 0x28, 0x7C, 0x04, 0xBB, 0xA7, 0xA6, 0xA7, 0xA7, 0xE0, 0x08, 0xB3, 0x52, 0x4E, 0x13,
    0x1A, 0x8E, 0xB0, 0x91, 0xB8, 0x08, 0x3D, 0x8D, 0x0B, 0x8A, 0x08, 0x8D, 0xF7, 0x31, 0x3F, 0x41,
    0x10, 0x0A, 0x24, 0x20, 0xD6, 0xEA, 0x1B, 0xC9, 0x6F, 0x35, 0x6F, 0xF6, 0x69, 0x20, 0xBA, 0x61,
    0x59, 0x51, 0x85, 0x65, 0x4D, 0x25, 0x4B, 0xBF, 0x80, 0x7B, 0xF4, 0x0A, 0x16, 0x54, 0xDA, 0x77,
    0xC2, 0xFC, 0xFF, 0x1F, 0x42, 0x34, 0x0C, 0xD3, 0xCF, 0xED, 0xE0, 0x0A, 0xC2, 0xA0, 0x7C, 0x22,
    0x6E, 0xFF, 0x1E, 0x10, 0x7A, 0x7B, 0x7A, 0xFB, 0xE3, 0x6B, 0x52, 0xA8, 0x3C, 0x7C, 0xC5, 0x9F,
    0xDB, 0x5B, 0x5E, 0x75, 0x8E, 0xC0, 0xEA, 0x1C, 0x89, 0xD5, 0x39, 0x23, 0xFB, 0x78, 0x5F, 0x04,
    0xC5, 0xF9, 0xB4, 0x84, 0x36, 0x9E, 0xA9, 0xC4, 0x10, 0xCC, 0x21, 0x98, 0x43, 0x30, 0x87, 0x18,
    0xF2, 0xCA, 0x90, 0xB6, 0xDF, 0xCB, 0x51, 0x3B, 0x4F, 0xB1, 0xA0, 0xF7, 0xB0, 0xA0, 0x5F, 0x61,
    0x41, 0x2B, 0xFA, 0x65, 0x63, 0x50, 0x13, 0xC5, 0xA6, 0x6A, 0x55, 0xCD, 0x33, 0x70, 0xAF, 0x77,
    0x6D, 0x17, 0xC2, 0x0F, 0x58, 0x37, 0x07, 0x97, 0x5E, 0x57, 0x0E, 0x88, 0x6D, 0x45, 0xB7, 0xB3,
    0xA5, 0xC0, 0xC0, 0xE7, 0xD8, 0x0D, 0xDF, 0x10, 0x5E, 0xFB, 0xB2, 0x34, 0xBF, 0xCC, 0x36, 0xFA,
    0xA1, 0x1D, 0x09, 0xB2, 0x5C, 0x5C, 0xF1, 0x81, 0x13, 0x4C, 0xAD, 0x6F, 0x93, 0x71, 0xA4, 0xB7,
    0xBD, 0x24, 0x8D, 0xDD, 0x23, 0xB7, 0xCD, 0x3B, 0x3C, 0x35, 0xDC, 0x1A, 0x39, 0xD5, 0x17, 0x6E,
    0x6D, 0x4C, 0xB2, 0x63, 0x13, 0x1E, 0x20, 0x0D, 0x37, 0xEE, 0xF7, 0x0E, 0x3D, 0x8E, 0x31, 0x0E,
    0x80, 0x20, 0x14, 0x43, 0xAB, 0x6C, 0x2E, 0x2C, 0x1E, 0xC6, 0xC1, 0x84, 0xAB, 0x79, 0x1E, 0x4F,
    0xC1, 0x11, 0xDC, 0x5D, 0x38, 0x82, 0xA3, 0x03, 0xB1, 0xB6, 0x10, 0x85, 0x84, 0x97, 0xB4, 0xFF,
    0xD3, 0x02, 0xDF, 0x59, 0x3A, 0x9E, 0xF6, 0x06, 0x6E, 0x46, 0x64, 0x31, 0xD2, 0x7E, 0x1B, 0x05,
    0x93, 0xAD, 0x03, 0xA3, 0xCC, 0x78, 0xCC, 0x12, 0x90, 0xCE, 0x07, 0x32, 0x49, 0x6A, 0x33, 0x18,
    0xDC, 0x22, 0x59, 0x07, 0x96, 0x44, 0x5E, 0x81, 0xB7, 0x90, 0x23, 0xAB, 0x44, 0x24, 0x0B, 0x9A,
    0x60, 0x46, 0x83, 0xD6, 0xB5, 0x51, 0x9D, 0xA3, 0x59, 0xA7, 0x42, 0x96, 0x7E, 0xD3, 0x75, 0x2C,
    0x6A, 0x2B, 0x81, 0xAB, 0x57, 0xCA, 0xAD, 0x1A, 0x7B, 0xCF, 0xF5, 0x2F, 0x8E, 0x17,
};

static const EpdGlyph dejavu_sans_12_boldGlyphs[] = {
    { 0, 0, 139, 0, 0, 0, 0 }, // U+0020
    { 5, 18, 182, 3, 18, 23, 0 }, // !
    { 9, 7, 208, 2, 18, 16, 23 }, // "
    { 19, 18, 335, 1, 18, 86, 39 }, // #
    { 15, 23, 278, 1, 19, 87, 125 }, // $
    { 25, 18, 401, 0, 18, 113, 212 }, // %
    { 20, 18, 349, 1, 18, 90, 325 }, // &
    { 4, 7, 122, 2, 18, 7, 415 }, // '
    { 8, 22, 183, 2, 19, 44, 422 }, // (
    { 8, 22, 183, 2, 19, 44, 466 }, // )
    { 13, 12, 209, 0, 18, 39, 510 }, // *
    { 17, 15, 335, 2, 15, 64, 549 }, // +
    { 6, 8, 152, 1, 5, 12, 613 }, // ,
    { 9, 4, 166, 1, 9, 9, 625 }, // -
    { 5, 5, 152, 2, 5, 7, 634 }, // .
    { 10, 21, 146, 0, 18, 53, 641 }, // /
    { 16, 18, 278, 1, 18, 72, 694 }, // 0
    { 14, 18, 278, 2, 18, 63, 766 }, // 1
    { 15, 18, 278, 1, 18, 68, 829 }, // 2
    { 15, 18, 278, 1, 18, 68, 897 }, // 3
    { 16, 18, 278, 1, 18, 72, 965 }, // 4
    { 15, 18, 278, 1, 18, 68, 1037 }, // 5
    { 16, 18, 278, 1, 18, 72, 1105 }, // 6
    { 15, 18, 278, 1, 18, 68, 1177 }, // 7
    { 15, 18, 278, 1, 18, 68, 1245 }, // 8
    { 15, 18, 278, 1, 18, 68, 1313 }, // 9
    { 6, 14, 160, 2, 14, 21, 1381 }, // :
    { 7, 17, 160, 1, 14, 30, 1402 }, // ;
    { 17, 14, 335, 2, 15, 60, 1432 }, // <
    { 17, 9, 335, 2, 13, 39, 1492 }, // =
    { 17, 14, 335, 2, 15, 60, 1531 }, // >
    { 12, 18, 232, 1, 18, 54, 1591 }, // ?
    { 23, 22, 400, 1, 18, 127, 1645 }, // @
    { 20, 18, 310, 0, 18, 90, 1772 }, // A
    { 16, 18, 305, 2, 18, 72, 1862 }, // B
    { 16, 18, 294, 1, 18, 72, 1934 }, // C
    { 18, 18, 332, 2, 18, 81, 2006 }, // D
    { 14, 18, 273, 2, 18, 63, 2087 }, // E
    { 13, 18, 273, 2, 18, 59, 2150 }, // F
    { 18, 18, 328, 1, 18, 81, 2209 }, // G
    { 17, 18, 335, 2, 18, 77, 2290 }, // H
    { 5, 18, 149, 2, 18, 23, 2367 }, // I
    { 9, 23, 149, -2, 18, 52, 2390 }, // J
    { 19, 18, 310, 2, 18, 86, 2442 }, // K
    { 14, 18, 255, 2, 18, 63, 2528 }, // L
    { 21, 18, 398, 2, 18, 95, 2591 }, // M
    { 17, 18, 335, 2, 18, 77, 2686 }, // N
    { 19, 18, 340, 1, 18, 86, 2763 }, // O
    { 16, 18, 293, 2, 18, 72, 2849 }, // P
    { 19, 22, 340, 1, 18, 105, 2921 }, // Q
    { 17, 18, 308, 2, 18, 77, 3026 }, // R
    { 16, 18, 288, 1, 18, 72, 3103 }, // S
    { 17, 18, 273, 0, 18, 77, 3175 }, // T
    { 16, 18, 325, 2, 18, 72, 3252 }, // U
    { 20, 18, 310, 0, 18, 90, 3324 }, // V
    { 27, 18, 441, 0, 18, 122, 3414 }, // W
    { 19, 18, 308, 0, 18, 86, 3536 }, // X
    { 20, 18, 290, -1, 18, 90, 3622 }, // Y
    { 16, 18, 290, 1, 18, 72, 3712 }, // Z
    { 8, 22, 183, 2, 19, 44, 3784 }, // [
    { 10, 21, 146, 0, 18, 53, 3828 }, // <backslash>
    { 9, 22, 183, 1, 19, 50, 3881 }, // ]
    { 17, 7, 335, 2, 18, 30, 3931 }, // ^
    { 13, 2, 200, 0, -4, 7, 3961 }, // _
    { 8, 5, 200, 1, 20, 10, 3968 }, // `
    { 14, 14, 270, 1, 14, 49, 3978 }, // a
    { 15, 19, 286, 2, 19, 72, 4027 }, // b
    { 13, 14, 237, 1, 14, 46, 4099 }, // c
    { 15, 19, 286, 1, 19, 72, 4145 }, // d
    { 15, 14, 271, 1, 14, 53, 4217 }, // e
    { 12, 19, 174, 0, 19, 57, 4270 }, // f
    { 15, 19, 286, 1, 14, 72, 4327 }, // g
    { 14, 19, 285, 2, 19, 67, 4399 }, // h
    { 5, 19, 137, 2, 19, 24, 4466 }, // i
    { 8, 24, 137, -1, 19, 48, 4490 }, // j
    { 16, 19, 266, 2, 19, 76, 4538 }, // k
    { 5, 19, 137, 2, 19, 24, 4614 }, // l
    { 23, 14, 417, 2, 14, 81, 4638 }, // m
    { 14, 14, 285, 2, 14, 49, 4719 }, // n
    { 16, 14, 275, 1, 14, 56, 4768 }, // o
    { 15, 19, 286, 2, 14, 72, 4824 }, // p
    { 15, 19, 286, 1, 14, 72, 4896 }, // q
    { 11, 14, 197, 2, 14, 39, 4968 }, // r
    { 13, 14, 238, 1, 14, 46, 5007 }, // s
    { 12, 18, 191, 0, 18, 54, 5053 }, // t
    { 15, 14, 285, 1, 14, 53, 5107 }, // u
    { 16, 14, 261, 0, 14, 56, 5160 }, // v
    { 23, 14, 370, 0, 14, 81, 5216 }, // w
    { 16, 14, 258, 0, 14, 56, 5297 }, // x
    { 16, 19, 261, 0, 14, 76, 5353 }, // y
    { 13, 14, 233, 1, 14, 46, 5429 }, // z
    { 12, 23, 285, 3, 19, 69, 5475 }, // {
    { 3, 25, 146, 3, 19, 19, 5544 }, // |
    { 12, 23, 285, 3, 19, 69, 5563 }, // }
    { 17, 6, 335, 2, 11, 26, 5632 }, // ~
    { 0, 0, 139, 0, 0, 0, 0 }, // U+00A0
    { 5, 18, 182, 3, 14, 23, 0 }, // U+00A1
    { 13, 22, 278, 2, 18, 72, 23 }, // U+00A2
    { 15, 18, 278, 1, 18, 68, 95 }, // U+00A3
    { 16, 15, 254, 0, 16, 60, 163 }, // U+00A4
    { 18, 18, 278, 0, 18, 81, 223 }, // U+00A5
    { 3, 21, 146, 3, 17, 16, 304 }, // U+00A6
    { 13, 20, 200, 0, 18, 65, 320 }, // U+00A7
    { 9, 3, 200, 2, 19, 7, 385 }, // U+00A8
    { 19, 18, 400, 3, 18, 86, 392 }, // U+00A9
    { 12, 14, 226, 1, 18, 42, 478 }, // U+00AA
    { 13, 11, 258, 1, 13, 36, 520 }, // U+00AB
    { 17, 8, 335, 2, 11, 34, 556 }, // U+00AC
    { 9, 4, 166, 1, 9, 9, 590 }, // U+00AD
    { 19, 18, 400, 3, 18, 86, 599 }, // U+00AE
    { 9, 2, 200, 2, 19, 5, 685 }, // U+00AF
    { 9, 8, 200, 2, 19, 18, 690 }, // U+00B0
    { 17, 15, 335, 2, 15, 64, 708 }, // U+00B1
    { 9, 11, 175, 1, 18, 25, 772 }, // U+00B2
    { 9, 11, 175, 1, 18, 25, 797 }, // U+00B3
    { 8, 5, 200, 4, 20, 10, 822 }, // U+00B4
    { 16, 19, 294, 2, 14, 76, 832 }, // U+00B5
    { 13, 20, 254, 1, 18, 65, 908 }, // U+00B6
    { 5, 5, 152, 2, 11, 7, 973 }, // U+00B7
    { 6, 5, 200, 3, 0, 8, 980 }, // U+00B8
    { 9, 11, 175, 1, 18, 25, 988 }, // U+00B9
    { 12, 14, 226, 1, 18, 42, 1013 }, // U+00BA
    { 13, 11, 258, 2, 13, 36, 1055 }, // U+00BB
    { 23, 18, 414, 1, 18, 104, 1091 }, // U+00BC
    { 24, 19, 414, 1, 18, 114, 1195 }, // U+00BD
    { 23, 18, 414, 1, 18, 104, 1309 }, // U+00BE
    { 12, 19, 232, 1, 14, 57, 1413 }, // U+00BF
    { 20, 23, 310, 0, 23, 115, 1470 }, // U+00C0
    { 20, 23, 310, 0, 23, 115, 1585 }, // U+00C1
    { 20, 23, 310, 0, 23, 115, 1700 }, // U+00C2
    { 20, 24, 310, 0, 24, 120, 1815 }, // U+00C3
    { 20, 24, 310, 0, 24, 120, 1935 }, // U+00C4
    { 20, 23, 310, 0, 23, 115, 2055 }, // U+00C5
    { 26, 18, 434, 0, 18, 117, 2170 }, // U+00C6
    { 16, 23, 294, 1, 18, 92, 2287 }, // U+00C7
    { 14, 23, 273, 2, 23, 81, 2379 }, // U+00C8
    { 14, 23, 273, 2, 23, 81, 2460 }, // U+00C9
    { 14, 23, 273, 2, 23, 81, 2541 }, // U+00CA
    { 14, 24, 273, 2, 24, 84, 2622 }, // U+00CB
    { 7, 23, 149, 0, 23, 41, 2706 }, // U+00CC
    { 7, 23, 149, 2, 23, 41, 2747 }, // U+00CD
    { 10, 23, 149, 0, 23, 58, 2788 }, // U+00CE
    { 9, 24, 149, 0, 24, 54, 2846 }, // U+00CF
    { 20, 18, 335, 0, 18, 90, 2900 }, // U+00D0
    { 17, 24, 335, 2, 24, 102, 2990 }, // U+00D1
    { 19, 23, 340, 1, 23, 110, 3092 }, // U+00D2
    { 19, 23, 340, 1, 23, 110, 3202 }, // U+00D3
    { 19, 23, 340, 1, 23, 110, 3312 }, // U+00D4
    { 19, 24, 340, 1, 24, 114, 3422 }, // U+00D5
    { 19, 24, 340, 1, 24, 114, 3536 }, // U+00D6
    { 15, 15, 335, 3, 15, 57, 3650 }, // U+00D7
    { 21, 20, 340, 0, 19, 105, 3707 }, // U+00D8
    { 16, 23, 325, 2, 23, 92, 3812 }, // U+00D9
    { 16, 23, 325, 2, 23, 92, 3904 }, // U+00DA
    { 16, 23, 325, 2, 23, 92, 3996 }, // U+00DB
    { 16, 24, 325, 2, 24, 96, 4088 }, // U+00DC
    { 20, 23, 290, -1, 23, 115, 4184 }, // U+00DD
    { 16, 18, 295, 2, 18, 72, 4299 }, // U+00DE
    { 15, 19, 288, 2, 19, 72, 4371 }, // U+00DF
    { 14, 20, 270, 1, 20, 70, 4443 }, // U+00E0
    { 14, 20, 270, 1, 20, 70, 4513 }, // U+00E1
    { 14, 20, 270, 1, 20, 70, 4583 }, // U+00E2
    { 14, 20, 270, 1, 20, 70, 4653 }, // U+00E3
    { 14, 19, 270, 1, 19, 67, 4723 }, // U+00E4
    { 14, 22, 270, 1, 22, 77, 4790 }, // U+00E5
    { 24, 14, 419, 1, 14, 84, 4867 }, // U+00E6
    { 13, 19, 237, 1, 14, 62, 4951 }, // U+00E7
    { 15, 20, 271, 1, 20, 75, 5013 }, // U+00E8
    { 15, 20, 271, 1, 20, 75, 5088 }, // U+00E9
    { 15, 20, 271, 1, 20, 75, 5163 }, // U+00EA
    { 15, 19, 271, 1, 19, 72, 5238 }, // U+00EB
    { 8, 20, 137, -1, 20, 40, 5310 }, // U+00EC
    { 8, 20, 137, 2, 20, 40, 5350 }, // U+00ED
    { 10, 20, 137, -1, 20, 50, 5390 }, // U+00EE
    { 9, 19, 137, 0, 19, 43, 5440 }, // U+00EF
    { 16, 19, 275, 1, 19, 76, 5483 }, // U+00F0
    { 14, 20, 285, 2, 20, 70, 5559 }, // U+00F1
    { 16, 20, 275, 1, 20, 80, 5629 }, // U+00F2
    { 16, 20, 275, 1, 20, 80, 5709 }, // U+00F3
    { 16, 20, 275, 1, 20, 80, 5789 }, // U+00F4
    { 16, 20, 275, 1, 20, 80, 5869 }, // U+00F5
    { 16, 19, 275, 1, 19, 76, 5949 }, // U+00F6
    { 17, 15, 335, 2, 15, 64, 6025 }, // U+00F7
    { 17, 16, 275, 0, 15, 68, 6089 }, // U+00F8
    { 15, 20, 285, 1, 20, 75, 6157 }, // U+00F9
    { 15, 20, 285, 1, 20, 75, 6232 }, // U+00FA
    { 15, 20, 285, 1, 20, 75, 6307 }, // U+00FB
    { 15, 19, 285, 1, 19, 72, 6382 }, // U+00FC
    { 16, 25, 261, 0, 20, 100, 6454 }, // U+00FD
    { 15, 24, 286, 2, 19, 90, 6554 }, // U+00FE
    { 16, 24, 261, 0, 19, 96, 6644 }, // U+00FF
    { 20, 23, 310, 0, 23, 115, 0 }, // U+0100
    { 14, 19, 270, 1, 19, 67, 115 }, // U+0101
    { 20, 24, 310, 0, 24, 120, 182 }, // U+0102
    { 14, 20, 270, 1, 20, 70, 302 }, // U+0103
    { 20, 23, 310, 0, 18, 115, 372 }, // U+0104
    { 14, 19, 270, 1, 14, 67, 487 }, // U+0105
    { 16, 23, 294, 1, 23, 92, 554 }, // U+0106
    { 13, 20, 237, 1, 20, 65, 646 }, // U+0107
    { 16, 23, 294, 1, 23, 92, 711 }, // U+0108
    { 13, 20, 237, 1, 20, 65, 803 }, // U+0109
    { 16, 24, 294, 1, 24, 96, 868 }, // U+010A
    { 13, 20, 237, 1, 20, 65, 964 }, // U+010B
    { 16, 23, 294, 1, 23, 92, 1029 }, // U+010C
    { 13, 20, 237, 1, 20, 65, 1121 }, // U+010D
    { 18, 23, 332, 2, 23, 104, 1186 }, // U+010E
    { 21, 19, 286, 1, 19, 100, 1290 }, // U+010F
    { 20, 18, 335, 0, 18, 90, 1390 }, // U+0110
    { 17, 19, 286, 1, 19, 81, 1480 }, // U+0111
    { 14, 23, 273, 2, 23, 81, 1561 }, // U+0112
    { 15, 19, 271, 1, 19, 72, 1642 }, // U+0113
    { 14, 23, 273, 2, 23, 81, 1714 }, // U+0114
    { 15, 20, 271, 1, 20, 75, 1795 }, // U+0115
    { 14, 24, 273, 2, 24, 84, 1870 }, // U+0116
    { 15, 20, 271, 1, 20, 75, 1954 }, // U+0117
    { 14, 23, 273, 2, 18, 81, 2029 }, // U+0118
    { 15, 19, 271, 1, 14, 72, 2110 }, // U+0119
    { 14, 23, 273, 2, 23, 81, 2182 }, // U+011A
    { 15, 20, 271, 1, 20, 75, 2263 }, // U+011B
    { 18, 23, 328, 1, 23, 104, 2338 }, // U+011C
    { 15, 25, 286, 1, 20, 94, 2442 }, // U+011D
    { 18, 23, 328, 1, 23, 104, 2536 }, // U+011E
    { 15, 25, 286, 1, 20, 94, 2640 }, // U+011F
    { 18, 24, 328, 1, 24, 108, 2734 }, // U+0120
    { 15, 25, 286, 1, 20, 94, 2842 }, // U+0121
    { 18, 24, 328, 1, 18, 108, 2936 }, // U+0122
    { 15, 24, 286, 1, 19, 90, 3044 }, // U+0123
    { 17, 23, 335, 2, 23, 98, 3134 }, // U+0124
    { 17, 23, 285, -1, 23, 98, 3232 }, // U+0125
    { 21, 18, 389, 2, 18, 95, 3330 }, // U+0126
    { 16, 19, 316, 2, 19, 76, 3425 }, // U+0127
    { 9, 24, 149, 0, 24, 54, 3501 }, // U+0128
    { 9, 20, 137, 0, 20, 45, 3555 }, // U+0129
    { 9, 23, 149, 0, 23, 52, 3600 }, // U+012A
    { 9, 19, 137, 0, 19, 43, 3652 }, // U+012B
    { 9, 23, 149, 0, 23, 52, 3695 }, // U+012C
    { 9, 20, 137, 0, 20, 45, 3747 }, // U+012D
    { 8, 23, 149, 2, 18, 46, 3792 }, // U+012E
    { 7, 24, 137, 2, 19, 42, 3838 }, // U+012F
    { 5, 24, 149, 2, 24, 30, 3880 }, // U+0130
    { 5, 14, 137, 2, 14, 18, 3910 }, // U+0131
    { 15, 23, 298, 2, 18, 87, 3928 }, // U+0132
    { 14, 24, 274, 2, 19, 84, 4015 }, // U+0133
    { 12, 28, 149, -2, 23, 84, 4099 }, // U+0134
    { 10, 25, 137, -1, 20, 63, 4183 }, // U+0135
    { 19, 23, 310, 2, 18, 110, 4246 }, // U+0136
    { 16, 24, 266, 2, 19, 96, 4356 }, // U+0137
    { 16, 14, 266, 2, 14, 56, 4452 }, // U+0138
    { 14, 23, 255, 2, 23, 81, 4508 }, // U+0139
    { 7, 23, 137, 2, 23, 41, 4589 }, // U+013A
    { 14, 23, 255, 2, 18, 81, 4630 }, // U+013B
    { 6, 24, 137, 1, 19, 36, 4711 }, // U+013C
    { 14, 18, 255, 2, 18, 63, 4747 }, // U+013D
    { 10, 19, 192, 2, 19, 48, 4810 }, // U+013E
    { 14, 18, 255, 2, 18, 63, 4858 }, // U+013F
    { 11, 19, 223, 2, 19, 53, 4921 }, // U+0140
    { 18, 18, 257, -2, 18, 81, 4974 }, // U+0141
    { 11, 19, 148, -1, 19, 53, 5055 }, // U+0142
    { 17, 23, 335, 2, 23, 98, 5108 }, // U+0143
    { 14, 20, 285, 2, 20, 70, 5206 }, // U+0144
    { 17, 23, 335, 2, 18, 98, 5276 }, // U+0145
    { 14, 19, 285, 2, 14, 67, 5374 }, // U+0146
    { 17, 23, 335, 2, 23, 98, 5441 }, // U+0147
    { 14, 20, 285, 2, 20, 70, 5539 }, // U+0148
    { 22, 18, 393, 1, 18, 99, 5609 }, // U+0149
    { 17, 23, 335, 2, 18, 98, 5708 }, // U+014A
    { 14, 19, 285, 2, 14, 67, 5806 }, // U+014B
    { 19, 23, 340, 1, 23, 110, 5873 }, // U+014C
    { 16, 19, 275, 1, 19, 76, 5983 }, // U+014D
    { 19, 23, 340, 1, 23, 110, 6059 }, // U+014E
    { 16, 20, 275, 1, 20, 80, 6169 }, // U+014F
    { 19, 23, 340, 1, 23, 110, 6249 }, // U+0150
    { 16, 20, 275, 1, 20, 80, 6359 }, // U+0151
    { 27, 20, 467, 1, 19, 135, 6439 }, // U+0152
    { 26, 14, 438, 1, 14, 91, 6574 }, // U+0153
    { 17, 23, 308, 2, 23, 98, 6665 }, // U+0154
    { 11, 20, 197, 2, 20, 55, 6763 }, // U+0155
    { 17, 23, 308, 2, 18, 98, 6818 }, // U+0156
    { 12, 19, 197, 1, 14, 57, 6916 }, // U+0157
    { 17, 23, 308, 2, 23, 98, 6973 }, // U+0158
    { 11, 20, 197, 2, 20, 55, 7071 }, // U+0159
    { 16, 23, 288, 1, 23, 92, 7126 }, // U+015A
    { 13, 20, 238, 1, 20, 65, 7218 }, // U+015B
    { 16, 23, 288, 1, 23, 92, 7283 }, // U+015C
    { 13, 20, 238, 1, 20, 65, 7375 }, // U+015D
    { 16, 23, 288, 1, 18, 92, 7440 }, // U+015E
    { 13, 19, 238, 1, 14, 62, 7532 }, // U+015F
    { 16, 23, 288, 1, 23, 92, 7594 }, // U+0160
    { 13, 20, 238, 1, 20, 65, 7686 }, // U+0161
    { 17, 23, 273, 0, 18, 98, 7751 }, // U+0162
    { 12, 23, 191, 0, 18, 69, 7849 }, // U+0163
    { 17, 23, 273, 0, 23, 98, 7918 }, // U+0164
    { 13, 20, 191, 0, 20, 65, 8016 }, // U+0165
    { 17, 18, 273, 0, 18, 77, 8081 }, // U+0166
    { 12, 18, 191, 0, 18, 54, 8158 }, // U+0167
    { 16, 24, 325, 2, 24, 96, 8212 }, // U+0168
    { 15, 20, 285, 1, 20, 75, 8308 }, // U+0169
    { 16, 23, 325, 2, 23, 92, 8383 }, // U+016A
    { 15, 19, 285, 1, 19, 72, 8475 }, // U+016B
    { 16, 23, 325, 2, 23, 92, 8547 }, // U+016C
    { 15, 20, 285, 1, 20, 75, 8639 }, // U+016D
    { 16, 23, 325, 2, 23, 92, 8714 }, // U+016E
    { 15, 22, 285, 1, 22, 83, 8806 }, // U+016F
    { 16, 23, 325, 2, 23, 92, 8889 }, // U+0170
    { 15, 20, 285, 1, 20, 75, 8981 }, // U+0171
    { 16, 23, 325, 2, 18, 92, 9056 }, // U+0172
    { 17, 19, 285, 1, 14, 81, 9148 }, // U+0173
    { 27, 23, 441, 0, 23, 156, 9229 }, // U+0174
    { 23, 20, 370, 0, 20, 115, 9385 }, // U+0175
    { 20, 23, 290, -1, 23, 115, 9500 }, // U+0176
    { 16, 25, 261, 0, 20, 100, 9615 }, // U+0177
    { 20, 24, 290, -1, 24, 120, 9715 }, // U+0178
    { 16, 23, 290, 1, 23, 92, 9835 }, // U+0179
    { 13, 20, 233, 1, 20, 65, 9927 }, // U+017A
    { 16, 24, 290, 1, 24, 96, 9992 }, // U+017B
    { 13, 20, 233, 1, 20, 65, 10088 }, // U+017C
    { 16, 23, 290, 1, 23, 92, 10153 }, // U+017D
    { 13, 20, 233, 1, 20, 65, 10245 }, // U+017E
    { 12, 19, 174, 0, 19, 57, 10310 }, // U+017F
    { 21, 20, 349, 1, 20, 105, 0 }, // U+01A0
    { 17, 16, 275, 1, 16, 68, 105 }, // U+01A1
    { 19, 20, 334, 2, 20, 95, 173 }, // U+01AF
    { 18, 16, 285, 1, 16, 72, 268 }, // U+01B0
    { 36, 23, 622, 2, 23, 207, 340 }, // U+01C4
    { 33, 20, 565, 2, 20, 165, 547 }, // U+01C5
    { 31, 20, 519, 1, 20, 155, 712 }, // U+01C6
    { 21, 23, 404, 2, 18, 121, 867 }, // U+01C7
    { 21, 24, 392, 2, 19, 126, 988 }, // U+01C8
    { 14, 24, 274, 2, 19, 84, 1114 }, // U+01C9
    { 26, 23, 484, 2, 18, 150, 1198 }, // U+01CA
    { 26, 24, 472, 2, 19, 156, 1348 }, // U+01CB
    { 23, 24, 422, 2, 19, 138, 1504 }, // U+01CC
    { 20, 23, 310, 0, 23, 115, 1642 }, // U+01CD
    { 14, 20, 270, 1, 20, 70, 1757 }, // U+01CE
    { 10, 23, 149, 0, 23, 58, 1827 }, // U+01CF
    { 10, 20, 137, 0, 20, 50, 1885 }, // U+01D0
    { 19, 23, 340, 1, 23, 110, 1935 }, // U+01D1
    { 16, 20, 275, 1, 20, 80, 2045 }, // U+01D2
    { 16, 23, 325, 2, 23, 92, 2125 }, // U+01D3
    { 15, 20, 285, 1, 20, 75, 2217 }, // U+01D4
    { 16, 26, 325, 2, 26, 104, 2292 }, // U+01D5
    { 15, 23, 285, 1, 23, 87, 2396 }, // U+01D6
    { 16, 27, 325, 2, 27, 108, 2483 }, // U+01D7
    { 15, 22, 285, 1, 22, 83, 2591 }, // U+01D8
    { 16, 27, 325, 2, 27, 108, 2674 }, // U+01D9
    { 15, 22, 285, 1, 22, 83, 2782 }, // U+01DA
    { 16, 27, 325, 2, 27, 108, 2865 }, // U+01DB
    { 15, 22, 285, 1, 22, 83, 2973 }, // U+01DC
    { 15, 14, 271, 1, 14, 53, 3056 }, // U+01DD
    { 20, 26, 310, 0, 26, 130, 3109 }, // U+01DE
    { 14, 23, 270, 1, 23, 81, 3239 }, // U+01DF
    { 20, 26, 310, 0, 26, 130, 3320 }, // U+01E0
    { 14, 23, 270, 1, 23, 81, 3450 }, // U+01E1
    { 26, 23, 434, 0, 23, 150, 3531 }, // U+01E2
    { 24, 19, 419, 1, 19, 114, 3681 }, // U+01E3
    { 19, 20, 328, 1, 19, 95, 3795 }, // U+01E4
    { 16, 20, 286, 1, 14, 80, 3890 }, // U+01E5
    { 18, 23, 328, 1, 23, 104, 3970 }, // U+01E6
    { 15, 25, 286, 1, 20, 94, 4074 }, // U+01E7
    { 19, 23, 310, 2, 23, 110, 4168 }, // U+01E8
    { 19, 23, 266, -1, 23, 110, 4278 }, // U+01E9
    { 19, 23, 340, 1, 18, 110, 4388 }, // U+01EA
    { 16, 19, 275, 1, 14, 76, 4498 }, // U+01EB
    { 19, 28, 340, 1, 23, 133, 4574 }, // U+01EC
    { 16, 24, 275, 1, 19, 96, 4707 }, // U+01ED
    { 18, 24, 309, 1, 23, 108, 4803 }, // U+01EE
    { 14, 26, 233, 1, 20, 91, 4911 }, // U+01EF
    { 10, 25, 137, -1, 20, 63, 5002 }, // U+01F0
    { 36, 18, 622, 2, 18, 162, 5065 }, // U+01F1
    { 33, 18, 565, 2, 18, 149, 5227 }, // U+01F2
    { 31, 19, 519, 1, 19, 148, 5376 }, // U+01F3
    { 18, 23, 328, 1, 23, 104, 5524 }, // U+01F4
    { 15, 25, 286, 1, 20, 94, 5628 }, // U+01F5
    { 28, 20, 515, 2, 19, 140, 5722 }, // U+01F6
    { 17, 25, 315, 2, 19, 107, 5862 }, // U+01F7
    { 17, 23, 335, 2, 23, 98, 5969 }, // U+01F8
    { 14, 20, 285, 2, 20, 70, 6067 }, // U+01F9
    { 20, 23, 310, 0, 23, 115, 6137 }, // U+01FA
    { 17, 23, 270, 1, 23, 98, 6252 }, // U+01FB
    { 26, 23, 434, 0, 23, 150, 6350 }, // U+01FC
    { 24, 20, 419, 1, 20, 120, 6500 }, // U+01FD
    { 21, 24, 340, 0, 23, 126, 6620 }, // U+01FE
    { 17, 21, 275, 0, 20, 90, 6746 }, // U+01FF
    { 20, 24, 310, 0, 24, 120, 6836 }, // U+0200
    { 14, 20, 270, 1, 20, 70, 6956 }, // U+0201
    { 20, 23, 310, 0, 23, 115, 7026 }, // U+0202
    { 14, 20, 270, 1, 20, 70, 7141 }, // U+0203
    { 14, 24, 273, 2, 24, 84, 7211 }, // U+0204
    { 15, 20, 271, 1, 20, 75, 7295 }, // U+0205
    { 14, 23, 273, 2, 23, 81, 7370 }, // U+0206
    { 15, 20, 271, 1, 20, 75, 7451 }, // U+0207
    { 12, 24, 149, -2, 24, 72, 7526 }, // U+0208
    { 11, 20, 137, -1, 20, 55, 7598 }, // U+0209
    { 9, 23, 149, 0, 23, 52, 7653 }, // U+020A
    { 9, 20, 137, 0, 20, 45, 7705 }, // U+020B
    { 19, 24, 340, 1, 24, 114, 7750 }, // U+020C
    { 16, 20, 275, 1, 20, 80, 7864 }, // U+020D
    { 19, 23, 340, 1, 23, 110, 7944 }, // U+020E
    { 16, 20, 275, 1, 20, 80, 8054 }, // U+020F
    { 17, 24, 308, 2, 24, 102, 8134 }, // U+0210
    { 12, 20, 197, 1, 20, 60, 8236 }, // U+0211
    { 17, 23, 308, 2, 23, 98, 8296 }, // U+0212
    { 11, 20, 197, 2, 20, 55, 8394 }, // U+0213
    { 16, 24, 325, 2, 24, 96, 8449 }, // U+0214
    { 15, 20, 285, 1, 20, 75, 8545 }, // U+0215
    { 16, 23, 325, 2, 23, 92, 8620 }, // U+0216
    { 15, 20, 285, 1, 20, 75, 8712 }, // U+0217
    { 16, 24, 288, 1, 18, 96, 8787 }, // U+0218
    { 13, 20, 238, 1, 14, 65, 8883 }, // U+0219
    { 17, 24, 273, 0, 18, 102, 8948 }, // U+021A
    { 12, 24, 191, 0, 18, 72, 9050 }, // U+021B
    { 15, 25, 276, 1, 19, 94, 9122 }, // U+021C
    { 13, 20, 243, 1, 14, 65, 9216 }, // U+021D
    { 17, 23, 335, 2, 23, 98, 9281 }, // U+021E
    { 17, 23, 285, -1, 23, 98, 9379 }, // U+021F
    { 8, 5, 0, -12, 20, 10, 0 }, // U+0300
    { 8, 5, 0, -9, 20, 10, 10 }, // U+0301
    { 10, 5, 0, -11, 20, 13, 20 }, // U+0302
    { 9, 5, 0, -11, 20, 12, 33 }, // U+0303
    { 9, 2, 0, -11, 19, 5, 45 }, // U+0304
    { 13, 2, 0, -13, 18, 7, 50 }, // U+0305
    { 9, 4, 0, -11, 20, 9, 57 }, // U+0306
    { 5, 5, 0, -9, 20, 7, 66 }, // U+0307
    { 9, 3, 0, -11, 19, 7, 73 }, // U+0308
    { 7, 7, 0, -10, 22, 13, 80 }, // U+0309
    { 8, 7, 0, -10, 22, 14, 93 }, // U+030A
    { 11, 5, 0, -11, 20, 14, 107 }, // U+030B
    { 10, 5, 0, -11, 20, 13, 121 }, // U+030C
    { 3, 6, 0, -8, 21, 5, 134 }, // U+030D
    { 8, 6, 0, -10, 21, 12, 139 }, // U+030E
    { 11, 5, 0, -13, 20, 14, 151 }, // U+030F
    { 9, 6, 0, -11, 22, 14, 165 }, // U+0310
    { 9, 5, 0, -11, 20, 12, 179 }, // U+0311
    { 6, 4, 0, -7, 14, 6, 191 }, // U+0312
    { 4, 8, 0, -7, 22, 8, 197 }, // U+0313
    { 4, 8, 0, -7, 22, 8, 205 }, // U+0314
    { 6, 5, 0, -3, 20, 8, 213 }, // U+0315
    { 8, 5, 0, -12, -2, 10, 221 }, // U+0316
    { 8, 5, 0, -9, -2, 10, 231 }, // U+0317
    { 5, 6, 0, -10, 0, 8, 241 }, // U+0318
    { 5, 6, 0, -8, 0, 8, 249 }, // U+0319
    { 8, 8, 0, -6, 24, 16, 257 }, // U+031A
    { 6, 6, 0, -5, 16, 9, 273 }, // U+031B
    { 4, 6, 0, -9, 0, 6, 282 }, // U+031C
    { 8, 5, 0, -10, -1, 10, 288 }, // U+031D
    { 8, 5, 0, -10, -1, 10, 298 }, // U+031E
    { 7, 6, 0, -10, 0, 11, 308 }, // U+031F
    { 8, 4, 0, -10, -2, 8, 319 }, // U+0320
    { 10, 9, 0, -11, 3, 23, 327 }, // U+0321
    { 10, 9, 0, -11, 3, 23, 350 }, // U+0322
    { 5, 5, 0, -9, -1, 7, 373 }, // U+0323
    { 9, 3, 0, -11, -3, 7, 380 }, // U+0324
    { 7, 6, 0, -10, 0, 11, 387 }, // U+0325
    { 6, 4, 0, -9, -2, 6, 398 }, // U+0326
    { 7, 5, 0, -10, 0, 9, 404 }, // U+0327
    { 6, 5, 0, -9, 0, 8, 413 }, // U+0328
    { 3, 5, 0, -8, -1, 4, 421 }, // U+0329
    { 9, 5, 0, -11, -1, 12, 425 }, // U+032A
    { 11, 4, 0, -12, -2, 11, 437 }, // U+032B
    { 10, 5, 0, -11, -1, 13, 448 }, // U+032C
    { 10, 5, 0, -11, -1, 13, 461 }, // U+032D
    { 9, 4, 0, -11, -2, 9, 474 }, // U+032E
    { 9, 4, 0, -11, -2, 9, 483 }, // U+032F
    { 9, 5, 0, -11, -2, 12, 492 }, // U+0330
    { 9, 2, 0, -11, -2, 5, 504 }, // U+0331
    { 13, 2, 0, -13, -4, 7, 509 }, // U+0332
    { 13, 5, 0, -13, -1, 17, 516 }, // U+0333
    { 17, 6, 0, -16, 11, 26, 533 }, // U+0334
    { 10, 3, 0, -12, 8, 8, 559 }, // U+0335
    { 19, 3, 0, -21, 8, 15, 567 }, // U+0336
    { 16, 17, 0, -17, 15, 68, 582 }, // U+0337
    { 21, 21, 0, -21, 20, 111, 650 }, // U+0338
    { 4, 6, 0, -8, 0, 6, 761 }, // U+0339
    { 9, 5, 0, -11, -1, 12, 767 }, // U+033A
    { 7, 7, 0, -9, 0, 13, 779 }, // U+033B
    { 11, 4, 0, -12, -2, 11, 792 }, // U+033C
    { 7, 8, 0, -10, 22, 14, 803 }, // U+033D
    { 4, 8, 0, -7, 22, 8, 817 }, // U+033E
    { 13, 5, 0, -13, 18, 17, 825 }, // U+033F
    { 8, 5, 0, -12, 20, 10, 842 }, // U+0340
    { 8, 5, 0, -9, 20, 10, 852 }, // U+0341
    { 9, 5, 0, -11, 20, 12, 862 }, // U+0342
    { 4, 8, 0, -7, 22, 8, 874 }, // U+0343
    { 10, 8, 0, -11, 24, 20, 882 }, // U+0344
    { 4, 5, 0, -8, -1, 5, 902 }, // U+0345
    { 9, 5, 0, -11, 20, 12, 907 }, // U+0346
    { 6, 6, 0, -9, 0, 9, 919 }, // U+0347
    { 7, 5, 0, -10, -1, 9, 928 }, // U+0348
    { 7, 6, 0, -10, 0, 11, 937 }, // U+0349
    { 9, 5, 0, -11, 20, 12, 948 }, // U+034A
    { 9, 8, 0, -11, 22, 18, 960 }, // U+034B
    { 9, 9, 0, -11, 22, 21, 978 }, // U+034C
    { 11, 6, 0, -12, 0, 17, 999 }, // U+034D
    { 6, 5, 0, -9, -1, 8, 1016 }, // U+034E
    { 0, 0, 0, 0, 0, 0, 1024 }, // U+034F
    { 5, 8, 0, -9, 23, 10, 1024 }, // U+0351
    { 9, 6, 0, -11, 22, 14, 1034 }, // U+0352
    { 7, 6, 0, -10, 0, 11, 1048 }, // U+0353
    { 5, 8, 0, -9, 23, 10, 1059 }, // U+0357
    { 4, 3, 0, -3, 19, 3, 1069 }, // U+0358
    { 11, 6, 0, -12, 0, 17, 1072 }, // U+035A
    { 23, 5, 0, -11, -1, 29, 1089 }, // U+035C
    { 23, 5, 0, -11, 25, 29, 1118 }, // U+035D
    { 24, 4, 0, -12, 23, 24, 1147 }, // U+035E
    { 24, 3, 0, -12, -2, 18, 1171 }, // U+035F
    { 20, 5, 0, -10, 23, 25, 1189 }, // U+0360
    { 24, 5, 0, -12, 24, 30, 1214 }, // U+0361
    { 24, 6, 0, -12, 0, 36, 1244 }, // U+0362
    { 14, 23, 273, 2, 23, 81, 0 }, // U+0400
    { 14, 24, 273, 2, 24, 84, 81 }, // U+0401
    { 20, 24, 351, 0, 19, 120, 165 }, // U+0402
    { 14, 23, 255, 2, 23, 81, 285 }, // U+0403
    { 16, 18, 294, 1, 18, 72, 366 }, // U+0404
    { 16, 18, 288, 1, 18, 72, 438 }, // U+0405
    { 5, 18, 149, 2, 18, 23, 510 }, // U+0406
    { 9, 24, 149, 0, 24, 54, 533 }, // U+0407
    { 9, 23, 149, -2, 18, 52, 587 }, // U+0408
    { 27, 19, 462, 1, 19, 129, 639 }, // U+0409
    { 25, 19, 452, 2, 19, 119, 768 }, // U+040A
    { 20, 19, 351, 0, 19, 95, 887 }, // U+040B
    { 19, 23, 327, 2, 23, 110, 982 }, // U+040C
    { 17, 23, 335, 2, 23, 98, 1092 }, // U+040D
    { 19, 23, 308, 0, 23, 110, 1190 }, // U+040E
    { 17, 23, 335, 2, 19, 98, 1300 }, // U+040F
    { 20, 18, 310, 0, 18, 90, 1398 }, // U+0410
    { 16, 18, 305, 2, 18, 72, 1488 }, // U+0411
    { 16, 18, 305, 2, 18, 72, 1560 }, // U+0412
    { 14, 18, 255, 2, 18, 63, 1632 }, // U+0413
    { 20, 22, 356, 1, 18, 110, 1695 }, // U+0414
    { 14, 18, 273, 2, 18, 63, 1805 }, // U+0415
    { 31, 18, 490, 0, 18, 140, 1868 }, // U+0416
    { 16, 18, 284, 1, 18, 72, 2008 }, // U+0417
    { 17, 18, 335, 2, 18, 77, 2080 }, // U+0418
    { 17, 23, 335, 2, 23, 98, 2157 }, // U+0419
    { 19, 18, 327, 2, 18, 86, 2255 }, // U+041A
    { 18, 18, 332, 1, 18, 81, 2341 }, // U+041B
    { 21, 18, 398, 2, 18, 95, 2422 }, // U+041C
    { 17, 18, 335, 2, 18, 77, 2517 }, // U+041D
    { 19, 18, 340, 1, 18, 86, 2594 }, // U+041E
    { 17, 18, 335, 2, 18, 77, 2680 }, // U+041F
    { 16, 18, 293, 2, 18, 72, 2757 }, // U+0420
    { 16, 18, 294, 1, 18, 72, 2829 }, // U+0421
    { 17, 18, 273, 0, 18, 77, 2901 }, // U+0422
    { 19, 18, 308, 0, 18, 86, 2978 }, // U+0423
    { 23, 18, 397, 1, 18, 104, 3064 }, // U+0424
    { 19, 18, 308, 0, 18, 86, 3168 }, // U+0425
    { 20, 22, 371, 2, 18, 110, 3254 }, // U+0426
    { 16, 18, 323, 2, 18, 72, 3364 }, // U+0427
    { 27, 18, 494, 2, 18, 122, 3436 }, // U+0428
    { 30, 22, 530, 2, 18, 165, 3558 }, // U+0429
    { 22, 19, 376, 1, 19, 105, 3723 }, // U+042A
    { 22, 18, 414, 2, 18, 99, 3828 }, // U+042B
    { 16, 18, 305, 2, 18, 72, 3927 }, // U+042C
    { 17, 20, 294, 1, 19, 85, 3999 }, // U+042D
    { 26, 18, 470, 2, 18, 117, 4084 }, // U+042E
    { 16, 18, 308, 1, 18, 72, 4201 }, // U+042F
    { 14, 14, 270, 1, 14, 49, 4273 }, // U+0430
    { 16, 20, 279, 1, 20, 80, 4322 }, // U+0431
    { 13, 14, 253, 2, 14, 46, 4402 }, // U+0432
    { 11, 14, 209, 2, 14, 39, 4448 }, // U+0433
    { 18, 17, 323, 1, 14, 77, 4487 }, // U+0434
    { 15, 14, 271, 1, 14, 53, 4564 }, // U+0435
    { 25, 14, 398, 0, 14, 88, 4617 }, // U+0436
    { 12, 14, 232, 1, 14, 42, 4705 }, // U+0437
    { 14, 14, 280, 2, 14, 49, 4747 }, // U+0438
    { 14, 20, 280, 2, 20, 70, 4796 }, // U+0439
    { 15, 14, 271, 2, 14, 53, 4866 }, // U+043A
    { 16, 14, 293, 1, 14, 56, 4919 }, // U+043B
    { 17, 14, 327, 2, 14, 60, 4975 }, // U+043C
    { 14, 14, 276, 2, 14, 49, 5035 }, // U+043D
    { 16, 14, 275, 1, 14, 56, 5084 }, // U+043E
    { 14, 14, 276, 2, 14, 49, 5140 }, // U+043F
    { 15, 19, 286, 2, 14, 72, 5189 }, // U+0440
    { 13, 14, 237, 1, 14, 46, 5261 }, // U+0441
    { 15, 14, 232, 0, 14, 53, 5307 }, // U+0442
    { 16, 19, 261, 0, 14, 76, 5360 }, // U+0443
    { 23, 24, 397, 1, 19, 138, 5436 }, // U+0444
    { 16, 14, 258, 0, 14, 56, 5574 }, // U+0445
    { 16, 17, 296, 2, 14, 68, 5630 }, // U+0446
    { 14, 14, 275, 1, 14, 49, 5698 }, // U+0447
    { 23, 14, 425, 2, 14, 81, 5747 }, // U+0448
    { 25, 17, 442, 2, 14, 107, 5828 }, // U+0449
    { 18, 14, 301, 0, 14, 63, 5935 }, // U+044A
    { 19, 14, 362, 2, 14, 67, 5998 }, // U+044B
    { 13, 14, 253, 2, 14, 46, 6065 }, // U+044C
    { 13, 15, 237, 1, 14, 49, 6111 }, // U+044D
    { 22, 14, 389, 2, 14, 77, 6160 }, // U+044E
    { 14, 14, 257, 0, 14, 49, 6237 }, // U+044F
    { 15, 20, 271, 1, 20, 75, 6286 }, // U+0450
    { 15, 19, 271, 1, 19, 72, 6361 }, // U+0451
    { 17, 25, 286, 0, 19, 107, 6433 }, // U+0452
    { 11, 20, 209, 2, 20, 55, 6540 }, // U+0453
    { 13, 14, 237, 1, 14, 46, 6595 }, // U+0454
    { 13, 14, 238, 1, 14, 46, 6641 }, // U+0455
    { 5, 19, 137, 2, 19, 24, 6687 }, // U+0456
    { 9, 19, 137, 0, 19, 43, 6711 }, // U+0457
    { 8, 24, 137, -1, 19, 48, 6754 }, // U+0458
    { 23, 14, 396, 1, 14, 81, 6802 }, // U+0459
    { 21, 14, 382, 2, 14, 74, 6883 }, // U+045A
    { 17, 19, 294, 0, 19, 81, 6957 }, // U+045B
    { 15, 20, 271, 2, 20, 75, 7038 }, // U+045C
    { 14, 20, 280, 2, 20, 70, 7113 }, // U+045D
    { 16, 25, 261, 0, 20, 100, 7183 }, // U+045E
    { 14, 18, 276, 2, 14, 63, 7283 }, // U+045F
    { 26, 20, 437, 1, 19, 130, 7346 }, // U+0460
    { 20, 15, 348, 1, 14, 75, 7476 }, // U+0461
    { 19, 19, 336, 1, 19, 91, 7551 }, // U+0462
    { 18, 19, 294, 0, 19, 86, 7642 }, // U+0463
    { 22, 20, 405, 2, 19, 110, 7728 }, // U+0464
    { 17, 15, 336, 2, 14, 64, 7838 }, // U+0465
    { 25, 19, 397, 0, 19, 119, 7902 }, // U+0466
    { 21, 14, 333, 0, 14, 74, 8021 }, // U+0467
    { 32, 19, 543, 2, 19, 152, 8095 }, // U+0468
    { 26, 14, 448, 2, 14, 91, 8247 }, // U+0469
    { 19, 19, 340, 1, 19, 91, 8338 }, // U+046A
    { 16, 14, 275, 1, 14, 56, 8429 }, // U+046B
    { 27, 19, 494, 2, 19, 129, 8485 }, // U+046C
    { 23, 14, 403, 2, 14, 81, 8614 }, // U+046D
    { 15, 30, 278, 1, 24, 113, 8695 }, // U+046E
    { 13, 24, 223, 0, 19, 78, 8808 }, // U+046F
    { 27, 19, 430, 0, 19, 129, 8886 }, // U+0470
    { 27, 25, 424, 0, 19, 169, 9015 }, // U+0471
    { 19, 18, 340, 1, 18, 86, 9184 }, // U+0472
    { 16, 14, 275, 1, 14, 56, 9270 }, // U+0473
    { 21, 19, 340, 0, 19, 100, 9326 }, // U+0474
    { 18, 14, 278, 0, 14, 63, 9426 }, // U+0475
    { 21, 24, 340, 0, 24, 126, 9489 }, // U+0476
    { 18, 20, 278, 0, 20, 90, 9615 }, // U+0477
    { 28, 25, 459, 1, 19, 175, 9705 }, // U+0478
    { 25, 20, 417, 1, 14, 125, 9880 }, // U+0479
    { 25, 20, 430, 1, 19, 125, 10005 }, // U+047A
    { 20, 15, 345, 1, 14, 75, 10130 }, // U+047B
    { 33, 25, 562, 1, 24, 207, 10205 }, // U+047C
    { 28, 22, 469, 1, 21, 154, 10412 }, // U+047D
    { 26, 24, 437, 1, 23, 156, 10566 }, // U+047E
    { 20, 20, 348, 1, 19, 100, 10722 }, // U+047F
    { 16, 25, 294, 1, 19, 100, 10822 }, // U+0480
    { 13, 20, 237, 1, 14, 65, 10922 }, // U+0481
    { 14, 14, 261, 0, 13, 49, 10987 }, // U+0482
    { 14, 6, 0, -16, 21, 21, 11036 }, // U+0483
    { 11, 5, 0, -11, 20, 14, 11057 }, // U+0484
    { 5, 6, 0, -10, 20, 8, 11071 }, // U+0485
    { 5, 6, 0, -10, 20, 8, 11079 }, // U+0486
    { 21, 6, 0, -20, 20, 32, 11087 }, // U+0487
    { 37, 29, 167, -27, 24, 269, 11119 }, // U+0488
    { 33, 33, 167, -25, 26, 273, 11388 }, // U+0489
    { 22, 29, 383, 2, 23, 160, 11661 }, // U+048A
    { 18, 26, 323, 2, 20, 117, 11821 }, // U+048B
    { 18, 19, 305, 0, 19, 86, 11938 }, // U+048C
    { 15, 18, 245, 0, 18, 68, 12024 }, // U+048D
    { 16, 19, 293, 2, 19, 76, 12092 }, // U+048E
    { 15, 20, 286, 2, 14, 75, 12168 }, // U+048F
    { 14, 22, 255, 2, 22, 77, 12243 }, // U+0490
    { 11, 18, 209, 2, 18, 50, 12320 }, // U+0491
    { 16, 19, 266, 0, 19, 76, 12370 }, // U+0492
    { 13, 14, 217, 0, 14, 46, 12446 }, // U+0493
    { 17, 24, 323, 2, 19, 102, 12492 }, // U+0494
    { 13, 20, 268, 2, 14, 65, 12594 }, // U+0495
    { 31, 23, 490, 0, 19, 179, 12659 }, // U+0496
    { 25, 18, 398, 0, 14, 113, 12838 }, // U+0497
    { 16, 23, 284, 1, 18, 92, 12951 }, // U+0498
    { 12, 19, 232, 1, 14, 57, 13043 }, // U+0499
    { 19, 23, 310, 2, 19, 110, 13100 }, // U+049A
    { 15, 18, 271, 2, 14, 68, 13210 }, // U+049B
    { 19, 19, 327, 2, 19, 91, 13278 }, // U+049C
    { 15, 14, 271, 2, 14, 53, 13369 }, // U+049D
    { 21, 19, 327, 0, 19, 100, 13422 }, // U+049E
    { 17, 19, 271, 0, 19, 81, 13522 }, // U+049F
    { 26, 19, 406, 0, 19, 124, 13603 }, // U+04A0
    { 21, 14, 330, 0, 14, 74, 13727 }, // U+04A1
    { 22, 23, 382, 2, 19, 127, 13801 }, // U+04A2
    { 18, 18, 323, 2, 14, 81, 13928 }, // U+04A3
    { 25, 19, 441, 2, 19, 119, 14009 }, // U+04A4
    { 20, 14, 350, 2, 14, 70, 14128 }, // U+04A5
    { 28, 24, 509, 2, 19, 168, 14198 }, // U+04A6
    { 22, 20, 407, 2, 14, 110, 14366 }, // U+04A7
    { 23, 20, 381, 1, 19, 115, 14476 }, // U+04A8
    { 20, 15, 343, 1, 14, 75, 14591 }, // U+04A9
    { 16, 23, 294, 1, 18, 92, 14666 }, // U+04AA
    { 13, 19, 237, 1, 14, 62, 14758 }, // U+04AB
    { 17, 23, 273, 0, 19, 98, 14820 }, // U+04AC
    { 15, 18, 232, 0, 14, 68, 14918 }, // U+04AD
    { 20, 18, 290, -1, 18, 90, 14986 }, // U+04AE
    { 16, 20, 261, 0, 14, 80, 15076 }, // U+04AF
    { 20, 19, 290, -1, 19, 95, 15156 }, // U+04B0
    { 16, 20, 261, 0, 14, 80, 15251 }, // U+04B1
    { 19, 23, 308, 0, 19, 110, 15331 }, // U+04B2
    { 16, 18, 258, 0, 14, 72, 15441 }, // U+04B3
    { 28, 23, 445, 0, 19, 161, 15513 }, // U+04B4
    { 25, 18, 400, 0, 14, 113, 15674 }, // U+04B5
    { 21, 23, 323, 2, 19, 121, 15787 }, // U+04B6
    { 18, 18, 275, 1, 14, 81, 15908 }, // U+04B7
    { 16, 19, 323, 2, 19, 76, 15989 }, // U+04B8
    { 14, 14, 275, 1, 14, 49, 16065 }, // U+04B9
    { 16, 19, 323, 2, 19, 76, 16114 }, // U+04BA
    { 14, 19, 285, 2, 19, 67, 16190 }, // U+04BB
    { 25, 20, 411, 0, 19, 125, 16257 }, // U+04BC
    { 20, 15, 324, 0, 14, 75, 16382 }, // U+04BD
    { 25, 24, 411, 0, 19, 150, 16457 }, // U+04BE
    { 20, 19, 324, 0, 14, 95, 16607 }, // U+04BF
    { 5, 18, 149, 2, 18, 23, 16702 }, // U+04C0
    { 31, 23, 490, 0, 23, 179, 16725 }, // U+04C1
    { 25, 20, 398, 0, 20, 125, 16904 }, // U+04C2
    { 18, 24, 310, 2, 19, 108, 17029 }, // U+04C3
    { 14, 20, 252, 2, 14, 70, 17137 }, // U+04C4
    { 24, 25, 380, 0, 19, 150, 17207 }, // U+04C5
    { 20, 20, 322, 0, 14, 100, 17357 }, // U+04C6
    { 17, 24, 335, 2, 19, 102, 17457 }, // U+04C7
    { 14, 20, 276, 2, 14, 70, 17559 }, // U+04C8
    { 22, 25, 383, 2, 19, 138, 17629 }, // U+04C9
    { 18, 20, 323, 2, 14, 90, 17767 }, // U+04CA
    { 16, 23, 323, 2, 19, 92, 17857 }, // U+04CB
    { 14, 18, 275, 1, 14, 63, 17949 }, // U+04CC
    { 26, 25, 446, 2, 19, 163, 18012 }, // U+04CD
    { 21, 20, 373, 2, 14, 105, 18175 }, // U+04CE
    { 5, 19, 137, 2, 19, 24, 18280 }, // U+04CF
    { 20, 24, 310, 0, 24, 120, 18304 }, // U+04D0
    { 14, 20, 270, 1, 20, 70, 18424 }, // U+04D1
    { 20, 24, 310, 0, 24, 120, 18494 }, // U+04D2
    { 14, 19, 270, 1, 19, 67, 18614 }, // U+04D3
    { 26, 18, 434, 0, 18, 117, 18681 }, // U+04D4
    { 24, 14, 419, 1, 14, 84, 18798 }, // U+04D5
    { 14, 23, 273, 2, 23, 81, 18882 }, // U+04D6
    { 15, 20, 271, 1, 20, 75, 18963 }, // U+04D7
    { 19, 18, 340, 1, 18, 86, 19038 }, // U+04D8
    { 15, 14, 271, 1, 14, 53, 19124 }, // U+04D9
    { 19, 24, 340, 1, 24, 114, 19177 }, // U+04DA
    { 15, 19, 271, 1, 19, 72, 19291 }, // U+04DB
    { 31, 24, 490, 0, 24, 186, 19363 }, // U+04DC
    { 25, 19, 398, 0, 19, 119, 19549 }, // U+04DD
    { 16, 24, 284, 1, 24, 96, 19668 }, // U+04DE
    { 12, 19, 232, 1, 19, 57, 19764 }, // U+04DF
    { 18, 20, 309, 1, 19, 90, 19821 }, // U+04E0
    { 14, 20, 256, 1, 14, 70, 19911 }, // U+04E1
    { 17, 23, 335, 2, 23, 98, 19981 }, // U+04E2
    { 14, 19, 280, 2, 19, 67, 20079 }, // U+04E3
    { 17, 24, 335, 2, 24, 102, 20146 }, // U+04E4
    { 14, 19, 280, 2, 19, 67, 20248 }, // U+04E5
    { 19, 24, 340, 1, 24, 114, 20315 }, // U+04E6
    { 16, 19, 275, 1, 19, 76, 20429 }, // U+04E7
    { 19, 18, 340, 1, 18, 86, 20505 }, // U+04E8
    { 16, 14, 275, 1, 14, 56, 20591 }, // U+04E9
    { 19, 24, 340, 1, 24, 114, 20647 }, // U+04EA
    { 16, 19, 275, 1, 19, 76, 20761 }, // U+04EB
    { 17, 25, 294, 1, 24, 107, 20837 }, // U+04EC
    { 13, 20, 237, 1, 19, 65, 20944 }, // U+04ED
    { 19, 23, 308, 0, 23, 110, 21009 }, // U+04EE
    { 16, 24, 261, 0, 19, 96, 21119 }, // U+04EF
    { 19, 24, 308, 0, 24, 114, 21215 }, // U+04F0
    { 16, 24, 261, 0, 19, 96, 21329 }, // U+04F1
    { 19, 23, 308, 0, 23, 110, 21425 }, // U+04F2
    { 16, 25, 261, 0, 20, 100, 21535 }, // U+04F3
    { 16, 24, 323, 2, 24, 96, 21635 }, // U+04F4
    { 14, 19, 275, 1, 19, 67, 21731 }, // U+04F5
    { 14, 23, 255, 2, 19, 81, 21798 }, // U+04F6
    { 11, 18, 209, 2, 14, 50, 21879 }, // U+04F7
    { 22, 24, 414, 2, 24, 132, 21929 }, // U+04F8
    { 19, 19, 362, 2, 19, 91, 22061 }, // U+04F9
    { 16, 25, 266, 0, 19, 100, 22152 }, // U+04FA
    { 13, 20, 217, 0, 14, 65, 22252 }, // U+04FB
    { 19, 24, 308, 0, 19, 114, 22317 }, // U+04FC
    { 16, 20, 258, 0, 14, 80, 22431 }, // U+04FD
    { 19, 19, 308, 0, 19, 91, 22511 }, // U+04FE
    { 16, 14, 258, 0, 14, 56, 22602 }, // U+04FF
    { 20, 24, 310, 0, 18, 120, 0 }, // U+1EA0
    { 14, 20, 270, 1, 14, 70, 120 }, // U+1EA1
    { 20, 27, 310, 0, 27, 135, 190 }, // U+1EA2
    { 14, 22, 270, 1, 22, 77, 325 }, // U+1EA3
    { 20, 26, 310, 0, 26, 130, 402 }, // U+1EA4
    { 16, 21, 270, 1, 21, 84, 532 }, // U+1EA5
    { 20, 26, 310, 0, 26, 130, 616 }, // U+1EA6
    { 14, 21, 270, 1, 21, 74, 746 }, // U+1EA7
    { 20, 28, 310, 0, 28, 140, 820 }, // U+1EA8
    { 16, 23, 270, 1, 23, 92, 960 }, // U+1EA9
    { 20, 27, 310, 0, 27, 135, 1052 }, // U+1EAA
    { 14, 22, 270, 1, 22, 77, 1187 }, // U+1EAB
    { 20, 29, 310, 0, 23, 145, 1264 }, // U+1EAC
    { 14, 26, 270, 1, 20, 91, 1409 }, // U+1EAD
    { 20, 26, 310, 0, 26, 130, 1500 }, // U+1EAE
    { 14, 22, 270, 1, 22, 77, 1630 }, // U+1EAF
    { 20, 26, 310, 0, 26, 130, 1707 }, // U+1EB0
    { 14, 22, 270, 1, 22, 77, 1837 }, // U+1EB1
    { 20, 29, 310, 0, 29, 145, 1914 }, // U+1EB2
    { 14, 25, 270, 1, 25, 88, 2059 }, // U+1EB3
    { 20, 27, 310, 0, 27, 135, 2147 }, // U+1EB4
    { 14, 23, 270, 1, 23, 81, 2282 }, // U+1EB5
    { 20, 30, 310, 0, 24, 150, 2363 }, // U+1EB6
    { 14, 26, 270, 1, 20, 91, 2513 }, // U+1EB7
    { 14, 24, 273, 2, 18, 84, 2604 }, // U+1EB8
    { 15, 20, 271, 1, 14, 75, 2688 }, // U+1EB9
    { 14, 27, 273, 2, 27, 95, 2763 }, // U+1EBA
    { 15, 22, 271, 1, 22, 83, 2858 }, // U+1EBB
    { 14, 24, 273, 2, 24, 84, 2941 }, // U+1EBC
    { 15, 20, 271, 1, 20, 75, 3025 }, // U+1EBD
    { 16, 26, 273, 2, 26, 104, 3100 }, // U+1EBE
    { 17, 21, 271, 1, 21, 90, 3204 }, // U+1EBF
    { 14, 26, 273, 2, 26, 91, 3294 }, // U+1EC0
    { 15, 21, 271, 1, 21, 79, 3385 }, // U+1EC1
    { 16, 28, 273, 2, 28, 112, 3464 }, // U+1EC2
    { 17, 23, 271, 1, 23, 98, 3576 }, // U+1EC3
    { 14, 27, 273, 2, 27, 95, 3674 }, // U+1EC4
    { 15, 22, 271, 1, 22, 83, 3769 }, // U+1EC5
    { 14, 29, 273, 2, 23, 102, 3852 }, // U+1EC6
    { 15, 26, 271, 1, 20, 98, 3954 }, // U+1EC7
    { 7, 27, 149, 1, 27, 48, 4052 }, // U+1EC8
    { 7, 22, 137, 1, 22, 39, 4100 }, // U+1EC9
    { 5, 24, 149, 2, 18, 30, 4139 }, // U+1ECA
    { 5, 25, 137, 2, 19, 32, 4169 }, // U+1ECB
    { 19, 24, 340, 1, 18, 114, 4201 }, // U+1ECC
    { 16, 20, 275, 1, 14, 80, 4315 }, // U+1ECD
    { 19, 27, 340, 1, 27, 129, 4395 }, // U+1ECE
    { 16, 22, 275, 1, 22, 88, 4524 }, // U+1ECF
    { 19, 26, 340, 1, 26, 124, 4612 }, // U+1ED0
    { 16, 21, 275, 1, 21, 84, 4736 }, // U+1ED1
    { 19, 26, 340, 1, 26, 124, 4820 }, // U+1ED2
    { 16, 21, 275, 1, 21, 84, 4944 }, // U+1ED3
    { 19, 28, 340, 1, 28, 133, 5028 }, // U+1ED4
    { 17, 23, 275, 1, 23, 98, 5161 }, // U+1ED5
    { 19, 27, 340, 1, 27, 129, 5259 }, // U+1ED6
    { 16, 22, 275, 1, 22, 88, 5388 }, // U+1ED7
    { 19, 29, 340, 1, 23, 138, 5476 }, // U+1ED8
    { 16, 26, 275, 1, 20, 104, 5614 }, // U+1ED9
    { 21, 23, 349, 1, 23, 121, 5718 }, // U+1EDA
    { 17, 20, 275, 1, 20, 85, 5839 }, // U+1EDB
    { 21, 23, 349, 1, 23, 121, 5924 }, // U+1EDC
    { 17, 20, 275, 1, 20, 85, 6045 }, // U+1EDD
    { 21, 27, 349, 1, 27, 142, 6130 }, // U+1EDE
    { 17, 22, 275, 1, 22, 94, 6272 }, // U+1EDF
    { 21, 24, 349, 1, 24, 126, 6366 }, // U+1EE0
    { 17, 20, 275, 1, 20, 85, 6492 }, // U+1EE1
    { 21, 26, 349, 1, 20, 137, 6577 }, // U+1EE2
    { 17, 22, 275, 1, 16, 94, 6714 }, // U+1EE3
    { 16, 24, 325, 2, 18, 96, 6808 }, // U+1EE4
    { 15, 20, 285, 1, 14, 75, 6904 }, // U+1EE5
    { 16, 27, 325, 2, 27, 108, 6979 }, // U+1EE6
    { 15, 22, 285, 1, 22, 83, 7087 }, // U+1EE7
    { 19, 23, 334, 2, 23, 110, 7170 }, // U+1EE8
    { 18, 20, 285, 1, 20, 90, 7280 }, // U+1EE9
    { 19, 23, 334, 2, 23, 110, 7370 }, // U+1EEA
    { 18, 20, 285, 1, 20, 90, 7480 }, // U+1EEB
    { 19, 27, 334, 2, 27, 129, 7570 }, // U+1EEC
    { 18, 22, 285, 1, 22, 99, 7699 }, // U+1EED
    { 19, 24, 334, 2, 24, 114, 7798 }, // U+1EEE
    { 18, 20, 285, 1, 20, 90, 7912 }, // U+1EEF
    { 19, 26, 334, 2, 20, 124, 8002 }, // U+1EF0
    { 18, 22, 285, 1, 16, 99, 8126 }, // U+1EF1
    { 20, 23, 290, -1, 23, 115, 8225 }, // U+1EF2
    { 16, 25, 261, 0, 20, 100, 8340 }, // U+1EF3
    { 20, 24, 290, -1, 18, 120, 8440 }, // U+1EF4
    { 16, 20, 261, 0, 14, 80, 8560 }, // U+1EF5
    { 20, 27, 290, -1, 27, 135, 8640 }, // U+1EF6
    { 16, 27, 261, 0, 22, 108, 8775 }, // U+1EF7
    { 20, 24, 290, -1, 24, 120, 8883 }, // U+1EF8
    { 16, 25, 261, 0, 20, 100, 9003 }, // U+1EF9
    { 0, 0, 200, 0, 0, 0, 0 }, // U+2000
    { 0, 0, 400, 0, 0, 0, 0 }, // U+2001
    { 0, 0, 200, 0, 0, 0, 0 }, // U+2002
    { 0, 0, 400, 0, 0, 0, 0 }, // U+2003
    { 0, 0, 132, 0, 0, 0, 0 }, // U+2004
    { 0, 0, 100, 0, 0, 0, 0 }, // U+2005
    { 0, 0, 67, 0, 0, 0, 0 }, // U+2006
    { 0, 0, 278, 0, 0, 0, 0 }, // U+2007
    { 0, 0, 152, 0, 0, 0, 0 }, // U+2008
    { 0, 0, 80, 0, 0, 0, 0 }, // U+2009
    { 0, 0, 40, 0, 0, 0, 0 }, // U+200A
    { 0, 0, 0, 0, 0, 0, 0 }, // U+200B
    { 0, 0, 0, 0, 0, 0, 0 }, // U+200C
    { 0, 0, 0, 0, 0, 0, 0 }, // U+200D
    { 0, 0, 0, 0, 0, 0, 0 }, // U+200E
    { 0, 0, 0, 0, 0, 0, 0 }, // U+200F
    { 9, 4, 166, 1, 9, 9, 0 }, // U+2010
    { 9, 4, 166, 1, 9, 9, 9 }, // U+2011
    { 16, 3, 278, 1, 9, 12, 18 }, // U+2012
    { 11, 3, 200, 1, 9, 9, 30 }, // U+2013
    { 23, 3, 400, 1, 9, 18, 39 }, // U+2014
    { 25, 3, 400, 0, 9, 19, 57 }, // U+2015
    { 7, 25, 200, 3, 19, 44, 76 }, // U+2016
    { 13, 5, 200, 0, -1, 17, 120 }, // U+2017
    { 6, 8, 152, 2, 18, 12, 137 }, // U+2018
    { 6, 8, 152, 1, 18, 12, 149 }, // U+2019
    { 7, 8, 152, 1, 5, 14, 161 }, // U+201A
    { 6, 9, 152, 1, 19, 14, 175 }, // U+201B
    { 13, 8, 263, 2, 18, 26, 189 }, // U+201C
    { 12, 8, 263, 2, 18, 24, 215 }, // U+201D
    { 13, 8, 263, 1, 5, 26, 239 }, // U+201E
    { 12, 9, 263, 2, 19, 27, 265 }, // U+201F
    { 12, 21, 200, 0, 18, 63, 292 }, // U+2020
    { 12, 21, 200, 0, 18, 63, 355 }, // U+2021
    { 10, 9, 256, 3, 14, 23, 418 }, // U+2022
    { 11, 12, 256, 3, 15, 33, 441 }, // U+2023
    { 6, 5, 133, 1, 5, 8, 474 }, // U+2024
    { 14, 5, 267, 1, 5, 18, 482 }, // U+2025
    { 23, 5, 400, 1, 5, 29, 500 }, // U+2026
    { 5, 5, 139, 2, 11, 7, 529 }, // U+2027
    { 0, 0, 0, 0, 0, 0, 536 }, // U+2028
    { 0, 0, 0, 0, 0, 0, 536 }, // U+2029
    { 0, 0, 0, 0, 0, 0, 536 }, // U+202A
    { 0, 0, 0, 0, 0, 0, 536 }, // U+202B
    { 0, 0, 0, 0, 0, 0, 536 }, // U+202C
    { 0, 0, 0, 0, 0, 0, 536 }, // U+202D
    { 0, 0, 0, 0, 0, 0, 536 }, // U+202E
    { 0, 0, 80, 0, 0, 0, 536 }, // U+202F
    { 36, 18, 576, 0, 18, 162, 536 }, // U+2030
    { 47, 20, 755, 0, 19, 235, 698 }, // U+2031
    { 6, 6, 105, 0, 19, 9, 933 }, // U+2032
    { 11, 6, 179, 0, 19, 17, 942 }, // U+2033
    { 16, 6, 252, 0, 19, 24, 959 }, // U+2034
    { 6, 6, 105, 0, 19, 9, 983 }, // U+2035
    { 11, 6, 179, 0, 19, 17, 992 }, // U+2036
    { 16, 6, 252, 0, 19, 24, 1009 }, // U+2037
    { 14, 7, 293, 2, 1, 25, 1033 }, // U+2038
    { 7, 11, 165, 1, 13, 20, 1058 }, // U+2039
    { 7, 11, 165, 2, 13, 20, 1078 }, // U+203A
    { 22, 21, 389, 1, 21, 116, 1098 }, // U+203B
    { 13, 18, 251, 1, 18, 59, 1214 }, // U+203C
    { 12, 19, 232, 1, 19, 57, 1273 }, // U+203D
    { 13, 2, 200, 0, 18, 7, 1330 }, // U+203E
    { 23, 5, 331, -1, -1, 29, 1337 }, // U+203F
    { 23, 5, 331, -1, 24, 29, 1366 }, // U+2040
    { 10, 12, 132, -2, 6, 30, 1395 }, // U+2041
    { 26, 22, 409, 0, 20, 143, 1425 }, // U+2042
    { 9, 4, 200, 2, 9, 9, 1568 }, // U+2043
    { 15, 18, 67, -5, 18, 68, 1577 }, // U+2044
    { 8, 23, 183, 2, 19, 46, 1645 }, // U+2045
    { 9, 23, 183, 1, 19, 52, 1691 }, // U+2046
    { 25, 18, 412, 0, 18, 113, 1743 }, // U+2047
    { 18, 18, 331, 1, 18, 81, 1856 }, // U+2048
    { 18, 18, 331, 1, 18, 81, 1937 }, // U+2049
    { 11, 18, 205, 1, 14, 50, 2018 }, // U+204A
    { 13, 22, 254, 2, 19, 72, 2068 }, // U+204B
    { 10, 10, 200, 1, 14, 25, 2140 }, // U+204C
    { 10, 10, 200, 1, 14, 25, 2165 }, // U+204D
    { 13, 12, 209, 0, 11, 39, 2190 }, // U+204E
    { 7, 18, 160, 2, 14, 32, 2229 }, // U+204F
    { 23, 30, 331, -1, 24, 173, 2261 }, // U+2050
    { 10, 21, 209, 1, 20, 53, 2434 }, // U+2051
    { 14, 21, 222, 0, 18, 74, 2487 }, // U+2052
    { 23, 6, 400, 1, 11, 35, 2561 }, // U+2053
    { 23, 5, 331, -1, -1, 29, 2596 }, // U+2054
    { 15, 14, 335, 3, 16, 53, 2625 }, // U+2055
    { 13, 15, 273, 2, 17, 49, 2678 }, // U+2056
    { 20, 6, 325, 0, 19, 30, 2727 }, // U+2057
    { 19, 18, 335, 1, 18, 86, 2757 }, // U+2058
    { 15, 16, 335, 3, 17, 60, 2843 }, // U+2059
    { 5, 19, 152, 2, 19, 24, 2903 }, // U+205A
    { 20, 28, 349, 1, 23, 140, 2927 }, // U+205B
    { 19, 19, 335, 1, 19, 91, 3067 }, // U+205C
    { 5, 18, 152, 2, 18, 23, 3158 }, // U+205D
    { 5, 18, 152, 2, 18, 23, 3181 }, // U+205E
    { 0, 0, 89, 0, 0, 0, 3204 }, // U+205F
    { 0, 0, 0, 0, 0, 0, 3204 }, // U+2060
    { 0, 0, 0, 0, 0, 0, 3204 }, // U+2061
    { 0, 0, 0, 0, 0, 0, 3204 }, // U+2062
    { 0, 0, 0, 0, 0, 0, 3204 }, // U+2063
    { 0, 0, 0, 0, 0, 0, 3204 }, // U+2064
    { 0, 0, 0, 0, 0, 0, 3204 }, // U+206A
    { 0, 0, 0, 0, 0, 0, 3204 }, // U+206B
    { 0, 0, 0, 0, 0, 0, 3204 }, // U+206C
    { 0, 0, 0, 0, 0, 0, 3204 }, // U+206D
    { 0, 0, 0, 0, 0, 0, 3204 }, // U+206E
    { 0, 0, 0, 0, 0, 0, 3204 }, // U+206F
    { 10, 12, 175, 0, 19, 30, 0 }, // U+2070
    { 4, 11, 88, 1, 19, 11, 30 }, // U+2071
    { 10, 11, 175, 0, 19, 28, 41 }, // U+2074
    { 9, 12, 175, 1, 19, 27, 69 }, // U+2075
    { 10, 12, 175, 0, 19, 30, 96 }, // U+2076
    { 9, 11, 175, 1, 19, 25, 126 }, // U+2077
    { 10, 12, 175, 0, 19, 30, 151 }, // U+2078
    { 10, 12, 175, 0, 19, 30, 181 }, // U+2079
    { 11, 9, 211, 1, 17, 25, 211 }, // U+207A
    { 11, 3, 211, 1, 14, 9, 236 }, // U+207B
    { 11, 5, 211, 1, 15, 14, 245 }, // U+207C
    { 5, 13, 115, 1, 19, 17, 259 }, // U+207D
    { 5, 13, 115, 1, 19, 17, 276 }, // U+207E
    { 10, 8, 182, 1, 16, 20, 293 }, // U+207F
    { 10, 12, 175, 0, 11, 30, 313 }, // U+2080
    { 9, 11, 175, 1, 10, 25, 343 }, // U+2081
    { 9, 11, 175, 1, 10, 25, 368 }, // U+2082
    { 9, 11, 175, 1, 10, 25, 393 }, // U+2083
    { 10, 11, 175, 0, 11, 28, 418 }, // U+2084
    { 9, 12, 175, 1, 11, 27, 446 }, // U+2085
    { 10, 12, 175, 0, 11, 30, 473 }, // U+2086
    { 9, 11, 175, 1, 11, 25, 503 }, // U+2087
    { 10, 12, 175, 0, 11, 30, 528 }, // U+2088
    { 10, 12, 175, 0, 11, 30, 558 }, // U+2089
    { 11, 9, 211, 1, 9, 25, 588 }, // U+208A
    { 11, 3, 211, 1, 6, 9, 613 }, // U+208B
    { 11, 5, 211, 1, 7, 14, 622 }, // U+208C
    { 5, 13, 115, 1, 11, 17, 636 }, // U+208D
    { 5, 13, 115, 1, 11, 17, 653 }, // U+208E
    { 10, 9, 183, 1, 8, 23, 670 }, // U+2090
    { 10, 9, 192, 1, 8, 23, 693 }, // U+2091
    { 10, 9, 195, 1, 8, 23, 716 }, // U+2092
    { 11, 8, 165, 0, 8, 22, 739 }, // U+2093
    { 10, 9, 192, 1, 8, 23, 761 }, // U+2094
    { 10, 11, 182, 1, 11, 28, 784 }, // U+2095
    { 10, 11, 195, 1, 11, 28, 812 }, // U+2096
    { 4, 11, 88, 1, 11, 11, 840 }, // U+2097
    { 15, 8, 265, 1, 8, 30, 851 }, // U+2098
    { 10, 8, 182, 1, 8, 20, 881 }, // U+2099
    { 10, 11, 192, 1, 8, 28, 901 }, // U+209A
    { 9, 9, 152, 0, 8, 21, 929 }, // U+209B
    { 8, 10, 155, 1, 10, 20, 950 }, // U+209C
    { 23, 19, 372, 0, 19, 110, 0 }, // U+20A0
    { 15, 22, 278, 1, 20, 83, 110 }, // U+20A1
    { 17, 20, 278, 0, 19, 85, 193 }, // U+20A2
    { 16, 19, 278, 1, 19, 76, 278 }, // U+20A3
    { 15, 19, 278, 1, 19, 72, 354 }, // U+20A4
    { 23, 19, 417, 2, 16, 110, 426 }, // U+20A5
    { 17, 19, 278, 0, 19, 81, 536 }, // U+20A6
    { 35, 20, 607, 2, 19, 175, 617 }, // U+20A7
    { 27, 20, 482, 2, 19, 135, 792 }, // U+20A8
    { 28, 19, 441, 0, 19, 133, 927 }, // U+20A9
    { 22, 20, 362, 0, 19, 110, 1060 }, // U+20AA
    { 18, 23, 278, 0, 19, 104, 1170 }, // U+20AB
    { 17, 18, 278, -1, 18, 77, 1274 }, // U+20AC
    { 18, 19, 278, 0, 19, 86, 1351 }, // U+20AD
    { 18, 19, 278, 0, 19, 86, 1437 }, // U+20AE
    { 30, 25, 557, 2, 19, 188, 1523 }, // U+20AF
    { 17, 20, 278, 0, 19, 85, 1711 }, // U+20B0
    { 18, 19, 278, 0, 19, 86, 1796 }, // U+20B1
    { 16, 24, 278, 1, 21, 96, 1882 }, // U+20B2
    { 18, 19, 278, 0, 19, 86, 1978 }, // U+20B3
    { 20, 20, 344, 1, 19, 100, 2064 }, // U+20B4
    { 15, 23, 278, 1, 19, 87, 2164 }, // U+20B5
    { 18, 19, 278, 0, 19, 86, 2251 }, // U+20B8
    { 16, 19, 278, 1, 19, 76, 2337 }, // U+20B9
    { 17, 19, 278, 0, 19, 81, 2413 }, // U+20BA
    { 17, 19, 278, 0, 19, 81, 2494 }, // U+20BD
    { 19, 11, 335, 1, 13, 53, 0 }, // U+2190
    { 13, 18, 335, 4, 18, 59, 53 }, // U+2191
    { 19, 11, 335, 1, 13, 53, 112 }, // U+2192
    { 13, 18, 335, 4, 18, 59, 165 }, // U+2193
    { 19, 11, 335, 1, 13, 53, 224 }, // U+2194
    { 13, 18, 335, 4, 18, 59, 277 }, // U+2195
    { 15, 16, 335, 3, 17, 60, 336 }, // U+2196
    { 15, 16, 335, 3, 17, 60, 396 }, // U+2197
    { 15, 16, 335, 3, 17, 60, 456 }, // U+2198
    { 15, 16, 335, 3, 17, 60, 516 }, // U+2199
    { 19, 12, 335, 1, 14, 57, 576 }, // U+219A
    { 19, 12, 335, 1, 14, 57, 633 }, // U+219B
    { 21, 9, 335, 0, 11, 48, 690 }, // U+219C
    { 21, 9, 335, 0, 11, 48, 738 }, // U+219D
    { 19, 12, 335, 1, 14, 57, 786 }, // U+219E
    { 13, 19, 335, 4, 19, 62, 843 }, // U+219F
    { 19, 12, 335, 1, 14, 57, 905 }, // U+21A0
    { 13, 20, 335, 4, 19, 65, 962 }, // U+21A1
    { 19, 12, 335, 1, 14, 57, 1027 }, // U+21A2
    { 19, 12, 335, 1, 14, 57, 1084 }, // U+21A3
    { 19, 12, 335, 1, 14, 57, 1141 }, // U+21A4
    { 13, 19, 335, 4, 19, 62, 1198 }, // U+21A5
    { 19, 12, 335, 1, 14, 57, 1260 }, // U+21A6
    { 13, 19, 335, 4, 19, 62, 1317 }, // U+21A7
    { 13, 19, 335, 4, 19, 62, 1379 }, // U+21A8
    { 19, 13, 335, 1, 15, 62, 1441 }, // U+21A9
    { 19, 13, 335, 1, 15, 62, 1503 }, // U+21AA
    { 19, 13, 335, 1, 15, 62, 1565 }, // U+21AB
    { 19, 13, 335, 1, 15, 62, 1627 }, // U+21AC
    { 19, 12, 335, 1, 14, 57, 1689 }, // U+21AD
    { 19, 12, 335, 1, 14, 57, 1746 }, // U+21AE
    { 15, 20, 335, 3, 19, 75, 1803 }, // U+21AF
    { 13, 19, 335, 4, 19, 62, 1878 }, // U+21B0
    { 13, 19, 335, 4, 19, 62, 1940 }, // U+21B1
    { 13, 20, 335, 4, 19, 65, 2002 }, // U+21B2
    { 13, 20, 335, 4, 19, 65, 2067 }, // U+21B3
    { 15, 17, 335, 5, 16, 64, 2132 }, // U+21B4
    { 16, 14, 335, 1, 16, 56, 2196 }, // U+21B5
    { 21, 14, 335, 0, 18, 74, 2252 }, // U+21B6
    { 21, 14, 335, 0, 18, 74, 2326 }, // U+21B7
    { 18, 19, 335, 2, 19, 86, 2400 }, // U+21B8
    { 19, 22, 335, 1, 19, 105, 2486 }, // U+21B9
    { 18, 17, 335, 2, 18, 77, 2591 }, // U+21BA
    { 18, 17, 335, 1, 18, 77, 2668 }, // U+21BB
    { 19, 8, 335, 1, 14, 38, 2745 }, // U+21BC
    { 19, 8, 335, 1, 10, 38, 2783 }, // U+21BD
    { 8, 19, 335, 9, 19, 38, 2821 }, // U+21BE
    { 8, 19, 335, 4, 19, 38, 2859 }, // U+21BF
    { 19, 8, 335, 1, 14, 38, 2897 }, // U+21C0
    { 19, 8, 335, 1, 10, 38, 2935 }, // U+21C1
    { 8, 19, 335, 9, 19, 38, 2973 }, // U+21C2
    { 8, 19, 335, 4, 19, 38, 3011 }, // U+21C3
    { 19, 19, 335, 1, 17, 91, 3049 }, // U+21C4
    { 19, 18, 335, 1, 18, 86, 3140 }, // U+21C5
    { 19, 19, 335, 1, 17, 91, 3226 }, // U+21C6
    { 19, 20, 335, 1, 18, 95, 3317 }, // U+21C7
    { 19, 19, 335, 1, 19, 91, 3412 }, // U+21C8
    { 19, 20, 335, 1, 18, 95, 3503 }, // U+21C9
    { 19, 20, 335, 1, 19, 95, 3598 }, // U+21CA
    { 19, 16, 335, 1, 16, 76, 3693 }, // U+21CB
    { 19, 16, 335, 1, 16, 76, 3769 }, // U+21CC
    { 19, 12, 335, 1, 14, 57, 3845 }, // U+21CD
    { 19, 12, 335, 1, 14, 57, 3902 }, // U+21CE
    { 19, 12, 335, 1, 14, 57, 3959 }, // U+21CF
    { 19, 12, 335, 1, 14, 57, 4016 }, // U+21D0
    { 13, 19, 335, 4, 19, 62, 4073 }, // U+21D1
    { 19, 12, 335, 1, 14, 57, 4135 }, // U+21D2
    { 13, 20, 335, 4, 19, 65, 4192 }, // U+21D3
    { 19, 12, 335, 1, 14, 57, 4257 }, // U+21D4
    { 13, 20, 335, 4, 19, 65, 4314 }, // U+21D5
    { 16, 16, 335, 3, 15, 64, 4379 }, // U+21D6
    { 16, 16, 335, 2, 15, 64, 4443 }, // U+21D7
    { 16, 16, 335, 2, 16, 64, 4507 }, // U+21D8
    { 16, 16, 335, 3, 16, 64, 4571 }, // U+21D9
    { 19, 12, 335, 1, 14, 57, 4635 }, // U+21DA
    { 19, 12, 335, 1, 14, 57, 4692 }, // U+21DB
    { 19, 12, 335, 1, 14, 57, 4749 }, // U+21DC
    { 19, 12, 335, 1, 14, 57, 4806 }, // U+21DD
    { 13, 19, 335, 4, 19, 62, 4863 }, // U+21DE
    { 13, 20, 335, 4, 19, 65, 4925 }, // U+21DF
    { 19, 12, 335, 1, 14, 57, 4990 }, // U+21E0
    { 13, 19, 335, 4, 19, 62, 5047 }, // U+21E1
    { 19, 12, 335, 1, 14, 57, 5109 }, // U+21E2
    { 13, 20, 335, 4, 19, 65, 5166 }, // U+21E3
    { 19, 12, 335, 1, 14, 57, 5231 }, // U+21E4
    { 19, 12, 335, 1, 14, 57, 5288 }, // U+21E5
    { 20, 14, 335, 0, 15, 70, 5345 }, // U+21E6
    { 15, 19, 335, 3, 19, 72, 5415 }, // U+21E7
    { 20, 14, 335, 0, 15, 70, 5487 }, // U+21E8
    { 15, 20, 335, 3, 19, 75, 5557 }, // U+21E9
    { 15, 19, 335, 3, 19, 72, 5632 }, // U+21EA
    { 15, 19, 335, 3, 19, 72, 5704 }, // U+21EB
    { 15, 19, 335, 3, 19, 72, 5776 }, // U+21EC
    { 15, 19, 335, 3, 19, 72, 5848 }, // U+21ED
    { 15, 19, 335, 3, 19, 72, 5920 }, // U+21EE
    { 15, 19, 335, 3, 19, 72, 5992 }, // U+21EF
    { 20, 14, 335, 0, 15, 70, 6064 }, // U+21F0
    { 19, 19, 335, 1, 19, 91, 6134 }, // U+21F1
    { 19, 19, 335, 1, 19, 91, 6225 }, // U+21F2
    { 15, 20, 335, 3, 19, 75, 6316 }, // U+21F3
    { 19, 12, 335, 1, 14, 57, 6391 }, // U+21F4
    { 19, 18, 335, 1, 18, 86, 6448 }, // U+21F5
    { 19, 28, 335, 1, 22, 133, 6534 }, // U+21F6
    { 19, 12, 335, 1, 14, 57, 6667 }, // U+21F7
    { 19, 12, 335, 1, 14, 57, 6724 }, // U+21F8
    { 19, 12, 335, 1, 14, 57, 6781 }, // U+21F9
    { 19, 12, 335, 1, 14, 57, 6838 }, // U+21FA
    { 19, 12, 335, 1, 14, 57, 6895 }, // U+21FB
    { 19, 12, 335, 1, 14, 57, 6952 }, // U+21FC
    { 20, 12, 335, 0, 14, 60, 7009 }, // U+21FD
    { 20, 12, 335, 1, 14, 60, 7069 }, // U+21FE
    { 21, 12, 335, 0, 14, 63, 7129 }, // U+21FF
    { 20, 19, 310, 0, 19, 95, 0 }, // U+2200
    { 15, 20, 278, 1, 19, 75, 95 }, // U+2201
    { 13, 18, 218, 0, 17, 59, 170 }, // U+2202
    { 14, 19, 273, 2, 19, 67, 229 }, // U+2203
    { 14, 22, 273, 2, 20, 77, 296 }, // U+2204
    { 20, 19, 343, 1, 18, 95, 373 }, // U+2205
    { 18, 18, 279, 0, 18, 81, 468 }, // U+2206
    { 18, 18, 279, 0, 18, 81, 549 }, // U+2207
    { 20, 20, 359, 1, 19, 100, 630 }, // U+2208
    { 20, 21, 359, 1, 20, 105, 730 }, // U+2209
    { 15, 14, 300, 2, 15, 53, 835 }, // U+220A
    { 20, 20, 359, 1, 19, 100, 888 }, // U+220B
    { 20, 21, 359, 1, 19, 105, 988 }, // U+220C
    { 15, 14, 300, 2, 15, 53, 1093 }, // U+220D
    { 12, 14, 254, 2, 14, 42, 1146 }, // U+220E
    { 17, 23, 315, 1, 18, 98, 1188 }, // U+220F
    { 17, 23, 315, 1, 18, 98, 1286 }, // U+2210
    { 18, 23, 287, 0, 18, 104, 1384 }, // U+2211
    { 17, 3, 335, 2, 9, 13, 1488 }, // U+2212
    { 17, 16, 335, 2, 16, 68, 1501 }, // U+2213
    { 16, 19, 278, 1, 19, 76, 1569 }, // U+2214
    { 10, 21, 146, 0, 18, 53, 1645 }, // U+2215
    { 10, 20, 278, 4, 19, 50, 1698 }, // U+2216
    { 16, 16, 335, 2, 16, 64, 1748 }, // U+2217
    { 9, 8, 250, 3, 12, 18, 1812 }, // U+2218
    { 5, 5, 152, 2, 11, 7, 1830 }, // U+2219
    { 17, 22, 267, 0, 21, 94, 1837 }, // U+221A
    { 17, 24, 267, 0, 23, 102, 1931 }, // U+221B
    { 17, 25, 267, 0, 24, 107, 2033 }, // U+221C
    { 14, 11, 285, 2, 13, 39, 2140 }, // U+221D
    { 17, 11, 333, 2, 13, 47, 2179 }, // U+221E
    { 17, 17, 335, 2, 18, 73, 2226 }, // U+221F
    { 20, 19, 359, 1, 19, 95, 2299 }, // U+2220
    { 20, 20, 359, 1, 18, 100, 2394 }, // U+2221
    { 17, 18, 335, 2, 18, 77, 2494 }, // U+2222
    { 4, 26, 200, 5, 20, 26, 2571 }, // U+2223
    { 12, 24, 200, 1, 19, 72, 2597 }, // U+2224
    { 9, 26, 200, 2, 20, 59, 2669 }, // U+2225
    { 12, 24, 200, 1, 19, 72, 2728 }, // U+2226
    { 14, 15, 325, 3, 15, 53, 2800 }, // U+2227
    { 14, 15, 325, 3, 15, 53, 2853 }, // U+2228
    { 14, 15, 325, 3, 15, 53, 2906 }, // U+2229
    { 14, 15, 325, 3, 15, 53, 2959 }, // U+222A
    { 14, 25, 244, 0, 19, 88, 3012 }, // U+222B
    { 23, 25, 371, 0, 19, 144, 3100 }, // U+222C
    { 33, 25, 518, 0, 19, 207, 3244 }, // U+222D
    { 14, 25, 225, 0, 19, 88, 3451 }, // U+222E
    { 24, 25, 391, 0, 19, 150, 3539 }, // U+222F
    { 33, 25, 525, 0, 19, 207, 3689 }, // U+2230
    { 16, 25, 225, 0, 19, 100, 3896 }, // U+2231
    { 15, 25, 225, 0, 19, 94, 3996 }, // U+2232
    { 15, 25, 225, 0, 19, 94, 4090 }, // U+2233
    { 15, 14, 278, 1, 16, 53, 4184 }, // U+2234
    { 15, 14, 278, 1, 16, 53, 4237 }, // U+2235
    { 5, 14, 118, 1, 16, 18, 4290 }, // U+2236
    { 15, 14, 278, 1, 16, 53, 4308 }, // U+2237
    { 17, 10, 335, 2, 16, 43, 4361 }, // U+2238
    { 18, 14, 335, 2, 15, 63, 4404 }, // U+2239
    { 17, 16, 335, 2, 16, 68, 4467 }, // U+223A
    { 17, 17, 335, 2, 16, 73, 4535 }, // U+223B
    { 17, 6, 335, 2, 11, 26, 4608 }, // U+223C
    { 17, 6, 335, 2, 11, 26, 4634 }, // U+223D
    { 19, 10, 335, 1, 13, 48, 4660 }, // U+223E
    { 17, 14, 335, 2, 15, 60, 4708 }, // U+223F
    { 6, 16, 150, 2, 16, 24, 4768 }, // U+2240
    { 17, 13, 335, 2, 14, 56, 4792 }, // U+2241
    { 17, 11, 335, 2, 13, 47, 4848 }, // U+2242
    { 17, 10, 335, 2, 13, 43, 4895 }, // U+2243
    { 17, 16, 335, 2, 16, 68, 4938 }, // U+2244
    { 17, 16, 335, 2, 16, 68, 5006 }, // U+2245
    { 17, 17, 335, 2, 16, 73, 5074 }, // U+2246
    { 17, 22, 335, 2, 19, 94, 5147 }, // U+2247
    { 17, 11, 335, 2, 14, 47, 5241 }, // U+2248
    { 17, 16, 335, 2, 16, 68, 5288 }, // U+2249
    { 17, 16, 335, 2, 16, 68, 5356 }, // U+224A
    { 17, 17, 335, 2, 16, 73, 5424 }, // U+224B
    { 17, 16, 335, 2, 16, 68, 5497 }, // U+224C
    { 17, 13, 335, 2, 15, 56, 5565 }, // U+224D
    { 17, 17, 335, 2, 17, 73, 5621 }, // U+224E
    { 17, 13, 335, 2, 17, 56, 5694 }, // U+224F
    { 17, 15, 335, 2, 19, 64, 5750 }, // U+2250
    { 17, 22, 335, 2, 19, 94, 5814 }, // U+2251
    { 17, 21, 335, 2, 18, 90, 5908 }, // U+2252
    { 17, 21, 335, 2, 18, 90, 5998 }, // U+2253
    { 23, 11, 425, 2, 13, 64, 6088 }, // U+2254
    { 23, 11, 425, 2, 13, 64, 6152 }, // U+2255
    { 17, 10, 335, 2, 13, 43, 6216 }, // U+2256
    { 17, 18, 335, 2, 21, 77, 6259 }, // U+2257
    { 17, 15, 335, 2, 18, 64, 6336 }, // U+2258
    { 17, 19, 335, 2, 22, 81, 6400 }, // U+2259
    { 17, 19, 335, 2, 22, 81, 6481 }, // U+225A
    { 17, 21, 335, 2, 24, 90, 6562 }, // U+225B
    { 17, 21, 335, 2, 24, 90, 6652 }, // U+225C
    { 17, 17, 335, 2, 20, 73, 6742 }, // U+225D
    { 17, 17, 335, 2, 20, 73, 6815 }, // U+225E
    { 17, 20, 335, 2, 23, 85, 6888 }, // U+225F
    { 17, 18, 335, 2, 17, 77, 6973 }, // U+2260
    { 17, 15, 335, 2, 15, 64, 7050 }, // U+2261
    { 17, 20, 335, 2, 18, 85, 7114 }, // U+2262
    { 17, 20, 335, 2, 18, 85, 7199 }, // U+2263
    { 17, 15, 335, 2, 15, 64, 7284 }, // U+2264
    { 17, 15, 335, 2, 15, 64, 7348 }, // U+2265
    { 17, 19, 335, 2, 16, 81, 7412 }, // U+2266
    { 17, 19, 335, 2, 16, 81, 7493 }, // U+2267
    { 17, 21, 336, 2, 16, 90, 7574 }, // U+2268
    { 17, 21, 336, 2, 16, 90, 7664 }, // U+2269
    { 24, 18, 419, 1, 17, 108, 7754 }, // U+226A
    { 24, 18, 419, 1, 17, 108, 7862 }, // U+226B
    { 9, 23, 200, 2, 19, 52, 7970 }, // U+226C
    { 17, 19, 335, 2, 18, 81, 8022 }, // U+226D
    { 17, 19, 335, 2, 18, 81, 8103 }, // U+226E
    { 17, 18, 335, 2, 16, 77, 8184 }, // U+226F
    { 17, 20, 335, 2, 17, 85, 8261 }, // U+2270
    { 17, 20, 335, 2, 17, 85, 8346 }, // U+2271
    { 17, 18, 335, 2, 15, 77, 8431 }, // U+2272
    { 17, 18, 335, 2, 15, 77, 8508 }, // U+2273
    { 17, 20, 335, 2, 17, 85, 8585 }, // U+2274
    { 17, 20, 335, 2, 17, 85, 8670 }, // U+2275
    { 17, 20, 335, 2, 17, 85, 8755 }, // U+2276
    { 17, 20, 335, 2, 17, 85, 8840 }, // U+2277
    { 17, 26, 335, 2, 20, 111, 8925 }, // U+2278
    { 17, 26, 335, 2, 20, 111, 9036 }, // U+2279
    { 17, 20, 335, 2, 18, 85, 9147 }, // U+227A
    { 17, 20, 335, 2, 18, 85, 9232 }, // U+227B
    { 17, 23, 335, 2, 18, 98, 9317 }, // U+227C
    { 17, 23, 335, 2, 18, 98, 9415 }, // U+227D
    { 17, 22, 335, 2, 18, 94, 9513 }, // U+227E
    { 17, 22, 335, 2, 18, 94, 9607 }, // U+227F
    { 17, 23, 335, 2, 20, 98, 9701 }, // U+2280
    { 17, 23, 335, 2, 20, 98, 9799 }, // U+2281
    { 17, 13, 335, 2, 14, 56, 9897 }, // U+2282
    { 17, 13, 335, 2, 14, 56, 9953 }, // U+2283
    { 17, 22, 335, 2, 19, 94, 10009 }, // U+2284
    { 17, 22, 335, 2, 19, 94, 10103 }, // U+2285
    { 17, 16, 335, 2, 16, 68, 10197 }, // U+2286
    { 17, 16, 335, 2, 16, 68, 10265 }, // U+2287
    { 17, 23, 335, 2, 19, 98, 10333 }, // U+2288
    { 17, 23, 335, 2, 19, 98, 10431 }, // U+2289
    { 17, 19, 335, 2, 16, 81, 10529 }, // U+228A
    { 17, 19, 335, 2, 16, 81, 10610 }, // U+228B
    { 14, 15, 325, 3, 15, 53, 10691 }, // U+228C
    { 14, 15, 325, 3, 15, 53, 10744 }, // U+228D
    { 14, 15, 325, 3, 15, 53, 10797 }, // U+228E
    { 17, 15, 335, 2, 15, 64, 10850 }, // U+228F
    { 17, 15, 335, 2, 15, 64, 10914 }, // U+2290
    { 17, 20, 335, 2, 17, 85, 10978 }, // U+2291
    { 17, 20, 335, 2, 17, 85, 11063 }, // U+2292
    { 16, 16, 318, 2, 16, 64, 11148 }, // U+2293
    { 16, 16, 318, 2, 16, 64, 11212 }, // U+2294
    { 17, 18, 335, 2, 17, 77, 11276 }, // U+2295
    { 17, 18, 335, 2, 17, 77, 11353 }, // U+2296
    { 17, 18, 335, 2, 17, 77, 11430 }, // U+2297
    { 17, 18, 335, 2, 17, 77, 11507 }, // U+2298
    { 17, 18, 335, 2, 17, 77, 11584 }, // U+2299
    { 17, 18, 335, 2, 17, 77, 11661 }, // U+229A
    { 17, 18, 335, 2, 17, 77, 11738 }, // U+229B
    { 17, 16, 335, 2, 16, 68, 11815 }, // U+229C
    { 17, 18, 335, 2, 17, 77, 11883 }, // U+229D
    { 19, 17, 335, 1, 16, 81, 11960 }, // U+229E
    { 19, 17, 335, 1, 16, 81, 12041 }, // U+229F
    { 19, 17, 335, 1, 16, 81, 12122 }, // U+22A0
    { 19, 18, 335, 1, 17, 86, 12203 }, // U+22A1
    { 19, 18, 366, 2, 18, 86, 12289 }, // U+22A2
    { 19, 18, 366, 2, 18, 86, 12375 }, // U+22A3
    { 19, 18, 366, 2, 18, 86, 12461 }, // U+22A4
    { 19, 18, 366, 2, 18, 86, 12547 }, // U+22A5
    { 10, 18, 217, 2, 18, 45, 12633 }, // U+22A6
    { 10, 18, 217, 2, 18, 45, 12678 }, // U+22A7
    { 19, 18, 366, 2, 18, 86, 12723 }, // U+22A8
    { 19, 18, 366, 2, 18, 86, 12809 }, // U+22A9
    { 19, 18, 366, 2, 18, 86, 12895 }, // U+22AA
    { 19, 18, 366, 2, 18, 86, 12981 }, // U+22AB
    { 19, 24, 366, 2, 21, 114, 13067 }, // U+22AC
    { 19, 24, 366, 2, 21, 114, 13181 }, // U+22AD
    { 19, 24, 366, 2, 21, 114, 13295 }, // U+22AE
    { 19, 24, 366, 2, 21, 114, 13409 }, // U+22AF
    { 17, 20, 335, 2, 18, 85, 13523 }, // U+22B0
    { 17, 20, 335, 2, 18, 85, 13608 }, // U+22B1
    { 17, 17, 335, 2, 16, 73, 13693 }, // U+22B2
    { 17, 17, 335, 2, 16, 73, 13766 }, // U+22B3
    { 17, 20, 335, 2, 18, 85, 13839 }, // U+22B4
    { 17, 20, 335, 2, 18, 85, 13924 }, // U+22B5
    { 23, 9, 400, 1, 12, 52, 14009 }, // U+22B6
    { 23, 9, 400, 1, 12, 52, 14061 }, // U+22B7
    { 19, 9, 335, 1, 12, 43, 14113 }, // U+22B8
    { 19, 20, 335, 1, 18, 95, 14156 }, // U+22B9
    { 11, 18, 217, 1, 18, 50, 14251 }, // U+22BA
    { 16, 19, 325, 2, 19, 76, 14301 }, // U+22BB
    { 16, 19, 325, 2, 19, 76, 14377 }, // U+22BC
    { 16, 19, 325, 2, 19, 76, 14453 }, // U+22BD
    { 17, 16, 335, 2, 16, 68, 14529 }, // U+22BE
    { 17, 16, 335, 2, 16, 68, 14597 }, // U+22BF
    { 22, 23, 337, 0, 18, 127, 14665 }, // U+22C0
    { 22, 23, 337, 0, 18, 127, 14792 }, // U+22C1
    { 19, 23, 337, 1, 18, 110, 14919 }, // U+22C2
    { 19, 23, 337, 1, 18, 110, 15029 }, // U+22C3
    { 14, 14, 250, 1, 15, 49, 15139 }, // U+22C4
    { 5, 5, 152, 2, 11, 7, 15188 }, // U+22C5
    { 12, 12, 250, 2, 14, 36, 15195 }, // U+22C6
    { 17, 20, 335, 2, 18, 85, 15231 }, // U+22C7
    { 21, 19, 400, 2, 17, 100, 15316 }, // U+22C8
    { 21, 19, 400, 2, 17, 100, 15416 }, // U+22C9
    { 21, 19, 400, 2, 17, 100, 15516 }, // U+22CA
    { 21, 19, 400, 2, 17, 100, 15616 }, // U+22CB
    { 21, 19, 400, 2, 17, 100, 15716 }, // U+22CC
    { 17, 10, 335, 2, 13, 43, 15816 }, // U+22CD
    { 19, 15, 325, 1, 15, 72, 15859 }, // U+22CE
    { 19, 15, 325, 1, 15, 72, 15931 }, // U+22CF
    { 17, 18, 335, 2, 17, 77, 16003 }, // U+22D0
    { 17, 18, 335, 2, 17, 77, 16080 }, // U+22D1
    { 17, 16, 335, 2, 16, 68, 16157 }, // U+22D2
    { 17, 17, 335, 2, 16, 73, 16225 }, // U+22D3
    { 13, 19, 335, 4, 19, 62, 16298 }, // U+22D4
    { 17, 22, 335, 2, 19, 94, 16360 }, // U+22D5
    { 17, 15, 335, 2, 15, 64, 16454 }, // U+22D6
    { 17, 15, 335, 2, 15, 64, 16518 }, // U+22D7
    { 33, 18, 569, 1, 17, 149, 16582 }, // U+22D8
    { 33, 18, 569, 1, 17, 149, 16731 }, // U+22D9
    { 17, 27, 335, 2, 21, 115, 16880 }, // U+22DA
    { 17, 27, 335, 2, 21, 115, 16995 }, // U+22DB
    { 17, 15, 335, 2, 15, 64, 17110 }, // U+22DC
    { 17, 15, 335, 2, 15, 64, 17174 }, // U+22DD
    { 17, 23, 335, 2, 18, 98, 17238 }, // U+22DE
    { 17, 23, 335, 2, 18, 98, 17336 }, // U+22DF
    { 17, 26, 335, 2, 21, 111, 17434 }, // U+22E0
    { 17, 26, 335, 2, 19, 111, 17545 }, // U+22E1
    { 17, 26, 335, 2, 21, 111, 17656 }, // U+22E2
    { 17, 26, 335, 2, 21, 111, 17767 }, // U+22E3
    { 17, 20, 335, 2, 16, 85, 17878 }, // U+22E4
    { 17, 20, 335, 2, 16, 85, 17963 }, // U+22E5
    { 17, 20, 335, 2, 15, 85, 18048 }, // U+22E6
    { 17, 20, 335, 2, 15, 85, 18133 }, // U+22E7
    { 17, 24, 335, 2, 18, 102, 18218 }, // U+22E8
    { 17, 24, 335, 2, 18, 102, 18320 }, // U+22E9
    { 17, 25, 335, 2, 21, 107, 18422 }, // U+22EA
    { 17, 25, 335, 2, 21, 107, 18529 }, // U+22EB
    { 17, 29, 335, 2, 23, 124, 18636 }, // U+22EC
    { 17, 29, 335, 2, 23, 124, 18760 }, // U+22ED
    { 5, 19, 400, 10, 18, 24, 18884 }, // U+22EE
    { 23, 5, 400, 1, 11, 29, 18908 }, // U+22EF
    { 23, 19, 400, 1, 18, 110, 18937 }, // U+22F0
    { 23, 19, 400, 1, 18, 110, 19047 }, // U+22F1
    { 27, 20, 463, 1, 19, 135, 19157 }, // U+22F2
    { 20, 20, 359, 1, 19, 100, 19292 }, // U+22F3
    { 15, 14, 300, 2, 15, 53, 19392 }, // U+22F4
    { 20, 26, 359, 1, 25, 130, 19445 }, // U+22F5
    { 20, 24, 359, 1, 23, 120, 19575 }, // U+22F6
    { 15, 18, 300, 2, 19, 68, 19695 }, // U+22F7
    { 20, 25, 359, 1, 19, 125, 19763 }, // U+22F8
    { 20, 20, 359, 1, 19, 100, 19888 }, // U+22F9
    { 27, 20, 463, 1, 19, 135, 19988 }, // U+22FA
    { 20, 20, 359, 1, 19, 100, 20123 }, // U+22FB
    { 15, 14, 300, 2, 15, 53, 20223 }, // U+22FC
    { 20, 24, 359, 1, 23, 120, 20276 }, // U+22FD
    { 15, 18, 300, 2, 19, 68, 20396 }, // U+22FE
    { 18, 19, 359, 2, 19, 86, 20464 }, // U+22FF
    { 21, 19, 324, 0, 19, 100, 0 }, // U+FB00
    { 17, 19, 296, 0, 19, 81, 100 }, // U+FB01
    { 17, 19, 296, 0, 19, 81, 181 }, // U+FB02
    { 26, 19, 446, 0, 19, 124, 262 }, // U+FB03
    { 26, 19, 446, 0, 19, 124, 386 }, // U+FB04
    { 20, 19, 323, 0, 19, 95, 510 }, // U+FB05
    { 24, 20, 408, 1, 19, 120, 605 }, // U+FB06
    { 28, 28, 445, 0, 24, 196, 0 }, // U+FFFD
};

static const EpdUnicodeInterval dejavu_sans_12_boldIntervals[] = {
    { 0x20, 0x7E, 0x0 },
    { 0xA0, 0xFF, 0x5F },
    { 0x100, 0x17F, 0xBF },
    { 0x1A0, 0x1A1, 0x13F },
    { 0x1AF, 0x1B0, 0x141 },
    { 0x1C4, 0x21F, 0x143 },
    { 0x300, 0x34F, 0x19F },
    { 0x351, 0x353, 0x1EF },
    { 0x357, 0x358, 0x1F2 },
    { 0x35A, 0x35A, 0x1F4 },
    { 0x35C, 0x362, 0x1F5 },
    { 0x400, 0x4FF, 0x1FC },
    { 0x1EA0, 0x1EF9, 0x2FC },
    { 0x2000, 0x2064, 0x356 },
    { 0x206A, 0x206F, 0x3BB },
    { 0x2070, 0x2071, 0x3C1 },
    { 0x2074, 0x208E, 0x3C3 },
    { 0x2090, 0x209C, 0x3DE },
    { 0x20A0, 0x20B5, 0x3EB },
    { 0x20B8, 0x20BA, 0x401 },
    { 0x20BD, 0x20BD, 0x404 },
    { 0x2190, 0x21FF, 0x405 },
    { 0x2200, 0x22FF, 0x475 },
    { 0xFB00, 0xFB06, 0x575 },
    { 0xFFFD, 0xFFFD, 0x57C },
};

static const EpdFontGroup dejavu_sans_12_boldGroups[] = {
    { 0, 2389, 6136, 95, 0 },
    { 2389, 2142, 7242, 96, 95 },
    { 4531, 2679, 11354, 128, 191 },
    { 7210, 2845, 10170, 96, 319 },
    { 10055, 779, 1449, 93, 415 },
    { 10834, 7439, 24415, 256, 508 },
    { 18273, 1725, 9722, 90, 764 },
    { 19998, 1483, 3518, 107, 854 },
    { 21481, 495, 1177, 42, 961 },
    { 21976, 1405, 2770, 26, 1003 },
    { 23381, 2946, 7773, 112, 1029 },
    { 26327, 7355, 23035, 256, 1141 },
    { 33682, 250, 785, 7, 1397 },
    { 33932, 114, 196, 1, 1404 },
};

static const EpdKernClassEntry dejavu_sans_12_boldKernLeftClasses[] = {
    { 0x002D, 1 }, // -
    { 0x0041, 2 }, // A
    { 0x0042, 3 }, // B
    { 0x0043, 4 }, // C
    { 0x0044, 5 }, // D
    { 0x0046, 6 }, // F
    { 0x0047, 7 }, // G
    { 0x004B, 8 }, // K
    { 0x004C, 9 }, // L
    { 0x004F, 10 }, // O
    { 0x0050, 11 }, // P
    { 0x0051, 12 }, // Q
    { 0x0052, 13 }, // R
    { 0x0053, 14 }, // S
    { 0x0054, 15 }, // T
    { 0x0055, 16 }, // U
    { 0x0056, 17 }, // V
    { 0x0057, 18 }, // W
    { 0x0058, 19 }, // X
    { 0x0059, 20 }, // Y
    { 0x005A, 21 }, // Z
    { 0x0061, 22 }, // a
    { 0x0066, 23 }, // f
    { 0x006B, 24 }, // k
    { 0x0072, 25 }, // r
    { 0x0076, 26 }, // v
    { 0x0077, 27 }, // w
    { 0x0079, 28 }, // y
    { 0x00C0, 2 }, // U+00C0
    { 0x00C1, 2 }, // U+00C1
    { 0x00C2, 2 }, // U+00C2
    { 0x00C3, 2 }, // U+00C3
    { 0x00C4, 2 }, // U+00C4
    { 0x00C6, 21 }, // U+00C6
    { 0x00C7, 4 }, // U+00C7
    { 0x00D0, 5 }, // U+00D0
    { 0x00D2, 10 }, // U+00D2
    { 0x00D3, 10 }, // U+00D3
    { 0x00D4, 10 }, // U+00D4
    { 0x00D5, 10 }, // U+00D5
    { 0x00D6, 10 }, // U+00D6
    { 0x00D8, 29 }, // U+00D8
    { 0x00D9, 16 }, // U+00D9
    { 0x00DA, 16 }, // U+00DA
    { 0x00DB, 16 }, // U+00DB
    { 0x00DC, 16 }, // U+00DC
    { 0x00DD, 20 }, // U+00DD
    { 0x00E0, 22 }, // U+00E0
    { 0x00E1, 22 }, // U+00E1
    { 0x00E2, 22 }, // U+00E2
    { 0x00E3, 22 }, // U+00E3
    { 0x00E4, 22 }, // U+00E4
    { 0x00E5, 22 }, // U+00E5
    { 0x00FD, 28 }, // U+00FD
    { 0x00FF, 28 }, // U+00FF
    { 0x0100, 2 }, // U+0100
    { 0x0102, 2 }, // U+0102
    { 0x0104, 2 }, // U+0104
    { 0x0106, 4 }, // U+0106
    { 0x0108, 4 }, // U+0108
    { 0x010A, 4 }, // U+010A
    { 0x010C, 4 }, // U+010C
    { 0x010E, 5 }, // U+010E
    { 0x0110, 5 }, // U+0110
    { 0x011E, 7 }, // U+011E
    { 0x0139, 9 }, // U+0139
    { 0x013D, 9 }, // U+013D
    { 0x0140, 30 }, // U+0140
    { 0x0141, 9 }, // U+0141
    { 0x0154, 13 }, // U+0154
    { 0x0155, 25 }, // U+0155
    { 0x0158, 13 }, // U+0158
    { 0x0159, 25 }, // U+0159
    { 0x015E, 14 }, // U+015E
    { 0x0160, 14 }, // U+0160
    { 0x0164, 31 }, // U+0164
    { 0x016E, 16 }, // U+016E
    { 0x0178, 20 }, // U+0178
    { 0x017D, 21 }, // U+017D
    { 0x2010, 1 }, // U+2010
    { 0x2018, 32 }, // U+2018
    { 0x201A, 33 }, // U+201A
    { 0x201C, 34 }, // U+201C
    { 0x201E, 33 }, // U+201E
};

static const EpdKernClassEntry dejavu_sans_12_boldKernRightClasses[] = {
    { 0x002C, 1 }, // ,
    { 0x002D, 2 }, // -
    { 0x002E, 3 }, // .
    { 0x003A, 4 }, // :
    { 0x003B, 4 }, // ;
    { 0x0041, 5 }, // A
    { 0x0043, 6 }, // C
    { 0x004A, 7 }, // J
    { 0x004F, 8 }, // O
    { 0x0053, 9 }, // S
    { 0x0054, 10 }, // T
    { 0x0055, 11 }, // U
    { 0x0056, 12 }, // V
    { 0x0057, 13 }, // W
    { 0x0058, 14 }, // X
    { 0x0059, 15 }, // Y
    { 0x0061, 16 }, // a
    { 0x0063, 17 }, // c
    { 0x0065, 18 }, // e
    { 0x0069, 19 }, // i
    { 0x006C, 20 }, // l
    { 0x006F, 21 }, // o
    { 0x0072, 22 }, // r
    { 0x0073, 23 }, // s
    { 0x0075, 24 }, // u
    { 0x0076, 25 }, // v
    { 0x0077, 26 }, // w
    { 0x0079, 27 }, // y
    { 0x00C0, 5 }, // U+00C0
    { 0x00C1, 5 }, // U+00C1
    { 0x00C2, 5 }, // U+00C2
    { 0x00C3, 5 }, // U+00C3
    { 0x00C4, 5 }, // U+00C4
    { 0x00C6, 28 }, // U+00C6
    { 0x00C7, 6 }, // U+00C7
    { 0x00D2, 8 }, // U+00D2
    { 0x00D3, 8 }, // U+00D3
    { 0x00D4, 8 }, // U+00D4
    { 0x00D5, 8 }, // U+00D5
    { 0x00D6, 8 }, // U+00D6
    { 0x00D8, 29 }, // U+00D8
    { 0x00D9, 11 }, // U+00D9
    { 0x00DA, 11 }, // U+00DA
    { 0x00DB, 11 }, // U+00DB
    { 0x00DC, 11 }, // U+00DC
    { 0x00DD, 15 }, // U+00DD
    { 0x00E0, 30 }, // U+00E0
    { 0x00E1, 16 }, // U+00E1
    { 0x00E2, 30 }, // U+00E2
    { 0x00E3, 30 }, // U+00E3
    { 0x00E4, 30 }, // U+00E4
    { 0x00E5, 30 }, // U+00E5
    { 0x00E6, 31 }, // U+00E6
    { 0x00E7, 17 }, // U+00E7
    { 0x00E8, 32 }, // U+00E8
    { 0x00E9, 18 }, // U+00E9
    { 0x00EA, 32 }, // U+00EA
    { 0x00EB, 32 }, // U+00EB
    { 0x00F2, 33 }, // U+00F2
    { 0x00F3, 21 }, // U+00F3
    { 0x00F4, 33 }, // U+00F4
    { 0x00F5, 33 }, // U+00F5
    { 0x00F6, 33 }, // U+00F6
    { 0x00F8, 34 }, // U+00F8
    { 0x00F9, 35 }, // U+00F9
    { 0x00FA, 24 }, // U+00FA
    { 0x00FB, 35 }, // U+00FB
    { 0x00FC, 35 }, // U+00FC
    { 0x00FD, 27 }, // U+00FD
    { 0x00FF, 27 }, // U+00FF
    { 0x0100, 36 }, // U+0100
    { 0x0101, 37 }, // U+0101
    { 0x0102, 36 }, // U+0102
    { 0x0103, 37 }, // U+0103
    { 0x0104, 36 }, // U+0104
    { 0x0105, 37 }, // U+0105
    { 0x0106, 6 }, // U+0106
    { 0x0107, 17 }, // U+0107
    { 0x010C, 6 }, // U+010C
    { 0x010D, 17 }, // U+010D
    { 0x0113, 38 }, // U+0113
    { 0x0115, 38 }, // U+0115
    { 0x0117, 38 }, // U+0117
    { 0x0119, 38 }, // U+0119
    { 0x011B, 18 }, // U+011B
    { 0x014D, 38 }, // U+014D
    { 0x014F, 38 }, // U+014F
    { 0x0151, 38 }, // U+0151
    { 0x0152, 39 }, // U+0152
    { 0x0153, 40 }, // U+0153
    { 0x0155, 22 }, // U+0155
    { 0x0157, 41 }, // U+0157
    { 0x0159, 22 }, // U+0159
    { 0x015A, 42 }, // U+015A
    { 0x015C, 42 }, // U+015C
    { 0x015E, 9 }, // U+015E
    { 0x015F, 23 }, // U+015F
    { 0x0160, 9 }, // U+0160
    { 0x0161, 23 }, // U+0161
    { 0x0162, 43 }, // U+0162
    { 0x0164, 44 }, // U+0164
    { 0x0168, 45 }, // U+0168
    { 0x0169, 46 }, // U+0169
    { 0x016A, 45 }, // U+016A
    { 0x016B, 46 }, // U+016B
    { 0x016C, 45 }, // U+016C
    { 0x016D, 46 }, // U+016D
    { 0x016E, 11 }, // U+016E
    { 0x016F, 24 }, // U+016F
    { 0x0170, 45 }, // U+0170
    { 0x0171, 46 }, // U+0171
    { 0x0173, 46 }, // U+0173
    { 0x0174, 47 }, // U+0174
    { 0x0176, 48 }, // U+0176
    { 0x0177, 49 }, // U+0177
    { 0x0178, 15 }, // U+0178
    { 0x01E3, 37 }, // U+01E3
    { 0x01EB, 38 }, // U+01EB
    { 0x01ED, 38 }, // U+01ED
    { 0x0218, 42 }, // U+0218
    { 0x021A, 43 }, // U+021A
    { 0x1EF2, 48 }, // U+1EF2
    { 0x1EF3, 50 }, // U+1EF3
    { 0x2019, 51 }, // U+2019
    { 0x201A, 52 }, // U+201A
    { 0x201D, 53 }, // U+201D
    { 0x201E, 54 }, // U+201E
};

static const int8_t dejavu_sans_12_boldKernMatrix[] = {
       0,    0,    0,    0,    0,    0,    0,    0,    0, -118,    0,  -58,  -36,  -65, -118,    0,    0,    0,    0,    0,    0,    0,    0,    0,    0,    0,    0,    0,    0,    0,    0,    0,    0,    0,    0,    0,    0,    0,    0,    0,    0,    0,    0, -118,    0,    0,    0,    0,    0,    0,    0,    0,    0,    0,
      15,    0,   15,   15,    0,    0,    0,    0,    0,  -62,  -25,  -54,  -36,    0,  -77,    0,    0,    0,    0,    0,    0,    0,    0,    0,  -29,    0,  -29,    0,    0,    0,    0,    0,    0,    0,    0,    0,    0,    0,    0,    0,    0,    0,  -62,  -62,  -25,    0,  -36,  -77,  -29,    0,  -73,   45,  -73,   45,
       0,    0,    0,    0,    0,    0,    0,    0,    0,    0,    0,  -32,  -44,    0,  -44,    0,    0,    0,    0,    0,    0,    0,    0,    0,    0,    0,    0,    0,    0,    0,    0,    0,    0,    0,    0,    0,    0,    0,    0,    0,    0,    0,    0,    0,    0,    0,  -44,  -44,    0,    0,    0,    0,    0,    0,
       0,   18,    0,    0,    0,    0,    0,    0,   15,    0,    0,    0,    0,    0,    0,    0,    0,    0,    0,    0,    0,    0,    0,    0,    0,    0,    0,    0,    0,    0,    0,    0,    0,    0,    0,    0,    0,    0,    0,    0,    0,   15,    0,    0,    0,    0,    0,    0,    0,    0,   29,    0,   29,    0,
       0,   15,    0,    0,    0,    0,    0,    0,    0,    0,    0,    0,    0,    0,  -58,    0,    0,    0,    0,    0,    0,    0,    0,    0,    0,    0,    0,    0,    0,    0,    0,    0,    0,    0,    0,    0,    0,    0,    0,    0,    0,    0,    0,    0,    0,    0,    0,  -58,    0,    0,    0,  -14,    0,  -14,
    -128,  -25, -118,  -44,  -92,    0,    0,    0,    0,    0,    0,    0,    0,    0,    0,  -47,    0,  -32,    0,    0,  -32,  -51,    0,  -40,    0,    0,  -44,    0,    0,  -47,  -47,  -32,  -32,  -32,  -40,  -92,  -47,  -32,    0,  -32,  -51,    0,    0,    0,    0,  -40,    0,    0,  -44,  -44,   15, -128,    0, -128,
       0,    0,    0,    0,    0,    0,    0,    0,    0,  -14,    0,    0,    0,    0,  -18,    0,    0,    0,    0,    0,    0,    0,    0,    0,    0,    0,    0,    0,    0,    0,    0,    0,    0,    0,    0,    0,    0,    0,    0,    0,    0,    0,    0,  -14,    0,    0,    0,    0,    0,    0,    0,    0,    0,    0,
       0,  -70,    0,    0,    0,  -36,    0,  -36,    0,    0,  -14,    0,    0,    0,    0,    0,    0,  -14,    0,    0,  -14,    0,    0,  -14,    0,    0,  -51,    0,  -21,    0,    0,  -14,  -14,  -14,  -14,    0,    0,    0,  -40,  -14,    0,    0,    0,    0,    0,    0,    0,    0,    0,    0,    0,   15,    0,   15,
       0,    0,    0,    0,    0,    0,    0,  -29,    0, -128,  -29, -110,  -62,    0, -125,    0,    0,    0,    0,    0,    0,    0,    0,    0,    0,    0,  -54,    0,  -29,    0,    0,    0,    0,    0,    0,    0,    0,    0,  -29,    0,    0,    0,    0, -128,    0,    0,    0,    0,    0,    0, -128,    0, -128,    0,
     -18,   15,  -18,    0,  -21,    0,    0,    0,    0,    0,    0,  -21,    0,  -29,  -29,    0,    0,    0,    0,    0,    0,    0,    0,    0,    0,    0,    0,    0,    0,    0,    0,    0,    0,    0,    0,    0,    0,    0,    0,    0,    0,    0,    0,    0,    0,    0,    0,    0,    0,    0,    0,    0,    0,    0,
    -128,  -14, -128,    0,  -73,    0,    0,    0,    0,    0,    0,    0,    0,    0,    0,  -21,    0,    0,    0,    0,    0,    0,  -14,    0,    0,    0,   15,    0,    0,  -21,  -21,    0,    0,    0,    0,    0,    0,    0,    0,    0,    0,    0,    0,    0,    0,    0,    0,    0,    0,    0,   22, -128,   15, -128,
       0,   15,    0,    0,    0,    0,    0,    0,    0,    0,    0,    0,    0,    0,    0,    0,    0,    0,    0,    0,    0,    0,    0,    0,    0,    0,    0,    0,    0,    0,    0,    0,    0,    0,    0,    0,    0,    0,    0,    0,    0,    0,    0,    0,    0,    0,    0,    0,    0,    0,    0,    0,    0,    0,
      15,    0,   15,    0,    0,    0,    0,    0,    0,  -36,    0,    0,    0,    0,  -44,    0,    0,    0,    0,    0,    0,    0,    0,    0,    0,    0,  -36,    0,    0,    0,    0,    0,    0,    0,    0,    0,    0,    0,    0,    0,    0,    0,    0,  -36,    0,    0,    0,    0,    0,    0,    0,    0,    0,    0,
       0,    0,    0,    0,    0,    0,    0,    0,  -36,    0,    0,    0,    0,    0,    0,    0,    0,    0,    0,    0,    0,    0,    0,    0,    0,    0,    0,    0,    0,    0,    0,    0,    0,    0,    0,    0,    0,    0,    0,    0,    0,    0,    0,    0,    0,    0,    0,    0,    0,    0,    0,    0,    0,    0,
    -114, -118, -121,  -44,  -62,    0,    0,    0,    0,   18,    0,    0,    0,    0,    0, -103, -106, -106,    0,    0, -106,  -88, -106,  -88,    0,  -88,  -95,    0,    0,  -64,  -77,  -83,  -75,  -62,  -76,    0,    0,    0,    0,  -62,    0,    0,    0,    0,    0,    0,    0,    0,    0,    0,    0, -103,    0, -103,
       0,    0,    0,    0,  -25,    0,    0,    0,    0,    0,    0,    0,    0,    0,    0,    0,    0,    0,    0,    0,    0,    0,    0,    0,    0,    0,    0,    0,    0,    0,    0,    0,    0,    0,    0,    0,    0,    0,    0,    0,    0,    0,    0,    0,    0,    0,    0,    0,    0,    0,    0,    0,    0,    0,
    -103,  -58, -103,  -36,  -54,    0,    0,  -14,    0,    0,    0,    0,    0,    0,    0,  -44,    0,  -44,  -14,    0,  -44,    0,    0,  -29,    0,    0,    0,    0,  -14,  -44,  -44,  -44,  -44,  -44,  -29,    0,    0,    0,  -14,  -44,    0,    0,    0,    0,    0,    0,    0,    0,    0,    0,    0,  -88,    0,  -73,
     -65,  -36,  -65,  -25,  -36,    0,    0,    0,    0,    0,    0,    0,    0,    0,    0,  -29,    0,  -29,    0,    0,  -29,  -14,    0,    0,    0,    0,    0,    0,    0,  -29,  -29,  -29,  -29,  -29,    0,    0,    0,    0,    0,  -29,    0,    0,    0,    0,    0,    0,    0,    0,    0,    0,    0,    0,    0,    0,
       0,  -65,    0,    0,    0,  -29,    0,  -29,    0,    0,    0,    0,    0,    0,    0,    0,    0,  -21,    0,    0,    0,    0,    0,    0,    0,    0,    0,    0,  -29,    0,    0,  -21,    0,    0,    0,    0,    0,    0,  -29,    0,    0,    0,    0,    0,    0,    0,    0,    0,    0,    0,    0,   15,    0,   15,
    -128, -118, -128,  -70,  -77,  -29,    0,  -29,    0,    0,    0,    0,    0,    0,    0,  -73,    0,  -73,    0,    0,  -73,    0,    0,  -58,    0,    0,    0,    0,  -14,  -73,  -73,  -73,  -73,  -73,  -58,    0,    0,    0,  -36,  -73,    0,    0,    0,    0,    0,    0,    0,    0,    0,    0,    0, -128,    0, -118,
       0,  -14,    0,    0,    0,    0,    0,    0,    0,    0,    0,    0,    0,    0,    0,    0,    0,    0,    0,    0,    0,    0,    0,    0,    0,    0,    0,    0,    0,    0,    0,    0,    0,    0,    0,    0,    0,    0,    0,    0,    0,    0,    0,    0,    0,    0,    0,    0,    0,    0,    0,    0,    0,    0,
       0,    0,    0,    0,    0,    0,    0,    0,    0,    0,    0,    0,    0,    0,    0,    0,    0,    0,    0,    0,    0,    0,    0,    0,    0,    0,  -25,    0,    0,    0,    0,    0,    0,    0,    0,    0,    0,    0,    0,    0,    0,    0,    0,    0,    0,    0,    0,    0,    0,    0,    0,    0,    0,    0,
     -44,  -14,  -44,    0,    0,    0,    0,    0,    0,    0,    0,    0,    0,    0,    0,    0,    0,    0,    0,    0,    0,    0,    0,    0,    0,    0,    0,    0,    0,    0,    0,    0,    0,    0,    0,    0,    0,    0,    0,    0,    0,    0,    0,    0,    0,    0,    0,    0,    0,    0,   55,    0,   34,    0,
       0,    0,    0,    0,    0,    0,    0,    0,    0,    0,    0,    0,    0,    0,    0,    0,    0,  -21,    0,    0,  -21,    0,    0,    0,    0,    0,    0,    0,    0,    0,    0,  -21,  -21,  -18,    0,    0,    0,    0,    0,  -21,    0,    0,    0,    0,    0,    0,    0,    0,    0,    0,    0,    0,    0,    0,
    -118,    0, -114,    0,    0,    0,    0,    0,    0,    0,    0,    0,    0,    0,    0,    0,    0,    0,    0,    0,    0,    0,    0,    0,    0,    0,    0,    0,    0,    0,    0,    0,    0,    0,    0,    0,    0,    0,    0,    0,    0,    0,    0,    0,    0,    0,    0,    0,    0,    0,   34,    0,   15,    0,
     -65,    0,  -65,    0,    0,    0,    0,    0,    0,    0,    0,    0,    0,    0,    0,    0,    0,    0,    0,    0,    0,    0,    0,    0,    0,    0,    0,    0,    0,    0,    0,    0,    0,    0,    0,    0,    0,    0,    0,    0,    0,    0,    0,    0,    0,    0,    0,    0,    0,    0,    0,    0,    0,    0,
     -51,    0,  -51,    0,    0,    0,    0,    0,    0,    0,    0,    0,    0,    0,    0,    0,    0,    0,    0,    0,    0,    0,    0,    0,    0,    0,    0,    0,    0,    0,    0,    0,    0,    0,    0,    0,    0,    0,    0,    0,    0,    0,    0,    0,    0,    0,    0,    0,    0,    0,    0,    0,    0,    0,
     -62,    0,  -73,    0,    0,    0,    0,    0,    0,    0,    0,    0,    0,    0,    0,    0,    0,    0,    0,    0,    0,    0,    0,    0,    0,    0,    0,    0,    0,    0,    0,    0,    0,    0,    0,    0,    0,    0,    0,    0,    0,    0,    0,    0,    0,    0,    0,    0,    0,    0,    0,    0,    0,    0,
     -18,   15,  -18,    0,  -14,    0,    0,    0,    0,    0,    0,  -14,    0,  -29,  -14,    0,    0,    0,    0,    0,    0,    0,    0,    0,    0,    0,    0,    0,    0,    0,    0,    0,    0,    0,    0,    0,    0,    0,    0,    0,    0,    0,    0,    0,    0,    0,    0,    0,    0,    0,    0,    0,    0,    0,
       0,    0,    0,    0,    0,    0,    0,    0,    0,    0,    0,    0,    0,    0,    0,    0,    0,    0,    0,  -96,    0,    0,    0,    0,    0,    0,    0,    0,    0,    0,    0,    0,    0,    0,    0,    0,    0,    0,    0,    0,    0,    0,    0,    0,    0,    0,    0,    0,    0,    0,    0,    0,    0,    0,
    -114, -118, -121,  -44,  -62,    0,    0,    0,    0,   18,    0,    0,    0,    0,    0, -103, -106, -106,    0,    0, -106,  -88, -106,  -88,    0,  -88,  -95,    0,    0, -103,  -77, -106, -106,  -62,  -88,    0,    0,    0,    0,  -62,    0,    0,    0,   18,    0,    0,    0,    0,    0,    0,    0, -103,    0, -103,
       0,    0,    0,    0,  -92,    0,  -36,    0,    0,    0,    0,   15,    0,    0,   29,    0,    0,    0,    0,    0,    0,    0,    0,    0,    0,    0,    0, -103,    0,    0,    0,    0,    0,    0,    0,    0,    0,    0,    0,    0,    0,    0,    0,    0,    0,    0,    0,    0,    0,    0,    0,    0,    0,    0,
       0,    0,    0,    0,    0,    0,    0,    0,    0, -128,    0, -110,  -84,    0, -128,    0,    0,    0,    0,    0,    0,    0,    0,    0,    0,    0,    0,    0,    0,    0,    0,    0,    0,    0,    0,    0,    0,    0,    0,    0,    0,    0,    0, -128,    0,    0,    0,    0,    0,    0,    0,    0,    0,    0,
       0,    0,    0,    0, -103,    0,  -36,    0,    0,    0,    0,    0,    0,    0,   15,    0,    0,    0,    0,    0,    0,    0,    0,    0,    0,    0,    0, -118,    0,    0,    0,    0,    0,    0,    0,    0,    0,    0,    0,    0,    0,    0,    0,    0,    0,    0,    0,    0,    0,    0,    0,    0,    0,    0,
};

static const EpdLigaturePair dejavu_sans_12_boldLigaturePairs[] = {
    { 0x00660066, 0xFB00 }, // f f -> U+FB00
    { 0x00660069, 0xFB01 }, // f i -> U+FB01
    { 0x0066006C, 0xFB02 }, // f l -> U+FB02
    { 0xFB000069, 0xFB03 }, // U+FB00 i -> U+FB03
    { 0xFB00006C, 0xFB04 }, // U+FB00 l -> U+FB04
};

static constexpr EpdFontData dejavu_sans_12_bold = {
    dejavu_sans_12_boldBitmaps,
    dejavu_sans_12_boldGlyphs,
    dejavu_sans_12_boldIntervals,
    25,
    29,
    24,
    -6,
    true,
    dejavu_sans_12_boldGroups,
    14,
    nullptr,
    dejavu_sans_12_boldKernLeftClasses,
    dejavu_sans_12_boldKernRightClasses,
    dejavu_sans_12_boldKernMatrix,
    84,
    127,
    34,
    54,
    dejavu_sans_12_boldLigaturePairs,
    5,
};
