/**
 * generated by fontconvert.py
 * name: inter_14_bold
 * size: 14
 * mode: 1-bit
 * Command used: lib/EpdFont/scripts/fontconvert.py inter_14_bold 14 lib/EpdFont/builtinFonts/source/Inter/Inter-Bold.ttf --pnum
 */
#pragma once
#include "EpdFontData.h"

static const uint8_t inter_14_boldBitmaps[48958] = {
    0xFB, 0xEF, 0xBE, 0xFB, 0xEF, 0xBE, 0xFB, 0xEF, 0xBE, 0xFB, 0xEF, 0xBE, 0x01, 0xCF, 0xBE, 0xFB,
    0xE2, 0x00, 0x79, 0xFF, 0x7F, 0xE7, 0xFC, 0xFF, 0x9E, 0xF3, 0xDE, 0x7B, 0xCF, 0x79, 0xEF, 0x3C,
    0x03, 0x87, 0x00, 0xF0, 0xF0, 0x1E, 0x1E, 0x03, 0xC7, 0x80, 0x78, 0xF0, 0x0F, 0x1E, 0x0F, 0xFF,
    0xFB, 0xFF, 0xFF, 0x7F, 0xFF, 0xCF, 0xFF, 0xF8, 0x3C, 0x78, 0x07, 0x8F, 0x01, 0xE1, 0xE1, 0xFF,
    0xFF, 0xBF, 0xFF, 0xF7, 0xFF, 0xFC, 0xFF, 0xFF, 0x83, 0xC7, 0x80, 0x70, 0xF0, 0x1E, 0x1E, 0x03,
    0xC3, 0xC0, 0x78, 0xF0, 0x00, 0x00, 0x80, 0x00, 0xE0, 0x00, 0x70, 0x00, 0x7E, 0x01, 0xFF, 0xC1,
    0xFF, 0xF1, 0xFF, 0xFC, 0xFF, 0xFE, 0xFD, 0xDF, 0xFE, 0xE7, 0xFF, 0x70, 0x0F, 0xF8, 0x07, 0xFE,
    0x01, 0xFF, 0xE0, 0x7F, 0xF8, 0x0F, 0xFE, 0x01, 0xFF, 0x80, 0xEF, 0xFE, 0x73, 0xFF, 0x39, 0xFF,
    0xDD, 0xFF, 0xFF, 0xFD, 0xFF, 0xFC, 0x7F, 0xFC, 0x1F, 0xFC, 0x01, 0xF0, 0x00, 0x70, 0x00, 0x38,
    0x00, 0x1E, 0x00, 0x38, 0x1F, 0xC0, 0x3C, 0x1F, 0xF0, 0x1E, 0x1F, 0x78, 0x1E, 0x0F, 0x3C, 0x1E,
    0x07, 0x9E, 0x0E, 0x03, 0xCF, 0x0F, 0x01, 0xE7, 0x8F, 0x00, 0x7F, 0xC7, 0x00, 0x3F, 0xC7, 0x80,
    0x0F, 0xC7, 0x80, 0x00, 0x07, 0x83, 0x00, 0x03, 0xC7, 0xE0, 0x03, 0xC7, 0xF8, 0x03, 0xC7, 0xFE,
    0x01, 0xE3, 0xCF, 0x01, 0xE1, 0xE7, 0x81, 0xE0, 0xF3, 0xC0, 0xF0, 0x79, 0xE0, 0xF0, 0x3F, 0xF0,
    0xF0, 0x0F, 0xF0, 0x70, 0x03, 0xF0, 0x00, 0x00, 0xF0, 0x07, 0xC0, 0x01, 0xFE, 0x00, 0x7F, 0xE0,
    0x1F, 0xFC, 0x03, 0xE7, 0x80, 0x78, 0xF8, 0x0F, 0x1E, 0x01, 0xE7, 0xC0, 0x3F, 0xF8, 0x03, 0xFE,
    0x00, 0x7F, 0x80, 0x1F, 0xE1, 0xC7, 0xFE, 0x78, 0xFF, 0xCF, 0x3E, 0x7D, 0xE7, 0xC7, 0xFC, 0xF8,
    0x7F, 0x9F, 0x0F, 0xE3, 0xFF, 0xFC, 0x3F, 0xFF, 0xC7, 0xFF, 0xFC, 0x3F, 0xEF, 0x81, 0xE0, 0x00,
    0x7F, 0xFF, 0xFF, 0xBD, 0xEF, 0x7B, 0xC0, 0x1F, 0x1F, 0x3E, 0x3E, 0x3E, 0x7C, 0x7C, 0x7C, 0x7C,
    0xF8, 0xF8, 0xF8, 0xF8, 0xF8, 0xF8, 0xF8, 0xF8, 0xF8, 0xF8, 0xFC, 0x7C, 0x7C, 0x7C, 0x3E, 0x3E,
    0x1F, 0x1F, 0x00, 0x78, 0x3E, 0x1F, 0x07, 0xC3, 0xE1, 0xF0, 0x7C, 0x3E, 0x1F, 0x0F, 0x87, 0xE1,
    0xF0, 0xF8, 0x7C, 0x3E, 0x1F, 0x0F, 0x87, 0xC7, 0xC3, 0xE1, 0xF0, 0xF8, 0xF8, 0x7C, 0x3E, 0x3E,
    0x1F, 0x00, 0x00, 0x06, 0x00, 0xF0, 0x4F, 0x27, 0x77, 0xFF, 0xFF, 0xFF, 0x1F, 0xC3, 0xFE, 0xFF,
    0xFF, 0xFF, 0x6F, 0x60, 0xF0, 0x0F, 0x00, 0x03, 0xC0, 0x03, 0xC0, 0x03, 0xC0, 0x03, 0xC0, 0x03,
    0xC0, 0x7F, 0xFE, 0xFF, 0xFF, 0xFF, 0xFF, 0xFF, 0xFF, 0xFF, 0xFE, 0x03, 0xC0, 0x03, 0xC0, 0x03,
    0xC0, 0x03, 0xC0, 0x03, 0xC0, 0x3D, 0xF7, 0xDF, 0x79, 0xE7, 0xBC, 0xF3, 0xC0, 0x7F, 0xEF, 0xFD,
    0xFF, 0xBF, 0xF0, 0x00, 0x73, 0xEF, 0xBE, 0xF8, 0x80, 0x01, 0xE0, 0x3C, 0x0F, 0x81, 0xF0, 0x3C,
    0x07, 0x81, 0xF0, 0x3C, 0x07, 0x81, 0xF0, 0x3E, 0x07, 0x80, 0xF0, 0x3E, 0x07, 0xC0, 0xF0, 0x1E,
    0x07, 0xC0, 0xF0, 0x1E, 0x07, 0xC0, 0xF8, 0x1E, 0x03, 0xC0, 0xF8, 0x1F, 0x03, 0xC0, 0x00, 0x03,
    0xE0, 0x03, 0xFF, 0x01, 0xFF, 0xE0, 0xFF, 0xFC, 0x7F, 0x7F, 0x1F, 0x07, 0xE7, 0xC0, 0xFB, 0xE0,
    0x3E, 0xF8, 0x0F, 0xBE, 0x03, 0xFF, 0x80, 0x7F, 0xE0, 0x1F, 0xF8, 0x0F, 0xFE, 0x03, 0xFF, 0x80,
    0xFB, 0xF0, 0x3E, 0x7C, 0x0F, 0x9F, 0x87, 0xE7, 0xFF, 0xF0, 0xFF, 0xF8, 0x1F, 0xFE, 0x03, 0xFE,
    0x00, 0x1E, 0x00, 0x07, 0x87, 0xF3, 0xFF, 0xFF, 0xFF, 0xFD, 0xFE, 0x7F, 0x1F, 0x07, 0xC1, 0xF0,
    0x7C, 0x1F, 0x07, 0xC1, 0xF0, 0x7C, 0x1F, 0x07, 0xC1, 0xF0, 0x7C, 0x1F, 0x07, 0xC1, 0xF0, 0x07,
    0xE0, 0x1F, 0xF8, 0x3F, 0xFC, 0x7F, 0xFE, 0x7E, 0x7E, 0xF8, 0x3F, 0xF8, 0x1F, 0xF8, 0x1F, 0x00,
    0x1F, 0x00, 0x3E, 0x00, 0x7E, 0x00, 0xFC, 0x01, 0xF8, 0x03, 0xF0, 0x07, 0xE0, 0x0F, 0xC0, 0x1F,
    0x80, 0x3F, 0x00, 0x7F, 0xFF, 0xFF, 0xFF, 0xFF, 0xFF, 0xFF, 0xFF, 0x03, 0xE0, 0x0F, 0xFC, 0x0F,
    0xFF, 0x0F, 0xFF, 0xC7, 0xE3, 0xF3, 0xE0, 0xFB, 0xE0, 0x7C, 0x00, 0x3E, 0x00, 0x3F, 0x01, 0xFF,
    0x00, 0xFF, 0x00, 0x7F, 0x80, 0x3F, 0xE0, 0x01, 0xF8, 0x00, 0x7F, 0xF0, 0x1F, 0xF8, 0x1F, 0xFE,
    0x0F, 0xDF, 0xFF, 0xCF, 0xFF, 0xE3, 0xFF, 0xE0, 0xFF, 0xC0, 0x0F, 0x00, 0x00, 0x7E, 0x00, 0x3F,
    0x80, 0x0F, 0xE0, 0x07, 0xF8, 0x03, 0xFE, 0x00, 0xFF, 0x80, 0x7F, 0xE0, 0x1F, 0xF8, 0x0F, 0xBE,
    0x07, 0xCF, 0x81, 0xF3, 0xE0, 0xF8, 0xF8, 0x7C, 0x3E, 0x1F, 0x0F, 0x8F, 0xFF, 0xFF, 0xFF, 0xFF,
    0xFF, 0xFF, 0xFF, 0xFF, 0xF0, 0x03, 0xE0, 0x00, 0xF8, 0x00, 0x3E, 0x00, 0x0F, 0x80, 0x3F, 0xFE,
    0x7F, 0xFE, 0x7F, 0xFE, 0x7F, 0xFE, 0x7F, 0xFE, 0x78, 0x00, 0x78, 0x00, 0x78, 0x00, 0x7B, 0xF8,
    0xFF, 0xFC, 0xFF, 0xFE, 0xFF, 0xFE, 0x78, 0x3F, 0x00, 0x1F, 0x00, 0x1F, 0x00, 0x1F, 0xF8, 0x1F,
    0xF8, 0x3F, 0xFF, 0xFE, 0x7F, 0xFE, 0x3F, 0xFC, 0x1F, 0xF0, 0x03, 0xC0, 0x03, 0xE0, 0x07, 0xFE,
    0x07, 0xFF, 0x87, 0xFF, 0xE7, 0xFF, 0xF3, 0xE0, 0xF9, 0xF0, 0x3F, 0xF0, 0x00, 0xFB, 0xF8, 0x7F,
    0xFF, 0x3F, 0xFF, 0x9F, 0xFF, 0xEF, 0xC1, 0xF7, 0xE0, 0x7F, 0xE0, 0x3F, 0xF0, 0x1F, 0xFC, 0x0F,
    0xBE, 0x0F, 0x9F, 0xFF, 0xC7, 0xFF, 0xC1, 0xFF, 0xE0, 0x7F, 0xC0, 0x07, 0x00, 0x7F, 0xFF, 0x7F,
    0xFF, 0x7F, 0xFF, 0x7F, 0xFF, 0x7F, 0xFF, 0x00, 0x3F, 0x00, 0x3E, 0x00, 0x7E, 0x00, 0x7C, 0x00,
    0xFC, 0x00, 0xF8, 0x01, 0xF8, 0x01, 0xF0, 0x03, 0xF0, 0x03, 0xE0, 0x07, 0xE0, 0x07, 0xC0, 0x0F,
    0xC0, 0x0F, 0x80, 0x1F, 0x80, 0x1F, 0x00, 0x3F, 0x00, 0x03, 0xE0, 0x0F, 0xFC, 0x0F, 0xFF, 0x8F,
    0xFF, 0xC7, 0xE3, 0xF3, 0xE0, 0xF9, 0xF0, 0x7C, 0xF8, 0x3E, 0x7C, 0x3F, 0x1F, 0xFF, 0x07, 0xFF,
    0x03, 0xFF, 0x87, 0xFF, 0xE3, 0xF1, 0xFB, 0xE0, 0x7F, 0xF0, 0x1F, 0xF8, 0x0F, 0xFE, 0x0F, 0xFF,
    0x8F, 0xCF, 0xFF, 0xE3, 0xFF, 0xE0, 0xFF, 0xC0, 0x0F, 0x00, 0x07, 0xE0, 0x0F, 0xFC, 0x0F, 0xFF,
    0x0F, 0xFF, 0xC7, 0xE7, 0xF7, 0xE0, 0xFB, 0xE0, 0x7D, 0xF0, 0x3F, 0xF8, 0x1F, 0xFC, 0x0F, 0xFF,
    0x0F, 0xEF, 0xFF, 0xF7, 0xFF, 0xF9, 0xFF, 0x7C, 0x3F, 0x3E, 0x00, 0x3E, 0xF8, 0x1F, 0x7E, 0x1F,
    0x9F, 0xFF, 0x8F, 0xFF, 0x83, 0xFF, 0xC0, 0x7F, 0x80, 0x0F, 0x00, 0x73, 0xEF, 0xBE, 0xF8, 0x80,
    0x00, 0x00, 0x07, 0x3E, 0xFB, 0xEF, 0x88, 0x38, 0xF9, 0xFB, 0xF3, 0xC3, 0x00, 0x00, 0x00, 0x00,
    0x01, 0xE7, 0xCF, 0x9F, 0x3C, 0x78, 0xF3, 0xC7, 0x8F, 0x00, 0x00, 0x02, 0x00, 0x3C, 0x01, 0xF8,
    0x0F, 0xF0, 0x7F, 0xE7, 0xFF, 0x3F, 0xF8, 0x7F, 0x80, 0xFC, 0x01, 0xFE, 0x03, 0xFF, 0x01, 0xFF,
    0xC0, 0xFF, 0xE0, 0x3F, 0xC0, 0x1F, 0x80, 0x0F, 0x00, 0x06, 0xFF, 0xFF, 0xFF, 0xFF, 0xFF, 0xFF,
    0xFF, 0xF0, 0x00, 0x00, 0x00, 0x00, 0x00, 0x7F, 0xFF, 0xFF, 0xFF, 0xFF, 0xFF, 0xFF, 0xF8, 0x40,
    0x00, 0xF0, 0x00, 0xFE, 0x00, 0xFF, 0x80, 0x7F, 0xE0, 0x1F, 0xF8, 0x07, 0xFE, 0x01, 0xFF, 0x00,
    0x3F, 0x00, 0xFF, 0x07, 0xFE, 0x1F, 0xF8, 0x7F, 0xE0, 0xFF, 0x80, 0xFE, 0x00, 0xF0, 0x00, 0x40,
    0x00, 0x0F, 0xC0, 0x7F, 0xE1, 0xFF, 0xE3, 0xFF, 0xEF, 0xCF, 0xDF, 0x0F, 0xBE, 0x1F, 0x00, 0x3E,
    0x00, 0xFC, 0x03, 0xF0, 0x0F, 0xE0, 0x3F, 0x00, 0x7C, 0x01, 0xF0, 0x03, 0xE0, 0x07, 0xC0, 0x00,
    0x00, 0x0E, 0x00, 0x3E, 0x00, 0x7C, 0x00, 0xF8, 0x01, 0xF0, 0x00, 0x80, 0x00, 0x00, 0x00, 0x00,
    0x00, 0x0F, 0xFF, 0x00, 0x03, 0xFF, 0xFC, 0x00, 0x7F, 0xFF, 0xE0, 0x0F, 0xFF, 0xFF, 0x01, 0xF8,
    0x01, 0xF8, 0x3F, 0x00, 0x07, 0xC7, 0xE1, 0xF7, 0x3C, 0x7C, 0x7F, 0xFB, 0xE7, 0x8F, 0xFF, 0x9E,
    0xF8, 0xFF, 0xF9, 0xEF, 0x9F, 0x0F, 0x9F, 0xF1, 0xE0, 0xF9, 0xFF, 0x1E, 0x07, 0x9F, 0xF1, 0xE0,
    0x79, 0xFF, 0x1E, 0x07, 0x9F, 0xF1, 0xE0, 0xF9, 0xEF, 0x9F, 0x0F, 0x9E, 0xF9, 0xFF, 0xFF, 0xE7,
    0x8F, 0xFF, 0xFC, 0x7C, 0x7F, 0xBF, 0x87, 0xC3, 0xF1, 0xF0, 0x3F, 0x00, 0x00, 0x01, 0xF8, 0x00,
    0x00, 0x1F, 0xFF, 0xF8, 0x00, 0xFF, 0xFF, 0x80, 0x03, 0xFF, 0xF8, 0x00, 0x0F, 0xFF, 0x00, 0x00,
    0x00, 0x00, 0x00, 0x00, 0xFC, 0x00, 0x0F, 0xE0, 0x00, 0x7F, 0x80, 0x03, 0xFC, 0x00, 0x3F, 0xE0,
    0x01, 0xFF, 0x80, 0x0F, 0x7C, 0x00, 0xFB, 0xE0, 0x07, 0xDF, 0x80, 0x7E, 0x7C, 0x03, 0xE3, 0xE0,
    0x1F, 0x1F, 0x81, 0xF8, 0x7C, 0x0F, 0xFF, 0xE0, 0x7F, 0xFF, 0x87, 0xFF, 0xFC, 0x3F, 0xFF, 0xE1,
    0xFF, 0xFF, 0x9F, 0x80, 0x7C, 0xFC, 0x03, 0xF7, 0xC0, 0x1F, 0xFE, 0x00, 0x7C, 0x7F, 0xE0, 0x3F,
    0xFF, 0x0F, 0xFF, 0xE3, 0xFF, 0xFC, 0xFF, 0xFF, 0x3F, 0x07, 0xEF, 0xC0, 0xFB, 0xF0, 0x7E, 0xFC,
    0x1F, 0x3F, 0xFF, 0xCF, 0xFF, 0xC3, 0xFF, 0xF8, 0xFF, 0xFF, 0x3F, 0x07, 0xEF, 0xC0, 0xFB, 0xF0,
    0x3E, 0xFC, 0x0F, 0xBF, 0x07, 0xEF, 0xFF, 0xFB, 0xFF, 0xFC, 0xFF, 0xFF, 0x3F, 0xFF, 0x00, 0x01,
    0xF8, 0x00, 0x7F, 0xF0, 0x1F, 0xFF, 0x83, 0xFF, 0xFC, 0x3F, 0xFF, 0xC7, 0xE0, 0x7E, 0x7C, 0x03,
    0xEF, 0xC0, 0x3F, 0xF8, 0x00, 0x0F, 0x80, 0x00, 0xF8, 0x00, 0x0F, 0x80, 0x00, 0xF8, 0x00, 0x0F,
    0x80, 0x00, 0xF8, 0x01, 0xEF, 0xC0, 0x3F, 0x7E, 0x03, 0xE7, 0xF0, 0x7E, 0x3F, 0xFF, 0xC1, 0xFF,
    0xFC, 0x0F, 0xFF, 0x80, 0x7F, 0xE0, 0x00, 0xF0, 0x00, 0x7F, 0xC0, 0x1F, 0xFF, 0x83, 0xFF, 0xF8,
    0x7F, 0xFF, 0x8F, 0xFF, 0xF9, 0xF8, 0x3F, 0xBF, 0x01, 0xF7, 0xE0, 0x3F, 0xFC, 0x03, 0xFF, 0x80,
    0x7F, 0xF0, 0x0F, 0xFE, 0x01, 0xFF, 0xC0, 0x3F, 0xF8, 0x07, 0xFF, 0x00, 0xFF, 0xE0, 0x3E, 0xFC,
    0x0F, 0xDF, 0x83, 0xFB, 0xFF, 0xFE, 0x7F, 0xFF, 0x8F, 0xFF, 0xE1, 0xFF, 0xF0, 0x00, 0x7F, 0xFE,
    0xFF, 0xFF, 0xFF, 0xFF, 0xFF, 0xFF, 0xFF, 0xFE, 0xFC, 0x00, 0xFC, 0x00, 0xFC, 0x00, 0xFC, 0x00,
    0xFF, 0xFE, 0xFF, 0xFE, 0xFF, 0xFE, 0xFF, 0xFE, 0xFC, 0x00, 0xFC, 0x00, 0xFC, 0x00, 0xFC, 0x00,
    0xFC, 0x00, 0xFF, 0xFF, 0xFF, 0xFF, 0xFF, 0xFF, 0xFF, 0xFF, 0x7F, 0xFF, 0xFF, 0xFF, 0xFF, 0xFF,
    0xFF, 0xFF, 0xFF, 0xFF, 0x80, 0x3F, 0x00, 0x7E, 0x00, 0xFC, 0x01, 0xF8, 0x03, 0xFF, 0xF7, 0xFF,
    0xEF, 0xFF, 0xDF, 0xFF, 0xBF, 0x00, 0x7E, 0x00, 0xFC, 0x01, 0xF8, 0x03, 0xF0, 0x07, 0xE0, 0x0F,
    0xC0, 0x1F, 0x80, 0x00, 0x01, 0xF8, 0x00, 0x7F, 0xE0, 0x1F, 0xFF, 0x83, 0xFF, 0xFC, 0x3F, 0xFF,
    0xE7, 0xE0, 0x7E, 0x7C, 0x03, 0xEF, 0xC0, 0x3F, 0xF8, 0x00, 0x0F, 0x80, 0x00, 0xF8, 0x1F, 0xFF,
    0x83, 0xFF, 0xF8, 0x3F, 0xFF, 0x83, 0xFF, 0xF8, 0x01, 0xFF, 0xC0, 0x1F, 0x7E, 0x03, 0xE7, 0xF0,
    0x7E, 0x3F, 0xFF, 0xC1, 0xFF, 0xFC, 0x0F, 0xFF, 0x80, 0x7F, 0xE0, 0x00, 0xF0, 0x00, 0x78, 0x03,
    0xFF, 0x80, 0x7F, 0xF0, 0x0F, 0xFE, 0x01, 0xFF, 0xC0, 0x3F, 0xF8, 0x07, 0xFF, 0x00, 0xFF, 0xE0,
    0x1F, 0xFC, 0x03, 0xFF, 0xFF, 0xFF, 0xFF, 0xFF, 0xFF, 0xFF, 0xFF, 0xFF, 0xFF, 0xF8, 0x07, 0xFF,
    0x00, 0xFF, 0xE0, 0x1F, 0xFC, 0x03, 0xFF, 0x80, 0x7F, 0xF0, 0x0F, 0xFE, 0x01, 0xFF, 0xC0, 0x3F,
    0xF8, 0x07, 0xC0, 0x7B, 0xFF, 0xFF, 0xFF, 0xFF, 0xFF, 0xFF, 0xFF, 0xFF, 0xFF, 0xFF, 0xFF, 0xFF,
    0xFF, 0xFF, 0xFF, 0xF0, 0x00, 0x1E, 0x00, 0x3E, 0x00, 0x3E, 0x00, 0x3E, 0x00, 0x3E, 0x00, 0x3E,
    0x00, 0x3E, 0x00, 0x3E, 0x00, 0x3E, 0x00, 0x3E, 0x00, 0x3E, 0x00, 0x3E, 0x00, 0x3E, 0x00, 0x3E,
    0x7C, 0x3E, 0x7C, 0x3E, 0x7C, 0x3E, 0x7C, 0x3E, 0x7F, 0xFE, 0x3F, 0xFC, 0x3F, 0xFC, 0x0F, 0xF8,
    0x03, 0xC0, 0x78, 0x03, 0xEF, 0xC0, 0x7E, 0xFC, 0x0F, 0xCF, 0xC1, 0xF8, 0xFC, 0x3F, 0x0F, 0xC7,
    0xE0, 0xFC, 0xFC, 0x0F, 0xDF, 0xC0, 0xFD, 0xF8, 0x0F, 0xFF, 0x00, 0xFF, 0xF0, 0x0F, 0xFF, 0x00,
    0xFF, 0xF8, 0x0F, 0xFF, 0xC0, 0xFE, 0x7E, 0x0F, 0xC7, 0xE0, 0xFC, 0x3F, 0x0F, 0xC1, 0xF8, 0xFC,
    0x1F, 0x8F, 0xC0, 0xFC, 0xFC, 0x07, 0xEF, 0xC0, 0x7E, 0x78, 0x01, 0xF8, 0x03, 0xF0, 0x07, 0xE0,
    0x0F, 0xC0, 0x1F, 0x80, 0x3F, 0x00, 0x7E, 0x00, 0xFC, 0x01, 0xF8, 0x03, 0xF0, 0x07, 0xE0, 0x0F,
    0xC0, 0x1F, 0x80, 0x3F, 0x00, 0x7E, 0x00, 0xFC, 0x01, 0xF8, 0x03, 0xFF, 0xFF, 0xFF, 0xFF, 0xFF,
    0xFF, 0xFF, 0xC0, 0x7E, 0x00, 0x7F, 0x7F, 0x80, 0x3F, 0xBF, 0xC0, 0x3F, 0xDF, 0xF0, 0x1F, 0xEF,
    0xF8, 0x0F, 0xF7, 0xFE, 0x0F, 0xFB, 0xFF, 0x07, 0xFD, 0xFF, 0x83, 0xFE, 0xFF, 0xE3, 0xFF, 0x7D,
    0xF1, 0xFF, 0xBF, 0xF8, 0xFF, 0xDF, 0xBE, 0xFB, 0xEF, 0xDF, 0x7D, 0xF7, 0xEF, 0xBE, 0xFB, 0xF3,
    0xDE, 0x7D, 0xF9, 0xFF, 0x3E, 0xFC, 0xFF, 0x9F, 0x7E, 0x3F, 0x8F, 0xBF, 0x1F, 0xC7, 0xDF, 0x8F,
    0xE3, 0xEF, 0xC3, 0xE1, 0xF7, 0xE1, 0xF0, 0xF8, 0x7C, 0x01, 0xEF, 0xE0, 0x3F, 0xFE, 0x03, 0xFF,
    0xF0, 0x3F, 0xFF, 0x03, 0xFF, 0xF8, 0x3F, 0xFF, 0xC3, 0xFF, 0xFC, 0x3F, 0xFF, 0xE3, 0xFF, 0xFF,
    0x3F, 0xFD, 0xF3, 0xFF, 0xDF, 0xBF, 0xFC, 0xFB, 0xFF, 0xC7, 0xFF, 0xFC, 0x7F, 0xFF, 0xC3, 0xFF,
    0xFC, 0x3F, 0xFF, 0xC1, 0xFF, 0xFC, 0x0F, 0xFF, 0xC0, 0xFF, 0xFC, 0x07, 0xFF, 0xC0, 0x3F, 0x01,
    0xF8, 0x00, 0x3F, 0xF0, 0x07, 0xFF, 0xE0, 0x7F, 0xFF, 0x83, 0xFF, 0xFE, 0x3F, 0x03, 0xF1, 0xF0,
    0x0F, 0xDF, 0x80, 0x3E, 0xF8, 0x01, 0xF7, 0xC0, 0x0F, 0xBE, 0x00, 0x7D, 0xF0, 0x03, 0xEF, 0x80,
    0x1F, 0x7C, 0x00, 0xFB, 0xE0, 0x07, 0xDF, 0x80, 0x7E, 0x7E, 0x03, 0xF3, 0xF8, 0x3F, 0x0F, 0xFF,
    0xF0, 0x3F, 0xFF, 0x80, 0xFF, 0xF8, 0x03, 0xFF, 0x00, 0x03, 0xC0, 0x00, 0x7F, 0xE0, 0x7F, 0xFE,
    0x3F, 0xFF, 0x9F, 0xFF, 0xEF, 0xFF, 0xF7, 0xE0, 0xFF, 0xF0, 0x3F, 0xF8, 0x1F, 0xFC, 0x0F, 0xFE,
    0x07, 0xFF, 0x07, 0xFF, 0xFF, 0xEF, 0xFF, 0xF7, 0xFF, 0xF3, 0xFF, 0xE1, 0xF8, 0x00, 0xFC, 0x00,
    0x7E, 0x00, 0x3F, 0x00, 0x1F, 0x80, 0x0F, 0xC0, 0x07, 0xE0, 0x00, 0x01, 0xF8, 0x00, 0x3F, 0xF0,
    0x07, 0xFF, 0xE0, 0x7F, 0xFF, 0x83, 0xFF, 0xFE, 0x3F, 0x03, 0xF1, 0xF0, 0x0F, 0xDF, 0x80, 0x3E,
    0xF8, 0x01, 0xF7, 0xC0, 0x0F, 0xBE, 0x00, 0x7D, 0xF0, 0x03, 0xEF, 0x80, 0x1F, 0x7C, 0x00, 0xFB,
    0xE1, 0xE7, 0xDF, 0x8F, 0xFE, 0x7E, 0x3F, 0xF3, 0xF9, 0xFF, 0x0F, 0xFF, 0xF0, 0x3F, 0xFF, 0x80,
    0xFF, 0xFC, 0x03, 0xFF, 0xE0, 0x03, 0xCF, 0x80, 0x00, 0x3E, 0x7F, 0xE0, 0x3F, 0xFF, 0x0F, 0xFF,
    0xE3, 0xFF, 0xFC, 0xFF, 0xFF, 0xBF, 0x07, 0xEF, 0xC0, 0xFB, 0xF0, 0x3E, 0xFC, 0x0F, 0xBF, 0x07,
    0xEF, 0xC7, 0xFB, 0xFF, 0xFC, 0xFF, 0xFE, 0x3F, 0xFF, 0x0F, 0xFF, 0xC3, 0xF1, 0xF0, 0xFC, 0x7E,
    0x3F, 0x0F, 0x8F, 0xC3, 0xF3, 0xF0, 0x7E, 0xFC, 0x0F, 0xBF, 0x03, 0xF0, 0x03, 0xF0, 0x0F, 0xFE,
    0x0F, 0xFF, 0x8F, 0xFF, 0xE7, 0xFF, 0xF7, 0xE0, 0xFF, 0xF0, 0x3F, 0xF8, 0x00, 0x7E, 0x00, 0x3F,
    0xF0, 0x0F, 0xFF, 0x03, 0xFF, 0xC0, 0x7F, 0xF0, 0x07, 0xFC, 0x00, 0x7F, 0xF0, 0x1F, 0xF8, 0x0F,
    0xFE, 0x0F, 0xFF, 0xFF, 0xEF, 0xFF, 0xE3, 0xFF, 0xE0, 0xFF, 0xE0, 0x0F, 0x80, 0x7F, 0xFF, 0xCF,
    0xFF, 0xFD, 0xFF, 0xFF, 0xBF, 0xFF, 0xF7, 0xFF, 0xFE, 0x03, 0xE0, 0x00, 0x7C, 0x00, 0x0F, 0x80,
    0x01, 0xF0, 0x00, 0x3E, 0x00, 0x07, 0xC0, 0x00, 0xF8, 0x00, 0x1F, 0x00, 0x03, 0xE0, 0x00, 0x7C,
    0x00, 0x0F, 0x80, 0x01, 0xF0, 0x00, 0x3E, 0x00, 0x07, 0xC0, 0x00, 0xF8, 0x00, 0x1F, 0x00, 0x03,
    0xE0, 0x00, 0x78, 0x03, 0xDF, 0x80, 0x7F, 0xF0, 0x0F, 0xFE, 0x01, 0xFF, 0xC0, 0x3F, 0xF8, 0x07,
    0xFF, 0x00, 0xFF, 0xE0, 0x1F, 0xFC, 0x03, 0xFF, 0x80, 0x7F, 0xF0, 0x0F, 0xFE, 0x01, 0xFF, 0xC0,
    0x3F, 0xF8, 0x07, 0xFF, 0x00, 0xFB, 0xE0, 0x3F, 0x7C, 0x07, 0xCF, 0xC1, 0xF9, 0xFF, 0xFF, 0x1F,
    0xFF, 0xC1, 0xFF, 0xF0, 0x0F, 0xFC, 0x00, 0x3C, 0x00, 0x78, 0x00, 0xFF, 0xE0, 0x07, 0xDF, 0x00,
    0x7E, 0xFC, 0x03, 0xE7, 0xE0, 0x1F, 0x1F, 0x01, 0xF8, 0xFC, 0x0F, 0x83, 0xE0, 0x7C, 0x1F, 0x07,
    0xE0, 0xFC, 0x3E, 0x03, 0xE1, 0xF0, 0x1F, 0x1F, 0x80, 0xFC, 0xF8, 0x03, 0xE7, 0xC0, 0x1F, 0x3E,
    0x00, 0xFB, 0xE0, 0x03, 0xFF, 0x00, 0x1F, 0xF8, 0x00, 0xFF, 0x80, 0x03, 0xFC, 0x00, 0x1F, 0xE0,
    0x00, 0xFE, 0x00, 0x78, 0x07, 0x80, 0x7B, 0xF0, 0x3F, 0x03, 0xF7, 0xC0, 0xFC, 0x0F, 0x9F, 0x03,
    0xF0, 0x3E, 0x7E, 0x1F, 0xE1, 0xF9, 0xF8, 0x7F, 0x87, 0xE3, 0xE1, 0xFE, 0x1F, 0x0F, 0x87, 0xF8,
    0x7C, 0x3E, 0x3F, 0xF3, 0xF0, 0x7C, 0xFF, 0xCF, 0x81, 0xF3, 0xFF, 0x3E, 0x07, 0xCF, 0x3C, 0xF8,
    0x1F, 0x7C, 0xFB, 0xE0, 0x3F, 0xF3, 0xFF, 0x00, 0xFF, 0xCF, 0xFC, 0x03, 0xFE, 0x1F, 0xF0, 0x0F,
    0xF8, 0x7F, 0xC0, 0x1F, 0xE1, 0xFE, 0x00, 0x7F, 0x87, 0xF8, 0x01, 0xFC, 0x0F, 0xE0, 0x07, 0xF0,
    0x3F, 0x00, 0x0F, 0xC0, 0xFC, 0x00, 0x7C, 0x01, 0xF3, 0xF0, 0x1F, 0x8F, 0xC0, 0xF8, 0x3F, 0x0F,
    0xC1, 0xF8, 0xFC, 0x07, 0xE7, 0xC0, 0x1F, 0x7E, 0x00, 0xFF, 0xE0, 0x03, 0xFE, 0x00, 0x0F, 0xF0,
    0x00, 0x7F, 0x00, 0x01, 0xF8, 0x00, 0x1F, 0xE0, 0x01, 0xFF, 0x00, 0x1F, 0xFC, 0x00, 0xFB, 0xF0,
    0x0F, 0xDF, 0x80, 0xFC, 0x7E, 0x07, 0xC1, 0xF8, 0x7E, 0x0F, 0xC7, 0xE0, 0x3F, 0x3E, 0x00, 0xFC,
    0x7C, 0x01, 0xF3, 0xE0, 0x0F, 0x9F, 0x80, 0xFC, 0x7E, 0x07, 0xC3, 0xF0, 0x7E, 0x0F, 0xC3, 0xE0,
    0x3E, 0x3F, 0x01, 0xFB, 0xF0, 0x07, 0xDF, 0x00, 0x3F, 0xF8, 0x00, 0xFF, 0x80, 0x03, 0xFC, 0x00,
    0x1F, 0xC0, 0x00, 0x7C, 0x00, 0x03, 0xE0, 0x00, 0x1F, 0x00, 0x00, 0xF8, 0x00, 0x07, 0xC0, 0x00,
    0x3E, 0x00, 0x01, 0xF0, 0x00, 0x0F, 0x80, 0x00, 0x7C, 0x00, 0x7F, 0xFF, 0xFF, 0xFF, 0xFF, 0xFF,
    0xFF, 0xFF, 0xFF, 0xFF, 0xF0, 0x01, 0xF8, 0x01, 0xF8, 0x00, 0xF8, 0x00, 0xFC, 0x00, 0xFC, 0x00,
    0xFC, 0x00, 0x7C, 0x00, 0x7E, 0x00, 0x7E, 0x00, 0x7E, 0x00, 0x3E, 0x00, 0x3F, 0x00, 0x3F, 0x00,
    0x1F, 0xFF, 0xFF, 0xFF, 0xFF, 0xFF, 0xFF, 0xFF, 0xFC, 0xFF, 0xFF, 0xFF, 0xFF, 0xF8, 0xF8, 0xF8,
    0xF8, 0xF8, 0xF8, 0xF8, 0xF8, 0xF8, 0xF8, 0xF8, 0xF8, 0xF8, 0xF8, 0xF8, 0xF8, 0xF8, 0xF8, 0xF8,
    0xFE, 0xFF, 0xFF, 0xFF, 0x00, 0xF0, 0x1F, 0x03, 0xE0, 0x3C, 0x07, 0x80, 0xF8, 0x1F, 0x01, 0xE0,
    0x3C, 0x07, 0xC0, 0x78, 0x0F, 0x01, 0xF0, 0x3E, 0x03, 0xC0, 0x78, 0x0F, 0x81, 0xF0, 0x1E, 0x03,
    0xC0, 0x7C, 0x07, 0x80, 0xF0, 0x1F, 0x03, 0xE0, 0x3C, 0x07, 0x80, 0xFF, 0xFF, 0xFF, 0xFF, 0x1F,
    0x1F, 0x1F, 0x1F, 0x1F, 0x1F, 0x1F, 0x1F, 0x1F, 0x1F, 0x1F, 0x1F, 0x1F, 0x1F, 0x1F, 0x1F, 0x1F,
    0x1F, 0x1F, 0xFF, 0xFF, 0xFF, 0xFF, 0x00, 0x07, 0x80, 0x3F, 0x00, 0xFC, 0x07, 0xF8, 0x1F, 0xE0,
    0xF3, 0xC3, 0xCF, 0x1E, 0x1E, 0x78, 0x79, 0xC0, 0xE0, 0xFF, 0xFF, 0xFF, 0xFF, 0xFF, 0xFF, 0xFF,
    0xF1, 0xF1, 0xE3, 0xE3, 0xC3, 0x80, 0x0F, 0xF0, 0x1F, 0xFC, 0x3F, 0xFE, 0x7F, 0xFE, 0x7C, 0x3E,
    0x00, 0x3E, 0x03, 0xFE, 0x1F, 0xFE, 0x3F, 0xFE, 0x7F, 0xBE, 0x7C, 0x3E, 0x78, 0x3E, 0x7C, 0x7E,
    0x7F, 0xFE, 0x7F, 0xFE, 0x3F, 0xDE, 0x07, 0x00, 0x78, 0x00, 0x7C, 0x00, 0x3E, 0x00, 0x1F, 0x00,
    0x0F, 0x80, 0x07, 0xC0, 0x03, 0xE7, 0xE1, 0xF7, 0xF8, 0xFF, 0xFE, 0x7F, 0xFF, 0xBF, 0x0F, 0xDF,
    0x83, 0xEF, 0x81, 0xF7, 0xC0, 0xFB, 0xE0, 0x7D, 0xF0, 0x3E, 0xFC, 0x1F, 0x7E, 0x1F, 0xBF, 0xFF,
    0xDF, 0xFF, 0xCF, 0xFF, 0xC7, 0xDF, 0xC0, 0x03, 0x80, 0x0F, 0xF0, 0x3F, 0xF0, 0xFF, 0xF3, 0xFF,
    0xFF, 0xC3, 0xFF, 0x07, 0xFE, 0x00, 0x7C, 0x00, 0xF8, 0x01, 0xF0, 0x03, 0xE0, 0xFF, 0xE1, 0xF7,
    0xEF, 0xEF, 0xFF, 0x8F, 0xFE, 0x0F, 0xF8, 0x03, 0xC0, 0x00, 0x1E, 0x00, 0x1F, 0x00, 0x1F, 0x00,
    0x1F, 0x00, 0x1F, 0x00, 0x1F, 0x1F, 0x9F, 0x3F, 0xFF, 0x7F, 0xFF, 0x7F, 0xFF, 0xFC, 0x3F, 0xF8,
    0x3F, 0xF8, 0x1F, 0xF8, 0x1F, 0xF8, 0x1F, 0xF8, 0x1F, 0xF8, 0x1F, 0xFC, 0x3F, 0x7F, 0xFF, 0x7F,
    0xFF, 0x3F, 0xFF, 0x1F, 0xDF, 0x07, 0x00, 0x0F, 0xE0, 0x1F, 0xF8, 0x3F, 0xFC, 0x7F, 0xFC, 0xFC,
    0x3E, 0xF8, 0x3E, 0xFF, 0xFE, 0xFF, 0xFE, 0xFF, 0xFF, 0xFF, 0xFE, 0xF8, 0x00, 0xF8, 0x1E, 0x7E,
    0x7E, 0x7F, 0xFE, 0x3F, 0xFC, 0x1F, 0xF0, 0x03, 0xC0, 0x07, 0xE0, 0xFE, 0x1F, 0xE1, 0xFE, 0x1F,
    0x01, 0xF0, 0xFF, 0xEF, 0xFE, 0xFF, 0xEF, 0xFE, 0x1F, 0x01, 0xF0, 0x1F, 0x01, 0xF0, 0x1F, 0x01,
    0xF0, 0x1F, 0x01, 0xF0, 0x1F, 0x01, 0xF0, 0x1F, 0x01, 0xF0, 0x1F, 0xDF, 0x3F, 0xFF, 0x7F, 0xFF,
    0x7F, 0xFF, 0xFC, 0x3F, 0xF8, 0x3F, 0xF8, 0x1F, 0xF8, 0x1F, 0xF8, 0x1F, 0xF8, 0x1F, 0xF8, 0x3F,
    0xFC, 0x3F, 0x7F, 0xFF, 0x7F, 0xFF, 0x3F, 0xFF, 0x0F, 0x9F, 0x00, 0x1F, 0x38, 0x1F, 0xFC, 0x7E,
    0x7F, 0xFE, 0x3F, 0xFC, 0x1F, 0xF8, 0x03, 0xC0, 0x78, 0x00, 0xF8, 0x00, 0xF8, 0x00, 0xF8, 0x00,
    0xF8, 0x00, 0xF8, 0x00, 0xF9, 0xF8, 0xFB, 0xFC, 0xFF, 0xFE, 0xFF, 0xFE, 0xFC, 0x3E, 0xFC, 0x3F,
    0xF8, 0x1F, 0xF8, 0x1F, 0xF8, 0x1F, 0xF8, 0x1F, 0xF8, 0x1F, 0xF8, 0x1F, 0xF8, 0x1F, 0xF8, 0x1F,
    0xF8, 0x1F, 0xF8, 0x1F, 0x21, 0xEF, 0xFF, 0x78, 0xC0, 0x3E, 0xFB, 0xEF, 0xBE, 0xFB, 0xEF, 0xBE,
    0xFB, 0xEF, 0xBE, 0xFB, 0xEF, 0x80, 0x08, 0x1E, 0x3F, 0x3F, 0x1E, 0x0C, 0x00, 0x3E, 0x3E, 0x3E,
    0x3E, 0x3E, 0x3E, 0x3E, 0x3E, 0x3E, 0x3E, 0x3E, 0x3E, 0x3E, 0x3E, 0x3E, 0x3E, 0x3E, 0x3E, 0xFE,
    0xFE, 0xFC, 0xF8, 0x78, 0x00, 0xF8, 0x00, 0xF8, 0x00, 0xF8, 0x00, 0xF8, 0x00, 0xF8, 0x00, 0xF8,
    0x3E, 0xF8, 0x7E, 0xF8, 0xFC, 0xF9, 0xF8, 0xFB, 0xF0, 0xFF, 0xE0, 0xFF, 0xC0, 0xFF, 0xC0, 0xFF,
    0xE0, 0xFF, 0xF0, 0xFF, 0xF0, 0xF9, 0xF8, 0xF8, 0xFC, 0xF8, 0xFC, 0xF8, 0x7E, 0xF8, 0x3F, 0x7F,
    0xFF, 0xFF, 0xFF, 0xFF, 0xFF, 0xFF, 0xFF, 0xFF, 0xFF, 0xFF, 0xFF, 0xFF, 0xFC, 0xF9, 0xF0, 0xFC,
    0xFF, 0xFB, 0xFE, 0xFF, 0xFF, 0xFE, 0xFF, 0xFF, 0xFF, 0xFC, 0x7E, 0x3F, 0xFC, 0x3E, 0x1F, 0xF8,
    0x3E, 0x1F, 0xF8, 0x3E, 0x1F, 0xF8, 0x3E, 0x1F, 0xF8, 0x3E, 0x1F, 0xF8, 0x3E, 0x1F, 0xF8, 0x3E,
    0x1F, 0xF8, 0x3E, 0x1F, 0xF8, 0x3E, 0x1F, 0xF8, 0x3E, 0x1F, 0xF8, 0x3E, 0x1F, 0xF9, 0xF8, 0xFB,
    0xFC, 0xFF, 0xFE, 0xFF, 0xFE, 0xFC, 0x3E, 0xFC, 0x3F, 0xF8, 0x1F, 0xF8, 0x1F, 0xF8, 0x1F, 0xF8,
    0x1F, 0xF8, 0x1F, 0xF8, 0x1F, 0xF8, 0x1F, 0xF8, 0x1F, 0xF8, 0x1F, 0xF8, 0x1F, 0x0F, 0xF0, 0x1F,
    0xF8, 0x3F, 0xFC, 0x7F, 0xFE, 0xFC, 0x3E, 0xF8, 0x3F, 0xF8, 0x1F, 0xF8, 0x1F, 0xF8, 0x1F, 0xF8,
    0x1F, 0xF8, 0x1F, 0xFC, 0x3E, 0x7E, 0xFE, 0x7F, 0xFC, 0x3F, 0xFC, 0x1F, 0xF0, 0x03, 0xC0, 0xF9,
    0xF8, 0x7D, 0xFE, 0x3F, 0xFF, 0x9F, 0xFF, 0xEF, 0xC3, 0xF7, 0xE0, 0xFB, 0xE0, 0x7D, 0xF0, 0x3E,
    0xF8, 0x1F, 0x7C, 0x0F, 0xBF, 0x07, 0xDF, 0x87, 0xEF, 0xFF, 0xF7, 0xFF, 0xF3, 0xFF, 0xF1, 0xF7,
    0xF0, 0xF8, 0xE0, 0x7C, 0x00, 0x3E, 0x00, 0x1F, 0x00, 0x0F, 0x80, 0x07, 0xC0, 0x00, 0x1F, 0x9F,
    0x3F, 0xFF, 0x7F, 0xFF, 0x7F, 0xFF, 0xFC, 0x3F, 0xF8, 0x3F, 0xF8, 0x1F, 0xF8, 0x1F, 0xF8, 0x1F,
    0xF8, 0x1F, 0xF8, 0x1F, 0xFC, 0x3F, 0x7F, 0xFF, 0x7F, 0xFF, 0x3F, 0xFF, 0x1F, 0xDF, 0x07, 0x1F,
    0x00, 0x1F, 0x00, 0x1F, 0x00, 0x1F, 0x00, 0x1F, 0x00, 0x1F, 0xFB, 0xFF, 0xFF, 0xFF, 0xFF, 0xFF,
    0xE1, 0xF8, 0x3E, 0x07, 0xC0, 0xF8, 0x1F, 0x03, 0xE0, 0x7C, 0x0F, 0x81, 0xF0, 0x3E, 0x07, 0xC0,
    0x1F, 0xE0, 0x7F, 0xE1, 0xFF, 0xE7, 0xFF, 0xEF, 0x87, 0xDF, 0x80, 0x3F, 0xE0, 0x3F, 0xF8, 0x3F,
    0xFC, 0x1F, 0xF8, 0x03, 0xF7, 0xC3, 0xEF, 0xC7, 0xDF, 0xFF, 0x9F, 0xFE, 0x1F, 0xF8, 0x07, 0x80,
    0x3E, 0x07, 0xC0, 0xF8, 0x1F, 0x0F, 0xFD, 0xFF, 0xBF, 0xF7, 0xFE, 0x3E, 0x07, 0xC0, 0xF8, 0x1F,
    0x03, 0xE0, 0x7C, 0x0F, 0x81, 0xF0, 0x3F, 0xC7, 0xF8, 0x7F, 0x07, 0xE0, 0x18, 0xF8, 0x1F, 0xF8,
    0x1F, 0xF8, 0x1F, 0xF8, 0x1F, 0xF8, 0x1F, 0xF8, 0x1F, 0xF8, 0x1F, 0xF8, 0x1F, 0xF8, 0x1F, 0xF8,
    0x1F, 0xFC, 0x3F, 0xFC, 0x3F, 0x7F, 0xFF, 0x7F, 0xFF, 0x3F, 0xFF, 0x1F, 0xDF, 0x06, 0x00, 0xF8,
    0x0F, 0xFE, 0x07, 0xDF, 0x07, 0xCF, 0x83, 0xE3, 0xE1, 0xF1, 0xF1, 0xF0, 0xF8, 0xF8, 0x3E, 0x7C,
    0x1F, 0x7C, 0x0F, 0xBE, 0x03, 0xFE, 0x01, 0xFF, 0x00, 0x7F, 0x80, 0x3F, 0x80, 0x1F, 0xC0, 0x07,
    0xE0, 0xF8, 0x3E, 0x1F, 0x7E, 0x1F, 0x0F, 0x9F, 0x1F, 0x87, 0xCF, 0x8F, 0xC3, 0xE7, 0xC7, 0xF3,
    0xE1, 0xE3, 0xF9, 0xF0, 0xFB, 0xFC, 0xF8, 0x7D, 0xFE, 0x78, 0x3E, 0xF7, 0xFC, 0x0F, 0x7B, 0xFE,
    0x07, 0xF9, 0xFF, 0x03, 0xFC, 0xFF, 0x00, 0xFE, 0x3F, 0x80, 0x7F, 0x1F, 0xC0, 0x3F, 0x0F, 0xC0,
    0x0F, 0x83, 0xE0, 0x7C, 0x1F, 0x3F, 0x1F, 0x8F, 0x8F, 0x87, 0xEF, 0x81, 0xF7, 0xC0, 0x7F, 0xC0,
    0x3F, 0xC0, 0x0F, 0xE0, 0x07, 0xF0, 0x07, 0xF8, 0x03, 0xFE, 0x03, 0xEF, 0x83, 0xF7, 0xC1, 0xF1,
    0xF1, 0xF0, 0xFD, 0xF8, 0x3E, 0xF8, 0x0F, 0xFE, 0x07, 0xDF, 0x07, 0xCF, 0x83, 0xE3, 0xE1, 0xF1,
    0xF1, 0xF0, 0xF8, 0xF8, 0x3E, 0x78, 0x1F, 0x7C, 0x0F, 0xBE, 0x03, 0xFE, 0x01, 0xFF, 0x00, 0x7F,
    0x80, 0x3F, 0x80, 0x1F, 0xC0, 0x07, 0xC0, 0x03, 0xE0, 0x01, 0xF0, 0x0F, 0xF0, 0x07, 0xF8, 0x03,
    0xF8, 0x03, 0xF8, 0x00, 0x00, 0x00, 0xFF, 0xFF, 0xFF, 0xFF, 0xFF, 0xDF, 0xFF, 0x01, 0xF8, 0x07,
    0xC0, 0x3E, 0x01, 0xF8, 0x0F, 0xC0, 0x7E, 0x03, 0xF0, 0x0F, 0x80, 0x7F, 0xFF, 0xFF, 0xFF, 0xFF,
    0xFF, 0xFF, 0x00, 0xE0, 0x3F, 0x07, 0xF0, 0xFE, 0x0F, 0x80, 0xF8, 0x0F, 0x00, 0xF0, 0x0F, 0x00,
    0xF0, 0x1F, 0x07, 0xF0, 0xFF, 0x0F, 0xC0, 0xFE, 0x07, 0xF0, 0x1F, 0x00, 0xF0, 0x0F, 0x00, 0xF0,
    0x0F, 0x00, 0xF8, 0x0F, 0x80, 0xFE, 0x0F, 0xF0, 0x7F, 0x03, 0xF0, 0x00, 0x07, 0xFF, 0xFF, 0xFF,
    0xFF, 0xFF, 0xFF, 0xFF, 0xFF, 0xFF, 0xFF, 0xFF, 0xFF, 0xFF, 0xFF, 0xFF, 0xFF, 0xFF, 0xFF, 0xFF,
    0xFF, 0xFF, 0xF0, 0xF0, 0x1F, 0x83, 0xF8, 0x7F, 0x03, 0xF0, 0x3E, 0x07, 0xC0, 0xF8, 0x1F, 0x03,
    0xE0, 0x7C, 0x0F, 0xF0, 0xFE, 0x0F, 0xC1, 0xF8, 0x7F, 0x1F, 0x83, 0xE0, 0x7C, 0x0F, 0x81, 0xF0,
    0x3E, 0x07, 0xC7, 0xF8, 0xFE, 0x1F, 0xC3, 0xE0, 0x00, 0x00, 0x3E, 0x0E, 0x7F, 0x0F, 0xFF, 0xDF,
    0xFF, 0xFF, 0xF3, 0xFE, 0xF1, 0xFC, 0xE0, 0x78, 0x03, 0xEF, 0xBF, 0xF9, 0xC0, 0x1C, 0xFB, 0xEF,
    0xBE, 0xFB, 0xEF, 0xBE, 0xFB, 0xEF, 0xBE, 0xFB, 0xEF, 0x80, 0x01, 0x80, 0x03, 0x00, 0x06, 0x00,
    0x7F, 0x01, 0xFF, 0x87, 0xFF, 0x9F, 0xFF, 0xFE, 0xDF, 0xF9, 0xBF, 0xF3, 0x23, 0xE6, 0x07, 0xCC,
    0x0F, 0x98, 0x1F, 0x33, 0xBF, 0x6F, 0xBF, 0xFF, 0x7F, 0xFC, 0x7F, 0xF8, 0x7F, 0xE0, 0x3E, 0x00,
    0x18, 0x00, 0x30, 0x00, 0x01, 0xF0, 0x03, 0xFE, 0x07, 0xFF, 0x83, 0xFF, 0xE3, 0xFB, 0xF1, 0xF0,
    0xF8, 0xF8, 0x3C, 0x7C, 0x00, 0x3E, 0x00, 0x1F, 0x00, 0x3F, 0xFC, 0x1F, 0xFE, 0x0F, 0xFF, 0x01,
    0xF0, 0x00, 0xF8, 0x00, 0x7C, 0x00, 0x3E, 0x0F, 0x1E, 0x07, 0xFF, 0xFF, 0xFF, 0xFF, 0xEF, 0xFF,
    0xF7, 0xFF, 0xF0, 0x31, 0xF8, 0xC7, 0xFF, 0xFE, 0x7F, 0xFF, 0xE3, 0xF9, 0xFC, 0x3E, 0x07, 0xC3,
    0xC0, 0x3C, 0x78, 0x01, 0xE7, 0x80, 0x1E, 0x70, 0x00, 0xE7, 0x00, 0x0E, 0x70, 0x00, 0xE7, 0x80,
    0x1E, 0x78, 0x01, 0xE3, 0xC0, 0x3C, 0x3E, 0x07, 0xC7, 0xFF, 0xFE, 0x7F, 0xFF, 0xE3, 0x3F, 0xCE,
    0x00, 0xF0, 0x00, 0xF8, 0x0F, 0x7C, 0x0F, 0x9F, 0x07, 0xCF, 0x87, 0xC3, 0xE3, 0xE1, 0xF3, 0xE0,
    0x7D, 0xF0, 0x3E, 0xF0, 0x0F, 0xF8, 0x07, 0xFC, 0x03, 0xFC, 0x0F, 0xFF, 0xC7, 0xFF, 0xE3, 0xFF,
    0xF0, 0x0F, 0x80, 0xFF, 0xFC, 0x7F, 0xFE, 0x3F, 0xFF, 0x00, 0xF8, 0x00, 0x7C, 0x00, 0x3E, 0x00,
    0x1F, 0x00, 0x7B, 0xDE, 0xF7, 0xBD, 0xEF, 0x7B, 0xDE, 0x00, 0x00, 0x00, 0x7B, 0xDE, 0xF7, 0xBD,
    0xEF, 0x7B, 0xC0, 0x0F, 0xC0, 0x3F, 0xE0, 0xFF, 0xC3, 0xFF, 0xC7, 0xCF, 0x8F, 0x0F, 0x1F, 0x00,
    0x3F, 0x00, 0x3F, 0xC0, 0x3F, 0xE1, 0xFF, 0xE7, 0x9F, 0xEF, 0x07, 0xDE, 0x07, 0xFF, 0x0F, 0x3F,
    0x9E, 0x7F, 0xF8, 0x3F, 0xE0, 0x1F, 0xE0, 0x07, 0xC0, 0x07, 0xDF, 0x0F, 0x9F, 0xFE, 0x3F, 0xFC,
    0x3F, 0xF0, 0x3F, 0xC0, 0x1E, 0x00, 0x00, 0x07, 0x9E, 0xF9, 0xFF, 0x9F, 0x79, 0xE0, 0x00, 0x00,
    0xFC, 0x00, 0x07, 0xFF, 0x00, 0x3F, 0xFF, 0x00, 0xFF, 0xFF, 0x03, 0xF8, 0x7F, 0x07, 0xCF, 0x3F,
    0x1F, 0x3F, 0x9E, 0x3C, 0xFF, 0xBE, 0xFB, 0xFF, 0xBD, 0xEF, 0x8F, 0x7B, 0xDE, 0x0E, 0xFF, 0xBC,
    0x01, 0xFF, 0x78, 0x7B, 0xFE, 0xF8, 0xF7, 0xBE, 0xFF, 0xEF, 0x3C, 0xFF, 0xBE, 0x7C, 0xFE, 0xF8,
    0x7C, 0x73, 0xF0, 0xFF, 0x3F, 0xC0, 0xFF, 0xFF, 0x00, 0x7F, 0xFC, 0x00, 0x7F, 0xE0, 0x00, 0x1E,
    0x00, 0x00, 0x0F, 0x83, 0xFE, 0x7F, 0xF7, 0x8F, 0x10, 0xF0, 0xFF, 0x3F, 0xF7, 0xFF, 0xF8, 0xFF,
    0x8F, 0x7F, 0xF7, 0xFF, 0x3F, 0x70, 0x03, 0xCF, 0x81, 0xF7, 0xE0, 0xFB, 0xF0, 0x7C, 0xF8, 0x3F,
    0x7C, 0x1F, 0xBF, 0x0F, 0xDF, 0x83, 0xE7, 0xC0, 0x7D, 0xF8, 0x0F, 0xBF, 0x03, 0xF7, 0xE0, 0x7E,
    0xF8, 0x0F, 0xDF, 0x01, 0xF3, 0xE0, 0xFF, 0xFF, 0xFF, 0xFF, 0xFF, 0xFF, 0xFF, 0xFF, 0x80, 0x3C,
    0x01, 0xE0, 0x0F, 0x03, 0xE0, 0x07, 0xFC, 0x07, 0xFF, 0x87, 0x83, 0xC7, 0x80, 0xF3, 0xBF, 0xBF,
    0x9F, 0xCF, 0xCE, 0xE7, 0xE7, 0xF3, 0xF3, 0xF1, 0xF9, 0xDC, 0xFE, 0xEE, 0x77, 0x73, 0x73, 0xC0,
    0x78, 0xFF, 0xF8, 0x3F, 0xF8, 0x07, 0xF0, 0x00, 0x00, 0x00, 0xFF, 0x7F, 0xFF, 0xFF, 0xF0, 0x0E,
    0x07, 0xF1, 0xFF, 0x3F, 0xFF, 0x1F, 0xE3, 0xFC, 0x7B, 0xFF, 0x7F, 0xC7, 0xF0, 0x7C, 0x00, 0x03,
    0xC0, 0x03, 0xC0, 0x03, 0xC0, 0x03, 0xC0, 0xFF, 0xFE, 0xFF, 0xFE, 0xFF, 0xFE, 0xFF, 0xFE, 0x03,
    0xC0, 0x03, 0xC0, 0x03, 0xC0, 0x03, 0xC0, 0x7F, 0xFE, 0xFF, 0xFE, 0xFF, 0xFE, 0xFF, 0xFE, 0x7F,
    0xFE, 0x1F, 0x0F, 0xFB, 0xFF, 0x79, 0xFF, 0x1E, 0x07, 0xC1, 0xF0, 0xFC, 0x3F, 0x0F, 0xFF, 0xFF,
    0xFF, 0xFF, 0xFE, 0x1F, 0x07, 0xFC, 0x7F, 0xEF, 0x9E, 0x61, 0xE0, 0xFC, 0x0F, 0xC0, 0xFE, 0xF1,
    0xEF, 0xBE, 0xFF, 0xE7, 0xFC, 0x1F, 0x00, 0x3C, 0xF9, 0xE3, 0xCF, 0x1C, 0x00, 0xF8, 0x1F, 0x3E,
    0x07, 0xCF, 0x81, 0xF3, 0xE0, 0x7C, 0xF8, 0x1F, 0x3E, 0x07, 0xCF, 0x81, 0xF3, 0xE0, 0x7C, 0xF8,
    0x1F, 0x3E, 0x07, 0xCF, 0x83, 0xF3, 0xF0, 0xFC, 0xFF, 0xFF, 0xBF, 0xFF, 0xEF, 0xFF, 0xFB, 0xEF,
    0x3E, 0xF8, 0x00, 0x3E, 0x00, 0x0F, 0x80, 0x03, 0xE0, 0x00, 0xF8, 0x00, 0x3E, 0x00, 0x00, 0x03,
    0xFC, 0x3F, 0xFC, 0xFF, 0xFB, 0xFF, 0xFF, 0xF9, 0xFF, 0xF3, 0xFF, 0xE7, 0xFF, 0xCF, 0xFF, 0x9F,
    0xFF, 0x3F, 0xFE, 0x7B, 0xFC, 0xF3, 0xF9, 0xE3, 0xF3, 0xC0, 0x47, 0x80, 0x0F, 0x00, 0x1E, 0x00,
    0x3C, 0x00, 0x78, 0x00, 0xF0, 0x01, 0xE0, 0x03, 0xC0, 0x73, 0xEF, 0xBE, 0xF8, 0x80, 0x61, 0x87,
    0x9F, 0x1F, 0xFF, 0x80, 0x1E, 0xFF, 0xFF, 0xFD, 0xE3, 0xC7, 0x8F, 0x1E, 0x3C, 0x78, 0xF1, 0xE0,
    0x0F, 0xC0, 0x7F, 0x83, 0xFF, 0x1F, 0x3E, 0x78, 0x79, 0xE1, 0xF7, 0x87, 0xDE, 0x1F, 0x78, 0x79,
    0xF3, 0xE3, 0xFF, 0x07, 0xFC, 0x0F, 0xC0, 0x7C, 0xF0, 0x1F, 0xBE, 0x03, 0xF7, 0xC0, 0x7C, 0xF8,
    0x0F, 0xBF, 0x03, 0xF7, 0xE0, 0x7E, 0xFC, 0x0F, 0x9F, 0x07, 0xEF, 0x83, 0xF7, 0xC1, 0xFB, 0xF0,
    0x7D, 0xF8, 0x3E, 0xFC, 0x1F, 0x3E, 0x00, 0x00, 0x00, 0xE0, 0xF8, 0x03, 0xC3, 0xF0, 0x07, 0x87,
    0xE0, 0x1E, 0x0F, 0xC0, 0x78, 0x17, 0x80, 0xF0, 0x0F, 0x03, 0xC0, 0x1E, 0x0F, 0x00, 0x3C, 0x1C,
    0x00, 0x78, 0x78, 0x00, 0xF1, 0xE1, 0xE1, 0xE3, 0x87, 0xC3, 0xCF, 0x0F, 0x80, 0x3C, 0x3F, 0x00,
    0xF0, 0xFE, 0x01, 0xE1, 0xDC, 0x07, 0x87, 0xB8, 0x1E, 0x0E, 0x70, 0x3C, 0x3F, 0xF8, 0xF0, 0x7F,
    0xF3, 0xC0, 0x7F, 0xC7, 0x80, 0x07, 0x00, 0x00, 0x00, 0xE0, 0x7C, 0x01, 0xE0, 0xFC, 0x01, 0xE0,
    0xFC, 0x03, 0xC0, 0xFC, 0x07, 0x80, 0xBC, 0x07, 0x80, 0x3C, 0x0F, 0x00, 0x3C, 0x1E, 0x00, 0x3C,
    0x1C, 0x00, 0x3C, 0x3C, 0x00, 0x3C, 0x78, 0xFC, 0x3C, 0x71, 0xFE, 0x3C, 0xF3, 0xFE, 0x01, 0xE3,
    0xCE, 0x03, 0xC0, 0x0E, 0x03, 0xC0, 0x1E, 0x07, 0x80, 0x3C, 0x0F, 0x00, 0x78, 0x0F, 0x00, 0xF0,
    0x1E, 0x01, 0xFE, 0x3C, 0x03, 0xFF, 0x3C, 0x03, 0xFF, 0x00, 0x00, 0x18, 0x1F, 0x80, 0x1E, 0x1F,
    0xE0, 0x1E, 0x1F, 0xF0, 0x1E, 0x0E, 0x38, 0x0E, 0x00, 0x3C, 0x0F, 0x00, 0x7C, 0x0F, 0x00, 0x3F,
    0x07, 0x00, 0x07, 0x87, 0x80, 0x71, 0xE7, 0x80, 0x3F, 0xF7, 0x87, 0xDF, 0xF3, 0xC7, 0xE7, 0xF3,
    0xC3, 0xF0, 0x43, 0xC3, 0xF8, 0x01, 0xE1, 0xFC, 0x01, 0xE1, 0xFE, 0x01, 0xE1, 0xEF, 0x00, 0xF0,
    0xF7, 0x80, 0xF0, 0x7F, 0xE0, 0xF0, 0x3F, 0xF0, 0x70, 0x1F, 0xF8, 0x78, 0x00, 0x78, 0x03, 0xC0,
    0x0F, 0xC0, 0x1F, 0x80, 0x3E, 0x00, 0x3C, 0x00, 0x00, 0x00, 0xF0, 0x01, 0xE0, 0x07, 0xC0, 0x0F,
    0x80, 0x7F, 0x01, 0xFC, 0x07, 0xF0, 0x0F, 0x80, 0x3E, 0x00, 0x7C, 0x1F, 0xF8, 0x3F, 0xF8, 0xFB,
    0xFF, 0xF3, 0xFF, 0xC3, 0xFF, 0x01, 0xFC, 0x00, 0x01, 0xC0, 0x00, 0x1F, 0x00, 0x00, 0x78, 0x00,
    0x01, 0xE0, 0x00, 0x0F, 0x00, 0x00, 0x38, 0x00, 0x00, 0x00, 0x00, 0x1F, 0x80, 0x01, 0xFC, 0x00,
    0x0F, 0xF0, 0x00, 0x7F, 0x80, 0x07, 0xFC, 0x00, 0x3F, 0xF0, 0x01, 0xEF, 0x80, 0x1F, 0x7C, 0x00,
    0xFB, 0xF0, 0x0F, 0xCF, 0x80, 0x7C, 0x7C, 0x03, 0xE3, 0xF0, 0x3F, 0x0F, 0x81, 0xFF, 0xFC, 0x0F,
    0xFF, 0xF0, 0xFF, 0xFF, 0x87, 0xFF, 0xFC, 0x3F, 0xFF, 0xF3, 0xF0, 0x0F, 0x9F, 0x80, 0x7E, 0xF8,
    0x03, 0xFF, 0xC0, 0x0F, 0x80, 0x00, 0x0E, 0x00, 0x00, 0xF0, 0x00, 0x0F, 0x80, 0x00, 0x78, 0x00,
    0x07, 0x80, 0x00, 0x38, 0x00, 0x00, 0x00, 0x00, 0x1F, 0x80, 0x01, 0xFC, 0x00, 0x0F, 0xF0, 0x00,
    0x7F, 0x80, 0x07, 0xFC, 0x00, 0x3F, 0xF0, 0x01, 0xEF, 0x80, 0x1F, 0x7C, 0x00, 0xFB, 0xF0, 0x0F,
    0xCF, 0x80, 0x7C, 0x7C, 0x03, 0xE3, 0xF0, 0x3F, 0x0F, 0x81, 0xFF, 0xFC, 0x0F, 0xFF, 0xF0, 0xFF,
    0xFF, 0x87, 0xFF, 0xFC, 0x3F, 0xFF, 0xF3, 0xF0, 0x0F, 0x9F, 0x80, 0x7E, 0xF8, 0x03, 0xFF, 0xC0,
    0x0F, 0x80, 0x00, 0x70, 0x00, 0x07, 0xC0, 0x00, 0x7F, 0x00, 0x07, 0xFC, 0x00, 0x7C, 0xF0, 0x03,
    0xC3, 0x80, 0x00, 0x00, 0x00, 0x1F, 0x80, 0x01, 0xFC, 0x00, 0x0F, 0xF0, 0x00, 0x7F, 0x80, 0x07,
    0xFC, 0x00, 0x3F, 0xF0, 0x01, 0xEF, 0x80, 0x1F, 0x7C, 0x00, 0xFB, 0xF0, 0x0F, 0xCF, 0x80, 0x7C,
    0x7C, 0x03, 0xE3, 0xF0, 0x3F, 0x0F, 0x81, 0xFF, 0xFC, 0x0F, 0xFF, 0xF0, 0xFF, 0xFF, 0x87, 0xFF,
    0xFC, 0x3F, 0xFF, 0xF3, 0xF0, 0x0F, 0x9F, 0x80, 0x7E, 0xF8, 0x03, 0xFF, 0xC0, 0x0F, 0x80, 0x01,
    0xE7, 0x00, 0x1F, 0xF8, 0x00, 0xFF, 0xC0, 0x0F, 0x7C, 0x00, 0x00, 0x00, 0x00, 0x00, 0x00, 0x03,
    0xF0, 0x00, 0x3F, 0x80, 0x01, 0xFE, 0x00, 0x0F, 0xF0, 0x00, 0xFF, 0x80, 0x07, 0xFE, 0x00, 0x3D,
    0xF0, 0x03, 0xEF, 0x80, 0x1F, 0x7E, 0x01, 0xF9, 0xF0, 0x0F, 0x8F, 0x80, 0x7C, 0x7E, 0x07, 0xE1,
    0xF0, 0x3F, 0xFF, 0x81, 0xFF, 0xFE, 0x1F, 0xFF, 0xF0, 0xFF, 0xFF, 0x87, 0xFF, 0xFE, 0x7E, 0x01,
    0xF3, 0xF0, 0x0F, 0xDF, 0x00, 0x7F, 0xF8, 0x01, 0xF0, 0x00, 0x00, 0x00, 0x1E, 0x78, 0x01, 0xF7,
    0xC0, 0x0F, 0xBE, 0x00, 0x3C, 0xF0, 0x00, 0x00, 0x00, 0x00, 0x00, 0x00, 0x1F, 0x80, 0x01, 0xFC,
    0x00, 0x0F, 0xF0, 0x00, 0x7F, 0x80, 0x07, 0xFC, 0x00, 0x3F, 0xF0, 0x01, 0xEF, 0x80, 0x1F, 0x7C,
    0x00, 0xFB, 0xF0, 0x0F, 0xCF, 0x80, 0x7C, 0x7C, 0x03, 0xE3, 0xF0, 0x3F, 0x0F, 0x81, 0xFF, 0xFC,
    0x0F, 0xFF, 0xF0, 0xFF, 0xFF, 0x87, 0xFF, 0xFC, 0x3F, 0xFF, 0xF3, 0xF0, 0x0F, 0x9F, 0x80, 0x7E,
    0xF8, 0x03, 0xFF, 0xC0, 0x0F, 0x80, 0x00, 0x00, 0x00, 0x07, 0xC0, 0x00, 0x7F, 0x00, 0x03, 0x9C,
    0x00, 0x1C, 0xE0, 0x00, 0xEF, 0x00, 0x07, 0xF0, 0x00, 0x1F, 0x00, 0x00, 0xFC, 0x00, 0x0F, 0xE0,
    0x00, 0x7F, 0x80, 0x03, 0xFC, 0x00, 0x3F, 0xE0, 0x01, 0xFF, 0x80, 0x0F, 0x7C, 0x00, 0xFB, 0xE0,
    0x07, 0xDF, 0x80, 0x7E, 0x7C, 0x03, 0xE3, 0xE0, 0x1F, 0x1F, 0x81, 0xF8, 0x7C, 0x0F, 0xFF, 0xE0,
    0x7F, 0xFF, 0x87, 0xFF, 0xFC, 0x3F, 0xFF, 0xE1, 0xFF, 0xFF, 0x9F, 0x80, 0x7C, 0xFC, 0x03, 0xF7,
    0xC0, 0x1F, 0xFE, 0x00, 0x7C, 0x00, 0x3F, 0xFF, 0xF0, 0x03, 0xFF, 0xFF, 0xC0, 0x1F, 0xFF, 0xFE,
    0x01, 0xFF, 0xFF, 0xF0, 0x0F, 0xBF, 0xFF, 0x80, 0xF9, 0xF0, 0x00, 0x07, 0xCF, 0x80, 0x00, 0x7E,
    0x7C, 0x00, 0x03, 0xE3, 0xE0, 0x00, 0x1F, 0x1F, 0xFF, 0x81, 0xF0, 0xFF, 0xFC, 0x0F, 0x87, 0xFF,
    0xE0, 0xFC, 0x3F, 0xFF, 0x07, 0xFF, 0xF0, 0x00, 0x7F, 0xFF, 0x80, 0x03, 0xFF, 0xFC, 0x00, 0x1F,
    0xFF, 0xE0, 0x01, 0xF8, 0x1F, 0x00, 0x0F, 0x80, 0xFF, 0xFE, 0xFC, 0x07, 0xFF, 0xF7, 0xC0, 0x3F,
    0xFF, 0xFE, 0x01, 0xFF, 0xFC, 0x01, 0xF8, 0x00, 0x7F, 0xF0, 0x1F, 0xFF, 0x83, 0xFF, 0xFC, 0x3F,
    0xFF, 0xC7, 0xE0, 0x7E, 0x7C, 0x03, 0xEF, 0xC0, 0x3F, 0xF8, 0x00, 0x0F, 0x80, 0x00, 0xF8, 0x00,
    0x0F, 0x80, 0x00, 0xF8, 0x00, 0x0F, 0x80, 0x00, 0xF8, 0x01, 0xEF, 0xC0, 0x3F, 0x7E, 0x03, 0xE7,
    0xF0, 0x7E, 0x3F, 0xFF, 0xC1, 0xFF, 0xFC, 0x0F, 0xFF, 0x80, 0x7F, 0xE0, 0x00, 0xF0, 0x00, 0x0F,
    0x80, 0x00, 0xFC, 0x00, 0x01, 0xC0, 0x00, 0xFC, 0x00, 0x0F, 0x80, 0x0E, 0x00, 0x0F, 0x00, 0x0F,
    0x80, 0x07, 0x80, 0x03, 0xC0, 0x03, 0xC0, 0x00, 0x00, 0x7F, 0xFE, 0xFF, 0xFF, 0xFF, 0xFF, 0xFF,
    0xFF, 0xFF, 0xFE, 0xFC, 0x00, 0xFC, 0x00, 0xFC, 0x00, 0xFC, 0x00, 0xFF, 0xFE, 0xFF, 0xFE, 0xFF,
    0xFE, 0xFF, 0xFE, 0xFC, 0x00, 0xFC, 0x00, 0xFC, 0x00, 0xFC, 0x00, 0xFC, 0x00, 0xFF, 0xFF, 0xFF,
    0xFF, 0xFF, 0xFF, 0xFF, 0xFF, 0x00, 0x70, 0x00, 0xF8, 0x01, 0xF0, 0x01, 0xE0, 0x03, 0xC0, 0x03,
    0xC0, 0x00, 0x00, 0x7F, 0xFE, 0xFF, 0xFF, 0xFF, 0xFF, 0xFF, 0xFF, 0xFF, 0xFE, 0xFC, 0x00, 0xFC,
    0x00, 0xFC, 0x00, 0xFC, 0x00, 0xFF, 0xFE, 0xFF, 0xFE, 0xFF, 0xFE, 0xFF, 0xFE, 0xFC, 0x00, 0xFC,
    0x00, 0xFC, 0x00, 0xFC, 0x00, 0xFC, 0x00, 0xFF, 0xFF, 0xFF, 0xFF, 0xFF, 0xFF, 0xFF, 0xFF, 0x01,
    0xC0, 0x07, 0xE0, 0x0F, 0xF0, 0x1F, 0xF8, 0x1E, 0x7C, 0x1C, 0x38, 0x00, 0x00, 0x7F, 0xFE, 0xFF,
    0xFF, 0xFF, 0xFF, 0xFF, 0xFF, 0xFF, 0xFE, 0xFC, 0x00, 0xFC, 0x00, 0xFC, 0x00, 0xFC, 0x00, 0xFF,
    0xFE, 0xFF, 0xFE, 0xFF, 0xFE, 0xFF, 0xFE, 0xFC, 0x00, 0xFC, 0x00, 0xFC, 0x00, 0xFC, 0x00, 0xFC,
    0x00, 0xFF, 0xFF, 0xFF, 0xFF, 0xFF, 0xFF, 0xFF, 0xFF, 0x00, 0x00, 0x1E, 0x78, 0x3E, 0x7C, 0x3E,
    0x7C, 0x1E, 0x78, 0x00, 0x00, 0x00, 0x00, 0x7F, 0xFE, 0xFF, 0xFF, 0xFF, 0xFF, 0xFF, 0xFF, 0xFF,
    0xFE, 0xFC, 0x00, 0xFC, 0x00, 0xFC, 0x00, 0xFC, 0x00, 0xFF, 0xFE, 0xFF, 0xFE, 0xFF, 0xFE, 0xFF,
    0xFE, 0xFC, 0x00, 0xFC, 0x00, 0xFC, 0x00, 0xFC, 0x00, 0xFC, 0x00, 0xFF, 0xFF, 0xFF, 0xFF, 0xFF,
    0xFF, 0xFF, 0xFF, 0x70, 0x78, 0x7C, 0x3C, 0x1E, 0x1E, 0x00, 0x1E, 0x3F, 0x3F, 0x3F, 0x3F, 0x3F,
    0x3F, 0x3F, 0x3F, 0x3F, 0x3F, 0x3F, 0x3F, 0x3F, 0x3F, 0x3F, 0x3F, 0x3F, 0x3F, 0x3F, 0x3F, 0x3F,
    0x0E, 0x1F, 0x3E, 0x3C, 0x78, 0x78, 0x00, 0x78, 0xFC, 0xFC, 0xFC, 0xFC, 0xFC, 0xFC, 0xFC, 0xFC,
    0xFC, 0xFC, 0xFC, 0xFC, 0xFC, 0xFC, 0xFC, 0xFC, 0xFC, 0xFC, 0xFC, 0xFC, 0xFC, 0x06, 0x01, 0xF8,
    0x3F, 0xC7, 0xFE, 0xF9, 0xF7, 0x0E, 0x00, 0x00, 0xF0, 0x1F, 0x81, 0xF8, 0x1F, 0x81, 0xF8, 0x1F,
    0x81, 0xF8, 0x1F, 0x81, 0xF8, 0x1F, 0x81, 0xF8, 0x1F, 0x81, 0xF8, 0x1F, 0x81, 0xF8, 0x1F, 0x81,
    0xF8, 0x1F, 0x81, 0xF8, 0x1F, 0x81, 0xF8, 0x1F, 0x80, 0x00, 0x07, 0x9E, 0xF9, 0xFF, 0x9F, 0x79,
    0xE0, 0x00, 0x00, 0x00, 0xF0, 0x1F, 0x81, 0xF8, 0x1F, 0x81, 0xF8, 0x1F, 0x81, 0xF8, 0x1F, 0x81,
    0xF8, 0x1F, 0x81, 0xF8, 0x1F, 0x81, 0xF8, 0x1F, 0x81, 0xF8, 0x1F, 0x81, 0xF8, 0x1F, 0x81, 0xF8,
    0x1F, 0x81, 0xF8, 0x1F, 0x80, 0x1F, 0xF0, 0x00, 0xFF, 0xF8, 0x07, 0xFF, 0xE0, 0x3F, 0xFF, 0x81,
    0xFF, 0xFE, 0x0F, 0x83, 0xF8, 0x7C, 0x07, 0xC3, 0xE0, 0x3F, 0x1F, 0x00, 0xF8, 0xF8, 0x07, 0xFF,
    0xFC, 0x3F, 0xFF, 0xE1, 0xFF, 0xFF, 0x0F, 0x8F, 0x80, 0x7C, 0x7C, 0x03, 0xE3, 0xE0, 0x3F, 0x1F,
    0x01, 0xF0, 0xF8, 0x3F, 0x87, 0xFF, 0xF8, 0x3F, 0xFF, 0x81, 0xFF, 0xF8, 0x0F, 0xFF, 0x00, 0x03,
    0xCE, 0x00, 0x7F, 0xE0, 0x07, 0xFE, 0x00, 0x73, 0xC0, 0x00, 0x00, 0x00, 0x00, 0x00, 0x7C, 0x01,
    0xEF, 0xE0, 0x3F, 0xFE, 0x03, 0xFF, 0xF0, 0x3F, 0xFF, 0x03, 0xFF, 0xF8, 0x3F, 0xFF, 0xC3, 0xFF,
    0xFC, 0x3F, 0xFF, 0xE3, 0xFF, 0xFF, 0x3F, 0xFD, 0xF3, 0xFF, 0xDF, 0xBF, 0xFC, 0xFB, 0xFF, 0xC7,
    0xFF, 0xFC, 0x7F, 0xFF, 0xC3, 0xFF, 0xFC, 0x3F, 0xFF, 0xC1, 0xFF, 0xFC, 0x0F, 0xFF, 0xC0, 0xFF,
    0xFC, 0x07, 0xFF, 0xC0, 0x3F, 0x03, 0x80, 0x00, 0x1E, 0x00, 0x00, 0xF8, 0x00, 0x03, 0xC0, 0x00,
    0x0F, 0x00, 0x00, 0x38, 0x00, 0x00, 0x00, 0x00, 0x3F, 0x00, 0x07, 0xFE, 0x00, 0xFF, 0xFC, 0x0F,
    0xFF, 0xF0, 0x7F, 0xFF, 0xC7, 0xE0, 0x7E, 0x3E, 0x01, 0xFB, 0xF0, 0x07, 0xDF, 0x00, 0x3E, 0xF8,
    0x01, 0xF7, 0xC0, 0x0F, 0xBE, 0x00, 0x7D, 0xF0, 0x03, 0xEF, 0x80, 0x1F, 0x7C, 0x00, 0xFB, 0xF0,
    0x0F, 0xCF, 0xC0, 0x7E, 0x7F, 0x07, 0xE1, 0xFF, 0xFE, 0x07, 0xFF, 0xF0, 0x1F, 0xFF, 0x00, 0x7F,
    0xE0, 0x00, 0x78, 0x00, 0x00, 0x1C, 0x00, 0x01, 0xF0, 0x00, 0x0F, 0x00, 0x00, 0xF0, 0x00, 0x07,
    0x80, 0x00, 0x38, 0x00, 0x00, 0x00, 0x00, 0x3F, 0x00, 0x07, 0xFE, 0x00, 0xFF, 0xFC, 0x0F, 0xFF,
    0xF0, 0x7F, 0xFF, 0xC7, 0xE0, 0x7E, 0x3E, 0x01, 0xFB, 0xF0, 0x07, 0xDF, 0x00, 0x3E, 0xF8, 0x01,
    0xF7, 0xC0, 0x0F, 0xBE, 0x00, 0x7D, 0xF0, 0x03, 0xEF, 0x80, 0x1F, 0x7C, 0x00, 0xFB, 0xF0, 0x0F,
    0xCF, 0xC0, 0x7E, 0x7F, 0x07, 0xE1, 0xFF, 0xFE, 0x07, 0xFF, 0xF0, 0x1F, 0xFF, 0x00, 0x7F, 0xE0,
    0x00, 0x78, 0x00, 0x00, 0x70, 0x00, 0x0F, 0xC0, 0x00, 0xFF, 0x00, 0x07, 0xFC, 0x00, 0x79, 0xF0,
    0x03, 0x87, 0x80, 0x00, 0x00, 0x00, 0x3F, 0x00, 0x07, 0xFE, 0x00, 0xFF, 0xFC, 0x0F, 0xFF, 0xF0,
    0x7F, 0xFF, 0xC7, 0xE0, 0x7E, 0x3E, 0x01, 0xFB, 0xF0, 0x07, 0xDF, 0x00, 0x3E, 0xF8, 0x01, 0xF7,
    0xC0, 0x0F, 0xBE, 0x00, 0x7D, 0xF0, 0x03, 0xEF, 0x80, 0x1F, 0x7C, 0x00, 0xFB, 0xF0, 0x0F, 0xCF,
    0xC0, 0x7E, 0x7F, 0x07, 0xE1, 0xFF, 0xFE, 0x07, 0xFF, 0xF0, 0x1F, 0xFF, 0x00, 0x7F, 0xE0, 0x00,
    0x78, 0x00, 0x03, 0xCE, 0x00, 0x3F, 0xF0, 0x01, 0xFF, 0x80, 0x0E, 0x78, 0x00, 0x00, 0x00, 0x00,
    0x00, 0x00, 0x07, 0xE0, 0x00, 0xFF, 0xC0, 0x1F, 0xFF, 0x81, 0xFF, 0xFE, 0x0F, 0xFF, 0xF8, 0xFC,
    0x0F, 0xC7, 0xC0, 0x3F, 0x7E, 0x00, 0xFB, 0xE0, 0x07, 0xDF, 0x00, 0x3E, 0xF8, 0x01, 0xF7, 0xC0,
    0x0F, 0xBE, 0x00, 0x7D, 0xF0, 0x03, 0xEF, 0x80, 0x1F, 0x7E, 0x01, 0xF9, 0xF8, 0x0F, 0xCF, 0xE0,
    0xFC, 0x3F, 0xFF, 0xC0, 0xFF, 0xFE, 0x03, 0xFF, 0xE0, 0x0F, 0xFC, 0x00, 0x0F, 0x00, 0x00, 0x00,
    0x00, 0x00, 0x3C, 0xF0, 0x01, 0xE7, 0xC0, 0x0F, 0x3E, 0x00, 0x79, 0xE0, 0x00, 0x00, 0x00, 0x00,
    0x00, 0x00, 0x3F, 0x00, 0x07, 0xFE, 0x00, 0xFF, 0xFC, 0x0F, 0xFF, 0xF0, 0x7F, 0xFF, 0xC7, 0xE0,
    0x7E, 0x3E, 0x01, 0xFB, 0xF0, 0x07, 0xDF, 0x00, 0x3E, 0xF8, 0x01, 0xF7, 0xC0, 0x0F, 0xBE, 0x00,
    0x7D, 0xF0, 0x03, 0xEF, 0x80, 0x1F, 0x7C, 0x00, 0xFB, 0xF0, 0x0F, 0xCF, 0xC0, 0x7E, 0x7F, 0x07,
    0xE1, 0xFF, 0xFE, 0x07, 0xFF, 0xF0, 0x1F, 0xFF, 0x00, 0x7F, 0xE0, 0x00, 0x78, 0x00, 0x30, 0x0C,
    0x78, 0x1E, 0xFC, 0x3E, 0x7E, 0x7E, 0x3F, 0xFC, 0x1F, 0xF8, 0x0F, 0xF0, 0x07, 0xE0, 0x0F, 0xF0,
    0x1F, 0xF8, 0x3F, 0xFC, 0x7E, 0x7E, 0xFC, 0x3E, 0x78, 0x1E, 0x30, 0x0C, 0x00, 0x00, 0x00, 0x00,
    0x00, 0x0F, 0xC7, 0x01, 0xFF, 0xF8, 0x3F, 0xFF, 0xC3, 0xFF, 0xFC, 0x1F, 0xFF, 0xF1, 0xF8, 0x3F,
    0x8F, 0x81, 0xFE, 0xFC, 0x1F, 0xF7, 0xC1, 0xEF, 0xBE, 0x1F, 0x7D, 0xF0, 0xF3, 0xEF, 0x8F, 0x1F,
    0x7C, 0xF0, 0xFB, 0xE7, 0x87, 0xDF, 0x78, 0x3E, 0xFF, 0x83, 0xF3, 0xFC, 0x1F, 0x9F, 0xC1, 0xF8,
    0x7F, 0xFF, 0x83, 0xFF, 0xFC, 0x3F, 0xFF, 0xC1, 0xFF, 0xF8, 0x06, 0x1E, 0x00, 0x07, 0x80, 0x00,
    0xF8, 0x00, 0x0F, 0x00, 0x01, 0xF0, 0x00, 0x1E, 0x00, 0x01, 0xC0, 0x00, 0x00, 0x03, 0xC0, 0x1E,
    0xFC, 0x03, 0xFF, 0x80, 0x7F, 0xF0, 0x0F, 0xFE, 0x01, 0xFF, 0xC0, 0x3F, 0xF8, 0x07, 0xFF, 0x00,
    0xFF, 0xE0, 0x1F, 0xFC, 0x03, 0xFF, 0x80, 0x7F, 0xF0, 0x0F, 0xFE, 0x01, 0xFF, 0xC0, 0x3F, 0xF8,
    0x07, 0xDF, 0x01, 0xFB, 0xE0, 0x3E, 0x7E, 0x0F, 0xCF, 0xFF, 0xF8, 0xFF, 0xFE, 0x0F, 0xFF, 0x80,
    0x7F, 0xE0, 0x01, 0xE0, 0x00, 0x00, 0x3C, 0x00, 0x0F, 0x80, 0x01, 0xE0, 0x00, 0x7C, 0x00, 0x0F,
    0x00, 0x01, 0xC0, 0x00, 0x00, 0x03, 0xC0, 0x1E, 0xFC, 0x03, 0xFF, 0x80, 0x7F, 0xF0, 0x0F, 0xFE,
    0x01, 0xFF, 0xC0, 0x3F, 0xF8, 0x07, 0xFF, 0x00, 0xFF, 0xE0, 0x1F, 0xFC, 0x03, 0xFF, 0x80, 0x7F,
    0xF0, 0x0F, 0xFE, 0x01, 0xFF, 0xC0, 0x3F, 0xF8, 0x07, 0xDF, 0x01, 0xFB, 0xE0, 0x3E, 0x7E, 0x0F,
    0xCF, 0xFF, 0xF8, 0xFF, 0xFE, 0x0F, 0xFF, 0x80, 0x7F, 0xE0, 0x01, 0xE0, 0x00, 0x00, 0xE0, 0x00,
    0x3E, 0x00, 0x0F, 0xE0, 0x03, 0xDE, 0x00, 0xF9, 0xE0, 0x1C, 0x1C, 0x00, 0x00, 0x03, 0xC0, 0x1E,
    0xFC, 0x03, 0xFF, 0x80, 0x7F, 0xF0, 0x0F, 0xFE, 0x01, 0xFF, 0xC0, 0x3F, 0xF8, 0x07, 0xFF, 0x00,
    0xFF, 0xE0, 0x1F, 0xFC, 0x03, 0xFF, 0x80, 0x7F, 0xF0, 0x0F, 0xFE, 0x01, 0xFF, 0xC0, 0x3F, 0xF8,
    0x07, 0xDF, 0x01, 0xFB, 0xE0, 0x3E, 0x7E, 0x0F, 0xCF, 0xFF, 0xF8, 0xFF, 0xFE, 0x0F, 0xFF, 0x80,
    0x7F, 0xE0, 0x01, 0xE0, 0x00, 0x00, 0x00, 0x01, 0xE3, 0xC0, 0x3E, 0xF8, 0x07, 0xDF, 0x00, 0xF1,
    0xE0, 0x00, 0x00, 0x00, 0x00, 0x03, 0xC0, 0x1E, 0xFC, 0x03, 0xFF, 0x80, 0x7F, 0xF0, 0x0F, 0xFE,
    0x01, 0xFF, 0xC0, 0x3F, 0xF8, 0x07, 0xFF, 0x00, 0xFF, 0xE0, 0x1F, 0xFC, 0x03, 0xFF, 0x80, 0x7F,
    0xF0, 0x0F, 0xFE, 0x01, 0xFF, 0xC0, 0x3F, 0xF8, 0x07, 0xDF, 0x01, 0xFB, 0xE0, 0x3E, 0x7E, 0x0F,
    0xCF, 0xFF, 0xF8, 0xFF, 0xFE, 0x0F, 0xFF, 0x80, 0x7F, 0xE0, 0x01, 0xE0, 0x00, 0x00, 0x1E, 0x00,
    0x01, 0xF0, 0x00, 0x0F, 0x00, 0x00, 0xF8, 0x00, 0x07, 0x80, 0x00, 0x38, 0x00, 0x00, 0x00, 0x0F,
    0x80, 0x3E, 0x7C, 0x01, 0xF3, 0xF0, 0x1F, 0x8F, 0xC0, 0xF8, 0x7E, 0x0F, 0xC1, 0xF8, 0x7C, 0x07,
    0xC7, 0xE0, 0x3F, 0x7E, 0x00, 0xFB, 0xE0, 0x07, 0xFF, 0x00, 0x1F, 0xF0, 0x00, 0x7F, 0x80, 0x03,
    0xF8, 0x00, 0x0F, 0x80, 0x00, 0x7C, 0x00, 0x03, 0xE0, 0x00, 0x1F, 0x00, 0x00, 0xF8, 0x00, 0x07,
    0xC0, 0x00, 0x3E, 0x00, 0x01, 0xF0, 0x00, 0x0F, 0x80, 0x00, 0x78, 0x00, 0x7E, 0x00, 0x3F, 0x00,
    0x1F, 0x80, 0x0F, 0xFC, 0x07, 0xFF, 0xC3, 0xFF, 0xF9, 0xFF, 0xFC, 0xFC, 0x7F, 0x7E, 0x0F, 0xBF,
    0x03, 0xFF, 0x81, 0xFF, 0xC1, 0xF7, 0xE1, 0xFB, 0xFF, 0xFD, 0xFF, 0xFC, 0xFF, 0xFC, 0x7F, 0xF8,
    0x3F, 0x00, 0x1F, 0x80, 0x0F, 0xC0, 0x07, 0xE0, 0x00, 0x07, 0xE0, 0x0F, 0xFC, 0x0F, 0xFF, 0x0F,
    0xFF, 0xC7, 0xF7, 0xF3, 0xE1, 0xFB, 0xF0, 0x7D, 0xF0, 0x3E, 0xF8, 0x3E, 0x7C, 0xFF, 0x3E, 0x7F,
    0x1F, 0x3F, 0xCF, 0x9F, 0xF7, 0xC1, 0xFF, 0xE0, 0x3F, 0xF0, 0x1F, 0xF8, 0x0F, 0xFC, 0x0F, 0xFE,
    0x7F, 0xFF, 0x3F, 0xEF, 0x9F, 0xF7, 0xCF, 0xE0, 0x0F, 0x00, 0x0F, 0x00, 0x07, 0x80, 0x07, 0x80,
    0x03, 0xC0, 0x01, 0xC0, 0x00, 0x00, 0x0F, 0xF0, 0x1F, 0xFC, 0x3F, 0xFE, 0x7F, 0xFE, 0x7C, 0x3E,
    0x00, 0x3E, 0x03, 0xFE, 0x1F, 0xFE, 0x3F, 0xFE, 0x7F, 0xBE, 0x7C, 0x3E, 0x78, 0x3E, 0x7C, 0x7E,
    0x7F, 0xFE, 0x7F, 0xFE, 0x3F, 0xDE, 0x07, 0x00, 0x00, 0x70, 0x00, 0xF8, 0x00, 0xF0, 0x01, 0xE0,
    0x01, 0xE0, 0x01, 0xC0, 0x00, 0x00, 0x0F, 0xF0, 0x1F, 0xFC, 0x3F, 0xFE, 0x7F, 0xFE, 0x7C, 0x3E,
    0x00, 0x3E, 0x03, 0xFE, 0x1F, 0xFE, 0x3F, 0xFE, 0x7F, 0xBE, 0x7C, 0x3E, 0x78, 0x3E, 0x7C, 0x7E,
    0x7F, 0xFE, 0x7F, 0xFE, 0x3F, 0xDE, 0x07, 0x00, 0x01, 0xC0, 0x03, 0xE0, 0x07, 0xF0, 0x0F, 0xF8,
    0x1E, 0x7C, 0x1C, 0x3C, 0x00, 0x00, 0x0F, 0xF0, 0x1F, 0xFC, 0x3F, 0xFE, 0x7F, 0xFE, 0x7C, 0x3E,
    0x00, 0x3E, 0x03, 0xFE, 0x1F, 0xFE, 0x3F, 0xFE, 0x7F, 0xBE, 0x7C, 0x3E, 0x78, 0x3E, 0x7C, 0x7E,
    0x7F, 0xFE, 0x7F, 0xFE, 0x3F, 0xDE, 0x07, 0x00, 0x0F, 0x9C, 0x0F, 0xF8, 0x1F, 0xF8, 0x1C, 0xF0,
    0x00, 0x00, 0x00, 0x00, 0x0F, 0xF0, 0x1F, 0xFC, 0x3F, 0xFE, 0x7F, 0xFE, 0x7C, 0x3E, 0x00, 0x3E,
    0x03, 0xFE, 0x1F, 0xFE, 0x3F, 0xFE, 0x7F, 0xBE, 0x7C, 0x3E, 0x78, 0x3E, 0x7C, 0x7E, 0x7F, 0xFE,
    0x7F, 0xFE, 0x3F, 0xDE, 0x07, 0x00, 0x00, 0x00, 0x1E, 0x78, 0x1F, 0x7C, 0x1F, 0x7C, 0x1E, 0x78,
    0x00, 0x00, 0x00, 0x00, 0x0F, 0xF0, 0x1F, 0xFC, 0x3F, 0xFE, 0x7F, 0xFE, 0x7C, 0x3E, 0x00, 0x3E,
    0x03, 0xFE, 0x1F, 0xFE, 0x3F, 0xFE, 0x7F, 0xBE, 0x7C, 0x3E, 0x78, 0x3E, 0x7C, 0x7E, 0x7F, 0xFE,
    0x7F, 0xFE, 0x3F, 0xDE, 0x07, 0x00, 0x00, 0x00, 0x03, 0xE0, 0x07, 0xF0, 0x0F, 0x70, 0x0E, 0x38,
    0x0E, 0x70, 0x07, 0xF0, 0x03, 0xE0, 0x00, 0x80, 0x0F, 0xF0, 0x1F, 0xFC, 0x3F, 0xFE, 0x7F, 0xFE,
    0x7C, 0x3E, 0x00, 0x3E, 0x03, 0xFE, 0x1F, 0xFE, 0x3F, 0xFE, 0x7F, 0xBE, 0x7C, 0x3E, 0x78, 0x3E,
    0x7C, 0x7E, 0x7F, 0xFE, 0x7F, 0xFE, 0x3F, 0xDE, 0x07, 0x00, 0x0F, 0xF3, 0xFC, 0x07, 0xFF, 0xFF,
    0x83, 0xFF, 0xFF, 0xF1, 0xFF, 0xFF, 0xFE, 0x7C, 0x3F, 0x0F, 0x80, 0x0F, 0x81, 0xE0, 0x7F, 0xFF,
    0xFC, 0x7F, 0xFF, 0xFF, 0x3F, 0xFF, 0xFF, 0xDF, 0xFF, 0xFF, 0xE7, 0xC3, 0xE0, 0x01, 0xE0, 0xFC,
    0x1E, 0x7C, 0x7F, 0x8F, 0x9F, 0xFF, 0xFF, 0xE7, 0xFF, 0xFF, 0xF0, 0xFF, 0x8F, 0xF8, 0x07, 0x00,
    0xF0, 0x00, 0x0F, 0xF0, 0x3F, 0xF0, 0xFF, 0xF3, 0xFF, 0xFF, 0xC3, 0xFF, 0x07, 0xFE, 0x00, 0x7C,
    0x00, 0xF8, 0x01, 0xF0, 0x03, 0xE0, 0xFF, 0xE1, 0xF7, 0xEF, 0xEF, 0xFF, 0x8F, 0xFE, 0x0F, 0xF8,
    0x03, 0xC0, 0x07, 0xC0, 0x0F, 0xC0, 0x03, 0x80, 0x3F, 0x00, 0x7C, 0x00, 0x1E, 0x00, 0x1F, 0x00,
    0x0F, 0x00, 0x07, 0x80, 0x07, 0x80, 0x03, 0x80, 0x00, 0x00, 0x0F, 0xE0, 0x1F, 0xF8, 0x3F, 0xFC,
    0x7F, 0xFC, 0xFC, 0x3E, 0xF8, 0x3E, 0xFF, 0xFE, 0xFF, 0xFE, 0xFF, 0xFF, 0xFF, 0xFE, 0xF8, 0x00,
    0xF8, 0x1E, 0x7E, 0x7E, 0x7F, 0xFE, 0x3F, 0xFC, 0x1F, 0xF0, 0x03, 0xC0, 0x00, 0xF0, 0x01, 0xF0,
    0x01, 0xE0, 0x03, 0xE0, 0x03, 0xC0, 0x03, 0x80, 0x00, 0x00, 0x0F, 0xE0, 0x1F, 0xF8, 0x3F, 0xFC,
    0x7F, 0xFC, 0xFC, 0x3E, 0xF8, 0x3E, 0xFF, 0xFE, 0xFF, 0xFE, 0xFF, 0xFF, 0xFF, 0xFE, 0xF8, 0x00,
    0xF8, 0x1E, 0x7E, 0x7E, 0x7F, 0xFE, 0x3F, 0xFC, 0x1F, 0xF0, 0x03, 0xC0, 0x03, 0x80, 0x07, 0xC0,
    0x0F, 0xE0, 0x1E, 0xF0, 0x3E, 0x78, 0x38, 0x38, 0x00, 0x00, 0x0F, 0xE0, 0x1F, 0xF8, 0x3F, 0xFC,
    0x7F, 0xFC, 0xFC, 0x3E, 0xF8, 0x3E, 0xFF, 0xFE, 0xFF, 0xFE, 0xFF, 0xFF, 0xFF, 0xFE, 0xF8, 0x00,
    0xF8, 0x1E, 0x7E, 0x7E, 0x7F, 0xFE, 0x3F, 0xFC, 0x1F, 0xF0, 0x03, 0xC0, 0x00, 0x00, 0x3C, 0x78,
    0x3E, 0xF8, 0x3E, 0xF8, 0x3C, 0x78, 0x00, 0x00, 0x00, 0x00, 0x0F, 0xE0, 0x1F, 0xF8, 0x3F, 0xFC,
    0x7F, 0xFC, 0xFC, 0x3E, 0xF8, 0x3E, 0xFF, 0xFE, 0xFF, 0xFE, 0xFF, 0xFF, 0xFF, 0xFE, 0xF8, 0x00,
    0xF8, 0x1E, 0x7E, 0x7E, 0x7F, 0xFE, 0x3F, 0xFC, 0x1F, 0xF0, 0x03, 0xC0, 0x71, 0xF1, 0xF1, 0xE3,
    0xC3, 0x80, 0x1F, 0x3E, 0x7C, 0xF9, 0xF3, 0xE7, 0xCF, 0x9F, 0x3E, 0x7C, 0xF9, 0xF3, 0xE7, 0xCF,
    0x80, 0x0E, 0x1E, 0x3E, 0x3C, 0x78, 0x70, 0x00, 0xF8, 0xF8, 0xF8, 0xF8, 0xF8, 0xF8, 0xF8, 0xF8,
    0xF8, 0xF8, 0xF8, 0xF8, 0xF8, 0xF8, 0xF8, 0xF8, 0x0E, 0x01, 0xF8, 0x3F, 0xC7, 0xFE, 0xF9, 0xEF,
    0x0E, 0x00, 0x01, 0xF0, 0x1F, 0x01, 0xF0, 0x1F, 0x01, 0xF0, 0x1F, 0x01, 0xF0, 0x1F, 0x01, 0xF0,
    0x1F, 0x01, 0xF0, 0x1F, 0x01, 0xF0, 0x1F, 0x01, 0xF0, 0x1F, 0x00, 0x00, 0x07, 0x9E, 0xF9, 0xEF,
    0x9F, 0x79, 0xE0, 0x00, 0x00, 0x01, 0xF0, 0x1F, 0x01, 0xF0, 0x1F, 0x01, 0xF0, 0x1F, 0x01, 0xF0,
    0x1F, 0x01, 0xF0, 0x1F, 0x01, 0xF0, 0x1F, 0x01, 0xF0, 0x1F, 0x01, 0xF0, 0x1F, 0x00, 0x10, 0x00,
    0x1E, 0x38, 0x3F, 0xF8, 0x1F, 0xF0, 0x07, 0xE0, 0x1F, 0xF0, 0x3C, 0xF8, 0x30, 0x78, 0x0F, 0xFC,
    0x3F, 0xFE, 0x7F, 0xFE, 0x7E, 0x7E, 0xF8, 0x3E, 0xF8, 0x1F, 0xF8, 0x1F, 0xF8, 0x1F, 0xF8, 0x1E,
    0xF8, 0x1E, 0xF8, 0x3E, 0x7E, 0x7E, 0x7F, 0xFC, 0x3F, 0xF8, 0x1F, 0xF0, 0x03, 0xC0, 0x0F, 0x38,
    0x1F, 0xF8, 0x1F, 0xF8, 0x1C, 0xF0, 0x00, 0x00, 0x00, 0x00, 0xF9, 0xF8, 0xFB, 0xFC, 0xFF, 0xFE,
    0xFF, 0xFE, 0xFC, 0x3E, 0xFC, 0x3F, 0xF8, 0x1F, 0xF8, 0x1F, 0xF8, 0x1F, 0xF8, 0x1F, 0xF8, 0x1F,
    0xF8, 0x1F, 0xF8, 0x1F, 0xF8, 0x1F, 0xF8, 0x1F, 0xF8, 0x1F, 0x0E, 0x00, 0x1F, 0x00, 0x0F, 0x00,
    0x07, 0x80, 0x07, 0x80, 0x03, 0x80, 0x00, 0x00, 0x0F, 0xF0, 0x1F, 0xF8, 0x3F, 0xFC, 0x7F, 0xFE,
    0xFC, 0x3E, 0xF8, 0x3F, 0xF8, 0x1F, 0xF8, 0x1F, 0xF8, 0x1F, 0xF8, 0x1F, 0xF8, 0x1F, 0xFC, 0x3E,
    0x7E, 0xFE, 0x7F, 0xFC, 0x3F, 0xFC, 0x1F, 0xF0, 0x03, 0xC0, 0x00, 0x70, 0x00, 0xF0, 0x01, 0xF0,
    0x01, 0xE0, 0x03, 0xC0, 0x03, 0x80, 0x00, 0x00, 0x0F, 0xF0, 0x1F, 0xF8, 0x3F, 0xFC, 0x7F, 0xFE,
    0xFC, 0x3E, 0xF8, 0x3F, 0xF8, 0x1F, 0xF8, 0x1F, 0xF8, 0x1F, 0xF8, 0x1F, 0xF8, 0x1F, 0xFC, 0x3E,
    0x7E, 0xFE, 0x7F, 0xFC, 0x3F, 0xFC, 0x1F, 0xF0, 0x03, 0xC0, 0x03, 0x80, 0x07, 0xE0, 0x0F, 0xF0,
    0x1F, 0xF0, 0x3E, 0x78, 0x3C, 0x38, 0x00, 0x00, 0x0F, 0xF0, 0x1F, 0xF8, 0x3F, 0xFC, 0x7F, 0xFE,
    0xFC, 0x3E, 0xF8, 0x3F, 0xF8, 0x1F, 0xF8, 0x1F, 0xF8, 0x1F, 0xF8, 0x1F, 0xF8, 0x1F, 0xFC, 0x3E,
    0x7E, 0xFE, 0x7F, 0xFC, 0x3F, 0xFC, 0x1F, 0xF0, 0x03, 0xC0, 0x0F, 0x38, 0x1F, 0xF8, 0x1F, 0xF8,
    0x1D, 0xF0, 0x00, 0x00, 0x00, 0x00, 0x0F, 0xF0, 0x1F, 0xF8, 0x3F, 0xFC, 0x7F, 0xFE, 0xFC, 0x3E,
    0xF8, 0x3F, 0xF8, 0x1F, 0xF8, 0x1F, 0xF8, 0x1F, 0xF8, 0x1F, 0xF8, 0x1F, 0xFC, 0x3E, 0x7E, 0xFE,
    0x7F, 0xFC, 0x3F, 0xFC, 0x1F, 0xF0, 0x03, 0xC0, 0x00, 0x00, 0x1E, 0x78, 0x3E, 0x78, 0x3E, 0x78,
    0x1E, 0x78, 0x00, 0x00, 0x00, 0x00, 0x0F, 0xF0, 0x1F, 0xF8, 0x3F, 0xFC, 0x7F, 0xFE, 0xFC, 0x3E,
    0xF8, 0x3F, 0xF8, 0x1F, 0xF8, 0x1F, 0xF8, 0x1F, 0xF8, 0x1F, 0xF8, 0x1F, 0xFC, 0x3E, 0x7E, 0xFE,
    0x7F, 0xFC, 0x3F, 0xFC, 0x1F, 0xF0, 0x03, 0xC0, 0x03, 0x80, 0x07, 0xC0, 0x07, 0xE0, 0x07, 0xE0,
    0x03, 0xC0, 0x01, 0x00, 0x7F, 0xFE, 0xFF, 0xFE, 0xFF, 0xFE, 0xFF, 0xFE, 0x7F, 0xFE, 0x01, 0x00,
    0x03, 0xC0, 0x07, 0xC0, 0x07, 0xE0, 0x07, 0xC0, 0x03, 0x80, 0x00, 0x00, 0x0F, 0xF7, 0x1F, 0xFF,
    0x3F, 0xFE, 0x7F, 0xFE, 0xFC, 0x7E, 0xF8, 0xFF, 0xF9, 0xFF, 0xF9, 0xDF, 0xFB, 0x9F, 0xFF, 0x1F,
    0xFF, 0x1F, 0xFE, 0x3E, 0x7E, 0xFE, 0x7F, 0xFC, 0xFF, 0xFC, 0xFF, 0xF0, 0x43, 0xC0, 0x0E, 0x00,
    0x1F, 0x00, 0x0F, 0x80, 0x07, 0x80, 0x03, 0xC0, 0x03, 0xC0, 0x00, 0x00, 0xF8, 0x1F, 0xF8, 0x1F,
    0xF8, 0x1F, 0xF8, 0x1F, 0xF8, 0x1F, 0xF8, 0x1F, 0xF8, 0x1F, 0xF8, 0x1F, 0xF8, 0x1F, 0xF8, 0x1F,
    0xFC, 0x3F, 0xFC, 0x3F, 0x7F, 0xFF, 0x7F, 0xFF, 0x3F, 0xFF, 0x1F, 0xDF, 0x06, 0x00, 0x00, 0x70,
    0x00, 0xF0, 0x01, 0xF0, 0x01, 0xE0, 0x03, 0xC0, 0x03, 0xC0, 0x00, 0x00, 0xF8, 0x1F, 0xF8, 0x1F,
    0xF8, 0x1F, 0xF8, 0x1F, 0xF8, 0x1F, 0xF8, 0x1F, 0xF8, 0x1F, 0xF8, 0x1F, 0xF8, 0x1F, 0xF8, 0x1F,
    0xFC, 0x3F, 0xFC, 0x3F, 0x7F, 0xFF, 0x7F, 0xFF, 0x3F, 0xFF, 0x1F, 0xDF, 0x06, 0x00, 0x01, 0x80,
    0x07, 0xE0, 0x0F, 0xF0, 0x1F, 0xF8, 0x3E, 0x7C, 0x1C, 0x38, 0x00, 0x00, 0xF8, 0x1F, 0xF8, 0x1F,
    0xF8, 0x1F, 0xF8, 0x1F, 0xF8, 0x1F, 0xF8, 0x1F, 0xF8, 0x1F, 0xF8, 0x1F, 0xF8, 0x1F, 0xF8, 0x1F,
    0xFC, 0x3F, 0xFC, 0x3F, 0x7F, 0xFF, 0x7F, 0xFF, 0x3F, 0xFF, 0x1F, 0xDF, 0x06, 0x00, 0x00, 0x00,
    0x1E, 0x78, 0x3E, 0x7C, 0x3E, 0x7C, 0x1E, 0x78, 0x00, 0x00, 0x00, 0x00, 0xF8, 0x1F, 0xF8, 0x1F,
    0xF8, 0x1F, 0xF8, 0x1F, 0xF8, 0x1F, 0xF8, 0x1F, 0xF8, 0x1F, 0xF8, 0x1F, 0xF8, 0x1F, 0xF8, 0x1F,
    0xFC, 0x3F, 0xFC, 0x3F, 0x7F, 0xFF, 0x7F, 0xFF, 0x3F, 0xFF, 0x1F, 0xDF, 0x06, 0x00, 0x00, 0x78,
    0x00, 0x7C, 0x00, 0x3C, 0x00, 0x3E, 0x00, 0x1E, 0x00, 0x0E, 0x00, 0x00, 0x01, 0xF0, 0x1F, 0xFC,
    0x0F, 0xBE, 0x0F, 0x9F, 0x07, 0xC7, 0xC3, 0xE3, 0xE3, 0xE1, 0xF1, 0xF0, 0x7C, 0xF0, 0x3E, 0xF8,
    0x1F, 0x7C, 0x07, 0xFC, 0x03, 0xFE, 0x00, 0xFF, 0x00, 0x7F, 0x00, 0x3F, 0x80, 0x0F, 0x80, 0x07,
    0xC0, 0x03, 0xE0, 0x1F, 0xE0, 0x0F, 0xF0, 0x07, 0xF0, 0x07, 0xF0, 0x00, 0x00, 0x00, 0x78, 0x00,
    0x7C, 0x00, 0x3E, 0x00, 0x1F, 0x00, 0x0F, 0x80, 0x07, 0xC0, 0x03, 0xE7, 0xE1, 0xF7, 0xF8, 0xFF,
    0xFE, 0x7F, 0xFF, 0xBF, 0x8F, 0xDF, 0x83, 0xEF, 0x81, 0xF7, 0xC0, 0xFB, 0xE0, 0x7D, 0xF0, 0x3E,
    0xFC, 0x1F, 0x7E, 0x1F, 0xBF, 0xFF, 0xDF, 0xFF, 0xCF, 0xFF, 0xC7, 0xDF, 0xC3, 0xE3, 0x81, 0xF0,
    0x00, 0xF8, 0x00, 0x7C, 0x00, 0x3E, 0x00, 0x1F, 0x00, 0x00, 0x00, 0x00, 0x0F, 0x1E, 0x07, 0xDF,
    0x03, 0xEF, 0x81, 0xE3, 0xC0, 0x00, 0x00, 0x00, 0x01, 0xF0, 0x1F, 0xFC, 0x0F, 0xBE, 0x0F, 0x9F,
    0x07, 0xC7, 0xC3, 0xE3, 0xE3, 0xE1, 0xF1, 0xF0, 0x7C, 0xF0, 0x3E, 0xF8, 0x1F, 0x7C, 0x07, 0xFC,
    0x03, 0xFE, 0x00, 0xFF, 0x00, 0x7F, 0x00, 0x3F, 0x80, 0x0F, 0x80, 0x07, 0xC0, 0x03, 0xE0, 0x1F,
    0xE0, 0x0F, 0xF0, 0x07, 0xF0, 0x07, 0xF0, 0x00, 0x00, 0x00, 0x01, 0xFE, 0x00, 0x1F, 0xF0, 0x00,
    0xFF, 0x80, 0x07, 0xFC, 0x00, 0x00, 0x00, 0x00, 0x00, 0x00, 0x03, 0xF0, 0x00, 0x3F, 0x80, 0x01,
    0xFE, 0x00, 0x0F, 0xF0, 0x00, 0xFF, 0x80, 0x07, 0xFE, 0x00, 0x3D, 0xF0, 0x03, 0xEF, 0x80, 0x1F,
    0x7E, 0x01, 0xF9, 0xF0, 0x0F, 0x8F, 0x80, 0x7C, 0x7E, 0x07, 0xE1, 0xF0, 0x3F, 0xFF, 0x81, 0xFF,
    0xFE, 0x1F, 0xFF, 0xF0, 0xFF, 0xFF, 0x87, 0xFF, 0xFE, 0x7E, 0x01, 0xF3, 0xF0, 0x0F, 0xDF, 0x00,
    0x7F, 0xF8, 0x01, 0xF0, 0x0F, 0xF8, 0x0F, 0xF8, 0x0F, 0xF8, 0x0F, 0xF8, 0x00, 0x00, 0x00, 0x00,
    0x0F, 0xF0, 0x1F, 0xFC, 0x3F, 0xFE, 0x7F, 0xFE, 0x7C, 0x3E, 0x00, 0x3E, 0x03, 0xFE, 0x1F, 0xFE,
    0x3F, 0xFE, 0x7F, 0xBE, 0x7C, 0x3E, 0x78, 0x3E, 0x7C, 0x7E, 0x7F, 0xFE, 0x7F, 0xFE, 0x3F, 0xDE,
    0x07, 0x00, 0x00, 0x00, 0x00, 0x1C, 0x38, 0x00, 0xF3, 0xC0, 0x07, 0xFC, 0x00, 0x1F, 0xC0, 0x00,
    0x38, 0x00, 0x00, 0x00, 0x00, 0x1F, 0x80, 0x01, 0xFC, 0x00, 0x0F, 0xF0, 0x00, 0x7F, 0x80, 0x07,
    0xFC, 0x00, 0x3F, 0xF0, 0x01, 0xEF, 0x80, 0x1F, 0x7C, 0x00, 0xFB, 0xF0, 0x0F, 0xCF, 0x80, 0x7C,
    0x7C, 0x03, 0xE3, 0xF0, 0x3F, 0x0F, 0x81, 0xFF, 0xFC, 0x0F, 0xFF, 0xF0, 0xFF, 0xFF, 0x87, 0xFF,
    0xFC, 0x3F, 0xFF, 0xF3, 0xF0, 0x0F, 0x9F, 0x80, 0x7E, 0xF8, 0x03, 0xFF, 0xC0, 0x0F, 0x80, 0x00,
    0x00, 0x1C, 0x3C, 0x1F, 0x78, 0x0F, 0xF8, 0x07, 0xF0, 0x01, 0xC0, 0x00, 0x00, 0x0F, 0xF0, 0x1F,
    0xFC, 0x3F, 0xFE, 0x7F, 0xFE, 0x7C, 0x3E, 0x00, 0x3E, 0x03, 0xFE, 0x1F, 0xFE, 0x3F, 0xFE, 0x7F,
    0xBE, 0x7C, 0x3E, 0x78, 0x3E, 0x7C, 0x7E, 0x7F, 0xFE, 0x7F, 0xFE, 0x3F, 0xDE, 0x07, 0x00, 0x00,
    0xFC, 0x00, 0x07, 0xF0, 0x00, 0x1F, 0xE0, 0x00, 0x7F, 0x80, 0x03, 0xFE, 0x00, 0x0F, 0xFC, 0x00,
    0x3D, 0xF0, 0x01, 0xF7, 0xC0, 0x07, 0xDF, 0x80, 0x3F, 0x3E, 0x00, 0xF8, 0xF8, 0x03, 0xE3, 0xF0,
    0x1F, 0x87, 0xC0, 0x7F, 0xFF, 0x01, 0xFF, 0xFE, 0x0F, 0xFF, 0xF8, 0x3F, 0xFF, 0xE0, 0xFF, 0xFF,
    0xC7, 0xE0, 0x1F, 0x1F, 0x80, 0x7E, 0x7C, 0x01, 0xFB, 0xF0, 0x03, 0xE0, 0x00, 0x1F, 0x80, 0x00,
    0x78, 0x00, 0x03, 0xE0, 0x00, 0x0F, 0xE0, 0x00, 0x1F, 0xC0, 0x00, 0x7F, 0x00, 0x00, 0x00, 0x0F,
    0xF0, 0x1F, 0xFC, 0x3F, 0xFE, 0x7F, 0xFE, 0x7C, 0x3E, 0x00, 0x3E, 0x03, 0xFE, 0x1F, 0xFE, 0x3F,
    0xFE, 0x7F, 0xBE, 0x7C, 0x3E, 0x78, 0x3E, 0x7C, 0x7E, 0x7F, 0xFE, 0x7F, 0xFE, 0x3F, 0xDE, 0x07,
    0x3E, 0x00, 0x78, 0x00, 0x78, 0x00, 0x7E, 0x00, 0x7F, 0x00, 0x3F, 0x00, 0x00, 0x00, 0x1C, 0x00,
    0x03, 0xE0, 0x00, 0x7C, 0x00, 0x07, 0x80, 0x00, 0x78, 0x00, 0x07, 0x00, 0x00, 0x00, 0x00, 0x1F,
    0x80, 0x07, 0xFF, 0x01, 0xFF, 0xF8, 0x3F, 0xFF, 0xC3, 0xFF, 0xFC, 0x7E, 0x07, 0xE7, 0xC0, 0x3E,
    0xFC, 0x03, 0xFF, 0x80, 0x00, 0xF8, 0x00, 0x0F, 0x80, 0x00, 0xF8, 0x00, 0x0F, 0x80, 0x00, 0xF8,
    0x00, 0x0F, 0x80, 0x1E, 0xFC, 0x03, 0xF7, 0xE0, 0x3E, 0x7F, 0x07, 0xE3, 0xFF, 0xFC, 0x1F, 0xFF,
    0xC0, 0xFF, 0xF8, 0x07, 0xFE, 0x00, 0x0F, 0x00, 0x00, 0x70, 0x01, 0xE0, 0x07, 0xC0, 0x0F, 0x00,
    0x3C, 0x00, 0x70, 0x00, 0x00, 0x07, 0xF8, 0x1F, 0xF8, 0x7F, 0xF9, 0xFF, 0xFF, 0xE1, 0xFF, 0x83,
    0xFF, 0x00, 0x3E, 0x00, 0x7C, 0x00, 0xF8, 0x01, 0xF0, 0x7F, 0xF0, 0xFB, 0xF7, 0xF7, 0xFF, 0xC7,
    0xFF, 0x07, 0xFC, 0x01, 0xE0, 0x00, 0x70, 0x00, 0x1F, 0x80, 0x03, 0xFC, 0x00, 0x7F, 0xE0, 0x07,
    0x9F, 0x00, 0x70, 0xF0, 0x00, 0x00, 0x00, 0x1F, 0x80, 0x07, 0xFF, 0x01, 0xFF, 0xF8, 0x3F, 0xFF,
    0xC3, 0xFF, 0xFC, 0x7E, 0x07, 0xE7, 0xC0, 0x3E, 0xFC, 0x03, 0xFF, 0x80, 0x00, 0xF8, 0x00, 0x0F,
    0x80, 0x00, 0xF8, 0x00, 0x0F, 0x80, 0x00, 0xF8, 0x00, 0x0F, 0x80, 0x1E, 0xFC, 0x03, 0xF7, 0xE0,
    0x3E, 0x7F, 0x07, 0xE3, 0xFF, 0xFC, 0x1F, 0xFF, 0xC0, 0xFF, 0xF8, 0x07, 0xFE, 0x00, 0x0F, 0x00,
    0x03, 0x80, 0x0F, 0xC0, 0x3F, 0xC0, 0xFF, 0x83, 0xE7, 0x87, 0x87, 0x00, 0x00, 0x07, 0xF8, 0x1F,
    0xF8, 0x7F, 0xF9, 0xFF, 0xFF, 0xE1, 0xFF, 0x83, 0xFF, 0x00, 0x3E, 0x00, 0x7C, 0x00, 0xF8, 0x01,
    0xF0, 0x7F, 0xF0, 0xFB, 0xF7, 0xF7, 0xFF, 0xC7, 0xFF, 0x07, 0xFC, 0x01, 0xE0, 0x00, 0x20, 0x00,
    0x0F, 0x00, 0x01, 0xF8, 0x00, 0x1F, 0x80, 0x00, 0xF0, 0x00, 0x06, 0x00, 0x00, 0x00, 0x00, 0x1F,
    0x80, 0x07, 0xFF, 0x01, 0xFF, 0xF8, 0x3F, 0xFF, 0xC3, 0xFF, 0xFC, 0x7E, 0x07, 0xE7, 0xC0, 0x3E,
    0xFC, 0x03, 0xFF, 0x80, 0x00, 0xF8, 0x00, 0x0F, 0x80, 0x00, 0xF8, 0x00, 0x0F, 0x80, 0x00, 0xF8,
    0x00, 0x0F, 0x80, 0x1E, 0xFC, 0x03, 0xF7, 0xE0, 0x3E, 0x7F, 0x07, 0xE3, 0xFF, 0xFC, 0x1F, 0xFF,
    0xC0, 0xFF, 0xF8, 0x07, 0xFE, 0x00, 0x0F, 0x00, 0x01, 0x00, 0x07, 0x80, 0x1F, 0x00, 0x3E, 0x00,
    0x3C, 0x00, 0x20, 0x00, 0x00, 0x07, 0xF8, 0x1F, 0xF8, 0x7F, 0xF9, 0xFF, 0xFF, 0xE1, 0xFF, 0x83,
    0xFF, 0x00, 0x3E, 0x00, 0x7C, 0x00, 0xF8, 0x01, 0xF0, 0x7F, 0xF0, 0xFB, 0xF7, 0xF7, 0xFF, 0xC7,
    0xFF, 0x07, 0xFC, 0x01, 0xE0, 0x07, 0x0E, 0x00, 0x79, 0xF0, 0x07, 0xFE, 0x00, 0x3F, 0xC0, 0x01,
    0xF8, 0x00, 0x07, 0x00, 0x00, 0x00, 0x00, 0x1F, 0x80, 0x07, 0xFF, 0x01, 0xFF, 0xF8, 0x3F, 0xFF,
    0xC3, 0xFF, 0xFC, 0x7E, 0x07, 0xE7, 0xC0, 0x3E, 0xFC, 0x03, 0xFF, 0x80, 0x00, 0xF8, 0x00, 0x0F,
    0x80, 0x00, 0xF8, 0x00, 0x0F, 0x80, 0x00, 0xF8, 0x00, 0x0F, 0x80, 0x1E, 0xFC, 0x03, 0xF7, 0xE0,
    0x3E, 0x7F, 0x07, 0xE3, 0xFF, 0xFC, 0x1F, 0xFF, 0xC0, 0xFF, 0xF8, 0x07, 0xFE, 0x00, 0x0F, 0x00,
    0x3C, 0x38, 0x7C, 0xF0, 0x7F, 0xC0, 0x7F, 0x80, 0x7E, 0x00, 0x70, 0x00, 0x00, 0x07, 0xF8, 0x1F,
    0xF8, 0x7F, 0xF9, 0xFF, 0xFF, 0xE1, 0xFF, 0x83, 0xFF, 0x00, 0x3E, 0x00, 0x7C, 0x00, 0xF8, 0x01,
    0xF0, 0x7F, 0xF0, 0xFB, 0xF7, 0xF7, 0xFF, 0xC7, 0xFF, 0x07, 0xFC, 0x01, 0xE0, 0x38, 0x38, 0x07,
    0xCF, 0x00, 0x7B, 0xC0, 0x07, 0xF0, 0x00, 0x7C, 0x00, 0x07, 0x00, 0x00, 0x00, 0x03, 0xFE, 0x00,
    0xFF, 0xFC, 0x1F, 0xFF, 0xC3, 0xFF, 0xFC, 0x7F, 0xFF, 0xCF, 0xC1, 0xFD, 0xF8, 0x0F, 0xBF, 0x01,
    0xFF, 0xE0, 0x1F, 0xFC, 0x03, 0xFF, 0x80, 0x7F, 0xF0, 0x0F, 0xFE, 0x01, 0xFF, 0xC0, 0x3F, 0xF8,
    0x07, 0xFF, 0x01, 0xF7, 0xE0, 0x7E, 0xFC, 0x1F, 0xDF, 0xFF, 0xF3, 0xFF, 0xFC, 0x7F, 0xFF, 0x0F,
    0xFF, 0x80, 0x00, 0x00, 0x78, 0x00, 0xF3, 0xC0, 0x07, 0xDE, 0x00, 0x3E, 0xE0, 0x01, 0xF7, 0x00,
    0x0F, 0xB8, 0x00, 0x7C, 0x83, 0xF3, 0xE0, 0x3F, 0xFF, 0x03, 0xFF, 0xF8, 0x1F, 0xFF, 0xC1, 0xF8,
    0x7E, 0x0F, 0x83, 0xF0, 0x7C, 0x0F, 0x83, 0xE0, 0x7C, 0x1F, 0x03, 0xE0, 0xF8, 0x1F, 0x07, 0xC0,
    0xF8, 0x3F, 0x0F, 0xC0, 0xFF, 0xFE, 0x07, 0xFF, 0xF0, 0x1F, 0xFF, 0x80, 0x7F, 0x7C, 0x00, 0xE0,
    0x00, 0x1F, 0xF0, 0x00, 0xFF, 0xF8, 0x07, 0xFF, 0xE0, 0x3F, 0xFF, 0x81, 0xFF, 0xFE, 0x0F, 0x83,
    0xF8, 0x7C, 0x07, 0xC3, 0xE0, 0x3F, 0x1F, 0x00, 0xF8, 0xF8, 0x07, 0xFF, 0xFC, 0x3F, 0xFF, 0xE1,
    0xFF, 0xFF, 0x0F, 0x8F, 0x80, 0x7C, 0x7C, 0x03, 0xE3, 0xE0, 0x3F, 0x1F, 0x01, 0xF0, 0xF8, 0x3F,
    0x87, 0xFF, 0xF8, 0x3F, 0xFF, 0x81, 0xFF, 0xF8, 0x0F, 0xFF, 0x00, 0x00, 0x1E, 0x00, 0x07, 0xC0,
    0x1F, 0xFC, 0x07, 0xFF, 0x01, 0xFF, 0xC0, 0x07, 0xC1, 0xF9, 0xF0, 0xFF, 0xFC, 0x7F, 0xFF, 0x1F,
    0xFF, 0xCF, 0xC3, 0xF3, 0xE0, 0xFC, 0xF8, 0x1F, 0x3E, 0x07, 0xCF, 0x81, 0xF3, 0xE0, 0x7C, 0xF8,
    0x1F, 0x3F, 0x0F, 0xC7, 0xFF, 0xF1, 0xFF, 0xFC, 0x3F, 0xFF, 0x07, 0xF7, 0xC0, 0x70, 0x00, 0x0F,
    0xF0, 0x0F, 0xF8, 0x0F, 0xF8, 0x0F, 0xF0, 0x00, 0x00, 0x00, 0x00, 0x7F, 0xFE, 0xFF, 0xFF, 0xFF,
    0xFF, 0xFF, 0xFF, 0xFF, 0xFE, 0xFC, 0x00, 0xFC, 0x00, 0xFC, 0x00, 0xFC, 0x00, 0xFF, 0xFE, 0xFF,
    0xFE, 0xFF, 0xFE, 0xFF, 0xFE, 0xFC, 0x00, 0xFC, 0x00, 0xFC, 0x00, 0xFC, 0x00, 0xFC, 0x00, 0xFF,
    0xFF, 0xFF, 0xFF, 0xFF, 0xFF, 0xFF, 0xFF, 0x1F, 0xF0, 0x1F, 0xF0, 0x1F, 0xF0, 0x1F, 0xF0, 0x00,
    0x00, 0x00, 0x00, 0x0F, 0xE0, 0x1F, 0xF8, 0x3F, 0xFC, 0x7F, 0xFC, 0xFC, 0x3E, 0xF8, 0x3E, 0xFF,
    0xFE, 0xFF, 0xFE, 0xFF, 0xFF, 0xFF, 0xFE, 0xF8, 0x00, 0xF8, 0x1E, 0x7E, 0x7E, 0x7F, 0xFE, 0x3F,
    0xFC, 0x1F, 0xF0, 0x03, 0xC0, 0x00, 0x00, 0x1C, 0x38, 0x1E, 0x78, 0x0F, 0xF8, 0x07, 0xF0, 0x01,
    0xC0, 0x00, 0x00, 0x7F, 0xFE, 0xFF, 0xFF, 0xFF, 0xFF, 0xFF, 0xFF, 0xFF, 0xFE, 0xFC, 0x00, 0xFC,
    0x00, 0xFC, 0x00, 0xFC, 0x00, 0xFF, 0xFE, 0xFF, 0xFE, 0xFF, 0xFE, 0xFF, 0xFE, 0xFC, 0x00, 0xFC,
    0x00, 0xFC, 0x00, 0xFC, 0x00, 0xFC, 0x00, 0xFF, 0xFF, 0xFF, 0xFF, 0xFF, 0xFF, 0xFF, 0xFF, 0x00,
    0x00, 0x3C, 0x38, 0x1E, 0xF8, 0x1F, 0xF0, 0x0F, 0xE0, 0x03, 0x80, 0x00, 0x00, 0x0F, 0xE0, 0x1F,
    0xF8, 0x3F, 0xFC, 0x7F, 0xFC, 0xFC, 0x3E, 0xF8, 0x3E, 0xFF, 0xFE, 0xFF, 0xFE, 0xFF, 0xFF, 0xFF,
    0xFE, 0xF8, 0x00, 0xF8, 0x1E, 0x7E, 0x7E, 0x7F, 0xFE, 0x3F, 0xFC, 0x1F, 0xF0, 0x03, 0xC0, 0x00,
    0x00, 0x03, 0xC0, 0x07, 0xE0, 0x07, 0xE0, 0x03, 0xC0, 0x01, 0x80, 0x00, 0x00, 0x7F, 0xFE, 0xFF,
    0xFF, 0xFF, 0xFF, 0xFF, 0xFF, 0xFF, 0xFE, 0xFC, 0x00, 0xFC, 0x00, 0xFC, 0x00, 0xFC, 0x00, 0xFF,
    0xFE, 0xFF, 0xFE, 0xFF, 0xFE, 0xFF, 0xFE, 0xFC, 0x00, 0xFC, 0x00, 0xFC, 0x00, 0xFC, 0x00, 0xFC,
    0x00, 0xFF, 0xFF, 0xFF, 0xFF, 0xFF, 0xFF, 0xFF, 0xFF, 0x01, 0x00, 0x07, 0xC0, 0x07, 0xC0, 0x07,
    0xC0, 0x07, 0xC0, 0x01, 0x00, 0x00, 0x00, 0x0F, 0xE0, 0x1F, 0xF8, 0x3F, 0xFC, 0x7F, 0xFC, 0xFC,
    0x3E, 0xF8, 0x3E, 0xFF, 0xFE, 0xFF, 0xFE, 0xFF, 0xFF, 0xFF, 0xFE, 0xF8, 0x00, 0xF8, 0x1E, 0x7E,
    0x7E, 0x7F, 0xFE, 0x3F, 0xFC, 0x1F, 0xF0, 0x03, 0xC0, 0x7F, 0xFE, 0xFF, 0xFF, 0xFF, 0xFF, 0xFF,
    0xFF, 0xFF, 0xFE, 0xFC, 0x00, 0xFC, 0x00, 0xFC, 0x00, 0xFC, 0x00, 0xFF, 0xFE, 0xFF, 0xFE, 0xFF,
    0xFE, 0xFF, 0xFE, 0xFC, 0x00, 0xFC, 0x00, 0xFC, 0x00, 0xFC, 0x00, 0xFC, 0x00, 0xFF, 0xFF, 0xFF,
    0xFF, 0xFF, 0xFF, 0xFF, 0xFF, 0x00, 0x3E, 0x00, 0x7C, 0x00, 0x78, 0x00, 0x7F, 0x00, 0x7F, 0x00,
    0x3F, 0x00, 0x00, 0x0F, 0xE0, 0x1F, 0xF8, 0x3F, 0xFC, 0x7F, 0xFC, 0xFC, 0x3E, 0xF8, 0x3E, 0xFF,
    0xFE, 0xFF, 0xFE, 0xFF, 0xFF, 0xFF, 0xFE, 0xF8, 0x00, 0xF8, 0x1E, 0x7E, 0x7E, 0x7F, 0xFE, 0x3F,
    0xFC, 0x1F, 0xFC, 0x03, 0xF8, 0x00, 0xF0, 0x00, 0xF0, 0x00, 0xFC, 0x00, 0xFE, 0x00, 0x7E, 0x00,
    0x00, 0x1C, 0x38, 0x3E, 0x7C, 0x1F, 0xF8, 0x0F, 0xF0, 0x07, 0xE0, 0x01, 0xC0, 0x00, 0x00, 0x7F,
    0xFE, 0xFF, 0xFF, 0xFF, 0xFF, 0xFF, 0xFF, 0xFF, 0xFE, 0xFC, 0x00, 0xFC, 0x00, 0xFC, 0x00, 0xFC,
    0x00, 0xFF, 0xFE, 0xFF, 0xFE, 0xFF, 0xFE, 0xFF, 0xFE, 0xFC, 0x00, 0xFC, 0x00, 0xFC, 0x00, 0xFC,
    0x00, 0xFC, 0x00, 0xFF, 0xFF, 0xFF, 0xFF, 0xFF, 0xFF, 0xFF, 0xFF, 0x38, 0x38, 0x3E, 0x78, 0x1E,
    0xF0, 0x0F, 0xE0, 0x07, 0xC0, 0x03, 0x80, 0x00, 0x00, 0x0F, 0xE0, 0x1F, 0xF8, 0x3F, 0xFC, 0x7F,
    0xFC, 0xFC, 0x3E, 0xF8, 0x3E, 0xFF, 0xFE, 0xFF, 0xFE, 0xFF, 0xFF, 0xFF, 0xFE, 0xF8, 0x00, 0xF8,
    0x1E, 0x7E, 0x7E, 0x7F, 0xFE, 0x3F, 0xFC, 0x1F, 0xF0, 0x03, 0xC0, 0x00, 0x60, 0x00, 0x1F, 0x80,
    0x03, 0xFC, 0x00, 0x7F, 0xE0, 0x0F, 0x9F, 0x00, 0x70, 0xE0, 0x00, 0x00, 0x00, 0x1F, 0x80, 0x07,
    0xFE, 0x01, 0xFF, 0xF8, 0x3F, 0xFF, 0xC3, 0xFF, 0xFE, 0x7E, 0x07, 0xE7, 0xC0, 0x3E, 0xFC, 0x03,
    0xFF, 0x80, 0x00, 0xF8, 0x00, 0x0F, 0x81, 0xFF, 0xF8, 0x3F, 0xFF, 0x83, 0xFF, 0xF8, 0x3F, 0xFF,
    0x80, 0x1F, 0xFC, 0x01, 0xF7, 0xE0, 0x3E, 0x7F, 0x07, 0xE3, 0xFF, 0xFC, 0x1F, 0xFF, 0xC0, 0xFF,
    0xF8, 0x07, 0xFE, 0x00, 0x0F, 0x00, 0x03, 0x80, 0x07, 0xE0, 0x0F, 0xF0, 0x1F, 0xF0, 0x3E, 0x78,
    0x3C, 0x38, 0x00, 0x00, 0x1F, 0xDF, 0x3F, 0xFF, 0x7F, 0xFF, 0x7F, 0xFF, 0xFC, 0x3F, 0xF8, 0x3F,
    0xF8, 0x1F, 0xF8, 0x1F, 0xF8, 0x1F, 0xF8, 0x1F, 0xF8, 0x3F, 0xFC, 0x3F, 0x7F, 0xFF, 0x7F, 0xFF,
    0x3F, 0xFF, 0x0F, 0x9F, 0x00, 0x1F, 0x38, 0x1F, 0xFC, 0x7E, 0x7F, 0xFE, 0x3F, 0xFC, 0x1F, 0xF8,
    0x03, 0xC0, 0x00, 0x00, 0x00, 0x70, 0xE0, 0x07, 0x9E, 0x00, 0x3F, 0xE0, 0x01, 0xFC, 0x00, 0x07,
    0x00, 0x00, 0x00, 0x00, 0x1F, 0x80, 0x07, 0xFE, 0x01, 0xFF, 0xF8, 0x3F, 0xFF, 0xC3, 0xFF, 0xFE,
    0x7E, 0x07, 0xE7, 0xC0, 0x3E, 0xFC, 0x03, 0xFF, 0x80, 0x00, 0xF8, 0x00, 0x0F, 0x81, 0xFF, 0xF8,
    0x3F, 0xFF, 0x83, 0xFF, 0xF8, 0x3F, 0xFF, 0x80, 0x1F, 0xFC, 0x01, 0xF7, 0xE0, 0x3E, 0x7F, 0x07,
    0xE3, 0xFF, 0xFC, 0x1F, 0xFF, 0xC0, 0xFF, 0xF8, 0x07, 0xFE, 0x00, 0x0F, 0x00, 0x00, 0x00, 0x1C,
    0x38, 0x1E, 0x78, 0x1F, 0xF0, 0x0F, 0xE0, 0x03, 0x80, 0x00, 0x00, 0x1F, 0xDF, 0x3F, 0xFF, 0x7F,
    0xFF, 0x7F, 0xFF, 0xFC, 0x3F, 0xF8, 0x3F, 0xF8, 0x1F, 0xF8, 0x1F, 0xF8, 0x1F, 0xF8, 0x1F, 0xF8,
    0x3F, 0xFC, 0x3F, 0x7F, 0xFF, 0x7F, 0xFF, 0x3F, 0xFF, 0x0F, 0x9F, 0x00, 0x1F, 0x38, 0x1F, 0xFC,
    0x7E, 0x7F, 0xFE, 0x3F, 0xFC, 0x1F, 0xF8, 0x03, 0xC0, 0x00, 0x00, 0x00, 0x0F, 0x00, 0x01, 0xF8,
    0x00, 0x1F, 0x80, 0x00, 0xF0, 0x00, 0x06, 0x00, 0x00, 0x00, 0x00, 0x1F, 0x80, 0x07, 0xFE, 0x01,
    0xFF, 0xF8, 0x3F, 0xFF, 0xC3, 0xFF, 0xFE, 0x7E, 0x07, 0xE7, 0xC0, 0x3E, 0xFC, 0x03, 0xFF, 0x80,
    0x00, 0xF8, 0x00, 0x0F, 0x81, 0xFF, 0xF8, 0x3F, 0xFF, 0x83, 0xFF, 0xF8, 0x3F, 0xFF, 0x80, 0x1F,
    0xFC, 0x01, 0xF7, 0xE0, 0x3E, 0x7F, 0x07, 0xE3, 0xFF, 0xFC, 0x1F, 0xFF, 0xC0, 0xFF, 0xF8, 0x07,
    0xFE, 0x00, 0x0F, 0x00, 0x01, 0x00, 0x03, 0xC0, 0x07, 0xC0, 0x07, 0xE0, 0x03, 0xC0, 0x01, 0x80,
    0x00, 0x00, 0x1F, 0xDF, 0x3F, 0xFF, 0x7F, 0xFF, 0x7F, 0xFF, 0xFC, 0x3F, 0xF8, 0x3F, 0xF8, 0x1F,
    0xF8, 0x1F, 0xF8, 0x1F, 0xF8, 0x1F, 0xF8, 0x3F, 0xFC, 0x3F, 0x7F, 0xFF, 0x7F, 0xFF, 0x3F, 0xFF,
    0x0F, 0x9F, 0x00, 0x1F, 0x38, 0x1F, 0xFC, 0x7E, 0x7F, 0xFE, 0x3F, 0xFC, 0x1F, 0xF8, 0x03, 0xC0,
    0x01, 0xF8, 0x00, 0x7F, 0xE0, 0x1F, 0xFF, 0x83, 0xFF, 0xFC, 0x3F, 0xFF, 0xE7, 0xE0, 0x7E, 0x7C,
    0x03, 0xEF, 0xC0, 0x3F, 0xF8, 0x00, 0x0F, 0x80, 0x00, 0xF8, 0x1F, 0xFF, 0x83, 0xFF, 0xF8, 0x3F,
    0xFF, 0x83, 0xFF, 0xF8, 0x01, 0xFF, 0xC0, 0x1F, 0x7E, 0x03, 0xE7, 0xF0, 0x7E, 0x3F, 0xFF, 0xC1,
    0xFF, 0xFC, 0x0F, 0xFF, 0x80, 0x7F, 0xE0, 0x00, 0xF0, 0x00, 0x0F, 0x00, 0x01, 0xF0, 0x00, 0x1F,
    0x00, 0x01, 0xE0, 0x00, 0x1E, 0x00, 0x01, 0xC0, 0x00, 0x01, 0xC0, 0x01, 0xE0, 0x03, 0xC0, 0x03,
    0xC0, 0x03, 0xC0, 0x03, 0xC0, 0x03, 0xC0, 0x00, 0x00, 0x1F, 0xDF, 0x3F, 0xFF, 0x7F, 0xFF, 0x7F,
    0xFF, 0xFC, 0x3F, 0xF8, 0x3F, 0xF8, 0x1F, 0xF8, 0x1F, 0xF8, 0x1F, 0xF8, 0x1F, 0xF8, 0x3F, 0xFC,
    0x3F, 0x7F, 0xFF, 0x7F, 0xFF, 0x3F, 0xFF, 0x0F, 0x9F, 0x00, 0x1F, 0x38, 0x1F, 0xFC, 0x7E, 0x7F,
    0xFE, 0x3F, 0xFC, 0x1F, 0xF8, 0x03, 0xC0, 0x00, 0xE0, 0x00, 0x3F, 0x00, 0x0F, 0xE0, 0x03, 0xFE,
    0x00, 0xF9, 0xE0, 0x1E, 0x1C, 0x00, 0x00, 0x03, 0xC0, 0x1F, 0xFC, 0x03, 0xFF, 0x80, 0x7F, 0xF0,
    0x0F, 0xFE, 0x01, 0xFF, 0xC0, 0x3F, 0xF8, 0x07, 0xFF, 0x00, 0xFF, 0xE0, 0x1F, 0xFF, 0xFF, 0xFF,
    0xFF, 0xFF, 0xFF, 0xFF, 0xFF, 0xFF, 0xFF, 0xC0, 0x3F, 0xF8, 0x07, 0xFF, 0x00, 0xFF, 0xE0, 0x1F,
    0xFC, 0x03, 0xFF, 0x80, 0x7F, 0xF0, 0x0F, 0xFE, 0x01, 0xFF, 0xC0, 0x3E, 0x0E, 0x00, 0x03, 0xF0,
    0x00, 0xFF, 0x00, 0x3F, 0xE0, 0x0F, 0x9E, 0x01, 0xE1, 0xC0, 0x00, 0x00, 0x00, 0x78, 0x00, 0x1F,
    0x00, 0x03, 0xE0, 0x00, 0x7C, 0x00, 0x0F, 0x80, 0x01, 0xF0, 0x00, 0x3E, 0x7E, 0x07, 0xDF, 0xE0,
    0xFF, 0xFE, 0x1F, 0xFF, 0xC3, 0xF0, 0xF8, 0x7E, 0x1F, 0x8F, 0x81, 0xF1, 0xF0, 0x3E, 0x3E, 0x07,
    0xC7, 0xC0, 0xF8, 0xF8, 0x1F, 0x1F, 0x03, 0xE3, 0xE0, 0x7C, 0x7C, 0x0F, 0x8F, 0x81, 0xF1, 0xF0,
    0x3E, 0x1E, 0x00, 0xF8, 0x7C, 0x01, 0xF0, 0xF8, 0x03, 0xE1, 0xF0, 0x07, 0xC7, 0xFF, 0xFF, 0xEF,
    0xFF, 0xFF, 0xDF, 0xFF, 0xFF, 0x9F, 0x00, 0x7C, 0x3E, 0x00, 0xF8, 0x7F, 0xFF, 0xF0, 0xFF, 0xFF,
    0xE1, 0xFF, 0xFF, 0xC3, 0xFF, 0xFF, 0x87, 0xC0, 0x1F, 0x0F, 0x80, 0x3E, 0x1F, 0x00, 0x7C, 0x3E,
    0x00, 0xF8, 0x7C, 0x01, 0xF0, 0xF8, 0x03, 0xE1, 0xF0, 0x07, 0xC3, 0xE0, 0x0F, 0x87, 0xC0, 0x1F,
    0x00, 0x1E, 0x00, 0x0F, 0x80, 0x0F, 0xFF, 0x03, 0xFF, 0xC0, 0xFF, 0xE0, 0x0F, 0x80, 0x03, 0xE7,
    0xE0, 0xFB, 0xFC, 0x3F, 0xFF, 0x8F, 0xFF, 0xE3, 0xF0, 0xF8, 0xFC, 0x3F, 0x3E, 0x07, 0xCF, 0x81,
    0xF3, 0xE0, 0x7C, 0xF8, 0x1F, 0x3E, 0x07, 0xCF, 0x81, 0xF3, 0xE0, 0x7C, 0xF8, 0x1F, 0x3E, 0x07,
    0xCF, 0x81, 0xF0, 0x79, 0xFF, 0xFF, 0xFF, 0x9E, 0x00, 0x00, 0x01, 0xE0, 0xFC, 0x3F, 0x0F, 0xC3,
    0xF0, 0xFC, 0x3F, 0x0F, 0xC3, 0xF0, 0xFC, 0x3F, 0x0F, 0xC3, 0xF0, 0xFC, 0x3F, 0x0F, 0xC3, 0xF0,
    0xFC, 0x3F, 0x0F, 0xC3, 0xF0, 0xFC, 0x3C, 0xEF, 0xFD, 0xFF, 0xB9, 0xE0, 0x00, 0x00, 0x07, 0xC0,
    0xF8, 0x1F, 0x03, 0xE0, 0x7C, 0x0F, 0x81, 0xF0, 0x3E, 0x07, 0xC0, 0xF8, 0x1F, 0x03, 0xE0, 0x7C,
    0x0F, 0x81, 0xF0, 0x3E, 0x00, 0x7F, 0x9F, 0xF7, 0xFD, 0xFE, 0x00, 0x00, 0x01, 0xE0, 0xFC, 0x3F,
    0x0F, 0xC3, 0xF0, 0xFC, 0x3F, 0x0F, 0xC3, 0xF0, 0xFC, 0x3F, 0x0F, 0xC3, 0xF0, 0xFC, 0x3F, 0x0F,
    0xC3, 0xF0, 0xFC, 0x3F, 0x0F, 0xC3, 0xF0, 0xFC, 0x7F, 0xBF, 0xEF, 0xF9, 0xFE, 0x00, 0x00, 0x03,
    0xE0, 0xF8, 0x3E, 0x0F, 0x83, 0xE0, 0xF8, 0x3E, 0x0F, 0x83, 0xE0, 0xF8, 0x3E, 0x0F, 0x83, 0xE0,
    0xF8, 0x3E, 0x0F, 0x80, 0x00, 0x38, 0x7F, 0x3D, 0xFE, 0x3F, 0x87, 0x80, 0x00, 0x78, 0x3F, 0x0F,
    0xC3, 0xF0, 0xFC, 0x3F, 0x0F, 0xC3, 0xF0, 0xFC, 0x3F, 0x0F, 0xC3, 0xF0, 0xFC, 0x3F, 0x0F, 0xC3,
    0xF0, 0xFC, 0x3F, 0x0F, 0xC3, 0xF0, 0xFC, 0x3F, 0x00, 0x00, 0x0E, 0x1D, 0xE7, 0xBF, 0xE3, 0xF8,
    0x1C, 0x00, 0x00, 0xF8, 0x1F, 0x03, 0xE0, 0x7C, 0x0F, 0x81, 0xF0, 0x3E, 0x07, 0xC0, 0xF8, 0x1F,
    0x03, 0xE0, 0x7C, 0x0F, 0x81, 0xF0, 0x3E, 0x07, 0xC0, 0x3C, 0xFD, 0xFB, 0xF7, 0xEF, 0xDF, 0xBF,
    0x7E, 0xFD, 0xFB, 0xF7, 0xEF, 0xDF, 0xBF, 0x7E, 0xFD, 0xFB, 0xF7, 0xEF, 0xDF, 0x7C, 0xF1, 0xFF,
    0xFB, 0xF0, 0x00, 0x08, 0x1E, 0x3F, 0x3F, 0x1E, 0x0C, 0x00, 0x3E, 0x3E, 0x3E, 0x3E, 0x3E, 0x3E,
    0x3E, 0x3E, 0x3E, 0x3E, 0x3E, 0x3E, 0x3E, 0x3E, 0x3E, 0x3E, 0x3E, 0x78, 0x78, 0x7E, 0x7F, 0x3F,
    0x00, 0x01, 0xEF, 0xFF, 0x78, 0xC0, 0x1E, 0xFF, 0xFF, 0xFF, 0xFF, 0xFF, 0xFF, 0xFF, 0xFF, 0xFF,
    0xFF, 0xFF, 0xFF, 0xFF, 0xFF, 0xFF, 0xFC, 0xFF, 0xFF, 0xFF, 0xFF, 0xFF, 0xFF, 0xFF, 0xFF, 0xFF,
    0xFF, 0x78, 0x00, 0x3D, 0xF8, 0x00, 0xFB, 0xF0, 0x01, 0xF7, 0xE0, 0x03, 0xEF, 0xC0, 0x07, 0xDF,
    0x80, 0x0F, 0xBF, 0x00, 0x1F, 0x7E, 0x00, 0x3E, 0xFC, 0x00, 0x7D, 0xF8, 0x00, 0xFB, 0xF0, 0x01,
    0xF7, 0xE0, 0x03, 0xEF, 0xC0, 0x07, 0xDF, 0x80, 0x0F, 0xBF, 0x3E, 0x1F, 0x7E, 0x7C, 0x3E, 0xFC,
    0xF8, 0x7D, 0xF9, 0xF0, 0xFB, 0xF3, 0xFF, 0xF7, 0xE3, 0xFF, 0xEF, 0xC7, 0xFF, 0x9F, 0x83, 0xFE,
    0x00, 0x01, 0xE0, 0x00, 0x20, 0x23, 0xC7, 0xFF, 0x3F, 0xF9, 0xF7, 0x8F, 0x98, 0x10, 0x00, 0x1F,
    0x1F, 0xF8, 0xFF, 0xC7, 0xFE, 0x3F, 0xF1, 0xFF, 0x8F, 0xFC, 0x7F, 0xE3, 0xFF, 0x1F, 0xF8, 0xFF,
    0xC7, 0xFE, 0x3F, 0xF1, 0xFF, 0x8F, 0xFC, 0x7F, 0xE3, 0xE0, 0x1F, 0x00, 0xF8, 0x1F, 0xC0, 0xFE,
    0x07, 0xE0, 0x3E, 0x00, 0x00, 0x1C, 0x00, 0x07, 0xE0, 0x01, 0xFE, 0x00, 0x7F, 0xE0, 0x1F, 0x3C,
    0x03, 0xC3, 0x80, 0x00, 0x00, 0x00, 0xF0, 0x00, 0x3E, 0x00, 0x07, 0xC0, 0x00, 0xF8, 0x00, 0x1F,
    0x00, 0x03, 0xE0, 0x00, 0x7C, 0x00, 0x0F, 0x80, 0x01, 0xF0, 0x00, 0x3E, 0x00, 0x07, 0xC0, 0x00,
    0xF8, 0x00, 0x1F, 0x00, 0x03, 0xE0, 0xF8, 0x7C, 0x1F, 0x0F, 0x83, 0xE1, 0xF0, 0x7C, 0x3E, 0x0F,
    0xFF, 0xC0, 0xFF, 0xF0, 0x1F, 0xFE, 0x00, 0xFF, 0x80, 0x07, 0x80, 0x00, 0x0E, 0x01, 0xF8, 0x3F,
    0xC7, 0xFE, 0xF9, 0xEF, 0x0E, 0x00, 0x01, 0xF0, 0x1F, 0x01, 0xF0, 0x1F, 0x01, 0xF0, 0x1F, 0x01,
    0xF0, 0x1F, 0x01, 0xF0, 0x1F, 0x01, 0xF0, 0x1F, 0x01, 0xF0, 0x1F, 0x01, 0xF0, 0x1F, 0x01, 0xF0,
    0x1F, 0x07, 0xF0, 0x7F, 0x07, 0xE0, 0x7C, 0x00, 0x78, 0x03, 0xEF, 0xC0, 0x7E, 0xFC, 0x0F, 0xCF,
    0xC1, 0xF8, 0xFC, 0x3F, 0x0F, 0xC7, 0xE0, 0xFC, 0xFC, 0x0F, 0xDF, 0xC0, 0xFD, 0xF8, 0x0F, 0xFF,
    0x00, 0xFF, 0xF0, 0x0F, 0xFF, 0x00, 0xFF, 0xF8, 0x0F, 0xFF, 0xC0, 0xFE, 0x7E, 0x0F, 0xC7, 0xE0,
    0xFC, 0x3F, 0x0F, 0xC1, 0xF8, 0xFC, 0x1F, 0x8F, 0xC0, 0xFC, 0xFC, 0x07, 0xEF, 0xC0, 0x7E, 0x00,
    0x00, 0x00, 0x1E, 0x00, 0x01, 0xE0, 0x00, 0x1E, 0x00, 0x03, 0xC0, 0x00, 0x3C, 0x00, 0x03, 0xC0,
    0x00, 0x78, 0x00, 0xF8, 0x00, 0xF8, 0x00, 0xF8, 0x00, 0xF8, 0x00, 0xF8, 0x00, 0xF8, 0x3E, 0xF8,
    0x7E, 0xF8, 0xFC, 0xF9, 0xF8, 0xFB, 0xF0, 0xFF, 0xE0, 0xFF, 0xC0, 0xFF, 0xC0, 0xFF, 0xE0, 0xFF,
    0xF0, 0xFF, 0xF0, 0xF9, 0xF8, 0xF8, 0xFC, 0xF8, 0xFC, 0xF8, 0x7E, 0xF8, 0x3F, 0x00, 0x00, 0x07,
    0xC0, 0x07, 0xC0, 0x07, 0x80, 0x07, 0x80, 0x0F, 0x00, 0x0F, 0x00, 0xF8, 0x3F, 0xF8, 0x7E, 0xF8,
    0x7E, 0xF8, 0xFC, 0xF9, 0xF8, 0xF9, 0xF0, 0xFF, 0xF0, 0xFF, 0xE0, 0xFF, 0xE0, 0xFF, 0xE0, 0xFB,
    0xF0, 0xF9, 0xF8, 0xF8, 0xFC, 0xF8, 0xFC, 0xF8, 0x7E, 0xF8, 0x3F, 0x0E, 0x00, 0x3C, 0x00, 0xF8,
    0x01, 0xE0, 0x07, 0x80, 0x0F, 0x00, 0x00, 0x00, 0x3C, 0x00, 0xFC, 0x01, 0xF8, 0x03, 0xF0, 0x07,
    0xE0, 0x0F, 0xC0, 0x1F, 0x80, 0x3F, 0x00, 0x7E, 0x00, 0xFC, 0x01, 0xF8, 0x03, 0xF0, 0x07, 0xE0,
    0x0F, 0xC0, 0x1F, 0x80, 0x3F, 0x00, 0x7E, 0x00, 0xFC, 0x01, 0xFF, 0xFF, 0xFF, 0xFF, 0xFF, 0xFF,
    0xFF, 0xE0, 0x0E, 0x1E, 0x3E, 0x3C, 0x78, 0x70, 0x00, 0x78, 0xF8, 0xF8, 0xF8, 0xF8, 0xF8, 0xF8,
    0xF8, 0xF8, 0xF8, 0xF8, 0xF8, 0xF8, 0xF8, 0xF8, 0xF8, 0xF8, 0xF8, 0xF8, 0xF8, 0xF8, 0xF8, 0x78,
    0x01, 0xF8, 0x03, 0xF0, 0x07, 0xE0, 0x0F, 0xC0, 0x1F, 0x80, 0x3F, 0x00, 0x7E, 0x00, 0xFC, 0x01,
    0xF8, 0x03, 0xF0, 0x07, 0xE0, 0x0F, 0xC0, 0x1F, 0x80, 0x3F, 0x00, 0x7E, 0x00, 0xFC, 0x01, 0xF8,
    0x03, 0xFF, 0xFF, 0xFF, 0xFF, 0xFF, 0xFF, 0xFF, 0xC0, 0x00, 0x03, 0xE0, 0x07, 0xC0, 0x0F, 0x00,
    0x1E, 0x00, 0x78, 0x00, 0xF0, 0x00, 0x3D, 0xF7, 0xDF, 0x7D, 0xF7, 0xDF, 0x7D, 0xF7, 0xDF, 0x7D,
    0xF7, 0xDF, 0x7D, 0xF7, 0xDF, 0x7D, 0xF0, 0x0F, 0x7D, 0xE7, 0x9E, 0xF0, 0x00, 0xF0, 0xF1, 0xE3,
    0xF3, 0xC7, 0xE7, 0x8F, 0xCF, 0x1F, 0x9C, 0x3F, 0x18, 0x7E, 0x00, 0xFC, 0x01, 0xF8, 0x03, 0xF0,
    0x07, 0xE0, 0x0F, 0xC0, 0x1F, 0x80, 0x3F, 0x00, 0x7E, 0x00, 0xFC, 0x01, 0xF8, 0x03, 0xF0, 0x07,
    0xFF, 0xFF, 0xFF, 0xFF, 0xFF, 0xFF, 0xFF, 0x80, 0x01, 0xCF, 0x7B, 0xEF, 0x7D, 0xEF, 0xBD, 0xF7,
    0xBE, 0x67, 0xC0, 0xF8, 0x1F, 0x03, 0xE0, 0x7C, 0x0F, 0x81, 0xF0, 0x3E, 0x07, 0xC0, 0xF8, 0x1F,
    0x03, 0xE0, 0x7C, 0x0F, 0x81, 0xF0, 0x3E, 0x00, 0x78, 0x00, 0xF8, 0x01, 0xF0, 0x03, 0xE0, 0x07,
    0xC0, 0x0F, 0x80, 0x1F, 0x10, 0x3E, 0xF8, 0x7D, 0xF0, 0xFB, 0xE1, 0xF7, 0xC3, 0xE2, 0x07, 0xC0,
    0x0F, 0x80, 0x1F, 0x00, 0x3E, 0x00, 0x7C, 0x00, 0xF8, 0x01, 0xFF, 0xFB, 0xFF, 0xF7, 0xFF, 0xEF,
    0xFF, 0xC0, 0x78, 0x0F, 0x80, 0xF8, 0x0F, 0x80, 0xF8, 0x0F, 0x80, 0xF8, 0x0F, 0x80, 0xF8, 0x0F,
    0x8E, 0xF9, 0xFF, 0xBF, 0xFB, 0xFF, 0x9E, 0xF8, 0xCF, 0x80, 0xF8, 0x0F, 0x80, 0xF8, 0x0F, 0x80,
    0xF8, 0x0F, 0x80, 0x1E, 0x00, 0x0F, 0x80, 0x07, 0xC0, 0x03, 0xE0, 0x01, 0xF0, 0x00, 0xF8, 0xC0,
    0x7D, 0xE0, 0x3F, 0xF0, 0x1F, 0xF8, 0x0F, 0xF8, 0x0F, 0xF0, 0x1F, 0xE0, 0x0F, 0xF0, 0x07, 0xF8,
    0x03, 0xFC, 0x01, 0x3E, 0x00, 0x1F, 0x00, 0x0F, 0x80, 0x07, 0xFF, 0xE3, 0xFF, 0xF1, 0xFF, 0xF8,
    0xFF, 0xFC, 0x1E, 0x0F, 0x83, 0xE0, 0xF8, 0x3E, 0x0F, 0x83, 0xE8, 0xFE, 0x3F, 0x8F, 0xE7, 0xF3,
    0xF8, 0xFE, 0x3F, 0x83, 0xE0, 0xF8, 0x3E, 0x0F, 0x83, 0xE0, 0xF8, 0x3E, 0x0F, 0x80, 0x00, 0x1C,
    0x00, 0x03, 0xC0, 0x00, 0x7C, 0x00, 0x07, 0x80, 0x00, 0xF0, 0x00, 0x0F, 0x00, 0x00, 0x00, 0x07,
    0xC0, 0x1E, 0xFE, 0x03, 0xFF, 0xE0, 0x3F, 0xFF, 0x03, 0xFF, 0xF0, 0x3F, 0xFF, 0x83, 0xFF, 0xFC,
    0x3F, 0xFF, 0xC3, 0xFF, 0xFE, 0x3F, 0xFF, 0xF3, 0xFF, 0xDF, 0x3F, 0xFD, 0xFB, 0xFF, 0xCF, 0xBF,
    0xFC, 0x7F, 0xFF, 0xC7, 0xFF, 0xFC, 0x3F, 0xFF, 0xC3, 0xFF, 0xFC, 0x1F, 0xFF, 0xC0, 0xFF, 0xFC,
    0x0F, 0xFF, 0xC0, 0x7F, 0xFC, 0x03, 0xF0, 0x00, 0x70, 0x00, 0xF0, 0x01, 0xF0, 0x01, 0xE0, 0x03,
    0xC0, 0x03, 0xC0, 0x00, 0x00, 0xF9, 0xF8, 0xFB, 0xFC, 0xFF, 0xFE, 0xFF, 0xFE, 0xFC, 0x3E, 0xFC,
    0x3F, 0xF8, 0x1F, 0xF8, 0x1F, 0xF8, 0x1F, 0xF8, 0x1F, 0xF8, 0x1F, 0xF8, 0x1F, 0xF8, 0x1F, 0xF8,
    0x1F, 0xF8, 0x1F, 0xF8, 0x1F, 0x7C, 0x01, 0xEF, 0xE0, 0x3F, 0xFE, 0x03, 0xFF, 0xF0, 0x3F, 0xFF,
    0x03, 0xFF, 0xF8, 0x3F, 0xFF, 0xC3, 0xFF, 0xFC, 0x3F, 0xFF, 0xE3, 0xFF, 0xFF, 0x3F, 0xFD, 0xF3,
    0xFF, 0xDF, 0xBF, 0xFC, 0xFB, 0xFF, 0xC7, 0xFF, 0xFC, 0x7F, 0xFF, 0xC3, 0xFF, 0xFC, 0x3F, 0xFF,
    0xC1, 0xFF, 0xFC, 0x0F, 0xFF, 0xC0, 0xFF, 0xFC, 0x07, 0xFF, 0xC0, 0x3F, 0x00, 0x00, 0x00, 0x0F,
    0x00, 0x01, 0xF0, 0x00, 0x1F, 0x00, 0x01, 0xE0, 0x00, 0x1E, 0x00, 0x01, 0xC0, 0x00, 0xF9, 0xF8,
    0xFB, 0xFC, 0xFF, 0xFE, 0xFF, 0xFE, 0xFC, 0x3E, 0xFC, 0x3F, 0xF8, 0x1F, 0xF8, 0x1F, 0xF8, 0x1F,
    0xF8, 0x1F, 0xF8, 0x1F, 0xF8, 0x1F, 0xF8, 0x1F, 0xF8, 0x1F, 0xF8, 0x1F, 0xF8, 0x1F, 0x00, 0x00,
    0x03, 0xC0, 0x07, 0xC0, 0x07, 0xC0, 0x07, 0x80, 0x07, 0x80, 0x0F, 0x00, 0x07, 0x0E, 0x00, 0xF9,
    0xF0, 0x07, 0xFE, 0x00, 0x3F, 0xC0, 0x01, 0xF8, 0x00, 0x0E, 0x00, 0x00, 0x00, 0x07, 0xC0, 0x1E,
    0xFE, 0x03, 0xFF, 0xE0, 0x3F, 0xFF, 0x03, 0xFF, 0xF0, 0x3F, 0xFF, 0x83, 0xFF, 0xFC, 0x3F, 0xFF,
    0xC3, 0xFF, 0xFE, 0x3F, 0xFF, 0xF3, 0xFF, 0xDF, 0x3F, 0xFD, 0xFB, 0xFF, 0xCF, 0xBF, 0xFC, 0x7F,
    0xFF, 0xC7, 0xFF, 0xFC, 0x3F, 0xFF, 0xC3, 0xFF, 0xFC, 0x1F, 0xFF, 0xC0, 0xFF, 0xFC, 0x0F, 0xFF,
    0xC0, 0x7F, 0xFC, 0x03, 0xF0, 0x1C, 0x38, 0x3E, 0x7C, 0x1F, 0xF8, 0x0F, 0xF0, 0x07, 0xE0, 0x03,
    0x80, 0x00, 0x00, 0xF9, 0xF8, 0xFB, 0xFC, 0xFF, 0xFE, 0xFF, 0xFE, 0xFC, 0x3E, 0xFC, 0x3F, 0xF8,
    0x1F, 0xF8, 0x1F, 0xF8, 0x1F, 0xF8, 0x1F, 0xF8, 0x1F, 0xF8, 0x1F, 0xF8, 0x1F, 0xF8, 0x1F, 0xF8,
    0x1F, 0xF8, 0x1F, 0x7C, 0x01, 0xEF, 0xE0, 0x3F, 0xFE, 0x03, 0xFF, 0xF0, 0x3F, 0xFF, 0x03, 0xFF,
    0xF8, 0x3F, 0xFF, 0xC3, 0xFF, 0xFC, 0x3F, 0xFF, 0xE3, 0xFF, 0xFF, 0x3F, 0xFD, 0xF3, 0xFF, 0xDF,
    0xBF, 0xFC, 0xFB, 0xFF, 0xC7, 0xFF, 0xFC, 0x7F, 0xFF, 0xC3, 0xFF, 0xFC, 0x3F, 0xFF, 0xC1, 0xFF,
    0xFC, 0x0F, 0xFF, 0xC0, 0xFF, 0xFC, 0x07, 0xFF, 0xC0, 0x3F, 0x00, 0x03, 0xF0, 0x00, 0x3F, 0x00,
    0x0F, 0xF0, 0x01, 0xFE, 0x00, 0x1F, 0xE0, 0x01, 0xFC, 0x00, 0x06, 0x00, 0xF9, 0xF8, 0xFB, 0xFC,
    0xFF, 0xFE, 0xFF, 0xFE, 0xFC, 0x3E, 0xFC, 0x3F, 0xF8, 0x1F, 0xF8, 0x1F, 0xF8, 0x1F, 0xF8, 0x1F,
    0xF8, 0x1F, 0xF8, 0x1F, 0xF8, 0x1F, 0xF8, 0x1F, 0xF8, 0x1F, 0xF8, 0x1F, 0x00, 0x1F, 0x00, 0x1F,
    0x00, 0xFE, 0x01, 0xFE, 0x01, 0xFE, 0x00, 0xFC, 0x00, 0x60, 0x03, 0xFC, 0x00, 0x1F, 0xF0, 0x00,
    0xFF, 0x80, 0x07, 0xFC, 0x00, 0x00, 0x00, 0x00, 0x00, 0x00, 0x07, 0xE0, 0x00, 0xFF, 0xC0, 0x1F,
    0xFF, 0x81, 0xFF, 0xFE, 0x0F, 0xFF, 0xF8, 0xFC, 0x0F, 0xC7, 0xC0, 0x3F, 0x7E, 0x00, 0xFB, 0xE0,
    0x07, 0xDF, 0x00, 0x3E, 0xF8, 0x01, 0xF7, 0xC0, 0x0F, 0xBE, 0x00, 0x7D, 0xF0, 0x03, 0xEF, 0x80,
    0x1F, 0x7E, 0x01, 0xF9, 0xF8, 0x0F, 0xCF, 0xE0, 0xFC, 0x3F, 0xFF, 0xC0, 0xFF, 0xFE, 0x03, 0xFF,
    0xE0, 0x0F, 0xFC, 0x00, 0x0F, 0x00, 0x00, 0x0F, 0xF0, 0x1F, 0xF0, 0x1F, 0xF0, 0x0F, 0xF0, 0x00,
    0x00, 0x00, 0x00, 0x0F, 0xF0, 0x1F, 0xF8, 0x3F, 0xFC, 0x7F, 0xFE, 0xFC, 0x3E, 0xF8, 0x3F, 0xF8,
    0x1F, 0xF8, 0x1F, 0xF8, 0x1F, 0xF8, 0x1F, 0xF8, 0x1F, 0xFC, 0x3E, 0x7E, 0xFE, 0x7F, 0xFC, 0x3F,
    0xFC, 0x1F, 0xF0, 0x03, 0xC0, 0x00, 0x00, 0x00, 0x38, 0x70, 0x01, 0xE7, 0x80, 0x07, 0xFC, 0x00,
    0x1F, 0xC0, 0x00, 0x38, 0x00, 0x00, 0x00, 0x00, 0x3F, 0x00, 0x07, 0xFE, 0x00, 0xFF, 0xFC, 0x0F,
    0xFF, 0xF0, 0x7F, 0xFF, 0xC7, 0xE0, 0x7E, 0x3E, 0x01, 0xFB, 0xF0, 0x07, 0xDF, 0x00, 0x3E, 0xF8,
    0x01, 0xF7, 0xC0, 0x0F, 0xBE, 0x00, 0x7D, 0xF0, 0x03, 0xEF, 0x80, 0x1F, 0x7C, 0x00, 0xFB, 0xF0,
    0x0F, 0xCF, 0xC0, 0x7E, 0x7F, 0x07, 0xE1, 0xFF, 0xFE, 0x07, 0xFF, 0xF0, 0x1F, 0xFF, 0x00, 0x7F,
    0xE0, 0x00, 0x78, 0x00, 0x00, 0x00, 0x1C, 0x38, 0x1E, 0x78, 0x1F, 0xF0, 0x0F, 0xE0, 0x03, 0x80,
    0x00, 0x00, 0x0F, 0xF0, 0x1F, 0xF8, 0x3F, 0xFC, 0x7F, 0xFE, 0xFC, 0x3E, 0xF8, 0x3F, 0xF8, 0x1F,
    0xF8, 0x1F, 0xF8, 0x1F, 0xF8, 0x1F, 0xF8, 0x1F, 0xFC, 0x3E, 0x7E, 0xFE, 0x7F, 0xFC, 0x3F, 0xFC,
    0x1F, 0xF0, 0x03, 0xC0, 0x01, 0xC7, 0x00, 0x1F, 0x7C, 0x00, 0xF7, 0xC0, 0x0F, 0xBC, 0x00, 0x7B,
    0xC0, 0x03, 0x9C, 0x00, 0x00, 0x00, 0x00, 0x3F, 0x00, 0x07, 0xFE, 0x00, 0xFF, 0xFC, 0x0F, 0xFF,
    0xF0, 0x7F, 0xFF, 0xC7, 0xE0, 0x7E, 0x3E, 0x01, 0xFB, 0xF0, 0x07, 0xDF, 0x00, 0x3E, 0xF8, 0x01,
    0xF7, 0xC0, 0x0F, 0xBE, 0x00, 0x7D, 0xF0, 0x03, 0xEF, 0x80, 0x1F, 0x7C, 0x00, 0xFB, 0xF0, 0x0F,
    0xCF, 0xC0, 0x7E, 0x7F, 0x07, 0xE1, 0xFF, 0xFE, 0x07, 0xFF, 0xF0, 0x1F, 0xFF, 0x00, 0x7F, 0xE0,
    0x00, 0x78, 0x00, 0x07, 0x3C, 0x0F, 0x7C, 0x1F, 0x78, 0x1E, 0xF8, 0x1E, 0xF0, 0x1C, 0xE0, 0x00,
    0x00, 0x0F, 0xF0, 0x1F, 0xF8, 0x3F, 0xFC, 0x7F, 0xFE, 0xFC, 0x3E, 0xF8, 0x3F, 0xF8, 0x1F, 0xF8,
    0x1F, 0xF8, 0x1F, 0xF8, 0x1F, 0xF8, 0x1F, 0xFC, 0x3E, 0x7E, 0xFE, 0x7F, 0xFC, 0x3F, 0xFC, 0x1F,
    0xF0, 0x03, 0xC0, 0x00, 0x7F, 0xFF, 0xE0, 0x7F, 0xFF, 0xFF, 0x0F, 0xFF, 0xFF, 0xF1, 0xFF, 0xFF,
    0xFF, 0x3F, 0xFF, 0xFF, 0xF7, 0xF0, 0xFC, 0x00, 0x7C, 0x0F, 0xC0, 0x0F, 0xC0, 0xFC, 0x00, 0xF8,
    0x0F, 0xC0, 0x0F, 0x80, 0xFF, 0xFE, 0xF8, 0x0F, 0xFF, 0xEF, 0x80, 0xFF, 0xFE, 0xF8, 0x0F, 0xFF,
    0xEF, 0x80, 0xFC, 0x00, 0xF8, 0x0F, 0xC0, 0x0F, 0xC0, 0xFC, 0x00, 0x7E, 0x0F, 0xC0, 0x07, 0xF0,
    0xFC, 0x00, 0x3F, 0xFF, 0xFF, 0xF1, 0xFF, 0xFF, 0xFF, 0x0F, 0xFF, 0xFF, 0xF0, 0x3F, 0xFF, 0xFF,
    0x0F, 0xF1, 0xFE, 0x03, 0xFF, 0x7F, 0xE0, 0xFF, 0xFF, 0xFE, 0x3F, 0xFF, 0xFF, 0xEF, 0xC3, 0xF8,
    0x7D, 0xF0, 0x7E, 0x07, 0xFE, 0x07, 0xFF, 0xFF, 0xC0, 0xFF, 0xFF, 0xF8, 0x1F, 0xFF, 0xFF, 0x03,
    0xFF, 0xFB, 0xE0, 0x7C, 0x00, 0x7E, 0x1F, 0xC1, 0xE7, 0xEF, 0xFC, 0x7C, 0xFF, 0xFF, 0xFF, 0x8F,
    0xFF, 0xFF, 0xE0, 0xFF, 0x8F, 0xF8, 0x03, 0xC0, 0x78, 0x00, 0x00, 0x78, 0x00, 0x3E, 0x00, 0x0F,
    0x00, 0x07, 0xC0, 0x01, 0xE0, 0x00, 0x70, 0x00, 0x00, 0x01, 0xFF, 0x80, 0xFF, 0xFC, 0x3F, 0xFF,
    0x8F, 0xFF, 0xF3, 0xFF, 0xFE, 0xFC, 0x1F, 0xBF, 0x03, 0xEF, 0xC0, 0xFB, 0xF0, 0x3E, 0xFC, 0x1F,
    0xBF, 0x1F, 0xEF, 0xFF, 0xF3, 0xFF, 0xF8, 0xFF, 0xFC, 0x3F, 0xFF, 0x0F, 0xC7, 0xC3, 0xF1, 0xF8,
    0xFC, 0x3E, 0x3F, 0x0F, 0xCF, 0xC1, 0xFB, 0xF0, 0x3E, 0xFC, 0x0F, 0xC0, 0x03, 0xC0, 0xF8, 0x1E,
    0x07, 0x80, 0xF0, 0x1C, 0x00, 0x07, 0xDF, 0xFF, 0xFF, 0xFF, 0xFF, 0xFF, 0x0F, 0xC1, 0xF0, 0x3E,
    0x07, 0xC0, 0xF8, 0x1F, 0x03, 0xE0, 0x7C, 0x0F, 0x81, 0xF0, 0x3E, 0x00, 0x7F, 0xE0, 0x3F, 0xFF,
    0x0F, 0xFF, 0xE3, 0xFF, 0xFC, 0xFF, 0xFF, 0xBF, 0x07, 0xEF, 0xC0, 0xFB, 0xF0, 0x3E, 0xFC, 0x0F,
    0xBF, 0x07, 0xEF, 0xC7, 0xFB, 0xFF, 0xFC, 0xFF, 0xFE, 0x3F, 0xFF, 0x0F, 0xFF, 0xC3, 0xF1, 0xF0,
    0xFC, 0x7E, 0x3F, 0x0F, 0x8F, 0xC3, 0xF3, 0xF0, 0x7E, 0xFC, 0x0F, 0xBF, 0x03, 0xF0, 0x00, 0x00,
    0x07, 0x80, 0x03, 0xE0, 0x00, 0xF0, 0x00, 0x3C, 0x00, 0x1E, 0x00, 0x07, 0x80, 0x00, 0x7D, 0xF7,
    0xFF, 0x7F, 0xF7, 0xFF, 0x7F, 0x07, 0xE0, 0x7C, 0x07, 0xC0, 0x7C, 0x07, 0xC0, 0x7C, 0x07, 0xC0,
    0x7C, 0x07, 0xC0, 0x7C, 0x07, 0xC0, 0x00, 0x03, 0xC0, 0x7C, 0x07, 0x80, 0x78, 0x07, 0x80, 0xF0,
    0x00, 0x1C, 0x1C, 0x07, 0x9F, 0x00, 0xF7, 0x80, 0x1F, 0xC0, 0x03, 0xE0, 0x00, 0x70, 0x00, 0x00,
    0x01, 0xFF, 0x80, 0xFF, 0xFC, 0x3F, 0xFF, 0x8F, 0xFF, 0xF3, 0xFF, 0xFE, 0xFC, 0x1F, 0xBF, 0x03,
    0xEF, 0xC0, 0xFB, 0xF0, 0x3E, 0xFC, 0x1F, 0xBF, 0x1F, 0xEF, 0xFF, 0xF3, 0xFF, 0xF8, 0xFF, 0xFC,
    0x3F, 0xFF, 0x0F, 0xC7, 0xC3, 0xF1, 0xF8, 0xFC, 0x3E, 0x3F, 0x0F, 0xCF, 0xC1, 0xFB, 0xF0, 0x3E,
    0xFC, 0x0F, 0xC0, 0x70, 0x73, 0xCF, 0x8F, 0x78, 0x3F, 0x80, 0xF8, 0x03, 0x80, 0x00, 0x0F, 0xBE,
    0x7F, 0xF3, 0xFF, 0x9F, 0xFC, 0xFE, 0x07, 0xE0, 0x3E, 0x01, 0xF0, 0x0F, 0x80, 0x7C, 0x03, 0xE0,
    0x1F, 0x00, 0xF8, 0x07, 0xC0, 0x3E, 0x01, 0xF0, 0x00, 0x00, 0x78, 0x00, 0x7C, 0x00, 0x3C, 0x00,
    0x3E, 0x00, 0x1E, 0x00, 0x0E, 0x00, 0x00, 0x00, 0x07, 0xE0, 0x1F, 0xFC, 0x1F, 0xFF, 0x1F, 0xFF,
    0xCF, 0xFF, 0xEF, 0xC1, 0xFF, 0xE0, 0x7F, 0xF0, 0x00, 0xFC, 0x00, 0x7F, 0xE0, 0x1F, 0xFE, 0x07,
    0xFF, 0x80, 0xFF, 0xE0, 0x0F, 0xF8, 0x00, 0xFF, 0xE0, 0x3F, 0xF0, 0x1F, 0xFC, 0x1F, 0xFF, 0xFF,
    0xDF, 0xFF, 0xC7, 0xFF, 0xC1, 0xFF, 0xC0, 0x1F, 0x00, 0x00, 0xE0, 0x03, 0xE0, 0x0F, 0x80, 0x1E,
    0x00, 0x78, 0x00, 0xF0, 0x00, 0x00, 0x0F, 0xF0, 0x3F, 0xF0, 0xFF, 0xF3, 0xFF, 0xF7, 0xC3, 0xEF,
    0xC0, 0x1F, 0xF0, 0x1F, 0xFC, 0x1F, 0xFE, 0x0F, 0xFC, 0x01, 0xFB, 0xE1, 0xF7, 0xE3, 0xEF, 0xFF,
    0xCF, 0xFF, 0x0F, 0xFC, 0x03, 0xC0, 0x01, 0xC0, 0x01, 0xF0, 0x01, 0xFC, 0x01, 0xEF, 0x01, 0xF3,
    0xC0, 0xE0, 0xE0, 0x00, 0x00, 0x07, 0xE0, 0x1F, 0xFC, 0x1F, 0xFF, 0x1F, 0xFF, 0xCF, 0xFF, 0xEF,
    0xC1, 0xFF, 0xE0, 0x7F, 0xF0, 0x00, 0xFC, 0x00, 0x7F, 0xE0, 0x1F, 0xFE, 0x07, 0xFF, 0x80, 0xFF,
    0xE0, 0x0F, 0xF8, 0x00, 0xFF, 0xE0, 0x3F, 0xF0, 0x1F, 0xFC, 0x1F, 0xFF, 0xFF, 0xDF, 0xFF, 0xC7,
    0xFF, 0xC1, 0xFF, 0xC0, 0x1F, 0x00, 0x03, 0x00, 0x1F, 0x80, 0x7F, 0x81, 0xFF, 0x87, 0xCF, 0x87,
    0x0E, 0x00, 0x00, 0x0F, 0xF0, 0x3F, 0xF0, 0xFF, 0xF3, 0xFF, 0xF7, 0xC3, 0xEF, 0xC0, 0x1F, 0xF0,
    0x1F, 0xFC, 0x1F, 0xFE, 0x0F, 0xFC, 0x01, 0xFB, 0xE1, 0xF7, 0xE3, 0xEF, 0xFF, 0xCF, 0xFF, 0x0F,
    0xFC, 0x03, 0xC0, 0x03, 0xF0, 0x0F, 0xFE, 0x0F, 0xFF, 0x8F, 0xFF, 0xE7, 0xFF, 0xF7, 0xE0, 0xFF,
    0xF0, 0x3F, 0xF8, 0x00, 0x7E, 0x00, 0x3F, 0xF0, 0x0F, 0xFF, 0x03, 0xFF, 0xC0, 0x7F, 0xF0, 0x07,
    0xFC, 0x00, 0x7F, 0xF0, 0x1F, 0xF8, 0x0F, 0xFE, 0x0F, 0xFF, 0xFF, 0xEF, 0xFF, 0xE3, 0xFF, 0xE0,
    0xFF, 0xE0, 0x0F, 0x80, 0x03, 0xE0, 0x01, 0xF0, 0x00, 0x38, 0x00, 0xFC, 0x00, 0x7E, 0x00, 0x1F,
    0xE0, 0x7F, 0xE1, 0xFF, 0xE7, 0xFF, 0xEF, 0x87, 0xDF, 0x80, 0x3F, 0xE0, 0x3F, 0xF8, 0x3F, 0xFC,
    0x1F, 0xF8, 0x03, 0xF7, 0xC3, 0xEF, 0xC7, 0xDF, 0xFF, 0x9F, 0xFE, 0x1F, 0xF8, 0x07, 0x80, 0x07,
    0x80, 0x0F, 0x80, 0x07, 0x00, 0x7E, 0x00, 0xF8, 0x00, 0x1C, 0x1C, 0x0F, 0x9E, 0x03, 0xDE, 0x00,
    0xFE, 0x00, 0x3E, 0x00, 0x0E, 0x00, 0x00, 0x00, 0x07, 0xE0, 0x1F, 0xFC, 0x1F, 0xFF, 0x1F, 0xFF,
    0xCF, 0xFF, 0xEF, 0xC1, 0xFF, 0xE0, 0x7F, 0xF0, 0x00, 0xFC, 0x00, 0x7F, 0xE0, 0x1F, 0xFE, 0x07,
    0xFF, 0x80, 0xFF, 0xE0, 0x0F, 0xF8, 0x00, 0xFF, 0xE0, 0x3F, 0xF0, 0x1F, 0xFC, 0x1F, 0xFF, 0xFF,
    0xDF, 0xFF, 0xC7, 0xFF, 0xC1, 0xFF, 0xC0, 0x1F, 0x00, 0x38, 0x70, 0xF9, 0xF0, 0xFF, 0xC0, 0xFF,
    0x00, 0xFC, 0x00, 0x70, 0x00, 0x00, 0x0F, 0xF0, 0x3F, 0xF0, 0xFF, 0xF3, 0xFF, 0xF7, 0xC3, 0xEF,
    0xC0, 0x1F, 0xF0, 0x1F, 0xFC, 0x1F, 0xFE, 0x0F, 0xFC, 0x01, 0xFB, 0xE1, 0xF7, 0xE3, 0xEF, 0xFF,
    0xCF, 0xFF, 0x0F, 0xFC, 0x03, 0xC0, 0x7F, 0xFF, 0xCF, 0xFF, 0xFD, 0xFF, 0xFF, 0xBF, 0xFF, 0xF7,
    0xFF, 0xFE, 0x03, 0xE0, 0x00, 0x7C, 0x00, 0x0F, 0x80, 0x01, 0xF0, 0x00, 0x3E, 0x00, 0x07, 0xC0,
    0x00, 0xF8, 0x00, 0x1F, 0x00, 0x03, 0xE0, 0x00, 0x7C, 0x00, 0x0F, 0x80, 0x01, 0xF0, 0x00, 0x3E,
    0x00, 0x07, 0xC0, 0x00, 0xF8, 0x00, 0x1F, 0x00, 0x03, 0xE0, 0x00, 0x38, 0x00, 0x07, 0xC0, 0x00,
    0xF8, 0x00, 0x07, 0x80, 0x07, 0xE0, 0x00, 0xFC, 0x00, 0x3E, 0x07, 0xC0, 0xF8, 0x1F, 0x0F, 0xFD,
    0xFF, 0xBF, 0xF7, 0xFE, 0x3E, 0x07, 0xC0, 0xF8, 0x1F, 0x03, 0xE0, 0x7C, 0x0F, 0x81, 0xF0, 0x3F,
    0xC7, 0xF8, 0x7F, 0x07, 0xE0, 0x78, 0x0F, 0x81, 0xF0, 0x0F, 0x07, 0xC1, 0xF8, 0x0E, 0x0E, 0x01,
    0xF3, 0xC0, 0x1E, 0xF0, 0x01, 0xFC, 0x00, 0x1F, 0x00, 0x01, 0xC0, 0x00, 0x00, 0x03, 0xFF, 0xFE,
    0x7F, 0xFF, 0xEF, 0xFF, 0xFD, 0xFF, 0xFF, 0xBF, 0xFF, 0xF0, 0x1F, 0x00, 0x03, 0xE0, 0x00, 0x7C,
    0x00, 0x0F, 0x80, 0x01, 0xF0, 0x00, 0x3E, 0x00, 0x07, 0xC0, 0x00, 0xF8, 0x00, 0x1F, 0x00, 0x03,
    0xE0, 0x00, 0x7C, 0x00, 0x0F, 0x80, 0x01, 0xF0, 0x00, 0x3E, 0x00, 0x07, 0xC0, 0x00, 0xF8, 0x00,
    0x1F, 0x00, 0x00, 0xF0, 0x0F, 0x00, 0xF0, 0x0F, 0x3E, 0xF3, 0xEF, 0x3E, 0x63, 0xE0, 0xFF, 0xCF,
    0xFC, 0xFF, 0xCF, 0xFC, 0x3E, 0x03, 0xE0, 0x3E, 0x03, 0xE0, 0x3E, 0x03, 0xE0, 0x3E, 0x03, 0xE0,
    0x3F, 0xC3, 0xFC, 0x1F, 0xC0, 0xFC, 0x01, 0x80, 0x7F, 0xFF, 0xCF, 0xFF, 0xFD, 0xFF, 0xFF, 0xBF,
    0xFF, 0xF7, 0xFF, 0xFE, 0x03, 0xE0, 0x00, 0x7C, 0x00, 0x0F, 0x80, 0x01, 0xF0, 0x00, 0x3E, 0x00,
    0x7F, 0xFC, 0x0F, 0xFF, 0x81, 0xFF, 0xF0, 0x03, 0xE0, 0x00, 0x7C, 0x00, 0x0F, 0x80, 0x01, 0xF0,
    0x00, 0x3E, 0x00, 0x07, 0xC0, 0x00, 0xF8, 0x00, 0x1F, 0x00, 0x03, 0xE0, 0x00, 0x3E, 0x07, 0xC0,
    0xF8, 0x1F, 0x0F, 0xFD, 0xFF, 0xBF, 0xF7, 0xFE, 0x3E, 0x1F, 0xFB, 0xFF, 0x7F, 0xEF, 0xFC, 0x7C,
    0x0F, 0x81, 0xF0, 0x3F, 0xC7, 0xF8, 0x7F, 0x07, 0xE0, 0x18, 0x03, 0xCE, 0x00, 0xFF, 0xC0, 0x3F,
    0xF0, 0x07, 0x3E, 0x00, 0x00, 0x00, 0x00, 0x00, 0x1E, 0x00, 0xF7, 0xE0, 0x1F, 0xFC, 0x03, 0xFF,
    0x80, 0x7F, 0xF0, 0x0F, 0xFE, 0x01, 0xFF, 0xC0, 0x3F, 0xF8, 0x07, 0xFF, 0x00, 0xFF, 0xE0, 0x1F,
    0xFC, 0x03, 0xFF, 0x80, 0x7F, 0xF0, 0x0F, 0xFE, 0x01, 0xFF, 0xC0, 0x3E, 0xF8, 0x0F, 0xDF, 0x01,
    0xF3, 0xF0, 0x7E, 0x7F, 0xFF, 0xC7, 0xFF, 0xF0, 0x7F, 0xFC, 0x03, 0xFF, 0x00, 0x0F, 0x00, 0x0F,
    0x38, 0x1F, 0xF8, 0x1F, 0xF8, 0x1C, 0xF0, 0x00, 0x00, 0x00, 0x00, 0xF8, 0x1F, 0xF8, 0x1F, 0xF8,
    0x1F, 0xF8, 0x1F, 0xF8, 0x1F, 0xF8, 0x1F, 0xF8, 0x1F, 0xF8, 0x1F, 0xF8, 0x1F, 0xF8, 0x1F, 0xFC,
    0x3F, 0xFC, 0x3F, 0x7F, 0xFF, 0x7F, 0xFF, 0x3F, 0xFF, 0x1F, 0xDF, 0x06, 0x00, 0x07, 0xFC, 0x00,
    0xFF, 0x80, 0x1F, 0xF0, 0x03, 0xFE, 0x00, 0x00, 0x00, 0x00, 0x00, 0x1E, 0x00, 0xF7, 0xE0, 0x1F,
    0xFC, 0x03, 0xFF, 0x80, 0x7F, 0xF0, 0x0F, 0xFE, 0x01, 0xFF, 0xC0, 0x3F, 0xF8, 0x07, 0xFF, 0x00,
    0xFF, 0xE0, 0x1F, 0xFC, 0x03, 0xFF, 0x80, 0x7F, 0xF0, 0x0F, 0xFE, 0x01, 0xFF, 0xC0, 0x3E, 0xF8,
    0x0F, 0xDF, 0x01, 0xF3, 0xF0, 0x7E, 0x7F, 0xFF, 0xC7, 0xFF, 0xF0, 0x7F, 0xFC, 0x03, 0xFF, 0x00,
    0x0F, 0x00, 0x0F, 0xF0, 0x1F, 0xF0, 0x1F, 0xF0, 0x0F, 0xF0, 0x00, 0x00, 0x00, 0x00, 0xF8, 0x1F,
    0xF8, 0x1F, 0xF8, 0x1F, 0xF8, 0x1F, 0xF8, 0x1F, 0xF8, 0x1F, 0xF8, 0x1F, 0xF8, 0x1F, 0xF8, 0x1F,
    0xF8, 0x1F, 0xFC, 0x3F, 0xFC, 0x3F, 0x7F, 0xFF, 0x7F, 0xFF, 0x3F, 0xFF, 0x1F, 0xDF, 0x06, 0x00,
    0x00, 0x00, 0x01, 0xE3, 0xC0, 0x1E, 0xF8, 0x03, 0xFE, 0x00, 0x3F, 0x80, 0x01, 0xC0, 0x00, 0x00,
    0x03, 0xC0, 0x1E, 0xFC, 0x03, 0xFF, 0x80, 0x7F, 0xF0, 0x0F, 0xFE, 0x01, 0xFF, 0xC0, 0x3F, 0xF8,
    0x07, 0xFF, 0x00, 0xFF, 0xE0, 0x1F, 0xFC, 0x03, 0xFF, 0x80, 0x7F, 0xF0, 0x0F, 0xFE, 0x01, 0xFF,
    0xC0, 0x3F, 0xF8, 0x07, 0xDF, 0x01, 0xFB, 0xE0, 0x3E, 0x7E, 0x0F, 0xCF, 0xFF, 0xF8, 0xFF, 0xFE,
    0x0F, 0xFF, 0x80, 0x7F, 0xE0, 0x01, 0xE0, 0x00, 0x00, 0x00, 0x1C, 0x38, 0x1E, 0x78, 0x0F, 0xF0,
    0x0F, 0xE0, 0x03, 0xC0, 0x00, 0x00, 0xF8, 0x1F, 0xF8, 0x1F, 0xF8, 0x1F, 0xF8, 0x1F, 0xF8, 0x1F,
    0xF8, 0x1F, 0xF8, 0x1F, 0xF8, 0x1F, 0xF8, 0x1F, 0xF8, 0x1F, 0xFC, 0x3F, 0xFC, 0x3F, 0x7F, 0xFF,
    0x7F, 0xFF, 0x3F, 0xFF, 0x1F, 0xDF, 0x06, 0x00, 0x00, 0x00, 0x00, 0x3E, 0x00, 0x0F, 0xE0, 0x03,
    0xDE, 0x00, 0x71, 0xC0, 0x07, 0x78, 0x00, 0xFE, 0x00, 0x0F, 0x80, 0x78, 0x03, 0xDF, 0x80, 0x7F,
    0xF0, 0x0F, 0xFE, 0x01, 0xFF, 0xC0, 0x3F, 0xF8, 0x07, 0xFF, 0x00, 0xFF, 0xE0, 0x1F, 0xFC, 0x03,
    0xFF, 0x80, 0x7F, 0xF0, 0x0F, 0xFE, 0x01, 0xFF, 0xC0, 0x3F, 0xF8, 0x07, 0xFF, 0x00, 0xFB, 0xE0,
    0x3F, 0x7C, 0x07, 0xCF, 0xC1, 0xF9, 0xFF, 0xFF, 0x1F, 0xFF, 0xC1, 0xFF, 0xF0, 0x0F, 0xFC, 0x00,
    0x3C, 0x00, 0x00, 0x00, 0x07, 0xE0, 0x0F, 0xF0, 0x0E, 0x70, 0x0E, 0x70, 0x0E, 0x70, 0x0F, 0xF0,
    0x07, 0xE0, 0x00, 0x00, 0xF8, 0x1F, 0xF8, 0x1F, 0xF8, 0x1F, 0xF8, 0x1F, 0xF8, 0x1F, 0xF8, 0x1F,
    0xF8, 0x1F, 0xF8, 0x1F, 0xF8, 0x1F, 0xF8, 0x1F, 0xFC, 0x3F, 0xFC, 0x3F, 0x7F, 0xFF, 0x7F, 0xFF,
    0x3F, 0xFF, 0x1F, 0xDF, 0x06, 0x00, 0x03, 0xCF, 0x00, 0x7B, 0xE0, 0x1E, 0x78, 0x03, 0xDE, 0x00,
    0xF3, 0xC0, 0x0E, 0xF0, 0x00, 0x00, 0x03, 0xC0, 0x1E, 0xFC, 0x03, 0xFF, 0x80, 0x7F, 0xF0, 0x0F,
    0xFE, 0x01, 0xFF, 0xC0, 0x3F, 0xF8, 0x07, 0xFF, 0x00, 0xFF, 0xE0, 0x1F, 0xFC, 0x03, 0xFF, 0x80,
    0x7F, 0xF0, 0x0F, 0xFE, 0x01, 0xFF, 0xC0, 0x3F, 0xF8, 0x07, 0xDF, 0x01, 0xFB, 0xE0, 0x3E, 0x7E,
    0x0F, 0xCF, 0xFF, 0xF8, 0xFF, 0xFE, 0x0F, 0xFF, 0x80, 0x7F, 0xE0, 0x01, 0xE0, 0x00, 0x07, 0x1C,
    0x0F, 0x3C, 0x0F, 0x7C, 0x1E, 0xF8, 0x1E, 0xF0, 0x1C, 0xE0, 0x00, 0x00, 0xF8, 0x1F, 0xF8, 0x1F,
    0xF8, 0x1F, 0xF8, 0x1F, 0xF8, 0x1F, 0xF8, 0x1F, 0xF8, 0x1F, 0xF8, 0x1F, 0xF8, 0x1F, 0xF8, 0x1F,
    0xFC, 0x3F, 0xFC, 0x3F, 0x7F, 0xFF, 0x7F, 0xFF, 0x3F, 0xFF, 0x1F, 0xDF, 0x06, 0x00, 0x78, 0x03,
    0xDF, 0x80, 0x7F, 0xF0, 0x0F, 0xFE, 0x01, 0xFF, 0xC0, 0x3F, 0xF8, 0x07, 0xFF, 0x00, 0xFF, 0xE0,
    0x1F, 0xFC, 0x03, 0xFF, 0x80, 0x7F, 0xF0, 0x0F, 0xFE, 0x01, 0xFF, 0xC0, 0x3F, 0xF8, 0x07, 0xFF,
    0x00, 0xFB, 0xE0, 0x3F, 0x7C, 0x07, 0xEF, 0xC1, 0xF9, 0xFF, 0xFF, 0x1F, 0xFF, 0xC1, 0xFF, 0xF0,
    0x0F, 0xFC, 0x00, 0x7E, 0x00, 0x0F, 0x00, 0x03, 0xE0, 0x00, 0x7F, 0x00, 0x07, 0xE0, 0x00, 0x7E,
    0x00, 0x00, 0x00, 0xF8, 0x1F, 0xF8, 0x1F, 0xF8, 0x1F, 0xF8, 0x1F, 0xF8, 0x1F, 0xF8, 0x1F, 0xF8,
    0x1F, 0xF8, 0x1F, 0xF8, 0x1F, 0xF8, 0x1F, 0xFC, 0x3F, 0xFC, 0x3F, 0x7F, 0xFF, 0x7F, 0xFF, 0x3F,
    0xFF, 0x1F, 0xDF, 0x06, 0x3E, 0x00, 0x7C, 0x00, 0x78, 0x00, 0x7E, 0x00, 0x7F, 0x00, 0x3F, 0x00,
    0x00, 0x00, 0x03, 0x00, 0x00, 0x00, 0x3F, 0x00, 0x00, 0x01, 0xFE, 0x00, 0x00, 0x0F, 0xFC, 0x00,
    0x00, 0x7C, 0xF8, 0x00, 0x00, 0xE1, 0xC0, 0x00, 0x00, 0x00, 0x00, 0x1E, 0x01, 0xE0, 0x1E, 0xFC,
    0x0F, 0xC0, 0xFD, 0xF0, 0x3F, 0x03, 0xE7, 0xC0, 0xFC, 0x0F, 0x9F, 0x87, 0xF8, 0x7E, 0x7E, 0x1F,
    0xE1, 0xF8, 0xF8, 0x7F, 0x87, 0xC3, 0xE1, 0xFE, 0x1F, 0x0F, 0x8F, 0xFC, 0xFC, 0x1F, 0x3F, 0xF3,
    0xE0, 0x7C, 0xFF, 0xCF, 0x81, 0xF3, 0xCF, 0x3E, 0x07, 0xDF, 0x3E, 0xF8, 0x0F, 0xFC, 0xFF, 0xC0,
    0x3F, 0xF3, 0xFF, 0x00, 0xFF, 0x87, 0xFC, 0x03, 0xFE, 0x1F, 0xF0, 0x07, 0xF8, 0x7F, 0x80, 0x1F,
    0xE1, 0xFE, 0x00, 0x7F, 0x03, 0xF8, 0x01, 0xFC, 0x0F, 0xC0, 0x03, 0xF0, 0x3F, 0x00, 0x00, 0x1C,
    0x00, 0x00, 0x1F, 0x00, 0x00, 0x1F, 0xC0, 0x00, 0x1F, 0xF0, 0x00, 0x1E, 0x7C, 0x00, 0x0E, 0x1E,
    0x00, 0x00, 0x00, 0x01, 0xF0, 0x7C, 0x3E, 0xFC, 0x3E, 0x1F, 0x3E, 0x3F, 0x0F, 0x9F, 0x1F, 0x87,
    0xCF, 0x8F, 0xE7, 0xC3, 0xC7, 0xF3, 0xE1, 0xF7, 0xF9, 0xF0, 0xFB, 0xFC, 0xF0, 0x7D, 0xEF, 0xF8,
    0x1E, 0xF7, 0xFC, 0x0F, 0xF3, 0xFE, 0x07, 0xF9, 0xFE, 0x01, 0xFC, 0x7F, 0x00, 0xFE, 0x3F, 0x80,
    0x7E, 0x1F, 0x80, 0x1F, 0x07, 0xC0, 0x00, 0x70, 0x00, 0x07, 0xC0, 0x00, 0x7F, 0x00, 0x07, 0xBC,
    0x00, 0x7C, 0xF0, 0x03, 0x83, 0x80, 0x00, 0x00, 0x0F, 0x80, 0x3E, 0x7C, 0x01, 0xF3, 0xF0, 0x1F,
    0x8F, 0xC0, 0xF8, 0x7E, 0x0F, 0xC1, 0xF8, 0x7C, 0x07, 0xC7, 0xE0, 0x3F, 0x7E, 0x00, 0xFB, 0xE0,
    0x07, 0xFF, 0x00, 0x1F, 0xF0, 0x00, 0x7F, 0x80, 0x03, 0xF8, 0x00, 0x0F, 0x80, 0x00, 0x7C, 0x00,
    0x03, 0xE0, 0x00, 0x1F, 0x00, 0x00, 0xF8, 0x00, 0x07, 0xC0, 0x00, 0x3E, 0x00, 0x01, 0xF0, 0x00,
    0x0F, 0x80, 0x00, 0x01, 0xC0, 0x01, 0xF0, 0x01, 0xFC, 0x01, 0xEF, 0x01, 0xF3, 0xC0, 0xE0, 0xE0,
    0x00, 0x01, 0xF0, 0x1F, 0xFC, 0x0F, 0xBE, 0x0F, 0x9F, 0x07, 0xC7, 0xC3, 0xE3, 0xE3, 0xE1, 0xF1,
    0xF0, 0x7C, 0xF0, 0x3E, 0xF8, 0x1F, 0x7C, 0x07, 0xFC, 0x03, 0xFE, 0x00, 0xFF, 0x00, 0x7F, 0x00,
    0x3F, 0x80, 0x0F, 0x80, 0x07, 0xC0, 0x03, 0xE0, 0x1F, 0xE0, 0x0F, 0xF0, 0x07, 0xF0, 0x07, 0xF0,
    0x00, 0x00, 0x00, 0x00, 0x00, 0x00, 0x3C, 0x78, 0x01, 0xF7, 0xC0, 0x0F, 0xBE, 0x00, 0x78, 0xF0,
    0x00, 0x00, 0x00, 0x00, 0x00, 0x0F, 0x80, 0x3E, 0x7C, 0x01, 0xF3, 0xF0, 0x1F, 0x8F, 0xC0, 0xF8,
    0x7E, 0x0F, 0xC1, 0xF8, 0x7C, 0x07, 0xC7, 0xE0, 0x3F, 0x7E, 0x00, 0xFB, 0xE0, 0x07, 0xFF, 0x00,
    0x1F, 0xF0, 0x00, 0x7F, 0x80, 0x03, 0xF8, 0x00, 0x0F, 0x80, 0x00, 0x7C, 0x00, 0x03, 0xE0, 0x00,
    0x1F, 0x00, 0x00, 0xF8, 0x00, 0x07, 0xC0, 0x00, 0x3E, 0x00, 0x01, 0xF0, 0x00, 0x0F, 0x80, 0x00,
    0x00, 0x78, 0x00, 0x7C, 0x00, 0x3C, 0x00, 0x3E, 0x00, 0x1E, 0x00, 0x0E, 0x00, 0x00, 0x00, 0xFF,
    0xFF, 0xFF, 0xFF, 0xFF, 0xFF, 0xFF, 0xFF, 0xFF, 0xFF, 0xE0, 0x03, 0xF0, 0x03, 0xF0, 0x01, 0xF0,
    0x01, 0xF8, 0x01, 0xF8, 0x01, 0xF8, 0x00, 0xF8, 0x00, 0xFC, 0x00, 0xFC, 0x00, 0xFC, 0x00, 0x7C,
    0x00, 0x7E, 0x00, 0x7E, 0x00, 0x3F, 0xFF, 0xFF, 0xFF, 0xFF, 0xFF, 0xFF, 0xFF, 0xF8, 0x00, 0xE0,
    0x07, 0xC0, 0x3E, 0x00, 0xF0, 0x03, 0xC0, 0x0E, 0x00, 0x00, 0x3F, 0xFF, 0xFF, 0xFF, 0xFF, 0xF7,
    0xFF, 0xC0, 0x7E, 0x01, 0xF0, 0x0F, 0x80, 0x7E, 0x03, 0xF0, 0x1F, 0x80, 0xFC, 0x03, 0xE0, 0x1F,
    0xFF, 0xFF, 0xFF, 0xFF, 0xFF, 0xFF, 0xC0, 0x00, 0x80, 0x01, 0xF0, 0x00, 0xF8, 0x00, 0x7C, 0x00,
    0x3E, 0x00, 0x04, 0x00, 0x00, 0x00, 0xFF, 0xFF, 0xFF, 0xFF, 0xFF, 0xFF, 0xFF, 0xFF, 0xFF, 0xFF,
    0xE0, 0x03, 0xF0, 0x03, 0xF0, 0x01, 0xF0, 0x01, 0xF8, 0x01, 0xF8, 0x01, 0xF8, 0x00, 0xF8, 0x00,
    0xFC, 0x00, 0xFC, 0x00, 0xFC, 0x00, 0x7C, 0x00, 0x7E, 0x00, 0x7E, 0x00, 0x3F, 0xFF, 0xFF, 0xFF,
    0xFF, 0xFF, 0xFF, 0xFF, 0xF8, 0x01, 0x00, 0x1E, 0x00, 0xFC, 0x03, 0xF0, 0x07, 0x80, 0x0C, 0x00,
    0x00, 0x3F, 0xFF, 0xFF, 0xFF, 0xFF, 0xF7, 0xFF, 0xC0, 0x7E, 0x01, 0xF0, 0x0F, 0x80, 0x7E, 0x03,
    0xF0, 0x1F, 0x80, 0xFC, 0x03, 0xE0, 0x1F, 0xFF, 0xFF, 0xFF, 0xFF, 0xFF, 0xFF, 0xC0, 0x1C, 0x1C,
    0x0F, 0x9E, 0x03, 0xDE, 0x00, 0xFE, 0x00, 0x3E, 0x00, 0x0E, 0x00, 0x00, 0x00, 0xFF, 0xFF, 0xFF,
    0xFF, 0xFF, 0xFF, 0xFF, 0xFF, 0xFF, 0xFF, 0xE0, 0x03, 0xF0, 0x03, 0xF0, 0x01, 0xF0, 0x01, 0xF8,
    0x01, 0xF8, 0x01, 0xF8, 0x00, 0xF8, 0x00, 0xFC, 0x00, 0xFC, 0x00, 0xFC, 0x00, 0x7C, 0x00, 0x7E,
    0x00, 0x7E, 0x00, 0x3F, 0xFF, 0xFF, 0xFF, 0xFF, 0xFF, 0xFF, 0xFF, 0xF8, 0x38, 0x70, 0xF3, 0xE3,
    0xFF, 0x07, 0xF8, 0x0F, 0xC0, 0x0E, 0x00, 0x00, 0x3F, 0xFF, 0xFF, 0xFF, 0xFF, 0xF7, 0xFF, 0xC0,
    0x7E, 0x01, 0xF0, 0x0F, 0x80, 0x7E, 0x03, 0xF0, 0x1F, 0x80, 0xFC, 0x03, 0xE0, 0x1F, 0xFF, 0xFF,
    0xFF, 0xFF, 0xFF, 0xFF, 0xC0, 0x1F, 0xBF, 0xDF, 0xEF, 0xEF, 0x87, 0xC3, 0xE1, 0xF0, 0xF8, 0x7C,
    0x3E, 0x1F, 0x0F, 0x87, 0xC3, 0xE1, 0xF0, 0xF8, 0x7C, 0x3E, 0x1F, 0x0F, 0x87, 0xC0, 0x00, 0x00,
    0xF0, 0x00, 0x07, 0xC0, 0x00, 0x3E, 0x03, 0xFF, 0xF0, 0x7F, 0xFF, 0x0F, 0xFF, 0xF8, 0xFF, 0xFF,
    0x87, 0xFF, 0xFC, 0x7E, 0x07, 0xE3, 0xE0, 0x1F, 0xBF, 0x00, 0x7D, 0xF0, 0x03, 0xEF, 0x80, 0x1F,
    0x7C, 0x00, 0xFB, 0xE0, 0x07, 0xDF, 0x00, 0x3E, 0xF8, 0x01, 0xF7, 0xC0, 0x0F, 0xBF, 0x00, 0xFC,
    0xFC, 0x07, 0xE7, 0xF0, 0x7E, 0x1F, 0xFF, 0xE0, 0x7F, 0xFF, 0x01, 0xFF, 0xF0, 0x07, 0xFE, 0x00,
    0x07, 0x80, 0x00, 0x00, 0x07, 0x00, 0x03, 0xC0, 0x01, 0xE0, 0x00, 0xF0, 0xFF, 0xF0, 0xFF, 0xF8,
    0xFF, 0xF0, 0xFF, 0xFC, 0xFC, 0x3E, 0x7C, 0x1F, 0xBE, 0x07, 0xDF, 0x03, 0xEF, 0x81, 0xF7, 0xC0,
    0xFB, 0xE0, 0x7D, 0xF8, 0x7C, 0x7E, 0xFE, 0x3F, 0xFE, 0x0F, 0xFF, 0x03, 0xFE, 0x00, 0x3C, 0x00,
    0x00, 0x00, 0x78, 0x00, 0x03, 0xC0, 0x00, 0x1E, 0xF0, 0x07, 0xFF, 0xC0, 0x3F, 0xFE, 0x01, 0xFF,
    0xF0, 0x0F, 0xDF, 0x80, 0x7C, 0xFC, 0x03, 0xE7, 0xE0, 0x1F, 0x3F, 0x00, 0xF9, 0xF8, 0x07, 0xCF,
    0xC0, 0x3E, 0x7E, 0x01, 0xF3, 0xF0, 0x0F, 0x9F, 0x80, 0x7C, 0xFC, 0x03, 0xE7, 0xE0, 0x1F, 0x1F,
    0x01, 0xF8, 0xF8, 0x0F, 0x87, 0xE0, 0xFC, 0x3F, 0xFF, 0xE0, 0xFF, 0xFE, 0x03, 0xFF, 0xE0, 0x07,
    0xFE, 0x00, 0x07, 0x80, 0x00, 0x00, 0x03, 0xC0, 0x00, 0xF0, 0x00, 0x3C, 0x00, 0x0F, 0xF8, 0x1F,
    0xFE, 0x07, 0xFF, 0x81, 0xFB, 0xE0, 0x7C, 0xF8, 0x1F, 0x3E, 0x07, 0xCF, 0x81, 0xF3, 0xE0, 0x7C,
    0xF8, 0x1F, 0x3E, 0x07, 0xCF, 0xC3, 0xF3, 0xF0, 0xFC, 0x7F, 0xFF, 0x1F, 0xFF, 0xC3, 0xFF, 0xF0,
    0x7F, 0x7C, 0x06, 0x00, 0x00, 0x00, 0x00, 0x01, 0xC3, 0x8F, 0xF8, 0x00, 0x7C, 0xFB, 0xFF, 0xF0,
    0x07, 0xFE, 0x7F, 0xFF, 0x00, 0x7F, 0x8F, 0xFF, 0xF0, 0x07, 0xE1, 0xFF, 0xFF, 0x00, 0x38, 0x3F,
    0x07, 0xF0, 0x00, 0x07, 0xE0, 0x3E, 0x3F, 0xFF, 0xFC, 0x07, 0xE7, 0xFF, 0xFF, 0x80, 0x7C, 0xFF,
    0xFF, 0xF0, 0x0F, 0x9F, 0xFF, 0xFE, 0x01, 0xF0, 0x07, 0xEF, 0xC0, 0x3E, 0x01, 0xF9, 0xF8, 0x07,
    0xC0, 0x3E, 0x3F, 0x00, 0xF8, 0x0F, 0x87, 0xE0, 0x1F, 0x03, 0xF0, 0xFC, 0x07, 0xC0, 0xFC, 0x1F,
    0x81, 0xF8, 0x3F, 0x03, 0xF0, 0x7F, 0x07, 0xC0, 0x7F, 0xFF, 0xC1, 0xFF, 0xFF, 0xFF, 0xF0, 0x7F,
    0xFF, 0xFF, 0xFC, 0x0F, 0xFF, 0xFF, 0xFE, 0x01, 0xFF, 0xF8, 0x00, 0x00, 0x0E, 0x0E, 0x00, 0x1E,
    0x0F, 0x3E, 0x00, 0x1F, 0x07, 0xFC, 0x00, 0x1F, 0x03, 0xF8, 0x00, 0x1F, 0x01, 0xF0, 0x00, 0x1F,
    0x00, 0xE0, 0x00, 0x1F, 0x00, 0x00, 0x1F, 0x9F, 0x1F, 0xFF, 0x3F, 0xFF, 0x1F, 0xFF, 0x7F, 0xFF,
    0x1F, 0xFF, 0x7F, 0xFF, 0x1F, 0xFF, 0xFC, 0x3F, 0x00, 0x3E, 0xF8, 0x3F, 0x00, 0x7C, 0xF8, 0x1F,
    0x00, 0xF8, 0xF8, 0x1F, 0x01, 0xF8, 0xF8, 0x1F, 0x03, 0xF0, 0xF8, 0x1F, 0x07, 0xE0, 0xF8, 0x1F,
    0x07, 0xC0, 0xFC, 0x3F, 0x0F, 0xC0, 0x7F, 0xFF, 0x1F, 0xFF, 0x7F, 0xFF, 0x3F, 0xFF, 0x3F, 0xFF,
    0x3F, 0xFF, 0x1F, 0xDF, 0x3F, 0xFF, 0x07, 0x00, 0x00, 0x00, 0x78, 0x00, 0x00, 0x3D, 0xF8, 0x00,
    0x00, 0x7F, 0xF0, 0x00, 0x00, 0xFF, 0xE0, 0x00, 0x01, 0xFF, 0xC0, 0x00, 0x03, 0xFF, 0x80, 0x00,
    0x07, 0xFF, 0x00, 0x00, 0x0F, 0xFE, 0x00, 0x00, 0x1F, 0xFC, 0x00, 0x00, 0x3F, 0xF8, 0x00, 0x00,
    0x7F, 0xF0, 0x00, 0x00, 0xFF, 0xE0, 0x00, 0x01, 0xFF, 0xC0, 0x00, 0x03, 0xFF, 0x80, 0x00, 0x07,
    0xFF, 0x00, 0x3E, 0x0F, 0xFE, 0x00, 0x7C, 0x1F, 0xFC, 0x00, 0xF8, 0x3F, 0xF8, 0x01, 0xF8, 0xFF,
    0xFF, 0xFB, 0xFF, 0xF7, 0xFF, 0xF3, 0xFF, 0xEF, 0xFF, 0xE3, 0xFF, 0x9F, 0xFF, 0xC3, 0xFE, 0x00,
    0x00, 0x00, 0xE0, 0x00, 0x00, 0x00, 0x11, 0xE0, 0x01, 0xEF, 0xC0, 0x07, 0xFF, 0x00, 0x1F, 0xFC,
    0x00, 0x7F, 0xF0, 0x00, 0x4F, 0xC0, 0x00, 0x3F, 0x00, 0x1F, 0xFC, 0x00, 0x7F, 0xF0, 0x01, 0xFF,
    0xC0, 0x07, 0xFF, 0x00, 0x1F, 0xFC, 0x00, 0x7F, 0xF0, 0x01, 0xFF, 0xC0, 0x07, 0xFF, 0x00, 0x1F,
    0xFC, 0x00, 0x7F, 0xF0, 0x01, 0xFF, 0xC0, 0x07, 0xFF, 0xFF, 0x9F, 0xFF, 0xFE, 0x7F, 0xFF, 0xF9,
    0xFF, 0xFF, 0xE7, 0xC0, 0x00, 0x1F, 0x00, 0x00, 0x7C, 0x00, 0x0F, 0xF0, 0x00, 0x3F, 0x80, 0x00,
    0xFE, 0x00, 0x03, 0xE0, 0x00, 0x23, 0xC7, 0xFE, 0x3F, 0xF1, 0xFF, 0x8F, 0xFC, 0x13, 0xE0, 0x1F,
    0x1F, 0xF8, 0xFF, 0xC7, 0xFE, 0x3F, 0xF1, 0xFF, 0x8F, 0xFC, 0x7F, 0xE3, 0xFF, 0x1F, 0xF8, 0xFF,
    0xC7, 0xFE, 0x3F, 0xF1, 0xFF, 0x8F, 0xFC, 0x7F, 0xE3, 0xE0, 0x1F, 0x00, 0xF8, 0x1F, 0xC0, 0xFE,
    0x07, 0xE0, 0x3E, 0x00, 0x7C, 0x01, 0xE0, 0x00, 0xF7, 0xF0, 0x1F, 0x80, 0x0F, 0xBF, 0x80, 0xFC,
    0x00, 0x7D, 0xFE, 0x07, 0xE0, 0x03, 0xEF, 0xF0, 0x3F, 0x00, 0x1F, 0x7F, 0xC1, 0xF8, 0x00, 0xFB,
    0xFF, 0x0F, 0xC0, 0x07, 0xDF, 0xF8, 0x7E, 0x00, 0x3E, 0xFF, 0xE3, 0xF0, 0x01, 0xF7, 0xFF, 0x9F,
    0x80, 0x0F, 0xBF, 0x7C, 0xFC, 0x00, 0x7D, 0xFB, 0xF7, 0xE0, 0x03, 0xEF, 0xCF, 0xBF, 0x00, 0x1F,
    0x7E, 0x3F, 0xF8, 0x00, 0xFB, 0xF1, 0xFF, 0xCF, 0x87, 0xDF, 0x87, 0xFE, 0x7C, 0x3E, 0xFC, 0x3F,
    0xF3, 0xE1, 0xF7, 0xE0, 0xFF, 0x9F, 0x0F, 0xBF, 0x03, 0xFC, 0xFF, 0xFD, 0xF8, 0x1F, 0xE3, 0xFF,
    0xCF, 0xC0, 0x7F, 0x1F, 0xFE, 0x7E, 0x01, 0xF8, 0x3F, 0xE0, 0x00, 0x00, 0x00, 0x78, 0x00, 0x00,
    0x00, 0x00, 0x87, 0xC0, 0x1E, 0x1E, 0xFE, 0x03, 0xF3, 0xFF, 0xE0, 0x3F, 0x3F, 0xFF, 0x03, 0xF1,
    0xEF, 0xF0, 0x3F, 0x0C, 0xFF, 0x83, 0xF0, 0x0F, 0xFC, 0x3F, 0x3E, 0xFF, 0xC3, 0xF3, 0xEF, 0xFE,
    0x3F, 0x3E, 0xFF, 0xF3, 0xF3, 0xEF, 0xDF, 0x3F, 0x3E, 0xFD, 0xFB, 0xF3, 0xEF, 0xCF, 0xBF, 0x3E,
    0xFC, 0x7F, 0xF3, 0xEF, 0xC7, 0xFF, 0x3E, 0xFC, 0x3F, 0xF3, 0xEF, 0xC3, 0xFF, 0x3E, 0xFC, 0x1F,
    0xF3, 0xEF, 0xC0, 0xFF, 0x3E, 0xFC, 0x0F, 0xF3, 0xEF, 0xC0, 0x7F, 0x3E, 0xFC, 0x03, 0xF3, 0xE0,
    0x00, 0x00, 0x3E, 0x00, 0x00, 0x03, 0xE0, 0x00, 0x00, 0xFE, 0x00, 0x00, 0x0F, 0xE0, 0x00, 0x00,
    0xFC, 0x00, 0x00, 0x0F, 0x80, 0x00, 0x00, 0x08, 0x00, 0x00, 0x1E, 0x00, 0x00, 0x3E, 0x00, 0x00,
    0x3E, 0x00, 0x00, 0x1E, 0x00, 0x00, 0x08, 0x00, 0x00, 0x00, 0xF9, 0xF8, 0x3E, 0xFB, 0xFC, 0x3E,
    0xFF, 0xFE, 0x3E, 0xFF, 0xFE, 0x3E, 0xFC, 0x3E, 0x3E, 0xFC, 0x3F, 0x3E, 0xF8, 0x1F, 0x3E, 0xF8,
    0x1F, 0x3E, 0xF8, 0x1F, 0x3E, 0xF8, 0x1F, 0x3E, 0xF8, 0x1F, 0x3E, 0xF8, 0x1F, 0x3E, 0xF8, 0x1F,
    0x3E, 0xF8, 0x1F, 0x3E, 0xF8, 0x1F, 0x3E, 0xF8, 0x1F, 0x3E, 0x00, 0x00, 0x3E, 0x00, 0x00, 0x3E,
    0x00, 0x00, 0xFE, 0x00, 0x00, 0xFE, 0x00, 0x00, 0xFC, 0x00, 0x00, 0xF8, 0x07, 0x87, 0x00, 0x3E,
    0x78, 0x00, 0xFF, 0x80, 0x03, 0xF8, 0x00, 0x0F, 0xC0, 0x00, 0x38, 0x00, 0x00, 0x00, 0x00, 0x1F,
    0x80, 0x01, 0xFC, 0x00, 0x0F, 0xF0, 0x00, 0x7F, 0x80, 0x07, 0xFC, 0x00, 0x3F, 0xF0, 0x01, 0xEF,
    0x80, 0x1F, 0x7C, 0x00, 0xFB, 0xF0, 0x0F, 0xCF, 0x80, 0x7C, 0x7C, 0x03, 0xE3, 0xF0, 0x3F, 0x0F,
    0x81, 0xFF, 0xFC, 0x0F, 0xFF, 0xF0, 0xFF, 0xFF, 0x87, 0xFF, 0xFC, 0x3F, 0xFF, 0xF3, 0xF0, 0x0F,
    0x9F, 0x80, 0x7E, 0xF8, 0x03, 0xFF, 0xC0, 0x0F, 0x80, 0x1C, 0x1C, 0x1E, 0x7C, 0x0F, 0xF8, 0x07,
    0xF0, 0x03, 0xE0, 0x01, 0xC0, 0x00, 0x00, 0x0F, 0xF0, 0x1F, 0xFC, 0x3F, 0xFE, 0x7F, 0xFE, 0x7C,
    0x3E, 0x00, 0x3E, 0x03, 0xFE, 0x1F, 0xFE, 0x3F, 0xFE, 0x7F, 0xBE, 0x7C, 0x3E, 0x78, 0x3E, 0x7C,
    0x7E, 0x7F, 0xFE, 0x7F, 0xFE, 0x3F, 0xDE, 0x07, 0x00, 0x70, 0xEF, 0x9F, 0x7F, 0xE3, 0xFC, 0x1F,
    0x80, 0x70, 0x00, 0x00, 0xF0, 0x1F, 0x81, 0xF8, 0x1F, 0x81, 0xF8, 0x1F, 0x81, 0xF8, 0x1F, 0x81,
    0xF8, 0x1F, 0x81, 0xF8, 0x1F, 0x81, 0xF8, 0x1F, 0x81, 0xF8, 0x1F, 0x81, 0xF8, 0x1F, 0x81, 0xF8,
    0x1F, 0x81, 0xF8, 0x1F, 0x80, 0x70, 0xEF, 0x9E, 0x7F, 0xE3, 0xFC, 0x1F, 0x80, 0xE0, 0x00, 0x01,
    0xF0, 0x1F, 0x01, 0xF0, 0x1F, 0x01, 0xF0, 0x1F, 0x01, 0xF0, 0x1F, 0x01, 0xF0, 0x1F, 0x01, 0xF0,
    0x1F, 0x01, 0xF0, 0x1F, 0x01, 0xF0, 0x1F, 0x00, 0x07, 0x0E, 0x00, 0x3C, 0xF8, 0x00, 0xFF, 0x80,
    0x07, 0xF8, 0x00, 0x1F, 0x80, 0x00, 0x38, 0x00, 0x00, 0x00, 0x00, 0x3F, 0x00, 0x07, 0xFE, 0x00,
    0xFF, 0xFC, 0x0F, 0xFF, 0xF0, 0x7F, 0xFF, 0xC7, 0xE0, 0x7E, 0x3E, 0x01, 0xFB, 0xF0, 0x07, 0xDF,
    0x00, 0x3E, 0xF8, 0x01, 0xF7, 0xC0, 0x0F, 0xBE, 0x00, 0x7D, 0xF0, 0x03, 0xEF, 0x80, 0x1F, 0x7C,
    0x00, 0xFB, 0xF0, 0x0F, 0xCF, 0xC0, 0x7E, 0x7F, 0x07, 0xE1, 0xFF, 0xFE, 0x07, 0xFF, 0xF0, 0x1F,
    0xFF, 0x00, 0x7F, 0xE0, 0x00, 0x78, 0x00, 0x1C, 0x38, 0x3E, 0x78, 0x1F, 0xF0, 0x0F, 0xF0, 0x07,
    0xE0, 0x03, 0x80, 0x00, 0x00, 0x0F, 0xF0, 0x1F, 0xF8, 0x3F, 0xFC, 0x7F, 0xFE, 0xFC, 0x3E, 0xF8,
    0x3F, 0xF8, 0x1F, 0xF8, 0x1F, 0xF8, 0x1F, 0xF8, 0x1F, 0xF8, 0x1F, 0xFC, 0x3E, 0x7E, 0xFE, 0x7F,
    0xFC, 0x3F, 0xFC, 0x1F, 0xF0, 0x03, 0xC0, 0x0E, 0x0E, 0x01, 0xF3, 0xC0, 0x1E, 0xF0, 0x01, 0xFC,
    0x00, 0x1F, 0x00, 0x01, 0xC0, 0x00, 0x00, 0x03, 0xC0, 0x1E, 0xFC, 0x03, 0xFF, 0x80, 0x7F, 0xF0,
    0x0F, 0xFE, 0x01, 0xFF, 0xC0, 0x3F, 0xF8, 0x07, 0xFF, 0x00, 0xFF, 0xE0, 0x1F, 0xFC, 0x03, 0xFF,
    0x80, 0x7F, 0xF0, 0x0F, 0xFE, 0x01, 0xFF, 0xC0, 0x3F, 0xF8, 0x07, 0xDF, 0x01, 0xFB, 0xE0, 0x3E,
    0x7E, 0x0F, 0xCF, 0xFF, 0xF8, 0xFF, 0xFE, 0x0F, 0xFF, 0x80, 0x7F, 0xE0, 0x01, 0xE0, 0x00, 0x1C,
    0x38, 0x3E, 0x7C, 0x1F, 0xF8, 0x0F, 0xF0, 0x07, 0xE0, 0x03, 0x80, 0x00, 0x00, 0xF8, 0x1F, 0xF8,
    0x1F, 0xF8, 0x1F, 0xF8, 0x1F, 0xF8, 0x1F, 0xF8, 0x1F, 0xF8, 0x1F, 0xF8, 0x1F, 0xF8, 0x1F, 0xF8,
    0x1F, 0xFC, 0x3F, 0xFC, 0x3F, 0x7F, 0xFF, 0x7F, 0xFF, 0x3F, 0xFF, 0x1F, 0xDF, 0x06, 0x00, 0x07,
    0xFC, 0x00, 0xFF, 0x80, 0x1F, 0xF0, 0x00, 0x00, 0x00, 0x71, 0xC0, 0x1F, 0x7C, 0x03, 0xEF, 0x80,
    0x7D, 0xF0, 0x07, 0x1C, 0x00, 0x00, 0x01, 0xE0, 0x0F, 0x7E, 0x01, 0xFF, 0xC0, 0x3F, 0xF8, 0x07,
    0xFF, 0x00, 0xFF, 0xE0, 0x1F, 0xFC, 0x03, 0xFF, 0x80, 0x7F, 0xF0, 0x0F, 0xFE, 0x01, 0xFF, 0xC0,
    0x3F, 0xF8, 0x07, 0xFF, 0x00, 0xFF, 0xE0, 0x1F, 0xFC, 0x03, 0xEF, 0x80, 0xFD, 0xF0, 0x1F, 0x3F,
    0x07, 0xE7, 0xFF, 0xFC, 0x7F, 0xFF, 0x07, 0xFF, 0xC0, 0x3F, 0xF0, 0x00, 0xF0, 0x00, 0x0F, 0xF0,
    0x1F, 0xF0, 0x0F, 0xF0, 0x00, 0x00, 0x1C, 0x78, 0x3E, 0x78, 0x3E, 0x7C, 0x1E, 0x78, 0x0C, 0x30,
    0x00, 0x00, 0xF8, 0x1F, 0xF8, 0x1F, 0xF8, 0x1F, 0xF8, 0x1F, 0xF8, 0x1F, 0xF8, 0x1F, 0xF8, 0x1F,
    0xF8, 0x1F, 0xF8, 0x1F, 0xF8, 0x1F, 0xFC, 0x3F, 0xFC, 0x3F, 0x7F, 0xFF, 0x7F, 0xFF, 0x3F, 0xFF,
    0x1F, 0xDF, 0x06, 0x00, 0x00, 0x3C, 0x00, 0x0F, 0x00, 0x01, 0xC0, 0x00, 0x78, 0x00, 0x06, 0x00,
    0x0E, 0x38, 0x03, 0xEF, 0x80, 0x7D, 0xF0, 0x0F, 0xBE, 0x00, 0xE3, 0x80, 0x00, 0x00, 0x3C, 0x01,
    0xEF, 0xC0, 0x3F, 0xF8, 0x07, 0xFF, 0x00, 0xFF, 0xE0, 0x1F, 0xFC, 0x03, 0xFF, 0x80, 0x7F, 0xF0,
    0x0F, 0xFE, 0x01, 0xFF, 0xC0, 0x3F, 0xF8, 0x07, 0xFF, 0x00, 0xFF, 0xE0, 0x1F, 0xFC, 0x03, 0xFF,
    0x80, 0x7D, 0xF0, 0x1F, 0xBE, 0x03, 0xE7, 0xE0, 0xFC, 0xFF, 0xFF, 0x8F, 0xFF, 0xE0, 0xFF, 0xF8,
    0x07, 0xFE, 0x00, 0x1E, 0x00, 0x00, 0xF0, 0x01, 0xF0, 0x01, 0xE0, 0x01, 0xC0, 0x01, 0x80, 0x1C,
    0x78, 0x3E, 0x78, 0x3E, 0x7C, 0x1E, 0x78, 0x0C, 0x30, 0x00, 0x00, 0xF8, 0x1F, 0xF8, 0x1F, 0xF8,
    0x1F, 0xF8, 0x1F, 0xF8, 0x1F, 0xF8, 0x1F, 0xF8, 0x1F, 0xF8, 0x1F, 0xF8, 0x1F, 0xF8, 0x1F, 0xFC,
    0x3F, 0xFC, 0x3F, 0x7F, 0xFF, 0x7F, 0xFF, 0x3F, 0xFF, 0x1F, 0xDF, 0x06, 0x00, 0x0F, 0x1E, 0x00,
    0xF7, 0x80, 0x0F, 0xE0, 0x00, 0xF8, 0x00, 0x0E, 0x00, 0x0E, 0x38, 0x03, 0xEF, 0x80, 0x7D, 0xF0,
    0x0F, 0xBE, 0x00, 0xE3, 0x80, 0x00, 0x00, 0x3C, 0x01, 0xEF, 0xC0, 0x3F, 0xF8, 0x07, 0xFF, 0x00,
    0xFF, 0xE0, 0x1F, 0xFC, 0x03, 0xFF, 0x80, 0x7F, 0xF0, 0x0F, 0xFE, 0x01, 0xFF, 0xC0, 0x3F, 0xF8,
    0x07, 0xFF, 0x00, 0xFF, 0xE0, 0x1F, 0xFC, 0x03, 0xFF, 0x80, 0x7D, 0xF0, 0x1F, 0xBE, 0x03, 0xE7,
    0xE0, 0xFC, 0xFF, 0xFF, 0x8F, 0xFF, 0xE0, 0xFF, 0xF8, 0x07, 0xFE, 0x00, 0x1E, 0x00, 0x1E, 0x78,
    0x1F, 0xF0, 0x0F, 0xE0, 0x07, 0xE0, 0x01, 0x80, 0x1C, 0x78, 0x3E, 0x78, 0x3E, 0x7C, 0x1E, 0x78,
    0x0C, 0x30, 0x00, 0x00, 0xF8, 0x1F, 0xF8, 0x1F, 0xF8, 0x1F, 0xF8, 0x1F, 0xF8, 0x1F, 0xF8, 0x1F,
    0xF8, 0x1F, 0xF8, 0x1F, 0xF8, 0x1F, 0xF8, 0x1F, 0xFC, 0x3F, 0xFC, 0x3F, 0x7F, 0xFF, 0x7F, 0xFF,
    0x3F, 0xFF, 0x1F, 0xDF, 0x06, 0x00, 0x07, 0x80, 0x00, 0x78, 0x00, 0x07, 0x00, 0x00, 0xF0, 0x00,
    0x04, 0x00, 0x0E, 0x38, 0x03, 0xEF, 0x80, 0x7D, 0xF0, 0x0F, 0xBE, 0x00, 0xE3, 0x80, 0x00, 0x00,
    0x3C, 0x01, 0xEF, 0xC0, 0x3F, 0xF8, 0x07, 0xFF, 0x00, 0xFF, 0xE0, 0x1F, 0xFC, 0x03, 0xFF, 0x80,
    0x7F, 0xF0, 0x0F, 0xFE, 0x01, 0xFF, 0xC0, 0x3F, 0xF8, 0x07, 0xFF, 0x00, 0xFF, 0xE0, 0x1F, 0xFC,
    0x03, 0xFF, 0x80, 0x7D, 0xF0, 0x1F, 0xBE, 0x03, 0xE7, 0xE0, 0xFC, 0xFF, 0xFF, 0x8F, 0xFF, 0xE0,
    0xFF, 0xF8, 0x07, 0xFE, 0x00, 0x1E, 0x00, 0x0F, 0x00, 0x0F, 0x00, 0x07, 0x80, 0x03, 0x80, 0x01,
    0x80, 0x1C, 0x78, 0x3E, 0x78, 0x3E, 0x7C, 0x1E, 0x78, 0x0C, 0x30, 0x00, 0x00, 0xF8, 0x1F, 0xF8,
    0x1F, 0xF8, 0x1F, 0xF8, 0x1F, 0xF8, 0x1F, 0xF8, 0x1F, 0xF8, 0x1F, 0xF8, 0x1F, 0xF8, 0x1F, 0xF8,
    0x1F, 0xFC, 0x3F, 0xFC, 0x3F, 0x7F, 0xFF, 0x7F, 0xFF, 0x3F, 0xFF, 0x1F, 0xDF, 0x06, 0x00, 0x00,
    0x00, 0x1F, 0xE0, 0x3F, 0xF8, 0x7F, 0xFC, 0xFF, 0xFC, 0xF8, 0x3E, 0x00, 0x3E, 0x00, 0x3E, 0xFF,
    0xFE, 0xFF, 0xFE, 0xFF, 0xFE, 0xF8, 0x3E, 0xF8, 0x3E, 0x7C, 0xFC, 0x7F, 0xFC, 0x3F, 0xF8, 0x1F,
    0xF0, 0x03, 0x80, 0x03, 0xFE, 0x00, 0x1F, 0xF0, 0x00, 0xFF, 0x80, 0x00, 0x00, 0x00, 0x38, 0xF0,
    0x03, 0xE7, 0x80, 0x1F, 0x7C, 0x00, 0xF9, 0xE0, 0x03, 0x86, 0x00, 0x00, 0x00, 0x00, 0x3F, 0x00,
    0x03, 0xF8, 0x00, 0x1F, 0xE0, 0x00, 0xFF, 0x00, 0x0F, 0xF8, 0x00, 0x7F, 0xE0, 0x03, 0xDF, 0x00,
    0x3E, 0xF8, 0x01, 0xF7, 0xE0, 0x1F, 0x9F, 0x00, 0xF8, 0xF8, 0x07, 0xC7, 0xE0, 0x7E, 0x1F, 0x03,
    0xFF, 0xF8, 0x1F, 0xFF, 0xE1, 0xFF, 0xFF, 0x0F, 0xFF, 0xF8, 0x7F, 0xFF, 0xE7, 0xE0, 0x1F, 0x3F,
    0x00, 0xFD, 0xF0, 0x07, 0xFF, 0x80, 0x1F, 0x0F, 0xF8, 0x0F, 0xF8, 0x0F, 0xF8, 0x00, 0x00, 0x0E,
    0x38, 0x1E, 0x7C, 0x1F, 0x7C, 0x1E, 0x7C, 0x0C, 0x38, 0x00, 0x00, 0x0F, 0xF0, 0x1F, 0xFC, 0x3F,
    0xFE, 0x7F, 0xFE, 0x7C, 0x3E, 0x00, 0x3E, 0x03, 0xFE, 0x1F, 0xFE, 0x3F, 0xFE, 0x7F, 0xBE, 0x7C,
    0x3E, 0x78, 0x3E, 0x7C, 0x7E, 0x7F, 0xFE, 0x7F, 0xFE, 0x3F, 0xDE, 0x07, 0x00, 0x03, 0xFE, 0x00,
    0x1F, 0xF0, 0x00, 0xFF, 0x80, 0x00, 0x00, 0x00, 0x07, 0x80, 0x00, 0x7C, 0x00, 0x03, 0xE0, 0x00,
    0x1F, 0x00, 0x00, 0x70, 0x00, 0x00, 0x00, 0x00, 0x3F, 0x00, 0x03, 0xF8, 0x00, 0x1F, 0xE0, 0x00,
    0xFF, 0x00, 0x0F, 0xF8, 0x00, 0x7F, 0xE0, 0x03, 0xDF, 0x00, 0x3E, 0xF8, 0x01, 0xF7, 0xE0, 0x1F,
    0x9F, 0x00, 0xF8, 0xF8, 0x07, 0xC7, 0xE0, 0x7E, 0x1F, 0x03, 0xFF, 0xF8, 0x1F, 0xFF, 0xE1, 0xFF,
    0xFF, 0x0F, 0xFF, 0xF8, 0x7F, 0xFF, 0xE7, 0xE0, 0x1F, 0x3F, 0x00, 0xFD, 0xF0, 0x07, 0xFF, 0x80,
    0x1F, 0x0F, 0xF8, 0x0F, 0xF8, 0x0F, 0xF8, 0x00, 0x00, 0x01, 0xC0, 0x03, 0xE0, 0x03, 0xE0, 0x03,
    0xE0, 0x01, 0xC0, 0x00, 0x00, 0x0F, 0xF0, 0x1F, 0xFC, 0x3F, 0xFE, 0x7F, 0xFE, 0x7C, 0x3E, 0x00,
    0x3E, 0x03, 0xFE, 0x1F, 0xFE, 0x3F, 0xFE, 0x7F, 0xBE, 0x7C, 0x3E, 0x78, 0x3E, 0x7C, 0x7E, 0x7F,
    0xFE, 0x7F, 0xFE, 0x3F, 0xDE, 0x07, 0x00, 0x00, 0x01, 0xFE, 0x00, 0x00, 0x0F, 0xF8, 0x00, 0x00,
    0x7F, 0xC0, 0x00, 0x03, 0xFC, 0x00, 0x00, 0x00, 0x00, 0x00, 0x00, 0x00, 0x00, 0x00, 0xFF, 0xFF,
    0xC0, 0x0F, 0xFF, 0xFF, 0x00, 0x7F, 0xFF, 0xF8, 0x07, 0xFF, 0xFF, 0xC0, 0x3E, 0xFF, 0xFE, 0x03,
    0xE7, 0xC0, 0x00, 0x1F, 0x3E, 0x00, 0x01, 0xF9, 0xF0, 0x00, 0x0F, 0x8F, 0x80, 0x00, 0x7C, 0x7F,
    0xFE, 0x07, 0xC3, 0xFF, 0xF0, 0x3E, 0x1F, 0xFF, 0x83, 0xF0, 0xFF, 0xFC, 0x1F, 0xFF, 0xC0, 0x01,
    0xFF, 0xFE, 0x00, 0x0F, 0xFF, 0xF0, 0x00, 0x7F, 0xFF, 0x80, 0x07, 0xE0, 0x7C, 0x00, 0x3E, 0x03,
    0xFF, 0xFB, 0xF0, 0x1F, 0xFF, 0xDF, 0x00, 0xFF, 0xFF, 0xF8, 0x07, 0xFF, 0xF0, 0x00, 0x7F, 0x80,
    0x00, 0x3F, 0xE0, 0x00, 0x0F, 0xF8, 0x00, 0x01, 0xFE, 0x00, 0x00, 0x00, 0x00, 0x00, 0x00, 0x00,
    0x00, 0xFF, 0x3F, 0xC0, 0x7F, 0xFF, 0xF8, 0x3F, 0xFF, 0xFF, 0x1F, 0xFF, 0xFF, 0xE7, 0xC3, 0xF0,
    0xF8, 0x00, 0xF8, 0x1E, 0x07, 0xFF, 0xFF, 0xC7, 0xFF, 0xFF, 0xF3, 0xFF, 0xFF, 0xFD, 0xFF, 0xFF,
    0xFE, 0x7C, 0x3E, 0x00, 0x1E, 0x0F, 0xC1, 0xE7, 0xC7, 0xF8, 0xF9, 0xFF, 0xFF, 0xFE, 0x7F, 0xFF,
    0xFF, 0x0F, 0xF8, 0xFF, 0x80, 0x70, 0x0F, 0x00, 0x01, 0xF8, 0x00, 0x3F, 0xF0, 0x07, 0xFF, 0xE0,
    0x7F, 0xFF, 0x83, 0xFF, 0xFE, 0x3F, 0x03, 0xF1, 0xF0, 0x0F, 0x9F, 0x80, 0x7E, 0xF8, 0x00, 0x07,
    0xC0, 0x00, 0x3E, 0x07, 0xFD, 0xF0, 0x7F, 0xEF, 0x83, 0xFF, 0x7C, 0x1F, 0xFB, 0xE0, 0x07, 0xDF,
    0x87, 0xFF, 0x7E, 0x3F, 0xFB, 0xF8, 0x3F, 0x0F, 0xFF, 0xF0, 0x3F, 0xFF, 0x80, 0xFF, 0xF8, 0x03,
    0xFF, 0x00, 0x03, 0xC0, 0x00, 0x1F, 0xDF, 0x07, 0xFF, 0xE1, 0xFF, 0xFC, 0x3F, 0xFF, 0x8F, 0xC3,
    0xF1, 0xF0, 0x7E, 0x3E, 0x07, 0xC7, 0xC7, 0xFF, 0xF8, 0xFF, 0xFF, 0x1F, 0xFB, 0xE0, 0xFC, 0x7E,
    0x1F, 0x87, 0xFF, 0xF0, 0xFF, 0xFE, 0x0F, 0xFF, 0xC0, 0x7C, 0xF8, 0x00, 0x1F, 0x07, 0x03, 0xE3,
    0xF1, 0xF8, 0x3F, 0xFF, 0x03, 0xFF, 0xC0, 0x3F, 0xF0, 0x00, 0xF0, 0x00, 0x07, 0x0E, 0x00, 0xF9,
    0xF0, 0x07, 0xFE, 0x00, 0x3F, 0xC0, 0x01, 0xF8, 0x00, 0x07, 0x00, 0x00, 0x00, 0x00, 0x1F, 0x80,
    0x07, 0xFE, 0x01, 0xFF, 0xF8, 0x3F, 0xFF, 0xC3, 0xFF, 0xFE, 0x7E, 0x07, 0xE7, 0xC0, 0x3E, 0xFC,
    0x03, 0xFF, 0x80, 0x00, 0xF8, 0x00, 0x0F, 0x81, 0xFF, 0xF8, 0x3F, 0xFF, 0x83, 0xFF, 0xF8, 0x3F,
    0xFF, 0x80, 0x1F, 0xFC, 0x01, 0xF7, 0xE0, 0x3E, 0x7F, 0x07, 0xE3, 0xFF, 0xFC, 0x1F, 0xFF, 0xC0,
    0xFF, 0xF8, 0x07, 0xFE, 0x00, 0x0F, 0x00, 0x1C, 0x38, 0x3E, 0x78, 0x1F, 0xF0, 0x0F, 0xF0, 0x07,
    0xE0, 0x03, 0x80, 0x00, 0x00, 0x1F, 0xDF, 0x3F, 0xFF, 0x7F, 0xFF, 0x7F, 0xFF, 0xFC, 0x3F, 0xF8,
    0x3F, 0xF8, 0x1F, 0xF8, 0x1F, 0xF8, 0x1F, 0xF8, 0x1F, 0xF8, 0x3F, 0xFC, 0x3F, 0x7F, 0xFF, 0x7F,
    0xFF, 0x3F, 0xFF, 0x0F, 0x9F, 0x00, 0x1F, 0x38, 0x1F, 0xFC, 0x7E, 0x7F, 0xFE, 0x3F, 0xFC, 0x1F,
    0xF8, 0x03, 0xC0, 0x0E, 0x0E, 0x00, 0xF3, 0xE0, 0x07, 0xFC, 0x00, 0x3F, 0x80, 0x01, 0xF0, 0x00,
    0x0E, 0x00, 0x00, 0x00, 0x07, 0x80, 0x3E, 0xFC, 0x07, 0xEF, 0xC0, 0xFC, 0xFC, 0x1F, 0x8F, 0xC3,
    0xF0, 0xFC, 0x7E, 0x0F, 0xCF, 0xC0, 0xFD, 0xFC, 0x0F, 0xDF, 0x80, 0xFF, 0xF0, 0x0F, 0xFF, 0x00,
    0xFF, 0xF0, 0x0F, 0xFF, 0x80, 0xFF, 0xFC, 0x0F, 0xE7, 0xE0, 0xFC, 0x7E, 0x0F, 0xC3, 0xF0, 0xFC,
    0x1F, 0x8F, 0xC1, 0xF8, 0xFC, 0x0F, 0xCF, 0xC0, 0x7E, 0xFC, 0x07, 0xE0, 0x70, 0xE0, 0x1F, 0x3C,
    0x01, 0xFF, 0x80, 0x1F, 0xE0, 0x01, 0xF8, 0x00, 0x1C, 0x00, 0x00, 0x00, 0x00, 0x78, 0x00, 0x1F,
    0x00, 0x03, 0xE0, 0x00, 0x7C, 0x00, 0x0F, 0x80, 0x01, 0xF0, 0x00, 0x3E, 0x0F, 0x87, 0xC3, 0xF0,
    0xF8, 0xFC, 0x1F, 0x3F, 0x03, 0xEF, 0xC0, 0x7F, 0xF0, 0x0F, 0xFC, 0x01, 0xFF, 0x80, 0x3F, 0xF8,
    0x07, 0xFF, 0x80, 0xFF, 0xF0, 0x1F, 0x3F, 0x03, 0xE3, 0xF0, 0x7C, 0x7E, 0x0F, 0x87, 0xE1, 0xF0,
    0x7E, 0x01, 0xF8, 0x00, 0x3F, 0xF0, 0x07, 0xFF, 0xE0, 0x7F, 0xFF, 0x83, 0xFF, 0xFE, 0x3F, 0x03,
    0xF1, 0xF0, 0x0F, 0xDF, 0x80, 0x3E, 0xF8, 0x01, 0xF7, 0xC0, 0x0F, 0xBE, 0x00, 0x7D, 0xF0, 0x03,
    0xEF, 0x80, 0x1F, 0x7C, 0x00, 0xFB, 0xE0, 0x07, 0xDF, 0x80, 0x7E, 0x7E, 0x03, 0xF3, 0xF8, 0x3F,
    0x0F, 0xFF, 0xF8, 0x3F, 0xFF, 0x80, 0xFF, 0xF8, 0x03, 0xFF, 0x00, 0x03, 0xE0, 0x00, 0x3E, 0x00,
    0x01, 0xE0, 0x00, 0x0F, 0xE0, 0x00, 0x7F, 0x00, 0x01, 0xF8, 0x00, 0x00, 0x00, 0x00, 0x0F, 0xF0,
    0x1F, 0xF8, 0x3F, 0xFC, 0x7F, 0xFE, 0xFC, 0x3E, 0xF8, 0x3F, 0xF8, 0x1F, 0xF8, 0x1F, 0xF8, 0x1F,
    0xF8, 0x1F, 0xF8, 0x1F, 0xFC, 0x3F, 0x7E, 0xFE, 0x7F, 0xFE, 0x3F, 0xFC, 0x1F, 0xF0, 0x03, 0xE0,
    0x07, 0x80, 0x07, 0x80, 0x07, 0xE0, 0x07, 0xF0, 0x03, 0xF0, 0x00, 0x00, 0x03, 0xFC, 0x00, 0x1F,
    0xF0, 0x00, 0xFF, 0x80, 0x07, 0xFC, 0x00, 0x00, 0x00, 0x00, 0x00, 0x00, 0x07, 0xE0, 0x00, 0xFF,
    0xC0, 0x1F, 0xFF, 0x81, 0xFF, 0xFE, 0x0F, 0xFF, 0xF8, 0xFC, 0x0F, 0xC7, 0xC0, 0x3F, 0x7E, 0x00,
    0xFB, 0xE0, 0x07, 0xDF, 0x00, 0x3E, 0xF8, 0x01, 0xF7, 0xC0, 0x0F, 0xBE, 0x00, 0x7D, 0xF0, 0x03,
    0xEF, 0x80, 0x1F, 0x7E, 0x01, 0xF9, 0xF8, 0x0F, 0xCF, 0xE0, 0xFC, 0x3F, 0xFF, 0xE0, 0xFF, 0xFE,
    0x03, 0xFF, 0xE0, 0x0F, 0xFC, 0x00, 0x0F, 0x80, 0x00, 0xF8, 0x00, 0x07, 0x80, 0x00, 0x3F, 0x80,
    0x01, 0xFC, 0x00, 0x07, 0xE0, 0x00, 0x00, 0x00, 0x0F, 0xF0, 0x1F, 0xF0, 0x1F, 0xF0, 0x0F, 0xF0,
    0x00, 0x00, 0x00, 0x00, 0x0F, 0xF0, 0x1F, 0xF8, 0x3F, 0xFC, 0x7F, 0xFE, 0xFC, 0x3E, 0xF8, 0x3F,
    0xF8, 0x1F, 0xF8, 0x1F, 0xF8, 0x1F, 0xF8, 0x1F, 0xF8, 0x1F, 0xFC, 0x3F, 0x7E, 0xFE, 0x7F, 0xFE,
    0x3F, 0xFC, 0x1F, 0xF0, 0x03, 0xE0, 0x07, 0x80, 0x07, 0x80, 0x07, 0xE0, 0x07, 0xF0, 0x03, 0xF0,
    0x00, 0x00, 0x07, 0x0E, 0x01, 0xF3, 0xE0, 0x1F, 0xF8, 0x01, 0xFE, 0x00, 0x1F, 0x80, 0x01, 0xC0,
    0x00, 0x00, 0x01, 0xFF, 0xFE, 0x3F, 0xFF, 0xE7, 0xFF, 0xFC, 0xFF, 0xFF, 0x9F, 0xFF, 0xE0, 0x01,
    0xF8, 0x00, 0x7E, 0x00, 0x1F, 0x80, 0x07, 0xE0, 0x01, 0xF8, 0x00, 0x3E, 0x00, 0x0F, 0xF8, 0x01,
    0xFF, 0x80, 0x1F, 0xF8, 0x00, 0x1F, 0x80, 0x01, 0xF8, 0x00, 0x3F, 0x00, 0x03, 0xE0, 0x00, 0x7C,
    0x00, 0x0F, 0xBE, 0x01, 0xF7, 0xC0, 0x3E, 0xF8, 0x0F, 0xDF, 0x83, 0xF1, 0xFF, 0xFE, 0x1F, 0xFF,
    0x81, 0xFF, 0xE0, 0x1F, 0xF0, 0x00, 0x78, 0x00, 0x1C, 0x1C, 0x0F, 0x3E, 0x03, 0xDE, 0x00, 0xFE,
    0x00, 0x3E, 0x00, 0x0E, 0x01, 0xFF, 0xF8, 0xFF, 0xFE, 0x7F, 0xFF, 0x3F, 0xFF, 0x9F, 0xFF, 0x80,
    0x0F, 0x80, 0x0F, 0x80, 0x0F, 0x80, 0x0F, 0x80, 0x0F, 0xE0, 0x07, 0xFC, 0x03, 0xFF, 0x00, 0x3F,
    0xC0, 0x03, 0xE0, 0x01, 0xFF, 0xC0, 0x7F, 0xE0, 0x7F, 0xF8, 0x3F, 0x7F, 0xFF, 0x3F, 0xFF, 0x8F,
    0xFF, 0x81, 0xFF, 0x00, 0x3C, 0x00, 0x70, 0xEF, 0x9E, 0x7F, 0xE3, 0xFC, 0x1F, 0x80, 0xE0, 0x00,
    0x01, 0xF0, 0x1F, 0x01, 0xF0, 0x1F, 0x01, 0xF0, 0x1F, 0x01, 0xF0, 0x1F, 0x01, 0xF0, 0x1F, 0x01,
    0xF0, 0x1F, 0x01, 0xF0, 0x1F, 0x01, 0xF0, 0x1F, 0x01, 0xF0, 0x1F, 0x07, 0xF0, 0x7F, 0x07, 0xE0,
    0x7C, 0x00, 0x7F, 0xC0, 0x07, 0xFF, 0xFF, 0xFF, 0xF0, 0x1F, 0xFF, 0xFF, 0xFF, 0xE0, 0x7F, 0xFF,
    0xFF, 0xFF, 0xC1, 0xFF, 0xFF, 0xFF, 0xFF, 0x87, 0xFF, 0xFB, 0xF0, 0x7F, 0x00, 0x07, 0xEF, 0xC0,
    0x7C, 0x00, 0x3F, 0x3F, 0x01, 0xF8, 0x01, 0xF8, 0xFC, 0x03, 0xE0, 0x07, 0xC3, 0xF0, 0x0F, 0x80,
    0x3F, 0x0F, 0xC0, 0x3E, 0x01, 0xF8, 0x3F, 0x00, 0xF8, 0x07, 0xC0, 0xFC, 0x03, 0xE0, 0x3F, 0x03,
    0xF0, 0x0F, 0x81, 0xF8, 0x0F, 0xC0, 0x3E, 0x0F, 0xC0, 0x3F, 0x01, 0xF0, 0x3E, 0x00, 0xFC, 0x0F,
    0xC1, 0xF8, 0x03, 0xF0, 0x7F, 0x0F, 0xC0, 0x0F, 0xFF, 0xF8, 0x7F, 0xFF, 0xFF, 0xFF, 0xC1, 0xFF,
    0xFF, 0xFF, 0xFE, 0x07, 0xFF, 0xFF, 0xFF, 0xE0, 0x1F, 0xFF, 0xF0, 0x7F, 0xC0, 0x00, 0x00, 0x1F,
    0xFF, 0x80, 0x00, 0x03, 0xFF, 0xF8, 0x00, 0x00, 0x7F, 0xFF, 0x80, 0x00, 0x0F, 0xFF, 0xF8, 0x00,
    0x01, 0xF8, 0x3F, 0x80, 0x00, 0x3F, 0x01, 0xF1, 0xFF, 0xFF, 0xE0, 0x3F, 0x3F, 0xFF, 0xFC, 0x03,
    0xE7, 0xFF, 0xFF, 0x80, 0x7C, 0xFF, 0xFF, 0xF0, 0x0F, 0x80, 0x3F, 0x7E, 0x01, 0xF0, 0x0F, 0xCF,
    0xC0, 0x3E, 0x01, 0xF1, 0xF8, 0x07, 0xC0, 0x7C, 0x3F, 0x00, 0xF8, 0x1F, 0x87, 0xE0, 0x3E, 0x07,
    0xE0, 0xFC, 0x0F, 0xC1, 0xF8, 0x1F, 0x83, 0xF8, 0x3E, 0x03, 0xFF, 0xFE, 0x0F, 0xFF, 0xFF, 0xFF,
    0x83, 0xFF, 0xFF, 0xFF, 0xE0, 0x7F, 0xFF, 0xFF, 0xF0, 0x0F, 0xFF, 0xC0, 0x00, 0x1E, 0x00, 0x00,
    0x00, 0x1F, 0x00, 0x00, 0x00, 0x1F, 0x00, 0x00, 0x00, 0x1F, 0x00, 0x00, 0x00, 0x1F, 0x00, 0x00,
    0x00, 0x1F, 0x00, 0x00, 0x1F, 0x9F, 0x1F, 0xFF, 0x3F, 0xFF, 0x1F, 0xFF, 0x7F, 0xFF, 0x1F, 0xFF,
    0x7F, 0xFF, 0x1F, 0xFF, 0xFC, 0x3F, 0x00, 0x3E, 0xF8, 0x3F, 0x00, 0x7C, 0xF8, 0x1F, 0x00, 0xF8,
    0xF8, 0x1F, 0x01, 0xF8, 0xF8, 0x1F, 0x03, 0xF0, 0xF8, 0x1F, 0x07, 0xE0, 0xF8, 0x1F, 0x07, 0xC0,
    0xFC, 0x3F, 0x0F, 0xC0, 0x7F, 0xFF, 0x1F, 0xFF, 0x7F, 0xFF, 0x3F, 0xFF, 0x3F, 0xFF, 0x3F, 0xFF,
    0x1F, 0xDF, 0x3F, 0xFF, 0x07, 0x00, 0x00, 0x00, 0x00, 0x1C, 0x00, 0x03, 0xE0, 0x00, 0x7C, 0x00,
    0x07, 0x80, 0x00, 0xF0, 0x00, 0x0F, 0x00, 0x00, 0x00, 0x00, 0x1F, 0x80, 0x07, 0xFE, 0x01, 0xFF,
    0xF8, 0x3F, 0xFF, 0xC3, 0xFF, 0xFE, 0x7E, 0x07, 0xE7, 0xC0, 0x3E, 0xFC, 0x03, 0xFF, 0x80, 0x00,
    0xF8, 0x00, 0x0F, 0x81, 0xFF, 0xF8, 0x3F, 0xFF, 0x83, 0xFF, 0xF8, 0x3F, 0xFF, 0x80, 0x1F, 0xFC,
    0x01, 0xF7, 0xE0, 0x3E, 0x7F, 0x07, 0xE3, 0xFF, 0xFC, 0x1F, 0xFF, 0xC0, 0xFF, 0xF8, 0x07, 0xFE,
    0x00, 0x0F, 0x00, 0x00, 0x70, 0x00, 0xF0, 0x01, 0xF0, 0x01, 0xE0, 0x03, 0xC0, 0x03, 0x80, 0x00,
    0x00, 0x1F, 0xDF, 0x3F, 0xFF, 0x7F, 0xFF, 0x7F, 0xFF, 0xFC, 0x3F, 0xF8, 0x3F, 0xF8, 0x1F, 0xF8,
    0x1F, 0xF8, 0x1F, 0xF8, 0x1F, 0xF8, 0x3F, 0xFC, 0x3F, 0x7F, 0xFF, 0x7F, 0xFF, 0x3F, 0xFF, 0x0F,
    0x9F, 0x00, 0x1F, 0x38, 0x1F, 0xFC, 0x7E, 0x7F, 0xFE, 0x3F, 0xFC, 0x1F, 0xF8, 0x03, 0xC0, 0x78,
    0x03, 0xE0, 0x03, 0xF0, 0x0F, 0x80, 0x0F, 0xC0, 0x3E, 0x00, 0x3F, 0x00, 0xF8, 0x00, 0xFC, 0x03,
    0xE0, 0x03, 0xF0, 0x0F, 0x80, 0x0F, 0xC0, 0x3E, 0x07, 0xFF, 0x00, 0xF8, 0x1F, 0xFC, 0x03, 0xE0,
    0x7F, 0xFF, 0xFF, 0x81, 0xFF, 0xFF, 0xFE, 0x07, 0xFF, 0xFF, 0xF8, 0x1F, 0xFF, 0xFF, 0xE0, 0x7F,
    0xFF, 0xFF, 0x81, 0xFF, 0xC0, 0x3E, 0x07, 0xFF, 0x00, 0xF8, 0x1F, 0xFC, 0x03, 0xE0, 0x7F, 0xF0,
    0x0F, 0xC3, 0xFF, 0xC0, 0x1F, 0xFF, 0xBF, 0x00, 0x7F, 0xFE, 0xFC, 0x00, 0xFF, 0xF3, 0xF0, 0x01,
    0xFF, 0x80, 0x00, 0x00, 0xF0, 0x00, 0xFB, 0xE0, 0x3F, 0xFF, 0x0F, 0xFF, 0xE3, 0xFF, 0xFC, 0xFE,
    0x7F, 0x3E, 0x07, 0xEF, 0x80, 0xFB, 0xE0, 0x3E, 0xF8, 0x0F, 0xBE, 0x03, 0xFF, 0x80, 0xFF, 0xE0,
    0x3E, 0xF8, 0x0F, 0xBE, 0x03, 0xEF, 0x81, 0xFB, 0xE0, 0x7C, 0xF8, 0x3F, 0x3E, 0x1F, 0x8F, 0x8F,
    0xE3, 0xEF, 0xF0, 0xFF, 0xF8, 0x3F, 0xF8, 0x0F, 0xF8, 0x03, 0xF8, 0x00, 0xF8, 0x00, 0x3E, 0x00,
    0x0F, 0x80, 0x03, 0xE0, 0x00, 0x03, 0x80, 0x00, 0x7C, 0x00, 0x03, 0xE0, 0x00, 0x1E, 0x00, 0x00,
    0xF0, 0x00, 0x0F, 0x00, 0x00, 0x00, 0x07, 0xC0, 0x1E, 0xFE, 0x03, 0xFF, 0xE0, 0x3F, 0xFF, 0x03,
    0xFF, 0xF0, 0x3F, 0xFF, 0x83, 0xFF, 0xFC, 0x3F, 0xFF, 0xC3, 0xFF, 0xFE, 0x3F, 0xFF, 0xF3, 0xFF,
    0xDF, 0x3F, 0xFD, 0xFB, 0xFF, 0xCF, 0xBF, 0xFC, 0x7F, 0xFF, 0xC7, 0xFF, 0xFC, 0x3F, 0xFF, 0xC3,
    0xFF, 0xFC, 0x1F, 0xFF, 0xC0, 0xFF, 0xFC, 0x0F, 0xFF, 0xC0, 0x7F, 0xFC, 0x03, 0xF0, 0x0E, 0x00,
    0x1F, 0x00, 0x0F, 0x80, 0x07, 0x80, 0x03, 0xC0, 0x03, 0xC0, 0x00, 0x00, 0xF9, 0xF8, 0xFB, 0xFC,
    0xFF, 0xFE, 0xFF, 0xFE, 0xFC, 0x3E, 0xFC, 0x3F, 0xF8, 0x1F, 0xF8, 0x1F, 0xF8, 0x1F, 0xF8, 0x1F,
    0xF8, 0x1F, 0xF8, 0x1F, 0xF8, 0x1F, 0xF8, 0x1F, 0xF8, 0x1F, 0xF8, 0x1F, 0x00, 0x1E, 0x00, 0x00,
    0xF0, 0x00, 0x0F, 0x00, 0x00, 0xF0, 0x00, 0x07, 0x80, 0x00, 0xFE, 0x00, 0x07, 0xF8, 0x00, 0x39,
    0xC0, 0x01, 0xCE, 0x00, 0x0F, 0xF0, 0x00, 0x3F, 0x00, 0x01, 0xF8, 0x00, 0x1F, 0xC0, 0x00, 0xFF,
    0x00, 0x07, 0xF8, 0x00, 0x7F, 0xC0, 0x03, 0xFF, 0x00, 0x1E, 0xF8, 0x01, 0xF7, 0xC0, 0x0F, 0xBF,
    0x00, 0xFC, 0xF8, 0x07, 0xC7, 0xC0, 0x3E, 0x3F, 0x03, 0xF0, 0xF8, 0x1F, 0xFF, 0xC0, 0xFF, 0xFF,
    0x0F, 0xFF, 0xF8, 0x7F, 0xFF, 0xC3, 0xFF, 0xFF, 0x3F, 0x00, 0xF9, 0xF8, 0x07, 0xEF, 0x80, 0x3F,
    0xFC, 0x00, 0xF8, 0x00, 0xF8, 0x00, 0xF0, 0x01, 0xE0, 0x00, 0x00, 0x03, 0xE0, 0x07, 0xF0, 0x0F,
    0x70, 0x0E, 0x38, 0x0E, 0x70, 0x07, 0xF0, 0x03, 0xE0, 0x00, 0x80, 0x0F, 0xF0, 0x1F, 0xFC, 0x3F,
    0xFE, 0x7F, 0xFE, 0x7C, 0x3E, 0x00, 0x3E, 0x03, 0xFE, 0x1F, 0xFE, 0x3F, 0xFE, 0x7F, 0xBE, 0x7C,
    0x3E, 0x78, 0x3E, 0x7C, 0x7E, 0x7F, 0xFE, 0x7F, 0xFE, 0x3F, 0xDE, 0x07, 0x00, 0x00, 0x00, 0x0E,
    0x00, 0x00, 0x00, 0xF8, 0x00, 0x00, 0x0F, 0x80, 0x00, 0x00, 0x78, 0x00, 0x00, 0x07, 0x80, 0x00,
    0x00, 0x3C, 0x00, 0x00, 0x00, 0x00, 0x00, 0x07, 0xFF, 0xFE, 0x00, 0x7F, 0xFF, 0xF8, 0x03, 0xFF,
    0xFF, 0xC0, 0x3F, 0xFF, 0xFE, 0x01, 0xF7, 0xFF, 0xF0, 0x1F, 0x3E, 0x00, 0x00, 0xF9, 0xF0, 0x00,
    0x0F, 0xCF, 0x80, 0x00, 0x7C, 0x7C, 0x00, 0x03, 0xE3, 0xFF, 0xF0, 0x3E, 0x1F, 0xFF, 0x81, 0xF0,
    0xFF, 0xFC, 0x1F, 0x87, 0xFF, 0xE0, 0xFF, 0xFE, 0x00, 0x0F, 0xFF, 0xF0, 0x00, 0x7F, 0xFF, 0x80,
    0x03, 0xFF, 0xFC, 0x00, 0x3F, 0x03, 0xE0, 0x01, 0xF0, 0x1F, 0xFF, 0xDF, 0x80, 0xFF, 0xFE, 0xF8,
    0x07, 0xFF, 0xFF, 0xC0, 0x3F, 0xFF, 0x80, 0x00, 0x03, 0x80, 0x00, 0x01, 0xE0, 0x00, 0x00, 0xF8,
    0x00, 0x00, 0x3C, 0x00, 0x00, 0x1E, 0x00, 0x00, 0x07, 0x80, 0x00, 0x00, 0x00, 0x00, 0x3F, 0xCF,
    0xF0, 0x1F, 0xFF, 0xFE, 0x0F, 0xFF, 0xFF, 0xC7, 0xFF, 0xFF, 0xF9, 0xF0, 0xFC, 0x3E, 0x00, 0x3E,
    0x07, 0x81, 0xFF, 0xFF, 0xF1, 0xFF, 0xFF, 0xFC, 0xFF, 0xFF, 0xFF, 0x7F, 0xFF, 0xFF, 0x9F, 0x0F,
    0x80, 0x07, 0x83, 0xF0, 0x79, 0xF1, 0xFE, 0x3E, 0x7F, 0xFF, 0xFF, 0x9F, 0xFF, 0xFF, 0xC3, 0xFE,
    0x3F, 0xE0, 0x1C, 0x03, 0xC0, 0x00, 0x1C, 0x00, 0x01, 0xF0, 0x00, 0x0F, 0x00, 0x00, 0xF0, 0x00,
    0x07, 0x80, 0x00, 0x38, 0x00, 0x00, 0x00, 0x00, 0x3F, 0x1C, 0x07, 0xFF, 0xE0, 0xFF, 0xFF, 0x0F,
    0xFF, 0xF0, 0x7F, 0xFF, 0xC7, 0xE0, 0xFE, 0x3E, 0x07, 0xFB, 0xF0, 0x7F, 0xDF, 0x07, 0xBE, 0xF8,
    0x7D, 0xF7, 0xC3, 0xCF, 0xBE, 0x3C, 0x7D, 0xF3, 0xC3, 0xEF, 0x9E, 0x1F, 0x7D, 0xE0, 0xFB, 0xFE,
    0x0F, 0xCF, 0xF0, 0x7E, 0x7F, 0x07, 0xE1, 0xFF, 0xFE, 0x0F, 0xFF, 0xF0, 0xFF, 0xFF, 0x07, 0xFF,
    0xE0, 0x18, 0x78, 0x00, 0x00, 0x70, 0x00, 0xF0, 0x01, 0xF0, 0x01, 0xE0, 0x03, 0xC0, 0x03, 0x80,
    0x00, 0x00, 0x0F, 0xF7, 0x1F, 0xFF, 0x3F, 0xFE, 0x7F, 0xFE, 0xFC, 0x7E, 0xF8, 0xFF, 0xF9, 0xFF,
    0xF9, 0xDF, 0xFB, 0x9F, 0xFF, 0x1F, 0xFF, 0x1F, 0xFE, 0x3E, 0x7E, 0xFE, 0x7F, 0xFC, 0xFF, 0xFC,
    0xFF, 0xF0, 0x43, 0xC0, 0x0E, 0x38, 0x00, 0xFB, 0xE0, 0x03, 0xEF, 0x00, 0x0F, 0x7C, 0x00, 0x3D,
    0xE0, 0x00, 0xE7, 0x00, 0x00, 0x00, 0x00, 0x1F, 0x80, 0x01, 0xFC, 0x00, 0x0F, 0xF0, 0x00, 0x7F,
    0x80, 0x07, 0xFC, 0x00, 0x3F, 0xF0, 0x01, 0xEF, 0x80, 0x1F, 0x7C, 0x00, 0xFB, 0xF0, 0x0F, 0xCF,
    0x80, 0x7C, 0x7C, 0x03, 0xE3, 0xF0, 0x3F, 0x0F, 0x81, 0xFF, 0xFC, 0x0F, 0xFF, 0xF0, 0xFF, 0xFF,
    0x87, 0xFF, 0xFC, 0x3F, 0xFF, 0xF3, 0xF0, 0x0F, 0x9F, 0x80, 0x7E, 0xF8, 0x03, 0xFF, 0xC0, 0x0F,
    0x80, 0x79, 0xC0, 0x7D, 0xE0, 0x3D, 0xF0, 0x1E, 0xF0, 0x1E, 0x70, 0x0E, 0x70, 0x00, 0x00, 0x0F,
    0xF0, 0x1F, 0xFC, 0x3F, 0xFE, 0x7F, 0xFE, 0x7C, 0x3E, 0x00, 0x3E, 0x03, 0xFE, 0x1F, 0xFE, 0x3F,
    0xFE, 0x7F, 0xBE, 0x7C, 0x3E, 0x78, 0x3E, 0x7C, 0x7E, 0x7F, 0xFE, 0x7F, 0xFE, 0x3F, 0xDE, 0x07,
    0x00, 0x00, 0x70, 0x00, 0x0F, 0xE0, 0x00, 0xFF, 0x80, 0x07, 0xBE, 0x00, 0x78, 0x70, 0x01, 0x83,
    0x80, 0x00, 0x00, 0x00, 0x1F, 0x80, 0x01, 0xFC, 0x00, 0x0F, 0xF0, 0x00, 0x7F, 0x80, 0x07, 0xFC,
    0x00, 0x3F, 0xF0, 0x01, 0xEF, 0x80, 0x1F, 0x7C, 0x00, 0xFB, 0xF0, 0x0F, 0xCF, 0x80, 0x7C, 0x7C,
    0x03, 0xE3, 0xF0, 0x3F, 0x0F, 0x81, 0xFF, 0xFC, 0x0F, 0xFF, 0xF0, 0xFF, 0xFF, 0x87, 0xFF, 0xFC,
    0x3F, 0xFF, 0xF3, 0xF0, 0x0F, 0x9F, 0x80, 0x7E, 0xF8, 0x03, 0xFF, 0xC0, 0x0F, 0x80, 0x01, 0xC0,
    0x07, 0xF0, 0x0F, 0xF8, 0x1F, 0x78, 0x1C, 0x3C, 0x0C, 0x18, 0x00, 0x00, 0x0F, 0xF0, 0x1F, 0xFC,
    0x3F, 0xFE, 0x7F, 0xFE, 0x7C, 0x3E, 0x00, 0x3E, 0x03, 0xFE, 0x1F, 0xFE, 0x3F, 0xFE, 0x7F, 0xBE,
    0x7C, 0x3E, 0x78, 0x3E, 0x7C, 0x7E, 0x7F, 0xFE, 0x7F, 0xFE, 0x3F, 0xDE, 0x07, 0x00, 0x71, 0xC0,
    0x79, 0xE0, 0x3D, 0xE0, 0x3E, 0xF0, 0x1E, 0xF0, 0x0E, 0x70, 0x00, 0x00, 0x7F, 0xFE, 0xFF, 0xFF,
    0xFF, 0xFF, 0xFF, 0xFF, 0xFF, 0xFE, 0xFC, 0x00, 0xFC, 0x00, 0xFC, 0x00, 0xFC, 0x00, 0xFF, 0xFE,
    0xFF, 0xFE, 0xFF, 0xFE, 0xFF, 0xFE, 0xFC, 0x00, 0xFC, 0x00, 0xFC, 0x00, 0xFC, 0x00, 0xFC, 0x00,
    0xFF, 0xFF, 0xFF, 0xFF, 0xFF, 0xFF, 0xFF, 0xFF, 0x71, 0xC0, 0xFB, 0xE0, 0x7D, 0xE0, 0x3D, 0xE0,
    0x1E, 0xF0, 0x1E, 0x70, 0x00, 0x00, 0x0F, 0xE0, 0x1F, 0xF8, 0x3F, 0xFC, 0x7F, 0xFC, 0xFC, 0x3E,
    0xF8, 0x3E, 0xFF, 0xFE, 0xFF, 0xFE, 0xFF, 0xFF, 0xFF, 0xFE, 0xF8, 0x00, 0xF8, 0x1E, 0x7E, 0x7E,
    0x7F, 0xFE, 0x3F, 0xFC, 0x1F, 0xF0, 0x03, 0xC0, 0x01, 0xC0, 0x07, 0xF0, 0x0F, 0xF8, 0x1E, 0x78,
    0x1C, 0x38, 0x18, 0x18, 0x00, 0x00, 0x7F, 0xFE, 0xFF, 0xFF, 0xFF, 0xFF, 0xFF, 0xFF, 0xFF, 0xFE,
    0xFC, 0x00, 0xFC, 0x00, 0xFC, 0x00, 0xFC, 0x00, 0xFF, 0xFE, 0xFF, 0xFE, 0xFF, 0xFE, 0xFF, 0xFE,
    0xFC, 0x00, 0xFC, 0x00, 0xFC, 0x00, 0xFC, 0x00, 0xFC, 0x00, 0xFF, 0xFF, 0xFF, 0xFF, 0xFF, 0xFF,
    0xFF, 0xFF, 0x03, 0x80, 0x0F, 0xE0, 0x1F, 0xF0, 0x1E, 0xF8, 0x3C, 0x38, 0x18, 0x30, 0x00, 0x00,
    0x0F, 0xE0, 0x1F, 0xF8, 0x3F, 0xFC, 0x7F, 0xFC, 0xFC, 0x3E, 0xF8, 0x3E, 0xFF, 0xFE, 0xFF, 0xFE,
    0xFF, 0xFF, 0xFF, 0xFE, 0xF8, 0x00, 0xF8, 0x1E, 0x7E, 0x7E, 0x7F, 0xFE, 0x3F, 0xFC, 0x1F, 0xF0,
    0x03, 0xC0, 0x71, 0xC3, 0xCF, 0x1F, 0x78, 0x7D, 0xE1, 0xEF, 0x07, 0x38, 0x00, 0x00, 0x78, 0x07,
    0xE0, 0x3F, 0x01, 0xF8, 0x0F, 0xC0, 0x7E, 0x03, 0xF0, 0x1F, 0x80, 0xFC, 0x07, 0xE0, 0x3F, 0x01,
    0xF8, 0x0F, 0xC0, 0x7E, 0x03, 0xF0, 0x1F, 0x80, 0xFC, 0x07, 0xE0, 0x3F, 0x01, 0xF8, 0x0F, 0xC0,
    0x7E, 0x00, 0x71, 0xC7, 0xBE, 0x7D, 0xE3, 0xCF, 0x1E, 0xF0, 0xE7, 0x00, 0x00, 0x7C, 0x07, 0xC0,
    0x7C, 0x07, 0xC0, 0x7C, 0x07, 0xC0, 0x7C, 0x07, 0xC0, 0x7C, 0x07, 0xC0, 0x7C, 0x07, 0xC0, 0x7C,
    0x07, 0xC0, 0x7C, 0x07, 0xC0, 0x0E, 0x0F, 0xF1, 0xFF, 0x79, 0xEE, 0x1D, 0x81, 0x80, 0x00, 0xF0,
    0x3F, 0x07, 0xE0, 0xFC, 0x1F, 0x83, 0xF0, 0x7E, 0x0F, 0xC1, 0xF8, 0x3F, 0x07, 0xE0, 0xFC, 0x1F,
    0x83, 0xF0, 0x7E, 0x0F, 0xC1, 0xF8, 0x3F, 0x07, 0xE0, 0xFC, 0x1F, 0x83, 0xF0, 0x0E, 0x07, 0xF1,
    0xFF, 0x3C, 0xF7, 0x0E, 0xC0, 0xC0, 0x00, 0xF8, 0x1F, 0x03, 0xE0, 0x7C, 0x0F, 0x81, 0xF0, 0x3E,
    0x07, 0xC0, 0xF8, 0x1F, 0x03, 0xE0, 0x7C, 0x0F, 0x81, 0xF0, 0x3E, 0x07, 0xC0, 0x1E, 0x70, 0x00,
    0xFB, 0xC0, 0x03, 0xDF, 0x00, 0x1F, 0x78, 0x00, 0x7B, 0xC0, 0x01, 0xCE, 0x00, 0x00, 0x00, 0x00,
    0x3F, 0x00, 0x07, 0xFE, 0x00, 0xFF, 0xFC, 0x0F, 0xFF, 0xF0, 0x7F, 0xFF, 0xC7, 0xE0, 0x7E, 0x3E,
    0x01, 0xFB, 0xF0, 0x07, 0xDF, 0x00, 0x3E, 0xF8, 0x01, 0xF7, 0xC0, 0x0F, 0xBE, 0x00, 0x7D, 0xF0,
    0x03, 0xEF, 0x80, 0x1F, 0x7C, 0x00, 0xFB, 0xF0, 0x0F, 0xCF, 0xC0, 0x7E, 0x7F, 0x07, 0xE1, 0xFF,
    0xFE, 0x07, 0xFF, 0xF0, 0x1F, 0xFF, 0x00, 0x7F, 0xE0, 0x00, 0x78, 0x00, 0x71, 0xC0, 0xFB, 0xE0,
    0x7D, 0xE0, 0x3C, 0xF0, 0x1E, 0xF0, 0x0E, 0x70, 0x00, 0x00, 0x0F, 0xF0, 0x1F, 0xF8, 0x3F, 0xFC,
    0x7F, 0xFE, 0xFC, 0x3E, 0xF8, 0x3F, 0xF8, 0x1F, 0xF8, 0x1F, 0xF8, 0x1F, 0xF8, 0x1F, 0xF8, 0x1F,
    0xFC, 0x3E, 0x7E, 0xFE, 0x7F, 0xFC, 0x3F, 0xFC, 0x1F, 0xF0, 0x03, 0xC0, 0x00, 0x70, 0x00, 0x0F,
    0xE0, 0x00, 0xFF, 0x80, 0x0F, 0x3C, 0x00, 0x70, 0xE0, 0x03, 0x03, 0x00, 0x00, 0x00, 0x00, 0x3F,
    0x00, 0x07, 0xFE, 0x00, 0xFF, 0xFC, 0x0F, 0xFF, 0xF0, 0x7F, 0xFF, 0xC7, 0xE0, 0x7E, 0x3E, 0x01,
    0xFB, 0xF0, 0x07, 0xDF, 0x00, 0x3E, 0xF8, 0x01, 0xF7, 0xC0, 0x0F, 0xBE, 0x00, 0x7D, 0xF0, 0x03,
    0xEF, 0x80, 0x1F, 0x7C, 0x00, 0xFB, 0xF0, 0x0F, 0xCF, 0xC0, 0x7E, 0x7F, 0x07, 0xE1, 0xFF, 0xFE,
    0x07, 0xFF, 0xF0, 0x1F, 0xFF, 0x00, 0x7F, 0xE0, 0x00, 0x78, 0x00, 0x03, 0x80, 0x0F, 0xE0, 0x1F,
    0xF0, 0x1E, 0x78, 0x1C, 0x38, 0x18, 0x18, 0x00, 0x00, 0x0F, 0xF0, 0x1F, 0xF8, 0x3F, 0xFC, 0x7F,
    0xFE, 0xFC, 0x3E, 0xF8, 0x3F, 0xF8, 0x1F, 0xF8, 0x1F, 0xF8, 0x1F, 0xF8, 0x1F, 0xF8, 0x1F, 0xFC,
    0x3E, 0x7E, 0xFE, 0x7F, 0xFC, 0x3F, 0xFC, 0x1F, 0xF0, 0x03, 0xC0, 0x79, 0xE0, 0x1F, 0x7C, 0x03,
    0xCF, 0x00, 0x7B, 0xC0, 0x1F, 0x78, 0x03, 0xDE, 0x00, 0x00, 0x01, 0xFF, 0x80, 0xFF, 0xFC, 0x3F,
    0xFF, 0x8F, 0xFF, 0xF3, 0xFF, 0xFE, 0xFC, 0x1F, 0xBF, 0x03, 0xEF, 0xC0, 0xFB, 0xF0, 0x3E, 0xFC,
    0x1F, 0xBF, 0x1F, 0xEF, 0xFF, 0xF3, 0xFF, 0xF8, 0xFF, 0xFC, 0x3F, 0xFF, 0x0F, 0xC7, 0xC3, 0xF1,
    0xF8, 0xFC, 0x3E, 0x3F, 0x0F, 0xCF, 0xC1, 0xFB, 0xF0, 0x3E, 0xFC, 0x0F, 0xC0, 0x79, 0xE1, 0xF7,
    0x83, 0xCF, 0x07, 0xBC, 0x1E, 0x78, 0x3D, 0xC0, 0x00, 0x07, 0xDF, 0x1F, 0xFC, 0x7F, 0xF1, 0xFF,
    0xC7, 0xF0, 0x1F, 0x80, 0x7C, 0x01, 0xF0, 0x07, 0xC0, 0x1F, 0x00, 0x7C, 0x01, 0xF0, 0x07, 0xC0,
    0x1F, 0x00, 0x7C, 0x01, 0xF0, 0x00, 0x01, 0xC0, 0x01, 0xFC, 0x00, 0xFF, 0x80, 0x7D, 0xE0, 0x1C,
    0x3C, 0x03, 0x06, 0x00, 0x00, 0x01, 0xFF, 0x80, 0xFF, 0xFC, 0x3F, 0xFF, 0x8F, 0xFF, 0xF3, 0xFF,
    0xFE, 0xFC, 0x1F, 0xBF, 0x03, 0xEF, 0xC0, 0xFB, 0xF0, 0x3E, 0xFC, 0x1F, 0xBF, 0x1F, 0xEF, 0xFF,
    0xF3, 0xFF, 0xF8, 0xFF, 0xFC, 0x3F, 0xFF, 0x0F, 0xC7, 0xC3, 0xF1, 0xF8, 0xFC, 0x3E, 0x3F, 0x0F,
    0xCF, 0xC1, 0xFB, 0xF0, 0x3E, 0xFC, 0x0F, 0xC0, 0x0E, 0x07, 0xF1, 0xFF, 0x7D, 0xEE, 0x1E, 0xC1,
    0x80, 0x07, 0xDF, 0xFF, 0xFF, 0xFF, 0xFF, 0xFF, 0x0F, 0xC1, 0xF0, 0x3E, 0x07, 0xC0, 0xF8, 0x1F,
    0x03, 0xE0, 0x7C, 0x0F, 0x81, 0xF0, 0x3E, 0x00, 0x1C, 0x70, 0x07, 0xDF, 0x00, 0x7D, 0xE0, 0x07,
    0xBC, 0x00, 0x7B, 0xC0, 0x0F, 0x78, 0x00, 0x00, 0x03, 0xC0, 0x1E, 0xFC, 0x03, 0xFF, 0x80, 0x7F,
    0xF0, 0x0F, 0xFE, 0x01, 0xFF, 0xC0, 0x3F, 0xF8, 0x07, 0xFF, 0x00, 0xFF, 0xE0, 0x1F, 0xFC, 0x03,
    0xFF, 0x80, 0x7F, 0xF0, 0x0F, 0xFE, 0x01, 0xFF, 0xC0, 0x3F, 0xF8, 0x07, 0xDF, 0x01, 0xFB, 0xE0,
    0x3E, 0x7E, 0x0F, 0xCF, 0xFF, 0xF8, 0xFF, 0xFE, 0x0F, 0xFF, 0x80, 0x7F, 0xE0, 0x01, 0xE0, 0x00,
    0x71, 0xC0, 0x79, 0xE0, 0x7D, 0xE0, 0x3E, 0xF0, 0x1E, 0xF0, 0x0E, 0x70, 0x00, 0x00, 0xF8, 0x1F,
    0xF8, 0x1F, 0xF8, 0x1F, 0xF8, 0x1F, 0xF8, 0x1F, 0xF8, 0x1F, 0xF8, 0x1F, 0xF8, 0x1F, 0xF8, 0x1F,
    0xF8, 0x1F, 0xFC, 0x3F, 0xFC, 0x3F, 0x7F, 0xFF, 0x7F, 0xFF, 0x3F, 0xFF, 0x1F, 0xDF, 0x06, 0x00,
    0x00, 0xE0, 0x00, 0x7F, 0x00, 0x1F, 0xF0, 0x03, 0xDF, 0x00, 0xF0, 0xE0, 0x0C, 0x18, 0x00, 0x00,
    0x03, 0xC0, 0x1E, 0xFC, 0x03, 0xFF, 0x80, 0x7F, 0xF0, 0x0F, 0xFE, 0x01, 0xFF, 0xC0, 0x3F, 0xF8,
    0x07, 0xFF, 0x00, 0xFF, 0xE0, 0x1F, 0xFC, 0x03, 0xFF, 0x80, 0x7F, 0xF0, 0x0F, 0xFE, 0x01, 0xFF,
    0xC0, 0x3F, 0xF8, 0x07, 0xDF, 0x01, 0xFB, 0xE0, 0x3E, 0x7E, 0x0F, 0xCF, 0xFF, 0xF8, 0xFF, 0xFE,
    0x0F, 0xFF, 0x80, 0x7F, 0xE0, 0x01, 0xE0, 0x00, 0x03, 0x80, 0x0F, 0xF0, 0x1F, 0xF0, 0x1E, 0x78,
    0x1C, 0x38, 0x18, 0x18, 0x00, 0x00, 0xF8, 0x1F, 0xF8, 0x1F, 0xF8, 0x1F, 0xF8, 0x1F, 0xF8, 0x1F,
    0xF8, 0x1F, 0xF8, 0x1F, 0xF8, 0x1F, 0xF8, 0x1F, 0xF8, 0x1F, 0xFC, 0x3F, 0xFC, 0x3F, 0x7F, 0xFF,
    0x7F, 0xFF, 0x3F, 0xFF, 0x1F, 0xDF, 0x06, 0x00, 0x03, 0xF0, 0x0F, 0xFE, 0x0F, 0xFF, 0x8F, 0xFF,
    0xE7, 0xFF, 0xF7, 0xE0, 0xFF, 0xF0, 0x3F, 0xF8, 0x00, 0x7E, 0x00, 0x3F, 0xF0, 0x0F, 0xFF, 0x03,
    0xFF, 0xC0, 0x7F, 0xF0, 0x07, 0xFC, 0x00, 0x7F, 0xF0, 0x1F, 0xF8, 0x0F, 0xFE, 0x0F, 0xFF, 0xFF,
    0xEF, 0xFF, 0xE3, 0xFF, 0xE0, 0xFF, 0xE0, 0x0F, 0x80, 0x03, 0xC0, 0x03, 0xE0, 0x01, 0xE0, 0x00,
    0xF0, 0x00, 0xF0, 0x00, 0x78, 0x00, 0x1F, 0xE0, 0x7F, 0xE1, 0xFF, 0xE7, 0xFF, 0xEF, 0x87, 0xDF,
    0x80, 0x3F, 0xE0, 0x3F, 0xF8, 0x3F, 0xFC, 0x1F, 0xF8, 0x03, 0xF7, 0xC3, 0xEF, 0xC7, 0xDF, 0xFF,
    0x9F, 0xFE, 0x1F, 0xF8, 0x07, 0x80, 0x0F, 0x00, 0x1E, 0x00, 0x7C, 0x00, 0xF0, 0x01, 0xE0, 0x03,
    0x80, 0x00, 0x7F, 0xFF, 0xCF, 0xFF, 0xFD, 0xFF, 0xFF, 0xBF, 0xFF, 0xF7, 0xFF, 0xFE, 0x03, 0xE0,
    0x00, 0x7C, 0x00, 0x0F, 0x80, 0x01, 0xF0, 0x00, 0x3E, 0x00, 0x07, 0xC0, 0x00, 0xF8, 0x00, 0x1F,
    0x00, 0x03, 0xE0, 0x00, 0x7C, 0x00, 0x0F, 0x80, 0x01, 0xF0, 0x00, 0x3E, 0x00, 0x07, 0xC0, 0x00,
    0xF8, 0x00, 0x1F, 0x00, 0x03, 0xE0, 0x00, 0x00, 0x00, 0x07, 0x80, 0x01, 0xF0, 0x00, 0x3C, 0x00,
    0x07, 0x80, 0x01, 0xE0, 0x00, 0x3C, 0x00, 0x3E, 0x07, 0xC0, 0xF8, 0x1F, 0x0F, 0xFD, 0xFF, 0xBF,
    0xF7, 0xFE, 0x3E, 0x07, 0xC0, 0xF8, 0x1F, 0x03, 0xE0, 0x7C, 0x0F, 0x81, 0xF0, 0x3F, 0xC7, 0xF8,
    0x7F, 0x07, 0xE0, 0x18, 0x1E, 0x07, 0xC0, 0xF8, 0x1E, 0x03, 0xC0, 0x70, 0x00, 0x03, 0xF0, 0x0F,
    0xFE, 0x0F, 0xFF, 0x8F, 0xFF, 0xE7, 0xE7, 0xF7, 0xE0, 0xFD, 0xE0, 0x7E, 0x00, 0x1F, 0x00, 0x1F,
    0x00, 0x0F, 0x80, 0x0F, 0xC0, 0x1F, 0xC0, 0x3F, 0xE0, 0xFF, 0xF8, 0xFF, 0xFC, 0x7F, 0x1F, 0x3E,
    0x0F, 0x98, 0x07, 0xC0, 0x03, 0xE0, 0x03, 0xF0, 0x01, 0xF0, 0x01, 0xF8, 0x03, 0xF8, 0x07, 0xF8,
    0x3F, 0xF8, 0x1F, 0xF8, 0x0F, 0xF0, 0x07, 0xC0, 0x00, 0x00, 0x00, 0x00, 0x00, 0x7F, 0xC3, 0xFF,
    0x9F, 0xFE, 0x7E, 0xFF, 0xE1, 0xF0, 0x07, 0xC0, 0x1F, 0x00, 0xF8, 0x07, 0xE0, 0x7F, 0x8F, 0xFF,
    0x3F, 0xFC, 0xF9, 0xF3, 0x87, 0xC0, 0x1F, 0x00, 0xFC, 0x07, 0xF0, 0x3F, 0x87, 0xFC, 0x3F, 0xE0,
    0xFE, 0x03, 0xE0, 0x00, 0x00, 0x0F, 0x0E, 0x01, 0xF3, 0xC0, 0x1F, 0xF0, 0x01, 0xFE, 0x00, 0x1F,
    0x80, 0x01, 0xC0, 0x00, 0x00, 0x03, 0xC0, 0x1F, 0xFC, 0x03, 0xFF, 0x80, 0x7F, 0xF0, 0x0F, 0xFE,
    0x01, 0xFF, 0xC0, 0x3F, 0xF8, 0x07, 0xFF, 0x00, 0xFF, 0xE0, 0x1F, 0xFF, 0xFF, 0xFF, 0xFF, 0xFF,
    0xFF, 0xFF, 0xFF, 0xFF, 0xFF, 0xC0, 0x3F, 0xF8, 0x07, 0xFF, 0x00, 0xFF, 0xE0, 0x1F, 0xFC, 0x03,
    0xFF, 0x80, 0x7F, 0xF0, 0x0F, 0xFE, 0x01, 0xFF, 0xC0, 0x3E, 0xF0, 0xE0, 0x1F, 0x3C, 0x01, 0xFF,
    0x00, 0x1F, 0xE0, 0x01, 0xF8, 0x00, 0x1C, 0x00, 0x00, 0x00, 0x00, 0x78, 0x00, 0x1F, 0x00, 0x03,
    0xE0, 0x00, 0x7C, 0x00, 0x0F, 0x80, 0x01, 0xF0, 0x00, 0x3E, 0x7E, 0x07, 0xDF, 0xE0, 0xFF, 0xFE,
    0x1F, 0xFF, 0xC3, 0xF0, 0xF8, 0x7E, 0x1F, 0x8F, 0x81, 0xF1, 0xF0, 0x3E, 0x3E, 0x07, 0xC7, 0xC0,
    0xF8, 0xF8, 0x1F, 0x1F, 0x03, 0xE3, 0xE0, 0x7C, 0x7C, 0x0F, 0x8F, 0x81, 0xF1, 0xF0, 0x3E, 0xF1,
    0xF1, 0xE3, 0xE3, 0xC3, 0x80, 0x3C, 0xF9, 0xE3, 0xCF, 0x1C, 0x00, 0x07, 0x00, 0x7C, 0x07, 0xF0,
    0x7B, 0xC7, 0xCF, 0x38, 0x38, 0x7D, 0xFF, 0xFB, 0xFF, 0x73, 0xC0, 0xFF, 0x7F, 0xFF, 0xFF, 0xF0,
    0x00, 0x1C, 0x3B, 0xCF, 0x3F, 0xE3, 0xF8, 0x1C, 0x00, 0x11, 0xEF, 0xFF, 0x78, 0xC0, 0x00, 0x07,
    0x9E, 0xF9, 0xFF, 0x9F, 0x79, 0xE0, 0x00, 0x63, 0xFF, 0xCF, 0x38, 0xE0, 0x00, 0x1F, 0x1F, 0xDE,
    0xEE, 0x3F, 0x39, 0xFC, 0x7C, 0x08, 0x00, 0x70, 0x73, 0xE7, 0x8F, 0x78, 0x3F, 0x80, 0xF8, 0x03,
    0x80, 0xF3, 0xCF, 0xBC, 0x79, 0xE3, 0xDE, 0x3E, 0xF1, 0xEE, 0x01, 0xF7, 0xDF, 0x7D, 0xE7, 0xBE,
    0xF0, 0x80, 0x01, 0xF7, 0xDF, 0x7D, 0xE7, 0xBE, 0xF0, 0x80, 0x7B, 0xDE, 0xF7, 0xFB, 0xCC, 0x11,
    0xEF, 0xFF, 0x78, 0xC0, 0x7B, 0xDE, 0xEF, 0x30, 0x61, 0x87, 0x9F, 0x1F, 0xFF, 0x80, 0x1C, 0x3E,
    0x78, 0x78, 0x7E, 0x7F, 0x3F, 0x00, 0x70, 0x73, 0xE7, 0x8F, 0x78, 0x3F, 0x80, 0xF8, 0x03, 0x80,
    0x00, 0x38, 0x03, 0xC0, 0x1C, 0x01, 0xE0, 0x0E, 0x00, 0xF0, 0x07, 0x00, 0x78, 0x03, 0x80, 0x3C,
    0x01, 0xC0, 0x1E, 0x00, 0xE0, 0x0F, 0x00, 0x70, 0x07, 0x80, 0x38, 0x03, 0xC0, 0x1C, 0x01, 0xE0,
    0x00, 0x00, 0x00, 0x00, 0x00, 0x00, 0x03, 0x80, 0x01, 0xC0, 0x01, 0xC0, 0x01, 0xC0, 0x00, 0xE0,
    0x00, 0xE0, 0x00, 0x70, 0x00, 0x70, 0x00, 0x70, 0x00, 0x38, 0x00, 0x38, 0x00, 0x18, 0x00, 0x1C,
    0x00, 0x1C, 0x00, 0x0E, 0x00, 0x0E, 0x00, 0x06, 0x00, 0x07, 0x00, 0x07, 0x00, 0x03, 0x80, 0x03,
    0x80, 0x03, 0x80, 0x01, 0xC0, 0x00, 0x3C, 0xEF, 0xFD, 0xFF, 0xFB, 0xE0, 0x3D, 0xF7, 0x9E, 0x7B,
    0xC0, 0xFF, 0xFF, 0xFF, 0xFF, 0xF8, 0x7F, 0x0F, 0xE1, 0xC0, 0xFF, 0xFF, 0xFF, 0xFC, 0x00, 0xFF,
    0xFF, 0xFF, 0xFD, 0xFF, 0xE7, 0x7B, 0xFD, 0xFE, 0xFF, 0x7F, 0xBF, 0xDE, 0xFF, 0xFF, 0xF8, 0xF1,
    0xE3, 0xC3, 0x00, 0x01, 0x03, 0xFF, 0x7F, 0xF7, 0xFF, 0xF7, 0xE2, 0xE0, 0x02, 0x00, 0x00, 0x00,
    0xF8, 0x0F, 0x80, 0xF8, 0x0F, 0x83, 0xC7, 0x7F, 0xF7, 0xFF, 0x73, 0xE6, 0x78, 0x0F, 0x80, 0xF8,
    0x0F, 0x80, 0x70, 0x38, 0xF7, 0xFE, 0xFF, 0xEE, 0x3C, 0x7E, 0xFF, 0xFE, 0xFF, 0xEE, 0x18, 0x00,
    0x00, 0x38, 0xE0, 0xE0, 0xE3, 0xFF, 0xE7, 0xFF, 0xC7, 0x07, 0x07, 0x1C, 0x00, 0x18, 0x3C, 0x7E,
    0xFE, 0xFA, 0x38, 0x18, 0x00, 0x0E, 0x00, 0xFC, 0x0F, 0xF0, 0x7F, 0xE1, 0xFF, 0x07, 0xF3, 0xFF,
    0xFF, 0xCF, 0xE0, 0xF8, 0x0C, 0x00, 0x7F, 0xEC, 0xF7, 0x0E, 0x07, 0xF1, 0xFF, 0x3F, 0xFF, 0x1E,
    0x1C, 0x07, 0xC0, 0xF8, 0x1F, 0x01, 0xC0, 0x00, 0x66, 0x7F, 0x7E, 0x3C, 0x7E, 0x7E, 0x24, 0x00,
    0x03, 0xCF, 0xFF, 0xEF, 0x87, 0xF8, 0x7E, 0x07, 0x00, 0x70, 0x3F, 0x0F, 0xE0, 0xFF, 0xFB, 0xF1,
    0xC0, 0x00, 0x00, 0x78, 0x0E, 0x3F, 0x87, 0x8F, 0xF7, 0xC0, 0xFB, 0xE3, 0xFF, 0xBB, 0xF1, 0xDD,
    0xC1, 0xC7, 0x07, 0x3C, 0x73, 0x9F, 0xDE, 0x00, 0x11, 0xEF, 0xFF, 0x78, 0xC0, 0x18, 0x18, 0xFE,
    0x7E, 0x3C, 0x7C, 0x24, 0x7F, 0xEF, 0xFF, 0xCE, 0x7C, 0x67, 0xFF, 0xF7, 0xFE, 0x38, 0x70, 0x7E,
    0x7E, 0xFE, 0x0C, 0x1C, 0x08, 0xF0, 0x00, 0x3F, 0xE0, 0x03, 0xE7, 0xF0, 0x3F, 0x0F, 0xFF, 0xF8,
    0x0F, 0xFF, 0xC0, 0x07, 0xF8, 0x00, 0xF0, 0x00, 0x3C, 0xF8, 0x00, 0xF8, 0xFC, 0x0F, 0xE0, 0xFF,
    0xFF, 0x80, 0xFF, 0xFC, 0x00, 0x3F, 0xC0, 0x00, 0x7F, 0xFF, 0xDF, 0xFF, 0xF7, 0xFF, 0xFD, 0xFF,
    0xFF, 0x7F, 0xFF, 0xDF, 0xFF, 0xF7, 0xFF, 0xFD, 0xFF, 0xFF, 0x1F, 0xF0, 0x00, 0x1D, 0xFF, 0xFF,
    0xFF, 0xFF, 0xFF, 0xFF, 0xFF, 0xFE, 0x3F, 0xFF, 0xFE, 0x60, 0x00, 0x01, 0xC0, 0x00, 0x38, 0x00,
    0x0F, 0xFF, 0x00, 0x7F, 0xFF, 0x81, 0xFF, 0xFF, 0xC7, 0xC0, 0x0F, 0xDF, 0x00, 0x07, 0x80, 0x00,
    0x00, 0x00, 0x00, 0x00, 0x0F, 0x80, 0x00, 0x00, 0xF1, 0xFF, 0xFF, 0xFF, 0x7F, 0xFF, 0xFF, 0xC0,
    0x00, 0x03, 0xC0, 0x00, 0x03, 0xE0, 0x00, 0x7E, 0xFE, 0xE7, 0x7F, 0xFF, 0xEF, 0xFF, 0x7F, 0x00,
    0x00, 0x7E, 0xFE, 0xE7, 0xFF, 0xFF, 0xE2, 0xFF, 0x7E, 0x00, 0x07, 0xF0, 0x77, 0x77, 0x77, 0x77,
    0x00, 0x7E, 0xFE, 0xE7, 0xE7, 0xE7, 0xE7, 0xFE, 0x7E, 0x00, 0xE7, 0xE7, 0xE7, 0xE7, 0xE7, 0xE7,
    0xFF, 0x7F, 0x00, 0x00, 0x7E, 0xFE, 0xE7, 0xE0, 0xE0, 0xE7, 0xFE, 0x7E, 0x00, 0x07, 0x07, 0x07,
    0x07, 0x7F, 0xFF, 0xE7, 0xE7, 0xE7, 0xE7, 0xFF, 0x7F, 0x00, 0xE0, 0xE0, 0xE0, 0xE0, 0xFE, 0xFE,
    0xE7, 0xE7, 0xE7, 0xE7, 0xE7, 0xE7, 0x00, 0x07, 0xFF, 0xBF, 0xFF, 0xEE, 0x7E, 0x73, 0xF3, 0x9F,
    0x9C, 0xFC, 0xE7, 0xE7, 0x38, 0x07, 0xFF, 0xFE, 0x73, 0x9C, 0xE0, 0x71, 0xCF, 0xFF, 0x71, 0xC7,
    0x1C, 0x3C, 0xF0, 0x00, 0xE7, 0xEF, 0x6E, 0x7E, 0x7C, 0x3C, 0x3C, 0x38, 0x00, 0xF7, 0x7E, 0x7E,
    0x3C, 0x3C, 0x7E, 0x7F, 0xE7, 0x0E, 0x00, 0x0F, 0x00, 0x0F, 0x80, 0x07, 0x80, 0x03, 0xC0, 0x03,
    0xC0, 0x00, 0x00, 0x7F, 0xFE, 0xFF, 0xFF, 0xFF, 0xFF, 0xFF, 0xFF, 0xFF, 0xFE, 0xFC, 0x00, 0xFC,
    0x00, 0xFC, 0x00, 0xFC, 0x00, 0xFF, 0xFE, 0xFF, 0xFE, 0xFF, 0xFE, 0xFF, 0xFE, 0xFC, 0x00, 0xFC,
    0x00, 0xFC, 0x00, 0xFC, 0x00, 0xFC, 0x00, 0xFF, 0xFF, 0xFF, 0xFF, 0xFF, 0xFF, 0xFF, 0xFF, 0x00,
    0x00, 0x1E, 0x78, 0x3E, 0x7C, 0x3E, 0x7C, 0x1E, 0x78, 0x00, 0x00, 0x00, 0x00, 0x7F, 0xFE, 0xFF,
    0xFF, 0xFF, 0xFF, 0xFF, 0xFF, 0xFF, 0xFE, 0xFC, 0x00, 0xFC, 0x00, 0xFC, 0x00, 0xFC, 0x00, 0xFF,
    0xFE, 0xFF, 0xFE, 0xFF, 0xFE, 0xFF, 0xFE, 0xFC, 0x00, 0xFC, 0x00, 0xFC, 0x00, 0xFC, 0x00, 0xFC,
    0x00, 0xFF, 0xFF, 0xFF, 0xFF, 0xFF, 0xFF, 0xFF, 0xFF, 0x7F, 0xFF, 0xC0, 0x7F, 0xFF, 0xE0, 0x7F,
    0xFF, 0xE0, 0x7F, 0xFF, 0xE0, 0x7F, 0xFF, 0xE0, 0x01, 0xF0, 0x00, 0x01, 0xF0, 0x00, 0x01, 0xF0,
    0x00, 0x01, 0xF0, 0x00, 0x01, 0xFF, 0xF0, 0x01, 0xFF, 0xFC, 0x01, 0xFF, 0xFE, 0x01, 0xFF, 0xFE,
    0x01, 0xFC, 0x7F, 0x01, 0xF8, 0x3F, 0x01, 0xF0, 0x1F, 0x01, 0xF0, 0x1F, 0x01, 0xF0, 0x1F, 0x01,
    0xF0, 0x3F, 0x01, 0xF3, 0xFE, 0x01, 0xF3, 0xFE, 0x01, 0xF3, 0xFC, 0x00, 0x03, 0xF8, 0x00, 0x03,
    0xE0, 0x00, 0x70, 0x01, 0xE0, 0x07, 0xC0, 0x0F, 0x00, 0x3C, 0x00, 0x78, 0x00, 0x00, 0x3F, 0xFF,
    0xFF, 0xFF, 0xFF, 0xFF, 0xFF, 0xFF, 0xFF, 0xFF, 0xC0, 0x1F, 0x80, 0x3F, 0x00, 0x7E, 0x00, 0xFC,
    0x01, 0xF8, 0x03, 0xF0, 0x07, 0xE0, 0x0F, 0xC0, 0x1F, 0x80, 0x3F, 0x00, 0x7E, 0x00, 0xFC, 0x01,
    0xF8, 0x03, 0xF0, 0x07, 0xE0, 0x0F, 0xC0, 0x00, 0x01, 0xF8, 0x00, 0x7F, 0xF0, 0x1F, 0xFF, 0x83,
    0xFF, 0xFC, 0x3F, 0xFF, 0xC7, 0xE0, 0x7E, 0x7C, 0x03, 0xEF, 0xC0, 0x3F, 0xF8, 0x00, 0x0F, 0xFF,
    0x80, 0xFF, 0xF8, 0x0F, 0xFF, 0x80, 0xFF, 0xF8, 0x0F, 0x80, 0x00, 0xF8, 0x01, 0xEF, 0xC0, 0x3F,
    0x7C, 0x03, 0xE7, 0xF0, 0x7E, 0x3F, 0xFF, 0xC1, 0xFF, 0xFC, 0x0F, 0xFF, 0x80, 0x7F, 0xE0, 0x00,
    0xF0, 0x00, 0x03, 0xF0, 0x0F, 0xFE, 0x0F, 0xFF, 0x8F, 0xFF, 0xE7, 0xFF, 0xF7, 0xE0, 0xFF, 0xF0,
    0x3F, 0xF8, 0x00, 0x7E, 0x00, 0x3F, 0xF0, 0x0F, 0xFF, 0x03, 0xFF, 0xC0, 0x7F, 0xF0, 0x07, 0xFC,
    0x00, 0x7F, 0xF0, 0x1F, 0xF8, 0x0F, 0xFE, 0x0F, 0xFF, 0xFF, 0xEF, 0xFF, 0xE3, 0xFF, 0xE0, 0xFF,
    0xE0, 0x0F, 0x80, 0x7B, 0xFF, 0xFF, 0xFF, 0xFF, 0xFF, 0xFF, 0xFF, 0xFF, 0xFF, 0xFF, 0xFF, 0xFF,
    0xFF, 0xFF, 0xFF, 0xF0, 0x00, 0x07, 0x9E, 0xF9, 0xFF, 0x9F, 0x79, 0xE0, 0x00, 0x00, 0x00, 0xF0,
    0x1F, 0x81, 0xF8, 0x1F, 0x81, 0xF8, 0x1F, 0x81, 0xF8, 0x1F, 0x81, 0xF8, 0x1F, 0x81, 0xF8, 0x1F,
    0x81, 0xF8, 0x1F, 0x81, 0xF8, 0x1F, 0x81, 0xF8, 0x1F, 0x81, 0xF8, 0x1F, 0x81, 0xF8, 0x1F, 0x80,
    0x00, 0x1E, 0x00, 0x3E, 0x00, 0x3E, 0x00, 0x3E, 0x00, 0x3E, 0x00, 0x3E, 0x00, 0x3E, 0x00, 0x3E,
    0x00, 0x3E, 0x00, 0x3E, 0x00, 0x3E, 0x00, 0x3E, 0x00, 0x3E, 0x00, 0x3E, 0x7C, 0x3E, 0x7C, 0x3E,
    0x7C, 0x3E, 0x7C, 0x3E, 0x7F, 0xFE, 0x3F, 0xFC, 0x3F, 0xFC, 0x0F, 0xF8, 0x03, 0xC0, 0x03, 0xFF,
    0xE0, 0x00, 0x07, 0xFF, 0xF0, 0x00, 0x07, 0xFF, 0xF0, 0x00, 0x07, 0xFF, 0xF0, 0x00, 0x07, 0xFF,
    0xF0, 0x00, 0x07, 0xC1, 0xF0, 0x00, 0x07, 0xC1, 0xF0, 0x00, 0x07, 0xC1, 0xF0, 0x00, 0x07, 0x81,
    0xFF, 0xE0, 0x0F, 0x81, 0xFF, 0xF8, 0x0F, 0x81, 0xFF, 0xFC, 0x0F, 0x81, 0xFF, 0xFE, 0x0F, 0x81,
    0xF0, 0x7E, 0x0F, 0x81, 0xF0, 0x3F, 0x0F, 0x81, 0xF0, 0x1F, 0x0F, 0x81, 0xF0, 0x1F, 0x0F, 0x81,
    0xF0, 0x3F, 0x1F, 0x01, 0xF0, 0x7E, 0x7F, 0x01, 0xFF, 0xFE, 0x7E, 0x01, 0xFF, 0xFC, 0x7E, 0x01,
    0xFF, 0xF8, 0x78, 0x01, 0xFF, 0xF0, 0x78, 0x03, 0xE0, 0x01, 0xF8, 0x07, 0xC0, 0x03, 0xF0, 0x0F,
    0x80, 0x07, 0xE0, 0x1F, 0x00, 0x0F, 0xC0, 0x3E, 0x00, 0x1F, 0x80, 0x7C, 0x00, 0x3F, 0x00, 0xF8,
    0x00, 0x7E, 0x01, 0xF0, 0x00, 0xFF, 0xFF, 0xFF, 0xC1, 0xFF, 0xFF, 0xFF, 0xE3, 0xFF, 0xFF, 0xFF,
    0xE7, 0xFF, 0xFF, 0xFF, 0xEF, 0xC0, 0x3E, 0x0F, 0xFF, 0x80, 0x7C, 0x07, 0xFF, 0x00, 0xF8, 0x0F,
    0xFE, 0x01, 0xF0, 0x1F, 0xFC, 0x03, 0xE0, 0x3F, 0xF8, 0x07, 0xC0, 0xFF, 0xF0, 0x0F, 0xFF, 0xF7,
    0xE0, 0x1F, 0xFF, 0xEF, 0xC0, 0x3F, 0xFF, 0x9F, 0x80, 0x7F, 0xFC, 0x00, 0x7F, 0xFF, 0xE0, 0x3F,
    0xFF, 0xF0, 0x1F, 0xFF, 0xF8, 0x0F, 0xFF, 0xFC, 0x07, 0xFF, 0xFE, 0x00, 0x0F, 0x80, 0x00, 0x07,
    0xC0, 0x00, 0x03, 0xE0, 0x00, 0x01, 0xF0, 0x80, 0x00, 0xFF, 0xFC, 0x00, 0x7F, 0xFF, 0x80, 0x3F,
    0xFF, 0xC0, 0x1F, 0xFF, 0xF0, 0x0F, 0x81, 0xF8, 0x07, 0xC0, 0x7C, 0x03, 0xE0, 0x3F, 0x01, 0xF0,
    0x1F, 0x80, 0xF8, 0x0F, 0xC0, 0x7C, 0x07, 0xE0, 0x3E, 0x03, 0xF0, 0x1F, 0x01, 0xF8, 0x0F, 0x80,
    0xFC, 0x00, 0x38, 0x00, 0x07, 0x80, 0x00, 0xF8, 0x00, 0x0F, 0x00, 0x01, 0xE0, 0x00, 0x1C, 0x00,
    0x00, 0x00, 0x07, 0x80, 0x3E, 0xFC, 0x07, 0xEF, 0xC0, 0xFC, 0xFC, 0x1F, 0x8F, 0xC1, 0xF0, 0xFC,
    0x3F, 0x0F, 0xC7, 0xE0, 0xFC, 0xFC, 0x0F, 0xCF, 0xC0, 0xFF, 0xF8, 0x0F, 0xFF, 0x00, 0xFF, 0xF0,
    0x0F, 0xFF, 0x80, 0xFC, 0xF8, 0x0F, 0xCF, 0xC0, 0xFC, 0x7E, 0x0F, 0xC3, 0xF0, 0xFC, 0x3F, 0x0F,
    0xC1, 0xF8, 0xFC, 0x0F, 0xCF, 0xC0, 0x7C, 0xFC, 0x07, 0xE0, 0x03, 0x80, 0x00, 0x7C, 0x00, 0x03,
    0xC0, 0x00, 0x1E, 0x00, 0x01, 0xE0, 0x00, 0x0E, 0x00, 0x00, 0x00, 0x07, 0x80, 0x3E, 0xFC, 0x07,
    0xFF, 0xC0, 0x7F, 0xFC, 0x0F, 0xFF, 0xC0, 0xFF, 0xFC, 0x1F, 0xFF, 0xC3, 0xFF, 0xFC, 0x3F, 0xFF,
    0xC7, 0xFF, 0xFC, 0xFF, 0xFF, 0xCF, 0xBF, 0xFD, 0xFB, 0xFF, 0xDF, 0x3F, 0xFF, 0xE3, 0xFF, 0xFE,
    0x3F, 0xFF, 0xC3, 0xFF, 0xFC, 0x3F, 0xFF, 0x83, 0xFF, 0xF0, 0x3F, 0xFF, 0x03, 0xFF, 0xE0, 0x3F,
    0xFC, 0x03, 0xF0, 0x00, 0x00, 0x00, 0x70, 0xE0, 0x07, 0x9E, 0x00, 0x3F, 0xC0, 0x01, 0xFC, 0x00,
    0x0F, 0x00, 0x00, 0x00, 0x07, 0xC0, 0x1E, 0x7C, 0x03, 0xE7, 0xE0, 0x7E, 0x3E, 0x07, 0xE3, 0xF0,
    0x7C, 0x3F, 0x0F, 0xC1, 0xF8, 0xF8, 0x1F, 0x9F, 0x80, 0xF9, 0xF0, 0x0F, 0xDF, 0x00, 0x7F, 0xF0,
    0x07, 0xFE, 0x00, 0x3F, 0xE0, 0x03, 0xFC, 0x00, 0x1F, 0xC0, 0x01, 0xF8, 0x00, 0x0F, 0x80, 0x01,
    0xF0, 0x01, 0xFF, 0x00, 0x1F, 0xE0, 0x01, 0xFE, 0x00, 0x1F, 0x80, 0x00, 0x78, 0x03, 0xDF, 0x80,
    0xFF, 0xF0, 0x1F, 0xFE, 0x03, 0xFF, 0xC0, 0x7F, 0xF8, 0x0F, 0xFF, 0x01, 0xFF, 0xE0, 0x3F, 0xFC,
    0x07, 0xFF, 0x80, 0xFF, 0xF0, 0x1F, 0xFE, 0x03, 0xFF, 0xC0, 0x7F, 0xF8, 0x0F, 0xFF, 0x01, 0xFF,
    0xE0, 0x3F, 0xFC, 0x07, 0xFF, 0x80, 0xFF, 0xFF, 0xFF, 0xFF, 0xFF, 0xFF, 0xFF, 0xFF, 0xFF, 0xFF,
    0xC0, 0x7C, 0x00, 0x0F, 0x80, 0x01, 0xF0, 0x00, 0x3E, 0x00, 0x07, 0xC0, 0x00, 0x00, 0xFC, 0x00,
    0x0F, 0xE0, 0x00, 0x7F, 0x80, 0x03, 0xFC, 0x00, 0x3F, 0xE0, 0x01, 0xFF, 0x80, 0x0F, 0x7C, 0x00,
    0xFB, 0xE0, 0x07, 0xDF, 0x80, 0x7E, 0x7C, 0x03, 0xE3, 0xE0, 0x1F, 0x1F, 0x81, 0xF8, 0x7C, 0x0F,
    0xFF, 0xE0, 0x7F, 0xFF, 0x87, 0xFF, 0xFC, 0x3F, 0xFF, 0xE1, 0xFF, 0xFF, 0x9F, 0x80, 0x7C, 0xFC,
    0x03, 0xF7, 0xC0, 0x1F, 0xFE, 0x00, 0x7C, 0x7F, 0xFE, 0x7F, 0xFF, 0x3F, 0xFF, 0x9F, 0xFF, 0xCF,
    0xFF, 0xE7, 0xE0, 0x03, 0xF0, 0x01, 0xF8, 0x00, 0xFC, 0x00, 0x7F, 0xFC, 0x3F, 0xFF, 0x9F, 0xFF,
    0xEF, 0xFF, 0xF7, 0xE0, 0xFF, 0xF0, 0x3F, 0xF8, 0x1F, 0xFC, 0x0F, 0xFE, 0x0F, 0xFF, 0xFF, 0xDF,
    0xFF, 0xEF, 0xFF, 0xE7, 0xFF, 0xE0, 0x7F, 0xE0, 0x3F, 0xFF, 0x0F, 0xFF, 0xE3, 0xFF, 0xFC, 0xFF,
    0xFF, 0x3F, 0x07, 0xEF, 0xC0, 0xFB, 0xF0, 0x7E, 0xFC, 0x1F, 0x3F, 0xFF, 0xCF, 0xFF, 0xC3, 0xFF,
    0xF8, 0xFF, 0xFF, 0x3F, 0x07, 0xEF, 0xC0, 0xFB, 0xF0, 0x3E, 0xFC, 0x0F, 0xBF, 0x07, 0xEF, 0xFF,
    0xFB, 0xFF, 0xFC, 0xFF, 0xFF, 0x3F, 0xFF, 0x00, 0x7F, 0xFF, 0xFF, 0xFF, 0xFF, 0xFF, 0xFF, 0xFF,
    0xFF, 0xFF, 0x80, 0x3F, 0x00, 0x7E, 0x00, 0xFC, 0x01, 0xF8, 0x03, 0xF0, 0x07, 0xE0, 0x0F, 0xC0,
    0x1F, 0x80, 0x3F, 0x00, 0x7E, 0x00, 0xFC, 0x01, 0xF8, 0x03, 0xF0, 0x07, 0xE0, 0x0F, 0xC0, 0x1F,
    0x80, 0x00, 0x01, 0xFF, 0xF8, 0x03, 0xFF, 0xFC, 0x03, 0xFF, 0xFC, 0x03, 0xFF, 0xFC, 0x03, 0xFF,
    0xFC, 0x03, 0xE0, 0x7C, 0x03, 0xE0, 0x7C, 0x03, 0xE0, 0x7C, 0x03, 0xE0, 0x7C, 0x03, 0xE0, 0x7C,
    0x07, 0xC0, 0x7C, 0x07, 0xC0, 0x7C, 0x07, 0xC0, 0x7C, 0x07, 0xC0, 0x7C, 0x07, 0xC0, 0x7C, 0x0F,
    0xC0, 0x7C, 0x0F, 0x80, 0x7C, 0x1F, 0x80, 0x7C, 0x7F, 0xFF, 0xFF, 0x7F, 0xFF, 0xFF, 0x7F, 0xFF,
    0xFF, 0x7F, 0xFF, 0xFF, 0x7C, 0x00, 0x1F, 0x7C, 0x00, 0x1F, 0x7C, 0x00, 0x1F, 0x7C, 0x00, 0x1F,
    0x7C, 0x00, 0x1F, 0x7F, 0xFE, 0xFF, 0xFF, 0xFF, 0xFF, 0xFF, 0xFF, 0xFF, 0xFE, 0xFC, 0x00, 0xFC,
    0x00, 0xFC, 0x00, 0xFC, 0x00, 0xFF, 0xFE, 0xFF, 0xFE, 0xFF, 0xFE, 0xFF, 0xFE, 0xFC, 0x00, 0xFC,
    0x00, 0xFC, 0x00, 0xFC, 0x00, 0xFC, 0x00, 0xFF, 0xFF, 0xFF, 0xFF, 0xFF, 0xFF, 0xFF, 0xFF, 0x7C,
    0x07, 0x80, 0x7C, 0xFC, 0x0F, 0x81, 0xF8, 0xF8, 0x1F, 0x07, 0xE1, 0xF8, 0x3E, 0x0F, 0xC1, 0xF8,
    0x7C, 0x3F, 0x03, 0xF0, 0xF8, 0x7C, 0x03, 0xF1, 0xF1, 0xF8, 0x03, 0xE3, 0xE3, 0xE0, 0x07, 0xE7,
    0xCF, 0xC0, 0x07, 0xFF, 0xFF, 0x00, 0x07, 0xFF, 0xFC, 0x00, 0x1F, 0xFF, 0xF8, 0x00, 0x3F, 0xFF,
    0xF8, 0x00, 0xFF, 0xFF, 0xF8, 0x01, 0xF1, 0xF1, 0xF0, 0x07, 0xE3, 0xE3, 0xF0, 0x1F, 0x87, 0xC3,
    0xE0, 0x3F, 0x0F, 0x87, 0xE0, 0xFC, 0x1F, 0x07, 0xE1, 0xF0, 0x3E, 0x0F, 0xC7, 0xE0, 0x7C, 0x0F,
    0xDF, 0x80, 0xF8, 0x1F, 0x80, 0x03, 0xE0, 0x0F, 0xFC, 0x0F, 0xFF, 0x0F, 0xFF, 0xC7, 0xE3, 0xF3,
    0xE0, 0xFB, 0xE0, 0x7C, 0x00, 0x3E, 0x00, 0x3F, 0x01, 0xFF, 0x00, 0xFF, 0x00, 0x7F, 0x80, 0x3F,
    0xE0, 0x01, 0xF8, 0x00, 0x7F, 0xF0, 0x1F, 0xF8, 0x1F, 0xFE, 0x0F, 0xDF, 0xFF, 0xCF, 0xFF, 0xE3,
    0xFF, 0xE0, 0xFF, 0xC0, 0x0F, 0x00, 0x78, 0x03, 0xEF, 0xC0, 0x7F, 0xFC, 0x07, 0xFF, 0xC0, 0xFF,
    0xFC, 0x0F, 0xFF, 0xC1, 0xFF, 0xFC, 0x3F, 0xFF, 0xC3, 0xFF, 0xFC, 0x7F, 0xFF, 0xCF, 0xFF, 0xFC,
    0xFB, 0xFF, 0xDF, 0xBF, 0xFD, 0xF3, 0xFF, 0xFE, 0x3F, 0xFF, 0xE3, 0xFF, 0xFC, 0x3F, 0xFF, 0xC3,
    0xFF, 0xF8, 0x3F, 0xFF, 0x03, 0xFF, 0xF0, 0x3F, 0xFE, 0x03, 0xFF, 0xC0, 0x3F, 0x00, 0x00, 0x00,
    0x70, 0xE0, 0x07, 0xBE, 0x00, 0x7F, 0xC0, 0x03, 0xF8, 0x00, 0x0E, 0x00, 0x00, 0x00, 0x07, 0x80,
    0x3E, 0xFC, 0x07, 0xFF, 0xC0, 0x7F, 0xFC, 0x0F, 0xFF, 0xC0, 0xFF, 0xFC, 0x1F, 0xFF, 0xC3, 0xFF,
    0xFC, 0x3F, 0xFF, 0xC7, 0xFF, 0xFC, 0xFF, 0xFF, 0xCF, 0xBF, 0xFD, 0xFB, 0xFF, 0xDF, 0x3F, 0xFF,
    0xE3, 0xFF, 0xFE, 0x3F, 0xFF, 0xC3, 0xFF, 0xFC, 0x3F, 0xFF, 0x83, 0xFF, 0xF0, 0x3F, 0xFF, 0x03,
    0xFF, 0xE0, 0x3F, 0xFC, 0x03, 0xF0, 0x78, 0x03, 0xEF, 0xC0, 0x7E, 0xFC, 0x0F, 0xCF, 0xC1, 0xF8,
    0xFC, 0x1F, 0x0F, 0xC3, 0xF0, 0xFC, 0x7E, 0x0F, 0xCF, 0xC0, 0xFC, 0xFC, 0x0F, 0xFF, 0x80, 0xFF,
    0xF0, 0x0F, 0xFF, 0x00, 0xFF, 0xF8, 0x0F, 0xCF, 0x80, 0xFC, 0xFC, 0x0F, 0xC7, 0xE0, 0xFC, 0x3F,
    0x0F, 0xC3, 0xF0, 0xFC, 0x1F, 0x8F, 0xC0, 0xFC, 0xFC, 0x07, 0xCF, 0xC0, 0x7E, 0x03, 0xFF, 0xF0,
    0x7F, 0xFF, 0x07, 0xFF, 0xF0, 0x7F, 0xFF, 0x07, 0xFF, 0xF0, 0x7C, 0x1F, 0x07, 0xC1, 0xF0, 0x7C,
    0x1F, 0x07, 0x81, 0xF0, 0xF8, 0x1F, 0x0F, 0x81, 0xF0, 0xF8, 0x1F, 0x0F, 0x81, 0xF0, 0xF8, 0x1F,
    0x0F, 0x81, 0xF0, 0xF8, 0x1F, 0x0F, 0x81, 0xF1, 0xF0, 0x1F, 0x7F, 0x01, 0xF7, 0xE0, 0x1F, 0x7E,
    0x01, 0xF7, 0xC0, 0x1F, 0x7E, 0x00, 0x7F, 0x7F, 0x80, 0x3F, 0xBF, 0xC0, 0x3F, 0xDF, 0xF0, 0x1F,
    0xEF, 0xF8, 0x0F, 0xF7, 0xFE, 0x0F, 0xFB, 0xFF, 0x07, 0xFD, 0xFF, 0x83, 0xFE, 0xFF, 0xE3, 0xFF,
    0x7D, 0xF1, 0xFF, 0xBF, 0xF8, 0xFF, 0xDF, 0xBE, 0xFB, 0xEF, 0xDF, 0x7D, 0xF7, 0xEF, 0xBE, 0xFB,
    0xF3, 0xDE, 0x7D, 0xF9, 0xFF, 0x3E, 0xFC, 0xFF, 0x9F, 0x7E, 0x3F, 0x8F, 0xBF, 0x1F, 0xC7, 0xDF,
    0x8F, 0xE3, 0xEF, 0xC3, 0xE1, 0xF7, 0xE1, 0xF0, 0xF8, 0x78, 0x03, 0xFF, 0x80, 0x7F, 0xF0, 0x0F,
    0xFE, 0x01, 0xFF, 0xC0, 0x3F, 0xF8, 0x07, 0xFF, 0x00, 0xFF, 0xE0, 0x1F, 0xFC, 0x03, 0xFF, 0xFF,
    0xFF, 0xFF, 0xFF, 0xFF, 0xFF, 0xFF, 0xFF, 0xFF, 0xF8, 0x07, 0xFF, 0x00, 0xFF, 0xE0, 0x1F, 0xFC,
    0x03, 0xFF, 0x80, 0x7F, 0xF0, 0x0F, 0xFE, 0x01, 0xFF, 0xC0, 0x3F, 0xF8, 0x07, 0xC0, 0x01, 0xF8,
    0x00, 0x3F, 0xF0, 0x07, 0xFF, 0xE0, 0x7F, 0xFF, 0x83, 0xFF, 0xFE, 0x3F, 0x03, 0xF1, 0xF0, 0x0F,
    0xDF, 0x80, 0x3E, 0xF8, 0x01, 0xF7, 0xC0, 0x0F, 0xBE, 0x00, 0x7D, 0xF0, 0x03, 0xEF, 0x80, 0x1F,
    0x7C, 0x00, 0xFB, 0xE0, 0x07, 0xDF, 0x80, 0x7E, 0x7E, 0x03, 0xF3, 0xF8, 0x3F, 0x0F, 0xFF, 0xF0,
    0x3F, 0xFF, 0x80, 0xFF, 0xF8, 0x03, 0xFF, 0x00, 0x03, 0xC0, 0x00, 0x7F, 0xFF, 0xFF, 0xFF, 0xFF,
    0xFF, 0xFF, 0xFF, 0xFF, 0xFF, 0xFF, 0xFF, 0xF8, 0x07, 0xFF, 0x00, 0xFF, 0xE0, 0x1F, 0xFC, 0x03,
    0xFF, 0x80, 0x7F, 0xF0, 0x0F, 0xFE, 0x01, 0xFF, 0xC0, 0x3F, 0xF8, 0x07, 0xFF, 0x00, 0xFF, 0xE0,
    0x1F, 0xFC, 0x03, 0xFF, 0x80, 0x7F, 0xF0, 0x0F, 0xFE, 0x01, 0xFF, 0xC0, 0x3F, 0xF8, 0x07, 0xC0,
    0x7F, 0xE0, 0x7F, 0xFE, 0x3F, 0xFF, 0x9F, 0xFF, 0xEF, 0xFF, 0xF7, 0xE0, 0xFF, 0xF0, 0x3F, 0xF8,
    0x1F, 0xFC, 0x0F, 0xFE, 0x07, 0xFF, 0x07, 0xFF, 0xFF, 0xEF, 0xFF, 0xF7, 0xFF, 0xF3, 0xFF, 0xE1,
    0xF8, 0x00, 0xFC, 0x00, 0x7E, 0x00, 0x3F, 0x00, 0x1F, 0x80, 0x0F, 0xC0, 0x07, 0xE0, 0x00, 0x01,
    0xF8, 0x00, 0x7F, 0xF0, 0x1F, 0xFF, 0x83, 0xFF, 0xFC, 0x3F, 0xFF, 0xC7, 0xE0, 0x7E, 0x7C, 0x03,
    0xEF, 0xC0, 0x3F, 0xF8, 0x00, 0x0F, 0x80, 0x00, 0xF8, 0x00, 0x0F, 0x80, 0x00, 0xF8, 0x00, 0x0F,
    0x80, 0x00, 0xF8, 0x01, 0xEF, 0xC0, 0x3F, 0x7E, 0x03, 0xE7, 0xF0, 0x7E, 0x3F, 0xFF, 0xC1, 0xFF,
    0xFC, 0x0F, 0xFF, 0x80, 0x7F, 0xE0, 0x00, 0xF0, 0x00, 0x7F, 0xFF, 0xCF, 0xFF, 0xFD, 0xFF, 0xFF,
    0xBF, 0xFF, 0xF7, 0xFF, 0xFE, 0x03, 0xE0, 0x00, 0x7C, 0x00, 0x0F, 0x80, 0x01, 0xF0, 0x00, 0x3E,
    0x00, 0x07, 0xC0, 0x00, 0xF8, 0x00, 0x1F, 0x00, 0x03, 0xE0, 0x00, 0x7C, 0x00, 0x0F, 0x80, 0x01,
    0xF0, 0x00, 0x3E, 0x00, 0x07, 0xC0, 0x00, 0xF8, 0x00, 0x1F, 0x00, 0x03, 0xE0, 0x00, 0x7C, 0x01,
    0xE7, 0xC0, 0x3E, 0x7E, 0x07, 0xE3, 0xE0, 0x7E, 0x3F, 0x07, 0xC3, 0xF0, 0xFC, 0x1F, 0x8F, 0x81,
    0xF9, 0xF8, 0x0F, 0x9F, 0x00, 0xFD, 0xF0, 0x07, 0xFF, 0x00, 0x7F, 0xE0, 0x03, 0xFE, 0x00, 0x3F,
    0xC0, 0x01, 0xFC, 0x00, 0x1F, 0x80, 0x00, 0xF8, 0x00, 0x1F, 0x00, 0x1F, 0xF0, 0x01, 0xFE, 0x00,
    0x1F, 0xE0, 0x01, 0xF8, 0x00, 0x00, 0x78, 0x00, 0x00, 0xF8, 0x00, 0x01, 0xF0, 0x00, 0x1F, 0xF8,
    0x00, 0xFF, 0xFC, 0x03, 0xFF, 0xFE, 0x0F, 0xFF, 0xFE, 0x3F, 0xBF, 0xFC, 0x7C, 0x7C, 0xFD, 0xF0,
    0xF8, 0xFB, 0xE1, 0xF1, 0xF7, 0xC3, 0xE3, 0xEF, 0x87, 0xC7, 0xDF, 0x0F, 0x8F, 0xBE, 0x1F, 0x1F,
    0x7E, 0x3E, 0x3E, 0x7C, 0x7C, 0xFC, 0xFF, 0xFF, 0xF0, 0xFF, 0xFF, 0xC0, 0xFF, 0xFF, 0x80, 0xFF,
    0xFC, 0x00, 0x3F, 0xE0, 0x00, 0x1F, 0x00, 0x00, 0x3E, 0x00, 0x00, 0x78, 0x00, 0x7C, 0x01, 0xF3,
    0xF0, 0x1F, 0x8F, 0xC0, 0xF8, 0x3F, 0x0F, 0xC1, 0xF8, 0xFC, 0x07, 0xE7, 0xC0, 0x1F, 0x7E, 0x00,
    0xFF, 0xE0, 0x03, 0xFE, 0x00, 0x0F, 0xF0, 0x00, 0x7F, 0x00, 0x01, 0xF8, 0x00, 0x1F, 0xE0, 0x01,
    0xFF, 0x00, 0x1F, 0xFC, 0x00, 0xFB, 0xF0, 0x0F, 0xDF, 0x80, 0xFC, 0x7E, 0x07, 0xC1, 0xF8, 0x7E,
    0x0F, 0xC7, 0xE0, 0x3F, 0x3E, 0x00, 0xFC, 0x78, 0x03, 0xC7, 0xE0, 0x3F, 0x3F, 0x01, 0xF9, 0xF8,
    0x0F, 0xCF, 0xC0, 0x7E, 0x7E, 0x03, 0xF3, 0xF0, 0x1F, 0x9F, 0x80, 0xFC, 0xFC, 0x07, 0xE7, 0xE0,
    0x3F, 0x3F, 0x01, 0xF9, 0xF8, 0x0F, 0xCF, 0xC0, 0x7E, 0x7E, 0x03, 0xF3, 0xF0, 0x1F, 0x9F, 0x80,
    0xFC, 0xFC, 0x07, 0xE7, 0xE0, 0x3F, 0x3F, 0xFF, 0xFF, 0xFF, 0xFF, 0xFF, 0xFF, 0xFF, 0xFF, 0xFF,
    0xFC, 0x00, 0x03, 0xE0, 0x00, 0x1F, 0x00, 0x00, 0xF8, 0x00, 0x07, 0xC0, 0x00, 0x3E, 0x78, 0x07,
    0xFE, 0x01, 0xFF, 0x80, 0x7F, 0xE0, 0x1F, 0xF8, 0x07, 0xFE, 0x01, 0xFF, 0x80, 0x7F, 0xF0, 0x1F,
    0xFC, 0x07, 0xDF, 0x01, 0xF7, 0xF3, 0xFD, 0xFF, 0xFF, 0x3F, 0xFF, 0xC7, 0xFF, 0xF0, 0x7E, 0x7C,
    0x00, 0x1F, 0x00, 0x07, 0xC0, 0x01, 0xF0, 0x00, 0x7C, 0x00, 0x1F, 0x00, 0x07, 0xC0, 0x01, 0xF0,
    0x78, 0x1E, 0x03, 0xFF, 0x07, 0xC1, 0xFF, 0xC1, 0xF0, 0x7F, 0xF0, 0x7C, 0x1F, 0xFC, 0x1F, 0x07,
    0xFF, 0x07, 0xC1, 0xFF, 0xC1, 0xF0, 0x7F, 0xF0, 0x7C, 0x1F, 0xFC, 0x1F, 0x07, 0xFF, 0x07, 0xC1,
    0xFF, 0xC1, 0xF0, 0x7F, 0xF0, 0x7C, 0x1F, 0xFC, 0x1F, 0x07, 0xFF, 0x07, 0xC1, 0xFF, 0xC1, 0xF0,
    0x7F, 0xF0, 0x7C, 0x1F, 0xFC, 0x1F, 0x07, 0xFF, 0x07, 0xC1, 0xFF, 0xFF, 0xFF, 0xFF, 0xFF, 0xFF,
    0xFF, 0xFF, 0xFF, 0xFF, 0xFF, 0xFF, 0xFF, 0xF0, 0x78, 0x1E, 0x03, 0xC7, 0xE0, 0xF8, 0x3E, 0x3F,
    0x07, 0xC1, 0xF1, 0xF8, 0x3E, 0x0F, 0x8F, 0xC1, 0xF0, 0x7C, 0x7E, 0x0F, 0x83, 0xE3, 0xF0, 0x7C,
    0x1F, 0x1F, 0x83, 0xE0, 0xF8, 0xFC, 0x1F, 0x07, 0xC7, 0xE0, 0xF8, 0x3E, 0x3F, 0x07, 0xC1, 0xF1,
    0xF8, 0x3E, 0x0F, 0x8F, 0xC1, 0xF0, 0x7C, 0x7E, 0x0F, 0x83, 0xE3, 0xF0, 0x7C, 0x1F, 0x1F, 0x83,
    0xE0, 0xF8, 0xFC, 0x1F, 0x07, 0xC7, 0xE0, 0xF8, 0x3E, 0x3F, 0xFF, 0xFF, 0xFD, 0xFF, 0xFF, 0xFF,
    0xEF, 0xFF, 0xFF, 0xFF, 0x7F, 0xFF, 0xFF, 0xF8, 0x00, 0x00, 0x07, 0xC0, 0x00, 0x00, 0x3E, 0x00,
    0x00, 0x01, 0xF0, 0x00, 0x00, 0x0F, 0x80, 0x00, 0x00, 0x7C, 0x7F, 0xE0, 0x00, 0xFF, 0xC0, 0x01,
    0xFF, 0x80, 0x03, 0xFF, 0x00, 0x07, 0xFE, 0x00, 0x00, 0x7C, 0x00, 0x00, 0xF8, 0x00, 0x01, 0xF0,
    0x00, 0x03, 0xFF, 0xE0, 0x07, 0xFF, 0xF0, 0x0F, 0xFF, 0xF0, 0x1F, 0xFF, 0xE0, 0x3E, 0x07, 0xE0,
    0x7C, 0x07, 0xC0, 0xF8, 0x0F, 0x81, 0xF0, 0x1F, 0x03, 0xE0, 0x3E, 0x07, 0xC0, 0xFC, 0x0F, 0xFF,
    0xF8, 0x1F, 0xFF, 0xE0, 0x3F, 0xFF, 0x80, 0x7F, 0xFC, 0x00, 0x78, 0x00, 0x1F, 0xFC, 0x00, 0x1F,
    0xFC, 0x00, 0x1F, 0xFC, 0x00, 0x1F, 0xFC, 0x00, 0x1F, 0xFC, 0x00, 0x1F, 0xFC, 0x00, 0x1F, 0xFC,
    0x00, 0x1F, 0xFF, 0xF8, 0x1F, 0xFF, 0xFE, 0x1F, 0xFF, 0xFF, 0x1F, 0xFF, 0xFF, 0x9F, 0xFC, 0x1F,
    0x9F, 0xFC, 0x0F, 0x9F, 0xFC, 0x0F, 0x9F, 0xFC, 0x0F, 0x9F, 0xFC, 0x0F, 0x9F, 0xFC, 0x1F, 0x9F,
    0xFF, 0xFF, 0x9F, 0xFF, 0xFF, 0x1F, 0xFF, 0xFE, 0x1F, 0xFF, 0xF8, 0x1F, 0x78, 0x00, 0x3F, 0x00,
    0x0F, 0xC0, 0x03, 0xF0, 0x00, 0xFC, 0x00, 0x3F, 0x00, 0x0F, 0xC0, 0x03, 0xF0, 0x00, 0xFF, 0xF8,
    0x3F, 0xFF, 0x8F, 0xFF, 0xF3, 0xFF, 0xFE, 0xFC, 0x1F, 0xBF, 0x03, 0xEF, 0xC0, 0xFB, 0xF0, 0x3E,
    0xFC, 0x0F, 0xBF, 0x07, 0xEF, 0xFF, 0xFB, 0xFF, 0xFC, 0xFF, 0xFE, 0x3F, 0xFE, 0x00, 0x03, 0xF0,
    0x00, 0xFF, 0xE0, 0x1F, 0xFF, 0x03, 0xFF, 0xF8, 0x7F, 0xFF, 0xCF, 0xC0, 0xFC, 0xFC, 0x07, 0xEF,
    0x80, 0x3E, 0x00, 0x03, 0xE0, 0x1F, 0xFF, 0x01, 0xFF, 0xF0, 0x1F, 0xFF, 0x01, 0xFF, 0xF0, 0x00,
    0x3E, 0xF8, 0x03, 0xEF, 0x80, 0x3E, 0xFC, 0x07, 0xE7, 0xE0, 0xFC, 0x7F, 0xFF, 0xC3, 0xFF, 0xF8,
    0x1F, 0xFF, 0x00, 0xFF, 0xC0, 0x01, 0xE0, 0x00, 0x78, 0x01, 0xF8, 0x07, 0xE0, 0x3F, 0xF0, 0x3F,
    0x07, 0xFF, 0xE1, 0xF8, 0x7F, 0xFF, 0x8F, 0xC3, 0xFF, 0xFE, 0x7E, 0x3F, 0x03, 0xF3, 0xF1, 0xF0,
    0x0F, 0xDF, 0x9F, 0x80, 0x7E, 0xFC, 0xF8, 0x01, 0xF7, 0xFF, 0xC0, 0x0F, 0xBF, 0xFE, 0x00, 0x7D,
    0xFF, 0xF0, 0x03, 0xEF, 0xFF, 0x80, 0x1F, 0x7E, 0x7C, 0x00, 0xFB, 0xF3, 0xE0, 0x07, 0xDF, 0x9F,
    0x80, 0x7E, 0xFC, 0x7E, 0x03, 0xE7, 0xE3, 0xF8, 0x7F, 0x3F, 0x0F, 0xFF, 0xF1, 0xF8, 0x3F, 0xFF,
    0x8F, 0xC0, 0xFF, 0xF8, 0x7E, 0x03, 0xFF, 0x00, 0x00, 0x03, 0xC0, 0x00, 0x00, 0xFF, 0x83, 0xFF,
    0xF1, 0xFF, 0xFC, 0xFF, 0xFF, 0x3F, 0xFF, 0xDF, 0x81, 0xF7, 0xC0, 0x7D, 0xF0, 0x1F, 0x7C, 0x07,
    0xDF, 0x81, 0xF7, 0xF8, 0xFC, 0xFF, 0xFF, 0x1F, 0xFF, 0xC3, 0xFF, 0xF0, 0xFF, 0xFC, 0x3E, 0x1F,
    0x1F, 0x87, 0xC7, 0xC1, 0xF3, 0xF0, 0x7C, 0xF8, 0x1F, 0x7E, 0x07, 0xFF, 0x01, 0xF0, 0x0F, 0xF0,
    0x1F, 0xFC, 0x3F, 0xFE, 0x7F, 0xFE, 0x7C, 0x3E, 0x00, 0x3E, 0x03, 0xFE, 0x1F, 0xFE, 0x3F, 0xFE,
    0x7F, 0xBE, 0x7C, 0x3E, 0x78, 0x3E, 0x7C, 0x7E, 0x7F, 0xFE, 0x7F, 0xFE, 0x3F, 0xDE, 0x07, 0x00,
    0x00, 0x0E, 0x00, 0x1E, 0x03, 0xFE, 0x0F, 0xFE, 0x1F, 0xFC, 0x3F, 0xF0, 0x7C, 0x00, 0x79, 0xF0,
    0xF7, 0xF8, 0xFF, 0xFC, 0xFF, 0xFE, 0xFC, 0x3E, 0xF8, 0x1F, 0xF8, 0x1F, 0xF8, 0x1F, 0xF8, 0x1F,
    0xF8, 0x1F, 0xF8, 0x3E, 0x7E, 0x7E, 0x7F, 0xFC, 0x3F, 0xF8, 0x1F, 0xF0, 0x03, 0xC0, 0xFF, 0xE1,
    0xFF, 0xF3, 0xFF, 0xF7, 0xFF, 0xEF, 0x87, 0xDF, 0x0F, 0xBF, 0xFE, 0x7F, 0xF8, 0xFF, 0xF9, 0xFF,
    0xFB, 0xE0, 0xFF, 0xC1, 0xFF, 0xFF, 0xFF, 0xFF, 0xFF, 0xFF, 0x7F, 0xFC, 0xFF, 0xFF, 0xFF, 0xFF,
    0xFF, 0xFF, 0xF8, 0x0F, 0x80, 0xF8, 0x0F, 0x80, 0xF8, 0x0F, 0x80, 0xF8, 0x0F, 0x80, 0xF8, 0x0F,
    0x80, 0xF8, 0x0F, 0x80, 0x0F, 0xFF, 0x81, 0xFF, 0xF0, 0x3F, 0xFE, 0x0F, 0xFF, 0xC1, 0xF0, 0xF8,
    0x3E, 0x1F, 0x07, 0xC3, 0xE0, 0xF8, 0x7C, 0x1F, 0x0F, 0x83, 0xC1, 0xF0, 0x78, 0x3E, 0x1F, 0x07,
    0xCF, 0xFF, 0xFF, 0xFF, 0xFF, 0xFF, 0xFF, 0xFF, 0xFF, 0xFF, 0xF8, 0x03, 0xFF, 0x00, 0x7F, 0xE0,
    0x0F, 0xFC, 0x01, 0xFF, 0x80, 0x3E, 0x0F, 0xE0, 0x1F, 0xF8, 0x3F, 0xFC, 0x7F, 0xFC, 0xFC, 0x3E,
    0xF8, 0x3E, 0xFF, 0xFE, 0xFF, 0xFE, 0xFF, 0xFF, 0xFF, 0xFE, 0xF8, 0x00, 0xF8, 0x1E, 0x7E, 0x7E,
    0x7F, 0xFE, 0x3F, 0xFC, 0x1F, 0xF0, 0x03, 0xC0, 0xFC, 0x3E, 0x1F, 0xBF, 0x1F, 0x1F, 0x8F, 0x8F,
    0x8F, 0x87, 0xE7, 0xCF, 0xC1, 0xFB, 0xEF, 0xC0, 0x7D, 0xF7, 0xC0, 0x1F, 0xFF, 0xC0, 0x0F, 0xFF,
    0xE0, 0x07, 0xFF, 0xF0, 0x03, 0xFF, 0xF8, 0x03, 0xFF, 0xFE, 0x03, 0xF7, 0xDF, 0x81, 0xF3, 0xE7,
    0xE1, 0xF9, 0xF3, 0xF1, 0xF8, 0xF8, 0xFD, 0xF8, 0x7C, 0x3F, 0x0F, 0xE0, 0x7F, 0xF0, 0xFF, 0xE3,
    0xFF, 0xE7, 0xC7, 0xC0, 0x0F, 0x80, 0xFE, 0x01, 0xF8, 0x03, 0xF8, 0x07, 0xF8, 0x01, 0xF3, 0xE3,
    0xE7, 0xFF, 0xCF, 0xFF, 0x8F, 0xFE, 0x0F, 0xF8, 0x03, 0x80, 0xF8, 0x1F, 0xF8, 0x3F, 0xF8, 0x3F,
    0xF8, 0x7F, 0xF8, 0xFF, 0xF9, 0xFF, 0xF9, 0xFF, 0xFB, 0xFF, 0xFF, 0xDF, 0xFF, 0x9F, 0xFF, 0x9F,
    0xFF, 0x1F, 0xFE, 0x1F, 0xFE, 0x1F, 0xFC, 0x1F, 0xF8, 0x1F, 0x00, 0x00, 0x1C, 0x38, 0x1E, 0x78,
    0x0F, 0xF0, 0x0F, 0xF0, 0x03, 0xC0, 0x00, 0x00, 0xF8, 0x1F, 0xF8, 0x3F, 0xF8, 0x3F, 0xF8, 0x7F,
    0xF8, 0xFF, 0xF9, 0xFF, 0xF9, 0xFF, 0xFB, 0xFF, 0xFF, 0xDF, 0xFF, 0x9F, 0xFF, 0x9F, 0xFF, 0x1F,
    0xFE, 0x1F, 0xFE, 0x1F, 0xFC, 0x1F, 0xF8, 0x1F, 0xF8, 0x3F, 0xF8, 0x7E, 0xF8, 0x7E, 0xF8, 0xFC,
    0xF9, 0xF8, 0xF9, 0xF0, 0xFF, 0xF0, 0xFF, 0xE0, 0xFF, 0xE0, 0xFF, 0xF0, 0xFB, 0xF0, 0xF9, 0xF8,
    0xF8, 0xFC, 0xF8, 0x7C, 0xF8, 0x7E, 0xF8, 0x3F, 0x1F, 0xFF, 0x1F, 0xFF, 0x1F, 0xFF, 0x1F, 0xFF,
    0x1F, 0x1F, 0x1F, 0x1F, 0x1F, 0x1F, 0x1F, 0x1F, 0x1F, 0x1F, 0x1F, 0x1F, 0x3E, 0x1F, 0x3E, 0x1F,
    0xFE, 0x1F, 0xFC, 0x1F, 0xFC, 0x1F, 0xF8, 0x1F, 0xFF, 0x03, 0xFF, 0xF8, 0x3F, 0xFF, 0xC1, 0xFF,
    0xFF, 0x0F, 0xFF, 0xF8, 0xFF, 0xFF, 0xC7, 0xFF, 0xFF, 0x3F, 0xFF, 0xFB, 0xFF, 0xFB, 0xDF, 0xFF,
    0xDF, 0xF7, 0xFE, 0xFF, 0xBF, 0xF3, 0xFD, 0xFF, 0x9F, 0xCF, 0xFC, 0x7E, 0x7F, 0xE3, 0xE3, 0xFF,
    0x1F, 0x1F, 0xF8, 0x1F, 0xF8, 0x1F, 0xF8, 0x1F, 0xF8, 0x1F, 0xF8, 0x1F, 0xF8, 0x1F, 0xFF, 0xFF,
    0xFF, 0xFF, 0xFF, 0xFF, 0xFF, 0xFF, 0xF8, 0x1F, 0xF8, 0x1F, 0xF8, 0x1F, 0xF8, 0x1F, 0xF8, 0x1F,
    0xF8, 0x1F, 0x0F, 0xF0, 0x1F, 0xF8, 0x3F, 0xFC, 0x7F, 0xFE, 0xFC, 0x3E, 0xF8, 0x3F, 0xF8, 0x1F,
    0xF8, 0x1F, 0xF8, 0x1F, 0xF8, 0x1F, 0xF8, 0x1F, 0xFC, 0x3E, 0x7E, 0xFE, 0x7F, 0xFC, 0x3F, 0xFC,
    0x1F, 0xF0, 0x03, 0xC0, 0xFF, 0xFF, 0xFF, 0xFF, 0xFF, 0xFF, 0xFF, 0xFF, 0x83, 0xFF, 0x07, 0xFE,
    0x0F, 0xFC, 0x1F, 0xF8, 0x3F, 0xF0, 0x7F, 0xE0, 0xFF, 0xC1, 0xFF, 0x83, 0xFF, 0x07, 0xFE, 0x0F,
    0xFC, 0x1F, 0xF9, 0xF8, 0x7D, 0xFE, 0x3F, 0xFF, 0x9F, 0xFF, 0xEF, 0xC3, 0xF7, 0xE0, 0xFB, 0xE0,
    0x7D, 0xF0, 0x3E, 0xF8, 0x1F, 0x7C, 0x0F, 0xBF, 0x07, 0xDF, 0x87, 0xEF, 0xFF, 0xF7, 0xFF, 0xF3,
    0xFF, 0xF1, 0xF7, 0xF0, 0xF8, 0xE0, 0x7C, 0x00, 0x3E, 0x00, 0x1F, 0x00, 0x0F, 0x80, 0x07, 0xC0,
    0x00, 0x0F, 0xF0, 0x3F, 0xF0, 0xFF, 0xF3, 0xFF, 0xFF, 0xC3, 0xFF, 0x07, 0xFE, 0x00, 0x7C, 0x00,
    0xF8, 0x01, 0xF0, 0x03, 0xE0, 0xFF, 0xE1, 0xF7, 0xEF, 0xEF, 0xFF, 0x8F, 0xFE, 0x0F, 0xF8, 0x03,
    0xC0, 0xFF, 0xFF, 0xFF, 0xFF, 0xFF, 0xFF, 0xFF, 0xF0, 0x7C, 0x00, 0xF8, 0x01, 0xF0, 0x03, 0xE0,
    0x07, 0xC0, 0x0F, 0x80, 0x1F, 0x00, 0x3E, 0x00, 0x7C, 0x00, 0xF8, 0x01, 0xF0, 0x03, 0xE0, 0xF8,
    0x0F, 0xFE, 0x07, 0xDF, 0x07, 0xCF, 0x83, 0xE3, 0xE1, 0xF1, 0xF1, 0xF0, 0xF8, 0xF8, 0x3E, 0x78,
    0x1F, 0x7C, 0x0F, 0xBE, 0x03, 0xFE, 0x01, 0xFF, 0x00, 0x7F, 0x80, 0x3F, 0x80, 0x1F, 0xC0, 0x07,
    0xC0, 0x03, 0xE0, 0x01, 0xF0, 0x0F, 0xF0, 0x07, 0xF8, 0x03, 0xF8, 0x03, 0xF8, 0x00, 0x00, 0x00,
    0x00, 0xF0, 0x00, 0x07, 0xC0, 0x00, 0x3E, 0x00, 0x01, 0xF0, 0x00, 0x0F, 0x80, 0x00, 0x7C, 0x00,
    0x3F, 0xFC, 0x03, 0xFF, 0xF8, 0x3F, 0xFF, 0xE3, 0xFF, 0xFF, 0xBF, 0x3E, 0x7D, 0xF1, 0xF3, 0xEF,
    0x8F, 0x8F, 0xFC, 0x7C, 0x7F, 0xE3, 0xE3, 0xFF, 0x1F, 0x1F, 0xF8, 0xF9, 0xF7, 0xE7, 0xCF, 0x9F,
    0xBE, 0xFC, 0xFF, 0xFF, 0xC3, 0xFF, 0xFC, 0x07, 0xFF, 0xC0, 0x0F, 0xF0, 0x00, 0x1F, 0x00, 0x00,
    0xF8, 0x00, 0x07, 0xC0, 0x00, 0x3E, 0x00, 0x01, 0xF0, 0x00, 0x7C, 0x1F, 0x3F, 0x1F, 0x8F, 0x8F,
    0x87, 0xEF, 0x81, 0xF7, 0xC0, 0x7F, 0xC0, 0x3F, 0xC0, 0x0F, 0xE0, 0x07, 0xF0, 0x07, 0xF8, 0x03,
    0xFE, 0x03, 0xEF, 0x83, 0xF7, 0xC1, 0xF1, 0xF1, 0xF0, 0xFD, 0xF8, 0x3E, 0xF8, 0x3E, 0x3E, 0x0F,
    0x8F, 0x83, 0xE3, 0xE0, 0xF8, 0xF8, 0x3E, 0x3E, 0x0F, 0x8F, 0x83, 0xE3, 0xE0, 0xF8, 0xF8, 0x3E,
    0x3E, 0x0F, 0x8F, 0x83, 0xE3, 0xE0, 0xF8, 0xFF, 0xFF, 0xBF, 0xFF, 0xFF, 0xFF, 0xFF, 0xFF, 0xFF,
    0x00, 0x07, 0x80, 0x01, 0xE0, 0x00, 0x78, 0x00, 0x1E, 0x00, 0x07, 0x80, 0xF8, 0x3F, 0xF0, 0x7F,
    0xE0, 0xFF, 0xC1, 0xFF, 0x83, 0xFF, 0x07, 0xFF, 0x0F, 0xBF, 0x1F, 0x7F, 0xFE, 0x7F, 0xFC, 0x7F,
    0xF8, 0x3F, 0xF0, 0x03, 0xE0, 0x07, 0xC0, 0x0F, 0x80, 0x1F, 0xF8, 0x7C, 0x3F, 0xF0, 0xF8, 0x7F,
    0xE1, 0xF0, 0xFF, 0xC3, 0xE1, 0xFF, 0x87, 0xC3, 0xFF, 0x0F, 0x87, 0xFE, 0x1F, 0x0F, 0xFC, 0x3E,
    0x1F, 0xF8, 0x7C, 0x3F, 0xF0, 0xF8, 0x7F, 0xE1, 0xF0, 0xFF, 0xC3, 0xE1, 0xFF, 0xFF, 0xFF, 0xFF,
    0xFF, 0xFF, 0xFF, 0xFF, 0xFF, 0xFF, 0xFF, 0xFF, 0xF8, 0x7C, 0x3E, 0x7C, 0x3E, 0x1F, 0x3E, 0x1F,
    0x0F, 0x9F, 0x0F, 0x87, 0xCF, 0x87, 0xC3, 0xE7, 0xC3, 0xE1, 0xF3, 0xE1, 0xF0, 0xF9, 0xF0, 0xF8,
    0x7C, 0xF8, 0x7C, 0x3E, 0x7C, 0x3E, 0x1F, 0x3E, 0x1F, 0x0F, 0x9F, 0x0F, 0x87, 0xCF, 0xFF, 0xFF,
    0xFF, 0xFF, 0xFF, 0xFF, 0xFF, 0xFF, 0xFF, 0xFF, 0xFF, 0xFF, 0x00, 0x00, 0x0F, 0x80, 0x00, 0x07,
    0xC0, 0x00, 0x03, 0xE0, 0x00, 0x01, 0xF0, 0x00, 0x00, 0xF8, 0xFF, 0x80, 0x1F, 0xF0, 0x03, 0xFE,
    0x00, 0x7F, 0xC0, 0x00, 0xF8, 0x00, 0x1F, 0xFC, 0x03, 0xFF, 0xE0, 0x7F, 0xFE, 0x0F, 0xFF, 0xC1,
    0xF0, 0xFC, 0x3E, 0x0F, 0x87, 0xC1, 0xF0, 0xFF, 0xFC, 0x1F, 0xFF, 0x83, 0xFF, 0xE0, 0x7F, 0xF8,
    0xF8, 0x00, 0xFF, 0xC0, 0x07, 0xFE, 0x00, 0x3F, 0xF0, 0x01, 0xFF, 0x80, 0x0F, 0xFF, 0xF8, 0x7F,
    0xFF, 0xE3, 0xFF, 0xFF, 0x9F, 0xFF, 0xFE, 0xFF, 0xC1, 0xF7, 0xFE, 0x0F, 0xBF, 0xF0, 0x7D, 0xFF,
    0xFF, 0xEF, 0xFF, 0xFE, 0x7F, 0xFF, 0xF3, 0xFF, 0xFE, 0x1F, 0xF8, 0x01, 0xF0, 0x03, 0xE0, 0x07,
    0xC0, 0x0F, 0x80, 0x1F, 0xFE, 0x3F, 0xFE, 0x7F, 0xFE, 0xFF, 0xFF, 0xF0, 0x7F, 0xE0, 0xFF, 0xC1,
    0xFF, 0xFF, 0xFF, 0xFF, 0xBF, 0xFF, 0x7F, 0xF8, 0x1F, 0xE0, 0x7F, 0xE1, 0xFF, 0xE7, 0xFF, 0xEF,
    0x87, 0xFE, 0x07, 0xC0, 0xFF, 0x83, 0xFF, 0x07, 0xFE, 0x0F, 0xFF, 0xC0, 0xFF, 0xC1, 0xFF, 0xCF,
    0xCF, 0xFF, 0x9F, 0xFE, 0x0F, 0xF8, 0x07, 0x80, 0xF8, 0x1F, 0xE1, 0xF0, 0x7F, 0xF3, 0xE1, 0xFF,
    0xF7, 0xC7, 0xFF, 0xEF, 0x8F, 0x87, 0xFF, 0x3F, 0x07, 0xFF, 0xFC, 0x0F, 0xFF, 0xF8, 0x1F, 0xFF,
    0xF0, 0x3F, 0xFF, 0xE0, 0x7F, 0xE7, 0xE0, 0xFF, 0xC7, 0xC3, 0xFF, 0x8F, 0xEF, 0xDF, 0x0F, 0xFF,
    0xBE, 0x1F, 0xFE, 0x7C, 0x0F, 0xF8, 0x00, 0x07, 0x80, 0x0F, 0xFE, 0x7F, 0xFC, 0xFF, 0xFB, 0xFF,
    0xF7, 0xC1, 0xEF, 0x83, 0xDF, 0x07, 0xBF, 0xFF, 0x3F, 0xFE, 0x7F, 0xFC, 0x7F, 0xF8, 0xF8, 0xF3,
    0xF1, 0xE7, 0xC3, 0xDF, 0x07, 0xFE, 0x0F, 0x1E, 0x00, 0x1F, 0x00, 0x0F, 0x00, 0x07, 0x80, 0x07,
    0x80, 0x03, 0x80, 0x00, 0x00, 0x0F, 0xE0, 0x1F, 0xF8, 0x3F, 0xFC, 0x7F, 0xFC, 0xFC, 0x3E, 0xF8,
    0x3E, 0xFF, 0xFE, 0xFF, 0xFE, 0xFF, 0xFF, 0xFF, 0xFE, 0xF8, 0x00, 0xF8, 0x1E, 0x7E, 0x7E, 0x7F,
    0xFE, 0x3F, 0xFC, 0x1F, 0xF0, 0x03, 0xC0, 0x00, 0x00, 0x3C, 0x78, 0x3E, 0xF8, 0x3E, 0xF8, 0x3C,
    0x78, 0x00, 0x00, 0x00, 0x00, 0x0F, 0xE0, 0x1F, 0xF8, 0x3F, 0xFC, 0x7F, 0xFC, 0xFC, 0x3E, 0xF8,
    0x3E, 0xFF, 0xFE, 0xFF, 0xFE, 0xFF, 0xFF, 0xFF, 0xFE, 0xF8, 0x00, 0xF8, 0x1E, 0x7E, 0x7E, 0x7F,
    0xFE, 0x3F, 0xFC, 0x1F, 0xF0, 0x03, 0xC0, 0x1E, 0x00, 0x0F, 0x80, 0x0F, 0xFE, 0x03, 0xFF, 0xC0,
    0xFF, 0xF0, 0x0F, 0x80, 0x03, 0xE7, 0xE0, 0xFB, 0xFC, 0x3F, 0xFF, 0x8F, 0xFF, 0xE3, 0xF0, 0xF8,
    0xFC, 0x3F, 0x3E, 0x07, 0xCF, 0x81, 0xF3, 0xE0, 0x7C, 0xF8, 0x1F, 0x3E, 0x07, 0xCF, 0x81, 0xF3,
    0xE0, 0x7C, 0xF8, 0x1F, 0x3E, 0x07, 0xCF, 0x81, 0xF0, 0x00, 0x7C, 0x00, 0x1F, 0x00, 0x3F, 0x80,
    0x1F, 0xE0, 0x07, 0xF8, 0x01, 0xFC, 0x00, 0x18, 0x00, 0x01, 0xC0, 0x3E, 0x03, 0xC0, 0x78, 0x07,
    0x80, 0x70, 0x00, 0x0F, 0xFF, 0xFF, 0xFF, 0xFF, 0xFF, 0xFF, 0x80, 0xF8, 0x0F, 0x80, 0xF8, 0x0F,
    0x80, 0xF8, 0x0F, 0x80, 0xF8, 0x0F, 0x80, 0xF8, 0x0F, 0x80, 0xF8, 0x00, 0x0F, 0xF0, 0x3F, 0xF0,
    0xFF, 0xF3, 0xFF, 0xFF, 0xC3, 0xFF, 0x03, 0xFF, 0xE0, 0x7F, 0xE0, 0xFF, 0xC1, 0xFF, 0x83, 0xE0,
    0x7F, 0xC1, 0xF7, 0xE7, 0xEF, 0xFF, 0x8F, 0xFE, 0x0F, 0xF8, 0x03, 0xC0, 0x1F, 0xE0, 0x7F, 0xE1,
    0xFF, 0xE7, 0xFF, 0xEF, 0x87, 0xDF, 0x80, 0x3F, 0xE0, 0x3F, 0xF8, 0x3F, 0xFC, 0x1F, 0xF8, 0x03,
    0xF7, 0xC3, 0xEF, 0xC7, 0xDF, 0xFF, 0x9F, 0xFE, 0x1F, 0xF8, 0x07, 0x80, 0x21, 0xEF, 0xFF, 0x78,
    0xC0, 0x3E, 0xFB, 0xEF, 0xBE, 0xFB, 0xEF, 0xBE, 0xFB, 0xEF, 0xBE, 0xFB, 0xEF, 0x80, 0x00, 0x07,
    0x9E, 0xF9, 0xEF, 0x9F, 0x79, 0xE0, 0x00, 0x00, 0x01, 0xF0, 0x1F, 0x01, 0xF0, 0x1F, 0x01, 0xF0,
    0x1F, 0x01, 0xF0, 0x1F, 0x01, 0xF0, 0x1F, 0x01, 0xF0, 0x1F, 0x01, 0xF0, 0x1F, 0x01, 0xF0, 0x1F,
    0x00, 0x08, 0x1E, 0x3F, 0x3F, 0x1E, 0x0C, 0x00, 0x3E, 0x3E, 0x3E, 0x3E, 0x3E, 0x3E, 0x3E, 0x3E,
    0x3E, 0x3E, 0x3E, 0x3E, 0x3E, 0x3E, 0x3E, 0x3E, 0x3E, 0x3E, 0xFE, 0xFE, 0xFC, 0xF8, 0x1F, 0xFF,
    0x80, 0x03, 0xFF, 0xF0, 0x00, 0x7F, 0xFE, 0x00, 0x0F, 0xFF, 0xC0, 0x01, 0xF1, 0xF8, 0x00, 0x3E,
    0x3F, 0xFC, 0x07, 0xC7, 0xFF, 0xE0, 0xF8, 0xFF, 0xFE, 0x1F, 0x1F, 0xFF, 0xC3, 0xE3, 0xF0, 0xF8,
    0x7C, 0x7E, 0x0F, 0x9F, 0x0F, 0xC3, 0xEF, 0xE1, 0xFF, 0xFD, 0xFC, 0x3F, 0xFF, 0xBF, 0x07, 0xFF,
    0xE7, 0xC0, 0xFF, 0xF8, 0xF8, 0x1E, 0x00, 0x7C, 0x1F, 0x00, 0x3E, 0x0F, 0x80, 0x1F, 0x07, 0xC0,
    0x0F, 0x83, 0xE0, 0x07, 0xC1, 0xF8, 0x03, 0xFF, 0xFF, 0xF1, 0xFF, 0xFF, 0xFE, 0xFF, 0xFF, 0xFF,
    0x7F, 0xFF, 0xFF, 0xFE, 0x0F, 0x83, 0xFF, 0x07, 0xC1, 0xFF, 0x83, 0xFF, 0xFF, 0xC1, 0xFF, 0xFB,
    0xE0, 0xFF, 0xFD, 0xF0, 0x7F, 0xF8, 0x1E, 0x00, 0x0F, 0x80, 0x0F, 0xFF, 0x03, 0xFF, 0xC0, 0xFF,
    0xE0, 0x0F, 0x80, 0x03, 0xE7, 0xE0, 0xFB, 0xFC, 0x3F, 0xFF, 0x8F, 0xFF, 0xE3, 0xF0, 0xF8, 0xFC,
    0x3F, 0x3E, 0x07, 0xCF, 0x81, 0xF3, 0xE0, 0x7C, 0xF8, 0x1F, 0x3E, 0x07, 0xCF, 0x81, 0xF3, 0xE0,
    0x7C, 0xF8, 0x1F, 0x3E, 0x07, 0xCF, 0x81, 0xF0, 0x00, 0xF0, 0x01, 0xF0, 0x01, 0xE0, 0x03, 0xE0,
    0x03, 0xC0, 0x03, 0x80, 0x00, 0x00, 0xF8, 0x3F, 0xF8, 0x7E, 0xF8, 0x7E, 0xF8, 0xFC, 0xF9, 0xF8,
    0xF9, 0xF0, 0xFF, 0xF0, 0xFF, 0xE0, 0xFF, 0xE0, 0xFF, 0xF0, 0xFB, 0xF0, 0xF9, 0xF8, 0xF8, 0xFC,
    0xF8, 0x7C, 0xF8, 0x7E, 0xF8, 0x3F, 0x0E, 0x00, 0x0F, 0x00, 0x0F, 0x80, 0x07, 0x80, 0x03, 0xC0,
    0x03, 0xC0, 0x00, 0x00, 0xF8, 0x1F, 0xF8, 0x3F, 0xF8, 0x3F, 0xF8, 0x7F, 0xF8, 0xFF, 0xF9, 0xFF,
    0xF9, 0xFF, 0xFB, 0xFF, 0xFF, 0xDF, 0xFF, 0x9F, 0xFF, 0x9F, 0xFF, 0x1F, 0xFE, 0x1F, 0xFE, 0x1F,
    0xFC, 0x1F, 0xF8, 0x1F, 0x00, 0x00, 0x0F, 0x1E, 0x03, 0xDF, 0x01, 0xFF, 0x00, 0x7F, 0x00, 0x0E,
    0x00, 0x00, 0x01, 0xF0, 0x1F, 0xFC, 0x0F, 0xBE, 0x0F, 0x9F, 0x07, 0xC7, 0xC3, 0xE3, 0xE3, 0xE1,
    0xF1, 0xF0, 0x7C, 0xF0, 0x3E, 0xF8, 0x1F, 0x7C, 0x07, 0xFC, 0x03, 0xFE, 0x00, 0xFF, 0x00, 0x7F,
    0x00, 0x3F, 0x80, 0x0F, 0x80, 0x07, 0xC0, 0x03, 0xE0, 0x1F, 0xE0, 0x0F, 0xF0, 0x07, 0xF0, 0x07,
    0xF0, 0x00, 0x00, 0x00, 0xF8, 0x3F, 0xF0, 0x7F, 0xE0, 0xFF, 0xC1, 0xFF, 0x83, 0xFF, 0x07, 0xFE,
    0x0F, 0xFC, 0x1F, 0xF8, 0x3F, 0xF0, 0x7F, 0xE0, 0xFF, 0xC1, 0xFF, 0xFF, 0xFF, 0xFF, 0xFF, 0xFF,
    0xFF, 0xFF, 0x07, 0xC0, 0x0F, 0x80, 0x1F, 0x00, 0x3E, 0x00, 0x7C, 0x00, 0x78, 0x1E, 0x07, 0xBF,
    0x07, 0xC1, 0xFF, 0xC1, 0xF0, 0x7F, 0xF0, 0x7C, 0x1F, 0xFC, 0x1F, 0x07, 0xFF, 0x07, 0xC1, 0xFF,
    0xC1, 0xF0, 0x7F, 0xF0, 0x7C, 0x1F, 0xFC, 0x1F, 0x07, 0xFF, 0x07, 0xC1, 0xFF, 0xC1, 0xF0, 0x7F,
    0xF0, 0x7C, 0x1F, 0xFC, 0x1F, 0x07, 0xFF, 0x07, 0xC1, 0xFF, 0xC1, 0xF0, 0x7F, 0xF0, 0x7C, 0x1F,
    0x7C, 0x1F, 0x07, 0xDF, 0x0F, 0xC3, 0xF7, 0xFF, 0xFF, 0xF8, 0xFF, 0xFF, 0xFE, 0x3F, 0xFF, 0xFF,
    0x03, 0xFC, 0xFF, 0x80, 0x3C, 0x07, 0x00, 0xF8, 0x7C, 0x3F, 0xF0, 0xF8, 0x7F, 0xE1, 0xF0, 0xFF,
    0xC3, 0xE1, 0xFF, 0x87, 0xC3, 0xFF, 0x0F, 0x87, 0xFE, 0x1F, 0x0F, 0xFC, 0x3E, 0x1F, 0xF8, 0x7C,
    0x3F, 0xF0, 0xF8, 0x7F, 0xE1, 0xF0, 0xFF, 0xE3, 0xE1, 0xF7, 0xFF, 0xFF, 0xEF, 0xFF, 0xFF, 0x8F,
    0xFB, 0xFF, 0x0F, 0xE3, 0xFC, 0x07, 0x01, 0xC0, 0x1F, 0x00, 0x01, 0xF0, 0x00, 0x1F, 0x00, 0x0F,
    0xFF, 0x80, 0xFF, 0xF8, 0x0F, 0xFF, 0x80, 0x1F, 0x00, 0x01, 0xF0, 0x00, 0x1F, 0xFE, 0x01, 0xFF,
    0xF8, 0x1F, 0xFF, 0xC1, 0xFF, 0xFE, 0x1F, 0x07, 0xE1, 0xF0, 0x1F, 0x1F, 0x01, 0xF1, 0xF0, 0x1F,
    0x1F, 0x01, 0xF1, 0xF0, 0x3F, 0x1F, 0xFF, 0xE1, 0xFF, 0xFC, 0x1F, 0xFF, 0xC1, 0xFF, 0xF0, 0x1F,
    0x00, 0x07, 0xC0, 0x01, 0xF0, 0x00, 0x7C, 0x00, 0x1F, 0x00, 0x07, 0xC0, 0x0F, 0xFF, 0x83, 0xFF,
    0xE0, 0xFF, 0xF8, 0x07, 0xC0, 0x01, 0xF0, 0x00, 0x7F, 0xF0, 0x1F, 0xFF, 0x07, 0xFF, 0xE1, 0xFF,
    0xF8, 0x7C, 0x3F, 0x1F, 0x07, 0xC7, 0xC1, 0xF1, 0xFF, 0xF8, 0x7F, 0xFE, 0x1F, 0xFF, 0x07, 0xFF,
    0x80, 0x78, 0x01, 0xF8, 0x1F, 0x80, 0xFF, 0xC3, 0xF0, 0x7F, 0xFC, 0x7E, 0x1F, 0xFF, 0xCF, 0xC3,
    0xFF, 0xFD, 0xF8, 0xFC, 0x0F, 0xFF, 0x1F, 0x00, 0xFF, 0xE7, 0xE0, 0x1F, 0xFC, 0xF8, 0x00, 0x1F,
    0xFF, 0xFC, 0x03, 0xFF, 0xFF, 0x80, 0x7F, 0xFF, 0xF0, 0x0F, 0xFF, 0xFE, 0x01, 0xFF, 0xFF, 0xC0,
    0x3F, 0x3E, 0x00, 0x07, 0xE7, 0xE0, 0x1F, 0xFC, 0x7C, 0x07, 0xFF, 0x8F, 0xE1, 0xFF, 0xF0, 0xFF,
    0xFF, 0x7E, 0x0F, 0xFF, 0xCF, 0xC0, 0xFF, 0xF1, 0xF8, 0x0F, 0xFC, 0x00, 0x00, 0x3C, 0x00, 0xF8,
    0x1F, 0xE3, 0xE0, 0xFF, 0xCF, 0x87, 0xFF, 0xBE, 0x3F, 0xFF, 0xF9, 0xF8, 0x7F, 0xE7, 0xC1, 0xFF,
    0xFF, 0xF0, 0x3F, 0xFF, 0xC0, 0xFF, 0xFF, 0x03, 0xFF, 0xFC, 0x0F, 0x9F, 0x03, 0xFE, 0x7E, 0x1F,
    0xF8, 0xFC, 0xFF, 0xE3, 0xFF, 0xEF, 0x87, 0xFF, 0xBE, 0x0F, 0xF8, 0x00, 0x07, 0x80, 0x00, 0xFC,
    0x00, 0x0F, 0xE0, 0x00, 0x7F, 0x80, 0x03, 0xFC, 0x00, 0x3F, 0xE0, 0x01, 0xFF, 0x80, 0x0F, 0x7C,
    0x00, 0xFB, 0xE0, 0x07, 0xDF, 0x80, 0x7E, 0x7C, 0x03, 0xE3, 0xE0, 0x1F, 0x1F, 0x81, 0xFF, 0xFC,
    0x0F, 0xFF, 0xE0, 0x7F, 0xFF, 0x87, 0xFF, 0xFC, 0x3F, 0x7B, 0xE1, 0xF3, 0xDF, 0x9F, 0x9E, 0x7C,
    0xFC, 0xF3, 0xF7, 0xC7, 0x9F, 0xFE, 0x3C, 0x7C, 0x03, 0xE0, 0x01, 0xF8, 0x01, 0xFC, 0x00, 0xFE,
    0x00, 0xFF, 0x80, 0x7F, 0xC0, 0x3D, 0xE0, 0x3E, 0xF8, 0x1F, 0x7C, 0x1F, 0xFF, 0x0F, 0xFF, 0x87,
    0xFF, 0xC7, 0xDD, 0xF3, 0xEE, 0xF9, 0xE7, 0x3F, 0xF3, 0x9F, 0x78, 0x03, 0xF0, 0x0F, 0xC0, 0x3F,
    0x00, 0xFC, 0x07, 0xF8, 0x0F, 0xC0, 0x7F, 0x80, 0xFC, 0x0F, 0xF8, 0x0F, 0xC0, 0xFF, 0xC0, 0xFC,
    0x0F, 0xFC, 0x0F, 0xC1, 0xF7, 0xE0, 0xFC, 0x1F, 0x3E, 0x0F, 0xC1, 0xF3, 0xE0, 0xFC, 0x3F, 0x3F,
    0x0F, 0xC3, 0xE1, 0xF0, 0xFF, 0xFF, 0xFF, 0x0F, 0xFF, 0xFF, 0xF8, 0xFF, 0xFF, 0xFF, 0x8F, 0xFF,
    0xFF, 0xF8, 0xFC, 0xFD, 0xEF, 0xCF, 0xCF, 0x9E, 0x7C, 0xFC, 0xF9, 0xE7, 0xCF, 0xDF, 0x9E, 0x7E,
    0xFD, 0xF1, 0xE3, 0xEF, 0xDF, 0x1E, 0x3E, 0xF8, 0x0F, 0x81, 0xF0, 0x1F, 0x83, 0xE0, 0x7F, 0x07,
    0xC0, 0xFE, 0x0F, 0x83, 0xFE, 0x1F, 0x07, 0xFC, 0x3E, 0x0F, 0x7C, 0x7C, 0x3E, 0xF8, 0xFF, 0xFC,
    0xF1, 0xFF, 0xFF, 0xF3, 0xFF, 0xFF, 0xE7, 0xC7, 0xFF, 0xCF, 0x9F, 0x77, 0xDF, 0x3E, 0xEF, 0xBE,
    0x7D, 0xCF, 0xFD, 0xF3, 0x9F, 0x3F, 0xFF, 0xF8, 0x7F, 0xFF, 0xF0, 0x7F, 0xFF, 0xE0, 0xFF, 0xFF,
    0x80, 0xFF, 0xFF, 0x00, 0xF8, 0x7C, 0x01, 0xF0, 0xF0, 0x01, 0xF3, 0xE0, 0x03, 0xEF, 0x80, 0x03,
    0xFF, 0x00, 0x1F, 0xFF, 0x80, 0xFF, 0xFF, 0xC3, 0xFF, 0xFF, 0xCF, 0xFF, 0xFF, 0x9F, 0x9F, 0x1F,
    0xBE, 0x3E, 0x1F, 0xF8, 0x7C, 0x3F, 0xF0, 0xF8, 0x7F, 0xE1, 0xF0, 0xFF, 0xC3, 0xE1, 0xFF, 0x87,
    0xC3, 0xFF, 0x0F, 0x87, 0xC0, 0x3F, 0xFF, 0xC3, 0xFF, 0xFC, 0x1F, 0xFF, 0x81, 0xF9, 0xF8, 0x0F,
    0x9F, 0x00, 0x79, 0xE0, 0x07, 0xFE, 0x00, 0xFF, 0xF0, 0x3F, 0xFF, 0xC7, 0xFF, 0xFE, 0x7F, 0xFF,
    0xEF, 0xCF, 0x3E, 0xF8, 0xF1, 0xFF, 0x8F, 0x1F, 0xF8, 0xF1, 0xFF, 0x8F, 0x1F, 0x78, 0x1F, 0xFF,
    0xFC, 0xFC, 0x1F, 0xFF, 0xFC, 0xFC, 0x0F, 0xFF, 0xF8, 0xFC, 0x0F, 0xFF, 0xF8, 0xFC, 0x07, 0xFF,
    0xF0, 0xFC, 0x07, 0xC1, 0xF0, 0xFC, 0x03, 0xE3, 0xE0, 0xFC, 0x01, 0xE3, 0xC0, 0xFC, 0x01, 0xF7,
    0xC0, 0xFC, 0x00, 0xFF, 0x80, 0xFF, 0xFF, 0xFF, 0xF0, 0xFF, 0xFF, 0xFF, 0xF8, 0xFF, 0xFF, 0xFF,
    0xFE, 0xFF, 0xFF, 0xFF, 0xFE, 0xFC, 0x3E, 0x3E, 0x3F, 0xFC, 0x7E, 0x3E, 0x1F, 0xFC, 0x7C, 0x3E,
    0x1F, 0xFC, 0x7C, 0x3E, 0x1F, 0xFC, 0x7C, 0x3E, 0x1F, 0xFC, 0x7C, 0x3E, 0x1F, 0xFC, 0x7C, 0x3E,
    0x1F, 0xFC, 0x7C, 0x3E, 0x1F, 0xF8, 0x3F, 0xFF, 0xCF, 0x83, 0xFF, 0xFC, 0xF8, 0x1F, 0xFF, 0x8F,
    0x81, 0xF1, 0xF0, 0xF8, 0x0F, 0x9F, 0x0F, 0x80, 0xFB, 0xE0, 0xF8, 0x07, 0xFE, 0x0F, 0xFF, 0xFF,
    0xF0, 0xFF, 0xFF, 0xFF, 0x8F, 0xFF, 0xFF, 0xFC, 0xFF, 0xFF, 0xFF, 0xEF, 0x87, 0x9F, 0x3E, 0xF8,
    0xF9, 0xF1, 0xEF, 0x8F, 0x9F, 0x1E, 0xF8, 0xF9, 0xF1, 0xFF, 0x8F, 0x9F, 0x1F, 0x1C, 0x3C, 0x3C,
    0xF8, 0x3F, 0xE0, 0x3F, 0x80, 0x3E, 0x00, 0x00, 0x0F, 0xC0, 0x1F, 0xF0, 0x3F, 0xF8, 0x7F, 0xF0,
    0xFF, 0xF0, 0x03, 0xE0, 0x07, 0xC0, 0x0F, 0x80, 0x3E, 0x07, 0xFC, 0x1F, 0xF0, 0x3F, 0xE0, 0x7F,
    0xE0, 0x0F, 0xE0, 0x07, 0xC0, 0x0F, 0x80, 0x1F, 0x80, 0x3E, 0x0F, 0xFC, 0x7F, 0xF9, 0xFF, 0xE7,
    0xFF, 0x8F, 0xF8, 0x1F, 0x00, 0x3E, 0x00, 0x3E, 0x00, 0x7C, 0x00, 0x78, 0x00, 0x20, 0x00, 0x38,
    0x38, 0xF9, 0xE1, 0xEF, 0x03, 0xF8, 0x07, 0xC0, 0x0E, 0x00, 0x00, 0x0F, 0xF8, 0x3F, 0xF0, 0xFF,
    0xE3, 0xFF, 0xC0, 0x1F, 0x00, 0x7C, 0x3F, 0xE1, 0xFF, 0x87, 0xFE, 0x1F, 0xFC, 0x01, 0xF0, 0x07,
    0xC0, 0x3F, 0x1F, 0xFC, 0xFF, 0xE7, 0xFF, 0x1F, 0xF0, 0x78, 0x01, 0xFC, 0x07, 0xF0, 0x0F, 0xC0,
    0x1F, 0x00, 0x78, 0x3C, 0x1E, 0xFC, 0x7C, 0x3E, 0xFC, 0x7C, 0x3E, 0xFC, 0x7C, 0x3E, 0xFC, 0x7C,
    0x3E, 0xFC, 0x7C, 0x3E, 0xFC, 0x7C, 0x3E, 0xFC, 0x7C, 0x3E, 0x7C, 0x7C, 0x3E, 0x7C, 0x7C, 0x3E,
    0x7C, 0x7C, 0x3E, 0x7E, 0x7C, 0x7E, 0x3F, 0xFF, 0xFC, 0x3F, 0xFF, 0xFC, 0x1F, 0xFF, 0xF8, 0x07,
    0xFF, 0xE0, 0x01, 0xFF, 0x80, 0x00, 0x7C, 0x00, 0x00, 0x7C, 0x00, 0x00, 0x7C, 0x00, 0x00, 0x7C,
    0x00, 0x00, 0x7C, 0x00, 0x00, 0x78, 0x00, 0x01, 0xF0, 0x00, 0x07, 0xC0, 0x00, 0x1F, 0x00, 0xF8,
    0x7C, 0x7F, 0xE1, 0xF1, 0xFF, 0x87, 0xC7, 0xFE, 0x1F, 0x1F, 0xF8, 0x7C, 0x7F, 0xE1, 0xF1, 0xFF,
    0x87, 0xC7, 0xFE, 0x1F, 0x1F, 0xF8, 0x7C, 0x7F, 0xE1, 0xF1, 0xF7, 0xC7, 0xCF, 0x9F, 0x1F, 0x3E,
    0x7F, 0xFF, 0xF8, 0xFF, 0xFF, 0xC1, 0xFF, 0xFE, 0x03, 0xFF, 0xF0, 0x01, 0xFE, 0x00, 0x01, 0xF0,
    0x00, 0x07, 0xC0, 0x00, 0x1F, 0x00, 0x00, 0x7C, 0x00, 0x01, 0xF0, 0x00, 0x01, 0xF8, 0x00, 0x3F,
    0xF0, 0x07, 0xFF, 0xE0, 0x7F, 0xFF, 0x83, 0xFF, 0xFE, 0x3F, 0x03, 0xF1, 0xF0, 0x0F, 0xDF, 0x80,
    0x3E, 0xF8, 0x01, 0xF7, 0xC0, 0x0F, 0xBF, 0xFF, 0xFD, 0xFF, 0xFF, 0xEF, 0xFF, 0xFF, 0x7C, 0x00,
    0xFB, 0xE0, 0x07, 0xDF, 0x80, 0x7E, 0x7E, 0x03, 0xF3, 0xF8, 0x3F, 0x0F, 0xFF, 0xF0, 0x3F, 0xFF,
    0x80, 0xFF, 0xF8, 0x03, 0xFF, 0x00, 0x03, 0xC0, 0x00, 0x0F, 0xF0, 0x1F, 0xF8, 0x3F, 0xFC, 0x7F,
    0xFE, 0xFC, 0x3E, 0xF8, 0x3F, 0xFF, 0x1F, 0xFF, 0xFF, 0xFF, 0xFF, 0xF9, 0xFF, 0xF8, 0x1F, 0xFC,
    0x3E, 0x7E, 0xFE, 0x7F, 0xFC, 0x3F, 0xFC, 0x1F, 0xF0, 0x03, 0xC0, 0x78, 0x00, 0x3F, 0xF0, 0x03,
    0xF7, 0xC0, 0x0F, 0xDF, 0x80, 0x7F, 0x7E, 0x01, 0xF8, 0xF8, 0x0F, 0xC3, 0xF0, 0x3E, 0x07, 0xC0,
    0xF8, 0x1F, 0x07, 0xE0, 0x7E, 0x1F, 0x00, 0xF8, 0x7C, 0x03, 0xE3, 0xF0, 0x0F, 0xCF, 0x80, 0x1F,
    0x3E, 0x00, 0x7D, 0xF0, 0x01, 0xF7, 0xC0, 0x03, 0xFF, 0x00, 0x0F, 0xF8, 0x00, 0x3F, 0xE0, 0x00,
    0x7F, 0x80, 0x01, 0xFC, 0x00, 0x07, 0xF0, 0x00, 0xF8, 0x07, 0xFF, 0x03, 0xF7, 0xC1, 0xFD, 0xF0,
    0x7F, 0x7E, 0x3E, 0x0F, 0x8F, 0x83, 0xE3, 0xC0, 0x79, 0xF0, 0x1F, 0x7C, 0x07, 0xDE, 0x00, 0xFF,
    0x80, 0x3F, 0xE0, 0x0F, 0xF0, 0x01, 0xFC, 0x00, 0x7F, 0x00, 0x1F, 0x80, 0x0E, 0x38, 0x00, 0x3C,
    0xF0, 0x00, 0xFB, 0xC0, 0x01, 0xE7, 0x80, 0x03, 0xDE, 0x00, 0x07, 0x38, 0x00, 0x00, 0x00, 0x1E,
    0x00, 0x0F, 0xFC, 0x00, 0xFD, 0xF0, 0x03, 0xF7, 0xE0, 0x1F, 0xDF, 0x80, 0x7E, 0x3E, 0x03, 0xF0,
    0xFC, 0x0F, 0x81, 0xF0, 0x3E, 0x07, 0xC1, 0xF8, 0x1F, 0x87, 0xC0, 0x3E, 0x1F, 0x00, 0xF8, 0xFC,
    0x03, 0xF3, 0xE0, 0x07, 0xCF, 0x80, 0x1F, 0x7C, 0x00, 0x7D, 0xF0, 0x00, 0xFF, 0xC0, 0x03, 0xFE,
    0x00, 0x0F, 0xF8, 0x00, 0x1F, 0xE0, 0x00, 0x7F, 0x00, 0x01, 0xFC, 0x00, 0x79, 0xE0, 0x1F, 0x78,
    0x03, 0xDF, 0x00, 0x7B, 0xC0, 0x1E, 0x70, 0x03, 0xDC, 0x00, 0x00, 0x03, 0xE0, 0x1F, 0xFC, 0x0F,
    0xDF, 0x07, 0xF7, 0xC1, 0xFD, 0xF8, 0xF8, 0x3E, 0x3E, 0x0F, 0x8F, 0x01, 0xE7, 0xC0, 0x7D, 0xF0,
    0x1F, 0x78, 0x03, 0xFE, 0x00, 0xFF, 0x80, 0x3F, 0xC0, 0x07, 0xF0, 0x01, 0xFC, 0x00, 0x7E, 0x00,
    0x01, 0xF8, 0x00, 0x00, 0x00, 0x0F, 0xFC, 0x00, 0x00, 0x00, 0x7F, 0xFE, 0x00, 0x00, 0x01, 0xFF,
    0xFE, 0x00, 0x00, 0x03, 0xFF, 0xFE, 0x00, 0x00, 0x0F, 0xC0, 0xFC, 0x00, 0x00, 0x1F, 0x00, 0xFC,
    0xF8, 0x1F, 0x7E, 0x00, 0xF9, 0xF0, 0x3E, 0xF8, 0x01, 0xF3, 0xE0, 0x7D, 0xF0, 0x03, 0xE3, 0xE1,
    0xF3, 0xE0, 0x07, 0xC7, 0xC3, 0xE7, 0xC0, 0x0F, 0x8F, 0x87, 0xCF, 0x80, 0x1F, 0x0F, 0x9F, 0x1F,
    0x00, 0x3E, 0x1F, 0x3E, 0x3E, 0x00, 0x7C, 0x3E, 0x78, 0x7E, 0x01, 0xF8, 0x3F, 0xF0, 0x7E, 0x03,
    0xF0, 0x7F, 0xE0, 0xFE, 0x0F, 0xC0, 0x7F, 0x80, 0xFF, 0xFF, 0x00, 0xFF, 0x00, 0xFF, 0xFE, 0x01,
    0xFE, 0x00, 0xFF, 0xF8, 0x01, 0xF8, 0x00, 0xFF, 0xC0, 0x03, 0xF0, 0x00, 0x3C, 0x00, 0x07, 0xC0,
    0x00, 0x00, 0x00, 0x0F, 0x80, 0x00, 0x00, 0x00, 0xFF, 0x00, 0x00, 0x00, 0x03, 0xFC, 0x00, 0x00,
    0x00, 0x07, 0xF0, 0x00, 0x00, 0x00, 0x0F, 0xC0, 0x00, 0x00, 0x00, 0x00, 0x00, 0x00, 0x0F, 0xF0,
    0xF8, 0x0F, 0x87, 0xFE, 0x1F, 0x03, 0xE3, 0xFF, 0xC7, 0xC1, 0xF9, 0xFF, 0xF9, 0xF0, 0x7C, 0xFC,
    0x3E, 0x3E, 0x1F, 0x3E, 0x0F, 0xCF, 0x8F, 0x8F, 0x81, 0xF1, 0xE3, 0xE3, 0xE0, 0x7C, 0x7C, 0xF8,
    0xF8, 0x1F, 0x1F, 0x7C, 0x3E, 0x07, 0xC3, 0xDF, 0x0F, 0x81, 0xF0, 0xFF, 0xC3, 0xF0, 0xF8, 0x3F,
    0xE0, 0x7E, 0xFE, 0x07, 0xF8, 0x1F, 0xFF, 0x01, 0xFC, 0x03, 0xFF, 0xC0, 0x3F, 0x00, 0x7F, 0xC0,
    0x0F, 0xC0, 0x03, 0xC0, 0x03, 0xE0, 0x00, 0x00, 0x00, 0xF8, 0x00, 0x00, 0x03, 0xFC, 0x00, 0x00,
    0x00, 0xFF, 0x00, 0x00, 0x00, 0x3F, 0x80, 0x00, 0x00, 0x0F, 0xC0, 0x00, 0x00, 0x00, 0x00, 0x00,
    0x01, 0xF8, 0x01, 0xFF, 0xC0, 0x7F, 0xFC, 0x1F, 0xFF, 0xC7, 0xFF, 0xFC, 0xFC, 0x0F, 0xBF, 0x01,
    0xFF, 0xC0, 0x1F, 0xF8, 0x00, 0x1F, 0x00, 0x03, 0xE0, 0x00, 0x7C, 0x00, 0x0F, 0x80, 0x01, 0xF8,
    0x07, 0xDF, 0x01, 0xFB, 0xF8, 0x7F, 0x3F, 0xFF, 0xE7, 0xFF, 0xFC, 0x7F, 0xFF, 0x83, 0xFD, 0xF0,
    0x00, 0x3E, 0x00, 0x07, 0xC0, 0x0F, 0xF0, 0x3F, 0xF0, 0xFF, 0xF3, 0xFF, 0xFF, 0xC3, 0xFF, 0x07,
    0xFE, 0x00, 0x7C, 0x00, 0xF8, 0x01, 0xF0, 0x03, 0xE0, 0x07, 0xE0, 0x07, 0xE0, 0x0F, 0xF8, 0x0F,
    0xF0, 0x0F, 0xE0, 0x03, 0xC0, 0x07, 0x80, 0x0F, 0x00, 0x1E, 0x00, 0x3C, 0x00, 0x00, 0x00, 0x00,
    0x07, 0x80, 0x03, 0x80, 0xC3, 0x80, 0x7B, 0xC0, 0x3F, 0xC0, 0x07, 0xE0, 0x00, 0xF8, 0x00, 0xFF,
    0x00, 0x77, 0xD8, 0x70, 0xCF, 0x78, 0x07, 0xF8, 0x00, 0xFC, 0x00, 0x1F, 0x00, 0x1F, 0xE0, 0x1E,
    0xF8, 0x0E, 0x18, 0x0F, 0x00, 0x07, 0x00, 0x00, 0x00, 0x77, 0xFF, 0x7F, 0xF7, 0xFF, 0x70, 0x00,
    0x00, 0x00, 0x80, 0x3F, 0x9F, 0xFC, 0xFC, 0x67, 0x03, 0x00, 0xE7, 0xBC, 0xE3, 0x00, 0x73, 0xDE,
    0xEE, 0x20, 0x08, 0x03, 0xFC, 0x1F, 0xFF, 0xC3, 0xFE, 0x07, 0x80, 0x00, 0x07, 0x80, 0x00, 0x00,
    0x3F, 0x00, 0x00, 0x00, 0xCC, 0x00, 0x00, 0x00, 0x00, 0x00, 0x0F, 0x80, 0x07, 0xC0, 0x3F, 0x00,
    0x1F, 0x81, 0xCC, 0x00, 0xE6, 0x00, 0x00, 0x00, 0x00, 0x00, 0x00, 0x00, 0x00, 0x00, 0x00, 0x00,
    0x00, 0x00, 0x00, 0x00, 0x0F, 0x00, 0x00, 0x3C, 0x7E, 0x00, 0x01, 0xF9, 0x98, 0x00, 0x06, 0x70,
    0x00, 0x00, 0x00, 0x00, 0x00, 0x00, 0x00, 0x00, 0x00, 0x00, 0x00, 0x00, 0x00, 0x00, 0x00, 0x60,
    0x00, 0x10, 0x03, 0xE0, 0x01, 0xF0, 0x1D, 0xC0, 0x0E, 0xE0, 0x63, 0x00, 0x31, 0x80, 0x00, 0x10,
    0x00, 0x00, 0x03, 0xF0, 0x00, 0x00, 0x0F, 0xC0, 0x00, 0x00, 0x33, 0x00, 0x00, 0x00, 0x00, 0x00,
    0x00, 0x00, 0x18, 0x00, 0x00, 0x00, 0xC0, 0x00, 0x00, 0x0E, 0x00, 0x00, 0x60, 0x70, 0x00, 0x03,
    0x03, 0x80, 0xC0, 0x1C, 0x00, 0x1E, 0x00, 0x70, 0x03, 0xE0, 0x03, 0x80, 0x0E, 0x00, 0x08, 0x00,
    0x00, 0x00, 0x00, 0x00, 0x00, 0x00, 0x00, 0x00, 0x00, 0x00, 0x00, 0x00, 0x3E, 0x00, 0x00, 0xE1,
    0xF0, 0x00, 0x07, 0xC3, 0x80, 0x00, 0x1F, 0x00, 0x00, 0x00, 0x00, 0x00, 0x00, 0x00, 0x00, 0x00,
    0x00, 0x00, 0x00, 0x00, 0x08, 0x00, 0x18, 0x00, 0xE0, 0x01, 0xE0, 0x07, 0x00, 0x3E, 0x00, 0x1C,
    0x01, 0xC0, 0xE0, 0xE0, 0x00, 0x07, 0x03, 0x00, 0x00, 0x38, 0x00, 0x00, 0x01, 0x80, 0x00, 0x00,
    0x0C, 0x00, 0x00, 0x00, 0x00, 0x00, 0x1C, 0x38, 0x00, 0x7B, 0xE0, 0x01, 0xFF, 0x00, 0x03, 0xF8,
    0x00, 0x03, 0x80, 0x00, 0x00, 0x00, 0x1E, 0x00, 0xF8, 0xFC, 0x07, 0xF3, 0xF0, 0x1F, 0xCF, 0xC0,
    0xFF, 0x3F, 0x03, 0xFC, 0xFC, 0x1F, 0xF3, 0xF0, 0xFF, 0xCF, 0xC3, 0xFF, 0x3F, 0x1F, 0xFC, 0xFC,
    0xFF, 0xF3, 0xF3, 0xEF, 0xCF, 0xDF, 0xBF, 0x3F, 0x7C, 0xFC, 0xFF, 0xE3, 0xF3, 0xFF, 0x8F, 0xCF,
    0xFC, 0x3F, 0x3F, 0xF0, 0xFC, 0xFF, 0x83, 0xF3, 0xFC, 0x0F, 0xEF, 0xF0, 0x3F, 0xBF, 0x80, 0xFE,
    0xFC, 0x03, 0xF8, 0x00, 0x03, 0xC0, 0x00, 0x1F, 0x00, 0x00, 0x7C, 0x00, 0x01, 0xF0, 0x00, 0x07,
    0x80, 0x00, 0x00, 0x07, 0x0E, 0x01, 0xE7, 0x80, 0x3F, 0xC0, 0x0F, 0xF0, 0x00, 0xF0, 0x00, 0x00,
    0x03, 0xE0, 0x7C, 0xF8, 0x3F, 0x3E, 0x0F, 0xCF, 0x87, 0xF3, 0xE3, 0xFC, 0xF9, 0xFF, 0x3E, 0x7F,
    0xCF, 0xBF, 0xF3, 0xFF, 0x7C, 0xFF, 0x9F, 0x3F, 0xE7, 0xCF, 0xF1, 0xF3, 0xF8, 0x7F, 0xFE, 0x1F,
    0xFF, 0x07, 0xFF, 0x81, 0xF8, 0x00, 0x3E, 0x00, 0x0F, 0x80, 0x03, 0xC0, 0x01, 0xF0, 0x00, 0x7C,
    0x1F, 0x00, 0x01, 0xF0, 0x00, 0x1F, 0x00, 0x0F, 0xFF, 0x80, 0xFF, 0xF8, 0x0F, 0xFF, 0x80, 0x1F,
    0x00, 0x01, 0xF0, 0x00, 0x1F, 0xFE, 0x01, 0xFF, 0xF8, 0x1F, 0xFF, 0xC1, 0xFF, 0xFE, 0x1F, 0x07,
    0xE1, 0xF0, 0x1F, 0x1F, 0x01, 0xF1, 0xF0, 0x1F, 0x1F, 0x01, 0xF1, 0xF0, 0x3F, 0x1F, 0xFF, 0xE1,
    0xFF, 0xFC, 0x1F, 0xFF, 0xC1, 0xFF, 0xF0, 0x1F, 0x00, 0x07, 0xC0, 0x01, 0xF0, 0x00, 0x7C, 0x00,
    0xFF, 0xF8, 0x3F, 0xFE, 0x0F, 0xFF, 0x80, 0x7C, 0x00, 0x1F, 0x00, 0x07, 0xFF, 0x01, 0xFF, 0xF0,
    0x7F, 0xFE, 0x1F, 0xFF, 0x87, 0xC3, 0xF1, 0xF0, 0x7C, 0x7C, 0x1F, 0x1F, 0xFF, 0x87, 0xFF, 0xE1,
    0xFF, 0xF0, 0x7F, 0xF8, 0x7F, 0xE0, 0x3F, 0xFE, 0x1F, 0xFF, 0x8F, 0xFF, 0xE7, 0xFF, 0xF3, 0xE0,
    0xFD, 0xF0, 0x3E, 0xF8, 0x1F, 0x7C, 0x6F, 0xBE, 0x77, 0xDF, 0x3F, 0xEF, 0xFF, 0xE7, 0xFF, 0xF3,
    0xFF, 0xF1, 0xFF, 0xF0, 0xF8, 0x1C, 0x7C, 0x0E, 0x3E, 0x00, 0x1F, 0x00, 0x0F, 0x80, 0x07, 0xC0,
    0x03, 0xE0, 0x00, 0x79, 0xF8, 0x7D, 0xFE, 0x3F, 0xFF, 0x9F, 0xFF, 0xEF, 0xE3, 0xF7, 0xE0, 0xFB,
    0xF0, 0x7D, 0xF0, 0x3F, 0xF8, 0x1F, 0xFC, 0x0F, 0xBF, 0x3F, 0xDF, 0x9F, 0xEF, 0xFF, 0xF7, 0xFF,
    0xF3, 0xFF, 0xF9, 0xF7, 0xFC, 0xF8, 0xEE, 0x7C, 0x02, 0x3E, 0x00, 0x1F, 0x00, 0x0F, 0x80, 0x07,
    0xC0, 0x00, 0x00, 0x3E, 0x00, 0x7C, 0x00, 0xF8, 0x01, 0xF7, 0xFF, 0xFF, 0xFF, 0xFF, 0xFF, 0xFF,
    0xFF, 0xFF, 0xFF, 0xF8, 0x03, 0xF0, 0x07, 0xE0, 0x0F, 0xC0, 0x1F, 0x80, 0x3F, 0x00, 0x7E, 0x00,
    0xFC, 0x01, 0xF8, 0x03, 0xF0, 0x07, 0xE0, 0x0F, 0xC0, 0x1F, 0x80, 0x3F, 0x00, 0x7E, 0x00, 0xFC,
    0x01, 0xF8, 0x00, 0x01, 0xF0, 0x1F, 0x01, 0xF0, 0x1F, 0xFF, 0xFF, 0xFF, 0xFF, 0xFF, 0xFF, 0xF8,
    0x0F, 0x80, 0xF8, 0x0F, 0x80, 0xF8, 0x0F, 0x80, 0xF8, 0x0F, 0x80, 0xF8, 0x0F, 0x80, 0xF8, 0x0F,
    0x80, 0x1F, 0xFF, 0x9F, 0xFF, 0xCF, 0xFF, 0xE7, 0xFF, 0xF3, 0xFF, 0xF9, 0xF8, 0x00, 0xFC, 0x00,
    0x7E, 0x00, 0x3F, 0x00, 0x1F, 0x80, 0x3F, 0xFE, 0x1F, 0xFF, 0x0F, 0xFF, 0x81, 0xF8, 0x00, 0xFC,
    0x00, 0x7E, 0x00, 0x3F, 0x00, 0x1F, 0x80, 0x0F, 0xC0, 0x07, 0xE0, 0x03, 0xF0, 0x01, 0xF8, 0x00,
    0x3F, 0xFC, 0xFF, 0xF3, 0xFF, 0xCF, 0xFF, 0x3E, 0x00, 0xF8, 0x03, 0xE0, 0x3F, 0xFC, 0xFF, 0xF3,
    0xFF, 0x83, 0xE0, 0x0F, 0x80, 0x3E, 0x00, 0xF8, 0x03, 0xE0, 0x0F, 0x80, 0x7F, 0xFE, 0x3F, 0xFF,
    0x8F, 0xFF, 0xE3, 0xFF, 0xF8, 0xFF, 0xFE, 0x3F, 0x00, 0x0F, 0xC0, 0x03, 0xF0, 0x00, 0xFC, 0x00,
    0x3F, 0xFE, 0x0F, 0xFF, 0xE3, 0xFF, 0xFC, 0xFF, 0xFF, 0xBF, 0x87, 0xEF, 0xC0, 0xFB, 0xF0, 0x3F,
    0xFC, 0x0F, 0xFF, 0x03, 0xEF, 0xC0, 0xFB, 0xF7, 0xFE, 0xFD, 0xFF, 0x3F, 0x7F, 0x80, 0x1F, 0xC0,
    0x07, 0xC0, 0xFF, 0xF1, 0xFF, 0xE3, 0xFF, 0xC7, 0xFF, 0x8F, 0x80, 0x1F, 0x00, 0x3E, 0x00, 0x7D,
    0xF0, 0xFF, 0xF9, 0xFF, 0xFB, 0xFF, 0xF7, 0xE1, 0xFF, 0x83, 0xFF, 0x07, 0xFE, 0x0F, 0xFC, 0x1F,
    0x00, 0x7C, 0x07, 0xF8, 0x0F, 0xE0, 0x1F, 0x80, 0x3E, 0x00, 0x7C, 0x07, 0x80, 0x7C, 0x7E, 0x07,
    0xC0, 0xFC, 0x3E, 0x07, 0xC1, 0xF8, 0x3F, 0x07, 0xC1, 0xF8, 0x1F, 0x87, 0xC3, 0xF0, 0x1F, 0x87,
    0xC3, 0xE0, 0x0F, 0xC7, 0xC7, 0xE0, 0x07, 0xC7, 0xC7, 0xC0, 0x07, 0xE7, 0xCF, 0xC0, 0x03, 0xFF,
    0xFF, 0x80, 0x01, 0xFF, 0xFF, 0x00, 0x03, 0xFF, 0xFF, 0x00, 0x03, 0xFF, 0xFF, 0x80, 0x07, 0xFF,
    0xFF, 0xC0, 0x07, 0xC7, 0xC7, 0xC0, 0x0F, 0xC7, 0xC7, 0xE0, 0x1F, 0x87, 0xC3, 0xE0, 0x1F, 0x87,
    0xC3, 0xF0, 0x3F, 0x07, 0xC1, 0xFF, 0x3E, 0x07, 0xC1, 0xFF, 0x7E, 0x07, 0xC0, 0xFF, 0xFC, 0x07,
    0xC0, 0xFF, 0x00, 0x00, 0x00, 0x1F, 0x00, 0x00, 0x00, 0x1F, 0x00, 0x00, 0x00, 0x1F, 0x00, 0x00,
    0x00, 0x1F, 0x00, 0x00, 0x00, 0x1F, 0xFC, 0x3E, 0x1F, 0x9F, 0x8F, 0x8F, 0xC3, 0xE3, 0xE3, 0xE0,
    0xFC, 0xF9, 0xF8, 0x1F, 0xBE, 0xFC, 0x03, 0xEF, 0xBE, 0x00, 0x7F, 0xFF, 0x00, 0x1F, 0xFF, 0xC0,
    0x07, 0xFF, 0xF0, 0x01, 0xFF, 0xFC, 0x00, 0xFF, 0xFF, 0x80, 0x7E, 0xFB, 0xF0, 0x1F, 0x3E, 0x7F,
    0xCF, 0xCF, 0x9F, 0xF7, 0xE3, 0xE3, 0xFF, 0xF0, 0xF8, 0x7F, 0x00, 0x00, 0x07, 0xC0, 0x00, 0x01,
    0xF0, 0x00, 0x00, 0x7C, 0x00, 0x00, 0x1F, 0x00, 0x00, 0x07, 0xC0, 0x03, 0xE0, 0x0F, 0xFC, 0x0F,
    0xFF, 0x0F, 0xFF, 0xC7, 0xE3, 0xF3, 0xE0, 0xFB, 0xE0, 0x7C, 0x00, 0x3E, 0x00, 0x3F, 0x01, 0xFF,
    0x00, 0xFF, 0x00, 0x7F, 0x80, 0x3F, 0xE0, 0x01, 0xF8, 0x00, 0x7F, 0xF0, 0x1F, 0xF8, 0x1F, 0xFE,
    0x0F, 0xDF, 0xFF, 0xCF, 0xFF, 0xE3, 0xFF, 0xE0, 0xFF, 0xC0, 0x0F, 0x00, 0x03, 0xE0, 0x01, 0xF0,
    0x00, 0x3C, 0x00, 0xFC, 0x00, 0x7E, 0x00, 0x0F, 0xE0, 0x7F, 0xF0, 0xFF, 0xE3, 0xFF, 0xE7, 0xC7,
    0xC0, 0x0F, 0x80, 0xFE, 0x01, 0xF8, 0x03, 0xF8, 0x07, 0xF8, 0x01, 0xF3, 0xE3, 0xE7, 0xFF, 0xCF,
    0xFF, 0x8F, 0xFE, 0x0F, 0xF8, 0x03, 0x80, 0x07, 0xC0, 0x0F, 0x80, 0x07, 0x00, 0x7E, 0x00, 0xFC,
    0x00, 0x78, 0x03, 0xE7, 0xE0, 0x3F, 0x3F, 0x03, 0xF1, 0xF8, 0x3F, 0x0F, 0xC1, 0xF0, 0x7E, 0x1F,
    0x83, 0xF1, 0xF8, 0x1F, 0x9F, 0x80, 0xFC, 0xFC, 0x07, 0xFF, 0xC0, 0x3F, 0xFC, 0x01, 0xFF, 0xE0,
    0x0F, 0xFF, 0x80, 0x7E, 0x7C, 0x03, 0xF3, 0xF0, 0x1F, 0x8F, 0xC0, 0xFC, 0x3F, 0x07, 0xE1, 0xF8,
    0x3F, 0x07, 0xFF, 0xF8, 0x1F, 0xFF, 0xC0, 0x7F, 0xFE, 0x03, 0xFC, 0x00, 0x03, 0xE0, 0x00, 0x1F,
    0x00, 0x00, 0xF8, 0x00, 0x07, 0xC0, 0x00, 0x3C, 0xF8, 0x3F, 0x7C, 0x3F, 0x3E, 0x1F, 0x9F, 0x1F,
    0x8F, 0x9F, 0x87, 0xCF, 0x83, 0xFF, 0xC1, 0xFF, 0xC0, 0xFF, 0xE0, 0x7F, 0xF8, 0x3E, 0xFC, 0x1F,
    0x3F, 0x0F, 0x8F, 0xFF, 0xC3, 0xFF, 0xE1, 0xFF, 0xF0, 0x7F, 0x00, 0x0F, 0x80, 0x07, 0xC0, 0x03,
    0xE0, 0x01, 0xF0, 0x00, 0xF8, 0x78, 0x03, 0xEF, 0xC0, 0x7E, 0xFC, 0x0F, 0xCF, 0xC0, 0xFC, 0xFC,
    0x1F, 0x8F, 0xC1, 0xF0, 0xFF, 0xBF, 0x0F, 0xFB, 0xE0, 0xFF, 0xBE, 0x0F, 0xFF, 0xC0, 0xFF, 0xFC,
    0x0F, 0xFF, 0xC0, 0xFF, 0xFC, 0x0F, 0xFF, 0xE0, 0xFF, 0xBE, 0x0F, 0xFB, 0xF0, 0xFF, 0x9F, 0x8F,
    0xC1, 0xF8, 0xFC, 0x0F, 0xCF, 0xC0, 0xFC, 0xFC, 0x07, 0xEF, 0xC0, 0x7E, 0xF8, 0x0F, 0xBE, 0x07,
    0xEF, 0x81, 0xF3, 0xEC, 0xFC, 0xFB, 0xBE, 0x3E, 0xFF, 0x8F, 0xFF, 0xC3, 0xFF, 0xF0, 0xFF, 0xF8,
    0x3F, 0xFF, 0x0F, 0xBF, 0xE3, 0xEE, 0xF8, 0xFB, 0xBF, 0x3E, 0x07, 0xCF, 0x81, 0xFB, 0xE0, 0x3E,
    0x7F, 0xE0, 0x0F, 0x9F, 0xF8, 0x07, 0xE7, 0xFE, 0x03, 0xF1, 0xFF, 0x81, 0xF8, 0x7F, 0xE0, 0xFC,
    0x00, 0xF8, 0x3F, 0x00, 0x3E, 0x1F, 0x80, 0x0F, 0x8F, 0xC0, 0x03, 0xE3, 0xE0, 0x00, 0xFF, 0xF8,
    0x00, 0x3F, 0xFC, 0x00, 0x0F, 0xFF, 0x00, 0x03, 0xFF, 0xC0, 0x00, 0xF9, 0xF8, 0x00, 0x3E, 0x3F,
    0x00, 0x0F, 0x87, 0xE0, 0x03, 0xE0, 0xF8, 0x00, 0xF8, 0x3F, 0x00, 0x3E, 0x07, 0xE0, 0x0F, 0x80,
    0xFC, 0x03, 0xE0, 0x3F, 0x00, 0xF8, 0x07, 0xE0, 0xFF, 0x83, 0xEF, 0xF8, 0x7E, 0xFF, 0x8F, 0xCF,
    0xF8, 0xF8, 0x0F, 0x9F, 0x80, 0xFB, 0xF0, 0x0F, 0xFE, 0x00, 0xFF, 0xE0, 0x0F, 0xFC, 0x00, 0xFF,
    0xE0, 0x0F, 0xBF, 0x00, 0xF9, 0xF8, 0x0F, 0x8F, 0x80, 0xF8, 0xFC, 0x0F, 0x87, 0xE0, 0xF8, 0x3F,
    0x78, 0x03, 0xE7, 0xE0, 0x1F, 0x3F, 0x00, 0xF9, 0xF8, 0x07, 0xCF, 0xC0, 0x3E, 0x7E, 0x01, 0xF3,
    0xF0, 0x0F, 0x9F, 0x80, 0x7C, 0xFC, 0x03, 0xE7, 0xFF, 0xFF, 0x3F, 0xFF, 0xF9, 0xFF, 0xFF, 0xCF,
    0xFF, 0xFE, 0x7E, 0x01, 0xF3, 0xF0, 0x0F, 0x9F, 0x80, 0x7C, 0xFC, 0x03, 0xE7, 0xE0, 0x1F, 0x3F,
    0x00, 0xFF, 0xF8, 0x07, 0xFF, 0xC0, 0x3F, 0xFE, 0x01, 0xFC, 0x00, 0x03, 0xE0, 0x00, 0x1F, 0x00,
    0x00, 0xF8, 0x00, 0x07, 0xC0, 0x00, 0x3E, 0xF8, 0x1F, 0x3E, 0x07, 0xCF, 0x81, 0xF3, 0xE0, 0x7C,
    0xF8, 0x1F, 0x3E, 0x07, 0xCF, 0xFF, 0xF3, 0xFF, 0xFC, 0xFF, 0xFF, 0x3F, 0xFF, 0xCF, 0x81, 0xF3,
    0xE0, 0x7C, 0xF8, 0x1F, 0xFE, 0x07, 0xFF, 0x81, 0xFF, 0xE0, 0x7F, 0x00, 0x07, 0xC0, 0x01, 0xF0,
    0x00, 0x7C, 0x00, 0x1F, 0x00, 0x07, 0xC0, 0x78, 0x03, 0xFF, 0xEF, 0xC0, 0x3F, 0xFF, 0xFC, 0x03,
    0xFF, 0xFF, 0xC0, 0x3F, 0xFF, 0xFC, 0x03, 0xFF, 0xEF, 0xC0, 0x3E, 0x00, 0xFC, 0x03, 0xE0, 0x0F,
    0xC0, 0x3E, 0x00, 0xFC, 0x03, 0xE0, 0x0F, 0xFF, 0xFE, 0x00, 0xFF, 0xFF, 0xE0, 0x0F, 0xFF, 0xFE,
    0x00, 0xFF, 0xFF, 0xE0, 0x0F, 0xC0, 0x3E, 0x00, 0xFC, 0x03, 0xE0, 0x0F, 0xC0, 0x3E, 0x00, 0xFC,
    0x03, 0xE0, 0x0F, 0xC0, 0x3E, 0x00, 0xFC, 0x03, 0xE0, 0x0F, 0xC0, 0x3E, 0x00, 0xFC, 0x03, 0xE0,
    0x0F, 0xC0, 0x3E, 0x00, 0xF8, 0x1F, 0xFF, 0x81, 0xFF, 0xF8, 0x1F, 0xFF, 0x81, 0xFF, 0xF8, 0x1F,
    0x0F, 0x81, 0xF0, 0xFF, 0xFF, 0x0F, 0xFF, 0xF0, 0xFF, 0xFF, 0x0F, 0xFF, 0xF0, 0xF8, 0x1F, 0x0F,
    0x81, 0xF0, 0xF8, 0x1F, 0x0F, 0x81, 0xF0, 0xF8, 0x1F, 0x0F, 0x81, 0xF0, 0x7F, 0xFF, 0xE0, 0x01,
    0xFF, 0xFF, 0xC0, 0x03, 0xFF, 0xFF, 0x80, 0x07, 0xFF, 0xFF, 0x00, 0x0F, 0xFF, 0xFE, 0x00, 0x1F,
    0x80, 0x7C, 0x00, 0x3F, 0x00, 0xF8, 0x00, 0x7E, 0x01, 0xF0, 0x00, 0xFC, 0x03, 0xE0, 0x01, 0xF8,
    0x07, 0xFF, 0xC3, 0xF0, 0x0F, 0xFF, 0xC7, 0xE0, 0x1F, 0xFF, 0xCF, 0xC0, 0x3F, 0xFF, 0xDF, 0x80,
    0x7F, 0x1F, 0xBF, 0x00, 0xF8, 0x1F, 0xFE, 0x01, 0xF0, 0x1F, 0xFC, 0x03, 0xE0, 0x3F, 0xF8, 0x07,
    0xC0, 0x7F, 0xF0, 0x0F, 0x81, 0xFF, 0xE0, 0x1F, 0x3F, 0xEF, 0xC0, 0x3E, 0xFF, 0xDF, 0x80, 0x7D,
    0xFF, 0x00, 0x00, 0x03, 0xFC, 0x00, 0x00, 0x03, 0xE0, 0xFF, 0xFE, 0x00, 0x3F, 0xFF, 0x80, 0x0F,
    0xFF, 0xE0, 0x03, 0xFF, 0xF8, 0x00, 0xF8, 0x3E, 0x00, 0x3E, 0x0F, 0x80, 0x0F, 0x83, 0xFF, 0x03,
    0xE0, 0xFF, 0xF0, 0xF8, 0x3F, 0xFF, 0x3E, 0x0F, 0xFF, 0xEF, 0x83, 0xE1, 0xFB, 0xE0, 0xF8, 0x3E,
    0xF8, 0x3E, 0x07, 0xFE, 0x0F, 0x81, 0xFF, 0x83, 0xE0, 0x7F, 0xE0, 0xF8, 0x3E, 0x00, 0x00, 0x1F,
    0x80, 0x00, 0x1F, 0xC0, 0x00, 0x03, 0xE0, 0x00, 0x00, 0xF0, 0x00, 0x00, 0x00, 0x00, 0x01, 0xC0,
    0x00, 0x00, 0x3F, 0x00, 0x00, 0x07, 0xF8, 0x1C, 0x00, 0x7F, 0xC7, 0xFC, 0x03, 0xFC, 0x7F, 0xF8,
    0x3F, 0x07, 0xFF, 0xC1, 0xF0, 0x7F, 0xFF, 0x1F, 0x83, 0xF0, 0xFC, 0xF8, 0x1F, 0x07, 0xE7, 0xC0,
    0xF8, 0x1F, 0x3E, 0x0F, 0xC0, 0xF9, 0xF0, 0x7E, 0x07, 0xCF, 0x81, 0xF0, 0x3E, 0x7C, 0x0F, 0x83,
    0xF3, 0xF0, 0x7E, 0x1F, 0x1F, 0x81, 0xF1, 0xF8, 0x7E, 0x0F, 0xFF, 0x83, 0xF8, 0x3F, 0xF8, 0x0F,
    0xFF, 0xFF, 0xFC, 0x3F, 0xFF, 0xFF, 0xE0, 0xFF, 0xFF, 0xFF, 0x01, 0xFF, 0xFF, 0xFC, 0x01, 0xF0,
    0x1F, 0x00, 0x0F, 0x00, 0x00, 0x3E, 0x00, 0x00, 0xFC, 0x7F, 0x03, 0xF9, 0xFF, 0x0F, 0xC7, 0xFF,
    0x1F, 0x1F, 0xFE, 0x3E, 0x3E, 0x3E, 0x7C, 0x7C, 0x7C, 0xF8, 0xF8, 0xF9, 0xF1, 0xF1, 0xF3, 0xE3,
    0xE7, 0xE7, 0xE3, 0xFF, 0x87, 0xF7, 0xFE, 0xCF, 0xFF, 0xFF, 0x8F, 0xFF, 0xFF, 0x87, 0xFF, 0xFF,
    0x01, 0xF0, 0xF0, 0x01, 0xF8, 0x00, 0x7F, 0xF0, 0x1F, 0xFF, 0x83, 0xFF, 0xFC, 0x3F, 0xFF, 0xC7,
    0xE0, 0x7E, 0x7C, 0x03, 0xEF, 0xC0, 0x3F, 0xF8, 0x00, 0x0F, 0x80, 0x00, 0xF8, 0x00, 0x0F, 0x80,
    0x00, 0xF8, 0x00, 0x0F, 0x80, 0x00, 0xF8, 0x01, 0xEF, 0xC0, 0x3F, 0x7E, 0x03, 0xE7, 0xF0, 0x7E,
    0x3F, 0xFF, 0xC1, 0xFF, 0xFC, 0x0F, 0xFF, 0x80, 0x7F, 0xE0, 0x00, 0xF0, 0x00, 0x0F, 0x80, 0x00,
    0xFC, 0x00, 0x01, 0xC0, 0x00, 0xFC, 0x00, 0x0F, 0x80, 0x0F, 0xF0, 0x3F, 0xF0, 0xFF, 0xF3, 0xFF,
    0xFF, 0xC3, 0xFF, 0x07, 0xFE, 0x00, 0x7C, 0x00, 0xF8, 0x01, 0xF0, 0x03, 0xE0, 0xFF, 0xE1, 0xF7,
    0xEF, 0xEF, 0xFF, 0x8F, 0xFE, 0x0F, 0xF8, 0x03, 0xC0, 0x07, 0xC0, 0x0F, 0xC0, 0x03, 0x80, 0x3F,
    0x00, 0x7C, 0x00, 0x7F, 0xFF, 0xCF, 0xFF, 0xFD, 0xFF, 0xFF, 0xBF, 0xFF, 0xF7, 0xFF, 0xFE, 0x03,
    0xE0, 0x00, 0x7C, 0x00, 0x0F, 0x80, 0x01, 0xF0, 0x00, 0x3E, 0x00, 0x07, 0xC0, 0x00, 0xF8, 0x00,
    0x1F, 0x00, 0x03, 0xE0, 0x00, 0x7C, 0x00, 0x0F, 0x80, 0x01, 0xF0, 0x00, 0x3E, 0x00, 0x07, 0xF0,
    0x00, 0xFE, 0x00, 0x1F, 0xC0, 0x03, 0xF8, 0x00, 0x1F, 0x00, 0x03, 0xE0, 0x00, 0x7C, 0x00, 0x0F,
    0x80, 0x01, 0xF0, 0x00, 0xFF, 0xFF, 0xFF, 0xFF, 0xFF, 0xFF, 0xFF, 0xF0, 0x7C, 0x00, 0xF8, 0x01,
    0xF0, 0x03, 0xE0, 0x07, 0xC0, 0x0F, 0x80, 0x1F, 0x00, 0x3E, 0x00, 0x7F, 0x00, 0xFE, 0x01, 0xFC,
    0x03, 0xF8, 0x01, 0xF0, 0x03, 0xE0, 0x07, 0xC0, 0x0F, 0x80, 0x1F, 0x00, 0x7C, 0x01, 0xF3, 0xE0,
    0x0F, 0x9F, 0x80, 0xFC, 0x7E, 0x07, 0xC3, 0xF0, 0x7E, 0x0F, 0xC3, 0xE0, 0x3E, 0x3F, 0x01, 0xFB,
    0xF0, 0x07, 0xDF, 0x00, 0x3F, 0xF8, 0x00, 0xFF, 0x80, 0x03, 0xFC, 0x00, 0x1F, 0xC0, 0x00, 0x7C,
    0x00, 0x03, 0xE0, 0x00, 0x1F, 0x00, 0x00, 0xF8, 0x00, 0x07, 0xC0, 0x00, 0x3E, 0x00, 0x01, 0xF0,
    0x00, 0x0F, 0x80, 0x00, 0x7C, 0x00, 0xF8, 0x0F, 0xFE, 0x07, 0xDF, 0x07, 0xCF, 0x83, 0xE3, 0xE1,
    0xF1, 0xF1, 0xF0, 0xF8, 0xF8, 0x3E, 0x7C, 0x1F, 0x7C, 0x0F, 0xBE, 0x03, 0xFE, 0x01, 0xFF, 0x00,
    0xFF, 0x80, 0x3F, 0x80, 0x1F, 0xC0, 0x07, 0xE0, 0x03, 0xE0, 0x01, 0xF0, 0x00, 0xF8, 0x00, 0x7C,
    0x00, 0x3E, 0x00, 0x1F, 0x00, 0x7C, 0x01, 0xF3, 0xE0, 0x0F, 0x9F, 0x80, 0xFC, 0x7E, 0x07, 0xC3,
    0xF0, 0x7E, 0x0F, 0xC3, 0xE0, 0x3E, 0x3F, 0x01, 0xFB, 0xF0, 0x07, 0xDF, 0x00, 0x3F, 0xF8, 0x00,
    0xFF, 0x80, 0x03, 0xFC, 0x00, 0x1F, 0xC0, 0x00, 0x7C, 0x00, 0x03, 0xE0, 0x00, 0x1F, 0x00, 0x0F,
    0xFF, 0x80, 0x7F, 0xFC, 0x03, 0xFF, 0xE0, 0x01, 0xF0, 0x00, 0x0F, 0x80, 0x00, 0x7C, 0x00, 0xF8,
    0x0F, 0xFE, 0x07, 0xDF, 0x07, 0xCF, 0x83, 0xE3, 0xE1, 0xF1, 0xF1, 0xF0, 0xF8, 0xF8, 0x3E, 0x7C,
    0x1F, 0x7C, 0x0F, 0xBE, 0x03, 0xFE, 0x01, 0xFF, 0x00, 0xFF, 0x80, 0x3F, 0x80, 0x1F, 0xC0, 0x07,
    0xE0, 0x1F, 0xFC, 0x0F, 0xFE, 0x07, 0xFF, 0x00, 0x7C, 0x00, 0x3E, 0x00, 0x1F, 0x00, 0x7C, 0x01,
    0xF1, 0xF8, 0x0F, 0xC3, 0xF0, 0x3E, 0x07, 0xE1, 0xF8, 0x1F, 0x8F, 0xC0, 0x3F, 0x3E, 0x00, 0x7D,
    0xF8, 0x01, 0xFF, 0xC0, 0x03, 0xFE, 0x00, 0x07, 0xF8, 0x00, 0x1F, 0xC0, 0x00, 0x3F, 0x00, 0x01,
    0xFE, 0x00, 0x0F, 0xF8, 0x00, 0x7F, 0xF0, 0x01, 0xF7, 0xE0, 0x0F, 0xDF, 0x80, 0x7E, 0x3F, 0x01,
    0xF0, 0x7F, 0xCF, 0xC1, 0xFF, 0x7E, 0x03, 0xFD, 0xF0, 0x07, 0xF0, 0x00, 0x07, 0xC0, 0x00, 0x1F,
    0x00, 0x00, 0x7C, 0x00, 0x01, 0xF0, 0x00, 0x07, 0xC0, 0x7C, 0x1F, 0x1F, 0x8F, 0xC3, 0xE3, 0xE0,
    0xFD, 0xF0, 0x1F, 0x7C, 0x03, 0xFE, 0x00, 0xFF, 0x00, 0x1F, 0xC0, 0x07, 0xF0, 0x03, 0xFC, 0x00,
    0xFF, 0x80, 0x7D, 0xF0, 0x3F, 0x7F, 0xCF, 0x8F, 0xF7, 0xC3, 0xFF, 0xF0, 0x7F, 0x00, 0x07, 0xC0,
    0x01, 0xF0, 0x00, 0x7C, 0x00, 0x1F, 0x00, 0x07, 0xC0, 0x7F, 0xFF, 0xC7, 0x87, 0xFF, 0xFC, 0xF8,
    0x7F, 0xFF, 0xCF, 0x87, 0xFF, 0xFC, 0xF8, 0x7F, 0xFF, 0xCF, 0x80, 0x1F, 0x00, 0xF8, 0x01, 0xF0,
    0x0F, 0x80, 0x1F, 0x00, 0xF8, 0x01, 0xF0, 0x0F, 0x80, 0x1F, 0x00, 0xF8, 0x01, 0xF0, 0x0F, 0x80,
    0x1F, 0x00, 0xF8, 0x01, 0xF0, 0x0F, 0x80, 0x1F, 0x00, 0xF8, 0x01, 0xF0, 0x0F, 0x80, 0x1F, 0x00,
    0xF8, 0x01, 0xF0, 0x0F, 0x80, 0x1F, 0x00, 0xF8, 0x01, 0xFF, 0xFF, 0xE0, 0x1F, 0xFF, 0xFE, 0x01,
    0xFF, 0xFF, 0xE0, 0x1F, 0xFF, 0xFE, 0x00, 0x00, 0x03, 0xE0, 0x00, 0x00, 0x3E, 0x00, 0x00, 0x03,
    0xE0, 0x00, 0x00, 0x3E, 0x00, 0x00, 0x01, 0xE0, 0xFF, 0xE7, 0xCF, 0xFE, 0x7C, 0xFF, 0xE7, 0xCF,
    0xFE, 0x7C, 0x1F, 0x07, 0xC1, 0xF0, 0x7C, 0x1F, 0x07, 0xC1, 0xF0, 0x7C, 0x1F, 0x07, 0xC1, 0xF0,
    0x7C, 0x1F, 0x07, 0xC1, 0xF0, 0x7C, 0x1F, 0xFF, 0xF1, 0xFF, 0xFF, 0x1F, 0xFF, 0xF1, 0xFF, 0xFF,
    0x00, 0x01, 0xF0, 0x00, 0x1F, 0x00, 0x01, 0xF0, 0x00, 0x1F, 0x00, 0x01, 0xF0, 0x78, 0x07, 0xCF,
    0x80, 0x7C, 0xF8, 0x07, 0xCF, 0x80, 0x7C, 0xF8, 0x07, 0xCF, 0x80, 0x7C, 0xF8, 0x07, 0xCF, 0xC0,
    0x7C, 0xFC, 0x07, 0xC7, 0xC0, 0x7C, 0x7F, 0x3F, 0xC7, 0xFF, 0xFC, 0x3F, 0xFF, 0xC1, 0xFF, 0xFC,
    0x07, 0xE7, 0xC0, 0x00, 0x7C, 0x00, 0x07, 0xC0, 0x00, 0x7C, 0x00, 0x07, 0xF0, 0x00, 0x7F, 0x00,
    0x07, 0xF0, 0x00, 0x7F, 0x00, 0x01, 0xF0, 0x00, 0x1F, 0x00, 0x01, 0xF0, 0x00, 0x1F, 0x00, 0x01,
    0xF0, 0xF8, 0x3E, 0x7C, 0x1F, 0x3E, 0x0F, 0x9F, 0x07, 0xCF, 0x83, 0xE7, 0xC1, 0xF3, 0xF0, 0xF8,
    0xFC, 0x7C, 0x7F, 0xFE, 0x1F, 0xFF, 0x07, 0xFF, 0x80, 0xFF, 0xC0, 0x03, 0xF8, 0x01, 0xFC, 0x00,
    0xFE, 0x00, 0x7F, 0x00, 0x0F, 0x80, 0x07, 0xC0, 0x03, 0xE0, 0x01, 0xF0, 0x00, 0xF8, 0x78, 0x07,
    0xFE, 0x01, 0xFF, 0x80, 0x7F, 0xE0, 0x1F, 0xF8, 0x07, 0xFE, 0x01, 0xFF, 0x80, 0x7F, 0xF3, 0x9F,
    0xFC, 0xE7, 0xDF, 0x39, 0xF7, 0xFF, 0xFD, 0xFF, 0xFF, 0x3F, 0xFF, 0xC7, 0xFF, 0xF0, 0x7E, 0x7C,
    0x03, 0x9F, 0x00, 0xE7, 0xC0, 0x39, 0xF0, 0x00, 0x7C, 0x00, 0x1F, 0x00, 0x07, 0xC0, 0x01, 0xF0,
    0xF8, 0x3F, 0xF0, 0x7F, 0xE0, 0xFF, 0xC1, 0xFF, 0xBB, 0xFF, 0x77, 0xFF, 0xEF, 0xBF, 0xDF, 0x7F,
    0xFE, 0x7F, 0xFC, 0x7F, 0xF8, 0x3F, 0xF0, 0x3B, 0xE0, 0x77, 0xC0, 0xEF, 0x80, 0x1F, 0x78, 0x00,
    0x3F, 0x00, 0x0F, 0xC0, 0x03, 0xF0, 0x00, 0xFC, 0x00, 0x3F, 0x00, 0x0F, 0xC0, 0x03, 0xF0, 0x00,
    0xFD, 0xFC, 0x3F, 0xFF, 0xCF, 0xFF, 0xFB, 0xFF, 0xFE, 0xFE, 0x1F, 0xFF, 0x03, 0xFF, 0xC0, 0x7F,
    0xF0, 0x1F, 0xFC, 0x07, 0xFF, 0x01, 0xFF, 0xC0, 0x7F, 0xF0, 0x1F, 0xFC, 0x07, 0xFF, 0x01, 0xF0,
    0x78, 0x00, 0xF8, 0x00, 0xF8, 0x00, 0xF8, 0x00, 0xF8, 0x00, 0xF8, 0x00, 0xF9, 0xF8, 0xFB, 0xFC,
    0xFF, 0xFE, 0xFF, 0xFE, 0xFC, 0x3E, 0xFC, 0x3F, 0xF8, 0x1F, 0xF8, 0x1F, 0xF8, 0x1F, 0xF8, 0x1F,
    0xF8, 0x1F, 0xF8, 0x1F, 0xF8, 0x1F, 0xF8, 0x1F, 0xF8, 0x1F, 0xF8, 0x1F, 0x00, 0x0F, 0xC0, 0x00,
    0x1F, 0xF8, 0x00, 0x1F, 0xFF, 0x00, 0x1F, 0xFF, 0xC0, 0x1F, 0xFF, 0xE0, 0x1F, 0xC1, 0xF8, 0x0F,
    0xC0, 0x7D, 0xE7, 0xC0, 0x1F, 0xF7, 0xE0, 0x0F, 0xFF, 0xFF, 0xFF, 0xFF, 0xFF, 0xFF, 0xEF, 0xFF,
    0xFF, 0xF3, 0xFF, 0xFF, 0xF8, 0x3E, 0x00, 0x00, 0x1F, 0x80, 0x00, 0x07, 0xC0, 0x3F, 0x03, 0xF0,
    0x1F, 0x01, 0xFC, 0x1F, 0x80, 0x7F, 0xFF, 0xC0, 0x1F, 0xFF, 0xC0, 0x07, 0xFF, 0xC0, 0x01, 0xFF,
    0x80, 0x00, 0x1E, 0x00, 0x00, 0x3F, 0x80, 0x07, 0xFF, 0x00, 0x7F, 0xF9, 0xE3, 0xFF, 0xEF, 0x3E,
    0x0F, 0xF9, 0xF0, 0x7F, 0xFF, 0xFF, 0xEF, 0xFF, 0xFF, 0x3F, 0xFF, 0xF8, 0x3F, 0xFF, 0xC0, 0xF8,
    0x00, 0x07, 0xC1, 0xF0, 0x3F, 0x1F, 0x80, 0xFF, 0xF8, 0x03, 0xFF, 0x80, 0x0F, 0xF8, 0x00, 0x0E,
    0x00, 0x00, 0x0F, 0xC0, 0x00, 0x1F, 0xF8, 0x00, 0x1F, 0xFF, 0x00, 0x1F, 0xFF, 0xC0, 0x1F, 0xFF,
    0xE0, 0x1F, 0xC1, 0xF8, 0x0F, 0xC0, 0x7D, 0xE7, 0xC0, 0x1F, 0xF7, 0xE0, 0x0F, 0xFF, 0xFF, 0xFF,
    0xFF, 0xFF, 0xFF, 0xEF, 0xFF, 0xFF, 0xF3, 0xFF, 0xFF, 0xF8, 0x3E, 0x00, 0x00, 0x1F, 0x80, 0x00,
    0x07, 0xC0, 0x3F, 0x03, 0xF0, 0x1F, 0x01, 0xFC, 0x1F, 0x80, 0x7F, 0xFF, 0xC0, 0x1F, 0xFF, 0xC0,
    0x07, 0xFF, 0xC0, 0x01, 0xFF, 0x80, 0x00, 0x1F, 0x00, 0x00, 0x0F, 0x80, 0x00, 0x07, 0xC0, 0x00,
    0x03, 0xE0, 0x00, 0x01, 0xF0, 0x00, 0x00, 0x3F, 0x80, 0x07, 0xFF, 0x00, 0x7F, 0xF9, 0xE3, 0xFF,
    0xEF, 0x3E, 0x0F, 0xF9, 0xF0, 0x7F, 0xFF, 0xFF, 0xEF, 0xFF, 0xFF, 0x3F, 0xFF, 0xF8, 0x3F, 0xFF,
    0xC0, 0xF8, 0x00, 0x07, 0xC1, 0xF0, 0x3F, 0x1F, 0x80, 0xFF, 0xF8, 0x03, 0xFF, 0x80, 0x0F, 0xF8,
    0x00, 0x0E, 0x00, 0x00, 0x78, 0x00, 0x03, 0xE0, 0x00, 0x07, 0x00, 0x01, 0xF8, 0x00, 0x0F, 0x80,
    0x7B, 0xFF, 0xFF, 0xFF, 0xFF, 0xFF, 0xFF, 0xFF, 0xFF, 0xFF, 0xFF, 0xFF, 0xFF, 0xFF, 0xFF, 0xFF,
    0xF0, 0x00, 0x00, 0x00, 0x00, 0x00, 0x70, 0xF0, 0x00, 0x00, 0xFB, 0xC0, 0x00, 0x00, 0xFF, 0x80,
    0x00, 0x00, 0xFE, 0x00, 0x00, 0x00, 0x70, 0x00, 0x00, 0x00, 0x00, 0x00, 0x3E, 0x03, 0xC0, 0x3E,
    0x7E, 0x07, 0xC0, 0xFC, 0x7C, 0x0F, 0x83, 0xF0, 0xFC, 0x1F, 0x07, 0xE0, 0xFC, 0x3E, 0x1F, 0x81,
    0xF8, 0x7C, 0x3E, 0x01, 0xF8, 0xF8, 0xFC, 0x01, 0xF1, 0xF1, 0xF0, 0x03, 0xF3, 0xE7, 0xE0, 0x03,
    0xFF, 0xFF, 0x80, 0x03, 0xFF, 0xFE, 0x00, 0x0F, 0xFF, 0xFC, 0x00, 0x1F, 0xFF, 0xFC, 0x00, 0x7F,
    0xFF, 0xFC, 0x00, 0xF8, 0xF8, 0xF8, 0x03, 0xF1, 0xF1, 0xF8, 0x0F, 0xC3, 0xE1, 0xF0, 0x1F, 0x87,
    0xC3, 0xF0, 0x7E, 0x0F, 0x83, 0xF0, 0xF8, 0x1F, 0x07, 0xE3, 0xF0, 0x3E, 0x07, 0xEF, 0xC0, 0x7C,
    0x0F, 0xC0, 0x00, 0x00, 0x00, 0x00, 0xF1, 0xE0, 0x00, 0x3D, 0xE0, 0x00, 0x1F, 0xF0, 0x00, 0x07,
    0xF0, 0x00, 0x00, 0xE0, 0x00, 0x00, 0x00, 0x01, 0xF8, 0x7C, 0x3F, 0x7E, 0x3E, 0x3F, 0x1F, 0x1F,
    0x1F, 0x0F, 0xCF, 0x9F, 0x83, 0xF7, 0xDF, 0x80, 0xFB, 0xEF, 0x80, 0x3F, 0xFF, 0x80, 0x1F, 0xFF,
    0xC0, 0x0F, 0xFF, 0xE0, 0x07, 0xFF, 0xF0, 0x07, 0xFF, 0xFC, 0x07, 0xEF, 0xBF, 0x03, 0xE7, 0xCF,
    0xC3, 0xF3, 0xE7, 0xE3, 0xF1, 0xF1, 0xFB, 0xF0, 0xF8, 0x7E, 0x78, 0x07, 0xFE, 0x03, 0xFF, 0x81,
    0xFB, 0xE0, 0xFC, 0xF8, 0x3F, 0x3E, 0x1F, 0x8F, 0x8F, 0xC3, 0xE3, 0xE0, 0xF9, 0xF8, 0x3F, 0xFC,
    0x0F, 0xFF, 0x83, 0xFF, 0xF8, 0xFF, 0xFF, 0x3F, 0xFF, 0xEF, 0x81, 0xFB, 0xE0, 0x1F, 0xF8, 0x07,
    0xFE, 0x01, 0xFF, 0x80, 0x7F, 0xE0, 0x1F, 0xF8, 0x07, 0xFE, 0x01, 0xF0, 0x00, 0xFC, 0x00, 0xFE,
    0x00, 0x7F, 0x00, 0x1F, 0x80, 0x07, 0xC0, 0xF8, 0x3F, 0xF8, 0x7E, 0xF8, 0x7E, 0xF8, 0xFC, 0xF9,
    0xF8, 0xF9, 0xF0, 0xFF, 0xF0, 0xFF, 0xF0, 0xFF, 0xFC, 0xFF, 0xFE, 0xFF, 0xFE, 0xF8, 0x3F, 0xF8,
    0x1F, 0xF8, 0x1F, 0xF8, 0x1F, 0xF8, 0x1F, 0x00, 0x3F, 0x00, 0x7E, 0x00, 0x7C, 0x00, 0x78, 0x00,
    0x20, 0x03, 0xFF, 0xF0, 0x0F, 0xFF, 0xE0, 0x1F, 0xFF, 0xC0, 0x3F, 0xFF, 0x80, 0x7F, 0xFF, 0x00,
    0xF8, 0x3E, 0x01, 0xF0, 0x7C, 0x03, 0xE0, 0xF8, 0x07, 0x81, 0xF0, 0x1F, 0x03, 0xE0, 0x3E, 0x07,
    0xC0, 0x7C, 0x0F, 0x80, 0xF8, 0x1F, 0x01, 0xF0, 0x3E, 0x03, 0xE0, 0x7C, 0x07, 0xC0, 0xF8, 0x0F,
    0x81, 0xF0, 0x3E, 0x03, 0xE1, 0xFC, 0x07, 0xFB, 0xF0, 0x0F, 0xF7, 0xE0, 0x1F, 0xCF, 0x80, 0x3F,
    0x80, 0x00, 0x1F, 0x00, 0x00, 0x3C, 0x00, 0x00, 0xF8, 0x00, 0x01, 0xF0, 0x00, 0x03, 0xC0, 0x1F,
    0xFF, 0x03, 0xFF, 0xE0, 0x7F, 0xFC, 0x0F, 0xFF, 0x81, 0xF1, 0xF0, 0x3E, 0x3E, 0x07, 0xC7, 0xC0,
    0xF8, 0xF8, 0x1F, 0x1F, 0x03, 0xE3, 0xE0, 0xF8, 0x7C, 0x1F, 0x0F, 0x8F, 0xE1, 0xFF, 0xF8, 0x3F,
    0xFF, 0x07, 0xF7, 0xC0, 0xFE, 0x00, 0x07, 0xC0, 0x00, 0xF0, 0x00, 0x3E, 0x00, 0x07, 0xC0, 0x00,
    0xF0, 0x78, 0x03, 0xFF, 0x80, 0x7F, 0xF0, 0x0F, 0xFE, 0x01, 0xFF, 0xC0, 0x3F, 0xF8, 0x07, 0xFF,
    0x00, 0xFF, 0xE0, 0x1F, 0xFC, 0x03, 0xFF, 0xFF, 0xFF, 0xFF, 0xFF, 0xFF, 0xFF, 0xFF, 0xFF, 0xFF,
    0xF8, 0x07, 0xFF, 0x00, 0xFF, 0xE0, 0x1F, 0xFC, 0x03, 0xFF, 0x80, 0x7F, 0xF0, 0x0F, 0xFE, 0x01,
    0xFF, 0xC0, 0x3F, 0xF8, 0x07, 0xC0, 0x00, 0xF8, 0x00, 0x1F, 0x00, 0x1F, 0xE0, 0x03, 0xFC, 0x00,
    0x7F, 0x00, 0x0F, 0xC0, 0x00, 0x40, 0xF8, 0x1F, 0xF8, 0x1F, 0xF8, 0x1F, 0xF8, 0x1F, 0xF8, 0x1F,
    0xF8, 0x1F, 0xFF, 0xFF, 0xFF, 0xFF, 0xFF, 0xFF, 0xFF, 0xFF, 0xF8, 0x1F, 0xF8, 0x1F, 0xF8, 0x1F,
    0xF8, 0x1F, 0xF8, 0x1F, 0xF8, 0x1F, 0x00, 0x1F, 0x00, 0x1F, 0x00, 0xFF, 0x01, 0xFE, 0x01, 0xFE,
    0x00, 0xFC, 0x00, 0x20, 0x78, 0x03, 0xE3, 0xF0, 0x0F, 0x8F, 0xC0, 0x3E, 0x3F, 0x00, 0xF8, 0xFC,
    0x03, 0xE3, 0xF0, 0x0F, 0x8F, 0xC0, 0x3E, 0x3F, 0x00, 0xF8, 0xFC, 0x03, 0xE3, 0xFF, 0xFF, 0x8F,
    0xFF, 0xFE, 0x3F, 0xFF, 0xF8, 0xFF, 0xFF, 0xE3, 0xF0, 0x0F, 0x8F, 0xC0, 0x3E, 0x3F, 0x00, 0xF8,
    0xFC, 0x03, 0xE3, 0xF0, 0x0F, 0x8F, 0xC0, 0x3F, 0xFF, 0x00, 0xFF, 0xFC, 0x03, 0xFB, 0xF0, 0x0F,
    0xE0, 0x00, 0x0F, 0x80, 0x00, 0x3C, 0x00, 0x01, 0xF0, 0x00, 0x07, 0xC0, 0x00, 0x1E, 0x00, 0xF8,
    0x1F, 0x3E, 0x07, 0xCF, 0x81, 0xF3, 0xE0, 0x7C, 0xF8, 0x1F, 0x3E, 0x07, 0xCF, 0xFF, 0xF3, 0xFF,
    0xFC, 0xFF, 0xFF, 0x3F, 0xFF, 0xCF, 0x81, 0xF3, 0xE0, 0x7C, 0xF8, 0x1F, 0xFE, 0x07, 0xFF, 0x81,
    0xFF, 0xE0, 0x7E, 0x00, 0x0F, 0x80, 0x03, 0xE0, 0x00, 0xF0, 0x00, 0x7C, 0x00, 0x1F, 0x00, 0x78,
    0x07, 0xCF, 0x80, 0x7C, 0xF8, 0x07, 0xCF, 0x80, 0x7C, 0xF8, 0x07, 0xCF, 0x80, 0x7C, 0xF8, 0x07,
    0xCF, 0xC0, 0x7C, 0xFC, 0x07, 0xC7, 0xC0, 0x7C, 0x7F, 0x3F, 0xC7, 0xFF, 0xFC, 0x3F, 0xFF, 0xC1,
    0xFF, 0xFC, 0x07, 0xE7, 0xC0, 0x00, 0x7C, 0x00, 0x07, 0xC0, 0x00, 0x7C, 0x00, 0x07, 0xF0, 0x00,
    0x7F, 0x00, 0x07, 0xF0, 0x00, 0x7F, 0x00, 0x01, 0xF0, 0x00, 0x1F, 0x00, 0x01, 0xF0, 0x00, 0x1F,
    0x00, 0x01, 0xF0, 0xF8, 0x3E, 0x7C, 0x1F, 0x3E, 0x0F, 0x9F, 0x07, 0xCF, 0x83, 0xE7, 0xC1, 0xF3,
    0xF0, 0xF8, 0xFC, 0x7C, 0x7F, 0xFE, 0x1F, 0xFF, 0x07, 0xFF, 0x80, 0xFF, 0xC0, 0x03, 0xF8, 0x01,
    0xFC, 0x00, 0xFE, 0x00, 0x7F, 0x00, 0x0F, 0x80, 0x07, 0xC0, 0x03, 0xE0, 0x01, 0xF0, 0x00, 0xF8,
    0x7E, 0x00, 0x7F, 0x1F, 0xE0, 0x0F, 0xE3, 0xFC, 0x03, 0xFC, 0x7F, 0xC0, 0x7F, 0x8F, 0xF8, 0x0F,
    0xF1, 0xFF, 0x83, 0xFE, 0x3F, 0xF0, 0x7F, 0xC7, 0xFE, 0x0F, 0xF8, 0xFF, 0xE3, 0xFF, 0x1F, 0x7C,
    0x7F, 0xE3, 0xFF, 0x8F, 0xFC, 0x7E, 0xFB, 0xEF, 0x8F, 0xDF, 0x7D, 0xF1, 0xFB, 0xEF, 0xBE, 0x3F,
    0x3D, 0xE7, 0xC7, 0xE7, 0xFC, 0xF8, 0xFC, 0xFF, 0x9F, 0x1F, 0x8F, 0xE3, 0xE3, 0xF1, 0xFC, 0x7F,
    0xFE, 0x3F, 0x8F, 0xFF, 0xC3, 0xE1, 0xFF, 0xF8, 0x7C, 0x3F, 0x80, 0x00, 0x01, 0xF0, 0x00, 0x00,
    0x3E, 0x00, 0x00, 0x07, 0x80, 0x00, 0x01, 0xF0, 0x00, 0x00, 0x3E, 0x00, 0xFF, 0x03, 0xF8, 0xFF,
    0x07, 0xF8, 0xFF, 0x07, 0xF8, 0xFF, 0x87, 0xF8, 0xFF, 0x8F, 0xF8, 0xFF, 0x8F, 0xF8, 0xFF, 0xCF,
    0xF8, 0xFF, 0xDF, 0xF8, 0xFB, 0xDF, 0xF8, 0xFB, 0xFE, 0xF8, 0xFB, 0xFE, 0xF8, 0xF9, 0xFE, 0xF8,
    0xF9, 0xFC, 0xFF, 0xF8, 0xFC, 0xFF, 0xF8, 0xF8, 0xFE, 0xF8, 0xF8, 0xFE, 0x00, 0x00, 0x3E, 0x00,
    0x00, 0x3C, 0x00, 0x00, 0x7C, 0x00, 0x00, 0x7C, 0x00, 0x00, 0x78, 0x7F, 0xFF, 0xFF, 0xFF, 0xFF,
    0xFF, 0xFF, 0xFF, 0xFF, 0xFF, 0xFF, 0xFF, 0xFF, 0xFC, 0x00, 0x00, 0x00, 0x1C, 0x38, 0x00, 0xF3,
    0xC0, 0x07, 0xFC, 0x00, 0x1F, 0xC0, 0x00, 0x38, 0x00, 0x00, 0x00, 0x00, 0x1F, 0x80, 0x01, 0xFC,
    0x00, 0x0F, 0xF0, 0x00, 0x7F, 0x80, 0x07, 0xFC, 0x00, 0x3F, 0xF0, 0x01, 0xEF, 0x80, 0x1F, 0x7C,
    0x00, 0xFB, 0xF0, 0x0F, 0xCF, 0x80, 0x7C, 0x7C, 0x03, 0xE3, 0xF0, 0x3F, 0x0F, 0x81, 0xFF, 0xFC,
    0x0F, 0xFF, 0xF0, 0xFF, 0xFF, 0x87, 0xFF, 0xFC, 0x3F, 0xFF, 0xF3, 0xF0, 0x0F, 0x9F, 0x80, 0x7E,
    0xF8, 0x03, 0xFF, 0xC0, 0x0F, 0x80, 0x00, 0x00, 0x1C, 0x3C, 0x1F, 0x78, 0x0F, 0xF8, 0x07, 0xF0,
    0x01, 0xC0, 0x00, 0x00, 0x0F, 0xF0, 0x1F, 0xFC, 0x3F, 0xFE, 0x7F, 0xFE, 0x7C, 0x3E, 0x00, 0x3E,
    0x03, 0xFE, 0x1F, 0xFE, 0x3F, 0xFE, 0x7F, 0xBE, 0x7C, 0x3E, 0x78, 0x3E, 0x7C, 0x7E, 0x7F, 0xFE,
    0x7F, 0xFE, 0x3F, 0xDE, 0x07, 0x00, 0x00, 0x00, 0x00, 0x1E, 0x78, 0x01, 0xF7, 0xC0, 0x0F, 0xBE,
    0x00, 0x3C, 0xF0, 0x00, 0x00, 0x00, 0x00, 0x00, 0x00, 0x1F, 0x80, 0x01, 0xFC, 0x00, 0x0F, 0xF0,
    0x00, 0x7F, 0x80, 0x07, 0xFC, 0x00, 0x3F, 0xF0, 0x01, 0xEF, 0x80, 0x1F, 0x7C, 0x00, 0xFB, 0xF0,
    0x0F, 0xCF, 0x80, 0x7C, 0x7C, 0x03, 0xE3, 0xF0, 0x3F, 0x0F, 0x81, 0xFF, 0xFC, 0x0F, 0xFF, 0xF0,
    0xFF, 0xFF, 0x87, 0xFF, 0xFC, 0x3F, 0xFF, 0xF3, 0xF0, 0x0F, 0x9F, 0x80, 0x7E, 0xF8, 0x03, 0xFF,
    0xC0, 0x0F, 0x80, 0x00, 0x00, 0x1E, 0x78, 0x1F, 0x7C, 0x1F, 0x7C, 0x1E, 0x78, 0x00, 0x00, 0x00,
    0x00, 0x0F, 0xF0, 0x1F, 0xFC, 0x3F, 0xFE, 0x7F, 0xFE, 0x7C, 0x3E, 0x00, 0x3E, 0x03, 0xFE, 0x1F,
    0xFE, 0x3F, 0xFE, 0x7F, 0xBE, 0x7C, 0x3E, 0x78, 0x3E, 0x7C, 0x7E, 0x7F, 0xFE, 0x7F, 0xFE, 0x3F,
    0xDE, 0x07, 0x00, 0x00, 0x3F, 0xFF, 0xF0, 0x03, 0xFF, 0xFF, 0xC0, 0x1F, 0xFF, 0xFE, 0x01, 0xFF,
    0xFF, 0xF0, 0x0F, 0xBF, 0xFF, 0x80, 0xF9, 0xF0, 0x00, 0x07, 0xCF, 0x80, 0x00, 0x7E, 0x7C, 0x00,
    0x03, 0xE3, 0xE0, 0x00, 0x1F, 0x1F, 0xFF, 0x81, 0xF0, 0xFF, 0xFC, 0x0F, 0x87, 0xFF, 0xE0, 0xFC,
    0x3F, 0xFF, 0x07, 0xFF, 0xF0, 0x00, 0x7F, 0xFF, 0x80, 0x03, 0xFF, 0xFC, 0x00, 0x1F, 0xFF, 0xE0,
    0x01, 0xF8, 0x1F, 0x00, 0x0F, 0x80, 0xFF, 0xFE, 0xFC, 0x07, 0xFF, 0xF7, 0xC0, 0x3F, 0xFF, 0xFE,
    0x01, 0xFF, 0xFC, 0x0F, 0xF3, 0xFC, 0x07, 0xFF, 0xFF, 0x83, 0xFF, 0xFF, 0xF1, 0xFF, 0xFF, 0xFE,
    0x7C, 0x3F, 0x0F, 0x80, 0x0F, 0x81, 0xE0, 0x7F, 0xFF, 0xFC, 0x7F, 0xFF, 0xFF, 0x3F, 0xFF, 0xFF,
    0xDF, 0xFF, 0xFF, 0xE7, 0xC3, 0xE0, 0x01, 0xE0, 0xFC, 0x1E, 0x7C, 0x7F, 0x8F, 0x9F, 0xFF, 0xFF,
    0xE7, 0xFF, 0xFF, 0xF0, 0xFF, 0x8F, 0xF8, 0x07, 0x00, 0xF0, 0x00, 0x00, 0x00, 0x1C, 0x38, 0x1E,
    0x78, 0x0F, 0xF8, 0x07, 0xF0, 0x01, 0xC0, 0x00, 0x00, 0x7F, 0xFE, 0xFF, 0xFF, 0xFF, 0xFF, 0xFF,
    0xFF, 0xFF, 0xFE, 0xFC, 0x00, 0xFC, 0x00, 0xFC, 0x00, 0xFC, 0x00, 0xFF, 0xFE, 0xFF, 0xFE, 0xFF,
    0xFE, 0xFF, 0xFE, 0xFC, 0x00, 0xFC, 0x00, 0xFC, 0x00, 0xFC, 0x00, 0xFC, 0x00, 0xFF, 0xFF, 0xFF,
    0xFF, 0xFF, 0xFF, 0xFF, 0xFF, 0x00, 0x00, 0x3C, 0x38, 0x1E, 0xF8, 0x1F, 0xF0, 0x0F, 0xE0, 0x03,
    0x80, 0x00, 0x00, 0x0F, 0xE0, 0x1F, 0xF8, 0x3F, 0xFC, 0x7F, 0xFC, 0xFC, 0x3E, 0xF8, 0x3E, 0xFF,
    0xFE, 0xFF, 0xFE, 0xFF, 0xFF, 0xFF, 0xFE, 0xF8, 0x00, 0xF8, 0x1E, 0x7E, 0x7E, 0x7F, 0xFE, 0x3F,
    0xFC, 0x1F, 0xF0, 0x03, 0xC0, 0x01, 0xF0, 0x00, 0xFF, 0xE0, 0x1F, 0xFF, 0x03, 0xFF, 0xF8, 0x7F,
    0xFF, 0xC7, 0xE0, 0xFE, 0xFC, 0x07, 0xEF, 0x80, 0x3E, 0x00, 0x03, 0xFF, 0xFF, 0xFF, 0xFF, 0xFF,
    0xFF, 0xFF, 0xFF, 0xFF, 0xFF, 0xFF, 0x80, 0x3F, 0xF8, 0x03, 0xFF, 0x80, 0x3E, 0x7C, 0x07, 0xE7,
    0xE0, 0xFC, 0x3F, 0xFF, 0xC3, 0xFF, 0xF8, 0x1F, 0xFF, 0x00, 0x7F, 0xC0, 0x00, 0xE0, 0x00, 0x00,
    0x00, 0x1F, 0xE0, 0x3F, 0xF8, 0x7F, 0xFC, 0xFF, 0xFC, 0xF8, 0x3E, 0x00, 0x3E, 0x00, 0x3E, 0xFF,
    0xFE, 0xFF, 0xFE, 0xFF, 0xFE, 0xF8, 0x3E, 0xF8, 0x3E, 0x7C, 0xFC, 0x7F, 0xFC, 0x3F, 0xF8, 0x1F,
    0xF0, 0x03, 0x80, 0x00, 0x00, 0x00, 0xF1, 0xE0, 0x0F, 0xBE, 0x00, 0xFB, 0xE0, 0x0F, 0x1E, 0x00,
    0x00, 0x00, 0x00, 0x00, 0x00, 0x1F, 0x00, 0x0F, 0xFE, 0x01, 0xFF, 0xF0, 0x3F, 0xFF, 0x87, 0xFF,
    0xFC, 0x7E, 0x0F, 0xEF, 0xC0, 0x7E, 0xF8, 0x03, 0xE0, 0x00, 0x3F, 0xFF, 0xFF, 0xFF, 0xFF, 0xFF,
    0xFF, 0xFF, 0xFF, 0xFF, 0xFF, 0xF8, 0x03, 0xFF, 0x80, 0x3F, 0xF8, 0x03, 0xE7, 0xC0, 0x7E, 0x7E,
    0x0F, 0xC3, 0xFF, 0xFC, 0x3F, 0xFF, 0x81, 0xFF, 0xF0, 0x07, 0xFC, 0x00, 0x0E, 0x00, 0x00, 0x00,
    0x1E, 0x78, 0x3E, 0xF8, 0x3E, 0xF8, 0x1E, 0x78, 0x00, 0x00, 0x00, 0x00, 0x1F, 0xE0, 0x3F, 0xF8,
    0x7F, 0xFC, 0xFF, 0xFC, 0xF8, 0x3E, 0x00, 0x3E, 0x00, 0x3E, 0xFF, 0xFE, 0xFF, 0xFE, 0xFF, 0xFE,
    0xF8, 0x3E, 0xF8, 0x3E, 0x7C, 0xFC, 0x7F, 0xFC, 0x3F, 0xF8, 0x1F, 0xF0, 0x03, 0x80, 0x00, 0x00,
    0x00, 0x00, 0x00, 0x78, 0xE0, 0x00, 0x00, 0xFB, 0xE0, 0x00, 0x01, 0xF7, 0xC0, 0x00, 0x03, 0xCF,
    0x80, 0x00, 0x00, 0x00, 0x00, 0x00, 0x00, 0x00, 0x00, 0x3E, 0x03, 0xC0, 0x3E, 0x7E, 0x07, 0xC0,
    0xFC, 0x7C, 0x0F, 0x83, 0xF0, 0xFC, 0x1F, 0x07, 0xE0, 0xFC, 0x3E, 0x1F, 0x81, 0xF8, 0x7C, 0x3E,
    0x01, 0xF8, 0xF8, 0xFC, 0x01, 0xF1, 0xF1, 0xF0, 0x03, 0xF3, 0xE7, 0xE0, 0x03, 0xFF, 0xFF, 0x80,
    0x03, 0xFF, 0xFE, 0x00, 0x0F, 0xFF, 0xFC, 0x00, 0x1F, 0xFF, 0xFC, 0x00, 0x7F, 0xFF, 0xFC, 0x00,
    0xF8, 0xF8, 0xF8, 0x03, 0xF1, 0xF1, 0xF8, 0x0F, 0xC3, 0xE1, 0xF0, 0x1F, 0x87, 0xC3, 0xF0, 0x7E,
    0x0F, 0x83, 0xF0, 0xF8, 0x1F, 0x07, 0xE3, 0xF0, 0x3E, 0x07, 0xEF, 0xC0, 0x7C, 0x0F, 0xC0, 0x00,
    0x00, 0x00, 0x00, 0xF1, 0xE0, 0x00, 0x7D, 0xF0, 0x00, 0x3E, 0xF8, 0x00, 0x1E, 0x3C, 0x00, 0x00,
    0x00, 0x00, 0x00, 0x00, 0x01, 0xF8, 0x7C, 0x3F, 0x7E, 0x3E, 0x3F, 0x1F, 0x1F, 0x1F, 0x0F, 0xCF,
    0x9F, 0x83, 0xF7, 0xDF, 0x80, 0xFB, 0xEF, 0x80, 0x3F, 0xFF, 0x80, 0x1F, 0xFF, 0xC0, 0x0F, 0xFF,
    0xE0, 0x07, 0xFF, 0xF0, 0x07, 0xFF, 0xFC, 0x07, 0xEF, 0xBF, 0x03, 0xE7, 0xCF, 0xC3, 0xF3, 0xE7,
    0xE3, 0xF1, 0xF1, 0xFB, 0xF0, 0xF8, 0x7E, 0x00, 0x00, 0x0F, 0x1C, 0x07, 0xDF, 0x03, 0xEF, 0x81,
    0xE7, 0xC0, 0x00, 0x00, 0x00, 0x00, 0x07, 0xC0, 0x1F, 0xF8, 0x1F, 0xFE, 0x1F, 0xFF, 0x8F, 0xC7,
    0xE7, 0xC1, 0xF7, 0xC0, 0xF8, 0x00, 0x7C, 0x00, 0x7E, 0x03, 0xFE, 0x01, 0xFE, 0x00, 0xFF, 0x00,
    0x7F, 0xC0, 0x03, 0xF0, 0x00, 0xFF, 0xE0, 0x3F, 0xF0, 0x3F, 0xFC, 0x1F, 0xBF, 0xFF, 0x9F, 0xFF,
    0xC7, 0xFF, 0xC1, 0xFF, 0x80, 0x1E, 0x00, 0x00, 0x00, 0x78, 0xF0, 0xFB, 0xE1, 0xF7, 0xC3, 0xC7,
    0x80, 0x00, 0x00, 0x00, 0x07, 0xF0, 0x3F, 0xF8, 0x7F, 0xF1, 0xFF, 0xF3, 0xE3, 0xE0, 0x07, 0xC0,
    0x7F, 0x00, 0xFC, 0x01, 0xFC, 0x03, 0xFC, 0x00, 0xF9, 0xF1, 0xF3, 0xFF, 0xE7, 0xFF, 0xC7, 0xFF,
    0x07, 0xFC, 0x01, 0xC0, 0x7F, 0xFE, 0x3F, 0xFF, 0x9F, 0xFF, 0xCF, 0xFF, 0xE7, 0xFF, 0xE0, 0x03,
    0xE0, 0x03, 0xE0, 0x03, 0xE0, 0x03, 0xE0, 0x03, 0xF8, 0x01, 0xFF, 0x00, 0xFF, 0xC0, 0x0F, 0xF0,
    0x00, 0xF8, 0x00, 0x7F, 0xF0, 0x1F, 0xF8, 0x1F, 0xFE, 0x0F, 0xDF, 0xFF, 0xCF, 0xFF, 0xE3, 0xFF,
    0xE0, 0x7F, 0xC0, 0x0F, 0x00, 0x7F, 0xFE, 0x3F, 0xFF, 0x9F, 0xFF, 0xCF, 0xFF, 0xE7, 0xFF, 0xE0,
    0x03, 0xE0, 0x03, 0xE0, 0x03, 0xE0, 0x03, 0xE0, 0x03, 0xF8, 0x01, 0xFF, 0x00, 0xFF, 0xC0, 0x0F,
    0xF0, 0x00, 0xF8, 0x00, 0x7F, 0xF0, 0x1F, 0xF8, 0x1F, 0xFE, 0x0F, 0xDF, 0xFF, 0xCF, 0xFF, 0xE3,
    0xFF, 0xE0, 0x7F, 0xC0, 0x0F, 0x00, 0x03, 0xFC, 0x00, 0x7F, 0xC0, 0x07, 0xFC, 0x00, 0x7F, 0xC0,
    0x00, 0x00, 0x00, 0x00, 0x00, 0x78, 0x03, 0xEF, 0xC0, 0x7F, 0xFC, 0x07, 0xFF, 0xC0, 0xFF, 0xFC,
    0x0F, 0xFF, 0xC1, 0xFF, 0xFC, 0x3F, 0xFF, 0xC3, 0xFF, 0xFC, 0x7F, 0xFF, 0xCF, 0xFF, 0xFC, 0xFB,
    0xFF, 0xDF, 0xBF, 0xFD, 0xF3, 0xFF, 0xFE, 0x3F, 0xFF, 0xE3, 0xFF, 0xFC, 0x3F, 0xFF, 0xC3, 0xFF,
    0xF8, 0x3F, 0xFF, 0x03, 0xFF, 0xF0, 0x3F, 0xFE, 0x03, 0xFF, 0xC0, 0x3F, 0x0F, 0xF0, 0x1F, 0xF8,
    0x1F, 0xF8, 0x0F, 0xF0, 0x00, 0x00, 0x00, 0x00, 0xF8, 0x1F, 0xF8, 0x3F, 0xF8, 0x3F, 0xF8, 0x7F,
    0xF8, 0xFF, 0xF9, 0xFF, 0xF9, 0xFF, 0xFB, 0xFF, 0xFF, 0xDF, 0xFF, 0x9F, 0xFF, 0x9F, 0xFF, 0x1F,
    0xFE, 0x1F, 0xFE, 0x1F, 0xFC, 0x1F, 0xF8, 0x1F, 0x00, 0x00, 0x00, 0x79, 0xE0, 0x0F, 0xBE, 0x00,
    0xFB, 0xE0, 0x07, 0x9E, 0x00, 0x00, 0x00, 0x00, 0x00, 0x07, 0x80, 0x3E, 0xFC, 0x07, 0xFF, 0xC0,
    0x7F, 0xFC, 0x0F, 0xFF, 0xC0, 0xFF, 0xFC, 0x1F, 0xFF, 0xC3, 0xFF, 0xFC, 0x3F, 0xFF, 0xC7, 0xFF,
    0xFC, 0xFF, 0xFF, 0xCF, 0xBF, 0xFD, 0xFB, 0xFF, 0xDF, 0x3F, 0xFF, 0xE3, 0xFF, 0xFE, 0x3F, 0xFF,
    0xC3, 0xFF, 0xFC, 0x3F, 0xFF, 0x83, 0xFF, 0xF0, 0x3F, 0xFF, 0x03, 0xFF, 0xE0, 0x3F, 0xFC, 0x03,
    0xF0, 0x00, 0x00, 0x1E, 0x78, 0x3E, 0x7C, 0x3E, 0x7C, 0x1E, 0x78, 0x00, 0x00, 0x00, 0x00, 0xF8,
    0x1F, 0xF8, 0x3F, 0xF8, 0x3F, 0xF8, 0x7F, 0xF8, 0xFF, 0xF9, 0xFF, 0xF9, 0xFF, 0xFB, 0xFF, 0xFF,
    0xDF, 0xFF, 0x9F, 0xFF, 0x9F, 0xFF, 0x1F, 0xFE, 0x1F, 0xFE, 0x1F, 0xFC, 0x1F, 0xF8, 0x1F, 0x00,
    0x00, 0x00, 0x3C, 0xF0, 0x01, 0xE7, 0xC0, 0x0F, 0x3E, 0x00, 0x79, 0xE0, 0x00, 0x00, 0x00, 0x00,
    0x00, 0x00, 0x3F, 0x00, 0x07, 0xFE, 0x00, 0xFF, 0xFC, 0x0F, 0xFF, 0xF0, 0x7F, 0xFF, 0xC7, 0xE0,
    0x7E, 0x3E, 0x01, 0xFB, 0xF0, 0x07, 0xDF, 0x00, 0x3E, 0xF8, 0x01, 0xF7, 0xC0, 0x0F, 0xBE, 0x00,
    0x7D, 0xF0, 0x03, 0xEF, 0x80, 0x1F, 0x7C, 0x00, 0xFB, 0xF0, 0x0F, 0xCF, 0xC0, 0x7E, 0x7F, 0x07,
    0xE1, 0xFF, 0xFE, 0x07, 0xFF, 0xF0, 0x1F, 0xFF, 0x00, 0x7F, 0xE0, 0x00, 0x78, 0x00, 0x00, 0x00,
    0x1E, 0x78, 0x3E, 0x78, 0x3E, 0x78, 0x1E, 0x78, 0x00, 0x00, 0x00, 0x00, 0x0F, 0xF0, 0x1F, 0xF8,
    0x3F, 0xFC, 0x7F, 0xFE, 0xFC, 0x3E, 0xF8, 0x3F, 0xF8, 0x1F, 0xF8, 0x1F, 0xF8, 0x1F, 0xF8, 0x1F,
    0xF8, 0x1F, 0xFC, 0x3E, 0x7E, 0xFE, 0x7F, 0xFC, 0x3F, 0xFC, 0x1F, 0xF0, 0x03, 0xC0, 0x01, 0xF8,
    0x00, 0x3F, 0xF0, 0x07, 0xFF, 0xE0, 0x7F, 0xFF, 0x83, 0xFF, 0xFE, 0x3F, 0x03, 0xF1, 0xF0, 0x0F,
    0xDF, 0x80, 0x3E, 0xF8, 0x01, 0xF7, 0xC0, 0x0F, 0xBF, 0xFF, 0xFD, 0xFF, 0xFF, 0xEF, 0xFF, 0xFF,
    0x7C, 0x00, 0xFB, 0xE0, 0x07, 0xDF, 0x80, 0x7E, 0x7E, 0x03, 0xF3, 0xF8, 0x3F, 0x0F, 0xFF, 0xF0,
    0x3F, 0xFF, 0x80, 0xFF, 0xF8, 0x03, 0xFF, 0x00, 0x03, 0xC0, 0x00, 0x0F, 0xF0, 0x1F, 0xF8, 0x3F,
    0xFC, 0x7F, 0xFE, 0xFC, 0x3E, 0xF8, 0x3F, 0xFF, 0x1F, 0xFF, 0xFF, 0xFF, 0xFF, 0xF9, 0xFF, 0xF8,
    0x1F, 0xFC, 0x3E, 0x7E, 0xFE, 0x7F, 0xFC, 0x3F, 0xFC, 0x1F, 0xF0, 0x03, 0xC0, 0x00, 0x00, 0x00,
    0x3C, 0xF0, 0x01, 0xE7, 0xC0, 0x0F, 0x3E, 0x00, 0x79, 0xE0, 0x00, 0x00, 0x00, 0x00, 0x00, 0x00,
    0x3F, 0x00, 0x07, 0xFE, 0x00, 0xFF, 0xFC, 0x0F, 0xFF, 0xF0, 0x7F, 0xFF, 0xC7, 0xE0, 0x7E, 0x3E,
    0x01, 0xFB, 0xF0, 0x07, 0xDF, 0x00, 0x3E, 0xF8, 0x01, 0xF7, 0xFF, 0xFF, 0xBF, 0xFF, 0xFD, 0xFF,
    0xFF, 0xEF, 0x80, 0x1F, 0x7C, 0x00, 0xFB, 0xF0, 0x0F, 0xCF, 0xC0, 0x7E, 0x7F, 0x07, 0xE1, 0xFF,
    0xFE, 0x07, 0xFF, 0xF0, 0x1F, 0xFF, 0x00, 0x7F, 0xE0, 0x00, 0x78, 0x00, 0x00, 0x00, 0x1E, 0x78,
    0x3E, 0x78, 0x3E, 0x78, 0x1E, 0x78, 0x00, 0x00, 0x00, 0x00, 0x0F, 0xF0, 0x1F, 0xF8, 0x3F, 0xFC,
    0x7F, 0xFE, 0xFC, 0x3E, 0xF8, 0x3F, 0xFF, 0x1F, 0xFF, 0xFF, 0xFF, 0xFF, 0xF9, 0xFF, 0xF8, 0x1F,
    0xFC, 0x3E, 0x7E, 0xFE, 0x7F, 0xFC, 0x3F, 0xFC, 0x1F, 0xF0, 0x03, 0xC0, 0x00, 0x00, 0x00, 0xF1,
    0xC0, 0x0F, 0xBE, 0x00, 0xFB, 0xE0, 0x0F, 0x3E, 0x00, 0x00, 0x00, 0x00, 0x00, 0x00, 0x3F, 0x00,
    0x0F, 0xFE, 0x01, 0xFF, 0xF0, 0x3F, 0xFF, 0x87, 0xFF, 0xFC, 0xFC, 0x0F, 0xCF, 0xC0, 0x7E, 0xF8,
    0x03, 0xE0, 0x00, 0x3E, 0x01, 0xFF, 0xF0, 0x1F, 0xFF, 0x01, 0xFF, 0xF0, 0x1F, 0xFF, 0x00, 0x03,
    0xEF, 0x80, 0x3E, 0xF8, 0x03, 0xEF, 0xC0, 0x7E, 0x7E, 0x0F, 0xC7, 0xFF, 0xFC, 0x3F, 0xFF, 0x81,
    0xFF, 0xF0, 0x0F, 0xFC, 0x00, 0x1E, 0x00, 0x00, 0x00, 0x79, 0xE0, 0xF3, 0xE1, 0xE7, 0xC3, 0xCF,
    0x00, 0x00, 0x00, 0x00, 0x0F, 0xF0, 0x3F, 0xF0, 0xFF, 0xF3, 0xFF, 0xF7, 0xC3, 0xFF, 0x03, 0xE0,
    0x7F, 0xC1, 0xFF, 0x83, 0xFF, 0x07, 0xFF, 0xE0, 0x7F, 0xE0, 0xFF, 0xE7, 0xE7, 0xFF, 0xCF, 0xFF,
    0x07, 0xFC, 0x03, 0xC0, 0x03, 0xFC, 0x00, 0x3F, 0xE0, 0x03, 0xFE, 0x00, 0x3F, 0xC0, 0x00, 0x00,
    0x00, 0x00, 0x00, 0x7C, 0x01, 0xE7, 0xC0, 0x3E, 0x7E, 0x07, 0xE3, 0xE0, 0x7E, 0x3F, 0x07, 0xC3,
    0xF0, 0xFC, 0x1F, 0x8F, 0x81, 0xF9, 0xF8, 0x0F, 0x9F, 0x00, 0xFD, 0xF0, 0x07, 0xFF, 0x00, 0x7F,
    0xE0, 0x03, 0xFE, 0x00, 0x3F, 0xC0, 0x01, 0xFC, 0x00, 0x1F, 0x80, 0x00, 0xF8, 0x00, 0x1F, 0x00,
    0x1F, 0xF0, 0x01, 0xFE, 0x00, 0x1F, 0xE0, 0x01, 0xF8, 0x00, 0x0F, 0xF8, 0x07, 0xFC, 0x03, 0xFE,
    0x01, 0xFF, 0x00, 0x00, 0x00, 0x00, 0x03, 0xE0, 0x3F, 0xF8, 0x1F, 0x7C, 0x1F, 0x3E, 0x0F, 0x8F,
    0x87, 0xC7, 0xC7, 0xC3, 0xE3, 0xE0, 0xF9, 0xE0, 0x7D, 0xF0, 0x3E, 0xF8, 0x0F, 0xF8, 0x07, 0xFC,
    0x01, 0xFE, 0x00, 0xFE, 0x00, 0x7F, 0x00, 0x1F, 0x00, 0x0F, 0x80, 0x07, 0xC0, 0x3F, 0xC0, 0x1F,
    0xE0, 0x0F, 0xE0, 0x0F, 0xE0, 0x00, 0x00, 0x00, 0x00, 0x00, 0x00, 0x79, 0xE0, 0x0F, 0x9F, 0x00,
    0xF9, 0xF0, 0x07, 0x9E, 0x00, 0x00, 0x00, 0x00, 0x00, 0x07, 0xC0, 0x1E, 0x7C, 0x03, 0xE7, 0xE0,
    0x7E, 0x3E, 0x07, 0xE3, 0xF0, 0x7C, 0x3F, 0x0F, 0xC1, 0xF8, 0xF8, 0x1F, 0x9F, 0x80, 0xF9, 0xF0,
    0x0F, 0xDF, 0x00, 0x7F, 0xF0, 0x07, 0xFE, 0x00, 0x3F, 0xE0, 0x03, 0xFC, 0x00, 0x1F, 0xC0, 0x01,
    0xF8, 0x00, 0x0F, 0x80, 0x01, 0xF0, 0x01, 0xFF, 0x00, 0x1F, 0xE0, 0x01, 0xFE, 0x00, 0x1F, 0x80,
    0x00, 0x00, 0x00, 0x0F, 0x1E, 0x07, 0xDF, 0x03, 0xEF, 0x81, 0xE3, 0xC0, 0x00, 0x00, 0x00, 0x01,
    0xF0, 0x1F, 0xFC, 0x0F, 0xBE, 0x0F, 0x9F, 0x07, 0xC7, 0xC3, 0xE3, 0xE3, 0xE1, 0xF1, 0xF0, 0x7C,
    0xF0, 0x3E, 0xF8, 0x1F, 0x7C, 0x07, 0xFC, 0x03, 0xFE, 0x00, 0xFF, 0x00, 0x7F, 0x00, 0x3F, 0x80,
    0x0F, 0x80, 0x07, 0xC0, 0x03, 0xE0, 0x1F, 0xE0, 0x0F, 0xF0, 0x07, 0xF0, 0x07, 0xF0, 0x00, 0x00,
    0x00, 0x01, 0xC7, 0x00, 0x3C, 0xF0, 0x03, 0xDF, 0x00, 0x7B, 0xE0, 0x07, 0xBC, 0x00, 0x73, 0x80,
    0x00, 0x00, 0x07, 0xC0, 0x1E, 0x7C, 0x03, 0xE7, 0xE0, 0x7E, 0x3E, 0x07, 0xE3, 0xF0, 0x7C, 0x3F,
    0x0F, 0xC1, 0xF8, 0xF8, 0x1F, 0x9F, 0x80, 0xF9, 0xF0, 0x0F, 0xDF, 0x00, 0x7F, 0xF0, 0x07, 0xFE,
    0x00, 0x3F, 0xE0, 0x03, 0xFC, 0x00, 0x1F, 0xC0, 0x01, 0xF8, 0x00, 0x0F, 0x80, 0x01, 0xF0, 0x01,
    0xFF, 0x00, 0x1F, 0xE0, 0x01, 0xFE, 0x00, 0x1F, 0x80, 0x00, 0x07, 0x9E, 0x03, 0xDF, 0x03, 0xCF,
    0x01, 0xEF, 0x01, 0xE7, 0x80, 0x77, 0x80, 0x00, 0x01, 0xF0, 0x1F, 0xFC, 0x0F, 0xBE, 0x0F, 0x9F,
    0x07, 0xC7, 0xC3, 0xE3, 0xE3, 0xE1, 0xF1, 0xF0, 0x7C, 0xF0, 0x3E, 0xF8, 0x1F, 0x7C, 0x07, 0xFC,
    0x03, 0xFE, 0x00, 0xFF, 0x00, 0x7F, 0x00, 0x3F, 0x80, 0x0F, 0x80, 0x07, 0xC0, 0x03, 0xE0, 0x1F,
    0xE0, 0x0F, 0xF0, 0x07, 0xF0, 0x07, 0xF0, 0x00, 0x00, 0x00, 0x00, 0x00, 0x03, 0xCF, 0x00, 0xF3,
    0xE0, 0x3E, 0xF8, 0x0F, 0x3C, 0x00, 0x00, 0x00, 0x00, 0x01, 0xE0, 0x1F, 0xF8, 0x07, 0xFE, 0x01,
    0xFF, 0x80, 0x7F, 0xE0, 0x1F, 0xF8, 0x07, 0xFE, 0x01, 0xFF, 0xC0, 0x7F, 0xF0, 0x1F, 0x7C, 0x07,
    0xDF, 0xCF, 0xF7, 0xFF, 0xFC, 0xFF, 0xFF, 0x1F, 0xFF, 0xC1, 0xF9, 0xF0, 0x00, 0x7C, 0x00, 0x1F,
    0x00, 0x07, 0xC0, 0x01, 0xF0, 0x00, 0x7C, 0x00, 0x1F, 0x00, 0x07, 0xC0, 0x00, 0x00, 0x3C, 0xF0,
    0xFB, 0xE1, 0xF7, 0xC1, 0xE7, 0x80, 0x00, 0x00, 0x00, 0x7C, 0x1F, 0xF8, 0x3F, 0xF0, 0x7F, 0xE0,
    0xFF, 0xC1, 0xFF, 0x83, 0xFF, 0x87, 0xDF, 0x8F, 0xBF, 0xFF, 0x3F, 0xFE, 0x3F, 0xFC, 0x1F, 0xF8,
    0x01, 0xF0, 0x03, 0xE0, 0x07, 0xC0, 0x0F, 0x80, 0x7F, 0xFF, 0xFF, 0xFF, 0xFF, 0xFF, 0xFF, 0xFF,
    0xFF, 0xFF, 0x80, 0x3F, 0x00, 0x7E, 0x00, 0xFC, 0x01, 0xF8, 0x03, 0xF0, 0x07, 0xE0, 0x0F, 0xC0,
    0x1F, 0x80, 0x3F, 0x00, 0x7E, 0x00, 0xFC, 0x01, 0xF8, 0x03, 0xFC, 0x07, 0xF8, 0x0F, 0xF0, 0x1F,
    0xE0, 0x07, 0xC0, 0x0F, 0x80, 0x1F, 0x00, 0x3E, 0x00, 0x7C, 0x00, 0xFF, 0xFF, 0xFF, 0xFF, 0xFF,
    0xFF, 0xF8, 0x0F, 0x80, 0xF8, 0x0F, 0x80, 0xF8, 0x0F, 0x80, 0xF8, 0x0F, 0x80, 0xFE, 0x0F, 0xF0,
    0xFF, 0x0F, 0xF0, 0x1F, 0x01, 0xF0, 0x1E, 0x01, 0xE0, 0x1E, 0x00, 0x00, 0x00, 0x00, 0x01, 0xE7,
    0x80, 0x03, 0xEF, 0x80, 0x03, 0xEF, 0x80, 0x01, 0xE7, 0x80, 0x00, 0x00, 0x00, 0x00, 0x00, 0x00,
    0x78, 0x00, 0x1F, 0xFC, 0x00, 0x1F, 0xFC, 0x00, 0x1F, 0xFC, 0x00, 0x1F, 0xFC, 0x00, 0x1F, 0xFC,
    0x00, 0x1F, 0xFC, 0x00, 0x1F, 0xFC, 0x00, 0x1F, 0xFF, 0xF8, 0x1F, 0xFF, 0xFE, 0x1F, 0xFF, 0xFF,
    0x1F, 0xFF, 0xFF, 0x9F, 0xFC, 0x1F, 0x9F, 0xFC, 0x0F, 0x9F, 0xFC, 0x0F, 0x9F, 0xFC, 0x0F, 0x9F,
    0xFC, 0x0F, 0x9F, 0xFC, 0x1F, 0x9F, 0xFF, 0xFF, 0x9F, 0xFF, 0xFF, 0x1F, 0xFF, 0xFE, 0x1F, 0xFF,
    0xF8, 0x1F, 0x00, 0x00, 0x00, 0x3C, 0x78, 0x01, 0xF7, 0xC0, 0x0F, 0xBE, 0x00, 0x78, 0xF0, 0x00,
    0x00, 0x00, 0x00, 0x00, 0x1F, 0x00, 0x1F, 0xF8, 0x00, 0xFF, 0xC0, 0x07, 0xFE, 0x00, 0x3F, 0xF0,
    0x01, 0xFF, 0xFF, 0x0F, 0xFF, 0xFC, 0x7F, 0xFF, 0xF3, 0xFF, 0xFF, 0xDF, 0xF8, 0x3E, 0xFF, 0xC1,
    0xF7, 0xFE, 0x0F, 0xBF, 0xFF, 0xFD, 0xFF, 0xFF, 0xCF, 0xFF, 0xFE, 0x7F, 0xFF, 0xC3, 0xE0, 0x1F,
    0xFF, 0x87, 0xFF, 0xE1, 0xFF, 0xF8, 0x7F, 0xFE, 0x1F, 0xFF, 0x87, 0xC0, 0x01, 0xF0, 0x00, 0x7C,
    0x00, 0x1F, 0x00, 0x07, 0xC0, 0x0F, 0xFF, 0x83, 0xFF, 0xE0, 0xFF, 0xF8, 0x07, 0xC0, 0x01, 0xF0,
    0x00, 0x7C, 0x00, 0x1F, 0x00, 0x07, 0xC0, 0x01, 0xF0, 0x00, 0x7F, 0x00, 0x1F, 0xC0, 0x07, 0xF0,
    0x00, 0x7C, 0x00, 0x1F, 0x00, 0x1F, 0xC0, 0x0F, 0xE0, 0x03, 0xF8, 0x00, 0xFC, 0x00, 0x00, 0x00,
    0x00, 0x3F, 0xFC, 0xFF, 0xF3, 0xFF, 0xCF, 0xFF, 0x3E, 0x00, 0xF8, 0x03, 0xE0, 0x3F, 0xFC, 0xFF,
    0xF3, 0xFF, 0x83, 0xE0, 0x0F, 0x80, 0x3E, 0x00, 0xFF, 0x03, 0xFC, 0x0F, 0xF0, 0x07, 0xC0, 0x1F,
    0x03, 0xF8, 0x0F, 0xE0, 0x3F, 0x80, 0xFC, 0x00, 0x00, 0x00, 0x7C, 0x01, 0xF0, 0xFC, 0x07, 0xE0,
    0xFC, 0x0F, 0x80, 0xFC, 0x3F, 0x01, 0xF8, 0xFC, 0x01, 0xF9, 0xF0, 0x01, 0xF7, 0xE0, 0x03, 0xFF,
    0x80, 0x03, 0xFE, 0x00, 0x03, 0xFC, 0x00, 0x07, 0xF0, 0x00, 0x07, 0xE0, 0x00, 0x1F, 0xE0, 0x00,
    0x7F, 0xC0, 0x01, 0xFF, 0xC0, 0x03, 0xEF, 0xC0, 0x0F, 0xDF, 0x80, 0x3F, 0x1F, 0x80, 0x7C, 0x1F,
    0x81, 0xF8, 0x3F, 0xF7, 0xE0, 0x3F, 0xCF, 0x80, 0x3F, 0x80, 0x00, 0x0F, 0x00, 0x00, 0x1E, 0x00,
    0x01, 0xFC, 0x00, 0x07, 0xF8, 0x00, 0x0F, 0xE0, 0x00, 0x1F, 0x80, 0x00, 0x00, 0x00, 0x7C, 0x3E,
    0x7C, 0x3E, 0x3E, 0x7C, 0x3E, 0xFC, 0x1F, 0xF8, 0x1F, 0xF8, 0x0F, 0xF0, 0x0F, 0xE0, 0x07, 0xE0,
    0x0F, 0xF0, 0x1F, 0xF0, 0x1F, 0xF8, 0x3E, 0xFC, 0x3E, 0x7C, 0x7C, 0x3E, 0xFC, 0x3E, 0x00, 0x1E,
    0x00, 0x1E, 0x00, 0xFE, 0x01, 0xFE, 0x01, 0xFC, 0x01, 0xF8, 0x00, 0x40, 0x7C, 0x01, 0xF3, 0xF0,
    0x1F, 0x8F, 0xC0, 0xF8, 0x3F, 0x0F, 0xC1, 0xF8, 0xFC, 0x07, 0xE7, 0xC0, 0x1F, 0x7E, 0x00, 0xFF,
    0xE0, 0x03, 0xFE, 0x00, 0xFF, 0xFE, 0x0F, 0xFF, 0xF8, 0x7F, 0xFF, 0xC3, 0xFF, 0xFE, 0x01, 0xFF,
    0x00, 0x1F, 0xFC, 0x00, 0xFB, 0xF0, 0x0F, 0xDF, 0x80, 0xFC, 0x7E, 0x07, 0xC1, 0xF8, 0x7E, 0x0F,
    0xC7, 0xE0, 0x3F, 0x3E, 0x00, 0xFC, 0x7C, 0x1F, 0x3F, 0x1F, 0x8F, 0x8F, 0x87, 0xEF, 0x81, 0xF7,
    0xC0, 0x7F, 0xC0, 0x3F, 0xE0, 0xFF, 0xFE, 0x7F, 0xFF, 0x07, 0xF8, 0x03, 0xFE, 0x03, 0xEF, 0x83,
    0xF7, 0xC1, 0xF1, 0xF1, 0xF0, 0xFD, 0xF8, 0x3E, 0x00, 0xFC, 0x00, 0x0F, 0xE0, 0x00, 0x7F, 0x80,
    0x03, 0xFC, 0x00, 0x3F, 0xE0, 0x01, 0xFF, 0x80, 0x0F, 0x7C, 0x00, 0xFB, 0xE0, 0x07, 0xDF, 0x80,
    0x7E, 0x7C, 0x03, 0xE3, 0xE0, 0x1F, 0x1F, 0x81, 0xF8, 0x7C, 0x0F, 0xFF, 0xE0, 0x7F, 0xFF, 0x87,
    0xFF, 0xFC, 0x3F, 0xFF, 0xE1, 0xFF, 0xFF, 0x9F, 0x80, 0x7C, 0xFC, 0x03, 0xF7, 0xC0, 0x1F, 0xFE,
    0x00, 0x7C, 0x00, 0x00, 0x00, 0x04, 0x00, 0x00, 0x78, 0x00, 0x07, 0xC0, 0x00, 0x3E, 0x00, 0x00,
    0xF0, 0x00, 0x02, 0x00, 0x00, 0x0F, 0xF0, 0x1F, 0xFC, 0x3F, 0xFE, 0x7F, 0xFE, 0x7C, 0x3E, 0x00,
    0x3E, 0x03, 0xFE, 0x1F, 0xFE, 0x3F, 0xFE, 0x7F, 0xBE, 0x7C, 0x3E, 0x78, 0x3E, 0x7C, 0x7E, 0x7F,
    0xFE, 0x7F, 0xFE, 0x3F, 0xDE, 0x07, 0x00, 0x00, 0x80, 0x03, 0xC0, 0x03, 0xE0, 0x03, 0xE0, 0x03,
    0xC0, 0x00, 0x80, 0x00, 0xE0, 0x00, 0x07, 0xC0, 0x00, 0x3F, 0x00, 0x00, 0x70, 0x00, 0x07, 0x80,
    0x00, 0x38, 0x00, 0x00, 0x00, 0x00, 0x1F, 0x80, 0x01, 0xFC, 0x00, 0x0F, 0xF0, 0x00, 0x7F, 0x80,
    0x07, 0xFC, 0x00, 0x3F, 0xF0, 0x01, 0xEF, 0x80, 0x1F, 0x7C, 0x00, 0xFB, 0xF0, 0x0F, 0xCF, 0x80,
    0x7C, 0x7C, 0x03, 0xE3, 0xF0, 0x3F, 0x0F, 0x81, 0xFF, 0xFC, 0x0F, 0xFF, 0xF0, 0xFF, 0xFF, 0x87,
    0xFF, 0xFC, 0x3F, 0xFF, 0xF3, 0xF0, 0x0F, 0x9F, 0x80, 0x7E, 0xF8, 0x03, 0xFF, 0xC0, 0x0F, 0x80,
    0x03, 0x00, 0x07, 0xE0, 0x07, 0xE0, 0x01, 0xE0, 0x01, 0xC0, 0x01, 0xC0, 0x00, 0x00, 0x0F, 0xF0,
    0x1F, 0xFC, 0x3F, 0xFE, 0x7F, 0xFE, 0x7C, 0x3E, 0x00, 0x3E, 0x03, 0xFE, 0x1F, 0xFE, 0x3F, 0xFE,
    0x7F, 0xBE, 0x7C, 0x3E, 0x78, 0x3E, 0x7C, 0x7E, 0x7F, 0xFE, 0x7F, 0xFE, 0x3F, 0xDE, 0x07, 0x00,
    0x00, 0x03, 0xC0, 0x00, 0x1E, 0x00, 0x01, 0xE0, 0x00, 0x0E, 0x00, 0x00, 0x60, 0x00, 0x7C, 0x00,
    0x07, 0xF0, 0x00, 0x7F, 0xC0, 0x03, 0xDF, 0x00, 0x3C, 0x7C, 0x00, 0x00, 0x00, 0x01, 0xF8, 0x00,
    0x1F, 0xC0, 0x00, 0xFF, 0x00, 0x07, 0xF8, 0x00, 0x7F, 0xC0, 0x03, 0xFF, 0x00, 0x1E, 0xF8, 0x01,
    0xF7, 0xC0, 0x0F, 0xBF, 0x00, 0xFC, 0xF8, 0x07, 0xC7, 0xC0, 0x3E, 0x3F, 0x03, 0xF0, 0xF8, 0x1F,
    0xFF, 0xC0, 0xFF, 0xFF, 0x0F, 0xFF, 0xF8, 0x7F, 0xFF, 0xC3, 0xFF, 0xFF, 0x3F, 0x00, 0xF9, 0xF8,
    0x07, 0xEF, 0x80, 0x3F, 0xFC, 0x00, 0xF8, 0x00, 0x0F, 0x00, 0x1E, 0x00, 0x1E, 0x00, 0x3C, 0x00,
    0x18, 0x03, 0xE0, 0x07, 0xF0, 0x0F, 0xF8, 0x1F, 0x7C, 0x1E, 0x3C, 0x00, 0x00, 0x0F, 0xF0, 0x1F,
    0xFC, 0x3F, 0xFE, 0x7F, 0xFE, 0x7C, 0x3E, 0x00, 0x3E, 0x03, 0xFE, 0x1F, 0xFE, 0x3F, 0xFE, 0x7F,
    0xBE, 0x7C, 0x3E, 0x78, 0x3E, 0x7C, 0x7E, 0x7F, 0xFE, 0x7F, 0xFE, 0x3F, 0xDE, 0x07, 0x00, 0x00,
    0x1E, 0x00, 0x00, 0x78, 0x00, 0x03, 0xC0, 0x00, 0x0F, 0x00, 0x00, 0x38, 0x00, 0x7C, 0x00, 0x07,
    0xF0, 0x00, 0x7F, 0xC0, 0x03, 0xDF, 0x00, 0x3C, 0x7C, 0x00, 0x00, 0x00, 0x01, 0xF8, 0x00, 0x1F,
    0xC0, 0x00, 0xFF, 0x00, 0x07, 0xF8, 0x00, 0x7F, 0xC0, 0x03, 0xFF, 0x00, 0x1E, 0xF8, 0x01, 0xF7,
    0xC0, 0x0F, 0xBF, 0x00, 0xFC, 0xF8, 0x07, 0xC7, 0xC0, 0x3E, 0x3F, 0x03, 0xF0, 0xF8, 0x1F, 0xFF,
    0xC0, 0xFF, 0xFF, 0x0F, 0xFF, 0xF8, 0x7F, 0xFF, 0xC3, 0xFF, 0xFF, 0x3F, 0x00, 0xF9, 0xF8, 0x07,
    0xEF, 0x80, 0x3F, 0xFC, 0x00, 0xF8, 0x00, 0x78, 0x00, 0x78, 0x00, 0x3C, 0x00, 0x1C, 0x00, 0x0C,
    0x03, 0xE0, 0x07, 0xF0, 0x0F, 0xF8, 0x1F, 0x7C, 0x1E, 0x3C, 0x00, 0x00, 0x0F, 0xF0, 0x1F, 0xFC,
    0x3F, 0xFE, 0x7F, 0xFE, 0x7C, 0x3E, 0x00, 0x3E, 0x03, 0xFE, 0x1F, 0xFE, 0x3F, 0xFE, 0x7F, 0xBE,
    0x7C, 0x3E, 0x78, 0x3E, 0x7C, 0x7E, 0x7F, 0xFE, 0x7F, 0xFE, 0x3F, 0xDE, 0x07, 0x00, 0x00, 0x1F,
    0x00, 0x00, 0xFC, 0x00, 0x03, 0xE0, 0x00, 0x0E, 0x00, 0x00, 0x60, 0x00, 0x7C, 0x00, 0x07, 0xF0,
    0x00, 0x7F, 0xC0, 0x03, 0xDF, 0x00, 0x3C, 0x7C, 0x00, 0x00, 0x00, 0x01, 0xF8, 0x00, 0x1F, 0xC0,
    0x00, 0xFF, 0x00, 0x07, 0xF8, 0x00, 0x7F, 0xC0, 0x03, 0xFF, 0x00, 0x1E, 0xF8, 0x01, 0xF7, 0xC0,
    0x0F, 0xBF, 0x00, 0xFC, 0xF8, 0x07, 0xC7, 0xC0, 0x3E, 0x3F, 0x03, 0xF0, 0xF8, 0x1F, 0xFF, 0xC0,
    0xFF, 0xFF, 0x0F, 0xFF, 0xF8, 0x7F, 0xFF, 0xC3, 0xFF, 0xFF, 0x3F, 0x00, 0xF9, 0xF8, 0x07, 0xEF,
    0x80, 0x3F, 0xFC, 0x00, 0xF8, 0x00, 0x78, 0x00, 0x7C, 0x00, 0x7C, 0x00, 0x3C, 0x00, 0x18, 0x03,
    0xE0, 0x07, 0xF0, 0x0F, 0xF8, 0x1F, 0x7C, 0x1E, 0x3C, 0x00, 0x00, 0x0F, 0xF0, 0x1F, 0xFC, 0x3F,
    0xFE, 0x7F, 0xFE, 0x7C, 0x3E, 0x00, 0x3E, 0x03, 0xFE, 0x1F, 0xFE, 0x3F, 0xFE, 0x7F, 0xBE, 0x7C,
    0x3E, 0x78, 0x3E, 0x7C, 0x7E, 0x7F, 0xFE, 0x7F, 0xFE, 0x3F, 0xDE, 0x07, 0x00, 0x01, 0xC7, 0x00,
    0x1F, 0xF8, 0x00, 0xFF, 0xC0, 0x07, 0x7C, 0x00, 0x00, 0x00, 0x00, 0x7C, 0x00, 0x07, 0xF0, 0x00,
    0x7F, 0xC0, 0x03, 0xDF, 0x00, 0x3C, 0x7C, 0x00, 0x00, 0x00, 0x01, 0xF8, 0x00, 0x1F, 0xC0, 0x00,
    0xFF, 0x00, 0x07, 0xF8, 0x00, 0x7F, 0xC0, 0x03, 0xFF, 0x00, 0x1E, 0xF8, 0x01, 0xF7, 0xC0, 0x0F,
    0xBF, 0x00, 0xFC, 0xF8, 0x07, 0xC7, 0xC0, 0x3E, 0x3F, 0x03, 0xF0, 0xF8, 0x1F, 0xFF, 0xC0, 0xFF,
    0xFF, 0x0F, 0xFF, 0xF8, 0x7F, 0xFF, 0xC3, 0xFF, 0xFF, 0x3F, 0x00, 0xF9, 0xF8, 0x07, 0xEF, 0x80,
    0x3F, 0xFC, 0x00, 0xF8, 0x07, 0x18, 0x0F, 0xFC, 0x1F, 0xF8, 0x1C, 0xF8, 0x00, 0x00, 0x03, 0xE0,
    0x07, 0xF0, 0x0F, 0xF8, 0x1F, 0x7C, 0x1E, 0x3C, 0x00, 0x00, 0x0F, 0xF0, 0x1F, 0xFC, 0x3F, 0xFE,
    0x7F, 0xFE, 0x7C, 0x3E, 0x00, 0x3E, 0x03, 0xFE, 0x1F, 0xFE, 0x3F, 0xFE, 0x7F, 0xBE, 0x7C, 0x3E,
    0x78, 0x3E, 0x7C, 0x7E, 0x7F, 0xFE, 0x7F, 0xFE, 0x3F, 0xDE, 0x07, 0x00, 0x00, 0x70, 0x00, 0x07,
    0xC0, 0x00, 0x7F, 0x00, 0x07, 0xFC, 0x00, 0x7C, 0xF0, 0x03, 0xC3, 0x80, 0x00, 0x00, 0x00, 0x1F,
    0x80, 0x01, 0xFC, 0x00, 0x0F, 0xF0, 0x00, 0x7F, 0x80, 0x07, 0xFC, 0x00, 0x3F, 0xF0, 0x01, 0xEF,
    0x80, 0x1F, 0x7C, 0x00, 0xFB, 0xF0, 0x0F, 0xCF, 0x80, 0x7C, 0x7C, 0x03, 0xE3, 0xF0, 0x3F, 0x0F,
    0x81, 0xFF, 0xFC, 0x0F, 0xFF, 0xF0, 0xFF, 0xFF, 0x87, 0xFF, 0xFC, 0x3F, 0xFF, 0xF3, 0xF0, 0x0F,
    0x9F, 0x80, 0x7E, 0xF8, 0x03, 0xFF, 0xC0, 0x0F, 0x80, 0x00, 0x00, 0x00, 0x80, 0x00, 0x0F, 0x00,
    0x00, 0xF8, 0x00, 0x07, 0xC0, 0x00, 0x1E, 0x00, 0x00, 0x40, 0x00, 0x01, 0xC0, 0x03, 0xE0, 0x07,
    0xF0, 0x0F, 0xF8, 0x1E, 0x7C, 0x1C, 0x3C, 0x00, 0x00, 0x0F, 0xF0, 0x1F, 0xFC, 0x3F, 0xFE, 0x7F,
    0xFE, 0x7C, 0x3E, 0x00, 0x3E, 0x03, 0xFE, 0x1F, 0xFE, 0x3F, 0xFE, 0x7F, 0xBE, 0x7C, 0x3E, 0x78,
    0x3E, 0x7C, 0x7E, 0x7F, 0xFE, 0x7F, 0xFE, 0x3F, 0xDE, 0x07, 0x00, 0x00, 0x80, 0x03, 0xC0, 0x03,
    0xE0, 0x03, 0xE0, 0x03, 0xC0, 0x00, 0x80, 0x00, 0x1E, 0x00, 0x01, 0xE0, 0x00, 0x0F, 0x00, 0x00,
    0xF0, 0x00, 0x03, 0x00, 0x01, 0xC3, 0x80, 0x0E, 0x3C, 0x00, 0x7F, 0xC0, 0x01, 0xFE, 0x00, 0x07,
    0xC0, 0x00, 0x00, 0x00, 0x01, 0xF8, 0x00, 0x1F, 0xC0, 0x00, 0xFF, 0x00, 0x07, 0xF8, 0x00, 0x7F,
    0xC0, 0x03, 0xFF, 0x00, 0x1E, 0xF8, 0x01, 0xF7, 0xC0, 0x0F, 0xBF, 0x00, 0xFC, 0xF8, 0x07, 0xC7,
    0xC0, 0x3E, 0x3F, 0x03, 0xF0, 0xF8, 0x1F, 0xFF, 0xC0, 0xFF, 0xFF, 0x0F, 0xFF, 0xF8, 0x7F, 0xFF,
    0xC3, 0xFF, 0xFF, 0x3F, 0x00, 0xF9, 0xF8, 0x07, 0xEF, 0x80, 0x3F, 0xFC, 0x00, 0xF8, 0x00, 0xF0,
    0x00, 0xF0, 0x01, 0xE0, 0x01, 0xE0, 0x01, 0xC0, 0x1C, 0x3C, 0x1E, 0x38, 0x0F, 0xF8, 0x0F, 0xF0,
    0x03, 0xE0, 0x00, 0x00, 0x0F, 0xF0, 0x1F, 0xFC, 0x3F, 0xFE, 0x7F, 0xFE, 0x7C, 0x3E, 0x00, 0x3E,
    0x03, 0xFE, 0x1F, 0xFE, 0x3F, 0xFE, 0x7F, 0xBE, 0x7C, 0x3E, 0x78, 0x3E, 0x7C, 0x7E, 0x7F, 0xFE,
    0x7F, 0xFE, 0x3F, 0xDE, 0x07, 0x00, 0x01, 0xE0, 0x00, 0x0F, 0x00, 0x00, 0x3C, 0x00, 0x00, 0xE0,
    0x00, 0x03, 0x00, 0x01, 0xC3, 0x80, 0x0E, 0x3C, 0x00, 0x7F, 0xC0, 0x01, 0xFE, 0x00, 0x07, 0xC0,
    0x00, 0x00, 0x00, 0x01, 0xF8, 0x00, 0x1F, 0xC0, 0x00, 0xFF, 0x00, 0x07, 0xF8, 0x00, 0x7F, 0xC0,
    0x03, 0xFF, 0x00, 0x1E, 0xF8, 0x01, 0xF7, 0xC0, 0x0F, 0xBF, 0x00, 0xFC, 0xF8, 0x07, 0xC7, 0xC0,
    0x3E, 0x3F, 0x03, 0xF0, 0xF8, 0x1F, 0xFF, 0xC0, 0xFF, 0xFF, 0x0F, 0xFF, 0xF8, 0x7F, 0xFF, 0xC3,
    0xFF, 0xFF, 0x3F, 0x00, 0xF9, 0xF8, 0x07, 0xEF, 0x80, 0x3F, 0xFC, 0x00, 0xF8, 0x0F, 0x00, 0x07,
    0x80, 0x07, 0x80, 0x03, 0xC0, 0x01, 0x80, 0x1C, 0x38, 0x1E, 0x38, 0x0F, 0xF8, 0x0F, 0xF0, 0x03,
    0xE0, 0x00, 0x00, 0x0F, 0xF0, 0x1F, 0xFC, 0x3F, 0xFE, 0x7F, 0xFE, 0x7C, 0x3E, 0x00, 0x3E, 0x03,
    0xFE, 0x1F, 0xFE, 0x3F, 0xFE, 0x7F, 0xBE, 0x7C, 0x3E, 0x78, 0x3E, 0x7C, 0x7E, 0x7F, 0xFE, 0x7F,
    0xFE, 0x3F, 0xDE, 0x07, 0x00, 0x00, 0xF8, 0x00, 0x07, 0xC0, 0x00, 0x3E, 0x00, 0x00, 0x70, 0x00,
    0x03, 0x00, 0x01, 0xC3, 0x80, 0x0E, 0x3C, 0x00, 0x7F, 0xC0, 0x01, 0xFE, 0x00, 0x07, 0xC0, 0x00,
    0x00, 0x00, 0x01, 0xF8, 0x00, 0x1F, 0xC0, 0x00, 0xFF, 0x00, 0x07, 0xF8, 0x00, 0x7F, 0xC0, 0x03,
    0xFF, 0x00, 0x1E, 0xF8, 0x01, 0xF7, 0xC0, 0x0F, 0xBF, 0x00, 0xFC, 0xF8, 0x07, 0xC7, 0xC0, 0x3E,
    0x3F, 0x03, 0xF0, 0xF8, 0x1F, 0xFF, 0xC0, 0xFF, 0xFF, 0x0F, 0xFF, 0xF8, 0x7F, 0xFF, 0xC3, 0xFF,
    0xFF, 0x3F, 0x00, 0xF9, 0xF8, 0x07, 0xEF, 0x80, 0x3F, 0xFC, 0x00, 0xF8, 0x03, 0xC0, 0x03, 0xE0,
    0x03, 0xE0, 0x01, 0xC0, 0x01, 0x80, 0x1C, 0x3C, 0x1E, 0x38, 0x0F, 0xF8, 0x0F, 0xF0, 0x03, 0xE0,
    0x00, 0x00, 0x0F, 0xF0, 0x1F, 0xFC, 0x3F, 0xFE, 0x7F, 0xFE, 0x7C, 0x3E, 0x00, 0x3E, 0x03, 0xFE,
    0x1F, 0xFE, 0x3F, 0xFE, 0x7F, 0xBE, 0x7C, 0x3E, 0x78, 0x3E, 0x7C, 0x7E, 0x7F, 0xFE, 0x7F, 0xFE,
    0x3F, 0xDE, 0x07, 0x00, 0x01, 0xC7, 0x00, 0x1F, 0xF8, 0x00, 0xFF, 0xC0, 0x07, 0x7C, 0x00, 0x00,
    0x00, 0x01, 0xC3, 0x80, 0x0E, 0x3C, 0x00, 0x7F, 0xC0, 0x01, 0xFE, 0x00, 0x07, 0xC0, 0x00, 0x00,
    0x00, 0x01, 0xF8, 0x00, 0x1F, 0xC0, 0x00, 0xFF, 0x00, 0x07, 0xF8, 0x00, 0x7F, 0xC0, 0x03, 0xFF,
    0x00, 0x1E, 0xF8, 0x01, 0xF7, 0xC0, 0x0F, 0xBF, 0x00, 0xFC, 0xF8, 0x07, 0xC7, 0xC0, 0x3E, 0x3F,
    0x03, 0xF0, 0xF8, 0x1F, 0xFF, 0xC0, 0xFF, 0xFF, 0x0F, 0xFF, 0xF8, 0x7F, 0xFF, 0xC3, 0xFF, 0xFF,
    0x3F, 0x00, 0xF9, 0xF8, 0x07, 0xEF, 0x80, 0x3F, 0xFC, 0x00, 0xF8, 0x07, 0x1C, 0x0F, 0xFC, 0x1F,
    0xF8, 0x1C, 0xF8, 0x00, 0x00, 0x1C, 0x38, 0x1E, 0x38, 0x0F, 0xF8, 0x07, 0xF0, 0x03, 0xE0, 0x00,
    0x00, 0x0F, 0xF0, 0x1F, 0xFC, 0x3F, 0xFE, 0x7F, 0xFE, 0x7C, 0x3E, 0x00, 0x3E, 0x03, 0xFE, 0x1F,
    0xFE, 0x3F, 0xFE, 0x7F, 0xBE, 0x7C, 0x3E, 0x78, 0x3E, 0x7C, 0x7E, 0x7F, 0xFE, 0x7F, 0xFE, 0x3F,
    0xDE, 0x07, 0x00, 0x00, 0x00, 0x00, 0x1C, 0x38, 0x00, 0xF3, 0xC0, 0x07, 0xFC, 0x00, 0x1F, 0xC0,
    0x00, 0x38, 0x00, 0x00, 0x00, 0x00, 0x1F, 0x80, 0x01, 0xFC, 0x00, 0x0F, 0xF0, 0x00, 0x7F, 0x80,
    0x07, 0xFC, 0x00, 0x3F, 0xF0, 0x01, 0xEF, 0x80, 0x1F, 0x7C, 0x00, 0xFB, 0xF0, 0x0F, 0xCF, 0x80,
    0x7C, 0x7C, 0x03, 0xE3, 0xF0, 0x3F, 0x0F, 0x81, 0xFF, 0xFC, 0x0F, 0xFF, 0xF0, 0xFF, 0xFF, 0x87,
    0xFF, 0xFC, 0x3F, 0xFF, 0xF3, 0xF0, 0x0F, 0x9F, 0x80, 0x7E, 0xF8, 0x03, 0xFF, 0xC0, 0x0F, 0x80,
    0x00, 0x00, 0x00, 0x80, 0x00, 0x0F, 0x00, 0x00, 0xF8, 0x00, 0x07, 0xC0, 0x00, 0x1E, 0x00, 0x00,
    0x40, 0x00, 0x00, 0x00, 0x1C, 0x3C, 0x1F, 0x78, 0x0F, 0xF8, 0x07, 0xF0, 0x01, 0xC0, 0x00, 0x00,
    0x0F, 0xF0, 0x1F, 0xFC, 0x3F, 0xFE, 0x7F, 0xFE, 0x7C, 0x3E, 0x00, 0x3E, 0x03, 0xFE, 0x1F, 0xFE,
    0x3F, 0xFE, 0x7F, 0xBE, 0x7C, 0x3E, 0x78, 0x3E, 0x7C, 0x7E, 0x7F, 0xFE, 0x7F, 0xFE, 0x3F, 0xDE,
    0x07, 0x00, 0x00, 0x80, 0x03, 0xC0, 0x03, 0xE0, 0x03, 0xE0, 0x03, 0xC0, 0x00, 0x80, 0x7F, 0xFE,
    0xFF, 0xFF, 0xFF, 0xFF, 0xFF, 0xFF, 0xFF, 0xFE, 0xFC, 0x00, 0xFC, 0x00, 0xFC, 0x00, 0xFC, 0x00,
    0xFF, 0xFE, 0xFF, 0xFE, 0xFF, 0xFE, 0xFF, 0xFE, 0xFC, 0x00, 0xFC, 0x00, 0xFC, 0x00, 0xFC, 0x00,
    0xFC, 0x00, 0xFF, 0xFF, 0xFF, 0xFF, 0xFF, 0xFF, 0xFF, 0xFF, 0x00, 0x00, 0x00, 0x00, 0x03, 0xC0,
    0x07, 0xE0, 0x07, 0xE0, 0x03, 0xC0, 0x01, 0x80, 0x0F, 0xE0, 0x1F, 0xF8, 0x3F, 0xFC, 0x7F, 0xFC,
    0xFC, 0x3E, 0xF8, 0x3E, 0xFF, 0xFE, 0xFF, 0xFE, 0xFF, 0xFF, 0xFF, 0xFE, 0xF8, 0x00, 0xF8, 0x1E,
    0x7E, 0x7E, 0x7F, 0xFE, 0x3F, 0xFC, 0x1F, 0xF0, 0x03, 0xC0, 0x01, 0x00, 0x07, 0xC0, 0x07, 0xC0,
    0x07, 0xC0, 0x07, 0xC0, 0x01, 0x00, 0x03, 0x00, 0x07, 0xE0, 0x07, 0xE0, 0x01, 0xE0, 0x01, 0xC0,
    0x01, 0x80, 0x00, 0x00, 0x7F, 0xFE, 0xFF, 0xFF, 0xFF, 0xFF, 0xFF, 0xFF, 0xFF, 0xFE, 0xFC, 0x00,
    0xFC, 0x00, 0xFC, 0x00, 0xFC, 0x00, 0xFF, 0xFE, 0xFF, 0xFE, 0xFF, 0xFE, 0xFF, 0xFE, 0xFC, 0x00,
    0xFC, 0x00, 0xFC, 0x00, 0xFC, 0x00, 0xFC, 0x00, 0xFF, 0xFF, 0xFF, 0xFF, 0xFF, 0xFF, 0xFF, 0xFF,
    0x07, 0x00, 0x0F, 0xC0, 0x0F, 0xC0, 0x01, 0xC0, 0x03, 0xC0, 0x03, 0x80, 0x00, 0x00, 0x0F, 0xE0,
    0x1F, 0xF8, 0x3F, 0xFC, 0x7F, 0xFC, 0xFC, 0x3E, 0xF8, 0x3E, 0xFF, 0xFE, 0xFF, 0xFE, 0xFF, 0xFF,
    0xFF, 0xFE, 0xF8, 0x00, 0xF8, 0x1E, 0x7E, 0x7E, 0x7F, 0xFE, 0x3F, 0xFC, 0x1F, 0xF0, 0x03, 0xC0,
    0x0F, 0x38, 0x1F, 0xF8, 0x1F, 0xF8, 0x1C, 0xF0, 0x00, 0x00, 0x00, 0x00, 0x7F, 0xFE, 0xFF, 0xFF,
    0xFF, 0xFF, 0xFF, 0xFF, 0xFF, 0xFE, 0xFC, 0x00, 0xFC, 0x00, 0xFC, 0x00, 0xFC, 0x00, 0xFF, 0xFE,
    0xFF, 0xFE, 0xFF, 0xFE, 0xFF, 0xFE, 0xFC, 0x00, 0xFC, 0x00, 0xFC, 0x00, 0xFC, 0x00, 0xFC, 0x00,
    0xFF, 0xFF, 0xFF, 0xFF, 0xFF, 0xFF, 0xFF, 0xFF, 0x0F, 0x38, 0x1F, 0xF8, 0x3F, 0xF0, 0x39, 0xF0,
    0x00, 0x00, 0x00, 0x00, 0x0F, 0xE0, 0x1F, 0xF8, 0x3F, 0xFC, 0x7F, 0xFC, 0xFC, 0x3E, 0xF8, 0x3E,
    0xFF, 0xFE, 0xFF, 0xFE, 0xFF, 0xFF, 0xFF, 0xFE, 0xF8, 0x00, 0xF8, 0x1E, 0x7E, 0x7E, 0x7F, 0xFE,
    0x3F, 0xFC, 0x1F, 0xF0, 0x03, 0xC0, 0x00, 0x0F, 0x00, 0x1E, 0x00, 0x1C, 0x00, 0x3C, 0x00, 0x38,
    0x03, 0xE0, 0x07, 0xE0, 0x0F, 0xF0, 0x1E, 0x78, 0x3E, 0x3C, 0x00, 0x00, 0x7F, 0xFE, 0xFF, 0xFF,
    0xFF, 0xFF, 0xFF, 0xFF, 0xFF, 0xFE, 0xFC, 0x00, 0xFC, 0x00, 0xFC, 0x00, 0xFC, 0x00, 0xFF, 0xFE,
    0xFF, 0xFE, 0xFF, 0xFE, 0xFF, 0xFE, 0xFC, 0x00, 0xFC, 0x00, 0xFC, 0x00, 0xFC, 0x00, 0xFC, 0x00,
    0xFF, 0xFF, 0xFF, 0xFF, 0xFF, 0xFF, 0xFF, 0xFF, 0x00, 0x1E, 0x00, 0x1E, 0x00, 0x3C, 0x00, 0x38,
    0x00, 0x30, 0x07, 0xC0, 0x0F, 0xE0, 0x1F, 0xF0, 0x3E, 0xF8, 0x3C, 0x78, 0x00, 0x00, 0x0F, 0xE0,
    0x1F, 0xF8, 0x3F, 0xFC, 0x7F, 0xFC, 0xFC, 0x3E, 0xF8, 0x3E, 0xFF, 0xFE, 0xFF, 0xFE, 0xFF, 0xFF,
    0xFF, 0xFE, 0xF8, 0x00, 0xF8, 0x1E, 0x7E, 0x7E, 0x7F, 0xFE, 0x3F, 0xFC, 0x1F, 0xF0, 0x03, 0xC0,
    0x00, 0x78, 0x00, 0x78, 0x00, 0x3C, 0x00, 0x3C, 0x00, 0x1C, 0x03, 0xE0, 0x07, 0xE0, 0x0F, 0xF0,
    0x1E, 0x78, 0x3E, 0x3C, 0x00, 0x00, 0x7F, 0xFE, 0xFF, 0xFF, 0xFF, 0xFF, 0xFF, 0xFF, 0xFF, 0xFE,
    0xFC, 0x00, 0xFC, 0x00, 0xFC, 0x00, 0xFC, 0x00, 0xFF, 0xFE, 0xFF, 0xFE, 0xFF, 0xFE, 0xFF, 0xFE,
    0xFC, 0x00, 0xFC, 0x00, 0xFC, 0x00, 0xFC, 0x00, 0xFC, 0x00, 0xFF, 0xFF, 0xFF, 0xFF, 0xFF, 0xFF,
    0xFF, 0xFF, 0x00, 0xF0, 0x00, 0x78, 0x00, 0x78, 0x00, 0x3C, 0x00, 0x18, 0x07, 0xC0, 0x0F, 0xE0,
    0x1F, 0xF0, 0x3E, 0xF8, 0x3C, 0x78, 0x00, 0x00, 0x0F, 0xE0, 0x1F, 0xF8, 0x3F, 0xFC, 0x7F, 0xFC,
    0xFC, 0x3E, 0xF8, 0x3E, 0xFF, 0xFE, 0xFF, 0xFE, 0xFF, 0xFF, 0xFF, 0xFE, 0xF8, 0x00, 0xF8, 0x1E,
    0x7E, 0x7E, 0x7F, 0xFE, 0x3F, 0xFC, 0x1F, 0xF0, 0x03, 0xC0, 0x00, 0x78, 0x00, 0x7C, 0x00, 0x7C,
    0x00, 0x38, 0x00, 0x30, 0x03, 0xE0, 0x07, 0xE0, 0x0F, 0xF0, 0x1E, 0x78, 0x3E, 0x3C, 0x00, 0x00,
    0x7F, 0xFE, 0xFF, 0xFF, 0xFF, 0xFF, 0xFF, 0xFF, 0xFF, 0xFE, 0xFC, 0x00, 0xFC, 0x00, 0xFC, 0x00,
    0xFC, 0x00, 0xFF, 0xFE, 0xFF, 0xFE, 0xFF, 0xFE, 0xFF, 0xFE, 0xFC, 0x00, 0xFC, 0x00, 0xFC, 0x00,
    0xFC, 0x00, 0xFC, 0x00, 0xFF, 0xFF, 0xFF, 0xFF, 0xFF, 0xFF, 0xFF, 0xFF, 0x00, 0xF8, 0x00, 0xF8,
    0x00, 0xF8, 0x00, 0x38, 0x00, 0x30, 0x07, 0xC0, 0x0F, 0xE0, 0x1F, 0xF0, 0x3E, 0xF8, 0x3C, 0x78,
    0x00, 0x00, 0x0F, 0xE0, 0x1F, 0xF8, 0x3F, 0xFC, 0x7F, 0xFC, 0xFC, 0x3E, 0xF8, 0x3E, 0xFF, 0xFE,
    0xFF, 0xFE, 0xFF, 0xFF, 0xFF, 0xFE, 0xF8, 0x00, 0xF8, 0x1E, 0x7E, 0x7E, 0x7F, 0xFE, 0x3F, 0xFC,
    0x1F, 0xF0, 0x03, 0xC0, 0x07, 0x18, 0x0F, 0xF8, 0x1F, 0xF8, 0x1D, 0xF0, 0x00, 0x00, 0x03, 0xE0,
    0x07, 0xE0, 0x0F, 0xF0, 0x1E, 0x78, 0x3E, 0x3C, 0x00, 0x00, 0x7F, 0xFE, 0xFF, 0xFF, 0xFF, 0xFF,
    0xFF, 0xFF, 0xFF, 0xFE, 0xFC, 0x00, 0xFC, 0x00, 0xFC, 0x00, 0xFC, 0x00, 0xFF, 0xFE, 0xFF, 0xFE,
    0xFF, 0xFE, 0xFF, 0xFE, 0xFC, 0x00, 0xFC, 0x00, 0xFC, 0x00, 0xFC, 0x00, 0xFC, 0x00, 0xFF, 0xFF,
    0xFF, 0xFF, 0xFF, 0xFF, 0xFF, 0xFF, 0x0E, 0x38, 0x1F, 0xF8, 0x1F, 0xF8, 0x3D, 0xF0, 0x00, 0x00,
    0x07, 0xC0, 0x0F, 0xE0, 0x1F, 0xF0, 0x3E, 0xF8, 0x3C, 0x78, 0x00, 0x00, 0x0F, 0xE0, 0x1F, 0xF8,
    0x3F, 0xFC, 0x7F, 0xFC, 0xFC, 0x3E, 0xF8, 0x3E, 0xFF, 0xFE, 0xFF, 0xFE, 0xFF, 0xFF, 0xFF, 0xFE,
    0xF8, 0x00, 0xF8, 0x1E, 0x7E, 0x7E, 0x7F, 0xFE, 0x3F, 0xFC, 0x1F, 0xF0, 0x03, 0xC0, 0x01, 0xC0,
    0x07, 0xE0, 0x0F, 0xF0, 0x1F, 0xF8, 0x1E, 0x7C, 0x1C, 0x38, 0x00, 0x00, 0x7F, 0xFE, 0xFF, 0xFF,
    0xFF, 0xFF, 0xFF, 0xFF, 0xFF, 0xFE, 0xFC, 0x00, 0xFC, 0x00, 0xFC, 0x00, 0xFC, 0x00, 0xFF, 0xFE,
    0xFF, 0xFE, 0xFF, 0xFE, 0xFF, 0xFE, 0xFC, 0x00, 0xFC, 0x00, 0xFC, 0x00, 0xFC, 0x00, 0xFC, 0x00,
    0xFF, 0xFF, 0xFF, 0xFF, 0xFF, 0xFF, 0xFF, 0xFF, 0x00, 0x00, 0x00, 0x00, 0x03, 0xC0, 0x07, 0xE0,
    0x07, 0xE0, 0x03, 0xC0, 0x01, 0x80, 0x03, 0x80, 0x07, 0xC0, 0x0F, 0xE0, 0x1E, 0xF0, 0x3E, 0x78,
    0x38, 0x38, 0x00, 0x00, 0x0F, 0xE0, 0x1F, 0xF8, 0x3F, 0xFC, 0x7F, 0xFC, 0xFC, 0x3E, 0xF8, 0x3E,
    0xFF, 0xFE, 0xFF, 0xFE, 0xFF, 0xFF, 0xFF, 0xFE, 0xF8, 0x00, 0xF8, 0x1E, 0x7E, 0x7E, 0x7F, 0xFE,
    0x3F, 0xFC, 0x1F, 0xF0, 0x03, 0xC0, 0x01, 0x00, 0x07, 0xC0, 0x07, 0xC0, 0x07, 0xC0, 0x07, 0xC0,
    0x01, 0x00, 0x63, 0xEF, 0xCF, 0x38, 0xC0, 0x1E, 0xFF, 0xFF, 0xFF, 0xFF, 0xFF, 0xFF, 0xFF, 0xFF,
    0xFF, 0xFF, 0xFF, 0xFF, 0xFF, 0xFF, 0xFF, 0xFC, 0xE3, 0xEF, 0xCF, 0x39, 0xC0, 0x3E, 0xFB, 0xEF,
    0xBE, 0xFB, 0xEF, 0xBE, 0xFB, 0xEF, 0xBE, 0xFB, 0xEF, 0x80, 0x7B, 0xFF, 0xFF, 0xFF, 0xFF, 0xFF,
    0xFF, 0xFF, 0xFF, 0xFF, 0xFF, 0xFF, 0xFF, 0xFF, 0xFF, 0xFF, 0xF0, 0x00, 0x7B, 0xFF, 0xDE, 0x30,
    0x21, 0xEF, 0xFF, 0x78, 0xC0, 0x3E, 0xFB, 0xEF, 0xBE, 0xFB, 0xEF, 0xBE, 0xFB, 0xEF, 0xBE, 0xFB,
    0xEF, 0x80, 0x01, 0xEF, 0xFF, 0x78, 0xC0, 0x01, 0xF8, 0x00, 0x3F, 0xF0, 0x07, 0xFF, 0xE0, 0x7F,
    0xFF, 0x83, 0xFF, 0xFE, 0x3F, 0x03, 0xF1, 0xF0, 0x0F, 0xDF, 0x80, 0x3E, 0xF8, 0x01, 0xF7, 0xC0,
    0x0F, 0xBE, 0x00, 0x7D, 0xF0, 0x03, 0xEF, 0x80, 0x1F, 0x7C, 0x00, 0xFB, 0xE0, 0x07, 0xDF, 0x80,
    0x7E, 0x7E, 0x03, 0xF3, 0xF8, 0x3F, 0x0F, 0xFF, 0xF0, 0x3F, 0xFF, 0x80, 0xFF, 0xF8, 0x03, 0xFF,
    0x00, 0x03, 0xC0, 0x00, 0x04, 0x00, 0x00, 0xF0, 0x00, 0x07, 0xC0, 0x00, 0x3E, 0x00, 0x01, 0xE0,
    0x00, 0x06, 0x00, 0x00, 0x0F, 0xF0, 0x1F, 0xF8, 0x3F, 0xFC, 0x7F, 0xFE, 0xFC, 0x3E, 0xF8, 0x3F,
    0xF8, 0x1F, 0xF8, 0x1F, 0xF8, 0x1F, 0xF8, 0x1F, 0xF8, 0x1F, 0xFC, 0x3E, 0x7E, 0xFE, 0x7F, 0xFC,
    0x3F, 0xFC, 0x1F, 0xF0, 0x03, 0xC0, 0x01, 0x00, 0x03, 0xC0, 0x07, 0xE0, 0x07, 0xE0, 0x03, 0xC0,
    0x01, 0x80, 0x00, 0xC0, 0x00, 0x0F, 0xC0, 0x00, 0x7E, 0x00, 0x00, 0xF0, 0x00, 0x07, 0x00, 0x00,
    0x38, 0x00, 0x00, 0x00, 0x00, 0x3F, 0x00, 0x07, 0xFE, 0x00, 0xFF, 0xFC, 0x0F, 0xFF, 0xF0, 0x7F,
    0xFF, 0xC7, 0xE0, 0x7E, 0x3E, 0x01, 0xFB, 0xF0, 0x07, 0xDF, 0x00, 0x3E, 0xF8, 0x01, 0xF7, 0xC0,
    0x0F, 0xBE, 0x00, 0x7D, 0xF0, 0x03, 0xEF, 0x80, 0x1F, 0x7C, 0x00, 0xFB, 0xF0, 0x0F, 0xCF, 0xC0,
    0x7E, 0x7F, 0x07, 0xE1, 0xFF, 0xFE, 0x07, 0xFF, 0xF0, 0x1F, 0xFF, 0x00, 0x7F, 0xE0, 0x00, 0x78,
    0x00, 0x07, 0x00, 0x07, 0xC0, 0x07, 0xE0, 0x01, 0xE0, 0x03, 0xC0, 0x03, 0x80, 0x00, 0x00, 0x0F,
    0xF0, 0x1F, 0xF8, 0x3F, 0xFC, 0x7F, 0xFE, 0xFC, 0x3E, 0xF8, 0x3F, 0xF8, 0x1F, 0xF8, 0x1F, 0xF8,
    0x1F, 0xF8, 0x1F, 0xF8, 0x1F, 0xFC, 0x3E, 0x7E, 0xFE, 0x7F, 0xFC, 0x3F, 0xFC, 0x1F, 0xF0, 0x03,
    0xC0, 0x00, 0x03, 0xC0, 0x00, 0x3C, 0x00, 0x01, 0xE0, 0x00, 0x1E, 0x00, 0x00, 0xE0, 0x00, 0x7C,
    0x00, 0x07, 0xF0, 0x00, 0x7F, 0x80, 0x07, 0x9E, 0x00, 0x7C, 0x78, 0x00, 0x00, 0x00, 0x03, 0xF0,
    0x00, 0x7F, 0xE0, 0x0F, 0xFF, 0xC0, 0xFF, 0xFF, 0x07, 0xFF, 0xFC, 0x7E, 0x07, 0xE3, 0xE0, 0x1F,
    0xBF, 0x00, 0x7D, 0xF0, 0x03, 0xEF, 0x80, 0x1F, 0x7C, 0x00, 0xFB, 0xE0, 0x07, 0xDF, 0x00, 0x3E,
    0xF8, 0x01, 0xF7, 0xC0, 0x0F, 0xBF, 0x00, 0xFC, 0xFC, 0x07, 0xE7, 0xF0, 0x7E, 0x1F, 0xFF, 0xE0,
    0x7F, 0xFF, 0x01, 0xFF, 0xF0, 0x07, 0xFE, 0x00, 0x07, 0x80, 0x00, 0x00, 0x1E, 0x00, 0x1E, 0x00,
    0x3C, 0x00, 0x38, 0x00, 0x38, 0x07, 0xC0, 0x07, 0xE0, 0x0F, 0xF0, 0x1E, 0x78, 0x3C, 0x7C, 0x00,
    0x00, 0x0F, 0xF0, 0x1F, 0xF8, 0x3F, 0xFC, 0x7F, 0xFE, 0xFC, 0x3E, 0xF8, 0x3F, 0xF8, 0x1F, 0xF8,
    0x1F, 0xF8, 0x1F, 0xF8, 0x1F, 0xF8, 0x1F, 0xFC, 0x3E, 0x7E, 0xFE, 0x7F, 0xFC, 0x3F, 0xFC, 0x1F,
    0xF0, 0x03, 0xC0, 0x00, 0x1E, 0x00, 0x00, 0xF0, 0x00, 0x03, 0xC0, 0x00, 0x0E, 0x00, 0x00, 0x30,
    0x00, 0x7C, 0x00, 0x07, 0xF0, 0x00, 0x7F, 0x80, 0x07, 0x9E, 0x00, 0x7C, 0x78, 0x00, 0x00, 0x00,
    0x03, 0xF0, 0x00, 0x7F, 0xE0, 0x0F, 0xFF, 0xC0, 0xFF, 0xFF, 0x07, 0xFF, 0xFC, 0x7E, 0x07, 0xE3,
    0xE0, 0x1F, 0xBF, 0x00, 0x7D, 0xF0, 0x03, 0xEF, 0x80, 0x1F, 0x7C, 0x00, 0xFB, 0xE0, 0x07, 0xDF,
    0x00, 0x3E, 0xF8, 0x01, 0xF7, 0xC0, 0x0F, 0xBF, 0x00, 0xFC, 0xFC, 0x07, 0xE7, 0xF0, 0x7E, 0x1F,
    0xFF, 0xE0, 0x7F, 0xFF, 0x01, 0xFF, 0xF0, 0x07, 0xFE, 0x00, 0x07, 0x80, 0x00, 0x00, 0xF0, 0x00,
    0x78, 0x00, 0x38, 0x00, 0x3C, 0x00, 0x1C, 0x07, 0xC0, 0x07, 0xE0, 0x0F, 0xF0, 0x1E, 0x78, 0x3C,
    0x7C, 0x00, 0x00, 0x0F, 0xF0, 0x1F, 0xF8, 0x3F, 0xFC, 0x7F, 0xFE, 0xFC, 0x3E, 0xF8, 0x3F, 0xF8,
    0x1F, 0xF8, 0x1F, 0xF8, 0x1F, 0xF8, 0x1F, 0xF8, 0x1F, 0xFC, 0x3E, 0x7E, 0xFE, 0x7F, 0xFC, 0x3F,
    0xFC, 0x1F, 0xF0, 0x03, 0xC0, 0x00, 0x1E, 0x00, 0x00, 0xF8, 0x00, 0x07, 0xC0, 0x00, 0x1C, 0x00,
    0x00, 0xC0, 0x00, 0x7C, 0x00, 0x07, 0xF0, 0x00, 0x7F, 0x80, 0x07, 0x9E, 0x00, 0x7C, 0x78, 0x00,
    0x00, 0x00, 0x03, 0xF0, 0x00, 0x7F, 0xE0, 0x0F, 0xFF, 0xC0, 0xFF, 0xFF, 0x07, 0xFF, 0xFC, 0x7E,
    0x07, 0xE3, 0xE0, 0x1F, 0xBF, 0x00, 0x7D, 0xF0, 0x03, 0xEF, 0x80, 0x1F, 0x7C, 0x00, 0xFB, 0xE0,
    0x07, 0xDF, 0x00, 0x3E, 0xF8, 0x01, 0xF7, 0xC0, 0x0F, 0xBF, 0x00, 0xFC, 0xFC, 0x07, 0xE7, 0xF0,
    0x7E, 0x1F, 0xFF, 0xE0, 0x7F, 0xFF, 0x01, 0xFF, 0xF0, 0x07, 0xFE, 0x00, 0x07, 0x80, 0x00, 0x00,
    0xF8, 0x00, 0xFC, 0x00, 0x7C, 0x00, 0x38, 0x00, 0x30, 0x07, 0xC0, 0x07, 0xE0, 0x0F, 0xF0, 0x1E,
    0x78, 0x3C, 0x7C, 0x00, 0x00, 0x0F, 0xF0, 0x1F, 0xF8, 0x3F, 0xFC, 0x7F, 0xFE, 0xFC, 0x3E, 0xF8,
    0x3F, 0xF8, 0x1F, 0xF8, 0x1F, 0xF8, 0x1F, 0xF8, 0x1F, 0xF8, 0x1F, 0xFC, 0x3E, 0x7E, 0xFE, 0x7F,
    0xFC, 0x3F, 0xFC, 0x1F, 0xF0, 0x03, 0xC0, 0x01, 0xC6, 0x00, 0x1F, 0xF0, 0x01, 0xFF, 0x80, 0x0E,
    0x78, 0x00, 0x00, 0x00, 0x00, 0x7C, 0x00, 0x07, 0xF0, 0x00, 0x7F, 0x80, 0x07, 0x9E, 0x00, 0x7C,
    0x78, 0x00, 0x00, 0x00, 0x03, 0xF0, 0x00, 0x7F, 0xE0, 0x0F, 0xFF, 0xC0, 0xFF, 0xFF, 0x07, 0xFF,
    0xFC, 0x7E, 0x07, 0xE3, 0xE0, 0x1F, 0xBF, 0x00, 0x7D, 0xF0, 0x03, 0xEF, 0x80, 0x1F, 0x7C, 0x00,
    0xFB, 0xE0, 0x07, 0xDF, 0x00, 0x3E, 0xF8, 0x01, 0xF7, 0xC0, 0x0F, 0xBF, 0x00, 0xFC, 0xFC, 0x07,
    0xE7, 0xF0, 0x7E, 0x1F, 0xFF, 0xE0, 0x7F, 0xFF, 0x01, 0xFF, 0xF0, 0x07, 0xFE, 0x00, 0x07, 0x80,
    0x00, 0x0E, 0x38, 0x1F, 0xF8, 0x1F, 0xF8, 0x1D, 0xF0, 0x00, 0x00, 0x07, 0xC0, 0x07, 0xE0, 0x0F,
    0xF0, 0x1E, 0x78, 0x3C, 0x7C, 0x00, 0x00, 0x0F, 0xF0, 0x1F, 0xF8, 0x3F, 0xFC, 0x7F, 0xFE, 0xFC,
    0x3E, 0xF8, 0x3F, 0xF8, 0x1F, 0xF8, 0x1F, 0xF8, 0x1F, 0xF8, 0x1F, 0xF8, 0x1F, 0xFC, 0x3E, 0x7E,
    0xFE, 0x7F, 0xFC, 0x3F, 0xFC, 0x1F, 0xF0, 0x03, 0xC0, 0x00, 0x70, 0x00, 0x0F, 0xC0, 0x00, 0xFF,
    0x00, 0x07, 0xFC, 0x00, 0x79, 0xF0, 0x03, 0x87, 0x80, 0x00, 0x00, 0x00, 0x3F, 0x00, 0x07, 0xFE,
    0x00, 0xFF, 0xFC, 0x0F, 0xFF, 0xF0, 0x7F, 0xFF, 0xC7, 0xE0, 0x7E, 0x3E, 0x01, 0xFB, 0xF0, 0x07,
    0xDF, 0x00, 0x3E, 0xF8, 0x01, 0xF7, 0xC0, 0x0F, 0xBE, 0x00, 0x7D, 0xF0, 0x03, 0xEF, 0x80, 0x1F,
    0x7C, 0x00, 0xFB, 0xF0, 0x0F, 0xCF, 0xC0, 0x7E, 0x7F, 0x07, 0xE1, 0xFF, 0xFE, 0x07, 0xFF, 0xF0,
    0x1F, 0xFF, 0x00, 0x7F, 0xE0, 0x00, 0x78, 0x00, 0x00, 0x80, 0x00, 0x1E, 0x00, 0x00, 0xF8, 0x00,
    0x07, 0xC0, 0x00, 0x3C, 0x00, 0x00, 0xC0, 0x00, 0x03, 0x80, 0x07, 0xE0, 0x0F, 0xF0, 0x1F, 0xF0,
    0x3E, 0x78, 0x3C, 0x38, 0x00, 0x00, 0x0F, 0xF0, 0x1F, 0xF8, 0x3F, 0xFC, 0x7F, 0xFE, 0xFC, 0x3E,
    0xF8, 0x3F, 0xF8, 0x1F, 0xF8, 0x1F, 0xF8, 0x1F, 0xF8, 0x1F, 0xF8, 0x1F, 0xFC, 0x3E, 0x7E, 0xFE,
    0x7F, 0xFC, 0x3F, 0xFC, 0x1F, 0xF0, 0x03, 0xC0, 0x01, 0x00, 0x03, 0xC0, 0x07, 0xE0, 0x07, 0xE0,
    0x03, 0xC0, 0x01, 0x80, 0x00, 0x1C, 0x00, 0x01, 0xF0, 0x00, 0x0F, 0x00, 0x00, 0xF0, 0x00, 0x07,
    0x8F, 0x00, 0x38, 0x7C, 0x00, 0x03, 0xE0, 0x3F, 0xFF, 0x07, 0xFF, 0xF0, 0xFF, 0xFF, 0x8F, 0xFF,
    0xF8, 0x7F, 0xFF, 0xC7, 0xE0, 0x7E, 0x3E, 0x01, 0xFB, 0xF0, 0x07, 0xDF, 0x00, 0x3E, 0xF8, 0x01,
    0xF7, 0xC0, 0x0F, 0xBE, 0x00, 0x7D, 0xF0, 0x03, 0xEF, 0x80, 0x1F, 0x7C, 0x00, 0xFB, 0xF0, 0x0F,
    0xCF, 0xC0, 0x7E, 0x7F, 0x07, 0xE1, 0xFF, 0xFE, 0x07, 0xFF, 0xF0, 0x1F, 0xFF, 0x00, 0x7F, 0xE0,
    0x00, 0x78, 0x00, 0x00, 0x70, 0x00, 0x78, 0x00, 0x7C, 0x00, 0x3C, 0xE0, 0x3C, 0x78, 0x1C, 0x3C,
    0x00, 0x1E, 0x1F, 0xFE, 0x1F, 0xFF, 0x1F, 0xFE, 0x1F, 0xFF, 0x9F, 0x87, 0xCF, 0x83, 0xF7, 0xC0,
    0xFB, 0xE0, 0x7D, 0xF0, 0x3E, 0xF8, 0x1F, 0x7C, 0x0F, 0xBF, 0x0F, 0x8F, 0xDF, 0xC7, 0xFF, 0xC1,
    0xFF, 0xE0, 0x7F, 0xC0, 0x07, 0x80, 0x03, 0x80, 0x00, 0x1E, 0x00, 0x00, 0xF8, 0x00, 0x03, 0xC0,
    0x00, 0x0F, 0x0F, 0x00, 0x38, 0x7C, 0x00, 0x03, 0xE0, 0x3F, 0xFF, 0x07, 0xFF, 0xF0, 0xFF, 0xFF,
    0x8F, 0xFF, 0xF8, 0x7F, 0xFF, 0xC7, 0xE0, 0x7E, 0x3E, 0x01, 0xFB, 0xF0, 0x07, 0xDF, 0x00, 0x3E,
    0xF8, 0x01, 0xF7, 0xC0, 0x0F, 0xBE, 0x00, 0x7D, 0xF0, 0x03, 0xEF, 0x80, 0x1F, 0x7C, 0x00, 0xFB,
    0xF0, 0x0F, 0xCF, 0xC0, 0x7E, 0x7F, 0x07, 0xE1, 0xFF, 0xFE, 0x07, 0xFF, 0xF0, 0x1F, 0xFF, 0x00,
    0x7F, 0xE0, 0x00, 0x78, 0x00, 0x0E, 0x00, 0x0F, 0x80, 0x03, 0xC0, 0x00, 0xF0, 0xE0, 0x78, 0x78,
    0x1C, 0x3C, 0x00, 0x1E, 0x1F, 0xFE, 0x1F, 0xFF, 0x1F, 0xFE, 0x1F, 0xFF, 0x9F, 0x87, 0xCF, 0x83,
    0xF7, 0xC0, 0xFB, 0xE0, 0x7D, 0xF0, 0x3E, 0xF8, 0x1F, 0x7C, 0x0F, 0xBF, 0x0F, 0x8F, 0xDF, 0xC7,
    0xFF, 0xC1, 0xFF, 0xE0, 0x7F, 0xC0, 0x07, 0x80, 0x00, 0xC0, 0x00, 0x0F, 0xC0, 0x00, 0x7E, 0x00,
    0x00, 0xF0, 0x00, 0x07, 0x0F, 0x00, 0x38, 0x7C, 0x00, 0x03, 0xE0, 0x3F, 0xFF, 0x07, 0xFF, 0xF0,
    0xFF, 0xFF, 0x8F, 0xFF, 0xF8, 0x7F, 0xFF, 0xC7, 0xE0, 0x7E, 0x3E, 0x01, 0xFB, 0xF0, 0x07, 0xDF,
    0x00, 0x3E, 0xF8, 0x01, 0xF7, 0xC0, 0x0F, 0xBE, 0x00, 0x7D, 0xF0, 0x03, 0xEF, 0x80, 0x1F, 0x7C,
    0x00, 0xFB, 0xF0, 0x0F, 0xCF, 0xC0, 0x7E, 0x7F, 0x07, 0xE1, 0xFF, 0xFE, 0x07, 0xFF, 0xF0, 0x1F,
    0xFF, 0x00, 0x7F, 0xE0, 0x00, 0x78, 0x00, 0x07, 0x00, 0x03, 0xE0, 0x01, 0xF8, 0x00, 0x3C, 0xE0,
    0x3C, 0x78, 0x1C, 0x3C, 0x00, 0x1E, 0x1F, 0xFE, 0x1F, 0xFF, 0x1F, 0xFE, 0x1F, 0xFF, 0x9F, 0x87,
    0xCF, 0x83, 0xF7, 0xC0, 0xFB, 0xE0, 0x7D, 0xF0, 0x3E, 0xF8, 0x1F, 0x7C, 0x0F, 0xBF, 0x0F, 0x8F,
    0xDF, 0xC7, 0xFF, 0xC1, 0xFF, 0xE0, 0x7F, 0xC0, 0x07, 0x80, 0x03, 0xCE, 0x00, 0x3F, 0xF0, 0x01,
    0xFF, 0x80, 0x0E, 0x79, 0xE0, 0x00, 0x0F, 0x80, 0x00, 0x7C, 0x07, 0xFF, 0xE0, 0xFF, 0xFE, 0x1F,
    0xFF, 0xF1, 0xFF, 0xFF, 0x0F, 0xFF, 0xF8, 0xFC, 0x0F, 0xC7, 0xC0, 0x3F, 0x7E, 0x00, 0xFB, 0xE0,
    0x07, 0xDF, 0x00, 0x3E, 0xF8, 0x01, 0xF7, 0xC0, 0x0F, 0xBE, 0x00, 0x7D, 0xF0, 0x03, 0xEF, 0x80,
    0x1F, 0x7E, 0x01, 0xF9, 0xF8, 0x0F, 0xCF, 0xE0, 0xFC, 0x3F, 0xFF, 0xC0, 0xFF, 0xFE, 0x03, 0xFF,
    0xE0, 0x0F, 0xFC, 0x00, 0x0F, 0x00, 0x00, 0x07, 0x30, 0x07, 0xF8, 0x03, 0xFD, 0xC1, 0x9C, 0xF0,
    0x00, 0x78, 0x00, 0x3C, 0x3F, 0xFC, 0x3F, 0xFE, 0x3F, 0xFC, 0x3F, 0xFF, 0x3F, 0x0F, 0x9F, 0x07,
    0xEF, 0x81, 0xF7, 0xC0, 0xFB, 0xE0, 0x7D, 0xF0, 0x3E, 0xF8, 0x1F, 0x7E, 0x1F, 0x1F, 0xBF, 0x8F,
    0xFF, 0x83, 0xFF, 0xC0, 0xFF, 0x80, 0x0F, 0x00, 0x00, 0x00, 0xF0, 0x00, 0x07, 0xC0, 0x00, 0x3E,
    0x03, 0xFF, 0xF0, 0x7F, 0xFF, 0x0F, 0xFF, 0xF8, 0xFF, 0xFF, 0x87, 0xFF, 0xFC, 0x7E, 0x07, 0xE3,
    0xE0, 0x1F, 0xBF, 0x00, 0x7D, 0xF0, 0x03, 0xEF, 0x80, 0x1F, 0x7C, 0x00, 0xFB, 0xE0, 0x07, 0xDF,
    0x00, 0x3E, 0xF8, 0x01, 0xF7, 0xC0, 0x0F, 0xBF, 0x00, 0xFC, 0xFC, 0x07, 0xE7, 0xF0, 0x7E, 0x1F,
    0xFF, 0xE0, 0x7F, 0xFF, 0x01, 0xFF, 0xF0, 0x07, 0xFE, 0x00, 0x07, 0x80, 0x00, 0x08, 0x00, 0x01,
    0xE0, 0x00, 0x0F, 0x80, 0x00, 0x7C, 0x00, 0x03, 0xC0, 0x00, 0x0C, 0x00, 0x00, 0x07, 0x00, 0x03,
    0xC0, 0x01, 0xE0, 0x00, 0xF0, 0xFF, 0xF0, 0xFF, 0xF8, 0xFF, 0xF0, 0xFF, 0xFC, 0xFC, 0x3E, 0x7C,
    0x1F, 0xBE, 0x07, 0xDF, 0x03, 0xEF, 0x81, 0xF7, 0xC0, 0xFB, 0xE0, 0x7D, 0xF8, 0x7C, 0x7E, 0xFE,
    0x3F, 0xFE, 0x0F, 0xFF, 0x03, 0xFE, 0x00, 0x3C, 0x00, 0x08, 0x00, 0x0F, 0x00, 0x0F, 0xC0, 0x07,
    0xE0, 0x01, 0xE0, 0x00, 0x60, 0x00, 0x78, 0x03, 0xDF, 0x80, 0x7F, 0xF0, 0x0F, 0xFE, 0x01, 0xFF,
    0xC0, 0x3F, 0xF8, 0x07, 0xFF, 0x00, 0xFF, 0xE0, 0x1F, 0xFC, 0x03, 0xFF, 0x80, 0x7F, 0xF0, 0x0F,
    0xFE, 0x01, 0xFF, 0xC0, 0x3F, 0xF8, 0x07, 0xFF, 0x00, 0xFB, 0xE0, 0x3F, 0x7C, 0x07, 0xCF, 0xC1,
    0xF9, 0xFF, 0xFF, 0x1F, 0xFF, 0xC1, 0xFF, 0xF0, 0x0F, 0xFC, 0x00, 0x3C, 0x00, 0x02, 0x00, 0x01,
    0xF0, 0x00, 0x3E, 0x00, 0x07, 0xC0, 0x00, 0xF8, 0x00, 0x04, 0x00, 0xF8, 0x1F, 0xF8, 0x1F, 0xF8,
    0x1F, 0xF8, 0x1F, 0xF8, 0x1F, 0xF8, 0x1F, 0xF8, 0x1F, 0xF8, 0x1F, 0xF8, 0x1F, 0xF8, 0x1F, 0xFC,
    0x3F, 0xFC, 0x3F, 0x7F, 0xFF, 0x7F, 0xFF, 0x3F, 0xFF, 0x1F, 0xDF, 0x06, 0x00, 0x00, 0x80, 0x03,
    0xC0, 0x07, 0xE0, 0x07, 0xE0, 0x03, 0xC0, 0x01, 0x80, 0x01, 0xC0, 0x00, 0x7E, 0x00, 0x0F, 0xC0,
    0x00, 0x38, 0x00, 0x0F, 0x00, 0x01, 0xC0, 0x00, 0x00, 0x03, 0xC0, 0x1E, 0xFC, 0x03, 0xFF, 0x80,
    0x7F, 0xF0, 0x0F, 0xFE, 0x01, 0xFF, 0xC0, 0x3F, 0xF8, 0x07, 0xFF, 0x00, 0xFF, 0xE0, 0x1F, 0xFC,
    0x03, 0xFF, 0x80, 0x7F, 0xF0, 0x0F, 0xFE, 0x01, 0xFF, 0xC0, 0x3F, 0xF8, 0x07, 0xDF, 0x01, 0xFB,
    0xE0, 0x3E, 0x7E, 0x0F, 0xCF, 0xFF, 0xF8, 0xFF, 0xFE, 0x0F, 0xFF, 0x80, 0x7F, 0xE0, 0x01, 0xE0,
    0x00, 0x03, 0x00, 0x07, 0xC0, 0x07, 0xE0, 0x01, 0xE0, 0x01, 0xC0, 0x01, 0x80, 0x00, 0x00, 0xF8,
    0x1F, 0xF8, 0x1F, 0xF8, 0x1F, 0xF8, 0x1F, 0xF8, 0x1F, 0xF8, 0x1F, 0xF8, 0x1F, 0xF8, 0x1F, 0xF8,
    0x1F, 0xF8, 0x1F, 0xFC, 0x3F, 0xFC, 0x3F, 0x7F, 0xFF, 0x7F, 0xFF, 0x3F, 0xFF, 0x1F, 0xDF, 0x06,
    0x00, 0x00, 0x3C, 0x00, 0x03, 0xE0, 0x00, 0x1E, 0x00, 0x01, 0xF0, 0x00, 0x0F, 0x07, 0x80, 0x70,
    0x3C, 0x00, 0x01, 0xEF, 0x00, 0x7F, 0xFC, 0x03, 0xFF, 0xE0, 0x1F, 0xFF, 0x00, 0xFD, 0xF8, 0x07,
    0xCF, 0xC0, 0x3E, 0x7E, 0x01, 0xF3, 0xF0, 0x0F, 0x9F, 0x80, 0x7C, 0xFC, 0x03, 0xE7, 0xE0, 0x1F,
    0x3F, 0x00, 0xF9, 0xF8, 0x07, 0xCF, 0xC0, 0x3E, 0x7E, 0x01, 0xF1, 0xF0, 0x1F, 0x8F, 0x80, 0xF8,
    0x7E, 0x0F, 0xC3, 0xFF, 0xFE, 0x0F, 0xFF, 0xE0, 0x3F, 0xFE, 0x00, 0x7F, 0xE0, 0x00, 0x78, 0x00,
    0x00, 0x70, 0x00, 0x3C, 0x00, 0x1F, 0x00, 0x07, 0x8F, 0x03, 0xC3, 0xC0, 0xF0, 0xF0, 0x00, 0x3F,
    0xE0, 0x7F, 0xF8, 0x1F, 0xFE, 0x07, 0xEF, 0x81, 0xF3, 0xE0, 0x7C, 0xF8, 0x1F, 0x3E, 0x07, 0xCF,
    0x81, 0xF3, 0xE0, 0x7C, 0xF8, 0x1F, 0x3F, 0x0F, 0xCF, 0xC3, 0xF1, 0xFF, 0xFC, 0x7F, 0xFF, 0x0F,
    0xFF, 0xC1, 0xFD, 0xF0, 0x18, 0x00, 0x07, 0x80, 0x00, 0x3E, 0x00, 0x00, 0xF0, 0x00, 0x07, 0xC0,
    0x00, 0x1E, 0x07, 0x80, 0x70, 0x3C, 0x00, 0x01, 0xEF, 0x00, 0x7F, 0xFC, 0x03, 0xFF, 0xE0, 0x1F,
    0xFF, 0x00, 0xFD, 0xF8, 0x07, 0xCF, 0xC0, 0x3E, 0x7E, 0x01, 0xF3, 0xF0, 0x0F, 0x9F, 0x80, 0x7C,
    0xFC, 0x03, 0xE7, 0xE0, 0x1F, 0x3F, 0x00, 0xF9, 0xF8, 0x07, 0xCF, 0xC0, 0x3E, 0x7E, 0x01, 0xF1,
    0xF0, 0x1F, 0x8F, 0x80, 0xF8, 0x7E, 0x0F, 0xC3, 0xFF, 0xFE, 0x0F, 0xFF, 0xE0, 0x3F, 0xFE, 0x00,
    0x7F, 0xE0, 0x00, 0x78, 0x00, 0x0E, 0x00, 0x07, 0xC0, 0x00, 0xF8, 0x00, 0x1E, 0x0F, 0x03, 0xC3,
    0xC0, 0xF0, 0xF0, 0x00, 0x3F, 0xE0, 0x7F, 0xF8, 0x1F, 0xFE, 0x07, 0xEF, 0x81, 0xF3, 0xE0, 0x7C,
    0xF8, 0x1F, 0x3E, 0x07, 0xCF, 0x81, 0xF3, 0xE0, 0x7C, 0xF8, 0x1F, 0x3F, 0x0F, 0xCF, 0xC3, 0xF1,
    0xFF, 0xFC, 0x7F, 0xFF, 0x0F, 0xFF, 0xC1, 0xFD, 0xF0, 0x18, 0x00, 0x01, 0xC0, 0x00, 0x1F, 0x80,
    0x00, 0xFC, 0x00, 0x00, 0xE0, 0x00, 0x0F, 0x07, 0x80, 0x70, 0x3C, 0x00, 0x01, 0xEF, 0x00, 0x7F,
    0xFC, 0x03, 0xFF, 0xE0, 0x1F, 0xFF, 0x00, 0xFD, 0xF8, 0x07, 0xCF, 0xC0, 0x3E, 0x7E, 0x01, 0xF3,
    0xF0, 0x0F, 0x9F, 0x80, 0x7C, 0xFC, 0x03, 0xE7, 0xE0, 0x1F, 0x3F, 0x00, 0xF9, 0xF8, 0x07, 0xCF,
    0xC0, 0x3E, 0x7E, 0x01, 0xF1, 0xF0, 0x1F, 0x8F, 0x80, 0xF8, 0x7E, 0x0F, 0xC3, 0xFF, 0xFE, 0x0F,
    0xFF, 0xE0, 0x3F, 0xFE, 0x00, 0x7F, 0xE0, 0x00, 0x78, 0x00, 0x03, 0x00, 0x01, 0xF0, 0x00, 0x7E,
    0x00, 0x07, 0x8F, 0x01, 0xC3, 0xC0, 0x60, 0xF0, 0x00, 0x3F, 0xE0, 0x7F, 0xF8, 0x1F, 0xFE, 0x07,
    0xEF, 0x81, 0xF3, 0xE0, 0x7C, 0xF8, 0x1F, 0x3E, 0x07, 0xCF, 0x81, 0xF3, 0xE0, 0x7C, 0xF8, 0x1F,
    0x3F, 0x0F, 0xCF, 0xC3, 0xF1, 0xFF, 0xFC, 0x7F, 0xFF, 0x0F, 0xFF, 0xC1, 0xFD, 0xF0, 0x18, 0x00,
    0x03, 0xCE, 0x00, 0x3F, 0xF0, 0x03, 0xFF, 0x00, 0x1C, 0xF8, 0xF0, 0x00, 0x07, 0x80, 0x00, 0x3D,
    0xE0, 0x0F, 0xFF, 0x80, 0x7F, 0xFC, 0x03, 0xFF, 0xE0, 0x1F, 0xBF, 0x00, 0xF9, 0xF8, 0x07, 0xCF,
    0xC0, 0x3E, 0x7E, 0x01, 0xF3, 0xF0, 0x0F, 0x9F, 0x80, 0x7C, 0xFC, 0x03, 0xE7, 0xE0, 0x1F, 0x3F,
    0x00, 0xF9, 0xF8, 0x07, 0xCF, 0xC0, 0x3E, 0x3E, 0x03, 0xF1, 0xF0, 0x1F, 0x0F, 0xC1, 0xF8, 0x7F,
    0xFF, 0xC1, 0xFF, 0xFC, 0x07, 0xFF, 0xC0, 0x0F, 0xFC, 0x00, 0x0F, 0x00, 0x00, 0x0F, 0x38, 0x07,
    0xFE, 0x01, 0xFF, 0xBC, 0x73, 0xCF, 0x00, 0x03, 0xC0, 0x00, 0xFF, 0x81, 0xFF, 0xE0, 0x7F, 0xF8,
    0x1F, 0xBE, 0x07, 0xCF, 0x81, 0xF3, 0xE0, 0x7C, 0xF8, 0x1F, 0x3E, 0x07, 0xCF, 0x81, 0xF3, 0xE0,
    0x7C, 0xFC, 0x3F, 0x3F, 0x0F, 0xC7, 0xFF, 0xF1, 0xFF, 0xFC, 0x3F, 0xFF, 0x07, 0xF7, 0xC0, 0x60,
    0x00, 0x00, 0x00, 0x78, 0x00, 0x03, 0xC0, 0x00, 0x1E, 0xF0, 0x07, 0xFF, 0xC0, 0x3F, 0xFE, 0x01,
    0xFF, 0xF0, 0x0F, 0xDF, 0x80, 0x7C, 0xFC, 0x03, 0xE7, 0xE0, 0x1F, 0x3F, 0x00, 0xF9, 0xF8, 0x07,
    0xCF, 0xC0, 0x3E, 0x7E, 0x01, 0xF3, 0xF0, 0x0F, 0x9F, 0x80, 0x7C, 0xFC, 0x03, 0xE7, 0xE0, 0x1F,
    0x1F, 0x01, 0xF8, 0xF8, 0x0F, 0x87, 0xE0, 0xFC, 0x3F, 0xFF, 0xE0, 0xFF, 0xFE, 0x03, 0xFF, 0xE0,
    0x07, 0xFE, 0x00, 0x07, 0x80, 0x00, 0x10, 0x00, 0x03, 0xE0, 0x00, 0x1F, 0x00, 0x00, 0xF8, 0x00,
    0x07, 0xC0, 0x00, 0x08, 0x00, 0x00, 0x03, 0xC0, 0x00, 0xF0, 0x00, 0x3C, 0x00, 0x0F, 0xF8, 0x1F,
    0xFE, 0x07, 0xFF, 0x81, 0xFB, 0xE0, 0x7C, 0xF8, 0x1F, 0x3E, 0x07, 0xCF, 0x81, 0xF3, 0xE0, 0x7C,
    0xF8, 0x1F, 0x3E, 0x07, 0xCF, 0xC3, 0xF3, 0xF0, 0xFC, 0x7F, 0xFF, 0x1F, 0xFF, 0xC3, 0xFF, 0xF0,
    0x7F, 0x7C, 0x06, 0x00, 0x00, 0x20, 0x00, 0x3C, 0x00, 0x1F, 0x80, 0x07, 0xE0, 0x00, 0xF0, 0x00,
    0x18, 0x00, 0x03, 0xC0, 0x00, 0x1F, 0x00, 0x00, 0x78, 0x00, 0x03, 0xE0, 0x00, 0x0F, 0x00, 0x00,
    0x38, 0x00, 0x00, 0x00, 0x0F, 0x80, 0x3E, 0x7C, 0x01, 0xF3, 0xF0, 0x1F, 0x8F, 0xC0, 0xF8, 0x7E,
    0x0F, 0xC1, 0xF8, 0x7C, 0x07, 0xC7, 0xE0, 0x3F, 0x7E, 0x00, 0xFB, 0xE0, 0x07, 0xFF, 0x00, 0x1F,
    0xF0, 0x00, 0x7F, 0x80, 0x03, 0xF8, 0x00, 0x0F, 0x80, 0x00, 0x7C, 0x00, 0x03, 0xE0, 0x00, 0x1F,
    0x00, 0x00, 0xF8, 0x00, 0x07, 0xC0, 0x00, 0x3E, 0x00, 0x01, 0xF0, 0x00, 0x0F, 0x80, 0x00, 0x0F,
    0x00, 0x07, 0xC0, 0x01, 0xE0, 0x00, 0xF8, 0x00, 0x3C, 0x00, 0x0E, 0x00, 0x00, 0x01, 0xF0, 0x1F,
    0xFC, 0x0F, 0xBE, 0x0F, 0x9F, 0x07, 0xC7, 0xC3, 0xE3, 0xE3, 0xE1, 0xF1, 0xF0, 0x7C, 0xF0, 0x3E,
    0xF8, 0x1F, 0x7C, 0x07, 0xFC, 0x03, 0xFE, 0x00, 0xFF, 0x00, 0x7F, 0x00, 0x3F, 0x80, 0x0F, 0x80,
    0x07, 0xC0, 0x03, 0xE0, 0x1F, 0xE0, 0x0F, 0xF0, 0x07, 0xF0, 0x07, 0xF0, 0x00, 0x00, 0x00, 0x7C,
    0x01, 0xF3, 0xE0, 0x0F, 0x9F, 0x80, 0xFC, 0x7E, 0x07, 0xC3, 0xF0, 0x7E, 0x0F, 0xC3, 0xE0, 0x3E,
    0x3F, 0x01, 0xFB, 0xF0, 0x07, 0xDF, 0x00, 0x3F, 0xF8, 0x00, 0xFF, 0x80, 0x03, 0xFC, 0x00, 0x1F,
    0xC0, 0x00, 0x7C, 0x00, 0x03, 0xE0, 0x00, 0x1F, 0x00, 0x00, 0xF8, 0x00, 0x07, 0xC0, 0x00, 0x3E,
    0x00, 0x01, 0xF0, 0x00, 0x0F, 0x80, 0x00, 0x7C, 0x00, 0x00, 0x00, 0x00, 0x04, 0x00, 0x00, 0xF8,
    0x00, 0x07, 0xC0, 0x00, 0x3E, 0x00, 0x01, 0xF0, 0x00, 0x02, 0x00, 0x00, 0xF8, 0x0F, 0xFE, 0x07,
    0xDF, 0x07, 0xCF, 0x83, 0xE3, 0xE1, 0xF1, 0xF1, 0xF0, 0xF8, 0xF8, 0x3E, 0x78, 0x1F, 0x7C, 0x0F,
    0xBE, 0x03, 0xFE, 0x01, 0xFF, 0x00, 0x7F, 0x80, 0x3F, 0x80, 0x1F, 0xC0, 0x07, 0xC0, 0x03, 0xE0,
    0x01, 0xF2, 0x0F, 0xF7, 0xC7, 0xFB, 0xE3, 0xF9, 0xF3, 0xF8, 0xF8, 0x00, 0x10, 0x00, 0xE0, 0x00,
    0x0F, 0xC0, 0x00, 0x7E, 0x00, 0x00, 0x70, 0x00, 0x07, 0x80, 0x00, 0x38, 0x00, 0x00, 0x00, 0x0F,
    0x80, 0x3E, 0x7C, 0x01, 0xF3, 0xF0, 0x1F, 0x8F, 0xC0, 0xF8, 0x7E, 0x0F, 0xC1, 0xF8, 0x7C, 0x07,
    0xC7, 0xE0, 0x3F, 0x7E, 0x00, 0xFB, 0xE0, 0x07, 0xFF, 0x00, 0x1F, 0xF0, 0x00, 0x7F, 0x80, 0x03,
    0xF8, 0x00, 0x0F, 0x80, 0x00, 0x7C, 0x00, 0x03, 0xE0, 0x00, 0x1F, 0x00, 0x00, 0xF8, 0x00, 0x07,
    0xC0, 0x00, 0x3E, 0x00, 0x01, 0xF0, 0x00, 0x0F, 0x80, 0x00, 0x03, 0x80, 0x03, 0xF0, 0x01, 0xF8,
    0x00, 0x1C, 0x00, 0x1E, 0x00, 0x0E, 0x00, 0x00, 0x01, 0xF0, 0x1F, 0xFC, 0x0F, 0xBE, 0x0F, 0x9F,
    0x07, 0xC7, 0xC3, 0xE3, 0xE3, 0xE1, 0xF1, 0xF0, 0x7C, 0xF0, 0x3E, 0xF8, 0x1F, 0x7C, 0x07, 0xFC,
    0x03, 0xFE, 0x00, 0xFF, 0x00, 0x7F, 0x00, 0x3F, 0x80, 0x0F, 0x80, 0x07, 0xC0, 0x03, 0xE0, 0x1F,
    0xE0, 0x0F, 0xF0, 0x07, 0xF0, 0x07, 0xF0, 0x00, 0x00, 0x00, 0x01, 0xE7, 0x00, 0x1F, 0xF8, 0x01,
    0xFF, 0x80, 0x0E, 0x7C, 0x00, 0x00, 0x00, 0x00, 0x00, 0x01, 0xF0, 0x07, 0xCF, 0x80, 0x3E, 0x7E,
    0x03, 0xF1, 0xF8, 0x1F, 0x0F, 0xC1, 0xF8, 0x3F, 0x0F, 0x80, 0xF8, 0xFC, 0x07, 0xEF, 0xC0, 0x1F,
    0x7C, 0x00, 0xFF, 0xE0, 0x03, 0xFE, 0x00, 0x0F, 0xF0, 0x00, 0x7F, 0x00, 0x01, 0xF0, 0x00, 0x0F,
    0x80, 0x00, 0x7C, 0x00, 0x03, 0xE0, 0x00, 0x1F, 0x00, 0x00, 0xF8, 0x00, 0x07, 0xC0, 0x00, 0x3E,
    0x00, 0x01, 0xF0, 0x00, 0x07, 0x9C, 0x07, 0xFE, 0x07, 0xFE, 0x03, 0x9F, 0x00, 0x00, 0x00, 0x00,
    0x03, 0xE0, 0x3F, 0xF8, 0x1F, 0x7C, 0x1F, 0x3E, 0x0F, 0x8F, 0x87, 0xC7, 0xC7, 0xC3, 0xE3, 0xE0,
    0xF9, 0xE0, 0x7D, 0xF0, 0x3E, 0xF8, 0x0F, 0xF8, 0x07, 0xFC, 0x01, 0xFE, 0x00, 0xFE, 0x00, 0x7F,
    0x00, 0x1F, 0x00, 0x0F, 0x80, 0x07, 0xC0, 0x3F, 0xC0, 0x1F, 0xE0, 0x0F, 0xE0, 0x0F, 0xE0, 0x00,
    0x00, 0x00, 0x7F, 0xEF, 0xFD, 0xFF, 0xBF, 0xF0, 0x00, 0x7F, 0xEF, 0xFD, 0xFF, 0xBF, 0xF0, 0x00,
    0x7F, 0xFF, 0xDF, 0xFF, 0xF7, 0xFF, 0xFD, 0xFF, 0xFF, 0x7F, 0xFF, 0xC0, 0xFF, 0xFF, 0xFF, 0xFF,
    0xFF, 0xFF, 0xFF, 0xF0, 0x00, 0x00, 0xFF, 0xFF, 0xFF, 0xFB, 0xFF, 0xFF, 0xFF, 0xFF, 0xFF, 0xFF,
    0xFF, 0xFF, 0xFF, 0xFF, 0xFF, 0x00, 0x00, 0x00, 0x00, 0xFF, 0xFF, 0xFF, 0xFB, 0xFF, 0xFF, 0xFF,
    0xFF, 0xFF, 0xFF, 0xFF, 0xFF, 0xFF, 0xFF, 0xFF, 0x00, 0x00, 0x00, 0x00, 0x00, 0x3E, 0xFF, 0xBF,
    0xEF, 0xFB, 0xFE, 0xFF, 0xBF, 0xEF, 0xFB, 0xFE, 0xFF, 0xBF, 0xEF, 0xFB, 0xFE, 0xFF, 0xBF, 0xEF,
    0xFB, 0xFE, 0xFF, 0xBF, 0xEF, 0xFB, 0xFE, 0xFF, 0xBF, 0xEF, 0xFB, 0xFE, 0xFF, 0xBF, 0xEF, 0xFB,
    0xFE, 0xFF, 0xBF, 0xEF, 0xFB, 0xFE, 0xFF, 0xBF, 0xEF, 0xFF, 0xFF, 0xFF, 0xFF, 0xFF, 0xBF, 0xFE,
    0xFF, 0xFF, 0xFF, 0xF0, 0x18, 0xF3, 0xDE, 0x79, 0xE7, 0xBE, 0xFB, 0xE0, 0x79, 0xF7, 0x9E, 0xFB,
    0xCF, 0x3C, 0xF3, 0x80, 0x3D, 0xF7, 0xDE, 0x79, 0xEF, 0xBC, 0xF3, 0xC0, 0xF3, 0xEF, 0xBE, 0x79,
    0xE7, 0x8F, 0x3C, 0xF0, 0x18, 0x71, 0xE3, 0x8F, 0x3C, 0xF1, 0xE7, 0x8F, 0x3C, 0xF9, 0xE7, 0xDF,
    0x3C, 0xFB, 0xE7, 0xDF, 0x00, 0x78, 0xF7, 0xDF, 0x79, 0xF7, 0x9E, 0xF9, 0xEF, 0x1E, 0xF3, 0xEF,
    0x3C, 0xF3, 0xCE, 0x3C, 0x3C, 0xF3, 0xEF, 0x9F, 0x7C, 0xF3, 0xE7, 0x9E, 0x3C, 0xF3, 0xE7, 0x9E,
    0x3C, 0xF1, 0xC7, 0x8E, 0x00, 0xF3, 0xEF, 0xBE, 0xFB, 0xEF, 0x9E, 0x79, 0xE7, 0x9F, 0x78, 0xF3,
    0xCF, 0x3C, 0xF3, 0xC7, 0x07, 0x00, 0x7C, 0x03, 0xE0, 0x1F, 0x00, 0xF8, 0x7F, 0xFF, 0xFF, 0xFF,
    0xFF, 0x0F, 0x80, 0x7C, 0x03, 0xE0, 0x1F, 0x00, 0xF8, 0x07, 0x80, 0x1C, 0x00, 0xE0, 0x07, 0x00,
    0x07, 0x00, 0x7C, 0x03, 0xE0, 0x1F, 0x0F, 0xFF, 0xFF, 0xFF, 0xFF, 0xFF, 0xFF, 0x0F, 0x80, 0x7C,
    0x03, 0xE1, 0xFF, 0xFF, 0xFF, 0xFF, 0xFF, 0xFF, 0xE1, 0xF0, 0x0F, 0x80, 0x7C, 0x03, 0xE0, 0x1E,
    0x00, 0x70, 0x03, 0x80, 0x3F, 0x1F, 0xEF, 0xFB, 0xFF, 0xFF, 0xFF, 0xFF, 0xF9, 0xFE, 0x3F, 0x00,
    0x00, 0x00, 0x60, 0x3C, 0x1F, 0x8F, 0xE7, 0xFB, 0xF9, 0xF8, 0xF0, 0x60, 0x00, 0x00, 0x73, 0xEF,
    0xBE, 0xF8, 0x80, 0x70, 0x39, 0xF0, 0xFB, 0xE1, 0xFF, 0xC3, 0xEF, 0x87, 0xC4, 0x03, 0x00, 0x70,
    0x38, 0x1C, 0xF8, 0x7C, 0x3E, 0xF8, 0x7E, 0x3F, 0xF8, 0x7C, 0x3F, 0xF8, 0x7C, 0x1E, 0x20, 0x18,
    0x0C, 0x73, 0xEF, 0xBE, 0xF8, 0x80, 0x1E, 0x00, 0x38, 0x00, 0x03, 0xF8, 0x07, 0x80, 0x00, 0x7F,
    0xC0, 0x78, 0x00, 0x0F, 0xBC, 0x0F, 0x00, 0x00, 0xF3, 0xC1, 0xE0, 0x00, 0x0F, 0x3C, 0x1C, 0x00,
    0x00, 0xF3, 0xC3, 0xC0, 0x00, 0x0F, 0x3C, 0x78, 0x00, 0x00, 0x7F, 0xC7, 0x00, 0x00, 0x07, 0xF8,
    0xF0, 0x00, 0x00, 0x3F, 0x1E, 0x00, 0x00, 0x00, 0x03, 0xC1, 0x80, 0x30, 0x00, 0x3C, 0x7E, 0x0F,
    0xC0, 0x07, 0x8F, 0xF1, 0xFE, 0x00, 0xF1, 0xFF, 0xBF, 0xE0, 0x0F, 0x1E, 0x7B, 0xCF, 0x01, 0xE1,
    0xE7, 0xB8, 0xF0, 0x3C, 0x1E, 0x7B, 0x8F, 0x03, 0xC1, 0xE7, 0xBC, 0xF0, 0x78, 0x1F, 0xFB, 0xFF,
    0x0F, 0x00, 0xFF, 0x1F, 0xE0, 0xE0, 0x07, 0xE1, 0xFC, 0x00, 0x00, 0x3C, 0x07, 0x00, 0x1E, 0x00,
    0x38, 0x00, 0x00, 0x00, 0x7F, 0x00, 0xF0, 0x00, 0x00, 0x01, 0xFF, 0x01, 0xE0, 0x00, 0x00, 0x07,
    0xDE, 0x07, 0x80, 0x00, 0x00, 0x0F, 0x3C, 0x1E, 0x00, 0x00, 0x00, 0x1E, 0x78, 0x38, 0x00, 0x00,
    0x00, 0x3C, 0xF0, 0xF0, 0x00, 0x00, 0x00, 0x79, 0xE3, 0xC0, 0x00, 0x00, 0x00, 0x7F, 0xC7, 0x00,
    0x00, 0x00, 0x00, 0xFF, 0x1E, 0x00, 0x00, 0x00, 0x00, 0xFC, 0x78, 0x00, 0x00, 0x00, 0x00, 0x01,
    0xE0, 0xC0, 0x18, 0x03, 0x00, 0x03, 0xC7, 0xE0, 0xFC, 0x3F, 0x80, 0x0F, 0x1F, 0xE3, 0xFC, 0x7F,
    0x80, 0x3C, 0x7F, 0xEF, 0xF9, 0xFF, 0x00, 0x78, 0xF3, 0xDE, 0x7B, 0xCF, 0x01, 0xE1, 0xE7, 0xB8,
    0xF7, 0x1E, 0x07, 0x83, 0xCF, 0x71, 0xEE, 0x3C, 0x0F, 0x07, 0x9E, 0xF3, 0xDC, 0x78, 0x3C, 0x0F,
    0xFD, 0xFF, 0xBF, 0xE0, 0xF0, 0x0F, 0xF1, 0xFE, 0x7F, 0xC1, 0xC0, 0x0F, 0xC3, 0xF8, 0x7F, 0x00,
    0x00, 0x0F, 0x01, 0xC0, 0x38, 0x00, 0x79, 0xE7, 0x9E, 0x79, 0xEF, 0x3C, 0xF0, 0x78, 0x79, 0xE1,
    0xE7, 0x87, 0x9E, 0x1E, 0x78, 0xF9, 0xE3, 0xCF, 0x0F, 0x3C, 0x3C, 0xF0, 0xF0, 0x78, 0x78, 0x7B,
    0xC3, 0xC3, 0xDE, 0x1E, 0x3E, 0xF0, 0xF1, 0xF7, 0x8F, 0x8F, 0x3C, 0x78, 0x7B, 0xC3, 0xC3, 0xDE,
    0x1E, 0x1E, 0xF0, 0xF0, 0xF0, 0x73, 0xE7, 0x9E, 0x79, 0xE7, 0x8E, 0x3C, 0x70, 0xF3, 0xE3, 0xE7,
    0x8F, 0x9E, 0x1E, 0x78, 0x79, 0xE1, 0xE7, 0x87, 0x8E, 0x1E, 0x3C, 0x38, 0x70, 0xF0, 0xF7, 0xC7,
    0xC7, 0xDE, 0x3E, 0x3E, 0xF0, 0xF1, 0xF7, 0x87, 0x87, 0xBC, 0x3C, 0x3D, 0xE1, 0xE1, 0xE7, 0x0F,
    0x0F, 0x3C, 0x38, 0x78, 0x07, 0x80, 0x3F, 0x01, 0xFC, 0x07, 0xF8, 0x3C, 0xF1, 0xE3, 0xE7, 0x87,
    0x80, 0x03, 0xC0, 0xF8, 0x3E, 0x0F, 0x83, 0xF0, 0xFC, 0x3F, 0x07, 0xC0, 0x7C, 0x07, 0xC0, 0xFC,
    0x0F, 0xC0, 0xFC, 0x0F, 0x80, 0x7C, 0x07, 0xE0, 0x3F, 0x01, 0xF0, 0x0F, 0x80, 0xFC, 0x07, 0xE0,
    0x3E, 0x07, 0xE0, 0xFC, 0x1F, 0x81, 0xF0, 0x3E, 0x07, 0xC0, 0x00, 0xE0, 0x00, 0x1F, 0x00, 0x05,
    0xF2, 0x00, 0xFF, 0x70, 0x1F, 0x7F, 0x81, 0xF9, 0xF8, 0x0F, 0xFE, 0x07, 0xFF, 0xFE, 0xFB, 0xFB,
    0xEF, 0xBF, 0xBE, 0xFF, 0xFF, 0xE3, 0xFF, 0xE8, 0x1F, 0xBF, 0x01, 0xF1, 0xF8, 0x1F, 0xFF, 0x00,
    0xDF, 0x60, 0x01, 0xF0, 0x00, 0x0F, 0x00, 0x00, 0x00, 0x00, 0xF8, 0x3D, 0xF0, 0xFF, 0xE1, 0xFF,
    0xC3, 0xEF, 0x87, 0xDF, 0x0F, 0xBE, 0x1F, 0x7C, 0x3E, 0xF8, 0x7D, 0xF0, 0xFB, 0xE1, 0xF7, 0xC3,
    0xEF, 0x87, 0xDF, 0x07, 0xBE, 0x0F, 0x7C, 0x1E, 0x00, 0x00, 0xE0, 0x73, 0xE1, 0xF7, 0xC3, 0xFF,
    0x87, 0xFF, 0x07, 0x88, 0x06, 0x00, 0x0F, 0xC0, 0xFF, 0xC7, 0xFF, 0xBF, 0xFF, 0xFC, 0xFF, 0xE1,
    0xFF, 0x07, 0xC3, 0xDF, 0x0F, 0xFC, 0x3F, 0xE0, 0xFF, 0x03, 0xF8, 0x0F, 0xC0, 0x3E, 0x00, 0x78,
    0x01, 0xE0, 0x00, 0x00, 0x1C, 0x00, 0xF8, 0x03, 0xE0, 0x0F, 0x80, 0x3E, 0x00, 0x20, 0x00, 0xFF,
    0xFF, 0xFF, 0xFF, 0xFF, 0xFF, 0xFF, 0xE0, 0x20, 0x00, 0x02, 0x7C, 0x00, 0x1F, 0x7F, 0xFF, 0xFF,
    0x3F, 0xFF, 0xFE, 0x1F, 0xFF, 0xF8, 0x03, 0xFF, 0xE0, 0x00, 0x1C, 0x00, 0x03, 0xFF, 0xE0, 0x1F,
    0xFF, 0xFC, 0x3F, 0xFF, 0xFE, 0x7F, 0x80, 0xFF, 0x78, 0x00, 0x0F, 0x00, 0x00, 0x00, 0x00, 0xC0,
    0x1F, 0x01, 0xF0, 0x3E, 0x03, 0xC0, 0x7C, 0x0F, 0x80, 0xF8, 0x1F, 0x01, 0xF0, 0x3F, 0x87, 0xF8,
    0x7F, 0xCF, 0xBE, 0xF1, 0xE7, 0x1C, 0x00, 0xC0, 0x00, 0xFE, 0x00, 0x7F, 0x80, 0x1F, 0xF0, 0x07,
    0xFC, 0x01, 0xFE, 0x00, 0x7F, 0x80, 0x0F, 0xC0, 0x00, 0xC0, 0x0F, 0x87, 0xC7, 0xF3, 0xF9, 0xFC,
    0xFE, 0xFF, 0xFF, 0xFF, 0xFF, 0xF7, 0xF3, 0xF9, 0xFC, 0xFF, 0x3E, 0x1F, 0x82, 0x01, 0x00, 0x7F,
    0xFF, 0xFF, 0xFF, 0xF7, 0xF8, 0x00, 0x01, 0xC0, 0x00, 0xF0, 0x00, 0x78, 0x00, 0x3C, 0x00, 0x0F,
    0x00, 0x07, 0x80, 0x03, 0xC0, 0x00, 0xF0, 0x00, 0x78, 0x00, 0x3C, 0x00, 0x0F, 0x00, 0x07, 0x80,
    0x03, 0xC0, 0x00, 0xE0, 0x00, 0x78, 0x00, 0x3C, 0x00, 0x0E, 0x00, 0x07, 0x80, 0x03, 0xC0, 0x01,
    0xE0, 0x00, 0x78, 0x00, 0x3C, 0x00, 0x00, 0xFF, 0xFF, 0xFF, 0xFF, 0xF8, 0xF8, 0xF8, 0xF8, 0xF8,
    0xF8, 0xF8, 0xF8, 0xFF, 0xFF, 0xFF, 0xFF, 0xF8, 0xF8, 0xF8, 0xF8, 0xF8, 0xF8, 0xF8, 0xFE, 0xFF,
    0xFF, 0xFF, 0x00, 0xFF, 0xFF, 0xFF, 0xFF, 0x1F, 0x1F, 0x1F, 0x1F, 0x1F, 0x1F, 0x1F, 0x1F, 0xFF,
    0xFF, 0xFF, 0xFF, 0x1F, 0x1F, 0x1F, 0x1F, 0x1F, 0x1F, 0x1F, 0xFF, 0xFF, 0xFF, 0xFF, 0x00, 0x0F,
    0xC0, 0x07, 0xC0, 0x7F, 0xE0, 0x3F, 0xE1, 0xFF, 0xE0, 0xFF, 0xE3, 0xFF, 0xE3, 0xFF, 0xEF, 0xCF,
    0xCF, 0xCF, 0xFF, 0x0F, 0x9F, 0x07, 0xFE, 0x1F, 0x3E, 0x0F, 0x80, 0x3E, 0x00, 0x3F, 0x00, 0xFC,
    0x00, 0x7C, 0x03, 0xF0, 0x03, 0xF8, 0x0F, 0xE0, 0x0F, 0xE0, 0x3F, 0x00, 0x3F, 0x80, 0x7C, 0x00,
    0x7C, 0x01, 0xF0, 0x00, 0xF0, 0x03, 0xE0, 0x01, 0xE0, 0x07, 0xC0, 0x03, 0xC0, 0x00, 0x00, 0x00,
    0x00, 0x0E, 0x00, 0x0E, 0x00, 0x3E, 0x00, 0x3E, 0x00, 0x7C, 0x00, 0x7E, 0x00, 0xF8, 0x00, 0xFC,
    0x01, 0xF0, 0x00, 0xF0, 0x00, 0x80, 0x00, 0xC0, 0x00, 0x0F, 0xC0, 0x3C, 0x7F, 0xE0, 0xFD, 0xFF,
    0xE1, 0xFB, 0xFF, 0xE3, 0xFF, 0xCF, 0xC7, 0xFF, 0x0F, 0x8F, 0xFE, 0x1F, 0x1F, 0x80, 0x3E, 0x3E,
    0x00, 0xFC, 0x7C, 0x03, 0xF0, 0x78, 0x0F, 0xE0, 0xF0, 0x3F, 0x01, 0xE0, 0x7C, 0x03, 0xC1, 0xF0,
    0x07, 0x83, 0xE0, 0x0F, 0x07, 0xC0, 0x1E, 0x00, 0x00, 0x00, 0x0E, 0x00, 0x78, 0x3E, 0x01, 0xF8,
    0x7C, 0x03, 0xF0, 0xF8, 0x07, 0xE1, 0xF0, 0x07, 0x80, 0x80, 0x06, 0x00, 0xF8, 0x07, 0xC1, 0xF0,
    0x3F, 0xE3, 0xE1, 0xFF, 0xE7, 0xC3, 0xFF, 0xEF, 0x8F, 0xCF, 0xDF, 0x1F, 0x0F, 0xFE, 0x3E, 0x0F,
    0xFC, 0x00, 0x3F, 0xF8, 0x00, 0xFD, 0xF0, 0x03, 0xFB, 0xE0, 0x0F, 0xE7, 0xC0, 0x3F, 0x8F, 0x80,
    0x7C, 0x1F, 0x00, 0xF0, 0x3E, 0x01, 0xE0, 0x7C, 0x03, 0xC0, 0x00, 0x00, 0x00, 0xE0, 0x0E, 0x03,
    0xE0, 0x3E, 0x07, 0xC0, 0x7E, 0x0F, 0x80, 0xFC, 0x1F, 0x00, 0xF0, 0x08, 0x00, 0xC0, 0x00, 0x7F,
    0xFB, 0xFF, 0xDF, 0xFE, 0xFF, 0xE0, 0x0F, 0x00, 0x78, 0x03, 0xC0, 0x1E, 0x00, 0xF0, 0x07, 0x80,
    0x7C, 0x03, 0xE0, 0x1F, 0x00, 0xF0, 0x07, 0x80, 0x3C, 0x01, 0xE0, 0x0F, 0x00, 0x78, 0x03, 0xC0,
    0x3E, 0x01, 0xF0, 0x7F, 0x80, 0xFF, 0xF0, 0xFF, 0xFC, 0xFF, 0xFE, 0xFB, 0xFE, 0xFB, 0xFE, 0xFB,
    0xFF, 0xFB, 0xFF, 0xFB, 0xFF, 0xFB, 0xFE, 0xFB, 0xFE, 0xFB, 0xFC, 0xFB, 0xFC, 0xFB, 0xF0, 0xF9,
    0x00, 0xF8, 0x00, 0xF8, 0x00, 0xF8, 0x00, 0xF8, 0x00, 0xF8, 0x00, 0xF8, 0x00, 0xF8, 0x00, 0x0F,
    0xFC, 0xFF, 0xF7, 0xFF, 0xFF, 0xCF, 0xFF, 0x3F, 0xFC, 0xFF, 0xF3, 0xFF, 0xCF, 0xFF, 0x3F, 0xFC,
    0xF7, 0xFF, 0xCF, 0xFF, 0x1F, 0xFC, 0xFF, 0xC3, 0xFF, 0xCF, 0xFF, 0xBC, 0xFE, 0xF3, 0xFF, 0xCF,
    0xFF, 0x3F, 0xFC, 0xFF, 0xF3, 0xFF, 0xCF, 0xEF, 0xFF, 0xBF, 0xFC, 0xFF, 0xC0, 0x06, 0x00, 0xF0,
    0x4F, 0x27, 0x77, 0xFF, 0xFF, 0xFF, 0x1F, 0xC3, 0xFE, 0xFF, 0xFF, 0xFF, 0x6F, 0x60, 0xF0, 0x0F,
    0x00, 0x01, 0xEF, 0xBE, 0xF9, 0xC0, 0x00, 0x00, 0x00, 0x00, 0xFB, 0xE7, 0x9E, 0x7D, 0xF3, 0xCF,
    0x3C, 0x70, 0x00, 0x1C, 0x00, 0x07, 0xFF, 0xE0, 0x1F, 0xFF, 0xFC, 0x7F, 0xFF, 0xFE, 0xFF, 0xC3,
    0xFF, 0x78, 0x00, 0x0F, 0x00, 0x00, 0x00, 0x00, 0x00, 0x00, 0x00, 0x00, 0x00, 0x00, 0x00, 0x00,
    0x00, 0x00, 0x00, 0x00, 0x00, 0x00, 0x00, 0x00, 0x00, 0x00, 0x00, 0x00, 0x00, 0x00, 0x00, 0x00,
    0x00, 0x00, 0x00, 0x00, 0x00, 0x00, 0x00, 0x00, 0x00, 0x00, 0x00, 0x00, 0x00, 0x00, 0x00, 0x00,
    0x00, 0x00, 0x00, 0x00, 0x00, 0x00, 0x00, 0x00, 0x00, 0x00, 0x20, 0x00, 0x02, 0x78, 0x00, 0x1F,
    0x7F, 0xFF, 0xFF, 0x3F, 0xFF, 0xFE, 0x1F, 0xFF, 0xF8, 0x03, 0xFF, 0xE0, 0x07, 0x00, 0x38, 0x09,
    0xC8, 0xEE, 0xEF, 0xFF, 0x3F, 0xF8, 0x7F, 0x07, 0xFC, 0xFF, 0xFB, 0xFF, 0x99, 0xCC, 0x0E, 0x00,
    0x70, 0x00, 0x00, 0x00, 0x00, 0xE0, 0x07, 0x01, 0x38, 0x1D, 0xDC, 0xFF, 0xF7, 0xFF, 0x0F, 0xE0,
    0xFF, 0x8F, 0xFF, 0x7F, 0xF3, 0x39, 0x81, 0xC0, 0x0E, 0x00, 0x00, 0x00, 0xE0, 0x00, 0x0F, 0x00,
    0x00, 0x78, 0xF8, 0x07, 0x8F, 0xC0, 0x78, 0x7F, 0x03, 0xC3, 0xF8, 0x3C, 0x0F, 0x83, 0xC0, 0x78,
    0x1E, 0x00, 0x01, 0xE0, 0x00, 0x1E, 0x00, 0x00, 0xE0, 0x00, 0x0F, 0x00, 0x00, 0xF0, 0x00, 0x07,
    0x07, 0xC0, 0x78, 0x3F, 0x07, 0x81, 0xF8, 0x78, 0x0F, 0xC3, 0xC0, 0x7E, 0x3C, 0x01, 0xE3, 0xC0,
    0x00, 0x1E, 0x00, 0x00, 0x1F, 0x80, 0x07, 0xFE, 0x04, 0xFF, 0xF9, 0xE7, 0xFF, 0xFE, 0x30, 0xFF,
    0xF0, 0x03, 0xFC, 0x00, 0x0F, 0x00, 0x00, 0x7F, 0x00, 0x07, 0xFF, 0xF0, 0x1F, 0xFF, 0xFC, 0x7F,
    0xFF, 0xFE, 0x7F, 0x00, 0xFF, 0x70, 0x00, 0x0E, 0x00, 0x00, 0x03, 0xC0, 0x1B, 0xDC, 0x3F, 0xFE,
    0x3F, 0xFE, 0x1F, 0xFC, 0x7F, 0xFF, 0xFF, 0xFF, 0xFF, 0xFF, 0xFF, 0xFF, 0x1F, 0xF8, 0x3F, 0xFC,
    0x3F, 0xFE, 0x3F, 0xDC, 0x1B, 0xC8, 0x03, 0xC0, 0x78, 0x78, 0x78, 0x7B, 0xC3, 0xC3, 0xC7, 0xDE,
    0x1E, 0x3E, 0x3E, 0xF0, 0xF1, 0xF1, 0xE7, 0x8F, 0x8F, 0x0F, 0x3C, 0x78, 0x78, 0x7B, 0xC3, 0xC3,
    0xC3, 0xDE, 0x1E, 0x1E, 0x1E, 0xF0, 0xF0, 0xF0, 0xE0, 0x1F, 0x83, 0xFC, 0x7F, 0xEF, 0xFF, 0xF0,
    0xFF, 0x0F, 0xF0, 0xFF, 0x0F, 0xF0, 0xFF, 0xFF, 0x7F, 0xE3, 0xFC, 0x0F, 0x80, 0x6F, 0xF6, 0xFF,
    0xFF, 0xFF, 0xFF, 0xFF, 0x03, 0xC0, 0x7C, 0x0F, 0xC1, 0xFC, 0x1F, 0xC3, 0xDC, 0x79, 0xCF, 0x1C,
    0xFF, 0xFF, 0xFF, 0xFF, 0xF0, 0x1C, 0x01, 0xC0, 0x7F, 0xC7, 0xFE, 0x7F, 0xE7, 0xFC, 0x77, 0x87,
    0xFC, 0x7F, 0xE7, 0x9E, 0x70, 0xEF, 0x9E, 0x7F, 0xE3, 0xFC, 0x1F, 0x00, 0x0F, 0x03, 0xFC, 0x7F,
    0xEF, 0xFE, 0xF3, 0xEF, 0xFC, 0xFF, 0xEF, 0x9E, 0xF0, 0xFF, 0x9E, 0x7F, 0xE3, 0xFC, 0x1F, 0x00,
    0xFF, 0xFF, 0xFF, 0xFF, 0xFF, 0x07, 0xC1, 0xE0, 0xF0, 0x3C, 0x1E, 0x0F, 0x83, 0xC1, 0xE0, 0x78,
    0x00, 0x1F, 0x07, 0xFC, 0x7F, 0xEF, 0x9E, 0x79, 0xE7, 0xFC, 0x3F, 0xCF, 0xFE, 0xF1, 0xFF, 0x1F,
    0xFF, 0xE7, 0xFC, 0x1F, 0x80, 0x1F, 0x07, 0xFC, 0xFF, 0xEF, 0x9E, 0xF1, 0xEF, 0x1F, 0xFF, 0xF7,
    0xFE, 0x7D, 0xEF, 0xFE, 0x7F, 0xC7, 0xFC, 0x1F, 0x00, 0x1C, 0x07, 0x01, 0xC3, 0xFF, 0xFF, 0xFF,
    0xF1, 0xC0, 0x70, 0x1C, 0x00, 0x00, 0xFF, 0xFF, 0xFF, 0xFF, 0xFE, 0xFF, 0xFF, 0xFF, 0xFC, 0x00,
    0xFF, 0xFF, 0xFF, 0xFF, 0xFE, 0x1C, 0x78, 0xF3, 0xC7, 0x8F, 0x1E, 0x7C, 0xF8, 0xF1, 0xE3, 0xC7,
    0x87, 0x8F, 0x0E, 0x70, 0xF1, 0xE1, 0xE3, 0xC7, 0x8F, 0x8F, 0x1E, 0x3C, 0xF1, 0xE3, 0xCF, 0x1E,
    0x38, 0xF7, 0x9F, 0xFB, 0xFF, 0xFD, 0xFF, 0x1F, 0xE3, 0xFC, 0x7F, 0x8F, 0xF1, 0xFE, 0x3C, 0x1F,
    0x83, 0xFC, 0x7F, 0xEF, 0xFF, 0xF0, 0xFF, 0x0F, 0xF0, 0xFF, 0x0F, 0xF0, 0xFF, 0xFF, 0x7F, 0xE3,
    0xFC, 0x0F, 0x80, 0x1E, 0xFF, 0xFF, 0xFD, 0xE3, 0xC7, 0x8F, 0x1E, 0x3C, 0x78, 0xF1, 0xE0, 0x1F,
    0x0F, 0xFB, 0xFF, 0x79, 0xFF, 0x1E, 0x07, 0xC1, 0xF0, 0xFC, 0x3F, 0x0F, 0xFF, 0xFF, 0xFF, 0xFF,
    0xFE, 0x1F, 0x07, 0xFC, 0x7F, 0xEF, 0x9E, 0x61, 0xE0, 0xFC, 0x0F, 0xC0, 0xFE, 0xF1, 0xEF, 0xBE,
    0xFF, 0xE7, 0xFC, 0x1F, 0x00, 0x03, 0xC0, 0x7C, 0x0F, 0xC1, 0xFC, 0x1F, 0xC3, 0xDC, 0x79, 0xCF,
    0x1C, 0xFF, 0xFF, 0xFF, 0xFF, 0xF0, 0x1C, 0x01, 0xC0, 0x7F, 0xC7, 0xFE, 0x7F, 0xE7, 0xFC, 0x77,
    0x87, 0xFC, 0x7F, 0xE7, 0x9E, 0x70, 0xEF, 0x9E, 0x7F, 0xE3, 0xFC, 0x1F, 0x00, 0x0F, 0x03, 0xFC,
    0x7F, 0xEF, 0xFE, 0xF3, 0xEF, 0xFC, 0xFF, 0xEF, 0x9E, 0xF0, 0xFF, 0x9E, 0x7F, 0xE3, 0xFC, 0x1F,
    0x00, 0xFF, 0xFF, 0xFF, 0xFF, 0xFF, 0x07, 0xC1, 0xE0, 0xF0, 0x3C, 0x1E, 0x0F, 0x83, 0xC1, 0xE0,
    0x78, 0x00, 0x1F, 0x07, 0xFC, 0x7F, 0xEF, 0x9E, 0x79, 0xE7, 0xFC, 0x3F, 0xCF, 0xFE, 0xF1, 0xFF,
    0x1F, 0xFF, 0xE7, 0xFC, 0x1F, 0x80, 0x1F, 0x07, 0xFC, 0xFF, 0xEF, 0x9E, 0xF1, 0xEF, 0x1F, 0xFF,
    0xF7, 0xFE, 0x7D, 0xEF, 0xFE, 0x7F, 0xC7, 0xFC, 0x1F, 0x00, 0x1C, 0x07, 0x01, 0xC3, 0xFF, 0xFF,
    0xFF, 0xF1, 0xC0, 0x70, 0x1C, 0x00, 0x00, 0xFF, 0xFF, 0xFF, 0xFF, 0xFE, 0xFF, 0xFF, 0xFF, 0xFC,
    0x00, 0xFF, 0xFF, 0xFF, 0xFF, 0xFE, 0x1C, 0x78, 0xF3, 0xC7, 0x8F, 0x1E, 0x7C, 0xF8, 0xF1, 0xE3,
    0xC7, 0x87, 0x8F, 0x0E, 0x70, 0xF1, 0xE1, 0xE3, 0xC7, 0x8F, 0x8F, 0x1E, 0x3C, 0xF1, 0xE3, 0xCF,
    0x1E, 0x38, 0x1F, 0x87, 0xF9, 0xFF, 0x98, 0xF3, 0xFE, 0xFF, 0xDE, 0x7B, 0xFF, 0x7F, 0xE7, 0xBC,
    0x1F, 0x0F, 0xF3, 0xFF, 0x79, 0xEF, 0xFF, 0xFF, 0xFC, 0x67, 0xFE, 0x7F, 0x83, 0xE0, 0x1F, 0x0F,
    0xF3, 0xFF, 0x79, 0xFF, 0x1F, 0xE3, 0xFC, 0xFF, 0xFE, 0x7F, 0x83, 0xE0, 0x79, 0xE7, 0x9E, 0x3F,
    0xC3, 0xFC, 0x1F, 0x81, 0xF8, 0x3F, 0xC3, 0xFE, 0x79, 0xE7, 0x0F, 0x1F, 0x07, 0xFC, 0x7F, 0xE7,
    0x3E, 0x00, 0xFF, 0xFF, 0xFF, 0xFF, 0xFF, 0xF1, 0xE7, 0xFE, 0x7F, 0xC3, 0xF8, 0x06, 0x00, 0xF0,
    0x1E, 0x03, 0xC0, 0x7B, 0xCF, 0xFD, 0xFF, 0xFE, 0xFF, 0x8F, 0xF1, 0xFE, 0x3F, 0xC7, 0xF8, 0xFF,
    0x1E, 0xF0, 0x1E, 0x03, 0xC0, 0x79, 0xFF, 0x7D, 0xFF, 0x3F, 0xC7, 0xF8, 0xFF, 0x1F, 0xF3, 0xDF,
    0x79, 0xEF, 0x1E, 0xFF, 0xFF, 0xFF, 0xFF, 0xFF, 0xFF, 0xF0, 0xF7, 0x1E, 0xFF, 0xFF, 0xFF, 0xFF,
    0xFB, 0xEF, 0xF3, 0xCF, 0xF3, 0xCF, 0xF3, 0xCF, 0xF3, 0xCF, 0xF3, 0xCF, 0xF3, 0xC7, 0xF7, 0x9F,
    0xFB, 0xFF, 0xFD, 0xFF, 0x1F, 0xE3, 0xFC, 0x7F, 0x8F, 0xF1, 0xFE, 0x3C, 0xF7, 0x9F, 0xFB, 0xFF,
    0xFC, 0xFF, 0x1F, 0xE3, 0xFE, 0xFF, 0xFF, 0xFF, 0xDE, 0xF3, 0xC0, 0x78, 0x0F, 0x00, 0x3F, 0x1F,
    0xEF, 0xFB, 0xF0, 0xFF, 0x9F, 0xF2, 0x7F, 0xFF, 0xFF, 0x8F, 0x80, 0x38, 0x3C, 0xFE, 0xFE, 0xFE,
    0x3C, 0x3C, 0x3C, 0x3C, 0x3E, 0x3E, 0x1E, 0x0F, 0xE0, 0x03, 0xFF, 0x80, 0x7F, 0xFC, 0x07, 0xFF,
    0xC0, 0xFC, 0x7E, 0x0F, 0x83, 0xE0, 0xF8, 0x00, 0x0F, 0x9F, 0xFF, 0xF9, 0xFF, 0xFF, 0x9F, 0xFF,
    0xF9, 0xFF, 0xFF, 0xDF, 0x00, 0x7F, 0xFF, 0xC7, 0xFF, 0xFE, 0x3F, 0xFF, 0xE0, 0xFF, 0xFE, 0x01,
    0xF0, 0x00, 0x1F, 0x00, 0x01, 0xFF, 0xF0, 0x1F, 0xFF, 0x01, 0xFF, 0xF0, 0x1F, 0xFF, 0x00, 0x00,
    0x00, 0x00, 0x19, 0x80, 0x01, 0x98, 0x01, 0xFB, 0x00, 0x7F, 0xF0, 0x1F, 0xFF, 0x83, 0xFF, 0xFC,
    0x3F, 0xFF, 0xC7, 0xE6, 0x7E, 0x7C, 0x6F, 0xEF, 0xCE, 0xFF, 0xF8, 0xCC, 0x0F, 0x8D, 0xC0, 0xF9,
    0xD8, 0x0F, 0x99, 0x80, 0xF9, 0x98, 0x0F, 0x9B, 0x00, 0xFB, 0x31, 0xEF, 0xF3, 0x3F, 0x7F, 0x63,
    0xE7, 0xF6, 0x7E, 0x3F, 0xFF, 0xC1, 0xFF, 0xFC, 0x0F, 0xFF, 0x80, 0xFF, 0xE0, 0x0D, 0xF0, 0x01,
    0xD8, 0x00, 0x19, 0x80, 0x00, 0x01, 0xF8, 0x00, 0xFF, 0xC0, 0x7F, 0xFC, 0x1F, 0xFF, 0xC3, 0xFF,
    0xFC, 0xFC, 0x0F, 0xDF, 0x00, 0xFF, 0xE0, 0x1F, 0xF8, 0x00, 0x1F, 0x1E, 0xF3, 0xE7, 0xFE, 0x7C,
    0xFF, 0xCF, 0x9F, 0xF9, 0xF3, 0xFA, 0x3E, 0x7C, 0x07, 0xEF, 0x9F, 0x7D, 0xF7, 0xEF, 0xFF, 0xF8,
    0xFF, 0xFF, 0x0F, 0xFF, 0xC0, 0xFF, 0xF0, 0x0F, 0xFC, 0x00, 0x3C, 0x00, 0x0F, 0xFF, 0xC7, 0xFF,
    0xF1, 0xFF, 0xFC, 0x7F, 0xFF, 0x1F, 0xFF, 0xC7, 0xC0, 0x01, 0xF0, 0x00, 0x7C, 0x00, 0x1F, 0x00,
    0x07, 0xC0, 0x01, 0xFF, 0xF8, 0x7F, 0xFE, 0x1F, 0xFF, 0x87, 0xFF, 0xE1, 0xF0, 0x00, 0x7C, 0x00,
    0x7F, 0xE0, 0x3F, 0xF8, 0x07, 0xFE, 0x00, 0x7C, 0x00, 0x1F, 0x00, 0x07, 0xC0, 0x00, 0x01, 0xF0,
    0x03, 0xFE, 0x07, 0xFF, 0x83, 0xFF, 0xE3, 0xFB, 0xF1, 0xF0, 0xF8, 0xF8, 0x3C, 0x7C, 0x00, 0xFF,
    0xF0, 0x7F, 0xF8, 0x3F, 0xFC, 0x07, 0xC0, 0x0F, 0xFF, 0x07, 0xFF, 0x83, 0xFF, 0xC0, 0x7C, 0x00,
    0x3E, 0x0F, 0x1E, 0x07, 0xFF, 0xFF, 0xFF, 0xFF, 0xEF, 0xFF, 0xF7, 0xFF, 0xF0, 0x00, 0x07, 0x00,
    0x00, 0x07, 0x00, 0x00, 0x0F, 0x00, 0xFB, 0xFF, 0xF8, 0xFF, 0xFF, 0xFC, 0xFF, 0xFF, 0xFE, 0xFF,
    0xFF, 0xFE, 0xFC, 0x7E, 0x3E, 0xF8, 0x7C, 0x3E, 0xF8, 0x7C, 0x3F, 0xF8, 0x7C, 0x3F, 0xF8, 0x7C,
    0x3F, 0xF8, 0xFC, 0x3F, 0xF8, 0xFC, 0x3F, 0xF9, 0xFC, 0x3F, 0xF9, 0xFC, 0x3F, 0xFB, 0xFC, 0x3F,
    0xFB, 0xFC, 0x3F, 0xFB, 0xFC, 0x3F, 0x07, 0x80, 0x00, 0x07, 0x80, 0x00, 0x3E, 0x00, 0xF0, 0xFC,
    0x03, 0xE3, 0xF0, 0x0F, 0x8F, 0xE0, 0x3E, 0x3F, 0xC0, 0xF8, 0xFF, 0x03, 0xE3, 0xFE, 0x0F, 0x8F,
    0xFC, 0x3E, 0xFF, 0xFF, 0xFF, 0xFF, 0xFF, 0xFF, 0xFF, 0xFF, 0xCF, 0x9F, 0x3E, 0x3E, 0x7E, 0xFB,
    0xFF, 0xFF, 0xFF, 0xFF, 0xFF, 0xCF, 0x87, 0xFE, 0x3E, 0x0F, 0xF8, 0xF8, 0x3F, 0xE3, 0xE0, 0x7F,
    0x8F, 0x80, 0xFE, 0x3E, 0x03, 0xF8, 0xF8, 0x07, 0xE0, 0x7F, 0xE0, 0x00, 0x0F, 0xFF, 0xC0, 0x00,
    0xFF, 0xFE, 0x0F, 0x0F, 0xFF, 0xF0, 0xF8, 0xFF, 0xFF, 0x0F, 0x8F, 0xC1, 0xF8, 0xF8, 0xFC, 0x0F,
    0xFF, 0xFF, 0xC0, 0xFF, 0xFF, 0xFC, 0x0F, 0xFF, 0xFF, 0xC0, 0xFF, 0xFE, 0xFC, 0x1F, 0x8F, 0x8F,
    0xFF, 0xF0, 0xF8, 0xFF, 0xFF, 0x0F, 0x8F, 0xFF, 0xE0, 0xF8, 0xFF, 0xF8, 0x0F, 0x8F, 0xC0, 0x00,
    0xF8, 0xFC, 0x00, 0x0F, 0x8F, 0xC0, 0x00, 0xF8, 0xFC, 0x00, 0x0F, 0xEF, 0xC0, 0x00, 0xFF, 0xFC,
    0x00, 0x0F, 0xFF, 0xC0, 0x00, 0x7F, 0x00, 0x00, 0x00, 0xC0, 0x7F, 0xE0, 0x00, 0x00, 0xFF, 0xFC,
    0x00, 0x00, 0xFF, 0xFE, 0x00, 0x00, 0xFF, 0xFF, 0x00, 0x00, 0xFF, 0xFF, 0x80, 0x00, 0xFC, 0x1F,
    0x80, 0x00, 0xFC, 0x0F, 0x87, 0xF8, 0xFC, 0x0F, 0x9F, 0xFC, 0xFC, 0x0F, 0x9F, 0xFE, 0xFC, 0x1F,
    0xBF, 0xFF, 0xFC, 0x7F, 0xBE, 0x1F, 0xFF, 0xFF, 0x3E, 0x00, 0xFF, 0xFE, 0x3F, 0xE0, 0xFF, 0xFC,
    0x1F, 0xFC, 0xFF, 0xFC, 0x0F, 0xFE, 0xFC, 0x7C, 0x03, 0xFF, 0xFC, 0x7E, 0x00, 0x3F, 0xFC, 0x3E,
    0x3C, 0x1F, 0xFC, 0x3F, 0x3E, 0x1F, 0xFC, 0x1F, 0xBF, 0xFF, 0xFC, 0x0F, 0x9F, 0xFE, 0xFC, 0x0F,
    0xCF, 0xFC, 0x00, 0x00, 0x01, 0xE0, 0xF0, 0x0F, 0x00, 0xF7, 0xC0, 0x7C, 0x07, 0xBE, 0x07, 0xE0,
    0x7D, 0xF0, 0x3F, 0x03, 0xE7, 0x81, 0xF8, 0x1F, 0x3E, 0x1F, 0xE0, 0xF3, 0xFF, 0xFF, 0xFF, 0xDF,
    0xFF, 0xFF, 0xFE, 0xFF, 0xFF, 0xFF, 0xF1, 0xF3, 0xFF, 0x3E, 0x1F, 0xFF, 0xFF, 0xFD, 0xFF, 0xFF,
    0xFF, 0xEF, 0xFF, 0xFF, 0xFF, 0x7F, 0xFF, 0xFF, 0xF8, 0x7F, 0xE3, 0xFE, 0x01, 0xFE, 0x1F, 0xF0,
    0x0F, 0xF0, 0xFF, 0x00, 0x7F, 0x87, 0xF8, 0x03, 0xF8, 0x1F, 0xC0, 0x0F, 0xC0, 0xFE, 0x00, 0x7E,
    0x07, 0xE0, 0x03, 0xF0, 0x1F, 0x00, 0xFF, 0xFC, 0x3F, 0xFF, 0xFE, 0x7F, 0xFF, 0xFC, 0xFF, 0xFF,
    0xFD, 0xFF, 0x80, 0xFB, 0xFF, 0x7D, 0xF7, 0xFE, 0xFB, 0xEF, 0xFD, 0xF7, 0xDF, 0xFB, 0xEF, 0xBF,
    0xF7, 0xDF, 0x7F, 0xEF, 0xBE, 0xFF, 0xDF, 0x01, 0xFF, 0xBF, 0xFF, 0xFF, 0x7F, 0xFF, 0xFE, 0xFF,
    0xFF, 0x7D, 0xFF, 0xFC, 0x00, 0x1E, 0x00, 0x07, 0xC0, 0x1F, 0xFC, 0x07, 0xFF, 0x01, 0xFF, 0xC0,
    0x07, 0xC1, 0xF9, 0xF0, 0xFF, 0xFC, 0x7F, 0xFF, 0x1F, 0xFF, 0xCF, 0xC3, 0xF3, 0xE0, 0xFC, 0xF8,
    0x1F, 0x3E, 0x07, 0xCF, 0x81, 0xF3, 0xE0, 0x7C, 0xF8, 0x1F, 0x3F, 0x0F, 0xC7, 0xFF, 0xF1, 0xFF,
    0xFC, 0x3F, 0xFF, 0x07, 0xF7, 0xC0, 0x70, 0x00, 0x00, 0x00, 0x00, 0x00, 0x1F, 0xFF, 0x87, 0xFF,
    0xE1, 0xFF, 0xF8, 0x7F, 0xFE, 0x00, 0x00, 0x3E, 0x00, 0x1F, 0xF8, 0x0F, 0xFF, 0x83, 0xFF, 0xE0,
    0x7F, 0xFC, 0x1F, 0x83, 0x03, 0xE0, 0x00, 0x7C, 0x00, 0x7F, 0xFF, 0x0F, 0xFF, 0xC1, 0xFF, 0xF8,
    0x0F, 0x80, 0x07, 0xFF, 0xC0, 0xFF, 0xF8, 0x1F, 0xFE, 0x00, 0x7C, 0x00, 0x0F, 0x80, 0x01, 0xF8,
    0x30, 0x1F, 0xFF, 0x01, 0xFF, 0xE0, 0x1F, 0xFC, 0x01, 0xFF, 0x00, 0x07, 0x00, 0x0F, 0x00, 0x7E,
    0x1F, 0x01, 0xFC, 0x3E, 0x07, 0xF0, 0x7C, 0x1F, 0xC0, 0xF8, 0x7F, 0x01, 0xF1, 0xFC, 0x03, 0xE7,
    0xF0, 0x07, 0xDF, 0xC0, 0x7F, 0xFF, 0xF9, 0xFF, 0xFF, 0xF3, 0xFF, 0xFF, 0xE7, 0xFF, 0xFF, 0xC7,
    0xFF, 0xFF, 0x81, 0xFF, 0xE0, 0x03, 0xFF, 0xE0, 0x07, 0xE7, 0xE0, 0x0F, 0x87, 0xE0, 0x1F, 0x0F,
    0xC0, 0x3E, 0x0F, 0xC0, 0x7C, 0x0F, 0xC0, 0xF8, 0x0F, 0xC1, 0xF0, 0x1F, 0x80, 0x7F, 0xFF, 0xCF,
    0xFF, 0xFD, 0xFF, 0xFF, 0xBF, 0xFF, 0xF7, 0xFF, 0xFE, 0x03, 0xE0, 0x00, 0x7C, 0x00, 0x0F, 0xF0,
    0x01, 0xFE, 0x00, 0x3F, 0xC0, 0x1F, 0xC0, 0x07, 0xFB, 0x00, 0xFF, 0xE0, 0x03, 0xFC, 0x00, 0xFE,
    0x00, 0x7F, 0x80, 0x0F, 0xF0, 0x01, 0xBE, 0x00, 0x07, 0xC0, 0x00, 0xF8, 0x00, 0x1F, 0x00, 0x03,
    0xE0, 0x00, 0x03, 0xE0, 0x00, 0x00, 0x00, 0x01, 0xF0, 0x00, 0x00, 0x00, 0x00, 0xFF, 0x80, 0x00,
    0x00, 0x03, 0xFF, 0xF8, 0x00, 0x00, 0x03, 0xFF, 0xFF, 0x00, 0x00, 0x01, 0xFF, 0xFF, 0xC0, 0x00,
    0x00, 0xFF, 0x8F, 0xF0, 0x00, 0x00, 0x07, 0xC1, 0xF8, 0x00, 0x00, 0x03, 0xE0, 0x7E, 0x07, 0xF0,
    0x01, 0xF0, 0x1F, 0x0F, 0xFE, 0x00, 0xF8, 0x0F, 0x8F, 0xFF, 0x80, 0x7C, 0x07, 0xC7, 0xFF, 0xC0,
    0x3E, 0x03, 0xE7, 0xE3, 0xF0, 0x1F, 0x01, 0xF3, 0xE0, 0xF8, 0x0F, 0x80, 0xF9, 0xF0, 0x7C, 0x3F,
    0xC0, 0x7C, 0xF0, 0x3F, 0x7F, 0xE0, 0x3E, 0xF8, 0x1F, 0xFF, 0xF0, 0x1F, 0x7C, 0x0F, 0xBF, 0xF8,
    0x1F, 0xBF, 0x07, 0xDE, 0x7E, 0x0F, 0x9F, 0x83, 0xEF, 0x3F, 0xFF, 0xCF, 0xFF, 0xF7, 0xFF, 0xFF,
    0xC7, 0xFF, 0xF3, 0xFF, 0xFF, 0xC3, 0xFF, 0xF0, 0xFE, 0x3F, 0xC1, 0xF7, 0xF0, 0x1C, 0x07, 0x00,
    0xF8, 0xE0, 0x00, 0x00, 0x00, 0x7C, 0x00, 0x00, 0x00, 0x00, 0x3E, 0x00, 0x00, 0x00, 0x00, 0x1F,
    0x00, 0x00, 0x00, 0x00, 0x0F, 0x80, 0x00, 0x00, 0x00, 0x07, 0xC0, 0x00, 0x3F, 0xE0, 0x07, 0xFF,
    0x80, 0xFF, 0xF8, 0x1F, 0xFF, 0x83, 0xFF, 0xF8, 0x7C, 0x1F, 0x3F, 0xFF, 0xFF, 0xFF, 0xFF, 0x3E,
    0x0F, 0xDF, 0xFF, 0xFF, 0xFF, 0xFF, 0xFF, 0xFF, 0xF3, 0xE1, 0xF8, 0x7F, 0xFF, 0x0F, 0xFF, 0xC1,
    0xFF, 0xF0, 0x3F, 0xFC, 0x07, 0xC0, 0x00, 0xF8, 0x00, 0x1F, 0x00, 0x03, 0xE0, 0x00, 0x7C, 0x00,
    0x00, 0x00, 0x00, 0x00, 0x07, 0x00, 0x00, 0x70, 0x00, 0x1F, 0x80, 0x07, 0xFE, 0x01, 0xFF, 0xF8,
    0x3F, 0xFF, 0xC3, 0xFF, 0xFE, 0x7E, 0x77, 0xE7, 0xC7, 0x3E, 0xFC, 0x73, 0xFF, 0x87, 0x00, 0xF8,
    0x70, 0x0F, 0x87, 0xFF, 0xF8, 0x7F, 0xFF, 0x87, 0xFF, 0xF8, 0x7F, 0xFF, 0x87, 0x1F, 0xFC, 0x71,
    0xF7, 0xE7, 0x3E, 0x7F, 0x77, 0xE3, 0xFF, 0xFC, 0x1F, 0xFF, 0xC0, 0xFF, 0xF8, 0x07, 0xFE, 0x00,
    0x0F, 0x00, 0x00, 0x70, 0x00, 0x07, 0x00, 0x00, 0xFC, 0x00, 0x0F, 0xE0, 0x00, 0x7F, 0x80, 0x03,
    0xFC, 0x00, 0x3F, 0xE0, 0x01, 0xFF, 0x80, 0x0F, 0x7C, 0x00, 0xFB, 0xE0, 0x07, 0xDF, 0x80, 0x7E,
    0x7C, 0x1F, 0xFF, 0xFF, 0xFF, 0xFF, 0xF7, 0xFF, 0xFF, 0x8F, 0x83, 0xE1, 0xFF, 0xFF, 0xDF, 0xFF,
    0xFF, 0xFF, 0xFF, 0xF9, 0xF0, 0x1F, 0x9F, 0x80, 0x7C, 0xFC, 0x03, 0xF7, 0xC0, 0x1F, 0xFE, 0x00,
    0x7C, 0x03, 0xF0, 0x07, 0xFE, 0x07, 0xFF, 0x87, 0xFF, 0xE3, 0xF3, 0xF1, 0xF0, 0xF8, 0x00, 0x7D,
    0xFF, 0xFF, 0xFF, 0xFF, 0xFF, 0xFF, 0xFF, 0xFF, 0xE0, 0x00, 0x0F, 0xFF, 0xFF, 0xFF, 0xFF, 0xFF,
    0xFE, 0x7C, 0x00, 0x7C, 0x1F, 0x3E, 0x0F, 0x9F, 0xFF, 0xC7, 0xFF, 0xE3, 0xFF, 0xE0, 0x7F, 0xE0,
    0x07, 0x80, 0x00, 0x20, 0x00, 0x07, 0x00, 0x00, 0x70, 0x00, 0x1F, 0x80, 0x07, 0xFF, 0x01, 0xFF,
    0xF8, 0x3F, 0xFF, 0xC3, 0xFF, 0xFC, 0x7E, 0x77, 0xE7, 0xC7, 0x3E, 0xFC, 0x73, 0xFF, 0x87, 0x00,
    0xF8, 0x70, 0x0F, 0x87, 0x00, 0xF8, 0x70, 0x0F, 0x87, 0x00, 0xF8, 0x70, 0x0F, 0x87, 0x1E, 0xFC,
    0x73, 0xF7, 0xE7, 0x3E, 0x7F, 0x77, 0xE3, 0xFF, 0xFC, 0x1F, 0xFF, 0xC0, 0xFF, 0xF8, 0x07, 0xFE,
    0x00, 0x0F, 0x00, 0x00, 0x70, 0x00, 0x07, 0x00, 0xFF, 0xFF, 0xBF, 0xFF, 0xFF, 0xFF, 0xFF, 0xFF,
    0xFF, 0xFF, 0xFF, 0x80, 0x00, 0x0F, 0xFF, 0xFF, 0xFF, 0xFF, 0xFF, 0xFF, 0xFF, 0xFF, 0xF0, 0x3E,
    0x00, 0x0F, 0x80, 0x03, 0xE0, 0x00, 0xF8, 0x00, 0x3E, 0x00, 0x0F, 0x80, 0x03, 0xE0, 0x00, 0xF8,
    0x00, 0x3E, 0x00, 0x0F, 0x80, 0x03, 0xE0, 0x00, 0xF8, 0x00, 0x3F, 0xFE, 0x7F, 0xFF, 0x7F, 0xFF,
    0x7F, 0xFE, 0x7F, 0xF8, 0x01, 0xF8, 0x7F, 0xFF, 0x7F, 0xFF, 0x7F, 0xFE, 0x00, 0xF8, 0x03, 0xF0,
    0x7F, 0xF0, 0x7F, 0xE0, 0x7F, 0x80, 0x3F, 0x00, 0x1F, 0x00, 0x1F, 0x80, 0x0F, 0xC0, 0x07, 0xE0,
    0x03, 0xF0, 0x01, 0xF8, 0x00, 0xF8, 0x1E, 0x00, 0x1F, 0x80, 0x0F, 0xD8, 0x07, 0xFC, 0x03, 0xFE,
    0x07, 0xFF, 0x03, 0xFE, 0x01, 0xFF, 0xC0, 0xFF, 0xE0, 0x1F, 0xF0, 0x3F, 0xF8, 0x1F, 0xE0, 0x0F,
    0xF1, 0xFD, 0xF8, 0xF8, 0xFC, 0x7C, 0x7E, 0x3E, 0x3F, 0x3F, 0x1F, 0x9F, 0x0F, 0xFF, 0x87, 0xFF,
    0x83, 0xFF, 0x81, 0xFF, 0x80, 0x7E, 0x00, 0x00, 0xF8, 0x00, 0x0F, 0x80, 0x00, 0xF8, 0x00, 0x1F,
    0x80, 0x07, 0xFE, 0x00, 0xFF, 0xF0, 0x1F, 0xFF, 0x83, 0xFF, 0xFC, 0x7E, 0xFF, 0xE7, 0xCF, 0xBE,
    0x7C, 0xFB, 0xE7, 0xCF, 0x9F, 0xF8, 0xF9, 0xFF, 0x8F, 0x9F, 0xF8, 0xF9, 0xFF, 0x8F, 0x9F, 0x1F,
    0xF8, 0x01, 0xFF, 0xF0, 0x1F, 0xFF, 0xC1, 0xFF, 0xFE, 0x1F, 0xFF, 0xE1, 0xF0, 0x3E, 0x1F, 0x01,
    0xF1, 0xF0, 0x1F, 0x1F, 0x01, 0xF1, 0xF0, 0x3F, 0xFF, 0xFF, 0xEF, 0xFF, 0xFE, 0xFF, 0xFF, 0xCF,
    0xFF, 0xF0, 0xFF, 0xF8, 0x0F, 0xFF, 0x00, 0xFF, 0xF8, 0x0F, 0xFF, 0x80, 0xFF, 0xF8, 0x01, 0xF0,
    0x00, 0x1F, 0x00, 0x01, 0xF0, 0x00, 0x01, 0x98, 0x00, 0x3F, 0xC0, 0x03, 0xFC, 0x00, 0x7F, 0xE0,
    0x0F, 0xFF, 0x01, 0xFF, 0xF8, 0x3F, 0xFF, 0xC7, 0xFF, 0xFE, 0x7F, 0xFF, 0xE7, 0xFF, 0xFE, 0x7F,
    0xFD, 0xE7, 0xBF, 0xDE, 0x79, 0x99, 0xE7, 0xC0, 0x00, 0x7C, 0x00, 0x07, 0xC0, 0x00, 0x3E, 0x00,
    0x03, 0xF0, 0x00, 0x7F, 0xFF, 0xE7, 0xFF, 0xFE, 0x7F, 0xFF, 0xE7, 0xFF, 0xFE, 0x0E, 0xE0, 0x03,
    0xB8, 0x07, 0xFE, 0x03, 0xFF, 0xF0, 0xFF, 0xFE, 0x3F, 0xFF, 0xCF, 0xFF, 0xF3, 0xF0, 0x7E, 0xFC,
    0x0F, 0xBF, 0x07, 0xEF, 0xC1, 0xF3, 0xFF, 0xFC, 0xFF, 0xFC, 0x3F, 0xFF, 0x8F, 0xFF, 0xF3, 0xF0,
    0x7E, 0xFC, 0x0F, 0xBF, 0x03, 0xEF, 0xC0, 0xFB, 0xF0, 0x7E, 0xFF, 0xFF, 0xBF, 0xFF, 0xCF, 0xFF,
    0xF3, 0xFF, 0xF0, 0x0E, 0xE0, 0x03, 0xB8, 0x00, 0xE6, 0x00, 0x00, 0x10, 0x00, 0x00, 0x70, 0x00,
    0x01, 0xF0, 0x00, 0x07, 0xC0, 0x00, 0x1F, 0x00, 0x00, 0x7C, 0x00, 0x01, 0xF0, 0x00, 0x07, 0xC0,
    0x00, 0x1F, 0x00, 0x00, 0x7F, 0xFF, 0xF9, 0xFF, 0xFF, 0xF3, 0xFF, 0xFF, 0xE3, 0xFF, 0xFF, 0xC3,
    0xF0, 0x00, 0x03, 0xF0, 0x00, 0x03, 0xF0, 0x00, 0x03, 0xF0, 0x00, 0x03, 0xF0, 0x00, 0x03, 0xF0,
    0x00, 0x03, 0xC0, 0x00, 0x03, 0x00, 0x00, 0x00, 0x00, 0x00, 0x00, 0x10, 0x00, 0x00, 0xE0, 0x00,
    0x07, 0xC0, 0x00, 0x3F, 0x80, 0x01, 0xFF, 0x00, 0x0F, 0xFE, 0x00, 0x7F, 0xFC, 0x03, 0xFF, 0xF8,
    0x1F, 0x7B, 0xF0, 0xF9, 0xE7, 0xE7, 0xC7, 0x8F, 0xDE, 0x1E, 0x1E, 0x30, 0x78, 0x30, 0x01, 0xE0,
    0x00, 0x07, 0x80, 0x00, 0x1E, 0x00, 0x00, 0x78, 0x00, 0x01, 0xE0, 0x00, 0x07, 0x80, 0x00, 0x1E,
    0x00, 0x00, 0x78, 0x00, 0x01, 0xE0, 0x00, 0x00, 0x10, 0x00, 0x00, 0xE0, 0x00, 0x07, 0xC0, 0x00,
    0x1F, 0x80, 0x00, 0x3F, 0x00, 0x00, 0x7E, 0x00, 0x00, 0x7C, 0x00, 0x00, 0xF8, 0x00, 0x01, 0xF3,
    0xFF, 0xFF, 0xEF, 0xFF, 0xFF, 0xFF, 0xFF, 0xFF, 0xFF, 0xFF, 0xF8, 0x00, 0x0F, 0xC0, 0x00, 0x7E,
    0x00, 0x03, 0xF0, 0x00, 0x1F, 0x80, 0x00, 0xFC, 0x00, 0x07, 0xE0, 0x00, 0x1F, 0x00, 0x00, 0x38,
    0x00, 0x00, 0x00, 0x00, 0x00, 0x78, 0x00, 0x01, 0xE0, 0x00, 0x07, 0x80, 0x00, 0x1E, 0x00, 0x00,
    0x78, 0x00, 0x01, 0xE0, 0x00, 0x07, 0x80, 0x00, 0x1E, 0x00, 0x00, 0x78, 0x00, 0x01, 0xE0, 0x03,
    0x07, 0x83, 0x1E, 0x1E, 0x1E, 0x7C, 0x78, 0xFC, 0xF9, 0xE7, 0xE1, 0xF7, 0xBF, 0x03, 0xFF, 0xF8,
    0x07, 0xFF, 0xC0, 0x0F, 0xFE, 0x00, 0x1F, 0xF0, 0x00, 0x3F, 0x80, 0x00, 0x7C, 0x00, 0x00, 0xE0,
    0x00, 0x00, 0x00, 0x00, 0x00, 0x20, 0x00, 0x80, 0x00, 0x0E, 0x00, 0x38, 0x00, 0x03, 0xE0, 0x0F,
    0x80, 0x00, 0xF8, 0x00, 0xF8, 0x00, 0x3E, 0x00, 0x0F, 0x80, 0x0F, 0x80, 0x00, 0xF8, 0x03, 0xE0,
    0x00, 0x0F, 0x80, 0xF8, 0x00, 0x00, 0xF8, 0x3F, 0xFF, 0xFF, 0xFF, 0x8F, 0xFF, 0xFF, 0xFF, 0xF9,
    0xFF, 0xFF, 0xFF, 0xFF, 0x1F, 0xFF, 0xFF, 0xFF, 0xC1, 0xF8, 0x00, 0x03, 0xF0, 0x1F, 0x80, 0x00,
    0xFC, 0x01, 0xF8, 0x00, 0x3F, 0x00, 0x1F, 0x80, 0x0F, 0xC0, 0x01, 0xF8, 0x03, 0xF0, 0x00, 0x1F,
    0x00, 0x7C, 0x00, 0x01, 0xC0, 0x07, 0x00, 0x00, 0x10, 0x00, 0x40, 0x00, 0x00, 0x20, 0x00, 0x03,
    0x80, 0x00, 0x3E, 0x00, 0x03, 0xF8, 0x00, 0x3F, 0xE0, 0x03, 0xFF, 0x80, 0x3F, 0xFE, 0x03, 0xFE,
    0xF8, 0x3E, 0xFB, 0xE3, 0xE7, 0xCF, 0x9E, 0x3E, 0x3C, 0x61, 0xF0, 0xC0, 0x0F, 0x80, 0x00, 0x7C,
    0x00, 0x03, 0xE0, 0x00, 0x1F, 0x00, 0x00, 0xF8, 0x00, 0x07, 0xC0, 0x00, 0x3E, 0x00, 0x01, 0xF0,
    0x00, 0x0F, 0x80, 0x18, 0x7C, 0x20, 0xE3, 0xE3, 0x8F, 0x9F, 0x3E, 0x7E, 0xFB, 0xF1, 0xFF, 0xFF,
    0x07, 0xFF, 0xF0, 0x1F, 0xFF, 0x00, 0x7F, 0xF0, 0x01, 0xFF, 0x00, 0x07, 0xF0, 0x00, 0x1F, 0x00,
    0x00, 0x70, 0x00, 0x01, 0x00, 0x00, 0xFF, 0xFE, 0x7F, 0xFF, 0x3F, 0xFF, 0x9F, 0xFF, 0xCF, 0xE0,
    0x07, 0xFC, 0x03, 0xFF, 0x01, 0xEF, 0xC0, 0xF3, 0xF0, 0x78, 0xFC, 0x3C, 0x3F, 0x1E, 0x0F, 0xCF,
    0x03, 0xF7, 0x80, 0xFB, 0xC0, 0x3C, 0x00, 0x0C, 0x00, 0x00, 0x00, 0x7F, 0xFF, 0x7F, 0xFF, 0x7F,
    0xFF, 0x7F, 0xFF, 0x00, 0x7F, 0x00, 0xFF, 0x01, 0xFF, 0x03, 0xFF, 0x07, 0xEF, 0x0F, 0xCF, 0x1F,
    0x8F, 0x3F, 0x0F, 0x7E, 0x0F, 0xFC, 0x0F, 0xF8, 0x0F, 0x70, 0x00, 0x00, 0x00, 0x20, 0x00, 0x70,
    0x0F, 0xF8, 0x0F, 0x7C, 0x0F, 0x3E, 0x0F, 0x1F, 0x0F, 0x0F, 0x8F, 0x07, 0xCF, 0x03, 0xEF, 0x01,
    0xFF, 0x00, 0xFF, 0x00, 0x7F, 0x7F, 0xFF, 0x7F, 0xFF, 0x7F, 0xFF, 0x7F, 0xFF, 0x00, 0x06, 0x78,
    0x07, 0xBC, 0x07, 0xDE, 0x07, 0xEF, 0x07, 0xE7, 0x87, 0xE3, 0xC7, 0xE1, 0xE7, 0xE0, 0xF7, 0xE0,
    0x7F, 0xE0, 0x3F, 0xE0, 0x1F, 0xE0, 0x0F, 0xFF, 0xE7, 0xFF, 0xF3, 0xFF, 0xF9, 0xFF, 0xFC, 0x00,
    0x00, 0x0F, 0x80, 0x00, 0x00, 0x3F, 0x80, 0x01, 0x00, 0xFF, 0x00, 0x0E, 0x03, 0xFC, 0x00, 0x7C,
    0x00, 0xF8, 0x03, 0xE0, 0x01, 0xE0, 0x1F, 0x00, 0x07, 0x80, 0xF8, 0x00, 0x1E, 0x07, 0xC0, 0x00,
    0x78, 0x3E, 0x00, 0x03, 0xE1, 0xF0, 0x00, 0x1F, 0x8F, 0xFF, 0xFF, 0xFC, 0x7F, 0xFF, 0xFF, 0xE1,
    0xFF, 0xFF, 0xFF, 0x03, 0xFF, 0xFF, 0xF0, 0x07, 0xE0, 0x00, 0x00, 0x0F, 0xC0, 0x00, 0x00, 0x1F,
    0x80, 0x00, 0x00, 0x3F, 0x00, 0x00, 0x00, 0x7E, 0x00, 0x00, 0x00, 0xFC, 0x00, 0x00, 0x01, 0xE0,
    0x00, 0x00, 0x03, 0x00, 0x00, 0x00, 0x00, 0x00, 0x00, 0x0F, 0xC0, 0x00, 0x00, 0xFE, 0x00, 0x00,
    0x0F, 0xF0, 0x08, 0x00, 0xFF, 0x00, 0xE0, 0x07, 0xC0, 0x0F, 0x80, 0x7C, 0x00, 0x7E, 0x03, 0xE0,
    0x01, 0xF8, 0x1F, 0x00, 0x07, 0xE0, 0xF8, 0x00, 0x1F, 0x87, 0xC0, 0x00, 0x3E, 0x1F, 0x80, 0x00,
    0xF8, 0xFF, 0xFF, 0xFF, 0xE3, 0xFF, 0xFF, 0xFF, 0x8F, 0xFF, 0xFF, 0xFC, 0x0F, 0xFF, 0xFF, 0xC0,
    0x00, 0x00, 0xFC, 0x00, 0x00, 0x0F, 0xC0, 0x00, 0x00, 0xFC, 0x00, 0x00, 0x0F, 0xC0, 0x00, 0x00,
    0xFC, 0x00, 0x00, 0x0F, 0xC0, 0x00, 0x00, 0x7C, 0x00, 0x00, 0x01, 0xC0, 0x00, 0x00, 0x00, 0x00,
    0x01, 0x00, 0x00, 0x01, 0x80, 0x00, 0x01, 0xC0, 0x00, 0x01, 0xE0, 0x00, 0x01, 0xF0, 0x00, 0x01,
    0xFF, 0xFF, 0xFD, 0xFF, 0xFF, 0xFE, 0xFF, 0xFF, 0xFF, 0x3F, 0xFF, 0xFF, 0x8F, 0x80, 0x03, 0xC3,
    0xC0, 0x01, 0xE0, 0xE0, 0x00, 0xF0, 0x30, 0x00, 0x78, 0x08, 0x00, 0x3C, 0x00, 0x00, 0x1E, 0x00,
    0x00, 0x0F, 0x00, 0x00, 0x07, 0x80, 0x00, 0x03, 0xC0, 0x00, 0x01, 0xE0, 0x00, 0x00, 0xF0, 0x00,
    0x00, 0x78, 0x00, 0x00, 0x3C, 0x00, 0x00, 0x40, 0x00, 0x00, 0x30, 0x00, 0x00, 0x1C, 0x00, 0x00,
    0x0F, 0x00, 0x00, 0x07, 0xC7, 0xFF, 0xFF, 0xF3, 0xFF, 0xFF, 0xFD, 0xFF, 0xFF, 0xFF, 0xFF, 0xFF,
    0xFF, 0x7C, 0x00, 0x3F, 0x3E, 0x00, 0x1F, 0x1F, 0x00, 0x0F, 0x0F, 0x80, 0x07, 0x07, 0xC0, 0x03,
    0x03, 0xE0, 0x00, 0x01, 0xF0, 0x00, 0x00, 0xF8, 0x00, 0x00, 0x7C, 0x00, 0x00, 0x3E, 0x00, 0x00,
    0x1F, 0x00, 0x00, 0x0F, 0x80, 0x00, 0x07, 0xC0, 0x00, 0x00, 0x70, 0x00, 0x00, 0x7C, 0x00, 0x00,
    0x3E, 0x00, 0x00, 0x1F, 0x00, 0x00, 0x0F, 0x80, 0x00, 0x07, 0xC0, 0x00, 0x03, 0xE0, 0x01, 0x81,
    0xF0, 0x00, 0xE0, 0xF8, 0x00, 0x78, 0x7C, 0x00, 0x3E, 0x3E, 0x00, 0x1F, 0x9F, 0xFF, 0xFF, 0xEF,
    0xFF, 0xFF, 0xFF, 0xFF, 0xFF, 0xF9, 0xFF, 0xFF, 0xF8, 0x00, 0x00, 0xF8, 0x00, 0x00, 0x78, 0x00,
    0x00, 0x38, 0x00, 0x00, 0x18, 0x00, 0x00, 0x08, 0x00, 0x7F, 0xFF, 0x03, 0xFF, 0xFC, 0x0F, 0xFF,
    0xF0, 0x3F, 0xFF, 0xC0, 0x7F, 0xFF, 0x00, 0x00, 0x3C, 0x00, 0x00, 0xF0, 0x00, 0x03, 0xC0, 0x00,
    0x0F, 0x00, 0x00, 0x3C, 0x00, 0x00, 0xF0, 0x00, 0x03, 0xC0, 0x00, 0x0F, 0x00, 0x00, 0x3C, 0x00,
    0x00, 0xF0, 0x00, 0x7F, 0xFE, 0x00, 0xFF, 0xF0, 0x01, 0xFF, 0x80, 0x03, 0xFC, 0x00, 0x07, 0xE0,
    0x00, 0x0F, 0x80, 0x00, 0x1C, 0x00, 0x00, 0x00, 0x00, 0x00, 0x00, 0x07, 0x00, 0x00, 0x03, 0xC0,
    0x00, 0x01, 0xE0, 0x00, 0x00, 0xF0, 0x00, 0x00, 0x78, 0x00, 0x00, 0x3C, 0x04, 0x00, 0x1E, 0x06,
    0x00, 0x0F, 0x07, 0x00, 0x07, 0x87, 0x80, 0x03, 0xC7, 0xC0, 0x01, 0xE7, 0xFF, 0xFF, 0xF7, 0xFF,
    0xFF, 0xFB, 0xFF, 0xFF, 0xFC, 0xFF, 0xFF, 0xFE, 0x3E, 0x00, 0x00, 0x0F, 0x00, 0x00, 0x03, 0x80,
    0x00, 0x00, 0xC0, 0x00, 0x00, 0x20, 0x00, 0x00, 0x00, 0x00, 0x00, 0x00, 0xC0, 0x00, 0x07, 0x00,
    0x00, 0x3C, 0x00, 0x01, 0xF0, 0x00, 0x0F, 0xC0, 0x00, 0x7F, 0xF0, 0x03, 0xFF, 0xE0, 0x07, 0xFF,
    0xC0, 0x0F, 0xFF, 0x80, 0x1F, 0x3F, 0x00, 0x3C, 0x3E, 0x00, 0x70, 0xF8, 0x00, 0xC1, 0xE0, 0x01,
    0x07, 0xC0, 0x00, 0x0F, 0xF0, 0x00, 0x3F, 0xC0, 0x00, 0xFF, 0x00, 0x07, 0xFE, 0x00, 0x1E, 0x78,
    0x00, 0xF9, 0xF0, 0x07, 0xE3, 0xF0, 0x3F, 0x07, 0xFF, 0xF8, 0x1F, 0xFF, 0xC0, 0x1F, 0xFE, 0x00,
    0x1F, 0xE0, 0x00, 0x00, 0x00, 0x00, 0x00, 0xC0, 0x00, 0x03, 0x80, 0x00, 0x0F, 0x00, 0x00, 0x3E,
    0x00, 0x01, 0xFC, 0x00, 0x3F, 0xF8, 0x03, 0xFF, 0xF0, 0x1F, 0xFF, 0x80, 0xFF, 0xFC, 0x03, 0xE3,
    0xE0, 0x1F, 0x0F, 0x00, 0x78, 0x38, 0x03, 0xE0, 0xC0, 0x0F, 0x02, 0x00, 0x3C, 0x00, 0x00, 0xF0,
    0x00, 0x3F, 0xC0, 0x00, 0xFF, 0x00, 0x07, 0xFE, 0x00, 0x1E, 0x78, 0x00, 0xF9, 0xF0, 0x07, 0xE3,
    0xF0, 0x3F, 0x07, 0xFF, 0xF8, 0x1F, 0xFF, 0xC0, 0x1F, 0xFE, 0x00, 0x1F, 0xE0, 0x00, 0x00, 0x10,
    0x00, 0x00, 0x70, 0x00, 0x01, 0xF0, 0x00, 0x07, 0xC0, 0x00, 0x1F, 0x00, 0x00, 0x7C, 0x00, 0x01,
    0xFF, 0xFF, 0x07, 0xFF, 0xFE, 0x1F, 0xFF, 0xFC, 0x7F, 0xFF, 0xF9, 0xF0, 0x00, 0x03, 0xFF, 0xFF,
    0xE3, 0xFF, 0xFF, 0xC3, 0xFF, 0xFF, 0x83, 0xFF, 0xFF, 0x03, 0xFF, 0xFE, 0x03, 0xF0, 0x00, 0x03,
    0xF0, 0x00, 0x03, 0xF0, 0x00, 0x03, 0xC0, 0x00, 0x03, 0x00, 0x00, 0x00, 0x00, 0x00, 0x00, 0x10,
    0x00, 0x00, 0xE0, 0x00, 0x07, 0xC0, 0x00, 0x0F, 0x80, 0x00, 0x1F, 0x00, 0x00, 0x3E, 0x0F, 0xFF,
    0xFC, 0x3F, 0xFF, 0xF8, 0xFF, 0xFF, 0xF3, 0xFF, 0xFF, 0xE0, 0x00, 0x07, 0xDF, 0xFF, 0xFF, 0xFF,
    0xFF, 0xFB, 0xFF, 0xFF, 0xCF, 0xFF, 0xFE, 0x1F, 0xFF, 0xF0, 0x00, 0x1F, 0x80, 0x00, 0xFC, 0x00,
    0x07, 0xE0, 0x00, 0x1F, 0x00, 0x00, 0x38, 0x00, 0x00, 0x00, 0x00, 0x00, 0x10, 0x01, 0x00, 0x00,
    0x07, 0x00, 0x70, 0x00, 0x01, 0xF0, 0x1F, 0x00, 0x00, 0x7C, 0x01, 0xF0, 0x00, 0x1F, 0x00, 0x1F,
    0x00, 0x07, 0xC0, 0x01, 0xF0, 0x01, 0xFF, 0xFF, 0xFF, 0x00, 0x7F, 0xFF, 0xFF, 0xF0, 0x1F, 0xFF,
    0xFF, 0xFF, 0x07, 0xFF, 0xFF, 0xFF, 0xF1, 0xF0, 0x00, 0x00, 0x1F, 0x3F, 0xFF, 0xFF, 0xFF, 0xE3,
    0xFF, 0xFF, 0xFF, 0xF8, 0x3F, 0xFF, 0xFF, 0xFE, 0x03, 0xFF, 0xFF, 0xFF, 0x80, 0x3F, 0xFF, 0xFF,
    0xE0, 0x03, 0xF0, 0x01, 0xF8, 0x00, 0x3F, 0x00, 0x7E, 0x00, 0x03, 0xF0, 0x1F, 0x80, 0x00, 0x3C,
    0x01, 0xE0, 0x00, 0x03, 0x00, 0x18, 0x00, 0x00, 0x00, 0x00, 0x00, 0x00, 0x00, 0x00, 0x06, 0x00,
    0x1E, 0x00, 0x7E, 0x01, 0xFE, 0x07, 0xFE, 0x1F, 0xFE, 0x7F, 0xFE, 0x07, 0x80, 0x0F, 0x00, 0xFF,
    0xC1, 0xFF, 0x83, 0xFF, 0x07, 0xFE, 0x01, 0xE0, 0x1F, 0xF8, 0x3F, 0xF0, 0x7F, 0xE0, 0xFF, 0xC0,
    0x3C, 0x00, 0x78, 0x00, 0xF0, 0x01, 0xE0, 0x00, 0x07, 0x80, 0x0F, 0x00, 0x1E, 0x00, 0x3C, 0x03,
    0xFF, 0x07, 0xFE, 0x0F, 0xFC, 0x1F, 0xF8, 0x07, 0x80, 0x7F, 0xE0, 0xFF, 0xC1, 0xFF, 0x83, 0xFF,
    0x00, 0xF0, 0x01, 0xE0, 0x7F, 0xFE, 0x7F, 0xFC, 0x7F, 0xF0, 0x7F, 0xC0, 0x7F, 0x00, 0x7C, 0x00,
    0x70, 0x00, 0x40, 0x00, 0xF0, 0x00, 0x00, 0x3C, 0x06, 0x00, 0x0F, 0x03, 0x80, 0x03, 0xC1, 0xE0,
    0x00, 0xF0, 0xF8, 0x00, 0x3C, 0x7F, 0xFF, 0xFF, 0x3F, 0xFF, 0xFF, 0xCF, 0xFF, 0xFF, 0xF1, 0xFF,
    0xFF, 0xFC, 0x3F, 0x00, 0x0F, 0x07, 0x80, 0x03, 0xC0, 0xE0, 0x00, 0xF0, 0x18, 0x00, 0x3C, 0x02,
    0x00, 0x0F, 0x00, 0x00, 0x00, 0x00, 0x04, 0x03, 0xC0, 0x01, 0x80, 0xF0, 0x00, 0x70, 0x3C, 0x00,
    0x1E, 0x0F, 0x00, 0x07, 0xC3, 0xFF, 0xFF, 0xF8, 0xFF, 0xFF, 0xFF, 0x3F, 0xFF, 0xFF, 0xEF, 0xFF,
    0xFF, 0xF3, 0xC0, 0x01, 0xF8, 0xF0, 0x00, 0x7C, 0x3C, 0x00, 0x1E, 0x0F, 0x00, 0x07, 0x03, 0xC0,
    0x01, 0x80, 0xF0, 0x00, 0x00, 0x3C, 0x00, 0x06, 0x00, 0x00, 0x00, 0xF0, 0x00, 0x00, 0x1F, 0x80,
    0x00, 0x03, 0xFC, 0x00, 0x00, 0x7F, 0xE0, 0x00, 0x0F, 0x9F, 0x00, 0x01, 0xF0, 0xF8, 0x00, 0x3E,
    0x07, 0xC0, 0x07, 0xC0, 0x3E, 0x00, 0xF8, 0x01, 0xF0, 0x1F, 0x00, 0x0F, 0x83, 0xFE, 0x07, 0xFC,
    0x7F, 0xE0, 0x7F, 0xEF, 0xFE, 0x07, 0xFF, 0x01, 0xE0, 0x78, 0x00, 0x1E, 0x07, 0x80, 0x01, 0xE0,
    0x78, 0x00, 0x1E, 0x07, 0x80, 0x01, 0xE0, 0x78, 0x00, 0x1E, 0x07, 0x80, 0x01, 0xFF, 0xF8, 0x00,
    0x1F, 0xFF, 0x80, 0x01, 0xFF, 0xF8, 0x00, 0x00, 0x06, 0x00, 0x00, 0x00, 0xF0, 0x00, 0x00, 0x1F,
    0x80, 0x00, 0x03, 0xFC, 0x00, 0x00, 0x7F, 0xE0, 0x00, 0x0F, 0x9F, 0x00, 0x01, 0xF0, 0xF8, 0x00,
    0x3E, 0x07, 0xC0, 0x07, 0xC0, 0x3E, 0x00, 0xF8, 0x01, 0xF0, 0x1F, 0x00, 0x0F, 0x83, 0xFE, 0x07,
    0xFC, 0x7F, 0xE0, 0x7F, 0xEF, 0xFE, 0x07, 0xFF, 0x01, 0xE0, 0x78, 0x00, 0x1E, 0x07, 0x80, 0x01,
    0xFF, 0xF8, 0x00, 0x1F, 0xFF, 0x80, 0x01, 0xFF, 0xF8, 0x00, 0x1F, 0xFF, 0x80, 0x00, 0x00, 0x00,
    0x00, 0x1F, 0xFF, 0x80, 0x01, 0xFF, 0xF8, 0x00, 0x1F, 0xFF, 0x80, 0x01, 0xE0, 0x78, 0x00, 0x1E,
    0x07, 0x80, 0x01, 0xFF, 0xF8, 0x00, 0x1F, 0xFF, 0x80, 0x01, 0xFF, 0xF8, 0x00, 0x0F, 0x80, 0x3F,
    0xE0, 0x3F, 0xF8, 0x3F, 0xF8, 0x10, 0xFC, 0x00, 0x7C, 0x00, 0x3E, 0x0F, 0xDE, 0x3F, 0xFE, 0x7F,
    0xFE, 0x7F, 0xFF, 0xFC, 0x3F, 0xF8, 0x3F, 0xF8, 0x1F, 0xF8, 0x1E, 0xF8, 0x3E, 0xF8, 0x3E, 0xF8,
    0x3E, 0x7F, 0xFC, 0x7F, 0xFC, 0x3F, 0xF8, 0x1F, 0xF0, 0x03, 0x80, 0x00, 0x00, 0x81, 0xFE, 0x70,
    0xFF, 0xF8, 0x7F, 0xFC, 0x3F, 0xFF, 0x1F, 0x87, 0xE7, 0xC3, 0xF9, 0xE1, 0xDE, 0xF8, 0xE7, 0xFE,
    0x71, 0xF7, 0xB8, 0x79, 0xFC, 0x3E, 0x7E, 0x1F, 0x8F, 0xFF, 0xC3, 0xFF, 0xF1, 0xFF, 0xF8, 0xE7,
    0xF8, 0x10, 0x30, 0x00, 0x00, 0xF8, 0x00, 0x0F, 0xE0, 0x00, 0x7F, 0x00, 0x03, 0xFC, 0x00, 0x3F,
    0xE0, 0x01, 0xFF, 0x00, 0x0F, 0xFC, 0x00, 0xFB, 0xE0, 0x07, 0xDF, 0x80, 0x3E, 0x7C, 0x03, 0xE3,
    0xE0, 0x1F, 0x1F, 0x81, 0xF8, 0x7C, 0x0F, 0x83, 0xE0, 0x7C, 0x1F, 0x87, 0xE0, 0x7C, 0x3E, 0x03,
    0xE1, 0xF0, 0x1F, 0x9F, 0xFF, 0xFC, 0xFF, 0xFF, 0xE7, 0xFF, 0xFF, 0xFF, 0xFF, 0xFC, 0xFF, 0xFF,
    0x7F, 0xFF, 0xFF, 0xFF, 0xFF, 0xFF, 0xFF, 0xFF, 0xFF, 0xC0, 0x7F, 0xE0, 0x3F, 0xF0, 0x1F, 0xF8,
    0x0F, 0xFC, 0x07, 0xFE, 0x03, 0xFF, 0x01, 0xFF, 0x80, 0xFF, 0xC0, 0x7F, 0xE0, 0x3F, 0xF0, 0x1F,
    0xF8, 0x0F, 0xFC, 0x07, 0xFE, 0x03, 0xFF, 0x01, 0xFF, 0x80, 0xFF, 0xC0, 0x7F, 0xE0, 0x3F, 0xF0,
    0x1F, 0xF8, 0x0F, 0xFC, 0x07, 0xC0, 0xFF, 0xFF, 0xBF, 0xFF, 0xEF, 0xFF, 0xFB, 0xFF, 0xFE, 0x7F,
    0xFF, 0x8F, 0xC0, 0x01, 0xF0, 0x00, 0x7E, 0x00, 0x0F, 0xC0, 0x01, 0xF8, 0x00, 0x3F, 0x00, 0x07,
    0xC0, 0x00, 0xF8, 0x00, 0x3E, 0x00, 0x1F, 0x80, 0x0F, 0xC0, 0x07, 0xE0, 0x01, 0xF0, 0x00, 0xFC,
    0x00, 0x7E, 0x00, 0x3F, 0x00, 0x1F, 0x80, 0x07, 0xFF, 0xFF, 0xFF, 0xFF, 0xFF, 0xFF, 0xFF, 0xFF,
    0xF0, 0x7F, 0xFE, 0xFF, 0xFE, 0xFF, 0xFE, 0xFF, 0xFE, 0xFF, 0xFE, 0x00, 0x07, 0x80, 0x03, 0xC0,
    0x03, 0xE0, 0x01, 0xE0, 0x00, 0xF0, 0x00, 0x78, 0x00, 0x78, 0x00, 0x3C, 0x00, 0x1E, 0x00, 0x1F,
    0x00, 0x0F, 0x1F, 0xC7, 0x8F, 0xE3, 0xC7, 0xFB, 0xC1, 0xFD, 0xE0, 0x1E, 0xF0, 0x0F, 0xF0, 0x03,
    0xF8, 0x01, 0xFC, 0x00, 0x7E, 0x00, 0x3E, 0x00, 0x1F, 0x00, 0x07, 0x80, 0x3C, 0x03, 0xFC, 0x1F,
    0xE0, 0xFF, 0xCF, 0xFE, 0x3F, 0xFF, 0xFF, 0xEF, 0xFF, 0xFF, 0xFD, 0xF0, 0xFF, 0x87, 0xBC, 0x0F,
    0xC0, 0xFF, 0x81, 0xF8, 0x1F, 0xF8, 0x7F, 0xC3, 0xDF, 0xFF, 0xFF, 0xF9, 0xFF, 0xFF, 0xFF, 0x1F,
    0xF9, 0xFF, 0xC1, 0xFE, 0x0F, 0xF0, 0x0F, 0x00, 0x78, 0x00, 0x01, 0xF0, 0x7F, 0x0F, 0xF0, 0xFF,
    0x1F, 0x81, 0xF0, 0x1F, 0x01, 0xF0, 0x1F, 0x01, 0xF0, 0x1F, 0x01, 0xF0, 0x1F, 0x01, 0xF0, 0x1F,
    0x01, 0xF0, 0x1F, 0x01, 0xF0, 0x1F, 0x01, 0xF0, 0x1F, 0x01, 0xF0, 0x1F, 0x01, 0xF0, 0x1F, 0x01,
    0xF0, 0xFF, 0x0F, 0xF0, 0xFE, 0x0F, 0xC0, 0x73, 0xEF, 0xBE, 0xF8, 0x80, 0x00, 0x00, 0x00, 0x1C,
    0xFB, 0xEF, 0xBE, 0x20, 0x3E, 0x0F, 0x7F, 0x8F, 0xFF, 0xFF, 0xFF, 0xFE, 0xF1, 0xFE, 0xF0, 0xFC,
    0x08, 0x30, 0x3F, 0x0F, 0x7F, 0x8F, 0xFF, 0xFF, 0xFF, 0xFE, 0xF1, 0xFE, 0xF0, 0xFC, 0x00, 0x78,
    0x00, 0xF0, 0x03, 0xC7, 0xFF, 0xFF, 0xFF, 0xFF, 0xFF, 0xFF, 0xFF, 0x81, 0xE0, 0x03, 0xC0, 0x0F,
    0x03, 0xFF, 0xFF, 0xFF, 0xFF, 0xFF, 0xFF, 0xFF, 0xC7, 0xC0, 0x0F, 0x00, 0x1E, 0x00, 0x00, 0x06,
    0x00, 0x7E, 0x07, 0xFE, 0x3F, 0xFE, 0xFF, 0xF8, 0xFF, 0x80, 0xFF, 0x80, 0xFF, 0xF8, 0x3F, 0xFE,
    0x03, 0xFE, 0x00, 0x7E, 0x00, 0x06, 0x7F, 0xFE, 0xFF, 0xFE, 0xFF, 0xFE, 0xFF, 0xFE, 0x7F, 0xFE,
    0xE0, 0x00, 0xFE, 0x00, 0xFF, 0xC0, 0xFF, 0xFC, 0x1F, 0xFE, 0x01, 0xFE, 0x01, 0xFE, 0x3F, 0xFE,
    0xFF, 0xF8, 0xFF, 0xC0, 0xFC, 0x00, 0xE0, 0x00, 0x7F, 0xFE, 0xFF, 0xFE, 0xFF, 0xFE, 0xFF, 0xFE,
    0x7F, 0xFE, 0x00, 0x00, 0xFF, 0x00, 0x00, 0x00, 0x03, 0xFF, 0xF8, 0x00, 0x00, 0x07, 0xFF, 0xFF,
    0x00, 0x00, 0x0F, 0xFF, 0xFF, 0xE0, 0x00, 0x0F, 0xF0, 0x07, 0xF8, 0x00, 0x0F, 0xC0, 0x00, 0xFE,
    0x00, 0x0F, 0x80, 0x00, 0x1F, 0x80, 0x0F, 0x80, 0x00, 0x07, 0xE0, 0x0F, 0x80, 0x00, 0x00, 0xF8,
    0x0F, 0x80, 0x00, 0x00, 0x3C, 0x07, 0x80, 0x0F, 0x00, 0x1F, 0x07, 0x80, 0x07, 0x80, 0x07, 0xC3,
    0xC0, 0x03, 0xC0, 0x01, 0xE3, 0xC0, 0x01, 0xE0, 0x00, 0xF1, 0xE0, 0x00, 0xF0, 0x00, 0x3C, 0xF0,
    0x00, 0x78, 0x00, 0x1E, 0xF0, 0x00, 0x3C, 0x00, 0x0F, 0x78, 0x00, 0x1E, 0x00, 0x07, 0xBC, 0x0F,
    0xFF, 0xFF, 0x01, 0xDE, 0x07, 0xFF, 0xFF, 0x80, 0xFF, 0x03, 0xFF, 0xFF, 0xC0, 0x7F, 0x81, 0xFF,
    0xFF, 0xE0, 0x3F, 0xC0, 0x00, 0xF0, 0x00, 0x1D, 0xE0, 0x00, 0x78, 0x00, 0x1E, 0xF0, 0x00, 0x3C,
    0x00, 0x0F, 0x3C, 0x00, 0x1E, 0x00, 0x07, 0x9E, 0x00, 0x0F, 0x00, 0x03, 0xCF, 0x00, 0x07, 0x80,
    0x03, 0xC3, 0xC0, 0x03, 0xC0, 0x01, 0xE1, 0xF0, 0x01, 0xE0, 0x01, 0xE0, 0x78, 0x00, 0x00, 0x01,
    0xF0, 0x3E, 0x00, 0x00, 0x01, 0xF0, 0x0F, 0x80, 0x00, 0x01, 0xF8, 0x03, 0xE0, 0x00, 0x01, 0xF8,
    0x00, 0xFC, 0x00, 0x01, 0xF8, 0x00, 0x3F, 0x80, 0x03, 0xF8, 0x00, 0x0F, 0xF8, 0x0F, 0xF8, 0x00,
    0x03, 0xFF, 0xFF, 0xF0, 0x00, 0x00, 0x7F, 0xFF, 0xE0, 0x00, 0x00, 0x0F, 0xFF, 0xC0, 0x00, 0x00,
    0x00, 0x3E, 0x00, 0x00, 0x00, 0x00, 0x00, 0xFF, 0x00, 0x00, 0x00, 0x03, 0xFF, 0xF8, 0x00, 0x00,
    0x07, 0xFF, 0xFF, 0x00, 0x00, 0x0F, 0xFF, 0xFF, 0xE0, 0x00, 0x0F, 0xF0, 0x07, 0xF8, 0x00, 0x0F,
    0xC0, 0x00, 0xFE, 0x00, 0x0F, 0x80, 0x00, 0x1F, 0x80, 0x0F, 0x80, 0x00, 0x07, 0xE0, 0x0F, 0x80,
    0x00, 0x00, 0xF8, 0x0F, 0x80, 0x00, 0x00, 0x3C, 0x07, 0x80, 0x00, 0x00, 0x1F, 0x07, 0x80, 0x00,
    0x00, 0x07, 0xC3, 0xC0, 0x00, 0x00, 0x01, 0xE3, 0xC0, 0x00, 0x00, 0x00, 0xF1, 0xE0, 0x00, 0x00,
    0x00, 0x3C, 0xF0, 0x00, 0x00, 0x00, 0x1E, 0xF0, 0x00, 0x00, 0x00, 0x0F, 0x78, 0x00, 0x00, 0x00,
    0x07, 0xBC, 0x01, 0xFF, 0xFC, 0x01, 0xDE, 0x00, 0xFF, 0xFE, 0x00, 0xFF, 0x00, 0x7F, 0xFF, 0x00,
    0x7F, 0x80, 0x3F, 0xFF, 0x80, 0x3F, 0xC0, 0x1F, 0xFF, 0xC0, 0x1D, 0xE0, 0x00, 0x00, 0x00, 0x1E,
    0xF0, 0x00, 0x00, 0x00, 0x0F, 0x3C, 0x00, 0x00, 0x00, 0x07, 0x9E, 0x00, 0x00, 0x00, 0x03, 0xCF,
    0x00, 0x00, 0x00, 0x03, 0xC3, 0xC0, 0x00, 0x00, 0x01, 0xE1, 0xF0, 0x00, 0x00, 0x01, 0xE0, 0x78,
    0x00, 0x00, 0x01, 0xF0, 0x3E, 0x00, 0x00, 0x01, 0xF0, 0x0F, 0x80, 0x00, 0x01, 0xF8, 0x03, 0xE0,
    0x00, 0x01, 0xF8, 0x00, 0xFC, 0x00, 0x01, 0xF8, 0x00, 0x3F, 0x80, 0x03, 0xF8, 0x00, 0x0F, 0xF8,
    0x0F, 0xF8, 0x00, 0x03, 0xFF, 0xFF, 0xF0, 0x00, 0x00, 0x7F, 0xFF, 0xE0, 0x00, 0x00, 0x0F, 0xFF,
    0xC0, 0x00, 0x00, 0x00, 0x3E, 0x00, 0x00, 0x00, 0x00, 0x00, 0xFF, 0x00, 0x00, 0x00, 0x03, 0xFF,
    0xF8, 0x00, 0x00, 0x07, 0xFF, 0xFF, 0x00, 0x00, 0x0F, 0xFF, 0xFF, 0xE0, 0x00, 0x0F, 0xF0, 0x07,
    0xF8, 0x00, 0x0F, 0xC0, 0x00, 0xFE, 0x00, 0x0F, 0x80, 0x00, 0x1F, 0x80, 0x0F, 0x80, 0x00, 0x07,
    0xE0, 0x0F, 0x80, 0x00, 0x00, 0xF8, 0x0F, 0x80, 0x00, 0x00, 0x3C, 0x07, 0x80, 0x00, 0x00, 0x1F,
    0x07, 0x80, 0x00, 0x00, 0x07, 0xC3, 0xC0, 0x00, 0x00, 0x01, 0xE3, 0xC0, 0x18, 0x06, 0x00, 0xF1,
    0xE0, 0x1E, 0x07, 0x80, 0x3C, 0xF0, 0x0F, 0x87, 0xE0, 0x1E, 0xF0, 0x07, 0xE7, 0xE0, 0x0F, 0x78,
    0x01, 0xFF, 0xE0, 0x07, 0xBC, 0x00, 0x7F, 0xE0, 0x01, 0xDE, 0x00, 0x1F, 0xE0, 0x00, 0xFF, 0x00,
    0x07, 0xF0, 0x00, 0x7F, 0x80, 0x07, 0xF8, 0x00, 0x3F, 0xC0, 0x07, 0xFE, 0x00, 0x1D, 0xE0, 0x07,
    0xFF, 0x80, 0x1E, 0xF0, 0x07, 0xE7, 0xE0, 0x0F, 0x3C, 0x03, 0xE1, 0xF8, 0x07, 0x9E, 0x01, 0xE0,
    0x78, 0x03, 0xCF, 0x00, 0x60, 0x18, 0x03, 0xC3, 0xC0, 0x00, 0x00, 0x01, 0xE1, 0xF0, 0x00, 0x00,
    0x01, 0xE0, 0x78, 0x00, 0x00, 0x01, 0xF0, 0x3E, 0x00, 0x00, 0x01, 0xF0, 0x0F, 0x80, 0x00, 0x01,
    0xF8, 0x03, 0xE0, 0x00, 0x01, 0xF8, 0x00, 0xFC, 0x00, 0x01, 0xF8, 0x00, 0x3F, 0x80, 0x03, 0xF8,
    0x00, 0x0F, 0xF8, 0x0F, 0xF8, 0x00, 0x03, 0xFF, 0xFF, 0xF0, 0x00, 0x00, 0x7F, 0xFF, 0xE0, 0x00,
    0x00, 0x0F, 0xFF, 0xC0, 0x00, 0x00, 0x00, 0x3E, 0x00, 0x00, 0x00, 0x00, 0x00, 0xFF, 0x00, 0x00,
    0x00, 0x03, 0xFF, 0xF8, 0x00, 0x00, 0x07, 0xFF, 0xFF, 0x00, 0x00, 0x0F, 0xFF, 0xFF, 0xE0, 0x00,
    0x0F, 0xF0, 0x07, 0xF8, 0x00, 0x0F, 0xC0, 0x00, 0xFE, 0x00, 0x0F, 0x80, 0x00, 0x1F, 0x80, 0x0F,
    0x80, 0x00, 0x07, 0xE0, 0x0F, 0x80, 0x00, 0x00, 0xF8, 0x0F, 0x80, 0x00, 0x00, 0x3C, 0x07, 0x80,
    0x00, 0x00, 0x1F, 0x07, 0x80, 0x00, 0x08, 0x07, 0xC3, 0xC0, 0x00, 0x0E, 0x01, 0xE3, 0xC0, 0x00,
    0x0F, 0x80, 0xF1, 0xE0, 0x00, 0x0F, 0xC0, 0x3C, 0xF0, 0x00, 0x0F, 0xC0, 0x1E, 0xF0, 0x00, 0x07,
    0xC0, 0x0F, 0x78, 0x00, 0x07, 0xE0, 0x07, 0xBC, 0x00, 0x07, 0xE0, 0x01, 0xDE, 0x00, 0x07, 0xE0,
    0x00, 0xFF, 0x00, 0x07, 0xE0, 0x00, 0x7F, 0x80, 0x07, 0xE0, 0x00, 0x3F, 0xC0, 0x03, 0xE0, 0x00,
    0x1D, 0xE0, 0x03, 0xF0, 0x00, 0x1E, 0xF0, 0x03, 0xF0, 0x00, 0x0F, 0x3C, 0x03, 0xF0, 0x00, 0x07,
    0x9E, 0x03, 0xF0, 0x00, 0x03, 0xCF, 0x01, 0xF0, 0x00, 0x03, 0xC3, 0xC0, 0x70, 0x00, 0x01, 0xE1,
    0xF0, 0x00, 0x00, 0x01, 0xE0, 0x78, 0x00, 0x00, 0x01, 0xF0, 0x3E, 0x00, 0x00, 0x01, 0xF0, 0x0F,
    0x80, 0x00, 0x01, 0xF8, 0x03, 0xE0, 0x00, 0x01, 0xF8, 0x00, 0xFC, 0x00, 0x01, 0xF8, 0x00, 0x3F,
    0x80, 0x03, 0xF8, 0x00, 0x0F, 0xF8, 0x0F, 0xF8, 0x00, 0x03, 0xFF, 0xFF, 0xF0, 0x00, 0x00, 0x7F,
    0xFF, 0xE0, 0x00, 0x00, 0x0F, 0xFF, 0xC0, 0x00, 0x00, 0x00, 0x3E, 0x00, 0x00, 0x00,
};

static const EpdGlyph inter_14_boldGlyphs[] = {
    { 0, 0, 245, 0, 0, 0, 0 }, // U+0000
    { 0, 0, 108, 0, 0, 0, 0 }, // U+0020
    { 6, 23, 148, 2, 22, 18, 0 }, // !
    { 11, 10, 249, 2, 22, 14, 18 }, // "
    { 19, 22, 300, 0, 22, 53, 32 }, // #
    { 17, 28, 305, 1, 25, 60, 85 }, // $
    { 25, 23, 466, 2, 22, 72, 145 }, // %
    { 19, 23, 311, 1, 22, 55, 217 }, // &
    { 5, 10, 151, 2, 22, 7, 272 }, // '
    { 8, 28, 171, 2, 23, 28, 279 }, // (
    { 9, 28, 171, 0, 23, 32, 307 }, // )
    { 12, 13, 258, 2, 22, 20, 339 }, // *
    { 16, 15, 314, 2, 16, 30, 359 }, // +
    { 6, 10, 147, 1, 4, 8, 389 }, // ,
    { 11, 5, 216, 1, 11, 7, 397 }, // -
    { 6, 6, 147, 2, 5, 5, 404 }, // .
    { 11, 27, 179, 0, 23, 38, 409 }, // /
    { 18, 23, 312, 1, 22, 52, 447 }, // 0
    { 10, 22, 197, 1, 22, 28, 499 }, // 1
    { 16, 22, 291, 1, 22, 44, 527 }, // 2
    { 17, 23, 299, 1, 22, 49, 571 }, // 3
    { 18, 22, 314, 1, 22, 50, 620 }, // 4
    { 16, 23, 288, 1, 22, 46, 670 }, // 5
    { 17, 23, 300, 1, 22, 49, 716 }, // 6
    { 16, 22, 268, 0, 22, 44, 765 }, // 7
    { 17, 23, 300, 1, 22, 49, 809 }, // 8
    { 17, 23, 300, 1, 22, 49, 858 }, // 9
    { 6, 16, 147, 2, 15, 12, 907 }, // :
    { 7, 21, 150, 1, 15, 19, 919 }, // ;
    { 15, 17, 314, 2, 17, 32, 938 }, // <
    { 15, 11, 314, 2, 14, 21, 970 }, // =
    { 16, 17, 314, 2, 17, 34, 991 }, // >
    { 15, 23, 262, 1, 22, 44, 1025 }, // ?
    { 28, 29, 473, 1, 22, 102, 1069 }, // @
    { 21, 22, 345, 0, 22, 58, 1171 }, // A
    { 18, 22, 307, 1, 22, 50, 1229 }, // B
    { 20, 23, 344, 1, 22, 58, 1279 }, // C
    { 19, 22, 335, 1, 22, 53, 1337 }, // D
    { 16, 22, 284, 1, 22, 44, 1390 }, // E
    { 15, 22, 273, 1, 22, 42, 1434 }, // F
    { 20, 23, 349, 1, 22, 58, 1476 }, // G
    { 19, 22, 346, 1, 22, 53, 1534 }, // H
    { 6, 22, 129, 1, 22, 17, 1587 }, // I
    { 16, 23, 270, 0, 22, 46, 1604 }, // J
    { 20, 22, 332, 1, 22, 55, 1650 }, // K
    { 15, 22, 263, 1, 22, 42, 1705 }, // L
    { 25, 22, 431, 1, 22, 69, 1747 }, // M
    { 20, 22, 352, 1, 22, 55, 1816 }, // N
    { 21, 23, 357, 1, 22, 61, 1871 }, // O
    { 17, 22, 301, 1, 22, 47, 1932 }, // P
    { 21, 24, 359, 1, 22, 63, 1979 }, // Q
    { 18, 22, 306, 1, 22, 50, 2042 }, // R
    { 17, 23, 305, 1, 22, 49, 2092 }, // S
    { 19, 22, 308, 0, 22, 53, 2141 }, // T
    { 19, 23, 339, 1, 22, 55, 2194 }, // U
    { 21, 22, 344, 0, 22, 58, 2249 }, // V
    { 30, 22, 480, 0, 22, 83, 2307 }, // W
    { 21, 22, 340, 0, 22, 58, 2390 }, // X
    { 21, 22, 337, 0, 22, 58, 2448 }, // Y
    { 17, 22, 307, 1, 22, 47, 2506 }, // Z
    { 8, 28, 171, 2, 23, 28, 2553 }, // [
    { 11, 27, 179, 0, 23, 38, 2581 }, // <backslash>
    { 8, 28, 171, 1, 23, 28, 2619 }, // ]
    { 14, 10, 225, 0, 21, 18, 2647 }, // ^
    { 14, 4, 222, 0, 0, 7, 2665 }, // _
    { 7, 6, 163, 2, 23, 6, 2672 }, // `
    { 16, 17, 268, 0, 16, 34, 2678 }, // a
    { 17, 23, 291, 1, 22, 49, 2712 }, // b
    { 15, 17, 271, 1, 16, 32, 2761 }, // c
    { 16, 23, 291, 1, 22, 46, 2793 }, // d
    { 16, 17, 274, 1, 16, 34, 2839 }, // e
    { 12, 22, 183, 0, 22, 33, 2873 }, // f
    { 16, 23, 291, 1, 16, 46, 2906 }, // g
    { 16, 22, 287, 1, 22, 44, 2952 }, // h
    { 6, 23, 124, 1, 23, 18, 2996 }, // i
    { 8, 29, 124, -1, 23, 29, 3014 }, // j
    { 16, 22, 268, 1, 22, 44, 3043 }, // k
    { 5, 22, 124, 1, 22, 14, 3087 }, // l
    { 24, 16, 423, 1, 16, 48, 3101 }, // m
    { 16, 16, 287, 1, 16, 32, 3149 }, // n
    { 16, 17, 283, 1, 16, 34, 3181 }, // o
    { 17, 22, 291, 1, 16, 47, 3215 }, // p
    { 16, 22, 291, 1, 16, 44, 3262 }, // q
    { 11, 16, 187, 1, 16, 22, 3306 }, // r
    { 15, 17, 257, 1, 16, 32, 3328 }, // s
    { 11, 21, 171, 0, 20, 29, 3360 }, // t
    { 16, 17, 287, 1, 16, 34, 3389 }, // u
    { 17, 16, 275, 0, 16, 34, 3423 }, // v
    { 25, 16, 393, 0, 16, 50, 3457 }, // w
    { 17, 16, 266, 0, 16, 34, 3507 }, // x
    { 17, 23, 276, 0, 16, 49, 3541 }, // y
    { 14, 16, 262, 1, 16, 28, 3590 }, // z
    { 12, 28, 216, 1, 23, 42, 3618 }, // {
    { 5, 36, 171, 3, 29, 23, 3660 }, // |
    { 11, 28, 216, 1, 23, 39, 3683 }, // }
    { 16, 7, 314, 2, 12, 14, 3722 }, // ~
    { 0, 0, 108, 0, 0, 0, 3736 }, // U+00A0
    { 6, 23, 149, 2, 17, 18, 3736 }, // U+00A1
    { 15, 22, 271, 1, 22, 42, 3754 }, // U+00A2
    { 17, 22, 295, 1, 22, 47, 3796 }, // U+00A3
    { 20, 19, 353, 1, 18, 48, 3843 }, // U+00A4
    { 17, 22, 264, 0, 22, 47, 3891 }, // U+00A5
    { 5, 26, 156, 2, 22, 17, 3938 }, // U+00A6
    { 15, 27, 262, 1, 22, 51, 3955 }, // U+00A7
    { 12, 6, 287, 3, 23, 9, 4006 }, // U+00A8
    { 23, 23, 424, 2, 22, 67, 4015 }, // U+00A9
    { 12, 13, 214, 0, 22, 20, 4082 }, // U+00AA
    { 18, 14, 304, 1, 16, 32, 4102 }, // U+00AB
    { 13, 8, 314, 3, 12, 13, 4134 }, // U+00AC
    { 17, 18, 307, 1, 22, 39, 4147 }, // U+00AE
    { 9, 4, 200, 2, 22, 5, 4186 }, // U+00AF
    { 11, 11, 212, 1, 22, 16, 4191 }, // U+00B0
    { 16, 17, 314, 2, 17, 34, 4207 }, // U+00B1
    { 11, 13, 208, 1, 25, 18, 4241 }, // U+00B2
    { 12, 13, 214, 1, 25, 20, 4259 }, // U+00B3
    { 7, 6, 163, 2, 23, 6, 4279 }, // U+00B4
    { 18, 22, 290, 1, 16, 50, 4285 }, // U+00B5
    { 15, 22, 277, 1, 22, 42, 4335 }, // U+00B6
    { 6, 6, 147, 2, 13, 5, 4377 }, // U+00B7
    { 6, 7, 168, 3, 1, 6, 4382 }, // U+00B8
    { 7, 13, 149, 1, 25, 12, 4388 }, // U+00B9
    { 14, 13, 226, 0, 22, 23, 4400 }, // U+00BA
    { 18, 14, 304, 0, 16, 32, 4423 }, // U+00BB
    { 23, 22, 389, 1, 22, 64, 4455 }, // U+00BC
    { 24, 22, 405, 1, 22, 66, 4519 }, // U+00BD
    { 25, 22, 425, 1, 22, 69, 4585 }, // U+00BE
    { 15, 22, 262, 1, 16, 42, 4654 }, // U+00BF
    { 21, 29, 345, 0, 29, 77, 4696 }, // U+00C0
    { 21, 29, 345, 0, 29, 77, 4773 }, // U+00C1
    { 21, 29, 345, 0, 29, 77, 4850 }, // U+00C2
    { 21, 28, 345, 0, 28, 74, 4927 }, // U+00C3
    { 21, 29, 345, 0, 29, 77, 5001 }, // U+00C4
    { 21, 30, 345, 0, 30, 79, 5078 }, // U+00C5
    { 29, 22, 477, 0, 22, 80, 5157 }, // U+00C6
    { 20, 28, 344, 1, 22, 70, 5237 }, // U+00C7
    { 16, 29, 284, 1, 29, 58, 5307 }, // U+00C8
    { 16, 29, 284, 1, 29, 58, 5365 }, // U+00C9
    { 16, 29, 284, 1, 29, 58, 5423 }, // U+00CA
    { 16, 29, 284, 1, 29, 58, 5481 }, // U+00CB
    { 8, 29, 129, -1, 29, 29, 5539 }, // U+00CC
    { 8, 29, 129, 1, 29, 29, 5568 }, // U+00CD
    { 12, 29, 129, -2, 29, 44, 5597 }, // U+00CE
    { 12, 29, 129, -2, 29, 44, 5641 }, // U+00CF
    { 21, 22, 353, 0, 22, 58, 5685 }, // U+00D0
    { 20, 28, 352, 1, 28, 70, 5743 }, // U+00D1
    { 21, 30, 357, 1, 29, 79, 5813 }, // U+00D2
    { 21, 30, 357, 1, 29, 79, 5892 }, // U+00D3
    { 21, 30, 357, 1, 29, 79, 5971 }, // U+00D4
    { 21, 29, 357, 1, 28, 77, 6050 }, // U+00D5
    { 21, 30, 357, 1, 29, 79, 6127 }, // U+00D6
    { 16, 16, 314, 2, 16, 32, 6206 }, // U+00D7
    { 21, 24, 357, 1, 23, 63, 6238 }, // U+00D8
    { 19, 30, 339, 1, 29, 72, 6301 }, // U+00D9
    { 19, 30, 339, 1, 29, 72, 6373 }, // U+00DA
    { 19, 30, 339, 1, 29, 72, 6445 }, // U+00DB
    { 19, 30, 339, 1, 29, 72, 6517 }, // U+00DC
    { 21, 29, 337, 0, 29, 77, 6589 }, // U+00DD
    { 17, 22, 310, 1, 22, 47, 6666 }, // U+00DE
    { 17, 22, 304, 1, 22, 47, 6713 }, // U+00DF
    { 16, 24, 268, 0, 23, 48, 6760 }, // U+00E0
    { 16, 24, 268, 0, 23, 48, 6808 }, // U+00E1
    { 16, 24, 268, 0, 23, 48, 6856 }, // U+00E2
    { 16, 23, 268, 0, 22, 46, 6904 }, // U+00E3
    { 16, 24, 268, 0, 23, 48, 6950 }, // U+00E4
    { 16, 26, 268, 0, 25, 52, 6998 }, // U+00E5
    { 26, 17, 422, 0, 16, 56, 7050 }, // U+00E6
    { 15, 22, 271, 1, 16, 42, 7106 }, // U+00E7
    { 16, 24, 274, 1, 23, 48, 7148 }, // U+00E8
    { 16, 24, 274, 1, 23, 48, 7196 }, // U+00E9
    { 16, 24, 274, 1, 23, 48, 7244 }, // U+00EA
    { 16, 24, 274, 1, 23, 48, 7292 }, // U+00EB
    { 7, 23, 124, -1, 23, 21, 7340 }, // U+00EC
    { 8, 23, 124, 1, 23, 23, 7361 }, // U+00ED
    { 12, 23, 124, -2, 23, 35, 7384 }, // U+00EE
    { 12, 23, 124, -2, 23, 35, 7419 }, // U+00EF
    { 16, 24, 277, 1, 23, 48, 7454 }, // U+00F0
    { 16, 22, 287, 1, 22, 44, 7502 }, // U+00F1
    { 16, 24, 283, 1, 23, 48, 7546 }, // U+00F2
    { 16, 24, 283, 1, 23, 48, 7594 }, // U+00F3
    { 16, 24, 283, 1, 23, 48, 7642 }, // U+00F4
    { 16, 23, 283, 1, 22, 46, 7690 }, // U+00F5
    { 16, 24, 283, 1, 23, 48, 7736 }, // U+00F6
    { 16, 17, 314, 2, 17, 34, 7784 }, // U+00F7
    { 16, 18, 283, 1, 17, 36, 7818 }, // U+00F8
    { 16, 24, 287, 1, 23, 48, 7854 }, // U+00F9
    { 16, 24, 287, 1, 23, 48, 7902 }, // U+00FA
    { 16, 24, 287, 1, 23, 48, 7950 }, // U+00FB
    { 16, 24, 287, 1, 23, 48, 7998 }, // U+00FC
    { 17, 30, 276, 0, 23, 64, 8046 }, // U+00FD
    { 17, 28, 291, 1, 22, 60, 8110 }, // U+00FE
    { 17, 30, 276, 0, 23, 64, 8170 }, // U+00FF
    { 21, 28, 345, 0, 28, 74, 8234 }, // U+0100
    { 16, 23, 268, 0, 22, 46, 8308 }, // U+0101
    { 21, 29, 345, 0, 29, 77, 8354 }, // U+0102
    { 16, 24, 268, 0, 23, 48, 8431 }, // U+0103
    { 22, 29, 345, 0, 22, 80, 8479 }, // U+0104
    { 16, 23, 268, 0, 16, 46, 8559 }, // U+0105
    { 20, 30, 344, 1, 29, 75, 8605 }, // U+0106
    { 15, 24, 271, 1, 23, 45, 8680 }, // U+0107
    { 20, 30, 344, 1, 29, 75, 8725 }, // U+0108
    { 15, 24, 271, 1, 23, 45, 8800 }, // U+0109
    { 20, 30, 344, 1, 29, 75, 8845 }, // U+010A
    { 15, 24, 271, 1, 23, 45, 8920 }, // U+010B
    { 20, 30, 344, 1, 29, 75, 8965 }, // U+010C
    { 15, 24, 271, 1, 23, 45, 9040 }, // U+010D
    { 19, 29, 335, 1, 29, 69, 9085 }, // U+010E
    { 21, 24, 349, 1, 23, 63, 9154 }, // U+010F
    { 21, 22, 353, 0, 22, 58, 9217 }, // U+0110
    { 18, 23, 291, 1, 22, 52, 9275 }, // U+0111
    { 16, 28, 284, 1, 28, 56, 9327 }, // U+0112
    { 16, 23, 274, 1, 22, 46, 9383 }, // U+0113
    { 16, 29, 284, 1, 29, 58, 9429 }, // U+0114
    { 16, 24, 274, 1, 23, 48, 9487 }, // U+0115
    { 16, 29, 284, 1, 29, 58, 9535 }, // U+0116
    { 16, 24, 274, 1, 23, 48, 9593 }, // U+0117
    { 16, 29, 284, 1, 22, 58, 9641 }, // U+0118
    { 16, 23, 274, 1, 16, 46, 9699 }, // U+0119
    { 16, 29, 284, 1, 29, 58, 9745 }, // U+011A
    { 16, 24, 274, 1, 23, 48, 9803 }, // U+011B
    { 20, 30, 349, 1, 29, 75, 9851 }, // U+011C
    { 16, 30, 291, 1, 23, 60, 9926 }, // U+011D
    { 20, 30, 349, 1, 29, 75, 9986 }, // U+011E
    { 16, 30, 291, 1, 23, 60, 10061 }, // U+011F
    { 20, 30, 349, 1, 29, 75, 10121 }, // U+0120
    { 16, 30, 291, 1, 23, 60, 10196 }, // U+0121
    { 20, 29, 349, 1, 22, 73, 10256 }, // U+0122
    { 16, 31, 291, 1, 24, 62, 10329 }, // U+0123
    { 19, 29, 346, 1, 29, 69, 10391 }, // U+0124
    { 19, 29, 287, -2, 29, 69, 10460 }, // U+0125
    { 23, 22, 374, 0, 22, 64, 10529 }, // U+0126
    { 18, 22, 287, -1, 22, 50, 10593 }, // U+0127
    { 10, 28, 129, -1, 28, 35, 10643 }, // U+0128
    { 11, 22, 124, -2, 22, 31, 10678 }, // U+0129
    { 10, 28, 129, -1, 28, 35, 10709 }, // U+012A
    { 10, 22, 124, -1, 22, 28, 10744 }, // U+012B
    { 10, 29, 129, -1, 29, 37, 10772 }, // U+012C
    { 11, 23, 124, -2, 23, 32, 10809 }, // U+012D
    { 7, 29, 129, 0, 22, 26, 10841 }, // U+012E
    { 8, 30, 124, -1, 23, 30, 10867 }, // U+012F
    { 6, 29, 129, 1, 29, 22, 10897 }, // U+0130
    { 5, 16, 124, 1, 16, 10, 10919 }, // U+0131
    { 23, 23, 399, 1, 22, 67, 10929 }, // U+0132
    { 13, 29, 248, 1, 23, 48, 10996 }, // U+0133
    { 19, 30, 270, 0, 29, 72, 11044 }, // U+0134
    { 12, 29, 124, -2, 23, 44, 11116 }, // U+0135
    { 20, 29, 332, 1, 22, 73, 11160 }, // U+0136
    { 16, 29, 268, 1, 22, 58, 11233 }, // U+0137
    { 16, 16, 271, 1, 16, 32, 11291 }, // U+0138
    { 15, 29, 263, 1, 29, 55, 11323 }, // U+0139
    { 8, 29, 124, 1, 29, 29, 11378 }, // U+013A
    { 15, 29, 263, 1, 22, 55, 11407 }, // U+013B
    { 6, 29, 124, 0, 22, 22, 11462 }, // U+013C
    { 15, 23, 263, 1, 23, 44, 11484 }, // U+013D
    { 11, 23, 182, 1, 23, 32, 11528 }, // U+013E
    { 15, 22, 267, 1, 22, 42, 11560 }, // U+013F
    { 12, 22, 206, 1, 22, 33, 11602 }, // U+0140
    { 17, 22, 282, 0, 22, 47, 11635 }, // U+0141
    { 10, 22, 124, -1, 22, 28, 11682 }, // U+0142
    { 20, 29, 352, 1, 29, 73, 11710 }, // U+0143
    { 16, 23, 287, 1, 23, 46, 11783 }, // U+0144
    { 20, 29, 352, 1, 22, 73, 11829 }, // U+0145
    { 16, 23, 287, 1, 16, 46, 11902 }, // U+0146
    { 20, 29, 352, 1, 29, 73, 11948 }, // U+0147
    { 16, 23, 287, 1, 23, 46, 12021 }, // U+0148
    { 20, 29, 352, 1, 22, 73, 12067 }, // U+014A
    { 16, 23, 287, 1, 16, 46, 12140 }, // U+014B
    { 21, 29, 357, 1, 28, 77, 12186 }, // U+014C
    { 16, 23, 283, 1, 22, 46, 12263 }, // U+014D
    { 21, 30, 357, 1, 29, 79, 12309 }, // U+014E
    { 16, 24, 283, 1, 23, 48, 12388 }, // U+014F
    { 21, 30, 357, 1, 29, 79, 12436 }, // U+0150
    { 16, 24, 283, 1, 23, 48, 12515 }, // U+0151
    { 28, 22, 476, 1, 22, 77, 12563 }, // U+0152
    { 27, 17, 456, 1, 16, 58, 12640 }, // U+0153
    { 18, 29, 306, 1, 29, 66, 12698 }, // U+0154
    { 11, 23, 187, 1, 23, 32, 12764 }, // U+0155
    { 18, 29, 306, 1, 22, 66, 12796 }, // U+0156
    { 12, 23, 187, 0, 16, 35, 12862 }, // U+0157
    { 18, 29, 306, 1, 29, 66, 12897 }, // U+0158
    { 13, 23, 187, 0, 23, 38, 12963 }, // U+0159
    { 17, 30, 305, 1, 29, 64, 13001 }, // U+015A
    { 15, 24, 257, 1, 23, 45, 13065 }, // U+015B
    { 17, 30, 305, 1, 29, 64, 13110 }, // U+015C
    { 15, 24, 257, 1, 23, 45, 13174 }, // U+015D
    { 17, 28, 305, 1, 22, 60, 13219 }, // U+015E
    { 15, 22, 257, 1, 16, 42, 13279 }, // U+015F
    { 17, 30, 305, 1, 29, 64, 13321 }, // U+0160
    { 15, 24, 257, 1, 23, 45, 13385 }, // U+0161
    { 19, 28, 308, 0, 22, 67, 13430 }, // U+0162
    { 11, 26, 171, 0, 20, 36, 13497 }, // U+0163
    { 19, 29, 308, 0, 29, 69, 13533 }, // U+0164
    { 12, 25, 206, 0, 24, 38, 13602 }, // U+0165
    { 19, 22, 308, 0, 22, 53, 13640 }, // U+0166
    { 11, 21, 171, 0, 20, 29, 13693 }, // U+0167
    { 19, 29, 339, 1, 28, 69, 13722 }, // U+0168
    { 16, 23, 287, 1, 22, 46, 13791 }, // U+0169
    { 19, 29, 339, 1, 28, 69, 13837 }, // U+016A
    { 16, 23, 287, 1, 22, 46, 13906 }, // U+016B
    { 19, 30, 339, 1, 29, 72, 13952 }, // U+016C
    { 16, 24, 287, 1, 23, 48, 14024 }, // U+016D
    { 19, 31, 339, 1, 30, 74, 14072 }, // U+016E
    { 16, 26, 287, 1, 25, 52, 14146 }, // U+016F
    { 19, 30, 339, 1, 29, 72, 14198 }, // U+0170
    { 16, 24, 287, 1, 23, 48, 14270 }, // U+0171
    { 19, 29, 339, 1, 22, 69, 14318 }, // U+0172
    { 16, 23, 287, 1, 16, 46, 14387 }, // U+0173
    { 30, 29, 480, 0, 29, 109, 14433 }, // U+0174
    { 25, 23, 393, 0, 23, 72, 14542 }, // U+0175
    { 21, 29, 337, 0, 29, 77, 14614 }, // U+0176
    { 17, 30, 276, 0, 23, 64, 14691 }, // U+0177
    { 21, 29, 337, 0, 29, 77, 14755 }, // U+0178
    { 17, 29, 307, 1, 29, 62, 14832 }, // U+0179
    { 14, 23, 262, 1, 23, 41, 14894 }, // U+017A
    { 17, 29, 307, 1, 29, 62, 14935 }, // U+017B
    { 14, 23, 262, 1, 23, 41, 14997 }, // U+017C
    { 17, 29, 307, 1, 29, 62, 15038 }, // U+017D
    { 14, 23, 262, 1, 23, 41, 15100 }, // U+017E
    { 9, 22, 156, 1, 22, 25, 15141 }, // U+017F
    { 21, 26, 361, 1, 25, 69, 15166 }, // U+01A0
    { 17, 21, 282, 1, 20, 45, 15235 }, // U+01A1
    { 21, 26, 338, 1, 25, 69, 15280 }, // U+01AF
    { 18, 21, 306, 1, 20, 48, 15349 }, // U+01B0
    { 35, 23, 597, 1, 23, 101, 15397 }, // U+01C5
    { 32, 24, 553, 1, 23, 96, 15498 }, // U+01C6
    { 31, 23, 534, 1, 22, 90, 15594 }, // U+01C7
    { 22, 29, 387, 1, 23, 80, 15684 }, // U+01C8
    { 13, 29, 248, 1, 23, 48, 15764 }, // U+01C9
    { 37, 23, 622, 1, 22, 107, 15812 }, // U+01CA
    { 28, 29, 476, 1, 23, 102, 15919 }, // U+01CB
    { 24, 29, 411, 1, 23, 87, 16021 }, // U+01CC
    { 21, 29, 345, 0, 29, 77, 16108 }, // U+01CD
    { 16, 24, 268, 0, 23, 48, 16185 }, // U+01CE
    { 12, 29, 129, -2, 29, 44, 16233 }, // U+01CF
    { 12, 23, 124, -2, 23, 35, 16277 }, // U+01D0
    { 21, 30, 357, 1, 29, 79, 16312 }, // U+01D1
    { 16, 24, 283, 1, 23, 48, 16391 }, // U+01D2
    { 19, 30, 339, 1, 29, 72, 16439 }, // U+01D3
    { 16, 24, 287, 1, 23, 48, 16511 }, // U+01D4
    { 19, 33, 339, 1, 32, 79, 16559 }, // U+01D5
    { 16, 27, 287, 1, 26, 54, 16638 }, // U+01D6
    { 19, 34, 339, 1, 33, 81, 16692 }, // U+01D7
    { 16, 28, 287, 1, 27, 56, 16773 }, // U+01D8
    { 19, 34, 339, 1, 33, 81, 16829 }, // U+01D9
    { 16, 28, 287, 1, 27, 56, 16910 }, // U+01DA
    { 19, 34, 339, 1, 33, 81, 16966 }, // U+01DB
    { 16, 28, 287, 1, 27, 56, 17047 }, // U+01DC
    { 16, 18, 274, 1, 17, 36, 17103 }, // U+01DD
    { 21, 32, 345, 0, 32, 84, 17139 }, // U+01DE
    { 16, 27, 268, 0, 26, 54, 17223 }, // U+01DF
    { 21, 32, 345, 0, 32, 84, 17277 }, // U+01E0
    { 16, 27, 268, 0, 26, 54, 17361 }, // U+01E1
    { 29, 28, 477, 0, 28, 102, 17415 }, // U+01E2
    { 26, 23, 422, 0, 22, 75, 17517 }, // U+01E3
    { 21, 23, 349, 1, 22, 61, 17592 }, // U+01E4
    { 19, 23, 319, 1, 16, 55, 17653 }, // U+01E5
    { 20, 30, 349, 1, 29, 75, 17708 }, // U+01E6
    { 16, 30, 291, 1, 23, 60, 17783 }, // U+01E7
    { 20, 29, 332, 1, 29, 73, 17843 }, // U+01E8
    { 19, 29, 268, -2, 29, 69, 17916 }, // U+01E9
    { 21, 29, 357, 1, 22, 77, 17985 }, // U+01EA
    { 16, 23, 283, 1, 16, 46, 18062 }, // U+01EB
    { 21, 35, 357, 1, 28, 92, 18108 }, // U+01EC
    { 16, 29, 283, 1, 22, 58, 18200 }, // U+01ED
    { 19, 36, 318, 0, 29, 86, 18258 }, // U+01EE
    { 17, 29, 298, 1, 23, 62, 18344 }, // U+01EF
    { 12, 29, 124, -2, 23, 44, 18406 }, // U+01F0
    { 38, 22, 642, 1, 22, 105, 18450 }, // U+01F1
    { 35, 22, 597, 1, 22, 97, 18555 }, // U+01F2
    { 32, 23, 553, 1, 22, 92, 18652 }, // U+01F3
    { 20, 30, 349, 1, 29, 75, 18744 }, // U+01F4
    { 16, 30, 291, 1, 23, 60, 18819 }, // U+01F5
    { 30, 23, 518, 1, 22, 87, 18879 }, // U+01F6
    { 18, 28, 342, 2, 22, 63, 18966 }, // U+01F7
    { 20, 29, 352, 1, 29, 73, 19029 }, // U+01F8
    { 16, 23, 287, 1, 23, 46, 19102 }, // U+01F9
    { 21, 33, 345, 0, 33, 87, 19148 }, // U+01FA
    { 16, 29, 268, 0, 28, 58, 19235 }, // U+01FB
    { 29, 29, 477, 0, 29, 106, 19293 }, // U+01FC
    { 26, 24, 422, 0, 23, 78, 19399 }, // U+01FD
    { 21, 30, 357, 1, 29, 79, 19477 }, // U+01FE
    { 16, 24, 283, 1, 23, 48, 19556 }, // U+01FF
    { 21, 29, 345, 0, 29, 77, 19604 }, // U+0200
    { 16, 24, 268, 0, 23, 48, 19681 }, // U+0201
    { 21, 29, 345, 0, 29, 77, 19729 }, // U+0202
    { 16, 24, 268, 0, 23, 48, 19806 }, // U+0203
    { 16, 29, 284, 1, 29, 58, 19854 }, // U+0204
    { 16, 24, 274, 1, 23, 48, 19912 }, // U+0205
    { 16, 29, 284, 1, 29, 58, 19960 }, // U+0206
    { 16, 24, 274, 1, 23, 48, 20018 }, // U+0207
    { 13, 29, 129, -4, 29, 48, 20066 }, // U+0208
    { 12, 23, 124, -4, 23, 35, 20114 }, // U+0209
    { 11, 29, 129, -1, 29, 40, 20149 }, // U+020A
    { 11, 23, 124, -2, 23, 32, 20189 }, // U+020B
    { 21, 30, 357, 1, 29, 79, 20221 }, // U+020C
    { 16, 24, 283, 1, 23, 48, 20300 }, // U+020D
    { 21, 30, 357, 1, 29, 79, 20348 }, // U+020E
    { 16, 24, 283, 1, 23, 48, 20427 }, // U+020F
    { 18, 29, 306, 1, 29, 66, 20475 }, // U+0210
    { 14, 23, 187, -2, 23, 41, 20541 }, // U+0211
    { 18, 29, 306, 1, 29, 66, 20582 }, // U+0212
    { 11, 23, 187, 1, 23, 32, 20648 }, // U+0213
    { 19, 30, 339, 1, 29, 72, 20680 }, // U+0214
    { 16, 24, 287, 1, 23, 48, 20752 }, // U+0215
    { 19, 30, 339, 1, 29, 72, 20800 }, // U+0216
    { 16, 24, 287, 1, 23, 48, 20872 }, // U+0217
    { 17, 29, 305, 1, 22, 62, 20920 }, // U+0218
    { 15, 23, 257, 1, 16, 44, 20982 }, // U+0219
    { 19, 29, 308, 0, 22, 69, 21026 }, // U+021A
    { 11, 27, 171, 0, 20, 38, 21095 }, // U+021B
    { 17, 29, 309, 1, 22, 62, 21133 }, // U+021C
    { 14, 24, 266, 1, 17, 42, 21195 }, // U+021D
    { 19, 29, 346, 1, 29, 69, 21237 }, // U+021E
    { 19, 29, 287, -2, 29, 69, 21306 }, // U+021F
    { 7, 6, 0, 2, 23, 6, 21375 }, // U+0300
    { 7, 6, 0, 2, 23, 6, 21381 }, // U+0301
    { 13, 6, 0, 0, 23, 10, 21387 }, // U+0302
    { 11, 4, 0, 2, 22, 6, 21397 }, // U+0303
    { 9, 4, 0, 2, 22, 5, 21403 }, // U+0304
    { 11, 6, 0, 1, 23, 9, 21408 }, // U+0306
    { 6, 6, 0, 1, 23, 5, 21417 }, // U+0307
    { 12, 6, 0, 3, 23, 9, 21422 }, // U+0308
    { 6, 6, 0, 1, 23, 5, 21431 }, // U+0309
    { 9, 9, 0, 1, 25, 11, 21436 }, // U+030A
    { 13, 6, 0, 0, 23, 10, 21447 }, // U+030C
    { 12, 6, 0, 2, 23, 9, 21457 }, // U+030F
    { 6, 10, 0, 6, 15, 8, 21466 }, // U+0313
    { 6, 10, 0, 6, 15, 8, 21474 }, // U+0315
    { 5, 8, 0, -7, 22, 5, 21482 }, // U+031B
    { 6, 6, 132, 1, -1, 5, 21487 }, // U+0323
    { 5, 6, 0, -12, -2, 4, 21492 }, // U+0326
    { 6, 7, 0, 3, 1, 6, 21496 }, // U+0327
    { 8, 8, 0, 0, 1, 8, 21502 }, // U+0328
    { 13, 6, 0, 0, -1, 10, 21510 }, // U+032C
    { 13, 21, 0, -16, 18, 35, 21520 }, // U+0337
    { 17, 24, 0, -17, 23, 51, 21555 }, // U+0338
    { 11, 4, 0, -15, 22, 6, 21606 }, // U+0342
    { 6, 6, 0, 0, 18, 5, 21612 }, // U+0343
    { 11, 6, 0, -15, 23, 9, 21617 }, // U+0346
    { 10, 8, 0, -14, -3, 10, 21626 }, // U+0347
    { 9, 7, 0, -13, 0, 8, 21636 }, // U+0348
    { 7, 7, 0, -12, -1, 7, 21644 }, // U+0349
    { 12, 7, 0, -16, 23, 11, 21651 }, // U+034A
    { 12, 14, 0, -16, 30, 21, 21662 }, // U+034B
    { 12, 8, 0, -15, 25, 12, 21683 }, // U+034C
    { 15, 7, 0, -17, -1, 14, 21695 }, // U+034D
    { 8, 7, 0, -13, -1, 7, 21709 }, // U+034E
    { 0, 0, 0, 0, 0, 0, 21716 }, // U+034F
    { 12, 12, 0, -14, 29, 18, 21716 }, // U+0350
    { 4, 6, 0, -11, 22, 3, 21734 }, // U+0351
    { 11, 10, 0, -15, 26, 14, 21737 }, // U+0352
    { 8, 8, 0, -13, 0, 8, 21751 }, // U+0353
    { 9, 8, 0, -13, 0, 9, 21759 }, // U+0354
    { 9, 8, 0, -13, 0, 9, 21768 }, // U+0355
    { 17, 8, 0, -16, 0, 17, 21777 }, // U+0356
    { 5, 9, 0, 0, 25, 6, 21794 }, // U+0357
    { 6, 6, 0, 1, 23, 5, 21800 }, // U+0358
    { 8, 7, 0, -13, -1, 7, 21805 }, // U+0359
    { 12, 6, 0, -15, -1, 9, 21812 }, // U+035A
    { 8, 8, 0, -13, 24, 8, 21821 }, // U+035B
    { 22, 6, 0, -12, -1, 17, 21829 }, // U+035C
    { 23, 6, 0, -12, 22, 18, 21846 }, // U+035D
    { 18, 4, 0, -18, 22, 9, 21864 }, // U+035E
    { 18, 4, 0, -18, -2, 9, 21873 }, // U+035F
    { 30, 5, 0, -16, 22, 19, 21882 }, // U+0360
    { 23, 6, 0, -12, 22, 18, 21901 }, // U+0361
    { 26, 7, 0, -13, -1, 23, 21919 }, // U+0362
    { 8, 10, 0, -13, 26, 10, 21942 }, // U+0363
    { 8, 10, 0, -13, 26, 10, 21952 }, // U+0364
    { 4, 12, 0, -11, 29, 6, 21962 }, // U+0365
    { 8, 10, 0, -13, 26, 10, 21968 }, // U+0366
    { 8, 9, 0, -13, 25, 9, 21978 }, // U+0367
    { 8, 10, 0, -13, 26, 10, 21987 }, // U+0368
    { 8, 13, 0, -13, 29, 13, 21997 }, // U+0369
    { 8, 12, 0, -13, 29, 12, 22010 }, // U+036A
    { 13, 9, 0, -16, 26, 15, 22022 }, // U+036B
    { 5, 9, 0, -11, 26, 6, 22037 }, // U+036C
    { 6, 10, 0, 0, 27, 8, 22043 }, // U+036D
    { 8, 9, 0, -13, 26, 9, 22051 }, // U+036E
    { 8, 9, 0, -13, 26, 9, 22060 }, // U+036F
    { 16, 29, 284, 1, 29, 58, 22069 }, // U+0400
    { 16, 29, 284, 1, 29, 58, 22127 }, // U+0401
    { 24, 24, 398, 0, 22, 72, 22185 }, // U+0402
    { 15, 29, 269, 1, 29, 55, 22257 }, // U+0403
    { 20, 23, 344, 1, 22, 58, 22312 }, // U+0404
    { 17, 23, 305, 1, 22, 49, 22370 }, // U+0405
    { 6, 22, 129, 1, 22, 17, 22419 }, // U+0406
    { 12, 29, 129, -2, 29, 44, 22436 }, // U+0407
    { 16, 23, 270, 0, 22, 46, 22480 }, // U+0408
    { 32, 22, 518, 0, 22, 88, 22526 }, // U+0409
    { 31, 22, 523, 1, 22, 86, 22614 }, // U+040A
    { 25, 22, 415, 0, 22, 69, 22700 }, // U+040B
    { 20, 29, 332, 1, 29, 73, 22769 }, // U+040C
    { 20, 29, 352, 1, 29, 73, 22842 }, // U+040D
    { 20, 29, 320, 0, 29, 73, 22915 }, // U+040E
    { 19, 27, 337, 1, 22, 65, 22988 }, // U+040F
    { 21, 22, 345, 0, 22, 58, 23053 }, // U+0410
    { 17, 22, 299, 1, 22, 47, 23111 }, // U+0411
    { 18, 22, 307, 1, 22, 50, 23158 }, // U+0412
    { 15, 22, 269, 1, 22, 42, 23208 }, // U+0413
    { 24, 27, 399, 0, 22, 81, 23250 }, // U+0414
    { 16, 22, 284, 1, 22, 44, 23331 }, // U+0415
    { 31, 22, 492, 0, 22, 86, 23375 }, // U+0416
    { 17, 23, 299, 1, 22, 49, 23461 }, // U+0417
    { 20, 22, 352, 1, 22, 55, 23510 }, // U+0418
    { 20, 29, 352, 1, 29, 73, 23565 }, // U+0419
    { 20, 22, 332, 1, 22, 55, 23638 }, // U+041A
    { 20, 22, 347, 0, 22, 55, 23693 }, // U+041B
    { 25, 22, 431, 1, 22, 69, 23748 }, // U+041C
    { 19, 22, 346, 1, 22, 53, 23817 }, // U+041D
    { 21, 23, 357, 1, 22, 61, 23870 }, // U+041E
    { 19, 22, 346, 1, 22, 53, 23931 }, // U+041F
    { 17, 22, 301, 1, 22, 47, 23984 }, // U+0420
    { 20, 23, 344, 1, 22, 58, 24031 }, // U+0421
    { 19, 22, 308, 0, 22, 53, 24089 }, // U+0422
    { 20, 22, 320, 0, 22, 55, 24142 }, // U+0423
    { 23, 25, 389, 1, 23, 72, 24197 }, // U+0424
    { 21, 22, 340, 0, 22, 58, 24269 }, // U+0425
    { 21, 27, 356, 1, 22, 71, 24327 }, // U+0426
    { 18, 22, 328, 1, 22, 50, 24398 }, // U+0427
    { 26, 22, 459, 1, 22, 72, 24448 }, // U+0428
    { 29, 27, 472, 1, 22, 98, 24520 }, // U+0429
    { 23, 22, 385, 0, 22, 64, 24618 }, // U+042A
    { 24, 22, 424, 1, 22, 66, 24682 }, // U+042B
    { 18, 22, 307, 1, 22, 50, 24748 }, // U+042C
    { 20, 23, 344, 1, 22, 58, 24798 }, // U+042D
    { 29, 23, 484, 1, 22, 84, 24856 }, // U+042E
    { 18, 22, 306, 0, 22, 50, 24940 }, // U+042F
    { 16, 17, 268, 0, 16, 34, 24990 }, // U+0430
    { 16, 23, 281, 1, 22, 46, 25024 }, // U+0431
    { 15, 16, 265, 1, 16, 30, 25070 }, // U+0432
    { 12, 16, 210, 1, 16, 24, 25100 }, // U+0433
    { 19, 21, 306, 0, 16, 50, 25124 }, // U+0434
    { 16, 17, 274, 1, 16, 34, 25174 }, // U+0435
    { 25, 16, 400, 0, 16, 50, 25208 }, // U+0436
    { 15, 17, 240, 0, 16, 32, 25258 }, // U+0437
    { 16, 16, 288, 1, 16, 32, 25290 }, // U+0438
    { 16, 23, 288, 1, 23, 46, 25322 }, // U+0439
    { 16, 16, 270, 1, 16, 32, 25368 }, // U+043A
    { 16, 16, 280, 0, 16, 32, 25400 }, // U+043B
    { 21, 16, 375, 1, 16, 42, 25432 }, // U+043C
    { 16, 16, 287, 1, 16, 32, 25474 }, // U+043D
    { 16, 17, 283, 1, 16, 34, 25506 }, // U+043E
    { 15, 16, 284, 1, 16, 30, 25540 }, // U+043F
    { 17, 22, 291, 1, 16, 47, 25570 }, // U+0440
    { 15, 17, 271, 1, 16, 32, 25617 }, // U+0441
    { 15, 16, 238, 0, 16, 30, 25649 }, // U+0442
    { 17, 23, 276, 0, 16, 49, 25679 }, // U+0443
    { 21, 28, 359, 1, 22, 74, 25728 }, // U+0444
    { 17, 16, 266, 0, 16, 34, 25802 }, // U+0445
    { 18, 21, 304, 1, 16, 48, 25836 }, // U+0446
    { 15, 16, 278, 1, 16, 30, 25884 }, // U+0447
    { 23, 16, 399, 1, 16, 46, 25914 }, // U+0448
    { 25, 21, 411, 1, 16, 66, 25960 }, // U+0449
    { 19, 16, 312, 0, 16, 38, 26026 }, // U+044A
    { 21, 16, 369, 1, 16, 42, 26064 }, // U+044B
    { 15, 16, 270, 1, 16, 30, 26106 }, // U+044C
    { 15, 17, 271, 1, 16, 32, 26136 }, // U+044D
    { 23, 17, 401, 1, 16, 49, 26168 }, // U+044E
    { 15, 16, 267, 0, 16, 30, 26217 }, // U+044F
    { 16, 24, 274, 1, 23, 48, 26247 }, // U+0450
    { 16, 24, 274, 1, 23, 48, 26295 }, // U+0451
    { 18, 29, 287, -1, 22, 66, 26343 }, // U+0452
    { 12, 23, 210, 1, 23, 35, 26409 }, // U+0453
    { 15, 17, 271, 1, 16, 32, 26444 }, // U+0454
    { 15, 17, 257, 1, 16, 32, 26476 }, // U+0455
    { 6, 23, 124, 1, 23, 18, 26508 }, // U+0456
    { 12, 23, 124, -2, 23, 35, 26526 }, // U+0457
    { 8, 29, 124, -1, 23, 29, 26561 }, // U+0458
    { 27, 16, 436, 0, 16, 54, 26590 }, // U+0459
    { 25, 16, 428, 1, 16, 50, 26644 }, // U+045A
    { 18, 22, 287, -1, 22, 50, 26694 }, // U+045B
    { 16, 23, 270, 1, 23, 46, 26744 }, // U+045C
    { 16, 23, 288, 1, 23, 46, 26790 }, // U+045D
    { 17, 30, 276, 0, 23, 64, 26836 }, // U+045E
    { 15, 21, 284, 1, 16, 40, 26900 }, // U+045F
    { 26, 23, 454, 1, 22, 75, 26940 }, // U+0460
    { 23, 17, 408, 1, 16, 49, 27015 }, // U+0461
    { 20, 22, 330, 0, 22, 55, 27064 }, // U+0462
    { 18, 22, 296, 0, 22, 50, 27119 }, // U+0463
    { 27, 23, 465, 1, 22, 78, 27169 }, // U+0464
    { 22, 17, 384, 1, 16, 47, 27247 }, // U+0465
    { 21, 22, 345, 0, 22, 58, 27294 }, // U+0466
    { 17, 16, 274, 0, 16, 34, 27352 }, // U+0467
    { 28, 22, 461, 1, 22, 77, 27386 }, // U+0468
    { 23, 16, 387, 1, 16, 46, 27463 }, // U+0469
    { 23, 22, 410, 1, 22, 64, 27509 }, // U+046A
    { 20, 16, 347, 1, 16, 40, 27573 }, // U+046B
    { 32, 22, 550, 1, 22, 88, 27613 }, // U+046C
    { 28, 16, 474, 1, 16, 56, 27701 }, // U+046D
    { 15, 35, 264, 1, 28, 66, 27757 }, // U+046E
    { 14, 29, 250, 0, 23, 51, 27823 }, // U+046F
    { 24, 22, 415, 1, 22, 66, 27874 }, // U+0470
    { 22, 26, 385, 1, 20, 72, 27940 }, // U+0471
    { 21, 23, 357, 1, 22, 61, 28012 }, // U+0472
    { 16, 17, 283, 1, 16, 34, 28073 }, // U+0473
    { 22, 22, 350, 0, 22, 61, 28107 }, // U+0474
    { 18, 16, 285, 0, 16, 36, 28168 }, // U+0475
    { 22, 29, 350, 0, 29, 80, 28204 }, // U+0476
    { 18, 23, 285, 0, 23, 52, 28284 }, // U+0477
    { 39, 29, 633, 1, 22, 142, 28336 }, // U+0478
    { 34, 23, 550, 1, 16, 98, 28478 }, // U+0479
    { 19, 22, 334, 1, 22, 53, 28576 }, // U+0480
    { 15, 21, 271, 1, 16, 40, 28629 }, // U+0481
    { 17, 20, 309, 1, 20, 43, 28669 }, // U+0482
    { 12, 6, 0, -15, 22, 9, 28712 }, // U+0483
    { 13, 5, 0, -15, 23, 9, 28721 }, // U+0484
    { 5, 6, 0, -10, 24, 4, 28730 }, // U+0485
    { 5, 6, 0, -10, 24, 4, 28734 }, // U+0486
    { 13, 5, 0, -16, 23, 9, 28738 }, // U+0487
    { 30, 26, 0, -24, 21, 98, 28747 }, // U+0488
    { 29, 28, 0, -23, 22, 102, 28845 }, // U+0489
    { 22, 34, 352, 1, 29, 94, 28947 }, // U+048A
    { 18, 28, 288, 1, 23, 63, 29041 }, // U+048B
    { 20, 22, 330, 0, 22, 55, 29104 }, // U+048C
    { 18, 20, 296, 0, 20, 45, 29159 }, // U+048D
    { 17, 22, 305, 1, 22, 47, 29204 }, // U+048E
    { 17, 22, 283, 1, 16, 47, 29251 }, // U+048F
    { 15, 26, 269, 1, 26, 49, 29298 }, // U+0490
    { 12, 20, 210, 1, 20, 30, 29347 }, // U+0491
    { 17, 22, 269, -1, 22, 47, 29377 }, // U+0492
    { 14, 16, 210, -1, 16, 28, 29424 }, // U+0493
    { 18, 24, 308, 1, 22, 54, 29452 }, // U+0494
    { 15, 21, 265, 1, 16, 40, 29506 }, // U+0495
    { 32, 27, 508, 0, 22, 108, 29546 }, // U+0496
    { 26, 21, 415, 0, 16, 69, 29654 }, // U+0497
    { 17, 28, 299, 1, 22, 60, 29723 }, // U+0498
    { 15, 22, 240, 0, 16, 42, 29783 }, // U+0499
    { 21, 27, 352, 1, 22, 71, 29825 }, // U+049A
    { 17, 21, 285, 1, 16, 45, 29896 }, // U+049B
    { 20, 22, 332, 1, 22, 55, 29941 }, // U+049C
    { 18, 16, 293, 1, 16, 36, 29996 }, // U+049D
    { 26, 22, 410, 0, 22, 72, 30032 }, // U+04A0
    { 20, 16, 312, 0, 16, 40, 30104 }, // U+04A1
    { 21, 27, 358, 1, 22, 71, 30144 }, // U+04A2
    { 18, 21, 300, 1, 16, 48, 30215 }, // U+04A3
    { 28, 22, 466, 1, 22, 77, 30263 }, // U+04A4
    { 20, 16, 331, 1, 16, 40, 30340 }, // U+04A5
    { 31, 24, 522, 1, 22, 93, 30380 }, // U+04A6
    { 26, 21, 437, 1, 16, 69, 30473 }, // U+04A7
    { 29, 23, 487, 1, 22, 84, 30542 }, // U+04A8
    { 23, 17, 390, 1, 16, 49, 30626 }, // U+04A9
    { 20, 28, 344, 1, 22, 70, 30675 }, // U+04AA
    { 15, 22, 271, 1, 16, 42, 30745 }, // U+04AB
    { 19, 27, 308, 0, 22, 65, 30787 }, // U+04AC
    { 15, 21, 238, 0, 16, 40, 30852 }, // U+04AD
    { 21, 22, 337, 0, 22, 58, 30892 }, // U+04AE
    { 17, 22, 275, 0, 16, 47, 30950 }, // U+04AF
    { 21, 22, 337, 0, 22, 58, 30997 }, // U+04B0
    { 17, 22, 275, 0, 16, 47, 31055 }, // U+04B1
    { 22, 27, 357, 0, 22, 75, 31102 }, // U+04B2
    { 18, 21, 282, 0, 16, 48, 31177 }, // U+04B3
    { 28, 27, 443, 0, 22, 95, 31225 }, // U+04B4
    { 20, 21, 331, 0, 16, 53, 31320 }, // U+04B5
    { 20, 27, 340, 1, 22, 68, 31373 }, // U+04B6
    { 17, 21, 291, 1, 16, 45, 31441 }, // U+04B7
    { 18, 22, 328, 1, 22, 50, 31486 }, // U+04B8
    { 15, 16, 278, 1, 16, 30, 31536 }, // U+04B9
    { 18, 22, 328, 1, 22, 50, 31566 }, // U+04BA
    { 16, 22, 287, 1, 22, 44, 31616 }, // U+04BB
    { 25, 23, 415, 0, 22, 72, 31660 }, // U+04BC
    { 21, 17, 349, 0, 16, 45, 31732 }, // U+04BD
    { 25, 27, 415, 0, 22, 85, 31777 }, // U+04BE
    { 21, 22, 349, 0, 16, 58, 31862 }, // U+04BF
    { 6, 22, 129, 1, 22, 17, 31920 }, // U+04C0
    { 31, 29, 492, 0, 29, 113, 31937 }, // U+04C1
    { 25, 23, 400, 0, 23, 72, 32050 }, // U+04C2
    { 18, 27, 322, 1, 22, 61, 32122 }, // U+04C3
    { 16, 21, 288, 1, 16, 42, 32183 }, // U+04C4
    { 23, 27, 347, 0, 22, 78, 32225 }, // U+04C5
    { 19, 21, 280, 0, 16, 50, 32303 }, // U+04C6
    { 19, 29, 346, 1, 22, 69, 32353 }, // U+04C7
    { 16, 23, 287, 1, 16, 46, 32422 }, // U+04C8
    { 22, 27, 346, 1, 22, 75, 32468 }, // U+04C9
    { 18, 21, 287, 1, 16, 48, 32543 }, // U+04CA
    { 20, 27, 340, 1, 22, 68, 32591 }, // U+04CB
    { 17, 21, 291, 1, 16, 45, 32659 }, // U+04CC
    { 27, 27, 431, 1, 22, 92, 32704 }, // U+04CD
    { 24, 21, 375, 1, 16, 63, 32796 }, // U+04CE
    { 5, 22, 124, 1, 22, 14, 32859 }, // U+04CF
    { 21, 29, 345, 0, 29, 77, 32873 }, // U+04D0
    { 16, 24, 268, 0, 23, 48, 32950 }, // U+04D1
    { 21, 29, 345, 0, 29, 77, 32998 }, // U+04D2
    { 16, 24, 268, 0, 23, 48, 33075 }, // U+04D3
    { 29, 22, 477, 0, 22, 80, 33123 }, // U+04D4
    { 26, 17, 422, 0, 16, 56, 33203 }, // U+04D5
    { 16, 29, 284, 1, 29, 58, 33259 }, // U+04D6
    { 16, 24, 274, 1, 23, 48, 33317 }, // U+04D7
    { 20, 23, 348, 1, 22, 58, 33365 }, // U+04D8
    { 16, 18, 274, 1, 17, 36, 33423 }, // U+04D9
    { 20, 30, 348, 1, 29, 75, 33459 }, // U+04DA
    { 16, 24, 274, 1, 23, 48, 33534 }, // U+04DB
    { 31, 29, 492, 0, 29, 113, 33582 }, // U+04DC
    { 25, 23, 400, 0, 23, 72, 33695 }, // U+04DD
    { 17, 30, 299, 1, 29, 64, 33767 }, // U+04DE
    { 15, 24, 240, 0, 23, 45, 33831 }, // U+04DF
    { 17, 23, 298, 1, 22, 49, 33876 }, // U+04E0
    { 17, 23, 298, 1, 17, 49, 33925 }, // U+04E1
    { 20, 28, 352, 1, 28, 70, 33974 }, // U+04E2
    { 16, 22, 288, 1, 22, 44, 34044 }, // U+04E3
    { 20, 29, 352, 1, 29, 73, 34088 }, // U+04E4
    { 16, 23, 288, 1, 23, 46, 34161 }, // U+04E5
    { 21, 30, 357, 1, 29, 79, 34207 }, // U+04E6
    { 16, 24, 283, 1, 23, 48, 34286 }, // U+04E7
    { 21, 23, 357, 1, 22, 61, 34334 }, // U+04E8
    { 16, 17, 283, 1, 16, 34, 34395 }, // U+04E9
    { 21, 30, 357, 1, 29, 79, 34429 }, // U+04EA
    { 16, 24, 283, 1, 23, 48, 34508 }, // U+04EB
    { 20, 30, 344, 1, 29, 75, 34556 }, // U+04EC
    { 15, 24, 271, 1, 23, 45, 34631 }, // U+04ED
    { 20, 28, 320, 0, 28, 70, 34676 }, // U+04EE
    { 17, 29, 276, 0, 22, 62, 34746 }, // U+04EF
    { 20, 29, 320, 0, 29, 73, 34808 }, // U+04F0
    { 17, 30, 276, 0, 23, 64, 34881 }, // U+04F1
    { 20, 29, 320, 0, 29, 73, 34945 }, // U+04F2
    { 17, 30, 276, 0, 23, 64, 35018 }, // U+04F3
    { 18, 29, 328, 1, 29, 66, 35082 }, // U+04F4
    { 15, 23, 278, 1, 23, 44, 35148 }, // U+04F5
    { 15, 27, 269, 1, 22, 51, 35192 }, // U+04F6
    { 12, 21, 210, 1, 16, 32, 35243 }, // U+04F7
    { 24, 29, 424, 1, 29, 87, 35275 }, // U+04F8
    { 21, 23, 369, 1, 23, 61, 35362 }, // U+04F9
    { 18, 29, 288, 0, 22, 66, 35423 }, // U+04FA
    { 14, 23, 210, -1, 16, 41, 35489 }, // U+04FB
    { 23, 29, 365, 0, 22, 84, 35530 }, // U+04FC
    { 16, 23, 250, 0, 16, 46, 35614 }, // U+04FD
    { 21, 22, 340, 0, 22, 58, 35660 }, // U+04FE
    { 17, 16, 266, 0, 16, 34, 35718 }, // U+04FF
    { 21, 29, 345, 0, 22, 77, 35752 }, // U+1EA0
    { 16, 23, 268, 0, 16, 46, 35829 }, // U+1EA1
    { 21, 29, 345, 0, 29, 77, 35875 }, // U+1EA2
    { 16, 24, 268, 0, 23, 48, 35952 }, // U+1EA3
    { 21, 33, 345, 0, 33, 87, 36000 }, // U+1EA4
    { 16, 28, 268, 0, 27, 56, 36087 }, // U+1EA5
    { 21, 33, 345, 0, 33, 87, 36143 }, // U+1EA6
    { 16, 28, 268, 0, 27, 56, 36230 }, // U+1EA7
    { 21, 33, 345, 0, 33, 87, 36286 }, // U+1EA8
    { 16, 28, 268, 0, 27, 56, 36373 }, // U+1EA9
    { 21, 33, 345, 0, 33, 87, 36429 }, // U+1EAA
    { 16, 28, 268, 0, 27, 56, 36516 }, // U+1EAB
    { 21, 36, 345, 0, 29, 95, 36572 }, // U+1EAC
    { 16, 30, 268, 0, 23, 60, 36667 }, // U+1EAD
    { 21, 33, 345, 0, 33, 87, 36727 }, // U+1EAE
    { 16, 28, 268, 0, 27, 56, 36814 }, // U+1EAF
    { 21, 33, 345, 0, 33, 87, 36870 }, // U+1EB0
    { 16, 28, 268, 0, 27, 56, 36957 }, // U+1EB1
    { 21, 33, 345, 0, 33, 87, 37013 }, // U+1EB2
    { 16, 28, 268, 0, 27, 56, 37100 }, // U+1EB3
    { 21, 33, 345, 0, 33, 87, 37156 }, // U+1EB4
    { 16, 28, 268, 0, 27, 56, 37243 }, // U+1EB5
    { 21, 36, 345, 0, 29, 95, 37299 }, // U+1EB6
    { 16, 30, 268, 0, 23, 60, 37394 }, // U+1EB7
    { 16, 29, 284, 1, 22, 58, 37454 }, // U+1EB8
    { 16, 23, 274, 1, 16, 46, 37512 }, // U+1EB9
    { 16, 29, 284, 1, 29, 58, 37558 }, // U+1EBA
    { 16, 24, 274, 1, 23, 48, 37616 }, // U+1EBB
    { 16, 28, 284, 1, 28, 56, 37664 }, // U+1EBC
    { 16, 23, 274, 1, 22, 46, 37720 }, // U+1EBD
    { 16, 33, 284, 1, 33, 66, 37766 }, // U+1EBE
    { 16, 28, 274, 1, 27, 56, 37832 }, // U+1EBF
    { 16, 33, 284, 1, 33, 66, 37888 }, // U+1EC0
    { 16, 28, 274, 1, 27, 56, 37954 }, // U+1EC1
    { 16, 33, 284, 1, 33, 66, 38010 }, // U+1EC2
    { 16, 28, 274, 1, 27, 56, 38076 }, // U+1EC3
    { 16, 33, 284, 1, 33, 66, 38132 }, // U+1EC4
    { 16, 28, 274, 1, 27, 56, 38198 }, // U+1EC5
    { 16, 36, 284, 1, 29, 72, 38254 }, // U+1EC6
    { 16, 30, 274, 1, 23, 60, 38326 }, // U+1EC7
    { 6, 29, 129, 1, 29, 22, 38386 }, // U+1EC8
    { 6, 23, 124, 1, 23, 18, 38408 }, // U+1EC9
    { 6, 29, 129, 1, 22, 22, 38426 }, // U+1ECA
    { 6, 30, 124, 1, 23, 23, 38448 }, // U+1ECB
    { 21, 29, 357, 1, 22, 77, 38471 }, // U+1ECC
    { 16, 23, 283, 1, 16, 46, 38548 }, // U+1ECD
    { 21, 30, 357, 1, 29, 79, 38594 }, // U+1ECE
    { 16, 24, 283, 1, 23, 48, 38673 }, // U+1ECF
    { 21, 34, 357, 1, 33, 90, 38721 }, // U+1ED0
    { 16, 28, 283, 1, 27, 56, 38811 }, // U+1ED1
    { 21, 34, 357, 1, 33, 90, 38867 }, // U+1ED2
    { 16, 28, 283, 1, 27, 56, 38957 }, // U+1ED3
    { 21, 34, 357, 1, 33, 90, 39013 }, // U+1ED4
    { 16, 28, 283, 1, 27, 56, 39103 }, // U+1ED5
    { 21, 34, 357, 1, 33, 90, 39159 }, // U+1ED6
    { 16, 28, 283, 1, 27, 56, 39249 }, // U+1ED7
    { 21, 36, 357, 1, 29, 95, 39305 }, // U+1ED8
    { 16, 30, 283, 1, 23, 60, 39400 }, // U+1ED9
    { 21, 30, 361, 1, 29, 79, 39460 }, // U+1EDA
    { 17, 24, 282, 1, 23, 51, 39539 }, // U+1EDB
    { 21, 30, 361, 1, 29, 79, 39590 }, // U+1EDC
    { 17, 24, 282, 1, 23, 51, 39669 }, // U+1EDD
    { 21, 30, 361, 1, 29, 79, 39720 }, // U+1EDE
    { 17, 24, 282, 1, 23, 51, 39799 }, // U+1EDF
    { 21, 29, 361, 1, 28, 77, 39850 }, // U+1EE0
    { 17, 23, 282, 1, 22, 49, 39927 }, // U+1EE1
    { 21, 32, 361, 1, 25, 84, 39976 }, // U+1EE2
    { 17, 27, 282, 1, 20, 58, 40060 }, // U+1EE3
    { 19, 29, 339, 1, 22, 69, 40118 }, // U+1EE4
    { 16, 23, 287, 1, 16, 46, 40187 }, // U+1EE5
    { 19, 30, 339, 1, 29, 72, 40233 }, // U+1EE6
    { 16, 24, 287, 1, 23, 48, 40305 }, // U+1EE7
    { 21, 30, 338, 1, 29, 79, 40353 }, // U+1EE8
    { 18, 24, 306, 1, 23, 54, 40432 }, // U+1EE9
    { 21, 30, 338, 1, 29, 79, 40486 }, // U+1EEA
    { 18, 24, 306, 1, 23, 54, 40565 }, // U+1EEB
    { 21, 30, 338, 1, 29, 79, 40619 }, // U+1EEC
    { 18, 24, 306, 1, 23, 54, 40698 }, // U+1EED
    { 21, 29, 338, 1, 28, 77, 40752 }, // U+1EEE
    { 18, 23, 306, 1, 22, 52, 40829 }, // U+1EEF
    { 21, 32, 338, 1, 25, 84, 40881 }, // U+1EF0
    { 18, 27, 306, 1, 20, 61, 40965 }, // U+1EF1
    { 21, 29, 337, 0, 29, 77, 41026 }, // U+1EF2
    { 17, 30, 276, 0, 23, 64, 41103 }, // U+1EF3
    { 21, 29, 337, 0, 22, 77, 41167 }, // U+1EF4
    { 17, 23, 276, 0, 16, 49, 41244 }, // U+1EF5
    { 21, 29, 337, 0, 29, 77, 41293 }, // U+1EF6
    { 17, 30, 276, 0, 23, 64, 41370 }, // U+1EF7
    { 21, 28, 337, 0, 28, 74, 41434 }, // U+1EF8
    { 17, 29, 276, 0, 22, 62, 41508 }, // U+1EF9
    { 0, 0, 265, 0, 0, 0, 41570 }, // U+2000
    { 0, 0, 527, 0, 0, 0, 41570 }, // U+2001
    { 0, 0, 233, 0, 0, 0, 41570 }, // U+2002
    { 0, 0, 467, 0, 0, 0, 41570 }, // U+2003
    { 0, 0, 156, 0, 0, 0, 41570 }, // U+2004
    { 0, 0, 117, 0, 0, 0, 41570 }, // U+2005
    { 0, 0, 77, 0, 0, 0, 41570 }, // U+2006
    { 0, 0, 302, 0, 0, 0, 41570 }, // U+2007
    { 0, 0, 147, 0, 0, 0, 41570 }, // U+2008
    { 0, 0, 71, 0, 0, 0, 41570 }, // U+2009
    { 0, 0, 34, 0, 0, 0, 41570 }, // U+200A
    { 0, 0, 0, 0, 0, 0, 41570 }, // U+200B
    { 11, 5, 209, 1, 11, 7, 41570 }, // U+2010
    { 11, 5, 209, 1, 11, 7, 41577 }, // U+2011
    { 18, 5, 302, 0, 12, 12, 41584 }, // U+2012
    { 15, 5, 233, 0, 11, 10, 41596 }, // U+2013
    { 30, 5, 467, 0, 11, 19, 41606 }, // U+2014
    { 30, 5, 467, 0, 11, 19, 41625 }, // U+2015
    { 10, 36, 261, 3, 29, 45, 41644 }, // U+2016
    { 14, 6, 220, 0, 0, 11, 41689 }, // U+2017
    { 6, 10, 136, 2, 22, 8, 41700 }, // U+2018
    { 6, 10, 136, 2, 22, 8, 41708 }, // U+2019
    { 6, 10, 126, 1, 4, 8, 41716 }, // U+201A
    { 6, 10, 136, 1, 22, 8, 41724 }, // U+201B
    { 13, 10, 241, 2, 22, 17, 41732 }, // U+201C
    { 12, 10, 237, 2, 22, 15, 41749 }, // U+201D
    { 13, 10, 227, 1, 4, 17, 41764 }, // U+201E
    { 12, 10, 237, 1, 22, 15, 41781 }, // U+201F
    { 13, 17, 271, 2, 22, 28, 41796 }, // U+2020
    { 13, 22, 271, 2, 22, 36, 41824 }, // U+2021
    { 10, 10, 217, 2, 13, 13, 41860 }, // U+2022
    { 9, 11, 217, 3, 14, 13, 41873 }, // U+2023
    { 6, 6, 147, 2, 5, 5, 41886 }, // U+2024
    { 15, 6, 293, 2, 5, 12, 41891 }, // U+2025
    { 24, 6, 440, 2, 5, 18, 41903 }, // U+2026
    { 6, 6, 147, 2, 13, 5, 41921 }, // U+2027
    { 0, 0, 71, 0, 0, 0, 41926 }, // U+202F
    { 36, 23, 640, 2, 22, 104, 41926 }, // U+2030
    { 47, 23, 813, 2, 22, 136, 42030 }, // U+2031
    { 6, 9, 126, 1, 22, 7, 42166 }, // U+2032
    { 14, 9, 251, 1, 22, 16, 42173 }, // U+2033
    { 21, 9, 376, 1, 22, 24, 42189 }, // U+2034
    { 6, 9, 126, 1, 22, 7, 42213 }, // U+2035
    { 14, 9, 251, 1, 22, 16, 42220 }, // U+2036
    { 21, 9, 376, 1, 22, 24, 42236 }, // U+2037
    { 14, 7, 253, 1, -1, 13, 42260 }, // U+2038
    { 11, 14, 197, 1, 16, 20, 42273 }, // U+2039
    { 12, 14, 197, 0, 16, 21, 42293 }, // U+203A
    { 20, 19, 375, 2, 19, 48, 42314 }, // U+203B
    { 15, 23, 297, 2, 22, 44, 42362 }, // U+203C
    { 14, 23, 259, 1, 22, 41, 42406 }, // U+203D
    { 15, 4, 230, 0, 25, 8, 42447 }, // U+203E
    { 24, 6, 394, 0, -1, 18, 42455 }, // U+203F
    { 24, 7, 394, 0, 23, 21, 42473 }, // U+2040
    { 12, 16, 220, 1, 9, 24, 42494 }, // U+2041
    { 18, 18, 354, 2, 19, 41, 42518 }, // U+2042
    { 9, 5, 217, 2, 11, 6, 42559 }, // U+2043
    { 18, 22, 95, -6, 22, 50, 42565 }, // U+2044
    { 8, 28, 171, 2, 23, 28, 42615 }, // U+2045
    { 8, 28, 171, 1, 23, 28, 42643 }, // U+2046
    { 31, 23, 524, 1, 22, 90, 42671 }, // U+2047
    { 23, 23, 410, 1, 22, 67, 42761 }, // U+2048
    { 23, 23, 410, 2, 22, 67, 42828 }, // U+2049
    { 13, 22, 215, 0, 16, 36, 42895 }, // U+204A
    { 16, 22, 277, 1, 22, 44, 42931 }, // U+204B
    { 14, 13, 282, 2, 15, 23, 42975 }, // U+204C
    { 14, 13, 282, 2, 15, 23, 42998 }, // U+204D
    { 12, 13, 258, 2, 11, 20, 43021 }, // U+204E
    { 6, 22, 150, 2, 16, 17, 43041 }, // U+204F
    { 24, 30, 394, 0, 23, 90, 43058 }, // U+2050
    { 13, 28, 266, 3, 22, 46, 43148 }, // U+2051
    { 21, 22, 371, 1, 22, 58, 43194 }, // U+2052
    { 20, 7, 353, 1, 13, 18, 43252 }, // U+2053
    { 24, 6, 394, 0, -1, 18, 43270 }, // U+2054
    { 16, 16, 332, 2, 16, 32, 43288 }, // U+2055
    { 29, 9, 501, 1, 22, 33, 43320 }, // U+2057
    { 0, 0, 135, 0, 0, 0, 43353 }, // U+205F
    { 12, 13, 224, 1, 25, 20, 43353 }, // U+2070
    { 4, 14, 101, 1, 26, 7, 43373 }, // U+2071
    { 12, 13, 220, 1, 25, 20, 43380 }, // U+2074
    { 12, 13, 213, 1, 25, 20, 43400 }, // U+2075
    { 12, 13, 215, 1, 25, 20, 43420 }, // U+2076
    { 10, 13, 192, 1, 25, 17, 43440 }, // U+2077
    { 12, 13, 217, 1, 25, 20, 43457 }, // U+2078
    { 12, 13, 215, 1, 25, 20, 43477 }, // U+2079
    { 10, 10, 215, 2, 23, 13, 43497 }, // U+207A
    { 10, 4, 215, 2, 20, 5, 43510 }, // U+207B
    { 10, 8, 215, 2, 22, 10, 43515 }, // U+207C
    { 7, 16, 130, 1, 26, 14, 43525 }, // U+207D
    { 7, 16, 130, 0, 26, 14, 43539 }, // U+207E
    { 11, 10, 208, 1, 22, 14, 43553 }, // U+207F
    { 12, 13, 224, 1, 8, 20, 43567 }, // U+2080
    { 7, 13, 149, 1, 8, 12, 43587 }, // U+2081
    { 11, 13, 208, 1, 8, 18, 43599 }, // U+2082
    { 12, 13, 214, 1, 8, 20, 43617 }, // U+2083
    { 12, 13, 220, 1, 8, 20, 43637 }, // U+2084
    { 12, 13, 213, 1, 8, 20, 43657 }, // U+2085
    { 12, 13, 215, 1, 8, 20, 43677 }, // U+2086
    { 10, 13, 192, 1, 8, 17, 43697 }, // U+2087
    { 12, 13, 217, 1, 8, 20, 43714 }, // U+2088
    { 12, 13, 215, 1, 8, 20, 43734 }, // U+2089
    { 10, 10, 215, 2, 6, 13, 43754 }, // U+208A
    { 10, 4, 215, 2, 3, 5, 43767 }, // U+208B
    { 10, 8, 215, 2, 5, 10, 43772 }, // U+208C
    { 7, 16, 130, 1, 9, 14, 43782 }, // U+208D
    { 7, 16, 130, 0, 9, 14, 43796 }, // U+208E
    { 11, 10, 192, 0, 5, 14, 43810 }, // U+2090
    { 11, 10, 196, 1, 5, 14, 43824 }, // U+2091
    { 11, 10, 201, 1, 5, 14, 43838 }, // U+2092
    { 12, 10, 195, 0, 5, 15, 43852 }, // U+2093
    { 12, 13, 222, 1, 6, 20, 43867 }, // U+2094
    { 11, 13, 208, 1, 8, 18, 43887 }, // U+2095
    { 11, 13, 193, 1, 8, 18, 43905 }, // U+2096
    { 4, 13, 100, 1, 8, 7, 43923 }, // U+2097
    { 16, 10, 296, 1, 5, 20, 43930 }, // U+2098
    { 11, 10, 208, 1, 5, 14, 43950 }, // U+2099
    { 11, 13, 207, 1, 5, 18, 43964 }, // U+209A
    { 10, 10, 188, 1, 5, 13, 43982 }, // U+209B
    { 8, 12, 127, 0, 7, 12, 43995 }, // U+209C
    { 20, 23, 352, 1, 22, 58, 44007 }, // U+20A0
    { 20, 27, 344, 1, 24, 68, 44065 }, // U+20A1
    { 19, 23, 336, 1, 22, 55, 44133 }, // U+20A2
    { 18, 22, 286, -1, 22, 50, 44188 }, // U+20A3
    { 17, 22, 295, 1, 22, 47, 44238 }, // U+20A4
    { 24, 21, 401, 1, 19, 63, 44285 }, // U+20A5
    { 22, 22, 351, 0, 22, 61, 44348 }, // U+20A6
    { 28, 23, 465, 1, 22, 81, 44409 }, // U+20A7
    { 32, 23, 544, 1, 22, 92, 44490 }, // U+20A8
    { 29, 22, 483, 1, 22, 80, 44582 }, // U+20A9
    { 23, 16, 428, 2, 16, 46, 44662 }, // U+20AA
    { 18, 29, 291, 1, 22, 66, 44708 }, // U+20AB
    { 19, 23, 317, 0, 22, 55, 44774 }, // U+20AC
    { 23, 22, 371, 0, 22, 64, 44829 }, // U+20AD
    { 19, 22, 308, 0, 22, 53, 44893 }, // U+20AE
    { 41, 30, 676, 1, 24, 154, 44946 }, // U+20AF
    { 19, 22, 330, 1, 22, 53, 45100 }, // U+20B1
    { 20, 28, 349, 1, 25, 70, 45153 }, // U+20B2
    { 21, 22, 345, 0, 22, 58, 45223 }, // U+20B3
    { 17, 23, 342, 2, 22, 49, 45281 }, // U+20B4
    { 20, 28, 344, 1, 25, 70, 45330 }, // U+20B5
    { 18, 22, 309, 1, 22, 50, 45400 }, // U+20B8
    { 16, 22, 264, 0, 22, 44, 45450 }, // U+20B9
    { 17, 23, 298, 1, 22, 49, 45494 }, // U+20BA
    { 20, 16, 353, 1, 16, 40, 45543 }, // U+20BC
    { 20, 22, 343, 1, 22, 55, 45583 }, // U+20BD
    { 20, 22, 353, 1, 22, 55, 45638 }, // U+20BE
    { 18, 27, 307, 1, 24, 61, 45693 }, // U+20BF
    { 23, 22, 443, 2, 20, 64, 45754 }, // U+2190
    { 22, 22, 420, 2, 22, 61, 45818 }, // U+2191
    { 22, 22, 443, 3, 20, 61, 45879 }, // U+2192
    { 22, 23, 420, 2, 22, 64, 45940 }, // U+2193
    { 35, 20, 624, 2, 19, 88, 46004 }, // U+2194
    { 21, 34, 399, 2, 26, 90, 46092 }, // U+2195
    { 17, 17, 358, 3, 16, 37, 46182 }, // U+2196
    { 16, 17, 358, 3, 16, 34, 46219 }, // U+2197
    { 16, 16, 358, 3, 16, 32, 46253 }, // U+2198
    { 17, 16, 358, 3, 16, 34, 46285 }, // U+2199
    { 30, 24, 538, 2, 22, 90, 46319 }, // U+21A9
    { 29, 24, 538, 2, 22, 87, 46409 }, // U+21AA
    { 25, 22, 470, 2, 22, 69, 46496 }, // U+21B0
    { 25, 22, 470, 2, 22, 69, 46565 }, // U+21B1
    { 25, 20, 470, 2, 22, 63, 46634 }, // U+21B3
    { 22, 23, 415, 2, 22, 64, 46697 }, // U+21B4
    { 25, 20, 470, 2, 22, 63, 46761 }, // U+21B5
    { 22, 27, 443, 3, 27, 75, 46824 }, // U+21BA
    { 22, 27, 443, 3, 27, 75, 46899 }, // U+21BB
    { 23, 22, 443, 2, 20, 64, 46974 }, // U+21D0
    { 22, 22, 443, 3, 20, 61, 47038 }, // U+21D2
    { 35, 22, 624, 2, 20, 97, 47099 }, // U+21D4
    { 15, 23, 294, 2, 23, 44, 47196 }, // U+21DE
    { 15, 23, 294, 2, 22, 44, 47240 }, // U+21DF
    { 26, 15, 487, 2, 18, 49, 47284 }, // U+21E4
    { 26, 15, 487, 2, 18, 49, 47333 }, // U+21E5
    { 28, 23, 511, 2, 23, 81, 47382 }, // U+21E7
    { 28, 29, 511, 2, 23, 102, 47463 }, // U+21EA
    { 16, 23, 310, 2, 22, 46, 47565 }, // U+2202
    { 18, 18, 319, 1, 17, 41, 47611 }, // U+2205
    { 21, 22, 342, 0, 22, 58, 47652 }, // U+2206
    { 17, 26, 355, 3, 22, 56, 47710 }, // U+220F
    { 18, 26, 343, 2, 22, 59, 47766 }, // U+2211
    { 16, 5, 314, 2, 11, 10, 47825 }, // U+2212
    { 17, 22, 310, 1, 22, 47, 47835 }, // U+221A
    { 27, 14, 455, 1, 16, 48, 47882 }, // U+221E
    { 12, 30, 177, -1, 23, 45, 47930 }, // U+222B
    { 6, 17, 147, 2, 19, 13, 47975 }, // U+2236
    { 16, 13, 314, 2, 15, 26, 47988 }, // U+2248
    { 15, 17, 314, 2, 17, 32, 48014 }, // U+2260
    { 16, 17, 314, 2, 17, 34, 48046 }, // U+2264
    { 16, 17, 314, 2, 17, 34, 48080 }, // U+2265
    { 41, 41, 649, 0, 31, 211, 48114 }, // U+2295
    { 41, 41, 649, 0, 31, 211, 48325 }, // U+2296
    { 41, 41, 649, 0, 31, 211, 48536 }, // U+2297
    { 41, 41, 649, 0, 31, 211, 48747 }, // U+2298
};

static const EpdUnicodeInterval inter_14_boldIntervals[] = {
    { 0x0, 0x0, 0x0 },
    { 0x20, 0x7E, 0x1 },
    { 0xA0, 0xAC, 0x60 },
    { 0xAE, 0xFF, 0x6D },
    { 0x100, 0x148, 0xBF },
    { 0x14A, 0x17F, 0x108 },
    { 0x1A0, 0x1A1, 0x13E },
    { 0x1AF, 0x1B0, 0x140 },
    { 0x1C5, 0x21F, 0x142 },
    { 0x300, 0x304, 0x19D },
    { 0x306, 0x30A, 0x1A2 },
    { 0x30C, 0x30C, 0x1A7 },
    { 0x30F, 0x30F, 0x1A8 },
    { 0x313, 0x313, 0x1A9 },
    { 0x315, 0x315, 0x1AA },
    { 0x31B, 0x31B, 0x1AB },
    { 0x323, 0x323, 0x1AC },
    { 0x326, 0x328, 0x1AD },
    { 0x32C, 0x32C, 0x1B0 },
    { 0x337, 0x338, 0x1B1 },
    { 0x342, 0x343, 0x1B3 },
    { 0x346, 0x36F, 0x1B5 },
    { 0x400, 0x479, 0x1DF },
    { 0x480, 0x49D, 0x259 },
    { 0x4A0, 0x4FF, 0x277 },
    { 0x1EA0, 0x1EF9, 0x2D7 },
    { 0x2000, 0x200B, 0x331 },
    { 0x2010, 0x2027, 0x33D },
    { 0x202F, 0x2055, 0x355 },
    { 0x2057, 0x2057, 0x37C },
    { 0x205F, 0x205F, 0x37D },
    { 0x2070, 0x2071, 0x37E },
    { 0x2074, 0x208E, 0x380 },
    { 0x2090, 0x209C, 0x39B },
    { 0x20A0, 0x20AF, 0x3A8 },
    { 0x20B1, 0x20B5, 0x3B8 },
    { 0x20B8, 0x20BA, 0x3BD },
    { 0x20BC, 0x20BF, 0x3C0 },
    { 0x2190, 0x2199, 0x3C4 },
    { 0x21A9, 0x21AA, 0x3CE },
    { 0x21B0, 0x21B1, 0x3D0 },
    { 0x21B3, 0x21B5, 0x3D2 },
    { 0x21BA, 0x21BB, 0x3D5 },
    { 0x21D0, 0x21D0, 0x3D7 },
    { 0x21D2, 0x21D2, 0x3D8 },
    { 0x21D4, 0x21D4, 0x3D9 },
    { 0x21DE, 0x21DF, 0x3DA },
    { 0x21E4, 0x21E5, 0x3DC },
    { 0x21E7, 0x21E7, 0x3DE },
    { 0x21EA, 0x21EA, 0x3DF },
    { 0x2202, 0x2202, 0x3E0 },
    { 0x2205, 0x2206, 0x3E1 },
    { 0x220F, 0x220F, 0x3E3 },
    { 0x2211, 0x2212, 0x3E4 },
    { 0x221A, 0x221A, 0x3E6 },
    { 0x221E, 0x221E, 0x3E7 },
    { 0x222B, 0x222B, 0x3E8 },
    { 0x2236, 0x2236, 0x3E9 },
    { 0x2248, 0x2248, 0x3EA },
    { 0x2260, 0x2260, 0x3EB },
    { 0x2264, 0x2265, 0x3EC },
    { 0x2295, 0x2298, 0x3EE },
};

static const EpdKernClassEntry inter_14_boldKernLeftClasses[] = {
    { 0x0022, 1 }, // "
    { 0x0024, 2 }, // $
    { 0x0025, 3 }, // %
    { 0x0026, 4 }, // &
    { 0x0027, 1 }, // '
    { 0x0028, 5 }, // (
    { 0x0029, 6 }, // )
    { 0x002A, 7 }, // *
    { 0x002B, 8 }, // +
    { 0x002C, 9 }, // ,
    { 0x002D, 8 }, // -
    { 0x002E, 9 }, // .
    { 0x002F, 10 }, // /
    { 0x0030, 11 }, // 0
    { 0x0031, 12 }, // 1
    { 0x0032, 13 }, // 2
    { 0x0033, 14 }, // 3
    { 0x0034, 15 }, // 4
    { 0x0035, 16 }, // 5
    { 0x0036, 17 }, // 6
    { 0x0037, 18 }, // 7
    { 0x0038, 14 }, // 8
    { 0x0039, 11 }, // 9
    { 0x003A, 19 }, // :
    { 0x003B, 19 }, // ;
    { 0x003D, 20 }, // =
    { 0x003E, 21 }, // >
    { 0x003F, 22 }, // ?
    { 0x0040, 23 }, // @
    { 0x0041, 24 }, // A
    { 0x0042, 25 }, // B
    { 0x0043, 26 }, // C
    { 0x0044, 23 }, // D
    { 0x0045, 27 }, // E
    { 0x0046, 28 }, // F
    { 0x0047, 29 }, // G
    { 0x0048, 12 }, // H
    { 0x0049, 12 }, // I
    { 0x004A, 30 }, // J
    { 0x004B, 31 }, // K
    { 0x004C, 32 }, // L
    { 0x004D, 12 }, // M
    { 0x004E, 12 }, // N
    { 0x004F, 23 }, // O
    { 0x0050, 33 }, // P
    { 0x0051, 23 }, // Q
    { 0x0052, 34 }, // R
    { 0x0053, 2 }, // S
    { 0x0054, 35 }, // T
    { 0x0055, 30 }, // U
    { 0x0056, 36 }, // V
    { 0x0057, 37 }, // W
    { 0x0058, 38 }, // X
    { 0x0059, 39 }, // Y
    { 0x005A, 40 }, // Z
    { 0x005B, 41 }, // [
    { 0x005C, 42 }, // <backslash>
    { 0x005D, 6 }, // ]
    { 0x005E, 7 }, // ^
    { 0x005F, 43 }, // _
    { 0x0061, 44 }, // a
    { 0x0062, 45 }, // b
    { 0x0063, 45 }, // c
    { 0x0064, 12 }, // d
    { 0x0065, 45 }, // e
    { 0x0066, 46 }, // f
    { 0x0067, 47 }, // g
    { 0x0068, 44 }, // h
    { 0x0069, 48 }, // i
    { 0x006A, 48 }, // j
    { 0x006B, 49 }, // k
    { 0x006C, 12 }, // l
    { 0x006D, 44 }, // m
    { 0x006E, 44 }, // n
    { 0x006F, 45 }, // o
    { 0x0070, 45 }, // p
    { 0x0071, 47 }, // q
    { 0x0072, 50 }, // r
    { 0x0073, 51 }, // s
    { 0x0074, 52 }, // t
    { 0x0075, 53 }, // u
    { 0x0076, 54 }, // v
    { 0x0077, 55 }, // w
    { 0x0078, 56 }, // x
    { 0x0079, 54 }, // y
    { 0x007A, 57 }, // z
    { 0x007B, 5 }, // {
    { 0x007C, 12 }, // |
    { 0x007D, 6 }, // }
    { 0x007E, 58 }, // ~
    { 0x00A1, 59 }, // U+00A1
    { 0x00A2, 45 }, // U+00A2
    { 0x00A5, 60 }, // U+00A5
    { 0x00A9, 23 }, // U+00A9
    { 0x00AA, 61 }, // U+00AA
    { 0x00AB, 62 }, // U+00AB
    { 0x00AC, 63 }, // U+00AC
    { 0x00AE, 64 }, // U+00AE
    { 0x00B0, 7 }, // U+00B0
    { 0x00B1, 20 }, // U+00B1
    { 0x00B2, 65 }, // U+00B2
    { 0x00B3, 66 }, // U+00B3
    { 0x00B5, 67 }, // U+00B5
    { 0x00B6, 12 }, // U+00B6
    { 0x00B7, 68 }, // U+00B7
    { 0x00B9, 69 }, // U+00B9
    { 0x00BA, 61 }, // U+00BA
    { 0x00BB, 70 }, // U+00BB
    { 0x00BF, 71 }, // U+00BF
    { 0x00C0, 24 }, // U+00C0
    { 0x00C1, 24 }, // U+00C1
    { 0x00C2, 24 }, // U+00C2
    { 0x00C3, 24 }, // U+00C3
    { 0x00C4, 24 }, // U+00C4
    { 0x00C5, 24 }, // U+00C5
    { 0x00C6, 27 }, // U+00C6
    { 0x00C7, 26 }, // U+00C7
    { 0x00C8, 27 }, // U+00C8
    { 0x00C9, 27 }, // U+00C9
    { 0x00CA, 27 }, // U+00CA
    { 0x00CB, 27 }, // U+00CB
    { 0x00CC, 12 }, // U+00CC
    { 0x00CD, 12 }, // U+00CD
    { 0x00CE, 72 }, // U+00CE
    { 0x00CF, 72 }, // U+00CF
    { 0x00D0, 23 }, // U+00D0
    { 0x00D1, 12 }, // U+00D1
    { 0x00D2, 23 }, // U+00D2
    { 0x00D3, 23 }, // U+00D3
    { 0x00D4, 23 }, // U+00D4
    { 0x00D5, 23 }, // U+00D5
    { 0x00D6, 23 }, // U+00D6
    { 0x00D7, 73 }, // U+00D7
    { 0x00D8, 23 }, // U+00D8
    { 0x00D9, 30 }, // U+00D9
    { 0x00DA, 30 }, // U+00DA
    { 0x00DB, 30 }, // U+00DB
    { 0x00DC, 30 }, // U+00DC
    { 0x00DD, 39 }, // U+00DD
    { 0x00DE, 74 }, // U+00DE
    { 0x00DF, 75 }, // U+00DF
    { 0x00E0, 44 }, // U+00E0
    { 0x00E1, 44 }, // U+00E1
    { 0x00E2, 44 }, // U+00E2
    { 0x00E3, 44 }, // U+00E3
    { 0x00E4, 44 }, // U+00E4
    { 0x00E5, 44 }, // U+00E5
    { 0x00E6, 76 }, // U+00E6
    { 0x00E7, 45 }, // U+00E7
    { 0x00E8, 45 }, // U+00E8
    { 0x00E9, 45 }, // U+00E9
    { 0x00EA, 45 }, // U+00EA
    { 0x00EB, 45 }, // U+00EB
    { 0x00EC, 48 }, // U+00EC
    { 0x00ED, 48 }, // U+00ED
    { 0x00EE, 77 }, // U+00EE
    { 0x00EF, 78 }, // U+00EF
    { 0x00F0, 45 }, // U+00F0
    { 0x00F1, 79 }, // U+00F1
    { 0x00F2, 45 }, // U+00F2
    { 0x00F3, 45 }, // U+00F3
    { 0x00F4, 45 }, // U+00F4
    { 0x00F5, 80 }, // U+00F5
    { 0x00F6, 80 }, // U+00F6
    { 0x00F7, 8 }, // U+00F7
    { 0x00F8, 45 }, // U+00F8
    { 0x00F9, 53 }, // U+00F9
    { 0x00FA, 53 }, // U+00FA
    { 0x00FB, 53 }, // U+00FB
    { 0x00FC, 53 }, // U+00FC
    { 0x00FD, 54 }, // U+00FD
    { 0x00FE, 45 }, // U+00FE
    { 0x00FF, 54 }, // U+00FF
    { 0x0100, 24 }, // U+0100
    { 0x0101, 81 }, // U+0101
    { 0x0102, 24 }, // U+0102
    { 0x0103, 44 }, // U+0103
    { 0x0104, 24 }, // U+0104
    { 0x0105, 44 }, // U+0105
    { 0x0106, 26 }, // U+0106
    { 0x0107, 45 }, // U+0107
    { 0x0108, 26 }, // U+0108
    { 0x0109, 45 }, // U+0109
    { 0x010A, 26 }, // U+010A
    { 0x010B, 45 }, // U+010B
    { 0x010C, 26 }, // U+010C
    { 0x010D, 45 }, // U+010D
    { 0x010E, 23 }, // U+010E
    { 0x010F, 82 }, // U+010F
    { 0x0111, 83 }, // U+0111
    { 0x0112, 27 }, // U+0112
    { 0x0113, 45 }, // U+0113
    { 0x0114, 27 }, // U+0114
    { 0x0115, 45 }, // U+0115
    { 0x0116, 27 }, // U+0116
    { 0x0117, 45 }, // U+0117
    { 0x0118, 27 }, // U+0118
    { 0x0119, 45 }, // U+0119
    { 0x011A, 27 }, // U+011A
    { 0x011B, 45 }, // U+011B
    { 0x011C, 29 }, // U+011C
    { 0x011D, 47 }, // U+011D
    { 0x011E, 29 }, // U+011E
    { 0x011F, 47 }, // U+011F
    { 0x0120, 29 }, // U+0120
    { 0x0121, 47 }, // U+0121
    { 0x0122, 29 }, // U+0122
    { 0x0123, 47 }, // U+0123
    { 0x0124, 12 }, // U+0124
    { 0x0125, 44 }, // U+0125
    { 0x0126, 12 }, // U+0126
    { 0x0127, 44 }, // U+0127
    { 0x0128, 72 }, // U+0128
    { 0x0129, 84 }, // U+0129
    { 0x012A, 72 }, // U+012A
    { 0x012B, 85 }, // U+012B
    { 0x012C, 72 }, // U+012C
    { 0x012D, 86 }, // U+012D
    { 0x012E, 12 }, // U+012E
    { 0x012F, 48 }, // U+012F
    { 0x0130, 12 }, // U+0130
    { 0x0131, 48 }, // U+0131
    { 0x0133, 48 }, // U+0133
    { 0x0134, 30 }, // U+0134
    { 0x0135, 87 }, // U+0135
    { 0x0136, 31 }, // U+0136
    { 0x0137, 49 }, // U+0137
    { 0x0138, 49 }, // U+0138
    { 0x0139, 88 }, // U+0139
    { 0x013A, 89 }, // U+013A
    { 0x013B, 32 }, // U+013B
    { 0x013C, 12 }, // U+013C
    { 0x013D, 90 }, // U+013D
    { 0x013E, 12 }, // U+013E
    { 0x013F, 91 }, // U+013F
    { 0x0140, 92 }, // U+0140
    { 0x0141, 93 }, // U+0141
    { 0x0142, 94 }, // U+0142
    { 0x0143, 12 }, // U+0143
    { 0x0144, 44 }, // U+0144
    { 0x0145, 12 }, // U+0145
    { 0x0146, 44 }, // U+0146
    { 0x0147, 12 }, // U+0147
    { 0x0148, 44 }, // U+0148
    { 0x014A, 12 }, // U+014A
    { 0x014C, 23 }, // U+014C
    { 0x014D, 45 }, // U+014D
    { 0x014E, 23 }, // U+014E
    { 0x014F, 45 }, // U+014F
    { 0x0150, 23 }, // U+0150
    { 0x0151, 45 }, // U+0151
    { 0x0152, 27 }, // U+0152
    { 0x0153, 45 }, // U+0153
    { 0x0154, 34 }, // U+0154
    { 0x0155, 50 }, // U+0155
    { 0x0156, 34 }, // U+0156
    { 0x0157, 50 }, // U+0157
    { 0x0158, 34 }, // U+0158
    { 0x0159, 50 }, // U+0159
    { 0x015A, 2 }, // U+015A
    { 0x015B, 51 }, // U+015B
    { 0x015C, 2 }, // U+015C
    { 0x015D, 51 }, // U+015D
    { 0x015E, 2 }, // U+015E
    { 0x015F, 51 }, // U+015F
    { 0x0160, 2 }, // U+0160
    { 0x0161, 51 }, // U+0161
    { 0x0162, 95 }, // U+0162
    { 0x0163, 52 }, // U+0163
    { 0x0164, 96 }, // U+0164
    { 0x0165, 52 }, // U+0165
    { 0x0166, 97 }, // U+0166
    { 0x0167, 52 }, // U+0167
    { 0x0168, 30 }, // U+0168
    { 0x0169, 53 }, // U+0169
    { 0x016A, 30 }, // U+016A
    { 0x016B, 53 }, // U+016B
    { 0x016C, 30 }, // U+016C
    { 0x016D, 53 }, // U+016D
    { 0x016E, 30 }, // U+016E
    { 0x016F, 53 }, // U+016F
    { 0x0170, 30 }, // U+0170
    { 0x0171, 53 }, // U+0171
    { 0x0172, 30 }, // U+0172
    { 0x0173, 53 }, // U+0173
    { 0x0174, 37 }, // U+0174
    { 0x0175, 55 }, // U+0175
    { 0x0176, 39 }, // U+0176
    { 0x0177, 54 }, // U+0177
    { 0x0178, 39 }, // U+0178
    { 0x0179, 40 }, // U+0179
    { 0x017A, 57 }, // U+017A
    { 0x017B, 40 }, // U+017B
    { 0x017C, 57 }, // U+017C
    { 0x017D, 40 }, // U+017D
    { 0x017E, 57 }, // U+017E
    { 0x017F, 98 }, // U+017F
    { 0x01A0, 99 }, // U+01A0
    { 0x01A1, 100 }, // U+01A1
    { 0x01AF, 101 }, // U+01AF
    { 0x01B0, 102 }, // U+01B0
    { 0x01C5, 103 }, // U+01C5
    { 0x01C6, 57 }, // U+01C6
    { 0x01C8, 48 }, // U+01C8
    { 0x01C9, 48 }, // U+01C9
    { 0x01CB, 48 }, // U+01CB
    { 0x01CC, 48 }, // U+01CC
    { 0x01CD, 24 }, // U+01CD
    { 0x01CE, 44 }, // U+01CE
    { 0x01CF, 89 }, // U+01CF
    { 0x01D0, 104 }, // U+01D0
    { 0x01D1, 23 }, // U+01D1
    { 0x01D2, 45 }, // U+01D2
    { 0x01D3, 30 }, // U+01D3
    { 0x01D4, 53 }, // U+01D4
    { 0x01D5, 30 }, // U+01D5
    { 0x01D6, 53 }, // U+01D6
    { 0x01D7, 30 }, // U+01D7
    { 0x01D8, 53 }, // U+01D8
    { 0x01D9, 30 }, // U+01D9
    { 0x01DA, 53 }, // U+01DA
    { 0x01DB, 30 }, // U+01DB
    { 0x01DC, 53 }, // U+01DC
    { 0x01DD, 105 }, // U+01DD
    { 0x01DE, 24 }, // U+01DE
    { 0x01DF, 44 }, // U+01DF
    { 0x01E0, 24 }, // U+01E0
    { 0x01E1, 44 }, // U+01E1
    { 0x01E2, 27 }, // U+01E2
    { 0x01E3, 76 }, // U+01E3
    { 0x01E4, 29 }, // U+01E4
    { 0x01E5, 47 }, // U+01E5
    { 0x01E6, 29 }, // U+01E6
    { 0x01E7, 47 }, // U+01E7
    { 0x01E8, 31 }, // U+01E8
    { 0x01E9, 49 }, // U+01E9
    { 0x01EA, 23 }, // U+01EA
    { 0x01EB, 45 }, // U+01EB
    { 0x01EC, 23 }, // U+01EC
    { 0x01ED, 45 }, // U+01ED
    { 0x01F0, 48 }, // U+01F0
    { 0x01F1, 106 }, // U+01F1
    { 0x01F2, 57 }, // U+01F2
    { 0x01F3, 57 }, // U+01F3
    { 0x01F4, 29 }, // U+01F4
    { 0x01F5, 47 }, // U+01F5
    { 0x01F6, 107 }, // U+01F6
    { 0x01F8, 12 }, // U+01F8
    { 0x01F9, 44 }, // U+01F9
    { 0x01FA, 24 }, // U+01FA
    { 0x01FB, 44 }, // U+01FB
    { 0x01FC, 27 }, // U+01FC
    { 0x01FD, 76 }, // U+01FD
    { 0x01FE, 23 }, // U+01FE
    { 0x01FF, 45 }, // U+01FF
    { 0x0200, 24 }, // U+0200
    { 0x0201, 44 }, // U+0201
    { 0x0202, 24 }, // U+0202
    { 0x0203, 44 }, // U+0203
    { 0x0204, 27 }, // U+0204
    { 0x0205, 45 }, // U+0205
    { 0x0206, 27 }, // U+0206
    { 0x0207, 45 }, // U+0207
    { 0x0208, 108 }, // U+0208
    { 0x0209, 109 }, // U+0209
    { 0x020A, 72 }, // U+020A
    { 0x020B, 110 }, // U+020B
    { 0x020C, 23 }, // U+020C
    { 0x020D, 45 }, // U+020D
    { 0x020E, 23 }, // U+020E
    { 0x020F, 45 }, // U+020F
    { 0x0210, 34 }, // U+0210
    { 0x0211, 50 }, // U+0211
    { 0x0212, 34 }, // U+0212
    { 0x0213, 50 }, // U+0213
    { 0x0214, 30 }, // U+0214
    { 0x0215, 53 }, // U+0215
    { 0x0216, 30 }, // U+0216
    { 0x0217, 53 }, // U+0217
    { 0x0218, 2 }, // U+0218
    { 0x0219, 51 }, // U+0219
    { 0x021A, 35 }, // U+021A
    { 0x021B, 52 }, // U+021B
    { 0x021E, 12 }, // U+021E
    { 0x021F, 44 }, // U+021F
    { 0x0400, 27 }, // U+0400
    { 0x0401, 27 }, // U+0401
    { 0x0402, 45 }, // U+0402
    { 0x0403, 35 }, // U+0403
    { 0x0404, 111 }, // U+0404
    { 0x0405, 2 }, // U+0405
    { 0x0406, 12 }, // U+0406
    { 0x0407, 72 }, // U+0407
    { 0x0408, 30 }, // U+0408
    { 0x0409, 45 }, // U+0409
    { 0x040A, 45 }, // U+040A
    { 0x040B, 44 }, // U+040B
    { 0x040C, 31 }, // U+040C
    { 0x040D, 12 }, // U+040D
    { 0x040F, 12 }, // U+040F
    { 0x0410, 24 }, // U+0410
    { 0x0411, 25 }, // U+0411
    { 0x0412, 25 }, // U+0412
    { 0x0413, 35 }, // U+0413
    { 0x0414, 112 }, // U+0414
    { 0x0415, 27 }, // U+0415
    { 0x0416, 113 }, // U+0416
    { 0x0417, 14 }, // U+0417
    { 0x0418, 12 }, // U+0418
    { 0x0419, 12 }, // U+0419
    { 0x041A, 31 }, // U+041A
    { 0x041B, 12 }, // U+041B
    { 0x041C, 12 }, // U+041C
    { 0x041D, 12 }, // U+041D
    { 0x041E, 23 }, // U+041E
    { 0x041F, 12 }, // U+041F
    { 0x0420, 33 }, // U+0420
    { 0x0421, 26 }, // U+0421
    { 0x0422, 35 }, // U+0422
    { 0x0423, 39 }, // U+0423
    { 0x0424, 114 }, // U+0424
    { 0x0425, 38 }, // U+0425
    { 0x0426, 112 }, // U+0426
    { 0x0427, 12 }, // U+0427
    { 0x0428, 12 }, // U+0428
    { 0x0429, 112 }, // U+0429
    { 0x042A, 45 }, // U+042A
    { 0x042B, 12 }, // U+042B
    { 0x042C, 45 }, // U+042C
    { 0x042D, 23 }, // U+042D
    { 0x042E, 115 }, // U+042E
    { 0x0430, 44 }, // U+0430
    { 0x0432, 51 }, // U+0432
    { 0x0433, 50 }, // U+0433
    { 0x0434, 116 }, // U+0434
    { 0x0435, 45 }, // U+0435
    { 0x0436, 56 }, // U+0436
    { 0x0437, 44 }, // U+0437
    { 0x0438, 44 }, // U+0438
    { 0x0439, 44 }, // U+0439
    { 0x043A, 49 }, // U+043A
    { 0x043B, 44 }, // U+043B
    { 0x043C, 44 }, // U+043C
    { 0x043D, 44 }, // U+043D
    { 0x043E, 45 }, // U+043E
    { 0x043F, 44 }, // U+043F
    { 0x0440, 45 }, // U+0440
    { 0x0441, 45 }, // U+0441
    { 0x0442, 117 }, // U+0442
    { 0x0443, 54 }, // U+0443
    { 0x0444, 45 }, // U+0444
    { 0x0445, 56 }, // U+0445
    { 0x0446, 116 }, // U+0446
    { 0x0447, 44 }, // U+0447
    { 0x0448, 44 }, // U+0448
    { 0x0449, 116 }, // U+0449
    { 0x044A, 118 }, // U+044A
    { 0x044B, 48 }, // U+044B
    { 0x044C, 118 }, // U+044C
    { 0x044D, 45 }, // U+044D
    { 0x044E, 45 }, // U+044E
    { 0x044F, 44 }, // U+044F
    { 0x0450, 45 }, // U+0450
    { 0x0451, 45 }, // U+0451
    { 0x0452, 44 }, // U+0452
    { 0x0453, 50 }, // U+0453
    { 0x0454, 45 }, // U+0454
    { 0x0455, 51 }, // U+0455
    { 0x0456, 48 }, // U+0456
    { 0x0457, 78 }, // U+0457
    { 0x0458, 48 }, // U+0458
    { 0x0459, 118 }, // U+0459
    { 0x045A, 118 }, // U+045A
    { 0x045B, 44 }, // U+045B
    { 0x045C, 49 }, // U+045C
    { 0x045D, 44 }, // U+045D
    { 0x045E, 54 }, // U+045E
    { 0x045F, 53 }, // U+045F
    { 0x0460, 12 }, // U+0460
    { 0x0462, 45 }, // U+0462
    { 0x0463, 45 }, // U+0463
    { 0x0464, 26 }, // U+0464
    { 0x0465, 45 }, // U+0465
    { 0x0466, 24 }, // U+0466
    { 0x0467, 24 }, // U+0467
    { 0x0468, 24 }, // U+0468
    { 0x046E, 25 }, // U+046E
    { 0x0472, 23 }, // U+0472
    { 0x0473, 45 }, // U+0473
    { 0x0474, 36 }, // U+0474
    { 0x0475, 54 }, // U+0475
    { 0x0476, 36 }, // U+0476
    { 0x0477, 54 }, // U+0477
    { 0x0479, 46 }, // U+0479
    { 0x0481, 45 }, // U+0481
    { 0x048A, 12 }, // U+048A
    { 0x048B, 52 }, // U+048B
    { 0x048C, 45 }, // U+048C
    { 0x048D, 45 }, // U+048D
    { 0x048E, 33 }, // U+048E
    { 0x048F, 45 }, // U+048F
    { 0x0490, 35 }, // U+0490
    { 0x0491, 50 }, // U+0491
    { 0x0492, 35 }, // U+0492
    { 0x0493, 50 }, // U+0493
    { 0x0497, 56 }, // U+0497
    { 0x0498, 14 }, // U+0498
    { 0x049A, 31 }, // U+049A
    { 0x049B, 49 }, // U+049B
    { 0x049C, 31 }, // U+049C
    { 0x049D, 49 }, // U+049D
    { 0x04A0, 31 }, // U+04A0
    { 0x04A1, 49 }, // U+04A1
    { 0x04A2, 52 }, // U+04A2
    { 0x04A3, 52 }, // U+04A3
    { 0x04A4, 35 }, // U+04A4
    { 0x04A5, 50 }, // U+04A5
    { 0x04A6, 45 }, // U+04A6
    { 0x04A7, 118 }, // U+04A7
    { 0x04A9, 76 }, // U+04A9
    { 0x04AA, 26 }, // U+04AA
    { 0x04AB, 45 }, // U+04AB
    { 0x04AC, 35 }, // U+04AC
    { 0x04AD, 50 }, // U+04AD
    { 0x04AE, 39 }, // U+04AE
    { 0x04AF, 54 }, // U+04AF
    { 0x04B0, 119 }, // U+04B0
    { 0x04B1, 54 }, // U+04B1
    { 0x04B3, 56 }, // U+04B3
    { 0x04B5, 116 }, // U+04B5
    { 0x04B7, 52 }, // U+04B7
    { 0x04B9, 44 }, // U+04B9
    { 0x04BA, 44 }, // U+04BA
    { 0x04BB, 44 }, // U+04BB
    { 0x04BD, 45 }, // U+04BD
    { 0x04BF, 76 }, // U+04BF
    { 0x04C0, 12 }, // U+04C0
    { 0x04C1, 38 }, // U+04C1
    { 0x04C3, 25 }, // U+04C3
    { 0x04C4, 44 }, // U+04C4
    { 0x04C6, 52 }, // U+04C6
    { 0x04C7, 12 }, // U+04C7
    { 0x04C8, 44 }, // U+04C8
    { 0x04C9, 52 }, // U+04C9
    { 0x04CA, 52 }, // U+04CA
    { 0x04CC, 44 }, // U+04CC
    { 0x04CD, 12 }, // U+04CD
    { 0x04CE, 52 }, // U+04CE
    { 0x04CF, 12 }, // U+04CF
    { 0x04D0, 24 }, // U+04D0
    { 0x04D1, 44 }, // U+04D1
    { 0x04D2, 24 }, // U+04D2
    { 0x04D3, 44 }, // U+04D3
    { 0x04D4, 27 }, // U+04D4
    { 0x04D5, 76 }, // U+04D5
    { 0x04D6, 27 }, // U+04D6
    { 0x04D7, 45 }, // U+04D7
    { 0x04D9, 45 }, // U+04D9
    { 0x04DA, 23 }, // U+04DA
    { 0x04DB, 45 }, // U+04DB
    { 0x04DC, 38 }, // U+04DC
    { 0x04E0, 14 }, // U+04E0
    { 0x04E2, 12 }, // U+04E2
    { 0x04E3, 44 }, // U+04E3
    { 0x04E4, 12 }, // U+04E4
    { 0x04E5, 44 }, // U+04E5
    { 0x04E6, 23 }, // U+04E6
    { 0x04E7, 45 }, // U+04E7
    { 0x04E8, 23 }, // U+04E8
    { 0x04E9, 45 }, // U+04E9
    { 0x04EA, 23 }, // U+04EA
    { 0x04EB, 45 }, // U+04EB
    { 0x04ED, 45 }, // U+04ED
    { 0x04EF, 54 }, // U+04EF
    { 0x04F1, 54 }, // U+04F1
    { 0x04F3, 54 }, // U+04F3
    { 0x04F5, 44 }, // U+04F5
    { 0x04F6, 35 }, // U+04F6
    { 0x04F7, 50 }, // U+04F7
    { 0x04F9, 44 }, // U+04F9
    { 0x04FA, 35 }, // U+04FA
    { 0x04FB, 50 }, // U+04FB
    { 0x04FC, 38 }, // U+04FC
    { 0x04FD, 56 }, // U+04FD
    { 0x04FE, 38 }, // U+04FE
    { 0x04FF, 56 }, // U+04FF
    { 0x1EA0, 24 }, // U+1EA0
    { 0x1EA1, 44 }, // U+1EA1
    { 0x1EA2, 24 }, // U+1EA2
    { 0x1EA3, 44 }, // U+1EA3
    { 0x1EA4, 24 }, // U+1EA4
    { 0x1EA5, 44 }, // U+1EA5
    { 0x1EA6, 24 }, // U+1EA6
    { 0x1EA7, 44 }, // U+1EA7
    { 0x1EA8, 24 }, // U+1EA8
    { 0x1EA9, 44 }, // U+1EA9
    { 0x1EAA, 24 }, // U+1EAA
    { 0x1EAB, 44 }, // U+1EAB
    { 0x1EAC, 24 }, // U+1EAC
    { 0x1EAD, 44 }, // U+1EAD
    { 0x1EAE, 24 }, // U+1EAE
    { 0x1EAF, 44 }, // U+1EAF
    { 0x1EB0, 24 }, // U+1EB0
    { 0x1EB1, 44 }, // U+1EB1
    { 0x1EB2, 24 }, // U+1EB2
    { 0x1EB3, 44 }, // U+1EB3
    { 0x1EB4, 24 }, // U+1EB4
    { 0x1EB5, 44 }, // U+1EB5
    { 0x1EB6, 24 }, // U+1EB6
    { 0x1EB7, 44 }, // U+1EB7
    { 0x1EB8, 27 }, // U+1EB8
    { 0x1EB9, 45 }, // U+1EB9
    { 0x1EBA, 27 }, // U+1EBA
    { 0x1EBB, 45 }, // U+1EBB
    { 0x1EBC, 27 }, // U+1EBC
    { 0x1EBD, 45 }, // U+1EBD
    { 0x1EBE, 27 }, // U+1EBE
    { 0x1EBF, 45 }, // U+1EBF
    { 0x1EC0, 27 }, // U+1EC0
    { 0x1EC1, 45 }, // U+1EC1
    { 0x1EC2, 27 }, // U+1EC2
    { 0x1EC3, 45 }, // U+1EC3
    { 0x1EC4, 27 }, // U+1EC4
    { 0x1EC5, 45 }, // U+1EC5
    { 0x1EC6, 27 }, // U+1EC6
    { 0x1EC7, 45 }, // U+1EC7
    { 0x1EC8, 12 }, // U+1EC8
    { 0x1EC9, 109 }, // U+1EC9
    { 0x1ECA, 12 }, // U+1ECA
    { 0x1ECB, 120 }, // U+1ECB
    { 0x1ECC, 23 }, // U+1ECC
    { 0x1ECD, 45 }, // U+1ECD
    { 0x1ECE, 23 }, // U+1ECE
    { 0x1ECF, 45 }, // U+1ECF
    { 0x1ED0, 23 }, // U+1ED0
    { 0x1ED1, 45 }, // U+1ED1
    { 0x1ED2, 23 }, // U+1ED2
    { 0x1ED3, 45 }, // U+1ED3
    { 0x1ED4, 23 }, // U+1ED4
    { 0x1ED5, 121 }, // U+1ED5
    { 0x1ED6, 23 }, // U+1ED6
    { 0x1ED7, 45 }, // U+1ED7
    { 0x1ED8, 23 }, // U+1ED8
    { 0x1ED9, 45 }, // U+1ED9
    { 0x1EDA, 23 }, // U+1EDA
    { 0x1EDB, 45 }, // U+1EDB
    { 0x1EDC, 23 }, // U+1EDC
    { 0x1EDD, 45 }, // U+1EDD
    { 0x1EDE, 23 }, // U+1EDE
    { 0x1EDF, 45 }, // U+1EDF
    { 0x1EE0, 23 }, // U+1EE0
    { 0x1EE1, 45 }, // U+1EE1
    { 0x1EE2, 23 }, // U+1EE2
    { 0x1EE3, 45 }, // U+1EE3
    { 0x1EE4, 30 }, // U+1EE4
    { 0x1EE5, 53 }, // U+1EE5
    { 0x1EE6, 30 }, // U+1EE6
    { 0x1EE7, 53 }, // U+1EE7
    { 0x1EE8, 122 }, // U+1EE8
    { 0x1EE9, 53 }, // U+1EE9
    { 0x1EEA, 122 }, // U+1EEA
    { 0x1EEB, 53 }, // U+1EEB
    { 0x1EEC, 122 }, // U+1EEC
    { 0x1EED, 102 }, // U+1EED
    { 0x1EEE, 122 }, // U+1EEE
    { 0x1EEF, 53 }, // U+1EEF
    { 0x1EF0, 122 }, // U+1EF0
    { 0x1EF1, 53 }, // U+1EF1
    { 0x1EF2, 39 }, // U+1EF2
    { 0x1EF3, 54 }, // U+1EF3
    { 0x1EF4, 123 }, // U+1EF4
    { 0x1EF5, 54 }, // U+1EF5
    { 0x1EF6, 123 }, // U+1EF6
    { 0x1EF7, 54 }, // U+1EF7
    { 0x1EF8, 123 }, // U+1EF8
    { 0x1EF9, 54 }, // U+1EF9
    { 0x2018, 124 }, // U+2018
    { 0x2019, 125 }, // U+2019
    { 0x201A, 126 }, // U+201A
    { 0x201C, 124 }, // U+201C
    { 0x201D, 125 }, // U+201D
    { 0x201E, 126 }, // U+201E
    { 0x2020, 61 }, // U+2020
    { 0x2021, 61 }, // U+2021
    { 0x2022, 127 }, // U+2022
    { 0x2023, 127 }, // U+2023
    { 0x2026, 128 }, // U+2026
    { 0x2034, 125 }, // U+2034
    { 0x2039, 62 }, // U+2039
    { 0x203A, 70 }, // U+203A
    { 0x203D, 22 }, // U+203D
    { 0x2043, 127 }, // U+2043
    { 0x204B, 33 }, // U+204B
    { 0x204C, 44 }, // U+204C
    { 0x204D, 127 }, // U+204D
    { 0x204F, 19 }, // U+204F
    { 0x2070, 66 }, // U+2070
    { 0x2071, 129 }, // U+2071
    { 0x2074, 130 }, // U+2074
    { 0x2075, 66 }, // U+2075
    { 0x2076, 66 }, // U+2076
    { 0x2077, 131 }, // U+2077
    { 0x2078, 66 }, // U+2078
    { 0x2079, 66 }, // U+2079
    { 0x207A, 132 }, // U+207A
    { 0x207B, 132 }, // U+207B
    { 0x207D, 133 }, // U+207D
    { 0x2080, 134 }, // U+2080
    { 0x2081, 134 }, // U+2081
    { 0x2082, 134 }, // U+2082
    { 0x2083, 134 }, // U+2083
    { 0x2084, 134 }, // U+2084
    { 0x2085, 135 }, // U+2085
    { 0x2086, 134 }, // U+2086
    { 0x2087, 136 }, // U+2087
    { 0x2088, 134 }, // U+2088
    { 0x2089, 134 }, // U+2089
    { 0x208A, 134 }, // U+208A
    { 0x208B, 134 }, // U+208B
    { 0x208C, 134 }, // U+208C
    { 0x208D, 134 }, // U+208D
    { 0x208E, 134 }, // U+208E
    { 0x2090, 134 }, // U+2090
    { 0x2091, 134 }, // U+2091
    { 0x2092, 134 }, // U+2092
    { 0x2093, 134 }, // U+2093
    { 0x2095, 134 }, // U+2095
    { 0x2096, 134 }, // U+2096
    { 0x2097, 134 }, // U+2097
    { 0x2098, 134 }, // U+2098
    { 0x2099, 134 }, // U+2099
    { 0x209A, 134 }, // U+209A
    { 0x209B, 134 }, // U+209B
    { 0x209C, 134 }, // U+209C
    { 0x20A1, 26 }, // U+20A1
    { 0x20A7, 52 }, // U+20A7
    { 0x20A8, 51 }, // U+20A8
    { 0x20A9, 137 }, // U+20A9
    { 0x20AC, 138 }, // U+20AC
    { 0x20AF, 45 }, // U+20AF
    { 0x20B2, 29 }, // U+20B2
    { 0x20B5, 26 }, // U+20B5
    { 0x20BD, 139 }, // U+20BD
    { 0x20BF, 25 }, // U+20BF
    { 0x2190, 8 }, // U+2190
    { 0x21D0, 20 }, // U+21D0
    { 0x2206, 24 }, // U+2206
    { 0x2212, 8 }, // U+2212
    { 0x221E, 91 }, // U+221E
    { 0x2248, 20 }, // U+2248
    { 0x2260, 20 }, // U+2260
    { 0x2264, 20 }, // U+2264
    { 0x2265, 20 }, // U+2265
};

static const EpdKernClassEntry inter_14_boldKernRightClasses[] = {
    { 0x0020, 1 }, // U+0020
    { 0x0021, 2 }, // !
    { 0x0022, 3 }, // "
    { 0x0023, 4 }, // #
    { 0x0024, 5 }, // $
    { 0x0025, 6 }, // %
    { 0x0026, 7 }, // &
    { 0x0027, 3 }, // '
    { 0x0028, 8 }, // (
    { 0x0029, 9 }, // )
    { 0x002A, 10 }, // *
    { 0x002B, 11 }, // +
    { 0x002C, 12 }, // ,
    { 0x002D, 13 }, // -
    { 0x002E, 14 }, // .
    { 0x002F, 15 }, // /
    { 0x0030, 16 }, // 0
    { 0x0031, 17 }, // 1
    { 0x0032, 18 }, // 2
    { 0x0033, 19 }, // 3
    { 0x0034, 20 }, // 4
    { 0x0035, 21 }, // 5
    { 0x0036, 16 }, // 6
    { 0x0037, 22 }, // 7
    { 0x0038, 23 }, // 8
    { 0x0039, 24 }, // 9
    { 0x003A, 25 }, // :
    { 0x003B, 25 }, // ;
    { 0x003C, 26 }, // <
    { 0x003D, 27 }, // =
    { 0x003F, 28 }, // ?
    { 0x0040, 29 }, // @
    { 0x0041, 30 }, // A
    { 0x0042, 31 }, // B
    { 0x0043, 32 }, // C
    { 0x0044, 31 }, // D
    { 0x0045, 31 }, // E
    { 0x0046, 31 }, // F
    { 0x0047, 32 }, // G
    { 0x0048, 31 }, // H
    { 0x0049, 31 }, // I
    { 0x004A, 33 }, // J
    { 0x004B, 31 }, // K
    { 0x004C, 31 }, // L
    { 0x004D, 31 }, // M
    { 0x004E, 31 }, // N
    { 0x004F, 32 }, // O
    { 0x0050, 31 }, // P
    { 0x0051, 32 }, // Q
    { 0x0052, 31 }, // R
    { 0x0053, 5 }, // S
    { 0x0054, 34 }, // T
    { 0x0055, 35 }, // U
    { 0x0056, 36 }, // V
    { 0x0057, 37 }, // W
    { 0x0058, 38 }, // X
    { 0x0059, 39 }, // Y
    { 0x005A, 40 }, // Z
    { 0x005B, 8 }, // [
    { 0x005C, 36 }, // <backslash>
    { 0x005D, 9 }, // ]
    { 0x005E, 41 }, // ^
    { 0x005F, 42 }, // _
    { 0x0061, 43 }, // a
    { 0x0062, 31 }, // b
    { 0x0063, 44 }, // c
    { 0x0064, 44 }, // d
    { 0x0065, 44 }, // e
    { 0x0066, 45 }, // f
    { 0x0067, 44 }, // g
    { 0x0068, 31 }, // h
    { 0x0069, 46 }, // i
    { 0x006A, 47 }, // j
    { 0x006B, 31 }, // k
    { 0x006C, 31 }, // l
    { 0x006D, 48 }, // m
    { 0x006E, 48 }, // n
    { 0x006F, 44 }, // o
    { 0x0070, 48 }, // p
    { 0x0071, 44 }, // q
    { 0x0072, 48 }, // r
    { 0x0073, 49 }, // s
    { 0x0074, 50 }, // t
    { 0x0075, 51 }, // u
    { 0x0076, 52 }, // v
    { 0x0077, 53 }, // w
    { 0x0078, 54 }, // x
    { 0x0079, 52 }, // y
    { 0x007A, 55 }, // z
    { 0x007B, 8 }, // {
    { 0x007C, 31 }, // |
    { 0x007D, 9 }, // }
    { 0x007E, 56 }, // ~
    { 0x00A2, 44 }, // U+00A2
    { 0x00A5, 57 }, // U+00A5
    { 0x00A9, 32 }, // U+00A9
    { 0x00AA, 58 }, // U+00AA
    { 0x00AB, 59 }, // U+00AB
    { 0x00AC, 60 }, // U+00AC
    { 0x00AE, 61 }, // U+00AE
    { 0x00B0, 62 }, // U+00B0
    { 0x00B1, 27 }, // U+00B1
    { 0x00B2, 63 }, // U+00B2
    { 0x00B5, 64 }, // U+00B5
    { 0x00B6, 65 }, // U+00B6
    { 0x00B7, 66 }, // U+00B7
    { 0x00B9, 67 }, // U+00B9
    { 0x00BA, 58 }, // U+00BA
    { 0x00BB, 68 }, // U+00BB
    { 0x00BF, 69 }, // U+00BF
    { 0x00C0, 30 }, // U+00C0
    { 0x00C1, 30 }, // U+00C1
    { 0x00C2, 30 }, // U+00C2
    { 0x00C3, 30 }, // U+00C3
    { 0x00C4, 30 }, // U+00C4
    { 0x00C5, 30 }, // U+00C5
    { 0x00C6, 30 }, // U+00C6
    { 0x00C7, 32 }, // U+00C7
    { 0x00C8, 31 }, // U+00C8
    { 0x00C9, 31 }, // U+00C9
    { 0x00CA, 31 }, // U+00CA
    { 0x00CB, 31 }, // U+00CB
    { 0x00CC, 31 }, // U+00CC
    { 0x00CD, 31 }, // U+00CD
    { 0x00CE, 70 }, // U+00CE
    { 0x00CF, 70 }, // U+00CF
    { 0x00D0, 71 }, // U+00D0
    { 0x00D1, 31 }, // U+00D1
    { 0x00D2, 32 }, // U+00D2
    { 0x00D3, 32 }, // U+00D3
    { 0x00D4, 32 }, // U+00D4
    { 0x00D5, 32 }, // U+00D5
    { 0x00D6, 32 }, // U+00D6
    { 0x00D7, 72 }, // U+00D7
    { 0x00D8, 32 }, // U+00D8
    { 0x00D9, 35 }, // U+00D9
    { 0x00DA, 35 }, // U+00DA
    { 0x00DB, 35 }, // U+00DB
    { 0x00DC, 35 }, // U+00DC
    { 0x00DD, 39 }, // U+00DD
    { 0x00DE, 31 }, // U+00DE
    { 0x00DF, 31 }, // U+00DF
    { 0x00E0, 43 }, // U+00E0
    { 0x00E1, 43 }, // U+00E1
    { 0x00E2, 43 }, // U+00E2
    { 0x00E3, 73 }, // U+00E3
    { 0x00E4, 74 }, // U+00E4
    { 0x00E5, 43 }, // U+00E5
    { 0x00E6, 43 }, // U+00E6
    { 0x00E7, 44 }, // U+00E7
    { 0x00E8, 44 }, // U+00E8
    { 0x00E9, 44 }, // U+00E9
    { 0x00EA, 44 }, // U+00EA
    { 0x00EB, 75 }, // U+00EB
    { 0x00EC, 76 }, // U+00EC
    { 0x00ED, 77 }, // U+00ED
    { 0x00EE, 78 }, // U+00EE
    { 0x00EF, 79 }, // U+00EF
    { 0x00F0, 44 }, // U+00F0
    { 0x00F1, 48 }, // U+00F1
    { 0x00F2, 44 }, // U+00F2
    { 0x00F3, 44 }, // U+00F3
    { 0x00F4, 44 }, // U+00F4
    { 0x00F5, 80 }, // U+00F5
    { 0x00F6, 75 }, // U+00F6
    { 0x00F7, 11 }, // U+00F7
    { 0x00F8, 44 }, // U+00F8
    { 0x00F9, 51 }, // U+00F9
    { 0x00FA, 51 }, // U+00FA
    { 0x00FB, 51 }, // U+00FB
    { 0x00FC, 81 }, // U+00FC
    { 0x00FD, 52 }, // U+00FD
    { 0x00FE, 31 }, // U+00FE
    { 0x00FF, 82 }, // U+00FF
    { 0x0100, 30 }, // U+0100
    { 0x0101, 83 }, // U+0101
    { 0x0102, 30 }, // U+0102
    { 0x0103, 43 }, // U+0103
    { 0x0104, 30 }, // U+0104
    { 0x0105, 43 }, // U+0105
    { 0x0106, 32 }, // U+0106
    { 0x0107, 44 }, // U+0107
    { 0x0108, 32 }, // U+0108
    { 0x0109, 44 }, // U+0109
    { 0x010A, 32 }, // U+010A
    { 0x010B, 44 }, // U+010B
    { 0x010C, 32 }, // U+010C
    { 0x010D, 44 }, // U+010D
    { 0x010E, 31 }, // U+010E
    { 0x010F, 44 }, // U+010F
    { 0x0110, 84 }, // U+0110
    { 0x0111, 44 }, // U+0111
    { 0x0112, 31 }, // U+0112
    { 0x0113, 44 }, // U+0113
    { 0x0114, 31 }, // U+0114
    { 0x0115, 44 }, // U+0115
    { 0x0116, 31 }, // U+0116
    { 0x0117, 44 }, // U+0117
    { 0x0118, 31 }, // U+0118
    { 0x0119, 44 }, // U+0119
    { 0x011A, 31 }, // U+011A
    { 0x011B, 44 }, // U+011B
    { 0x011C, 32 }, // U+011C
    { 0x011D, 44 }, // U+011D
    { 0x011E, 32 }, // U+011E
    { 0x011F, 44 }, // U+011F
    { 0x0120, 32 }, // U+0120
    { 0x0121, 44 }, // U+0121
    { 0x0122, 32 }, // U+0122
    { 0x0123, 44 }, // U+0123
    { 0x0124, 31 }, // U+0124
    { 0x0125, 31 }, // U+0125
    { 0x0126, 31 }, // U+0126
    { 0x0127, 85 }, // U+0127
    { 0x0128, 70 }, // U+0128
    { 0x0129, 86 }, // U+0129
    { 0x012A, 70 }, // U+012A
    { 0x012B, 87 }, // U+012B
    { 0x012C, 70 }, // U+012C
    { 0x012D, 79 }, // U+012D
    { 0x012E, 31 }, // U+012E
    { 0x012F, 46 }, // U+012F
    { 0x0130, 31 }, // U+0130
    { 0x0131, 46 }, // U+0131
    { 0x0133, 46 }, // U+0133
    { 0x0134, 33 }, // U+0134
    { 0x0135, 88 }, // U+0135
    { 0x0136, 31 }, // U+0136
    { 0x0137, 31 }, // U+0137
    { 0x0138, 48 }, // U+0138
    { 0x0139, 31 }, // U+0139
    { 0x013A, 31 }, // U+013A
    { 0x013B, 31 }, // U+013B
    { 0x013C, 31 }, // U+013C
    { 0x013D, 31 }, // U+013D
    { 0x013E, 31 }, // U+013E
    { 0x0140, 31 }, // U+0140
    { 0x0141, 31 }, // U+0141
    { 0x0142, 31 }, // U+0142
    { 0x0143, 31 }, // U+0143
    { 0x0144, 48 }, // U+0144
    { 0x0145, 31 }, // U+0145
    { 0x0146, 48 }, // U+0146
    { 0x0147, 31 }, // U+0147
    { 0x0148, 48 }, // U+0148
    { 0x014A, 31 }, // U+014A
    { 0x014B, 48 }, // U+014B
    { 0x014C, 32 }, // U+014C
    { 0x014D, 89 }, // U+014D
    { 0x014E, 32 }, // U+014E
    { 0x014F, 44 }, // U+014F
    { 0x0150, 32 }, // U+0150
    { 0x0151, 44 }, // U+0151
    { 0x0152, 32 }, // U+0152
    { 0x0153, 44 }, // U+0153
    { 0x0154, 31 }, // U+0154
    { 0x0155, 48 }, // U+0155
    { 0x0156, 31 }, // U+0156
    { 0x0157, 48 }, // U+0157
    { 0x0158, 31 }, // U+0158
    { 0x0159, 48 }, // U+0159
    { 0x015A, 5 }, // U+015A
    { 0x015B, 49 }, // U+015B
    { 0x015C, 5 }, // U+015C
    { 0x015D, 49 }, // U+015D
    { 0x015E, 5 }, // U+015E
    { 0x015F, 49 }, // U+015F
    { 0x0160, 5 }, // U+0160
    { 0x0161, 49 }, // U+0161
    { 0x0162, 90 }, // U+0162
    { 0x0163, 50 }, // U+0163
    { 0x0164, 91 }, // U+0164
    { 0x0165, 50 }, // U+0165
    { 0x0166, 92 }, // U+0166
    { 0x0167, 50 }, // U+0167
    { 0x0168, 35 }, // U+0168
    { 0x0169, 93 }, // U+0169
    { 0x016A, 35 }, // U+016A
    { 0x016B, 51 }, // U+016B
    { 0x016C, 35 }, // U+016C
    { 0x016D, 51 }, // U+016D
    { 0x016E, 35 }, // U+016E
    { 0x016F, 51 }, // U+016F
    { 0x0170, 35 }, // U+0170
    { 0x0171, 51 }, // U+0171
    { 0x0172, 35 }, // U+0172
    { 0x0173, 51 }, // U+0173
    { 0x0174, 37 }, // U+0174
    { 0x0175, 53 }, // U+0175
    { 0x0176, 39 }, // U+0176
    { 0x0177, 52 }, // U+0177
    { 0x0178, 39 }, // U+0178
    { 0x0179, 40 }, // U+0179
    { 0x017A, 55 }, // U+017A
    { 0x017B, 40 }, // U+017B
    { 0x017C, 55 }, // U+017C
    { 0x017D, 40 }, // U+017D
    { 0x017E, 55 }, // U+017E
    { 0x017F, 31 }, // U+017F
    { 0x01A0, 32 }, // U+01A0
    { 0x01A1, 44 }, // U+01A1
    { 0x01AF, 35 }, // U+01AF
    { 0x01B0, 51 }, // U+01B0
    { 0x01C5, 94 }, // U+01C5
    { 0x01C6, 44 }, // U+01C6
    { 0x01C8, 31 }, // U+01C8
    { 0x01C9, 31 }, // U+01C9
    { 0x01CB, 31 }, // U+01CB
    { 0x01CC, 48 }, // U+01CC
    { 0x01CD, 30 }, // U+01CD
    { 0x01CE, 43 }, // U+01CE
    { 0x01CF, 31 }, // U+01CF
    { 0x01D0, 95 }, // U+01D0
    { 0x01D1, 32 }, // U+01D1
    { 0x01D2, 44 }, // U+01D2
    { 0x01D3, 35 }, // U+01D3
    { 0x01D4, 51 }, // U+01D4
    { 0x01D5, 35 }, // U+01D5
    { 0x01D6, 51 }, // U+01D6
    { 0x01D7, 35 }, // U+01D7
    { 0x01D8, 51 }, // U+01D8
    { 0x01D9, 35 }, // U+01D9
    { 0x01DA, 51 }, // U+01DA
    { 0x01DB, 35 }, // U+01DB
    { 0x01DC, 51 }, // U+01DC
    { 0x01DD, 89 }, // U+01DD
    { 0x01DE, 30 }, // U+01DE
    { 0x01DF, 43 }, // U+01DF
    { 0x01E0, 30 }, // U+01E0
    { 0x01E1, 43 }, // U+01E1
    { 0x01E2, 30 }, // U+01E2
    { 0x01E3, 43 }, // U+01E3
    { 0x01E4, 32 }, // U+01E4
    { 0x01E5, 44 }, // U+01E5
    { 0x01E6, 32 }, // U+01E6
    { 0x01E7, 44 }, // U+01E7
    { 0x01E8, 31 }, // U+01E8
    { 0x01E9, 31 }, // U+01E9
    { 0x01EA, 32 }, // U+01EA
    { 0x01EB, 44 }, // U+01EB
    { 0x01EC, 32 }, // U+01EC
    { 0x01ED, 44 }, // U+01ED
    { 0x01EF, 50 }, // U+01EF
    { 0x01F0, 47 }, // U+01F0
    { 0x01F2, 31 }, // U+01F2
    { 0x01F3, 89 }, // U+01F3
    { 0x01F4, 32 }, // U+01F4
    { 0x01F5, 44 }, // U+01F5
    { 0x01F6, 94 }, // U+01F6
    { 0x01F8, 31 }, // U+01F8
    { 0x01F9, 48 }, // U+01F9
    { 0x01FA, 30 }, // U+01FA
    { 0x01FB, 43 }, // U+01FB
    { 0x01FC, 30 }, // U+01FC
    { 0x01FD, 43 }, // U+01FD
    { 0x01FE, 32 }, // U+01FE
    { 0x01FF, 44 }, // U+01FF
    { 0x0200, 30 }, // U+0200
    { 0x0201, 43 }, // U+0201
    { 0x0202, 30 }, // U+0202
    { 0x0203, 43 }, // U+0203
    { 0x0204, 31 }, // U+0204
    { 0x0205, 44 }, // U+0205
    { 0x0206, 31 }, // U+0206
    { 0x0207, 44 }, // U+0207
    { 0x0208, 70 }, // U+0208
    { 0x0209, 96 }, // U+0209
    { 0x020A, 70 }, // U+020A
    { 0x020B, 97 }, // U+020B
    { 0x020C, 32 }, // U+020C
    { 0x020D, 44 }, // U+020D
    { 0x020E, 32 }, // U+020E
    { 0x020F, 44 }, // U+020F
    { 0x0210, 31 }, // U+0210
    { 0x0211, 48 }, // U+0211
    { 0x0212, 31 }, // U+0212
    { 0x0213, 48 }, // U+0213
    { 0x0214, 35 }, // U+0214
    { 0x0215, 51 }, // U+0215
    { 0x0216, 35 }, // U+0216
    { 0x0217, 51 }, // U+0217
    { 0x0218, 5 }, // U+0218
    { 0x0219, 49 }, // U+0219
    { 0x021A, 34 }, // U+021A
    { 0x021B, 50 }, // U+021B
    { 0x021E, 31 }, // U+021E
    { 0x021F, 31 }, // U+021F
    { 0x0400, 31 }, // U+0400
    { 0x0401, 31 }, // U+0401
    { 0x0402, 34 }, // U+0402
    { 0x0403, 31 }, // U+0403
    { 0x0404, 32 }, // U+0404
    { 0x0405, 5 }, // U+0405
    { 0x0406, 31 }, // U+0406
    { 0x0407, 70 }, // U+0407
    { 0x0408, 33 }, // U+0408
    { 0x0409, 98 }, // U+0409
    { 0x040A, 31 }, // U+040A
    { 0x040B, 34 }, // U+040B
    { 0x040C, 31 }, // U+040C
    { 0x040D, 31 }, // U+040D
    { 0x040F, 31 }, // U+040F
    { 0x0410, 30 }, // U+0410
    { 0x0411, 31 }, // U+0411
    { 0x0412, 31 }, // U+0412
    { 0x0413, 31 }, // U+0413
    { 0x0414, 99 }, // U+0414
    { 0x0415, 31 }, // U+0415
    { 0x0416, 100 }, // U+0416
    { 0x0417, 101 }, // U+0417
    { 0x0418, 94 }, // U+0418
    { 0x0419, 31 }, // U+0419
    { 0x041A, 31 }, // U+041A
    { 0x041B, 98 }, // U+041B
    { 0x041C, 31 }, // U+041C
    { 0x041D, 31 }, // U+041D
    { 0x041E, 32 }, // U+041E
    { 0x041F, 31 }, // U+041F
    { 0x0420, 31 }, // U+0420
    { 0x0421, 32 }, // U+0421
    { 0x0422, 34 }, // U+0422
    { 0x0423, 36 }, // U+0423
    { 0x0424, 102 }, // U+0424
    { 0x0425, 38 }, // U+0425
    { 0x0426, 31 }, // U+0426
    { 0x0427, 103 }, // U+0427
    { 0x0428, 31 }, // U+0428
    { 0x0429, 31 }, // U+0429
    { 0x042A, 104 }, // U+042A
    { 0x042B, 31 }, // U+042B
    { 0x042C, 31 }, // U+042C
    { 0x042D, 32 }, // U+042D
    { 0x042E, 31 }, // U+042E
    { 0x0430, 43 }, // U+0430
    { 0x0431, 16 }, // U+0431
    { 0x0432, 48 }, // U+0432
    { 0x0433, 48 }, // U+0433
    { 0x0434, 105 }, // U+0434
    { 0x0435, 44 }, // U+0435
    { 0x0436, 54 }, // U+0436
    { 0x0437, 44 }, // U+0437
    { 0x0438, 48 }, // U+0438
    { 0x0439, 48 }, // U+0439
    { 0x043A, 48 }, // U+043A
    { 0x043B, 106 }, // U+043B
    { 0x043C, 48 }, // U+043C
    { 0x043D, 48 }, // U+043D
    { 0x043E, 44 }, // U+043E
    { 0x043F, 48 }, // U+043F
    { 0x0440, 48 }, // U+0440
    { 0x0441, 44 }, // U+0441
    { 0x0442, 107 }, // U+0442
    { 0x0443, 52 }, // U+0443
    { 0x0444, 44 }, // U+0444
    { 0x0445, 54 }, // U+0445
    { 0x0446, 48 }, // U+0446
    { 0x0447, 108 }, // U+0447
    { 0x0448, 48 }, // U+0448
    { 0x0449, 48 }, // U+0449
    { 0x044A, 109 }, // U+044A
    { 0x044B, 46 }, // U+044B
    { 0x044C, 48 }, // U+044C
    { 0x044D, 44 }, // U+044D
    { 0x044E, 48 }, // U+044E
    { 0x044F, 110 }, // U+044F
    { 0x0450, 44 }, // U+0450
    { 0x0451, 44 }, // U+0451
    { 0x0452, 31 }, // U+0452
    { 0x0453, 48 }, // U+0453
    { 0x0454, 44 }, // U+0454
    { 0x0455, 49 }, // U+0455
    { 0x0456, 46 }, // U+0456
    { 0x0457, 79 }, // U+0457
    { 0x0458, 47 }, // U+0458
    { 0x0459, 106 }, // U+0459
    { 0x045A, 48 }, // U+045A
    { 0x045B, 31 }, // U+045B
    { 0x045C, 48 }, // U+045C
    { 0x045D, 48 }, // U+045D
    { 0x045E, 52 }, // U+045E
    { 0x045F, 51 }, // U+045F
    { 0x0460, 31 }, // U+0460
    { 0x0463, 50 }, // U+0463
    { 0x0464, 31 }, // U+0464
    { 0x0465, 48 }, // U+0465
    { 0x0466, 30 }, // U+0466
    { 0x0467, 30 }, // U+0467
    { 0x0468, 31 }, // U+0468
    { 0x046C, 31 }, // U+046C
    { 0x046E, 31 }, // U+046E
    { 0x0472, 32 }, // U+0472
    { 0x0473, 44 }, // U+0473
    { 0x0474, 36 }, // U+0474
    { 0x0475, 52 }, // U+0475
    { 0x0476, 36 }, // U+0476
    { 0x0477, 52 }, // U+0477
    { 0x0478, 32 }, // U+0478
    { 0x0479, 44 }, // U+0479
    { 0x0481, 44 }, // U+0481
    { 0x048A, 94 }, // U+048A
    { 0x048B, 48 }, // U+048B
    { 0x048D, 50 }, // U+048D
    { 0x048E, 31 }, // U+048E
    { 0x048F, 48 }, // U+048F
    { 0x0490, 31 }, // U+0490
    { 0x0491, 48 }, // U+0491
    { 0x0493, 50 }, // U+0493
    { 0x0494, 31 }, // U+0494
    { 0x0495, 48 }, // U+0495
    { 0x0497, 54 }, // U+0497
    { 0x049A, 31 }, // U+049A
    { 0x049B, 48 }, // U+049B
    { 0x049C, 31 }, // U+049C
    { 0x049D, 48 }, // U+049D
    { 0x04A0, 34 }, // U+04A0
    { 0x04A1, 50 }, // U+04A1
    { 0x04A2, 31 }, // U+04A2
    { 0x04A3, 48 }, // U+04A3
    { 0x04A4, 31 }, // U+04A4
    { 0x04A5, 48 }, // U+04A5
    { 0x04A6, 31 }, // U+04A6
    { 0x04A7, 48 }, // U+04A7
    { 0x04A9, 44 }, // U+04A9
    { 0x04AA, 32 }, // U+04AA
    { 0x04AB, 44 }, // U+04AB
    { 0x04AC, 34 }, // U+04AC
    { 0x04AD, 50 }, // U+04AD
    { 0x04AE, 39 }, // U+04AE
    { 0x04AF, 52 }, // U+04AF
    { 0x04B0, 111 }, // U+04B0
    { 0x04B1, 52 }, // U+04B1
    { 0x04B2, 38 }, // U+04B2
    { 0x04B3, 54 }, // U+04B3
    { 0x04B4, 34 }, // U+04B4
    { 0x04B5, 50 }, // U+04B5
    { 0x04B7, 43 }, // U+04B7
    { 0x04B9, 43 }, // U+04B9
    { 0x04BA, 31 }, // U+04BA
    { 0x04BB, 31 }, // U+04BB
    { 0x04BD, 50 }, // U+04BD
    { 0x04C0, 31 }, // U+04C0
    { 0x04C1, 38 }, // U+04C1
    { 0x04C3, 31 }, // U+04C3
    { 0x04C4, 48 }, // U+04C4
    { 0x04C6, 106 }, // U+04C6
    { 0x04C7, 94 }, // U+04C7
    { 0x04C8, 48 }, // U+04C8
    { 0x04C9, 31 }, // U+04C9
    { 0x04CA, 48 }, // U+04CA
    { 0x04CD, 31 }, // U+04CD
    { 0x04CE, 48 }, // U+04CE
    { 0x04CF, 31 }, // U+04CF
    { 0x04D0, 30 }, // U+04D0
    { 0x04D1, 43 }, // U+04D1
    { 0x04D2, 30 }, // U+04D2
    { 0x04D3, 43 }, // U+04D3
    { 0x04D4, 30 }, // U+04D4
    { 0x04D5, 43 }, // U+04D5
    { 0x04D6, 31 }, // U+04D6
    { 0x04D7, 44 }, // U+04D7
    { 0x04D9, 44 }, // U+04D9
    { 0x04DA, 32 }, // U+04DA
    { 0x04DB, 44 }, // U+04DB
    { 0x04DC, 38 }, // U+04DC
    { 0x04E1, 50 }, // U+04E1
    { 0x04E2, 31 }, // U+04E2
    { 0x04E3, 48 }, // U+04E3
    { 0x04E4, 31 }, // U+04E4
    { 0x04E5, 48 }, // U+04E5
    { 0x04E6, 32 }, // U+04E6
    { 0x04E7, 44 }, // U+04E7
    { 0x04E8, 32 }, // U+04E8
    { 0x04E9, 44 }, // U+04E9
    { 0x04EA, 32 }, // U+04EA
    { 0x04EB, 44 }, // U+04EB
    { 0x04ED, 44 }, // U+04ED
    { 0x04EF, 52 }, // U+04EF
    { 0x04F1, 52 }, // U+04F1
    { 0x04F3, 52 }, // U+04F3
    { 0x04F7, 48 }, // U+04F7
    { 0x04F9, 48 }, // U+04F9
    { 0x04FB, 50 }, // U+04FB
    { 0x04FC, 38 }, // U+04FC
    { 0x04FD, 54 }, // U+04FD
    { 0x04FE, 38 }, // U+04FE
    { 0x04FF, 54 }, // U+04FF
    { 0x1EA0, 30 }, // U+1EA0
    { 0x1EA1, 43 }, // U+1EA1
    { 0x1EA2, 30 }, // U+1EA2
    { 0x1EA3, 43 }, // U+1EA3
    { 0x1EA4, 30 }, // U+1EA4
    { 0x1EA5, 43 }, // U+1EA5
    { 0x1EA6, 30 }, // U+1EA6
    { 0x1EA7, 43 }, // U+1EA7
    { 0x1EA8, 30 }, // U+1EA8
    { 0x1EA9, 43 }, // U+1EA9
    { 0x1EAA, 30 }, // U+1EAA
    { 0x1EAB, 43 }, // U+1EAB
    { 0x1EAC, 30 }, // U+1EAC
    { 0x1EAD, 43 }, // U+1EAD
    { 0x1EAE, 30 }, // U+1EAE
    { 0x1EAF, 43 }, // U+1EAF
    { 0x1EB0, 30 }, // U+1EB0
    { 0x1EB1, 43 }, // U+1EB1
    { 0x1EB2, 30 }, // U+1EB2
    { 0x1EB3, 43 }, // U+1EB3
    { 0x1EB4, 30 }, // U+1EB4
    { 0x1EB5, 43 }, // U+1EB5
    { 0x1EB6, 30 }, // U+1EB6
    { 0x1EB7, 43 }, // U+1EB7
    { 0x1EB8, 31 }, // U+1EB8
    { 0x1EB9, 44 }, // U+1EB9
    { 0x1EBA, 31 }, // U+1EBA
    { 0x1EBB, 44 }, // U+1EBB
    { 0x1EBC, 31 }, // U+1EBC
    { 0x1EBD, 44 }, // U+1EBD
    { 0x1EBE, 31 }, // U+1EBE
    { 0x1EBF, 44 }, // U+1EBF
    { 0x1EC0, 31 }, // U+1EC0
    { 0x1EC1, 44 }, // U+1EC1
    { 0x1EC2, 31 }, // U+1EC2
    { 0x1EC3, 44 }, // U+1EC3
    { 0x1EC4, 31 }, // U+1EC4
    { 0x1EC5, 44 }, // U+1EC5
    { 0x1EC6, 31 }, // U+1EC6
    { 0x1EC7, 44 }, // U+1EC7
    { 0x1EC8, 31 }, // U+1EC8
    { 0x1EC9, 46 }, // U+1EC9
    { 0x1ECA, 31 }, // U+1ECA
    { 0x1ECB, 46 }, // U+1ECB
    { 0x1ECC, 32 }, // U+1ECC
    { 0x1ECD, 44 }, // U+1ECD
    { 0x1ECE, 32 }, // U+1ECE
    { 0x1ECF, 44 }, // U+1ECF
    { 0x1ED0, 32 }, // U+1ED0
    { 0x1ED1, 44 }, // U+1ED1
    { 0x1ED2, 32 }, // U+1ED2
    { 0x1ED3, 44 }, // U+1ED3
    { 0x1ED4, 32 }, // U+1ED4
    { 0x1ED5, 44 }, // U+1ED5
    { 0x1ED6, 32 }, // U+1ED6
    { 0x1ED7, 44 }, // U+1ED7
    { 0x1ED8, 32 }, // U+1ED8
    { 0x1ED9, 44 }, // U+1ED9
    { 0x1EDA, 32 }, // U+1EDA
    { 0x1EDB, 44 }, // U+1EDB
    { 0x1EDC, 32 }, // U+1EDC
    { 0x1EDD, 44 }, // U+1EDD
    { 0x1EDE, 32 }, // U+1EDE
    { 0x1EDF, 44 }, // U+1EDF
    { 0x1EE0, 32 }, // U+1EE0
    { 0x1EE1, 44 }, // U+1EE1
    { 0x1EE2, 32 }, // U+1EE2
    { 0x1EE3, 44 }, // U+1EE3
    { 0x1EE4, 35 }, // U+1EE4
    { 0x1EE5, 51 }, // U+1EE5
    { 0x1EE6, 35 }, // U+1EE6
    { 0x1EE7, 51 }, // U+1EE7
    { 0x1EE8, 35 }, // U+1EE8
    { 0x1EE9, 51 }, // U+1EE9
    { 0x1EEA, 35 }, // U+1EEA
    { 0x1EEB, 51 }, // U+1EEB
    { 0x1EEC, 35 }, // U+1EEC
    { 0x1EED, 51 }, // U+1EED
    { 0x1EEE, 35 }, // U+1EEE
    { 0x1EEF, 51 }, // U+1EEF
    { 0x1EF0, 35 }, // U+1EF0
    { 0x1EF1, 51 }, // U+1EF1
    { 0x1EF2, 39 }, // U+1EF2
    { 0x1EF3, 52 }, // U+1EF3
    { 0x1EF4, 112 }, // U+1EF4
    { 0x1EF5, 52 }, // U+1EF5
    { 0x1EF6, 112 }, // U+1EF6
    { 0x1EF7, 52 }, // U+1EF7
    { 0x1EF8, 112 }, // U+1EF8
    { 0x1EF9, 52 }, // U+1EF9
    { 0x2018, 113 }, // U+2018
    { 0x2019, 114 }, // U+2019
    { 0x201A, 115 }, // U+201A
    { 0x201B, 116 }, // U+201B
    { 0x201C, 113 }, // U+201C
    { 0x201D, 114 }, // U+201D
    { 0x201E, 115 }, // U+201E
    { 0x201F, 117 }, // U+201F
    { 0x2020, 58 }, // U+2020
    { 0x2021, 58 }, // U+2021
    { 0x2022, 118 }, // U+2022
    { 0x2023, 118 }, // U+2023
    { 0x2026, 119 }, // U+2026
    { 0x2034, 120 }, // U+2034
    { 0x2039, 59 }, // U+2039
    { 0x203A, 68 }, // U+203A
    { 0x203D, 28 }, // U+203D
    { 0x2043, 118 }, // U+2043
    { 0x2044, 121 }, // U+2044
    { 0x204A, 50 }, // U+204A
    { 0x204B, 31 }, // U+204B
    { 0x204C, 118 }, // U+204C
    { 0x204D, 48 }, // U+204D
    { 0x204F, 25 }, // U+204F
    { 0x2074, 122 }, // U+2074
    { 0x2077, 123 }, // U+2077
    { 0x2079, 124 }, // U+2079
    { 0x207E, 125 }, // U+207E
    { 0x207F, 126 }, // U+207F
    { 0x2080, 127 }, // U+2080
    { 0x2081, 127 }, // U+2081
    { 0x2082, 127 }, // U+2082
    { 0x2083, 127 }, // U+2083
    { 0x2084, 128 }, // U+2084
    { 0x2086, 127 }, // U+2086
    { 0x2087, 129 }, // U+2087
    { 0x2088, 127 }, // U+2088
    { 0x2089, 127 }, // U+2089
    { 0x208A, 127 }, // U+208A
    { 0x208B, 127 }, // U+208B
    { 0x208C, 127 }, // U+208C
    { 0x208D, 127 }, // U+208D
    { 0x208E, 127 }, // U+208E
    { 0x2091, 127 }, // U+2091
    { 0x2092, 127 }, // U+2092
    { 0x2093, 127 }, // U+2093
    { 0x2095, 127 }, // U+2095
    { 0x2096, 127 }, // U+2096
    { 0x2097, 127 }, // U+2097
    { 0x2098, 127 }, // U+2098
    { 0x2099, 127 }, // U+2099
    { 0x209A, 127 }, // U+209A
    { 0x209B, 127 }, // U+209B
    { 0x209C, 127 }, // U+209C
    { 0x20A1, 32 }, // U+20A1
    { 0x20A7, 31 }, // U+20A7
    { 0x20A8, 31 }, // U+20A8
    { 0x20A9, 57 }, // U+20A9
    { 0x20AB, 44 }, // U+20AB
    { 0x20B2, 32 }, // U+20B2
    { 0x20B4, 130 }, // U+20B4
    { 0x20B5, 32 }, // U+20B5
    { 0x20B8, 131 }, // U+20B8
    { 0x20BF, 31 }, // U+20BF
    { 0x2192, 11 }, // U+2192
    { 0x21D2, 27 }, // U+21D2
    { 0x2206, 30 }, // U+2206
    { 0x2212, 11 }, // U+2212
    { 0x221E, 132 }, // U+221E
    { 0x222B, 47 }, // U+222B
    { 0x2236, 25 }, // U+2236
    { 0x2248, 27 }, // U+2248
    { 0x2260, 27 }, // U+2260
    { 0x2264, 27 }, // U+2264
    { 0x2265, 27 }, // U+2265
};

static const int8_t inter_14_boldKernMatrix[] = {
       0,    0,    0,    0,    0,    0,  -16,    0,    0,    0,    0,  -42,    0,  -42,    0,    0,    0,    0,    0,  -29,    0,    0,    0,    0,    0,    0,    0,    0,    0,  -37,    0,    0,  -77,    0,    0,    0,    0,    0,    0,    0,    0,    0,    0,  -11,    0,    0,    0,    0,   -6,    0,    0,    0,    0,    0,    0,    0,    0,    0,    0,    0,    0,    0,    0,    0,    0,    0,    0,    0,    0,    0,    0,    0,    0,    0,  -11,    0,    0,    0,    0,  -11,    0,    0,    0,    0,    0,    0,    0,    0,  -11,    0,    0,    0,    0,    0,    0,    0,    0,  -21,  -21,    0,    0,    0,    0,    0,    0,    0,    0,    0,    0,   -6,    0,    0,    0,    0,    0,    0,    0,    0,  -42,    0,    0,    0,    0,    0,    0,    0,    0,    0,    0,    0,    0,    0,
       0,    0,    0,    0,    0,    0,    0,    0,    0,    0,    0,    0,    0,    0,    0,    0,    0,    0,    0,    0,    0,   -1,    0,    0,    0,    0,    0,    0,    0,   -7,    0,    0,    0,   -5,    0,    0,    0,   -7,    0,    0,    0,    0,    0,    0,    0,    0,    0,    0,    0,    0,    0,    0,    0,    0,    0,    0,    0,    0,    0,    0,    0,    0,    0,    0,    0,    0,    0,    0,    0,    0,    0,    0,    0,    0,    0,    0,    0,    0,   21,    0,    0,    0,    0,    0,    0,   21,   21,    0,    0,   -5,   -5,   -5,    0,    0,    0,    0,   21,    0,    0,   -7,    0,    0,    0,   -5,    0,    0,    0,    0,    0,    0,    0,    0,    0,    0,    0,    0,    0,    0,    0,    0,    0,    0,    0,    0,    0,    0,    0,  -29,    0,    0,    0,    0,
       0,    0,    0,    0,    0,    0,    0,    0,    0,    0,    0,    0,    0,    0,    0,    0,    0,    0,    0,    0,    0,    0,    0,    0,    0,    0,    0,    0,    0,    0,    0,    0,    0,    0,    0,    0,    0,    0,    0,    0,    0,    0,    0,    0,    0,    0,    0,    0,    0,    0,    0,    0,    0,    0,    0,    0,    0,    0,    0,    0,    0,    0,    0,    0,    0,    0,    0,    0,    0,    0,    0,    0,    0,    0,    0,    0,    0,    0,    0,    0,    0,    0,    0,    0,    0,    0,    0,    0,    0,    0,    0,    0,    0,    0,    0,    0,    0,    0,    0,    0,    0,    0,    0,    0,    0,    0,    0,    0,    0,    0,    0,    0,  -29,  -32,    0,    0,    0,    0,    0,  -32,    0,    0,    0,    0,    0,    0,    0,    0,    0,    0,    0,    0,
       0,    0,  -16,    0,    0,    0,    0,    0,    0,    0,    0,    0,    0,    0,    0,    0,    0,    0,    0,    0,    0,    0,    0,    0,    0,    0,    0,    0,    0,    0,    0,    0,    0,  -26,    0,  -29,  -18,    0,  -34,    0,    0,    0,    0,    0,    0,    0,    0,    0,    0,    0,    0,  -16,  -16,    0,    0,    0,    0,  -18,    0,    0,  -10,    0,    0,    0,    0,    0,    0,    0,    0,    0,    0,    0,    0,    0,    0,    0,    0,    0,    0,    0,    0,  -16,    0,    0,    0,    0,    0,    0,    0,  -26,  -26,  -26,    0,    0,    0,    0,    0,    0,    0,    0,    0,    0,    0,  -26,    0,    0,    0,    0,    0,    0,  -34,  -34,  -42,    0,    0,    0,    0,    0,    0,    0,    0,    0,    0,    0,    0,    0,    0,    0,    0,    0,    0,    0,
       0,    0,    0,    0,    0,    0,    0,    0,    0,    0,    0,    0,    0,    0,    0,    0,    0,    0,    0,    0,    0,    0,    0,    0,    0,    0,    0,    0,    0,    0,    7,    0,    0,    0,    0,    0,    0,    0,    0,    0,    0,    0,    0,   -3,    0,    0,    6,    7,    0,    0,    0,    0,    0,    0,    0,    0,    0,    0,    0,    0,    0,    0,    0,    0,    0,    0,    0,    0,    0,    0,    0,    0,    0,    0,   -3,    0,    0,    0,    0,   -3,    0,    0,    0,    0,    7,    0,    0,    6,   -3,    0,    0,    0,    0,    7,    0,   52,    0,    0,    0,    0,    0,    0,    0,    0,    0,    0,    0,    0,    0,    0,    0,    0,    0,    0,    0,    0,    0,    0,    0,    0,    0,    0,    0,    0,    0,    0,    0,    0,    0,    0,    0,    0,
       0,    0,    0,    0,    0,    0,    0,    0,    0,    0,    0,    0,    0,    0,    0,    0,    0,    0,    0,    0,    0,    0,    0,    0,    0,    0,    0,    0,    0,    0,    0,    0,    0,    0,    0,    0,    0,    0,    0,    0,    0,    0,    0,    0,    0,    0,    0,    0,    0,    0,    0,    0,    0,    0,    0,    0,    0,    0,    0,    0,    0,    0,    0,    0,    0,    0,    0,    0,    0,    0,    0,    0,    0,    0,    0,    0,    0,    0,    0,    0,    0,    0,    0,    0,    0,    0,    0,    0,    0,    0,    0,    0,    0,    0,    0,   10,    0,    0,    0,    0,    0,    0,    0,    0,    0,    0,    0,    0,    0,    0,    0,    0,  -16,    0,    0,    0,    0,    0,    0,    0,    0,    0,    0,    0,    0,    0,    0,    0,    0,    0,    0,    0,
       0,    0,    0,    0,    0,    0,  -16,    0,    0,    0,    0,  -64,    0,  -64,    0,    0,    0,    0,    0,  -21,    0,    0,    0,    0,    0,    0,    0,    0,   -6,  -44,    0,   -6,  -45,    0,    0,    0,    0,    0,    0,    0,    0,  -32,    0,    0,    0,    0,    0,    0,    0,    0,    0,    0,    0,    0,    0,    0,    0,    0,    0,    0,    0,    0,    0,    0,    0,    0,    0,    0,    0,    0,    8,    0,    0,    0,    0,    0,    0,    0,    0,    0,    0,    0,    0,    0,    0,    0,    0,    0,    0,    0,    0,    0,    0,    0,    0,    0,    0,  -16,  -16,    0,    0,   -6,    0,    0,    0,    0,    0,    0,    0,    0,    0,    0,    0,    0,    0,    0,    0,    0,  -64,    0,    0,    0,    0,    0,    0,    0,    0,    0,    0,    0,    0,    0,
       0,    0,    0,    0,    0,    0,    0,    0,    0,    0,    0,    0,    0,    0,    0,    0,    0,  -10,   -3,    0,    0,  -13,    0,    0,    0,    0,    0,    0,    0,  -16,    0,    0,  -21,  -36,    0,  -21,  -13,  -19,  -30,    0,    0,    0,    0,    0,    0,    0,    0,    0,    0,    0,    0,   -2,    0,  -10,    0,    0,    0,    0,    0,    0,    0,    0,    0,    0,   -4,    0,    0,    0,    0,    0,    0,    0,    0,    0,    0,    0,    0,    0,    0,    0,    0,   -2,    0,    0,    0,    0,    0,    0,    0,  -63,  -63,  -36,    0,    0,    0,    0,    0,    0,    0,  -51,  -13,    0,    0,  -70,    0,    0,    0,    0,    0,    0,  -30,  -30,  -13,    0,    0,    0,    0,    0,    0,    0,    0,    0,    0,    0,    0,    0,    0,    0,    0,    0,    0,    0,
     -14,   -6,  -46,    0,    0,    0,    0,    0,    0,    0,    0,    0,    0,    0,    0,  -14,  -44,    0,  -10,    0,   -3,  -12,  -11,   -6,    0,    0,    0,  -47,  -21,    0,    0,  -21,    0,  -16,    0,    0,    0,    0,  -30,    0,    0,    0,    0,    0,    0,    0,    0,    0,    0,    0,    0,    0,    0,    0,    0,    0,    0,    0,    0,    0,    0,    0,    0,    0,  -28,    0,    0,    0,    0,    0,    0,    0,    0,    0,    0,    0,    0,    0,    0,    0,    0,    0,    0,    0,    0,    0,    0,    0,    0,  -16,  -16,  -16,    0,    0,    0,    0,    0,    0,    0,    0,  -10,  -21,    0,  -16,    0,    0,    0,  -19,    0,    0,  -30,  -46,    0,  -44,    0,  -64,  -64,    0,    0,  -44,    0,    0,    0,    0,    0,    0,    0,    0,    0,    0,    0,    0,
       0,    0,    0,    0,    0,    0,    0,    0,    0,    0,    0,  -18,    0,  -18,    0,    0,    0,    0,    0,    0,    0,    0,    0,    0,    0,    0,    0,    0,    0,  -15,    0,    0,  -29,    0,    0,    4,    4,    0,    0,    0,    0,    0,    0,    0,    0,    0,    0,    0,    0,    0,    0,    0,    0,    0,    0,    0,    0,    0,    0,    0,    0,    0,    0,    0,    0,    0,    0,    0,    0,    0,    0,    0,    0,    0,    0,    0,    0,    0,    0,    0,    0,    0,    0,    0,    0,    0,    0,    0,    0,    0,    0,    0,    0,    0,    0,   24,    0,    0,    0,    0,    0,    0,    0,    0,    0,    0,    0,    0,    0,    0,    0,    0,    0,    0,    0,    0,    0,    0,  -18,    0,    0,    0,    0,    0,    0,    0,    0,    0,    0,    0,    0,    0,
       0,    0,    0,    0,    0,    0,    0,    0,    0,    0,    0,  -14,    0,  -14,    0,    0,    0,    0,    0,    0,    0,   -9,    0,    0,    0,    0,    0,    0,    0,   -3,    0,    0,    0,    0,    0,  -13,    0,  -18,  -16,    0,    0,  -21,    0,    0,    0,    0,    0,    0,    0,    8,    0,    0,    0,    0,    0,    0,    0,    0,    0,    0,    0,    0,    0,    0,    0,    0,    0,    0,    0,    0,    0,    0,    0,    0,    0,    0,    0,    0,    0,    0,    0,    0,    0,    0,    0,    0,    0,    0,    0,    0,    0,    0,    0,    0,    0,    0,    0,    0,    0,  -18,    0,    0,    0,    0,    0,    0,    8,    0,    8,    0,  -16,  -16,  -21,    0,  -24,    0,    0,    0,  -14,    0,    0,    0,    0,    0,    0,    0,    0,    0,    0,    0,    0,    0,
       0,    0,    0,    0,    0,    0,    0,    0,    7,    0,    0,    0,    0,    0,    0,    0,    0,    0,    0,    0,    0,    0,    0,    0,    0,    0,    0,    0,    0,    0,    0,    0,    0,    0,    0,    0,    0,    0,    0,    0,    0,    7,    0,    0,    0,    0,    0,    0,    0,    6,    0,    5,    0,    0,    0,    0,    0,    0,    0,    0,    0,    0,    0,    0,    0,    0,    0,    0,    0,    0,   16,    0,    0,    0,    0,    0,    0,    0,   31,    0,    0,    5,    0,   17,    0,   31,   31,    0,    0,    0,    0,    0,    0,    0,    0,   19,   31,    0,    0,    0,    0,    0,    0,    0,    0,    0,    6,    0,    6,    0,    0,    0,    0,    0,    0,    0,    0,    0,    0,    0,    0,    0,    0,    0,    0,    0,    0,    0,    0,    0,    0,    0,
       0,    0,    0,    0,    0,    0,    0,    0,    0,    0,    0,    0,    0,    0,    0,    0,    0,    0,    0,   -7,    0,    0,    0,    0,    0,    0,    0,    0,    0,    0,    0,    0,    0,    0,    0,    0,    0,    0,    0,    0,    0,    0,    0,    0,    0,    0,    0,    0,    0,    0,    0,    0,    0,    0,    0,    0,    0,    0,    0,    0,    0,    0,    0,    0,    0,    0,    0,    0,    0,    0,    0,    0,    0,    0,    0,    0,    0,    0,    0,    0,    0,    0,    0,    0,    0,    0,    0,    0,    0,    0,    0,    0,    0,    0,    0,    0,    0,    0,    0,    0,    0,    0,    0,    0,    0,    0,    0,    0,    0,    0,    0,    0,    0,    0,    0,    0,    0,    0,    0,    0,    0,    0,    0,    0,    0,    0,    0,    0,    0,    0,    0,    0,
       0,    0,    0,    0,    0,    0,    0,    0,    0,   -5,    0,   -9,    0,   -9,    0,    0,    0,    0,    0,    0,    0,    0,    0,    0,    0,    0,    0,    0,    0,    0,    0,    0,    0,    0,    0,    0,    0,  -10,    0,    0,   -5,    0,    0,    0,    0,    0,    0,    0,    0,    0,    0,    0,    0,    0,    0,    0,    0,    0,  -16,    0,    0,   -5,    0,    0,    0,    0,    0,    0,    0,    0,    0,    0,    0,    0,    0,    0,    0,    0,    0,    0,    0,    0,    0,    0,    0,    0,    0,    0,    0,    0,    0,    0,    0,    0,    0,    0,    0,    0,    0,  -10,    0,    0,    0,    0,    0,    0,    0,    0,    0,    0,    0,    0,    0,    0,  -24,    0,    0,    0,   -9,    0,    0,    0,    0,    0,    0,    0,    0,    0,    0,    0,    0,    0,
       0,    0,    0,    0,    0,    0,    0,    0,    0,  -19,    0,  -16,    0,  -16,    0,    0,  -19,    0,    0,    0,    0,   -5,    0,    0,    0,    0,    0,    0,    0,    0,    0,    0,    0,    0,    0,    0,    0,    0,    0,    0,  -19,    0,    0,    0,    0,    0,    0,    0,    0,   -3,    0,    0,    0,    0,    0,    0,    0,    0,    0,    0,   -3,  -19,    0,    0,  -21,    0,    0,    0,    0,    0,    0,    0,    0,    0,    0,    0,    0,    0,    0,    0,    0,    0,    0,    0,    0,    0,    0,    0,    0,    0,    0,    0,    0,    0,    0,    0,    0,    0,    0,    0,    0,    0,    0,    0,    0,    0,   -3,    0,   -3,    0,    0,    0,    0,    0,    0,    0,    0,    0,  -16,    0,    0,    0,    0,    0,    0,    0,    0,    0,    0,    0,    0,    0,
       0,    0,    0,    0,    0,    0,    0,    0,    0,   -4,    0,  -10,    0,  -10,    0,    0,   -2,    0,    0,    0,    0,    0,    0,    0,    0,    0,    0,    0,    0,    0,    0,    0,    0,    0,    0,    0,    0,    0,    0,    0,   -4,    0,    0,    0,    0,    0,    0,    0,    0,   -2,    0,    0,    0,    0,    0,    0,    0,    0,    0,    0,   -3,   -4,    0,    0,    0,    0,    0,    0,    0,    0,    0,    0,    0,    0,    0,    0,    0,    0,    0,    0,    0,    0,    0,    0,    0,    0,    0,    0,    0,    0,    0,    0,    0,    0,    0,    0,    0,    0,    0,    0,    0,    0,    0,    0,    0,    0,   -2,    0,   -2,    0,    0,    0,    0,    0,    0,    0,    0,    0,  -10,    0,    0,    0,    0,    0,    0,    0,    0,    0,    0,    0,    0,    0,
       0,    0,    0,    0,    0,    0,    0,    0,    0,    0,    0,  -13,    0,  -13,    0,    0,    0,    0,    0,    0,    0,    0,    0,    0,    0,    0,    0,    0,    0,    0,    0,    0,    0,    0,    0,    0,    0,    0,    0,    0,    0,  -21,    0,    0,    0,    0,    0,    0,    0,    0,    0,    0,    0,    0,    0,    0,    0,    0,    0,    0,    0,    0,    0,    0,    0,    0,    0,    0,    0,    0,    0,    0,    0,    0,    0,    0,    0,    0,    0,    0,    0,    0,    0,    0,    0,    0,    0,    0,    0,    0,    0,    0,    0,    0,    0,    0,    0,    0,    0,    0,    0,    0,    0,    0,    0,    0,    0,    0,    0,    0,    0,    0,    0,    0,  -21,    0,    0,    0,  -13,    0,    0,    0,    0,    0,    0,    0,    0,    0,    0,    0,    0,    0,
       0,    0,    0,  -26,    0,    2,  -21,    0,    0,    2,    0,  -58,    0,  -58,    0,   -7,    0,    0,   -8,  -27,   -5,    9,   -7,   -5,  -16,  -42,    0,    0,    0,  -50,    0,    0,  -45,    0,    0,    0,    0,    0,    0,    0,    2,  -74,  -21,  -24,    0,    0,    0,  -24,  -21,    0,    0,    0,    0,    0,    0,    0,    0,    0,  -29,    0,    0,    2,    0,    0,    0,    0,    0,    0,    0,    0,    0,    0,  -21,  -21,  -24,    0,    0,    0,   42,  -24,    0,    0,  -21,    0,    0,   42,   42,    0,  -24,    0,    0,    0,    0,    0,    0,    0,   42,  -51,  -51,    0,   -8,    0,    0,    0,    0,    0,    0,    0,    0,  -21,    0,    0,    0,    0,  -66,    0,    0,    0,  -58,    0,    0,    0,    0,    0,    0,    0,    0,  -20,    0,    0,    0,    0,
       0,    0,    0,    0,    0,    0,    0,    0,    0,    0,    0,    0,    0,    0,    0,    0,    0,    0,    0,    0,    0,    0,    0,    0,    0,    0,    0,    0,    0,    0,    0,    0,    0,  -16,    0,  -29,    0,    0,    0,    0,    0,    0,    0,    0,    0,    0,    0,    0,    0,    0,    0,    0,    0,    0,    0,    0,    0,    0,    0,    0,    0,    0,    0,    0,    0,    0,    0,    0,    0,    0,    0,    0,    0,    0,    0,    0,    0,    0,    0,    0,    0,    0,    0,    0,    0,    0,    0,    0,    0,  -16,  -16,  -16,    0,    0,    0,    0,    0,    0,    0,    0,    0,    0,    0,  -39,    0,    0,    0,    0,    0,    0,    0,    0,  -21,    0,    0,    0,    0,    0,    0,    0,    0,    0,    0,    0,    0,    0,    0,    0,    0,    0,    0,    0,
       0,    0,    0,    0,    0,    0,    0,    0,    0,    0,    0,    0,    0,    0,    0,    0,    0,    0,    0,    0,    0,    0,    0,    0,    0,    0,    0,    0,    0,  -24,    0,    0,    0,  -21,    0,  -32,  -29,  -24,  -45,    0,    0,    0,    0,    0,    0,    0,    0,    0,    0,    0,    0,  -18,    0,  -16,    0,    0,    0,    0,    0,    0,    0,    0,    0,    0,    0,    0,    0,    0,    0,    0,    0,    0,    0,    0,    0,    0,    0,    0,    0,    0,    0,  -18,    0,    0,    0,    0,    0,    0,    0,  -21,  -21,  -21,    0,    0,    0,    0,    0,    0,    0,  -24,    0,    0,    0,  -21,    0,    0,    0,    0,    0,    0,  -45,  -45,  -26,    0,    0,    0,    0,    0,    0,    0,    0,    0,    0,    0,    0,    0,    0,    0,    0,    0,  -18,    0,
       0,    0,    0,    0,    0,    0,    0,    0,    0,    0,    0,    0,    0,    0,    0,    0,    0,    0,    0,    0,    0,  -34,    0,    0,    0,    0,    0,    0,    0,  -18,    0,    0,    0,  -37,    0,  -34,  -34,  -26,  -42,  -29,    0,    0,    0,    0,    0,    0,    0,    0,    0,    0,    0,    0,    0,    0,    0,    0,    0,    0,    0,    0,    0,    0,    0,    0,    0,    0,    0,    0,    0,    0,    0,    0,    0,    0,    0,    0,    0,    0,    0,    0,    0,    0,    0,    0,    0,    0,    0,    0,    0,  -37,  -37,  -37,    0,    0,    0,    0,    0,  -16,  -16,  -24,    0,    0,    0,  -34,    0,    0,    0,    0,    0,    0,  -42,  -42,  -45,    0,    0,    0,    0,    0,    0,    0,    0,    0,    0,    0,    0,    0,    0,    0,    0,    0,  -34,    0,
       0,    0,    0,    0,    0,    0,    0,    0,    0,    0,    0,    0,    0,    0,    0,    0,    0,    0,    0,    0,    0,    0,    0,    0,    0,    0,    0,    0,    0,  -29,    0,    0,    0,    0,    0,    0,    0,    0,    0,    0,    0,    0,    0,    0,    0,    0,    0,    0,    0,    0,    0,    0,    0,    0,    0,    0,    0,    0,    0,    0,    0,    0,    0,    0,    0,    0,    0,    0,    0,    0,    0,    0,    0,    0,    0,    0,    0,    0,    0,    0,    0,    0,    0,    0,    0,    0,    0,    0,    0,    0,    0,    0,    0,    0,    0,    0,    0,    0,    0,    0,    0,    0,    0,    0,    0,    0,    0,    0,    0,    0,    0,    0,    0,    0,    0,    0,    0,    0,    0,    0,    0,    0,    0,    0,    0,    0,    0,    0,    0,    0,    0,    0,
       0,    0,    0,    0,    0,    0,    0,    0,    0,    0,    0,  -21,    0,  -21,  -18,    0,    0,    0,    0,    0,    0,    0,    0,    0,    0,    0,    0,    0,    0,  -19,    0,    0,    0,  -15,    0,  -19,  -12,  -26,  -21,    0,    0,  -18,    0,    0,    0,    0,    0,    0,    0,    0,    0,    0,    0,    0,    0,    0,    0,    0,    0,    0,   -3,    0,    0,    0,    0,    0,    0,    0,    0,    0,    0,    0,    0,    0,    0,    0,    0,    0,    0,    0,    0,    0,    0,    0,    0,    0,    0,    0,    0,  -15,  -15,  -15,    0,    0,    0,   11,    0,    0,    0,  -49,    0,    0,    0,  -31,    0,    0,    0,    0,    0,    0,  -21,  -21,  -16,    0,  -18,    0,    0,    0,  -21,    0,    0,    0,    0,    0,    0,    0,  -18,  -47,    0,    0,    0,    0,
       0,    0,  -37,    0,   -7,    0,    0,    0,    0,  -44,  -16,    0,  -16,    0,    6,   -3,  -28,    0,    0,    0,    0,    0,    0,    0,    0,  -18,  -24,  -29,  -19,    7,    0,  -19,    0,  -42,  -12,  -40,  -35,    0,  -40,    0,  -44,    0,    0,  -11,   -5,    1,    0,    0,   -5,  -14,    0,  -32,  -32,    0,    0,  -16,    0,  -34,  -16,  -16,  -33,  -44,    0,    0,  -25,  -16,    0,  -16,    0,    0,    0,  -16,    0,    0,  -11,    1,    1,    1,    0,  -11,    0,  -32,    0,    0,    0,    0,    0,    0,  -11,  -42,  -42,  -69,    0,    0,    1,    0,    0,    0,    0,    0,    0,  -19,    0,  -42,    0,    0,  -14,  -31,  -14,   -5,  -40,  -40,  -61,  -48,    0,    0,    0,  -16,    0,  -48,   -6,    0,    0,    0,    0,    0,    0,    0,    0,    0,  -24,    0,
       0,    0,    0,    0,    0,    0,    0,    0,    0,    0,    0,    0,    0,    0,    0,    0,    0,    0,    0,    0,    0,    0,    0,    0,    0,    0,    0,    0,    0,    0,    0,    0,    0,  -23,    0,    0,    0,    0,    0,    0,    0,    0,    0,    0,    0,    0,    0,    0,    0,    0,    0,    0,    0,    0,    0,    0,    0,    0,    0,    0,    0,    0,    0,    0,    0,    0,    0,    0,    0,    0,    0,    0,    0,    0,    0,    0,    0,    0,   16,    0,    0,    0,    0,    0,    0,   16,   16,    0,    0,  -23,  -23,  -23,    0,    0,    0,    0,   16,    0,    0,    0,    0,    0,    0,  -23,    0,    0,    0,    0,    0,    0,    0,    0,  -26,    0,    0,    0,    0,    0,    0,    0,    0,    0,    0,    0,    0,    0,    0,    0,    0,    0,    0,    0,
       0,    0,    0,    0,    0,    0,    0,    0,    0,    0,    0,    0,    0,    0,    0,    0,    0,    0,    0,    0,    0,    0,    0,    0,    0,    0,    0,    0,    0,  -13,    0,    0,    0,    0,    0,    0,    0,   -7,    0,    0,    0,  -18,    0,    0,    0,    0,    0,    0,    0,    0,    0,    3,    0,    0,    0,    0,    0,    0,    0,    0,    0,    0,    0,    0,    0,    0,    0,    0,    0,    0,    0,    0,    0,    0,    0,    0,    0,    0,   16,    0,    0,    3,    0,    0,    0,   16,   16,    0,    0,    0,    0,    0,    0,    0,    0,    0,   16,    0,    0,   -7,    0,    0,    0,    0,    0,    0,    0,    0,    0,    0,    0,    0,    0,    0,    0,    0,    0,    0,    0,    0,    0,    0,    0,    0,    0,    0,    0,    0,    0,    0,    0,    0,
       0,    0,    0,    0,    0,    0,    0,    0,    0,    0,    0,    0,    0,    0,    0,    0,    0,    0,    0,    0,    0,    0,    0,    0,    0,    0,    0,    0,    0,    0,    0,    0,    0,    0,    0,    0,    0,    0,    0,    0,    0,    0,    0,    0,    0,    0,    0,    0,    0,    0,    0,    0,    0,    0,    0,    0,    0,    0,    0,    0,    0,    0,    0,    0,    0,    0,    0,    0,    0,    0,    0,    0,    0,    0,    0,    0,    0,    0,   34,    0,    0,    0,    0,    0,    0,   34,   34,    0,    0,    0,    0,    0,    0,    0,    0,   21,   34,    0,    0,    0,    0,    0,    0,    0,    0,    0,    0,    0,    0,    0,    0,    0,    0,    0,    0,    0,    0,    0,    0,    0,    0,    0,    0,    0,    0,    0,    0,    0,    0,    0,    0,    0,
       0,    0,    0,    0,    0,    0,    0,    0,    0,    0,    0,  -18,    0,  -34,   -3,    0,    0,    0,    0,    0,    0,    0,    0,    0,    0,    0,    0,    0,    0,  -42,    0,    0,  -32,    0,    0,    0,    0,    0,    0,    0,    0,  -16,   -8,  -11,    0,    0,    0,   -8,    0,    0,  -16,  -16,    0,    0,  -16,    0,    0,    0,    0,    0,    0,    0,    0,  -16,    0,    0,    0,    0,    0,    0,    0,    0,   -8,   -8,  -11,    0,    0,    0,    0,  -11,  -16,  -16,   -8,    0,    0,    0,    0,    0,  -11,    0,    0,    0,  -16,    0,    0,   43,    0,    0,    0,    0,    0,    0,    0,    0,    0,    0,    0,    0,    0,    0,    0,    0,    0,    0,  -56,    0,    0,    0,  -58,    0,    0,    0,    0,    0,    0,    0,    0,  -12,    0,    0,    0,    0,
       0,    0,    0,    0,    0,    0,    0,    0,    0,    0,    0,    0,    0,    0,    0,    0,    0,    0,    0,    0,    0,    0,    0,    0,    0,    0,    0,    0,    0,  -15,    0,    0,    0,  -14,    0,  -10,    0,   -7,  -13,    0,    0,    0,    0,    0,    0,    0,    0,    0,    0,    0,    0,    0,    0,    0,    0,    0,    0,    0,    0,    0,    0,    0,    0,    0,    0,    0,    0,    0,    0,    0,    0,    0,    0,    0,    0,    0,    0,    0,   16,    0,    0,    0,    0,    0,    0,   16,   16,    0,    0,  -14,  -14,  -14,    0,    0,    0,   16,   16,    0,    0,   -7,    0,    0,    0,  -14,    0,    0,    0,    0,    0,    0,  -13,  -13,    0,    0,    0,    0,    0,    0,    0,    0,    0,    0,    0,    0,    0,    0,    0,    0,    0,    0,    0,    0,
       0,    0,    0,    0,    0,    0,    0,    0,    0,    0,    0,  -16,    0,  -16,  -26,    0,    0,    0,    0,    0,    0,    0,    0,    0,    0,    0,    0,    0,    0,  -12,    0,    0,    0,    0,    0,    0,    0,    0,    0,    0,    0,  -24,    0,    0,    0,    0,    0,    0,    0,    0,    0,    0,    0,    0,    0,    0,    0,    0,    0,    0,    0,    0,    0,    0,    0,    0,    0,    0,    0,    0,    0,    0,    0,    0,    0,    0,    0,    0,    0,    0,    0,    0,    0,    0,    0,    0,    0,    0,    0,    0,    0,    0,    0,    0,    0,   19,    0,    0,    0,    0,    0,    0,    0,    0,    0,    0,    0,    0,    0,    0,    0,    0,    0,    0,  -37,    0,    0,    0,  -16,    0,    0,    0,    0,    0,    0,    0,    0,    0,    0,    0,    0,    0,
       0,    0,    0,    0,   -7,    0,    0,    0,    0,    0,  -36,    0,  -36,    0,    0,    0,    0,    0,    0,    0,    0,    0,    0,    0,    0,  -32,  -16,    0,  -20,    0,    0,  -20,    0,    0,    0,    0,    0,    0,    0,    0,    0,    0,    0,  -18,    0,    3,    0,    0,    0,    0,  -16,  -18,  -29,    0,    0,  -36,    0,    0,  -24,  -60,   -7,    0,    0,  -16,    0,  -57,    0,    0,    0,    0,    0,  -16,    0,    0,  -18,    3,    3,    3,   40,  -18,  -16,  -18,    0,    0,    0,   40,   40,    0,  -18,    0,    0,    0,  -16,    0,    3,   40,   40,    0,    0,    0,    0,  -20,    0,    0,    0,    0,    0,  -51,    0,    0,    0,    0,    0,    0,    0,    0,    0,  -16,    0,    0,    0,    0,    0,    0,    0,    0,    0,    0,    0,    0,    0,  -16,
       0,    0,  -42,    0,    0,    0,    0,    0,    0,  -79,  -31,    0,  -55,    0,    0,    0,  -21,    0,    0,    0,    0,    0,    0,    0,    0,    0,    0,   -4,  -13,    0,    0,  -13,    0,  -43,    0,  -36,  -17,    0,  -45,    0,  -61,    0,    0,    0,    0,    0,    0,    0,    0,  -10,    0,  -32,    0,    0,    0,  -49,    0,  -45,  -29,  -92,  -38,  -82,    0,    0,  -37,  -60,    0,    0,    0,    0,    0,  -16,    0,    0,    0,    0,    0,    0,    0,    0,    0,  -32,    0,    0,    0,    0,    0,    0,    0,  -43,  -43,  -43,    0,    0,    0,    0,    0,    0,    0,    0,    0,  -13,    0,  -43,    0,    0,  -10,  -59,  -10,    0,  -45,  -66,  -40,  -41,    0,  -21,  -21,  -16,    0,  -72,    0,    0,    0,    0,    0,    0,    0,    0,    0,    0,    0,    0,
       0,    0,    0,    0,    0,    0,  -16,    0,    0,    0,  -10,  -18,  -10,  -34,    0,    0,    0,    0,    0,    0,    0,    0,    0,    0,    0,    0,    0,    0,    0,  -39,    0,    0,  -45,   -1,    0,    0,    0,    0,    0,    0,    0,    0,   -7,   -6,    0,    0,    0,    0,    0,    0,    0,    0,    0,    0,    0,  -10,    0,    0,    0,  -10,    0,    0,    0,    0,    0,  -10,    0,    0,    0,    0,    0,    0,   -7,   -7,   -6,    0,    0,    0,    0,   -6,    0,    0,   -7,    0,    0,    0,    0,    0,   -6,   -1,   -1,   -1,    0,    0,    0,    0,    0,    0,    0,    0,    0,    0,    0,   -1,    0,    0,    0,    0,    0,    0,    0,    0,    0,    0,  -66,    0,    0,    0,  -63,    0,    0,    0,    0,    0,    0,    0,    0,  -17,    0,    0,    0,    0,
       0,    0,    0,    0,    0,    0,    0,    0,    0,    0,    0,    0,    0,    0,    0,    0,    0,    0,    0,    0,    0,    0,    0,    0,    0,    0,    0,    0,    0,    0,    0,    0,    0,   -2,    0,   -9,    0,    0,  -14,    0,    0,    0,   -3,   -7,    0,    0,    0,    0,    0,    0,    0,    0,    0,    0,    0,    0,    0,    0,    0,    0,    0,    0,    0,    0,    0,    0,    0,    0,    0,    0,    0,    0,   -3,   -3,   -7,    0,    0,    0,   21,   -7,    0,    0,   -3,    0,    0,   21,   21,    0,   -7,   -2,   -2,   -2,    0,    0,    0,    0,   21,    0,    0,    0,    0,    0,    0,   -2,    0,    0,    0,    0,    0,    0,  -14,  -14,    0,    0,    0,    0,    0,    0,    0,    0,    0,    0,    0,    0,    0,    0,    0,    0,    0,    0,    0,    0,
       0,    0,    0,    0,   -3,    0,  -16,    0,    0,    0,  -27,  -16,  -27,  -16,  -61,  -16,    0,    0,    0,  -32,    0,  -37,    0,    0,  -16,  -37,  -16,    0,  -15,  -42,    0,  -15,  -42,    0,    0,    0,    0,    0,    3,    0,    0,  -26,  -38,  -41,   -1,    0,    0,  -28,  -36,  -43,  -37,  -31,  -31,  -16,  -24,  -27,    0,    0,  -61,  -27,    0,    0,    0,  -85,    0,  -64,    0,  -24,    0,    0,    0,  -16,  -56,  -56,  -65,    0,    0,    0,   42,  -65,  -67,  -47,  -38,    0,    0,   42,   42,    0,  -41,    0,    0,    0,  -56,    0,    0,   66,   42,  -62,  -62,    0,    0,  -15,    0,    0,    0,    0,  -43,  -27,  -43,  -36,    3,    3,    0,    0,  -56,    0,    0,  -16,  -55,    0,    0,    0,    0,    0,    0,    0,    0,  -27,    0,    0,    0,    0,
       0,    0,    0,    0,    0,    0,  -24,    0,    0,    0,  -27,  -45,  -27,  -45,  -26,  -13,    0,    0,    0,  -16,    0,    0,    0,    0,  -29,  -34,  -29,    0,  -35,  -40,    0,  -19,  -45,    0,    0,    7,    0,    0,    0,    0,    0,  -37,  -29,  -30,    0,    0,    0,   -7,  -21,    0,    0,    0,    0,    0,    0,  -27,    0,    0,  -26,  -56,    0,    0,    0,    0,    0,  -45,    0,    0,  -14,    0,    0,  -18,  -29,  -48,  -30,    0,    0,    0,   40,  -51,    0,    0,  -29,    0,    0,   40,   40,    0,  -30,    0,    0,    0,    0,    0,    0,   18,   40,  -56,  -56,    0,    0,  -19,    0,    0,    0,    0,    0,   -9,    0,  -21,    0,    0,    0,    0,  -53,    0,    0,  -18,  -45,    0,    0,    0,    0,    0,    0,    0,  -66,  -72,    0,    0,    0,    0,
       0,    0,    0,    0,   -3,    0,  -24,    0,    0,    0,  -19,  -45,  -19,  -45,  -15,    0,    0,    0,    0,  -16,    0,    0,    0,    0,  -24,  -34,  -29,    0,  -12,  -35,    0,  -12,  -29,    0,    0,    3,   10,    0,    0,    0,    0,    0,  -27,  -24,    0,    0,    0,  -15,  -16,    0,    0,    0,    0,    0,    0,  -19,    0,    0,  -26,  -19,    0,    0,    0,    0,    0,  -35,    0,    0,  -14,    0,    0,    0,  -27,  -27,  -24,    0,    0,    0,    0,  -24,    0,    0,  -27,    0,    0,    0,    0,    0,  -24,    0,    0,    0,    0,    0,    0,   40,    0,    0,    0,    0,    0,  -12,    0,    0,    0,    0,    0,  -15,    0,  -16,    0,    0,    0,    0,  -50,    0,    0,    0,  -45,    0,    0,    0,    0,    0,    0,    0,  -47,  -52,    0,    0,    0,    0,
       0,    0,    0,    0,   -7,    0,    0,    0,    0,    0,  -19,    0,  -19,    0,    0,  -18,    0,    0,  -10,  -18,    0,    0,  -10,    0,    0,  -26,  -24,    0,  -26,    0,    0,  -26,    0,  -14,    0,    0,    0,    0,    0,    0,    0,    0,  -26,  -13,    0,    0,    0,    0,    0,    0,    0,    0,    0,    0,    0,  -35,    0,    0,  -18,  -43,   -3,    0,    0,    0,    0,  -41,    0,    0,    0,    0,    0,  -21,  -26,  -26,  -13,    0,    0,    0,    0,  -13,    0,    0,  -26,    0,    0,    0,    0,    0,  -13,  -14,  -14,  -14,    0,    0,    0,   40,    0,    0,    0,    0,  -10,  -49,  -16,  -14,    0,    0,  -29,  -41,    0,    0,    0,    0,    0,    0,    0,    0,    0,  -21,    0,    0,    0,    0,    0,    0,    0,    0,    0,    0,    0,  -16,    0,    0,
       0,    0,    0,    0,    0,    0,  -29,    0,    0,    0,  -30,  -30,  -30,  -30,    0,    0,    0,    0,    0,  -32,    0,    0,    0,    0,  -29,  -48,  -45,    0,  -21,  -40,    0,  -21,  -16,    3,    0,    0,    0,    0,    0,    0,    0,    0,  -49,  -52,    0,  -10,    0,  -22,  -32,    0,  -18,    0,    0,    0,    0,  -30,    0,    0,  -42,  -54,   -4,    0,    0,  -18,    0,  -54,    0,  -29,    0,    0,    0,  -40,  -80,  -72,  -52,  -10,  -26,  -10,    0,  -52,  -18,    0,  -93,    0,    0,    0,    0,    0,  -79,    3,    3,    3,  -18,    0,  -10,   40,    0,    0,    0,    0,    0,  -21,    0,    3,    0,    0,    0,  -27,    0,  -32,    0,    0,    0,    0,  -50,    0,    0,  -18,  -75,    0,    0,    0,    0,    0,    0,    0,  -81,  -88,    0,    0,    0,  -16,
       0,    0,    0,    0,    0,    0,    0,    0,    0,    0,  -17,    0,  -17,    0,    0,    0,    0,    0,    0,    0,    0,    0,    0,    0,    0,  -29,    0,    0,  -16,    0,    0,  -16,    0,    0,    0,    0,    0,    0,    0,    0,    0,    0,    0,    0,    0,    0,    0,    0,    0,    0,    0,    0,    0,    0,    0,  -17,    0,    0,  -16,  -17,    0,    0,    0,    0,    0,  -33,    0,    0,    0,    0,    0,    0,    0,    0,    0,    0,    0,    0,   40,    0,    0,    0,    0,    0,    0,   40,   40,    0,    0,    0,    0,    0,    0,    0,    0,   16,   40,    0,    0,    0,    0,  -16,    0,    0,    0,    0,    0,  -13,    0,    0,    0,    0,    0,    0,    0,    0,    0,    0,    0,    0,    0,    0,    0,    0,    0,    0,    0,    0,    0,    0,    0,    0,
       0,    0,    0,    0,    0,    0,    0,    0,    0,    0,    0,    0,    0,    0,    0,    0,    0,    0,    0,    0,    0,    0,    0,    0,    0,    0,    0,    0,    0,    0,    7,    0,    0,    0,    0,    0,    0,    0,    0,    0,    0,    0,    0,   -3,    0,    0,    6,    7,    0,    0,    0,    0,    0,    0,    0,    0,    0,    0,    0,    0,    0,    0,    0,    0,    0,    0,    0,    0,    0,    0,    0,    0,    0,    0,   -3,    0,    0,    0,    0,   -3,    0,    0,    0,    0,    7,    0,    0,    6,   -3,    0,    0,    0,    0,    7,    0,   41,    0,    0,    0,    0,    0,    0,    0,    0,    0,    0,    0,    0,    0,    0,    0,    0,    0,    0,    0,    0,    0,    0,    0,    0,    0,    0,    0,    0,    0,    0,    0,    0,    0,    0,    0,    0,
       0,    0,  -37,    0,   -7,    0,    0,    0,    0,  -44,  -16,    0,  -16,    0,    6,   -3,  -28,    0,    0,    0,    0,    0,    0,    0,    0,  -18,  -24,  -29,  -19,    7,    0,  -19,    0,  -61,  -12,  -66,  -62,    0,  -40,    0,  -44,    0,    0,  -11,   -5,    1,    0,    0,   -5,  -14,    0,  -55,  -32,    0,    0,  -16,    0,  -34,  -16,  -16,  -33,  -44,    0,    0,  -25,  -16,    0,  -16,    0,    0,    0,  -16,    0,    0,  -11,    1,    1,    1,    0,  -11,    0,  -55,    0,    0,    0,    0,    0,    0,  -11,  -61,  -61,  -61,    0,    0,    1,    0,    0,    0,    0,    0,    0,  -19,    0,  -61,    0,    0,  -14,  -31,  -14,   -5,  -40,  -40,  -81,  -74,    0,    0,    0,  -16,    0,  -74,   -6,    0,    0,    0,    0,    0,    0,    0,    0,    0,  -24,    0,
       0,    0,    0,    0,    0,    0,    0,    0,    0,  -32,    0,    0,    0,    0,    0,  -21,  -50,    0,  -21,  -26,  -21,    0,  -21,  -21,    0,    0,    0,    0,  -18,    0,   12,  -18,    0,  -26,  -18,  -37,    0,    0,    0,    0,  -32,    0,    0,    0,    0,    6,   45,   14,    0,    0,    0,  -37,    0,    0,    0,    0,    0,    0,    0,    0,    0,  -32,    0,    0,  -21,    0,    0,    0,    0,    0,    0,    0,    0,    0,    0,    6,    6,    6,    0,    0,    0,  -37,    0,    0,   12,    0,    0,   45,    0,  -26,  -26,  -26,    0,   12,    6,    0,    0,   26,   26,    0,  -21,  -18,  -50,  -24,   19,   19,    0,   -5,    0,    0,    0,    0,  -18,    0,    0,    0,    0,    0,    0,    0,    0,    0,    0,    0,    0,    0,    0,    0,    0,    0,  -24,    0,
       0,    0,  -12,    0,    0,    0,    0,    0,    0,    0,    0,    0,    0,    0,    0,    0,  -18,    0,    0,    0,    0,    0,    0,    0,    0,    0,    0,    0,    0,    0,    0,    0,    0,  -36,    0,  -24,  -24,    0,  -45,    0,    0,    0,    0,    0,    0,    0,    0,    0,    0,    0,    0,   -8,    0,    0,    0,    0,    0,    0,    0,    0,   -4,    0,    0,    0,    0,    0,    0,    0,    0,    0,    0,    0,    0,    0,    0,    0,    0,    0,    0,    0,    0,   -8,    0,    0,    0,    0,    0,    0,    0,  -36,  -36,  -36,    0,    0,    0,    3,    0,    0,    0,    0,    0,    0,    0,  -36,    0,    0,    0,    0,    0,    0,  -45,  -45,  -21,  -12,    0,    0,    0,    0,    0,  -12,    0,    0,    0,    0,    0,    0,    0,    0,    0,    0,    0,    0,
       0,    0,  -11,    0,    0,    0,    0,    0,   -6,    0,    0,    0,    0,    0,    0,    0,  -16,    0,    0,    0,    0,    0,    0,    0,    0,    0,    0,    0,    0,  -15,    0,    0,    0,  -41,    0,  -30,  -24,  -13,  -54,    0,    0,    0,    4,    0,    0,    0,    0,    0,    0,    0,    0,   -8,   -6,  -10,  -10,    0,    0,  -16,    0,    0,   -5,    0,    0,    0,    0,    0,    0,    0,    0,    0,    0,    0,    4,    4,    0,    0,    0,    0,    0,    0,    0,   -8,    4,    0,    0,    0,    0,    0,    0,  -41,  -41,  -41,    0,    0,    0,   19,    0,    0,    0,  -13,    0,    0,    0,  -41,    0,    0,    0,   -6,    0,    0, -104,  -54,  -29,  -10,    0,    0,    0,    0,    0,  -10,    0,    0,    0,    0,    0,    0,    0,    0,    0,    0,    0,    0,
       0,    0,    0,    0,    0,    0,    0,    0,    0,    0,  -10,  -26,  -10,  -26,   -6,    0,    0,    0,    0,  -29,    0,    0,    0,    0,    0,    0,    0,    0,    0,  -16,    0,    0,  -29,    0,    0,    0,    0,    0,    2,    0,    0,   -7,   -9,   -9,  -21,    3,    2,    0,   -8,  -19,    0,    0,   10,    0,    0,  -10,    0,    0,  -18,  -10,    0,    0,    0,    0,    0,  -10,    0,    0,    0,    0,    0,   -8,   -9,   -9,   -9,    3,    3,    3,   47,   -9,    0,    0,   -9,    0,    0,   47,   66,    2,   -9,    0,    0,    0,    0,    0,    3,   21,   63,  -38,  -38,    0,    0,    0,    0,    0,    0,    0,  -19,    0,  -19,   -8,    2,    2,    0,    0,  -42,    0,    0,   -8,  -26,    0,    0,    0,    0,    0,    0,    0,    0,   -8,    0,    0,    0,    0,
       0,    0,    0,    0,    0,    0,    0,    0,    0,    0,    0,    0,    0,    0,    0,    0,    0,    0,    0,    0,    0,    0,    0,    0,    0,    0,    0,    0,    0,    0,    0,    0,    0,  -24,    0,    0,    0,    0,    0,    0,    0,    0,    0,    0,    0,    0,    4,    0,    0,    0,    0,    0,    0,    0,    0,    0,    0,    0,    0,    0,    0,    0,    0,    0,    0,    0,    0,    0,    0,    0,    0,    0,    0,    0,    0,    0,    0,    0,    0,    0,    0,    0,    0,    0,    0,    0,    0,    4,    0,  -24,  -24,  -24,    0,    0,    0,    0,    0,    0,    0,    0,    0,    0,    0,  -24,    0,    0,    0,    0,    0,    0,    0,    0,    0,    0,    0,    0,    0,    0,    0,    0,    0,    0,    0,    0,    0,    0,    0,    0,    0,    0,    0,    0,
       0,    0,    0,    0,    0,    0,    0,    0,    2,    0,    0,    0,    0,    0,    0,    0,    0,    0,    0,    0,    0,    0,    0,    0,    0,    0,    0,    0,    0,    0,    0,    0,    0,    0,    0,    0,    0,    0,    0,    0,    0,    0,    0,    0,    0,    0,    0,    0,    0,    1,    0,    0,    0,    0,    0,    0,    2,    0,    0,    0,    0,    0,    0,    0,    0,    0,    0,    0,    0,    0,    0,    0,    0,    0,    0,    0,    0,    0,   30,    0,    0,    0,    0,    0,    0,   46,   30,    0,    0,    0,    0,    0,    0,    0,    0,   40,   46,    0,    0,    0,    0,    0,    0,    0,    0,    0,    1,    0,    1,    0,    0,    0,    0,    0,    0,    0,    0,    0,    0,    0,    0,    0,    0,    0,    0,    0,    0,    0,    0,    0,    0,    0,
       0,    0,    0,    0,    0,    0,    0,    0,    0,    0,  -27,    0,  -27,    0,    0,    0,    0,    0,    0,  -21,    0,    0,    0,    0,    0,  -40,    0,    0,    0,    0,    0,    0,    0,  -26,    0,    0,    0,    0,    0,    0,    0,    0,    0,  -10,    0,    0,    0,    0,    0,    0,    0,    4,    0,    0,    0,  -27,    0,    0,  -24,  -59,    0,    0,    0,    0,    0,  -27,    0,    0,    0,    0,    0,    0,    0,    0,  -10,    0,    0,    0,    0,  -10,    0,    4,    0,    0,    0,    0,    0,    0,  -10,  -26,  -26,  -26,    0,    0,    0,    0,    0,    0,    0,    0,    0,    0,    0,  -26,    0,    0,    0,    0,    0,    0,    0,    0,    0,    0,    0,    0,    0,    0,    0,    0,    0,    0,    0,    0,    0,    0,    0,    0,    0,    0,    0,    0,
       0,    0,    0,    0,    0,    0,    0,    0,    0,    0,  -15,  -29,  -15,  -29,  -14,    0,    0,    0,    0,    0,    0,    0,    0,    0,    0,  -17,    0,    0,    0,  -18,    6,    0,  -26,  -26,    0,    0,    0,    0,    0,  -16,    0,    0,   -6,   -9,    9,    2,    6,    3,    0,    9,    0,    7,    5,    7,    0,  -15,    0,    0,    0,  -29,    0,    0,    0,    0,    0,  -15,    0,    0,    0,    0,    0,    0,   -6,   -6,   -9,    2,    2,    2,    6,   -9,    0,    7,   -6,    0,    6,    6,    6,    6,   -9,  -26,  -26,  -26,    0,    6,    2,   17,    6,    0,    0,    0,    0,    0,    0,  -26,  -11,  -11,    9,    0,    9,    0,    0,    0,  -18,    8,  -37,    0,    0,    0,  -29,    8,    0,    0,    0,    0,    0,    0,    0,  -11,    0,    0,    0,    0,
       0,    0,   -5,    0,    0,    0,    0,    0,    0,    0,    0,    0,    0,    0,    0,    0,    0,    0,    0,    0,    0,    0,    0,    0,    0,    0,    0,    0,    0,    0,    0,    0,    0,  -34,    0,  -21,  -16,    0,  -34,    0,    0,    0,    0,    0,    0,    0,    0,    0,    0,    1,    0,   -1,    0,    0,    0,    0,    0,    0,    0,    0,   -4,    0,    0,    0,    0,    0,    0,    0,    0,    0,    0,    0,    0,    0,    0,    0,    0,    0,    0,    0,    0,   -1,    0,    0,    0,    0,    0,    0,    0,  -34,  -34,  -34,    0,    0,    0,    2,    0,    0,    0,    0,    0,    0,    0,  -34,    0,    0,    1,   -1,    1,    0,  -34,  -34,  -24,    0,   -3,    0,    0,    0,    0,    0,    0,    0,    0,    0,    0,    0,    0,    0,    0,    0,    0,    0,
       0,    0,    0,    0,    0,    0,    0,    0,    0,    0,   -8,    0,   -8,    0,    0,    0,    0,    0,    0,   -3,    0,    0,    0,    0,    0,  -13,    0,    0,    0,    0,    1,    0,    0,  -16,    0,   -2,   -2,    0,   -3,    0,    0,    0,    3,   -4,  -16,    0,    3,    0,   -3,   -8,    0,   10,   10,    0,    0,   -8,    0,    0,    0,   -8,    0,    0,    0,    0,    0,   -8,    0,    0,    0,    0,    0,   -3,    3,    3,   -4,    0,    0,    0,    0,   -4,    0,   10,    3,    0,    1,    0,    0,    3,   -4,  -16,  -16,  -16,    0,    1,    0,   21,    0,    0,    0,    0,    0,    0,    0,  -16,    0,    0,   -8,    0,   -8,   -3,   -3,   -3,  -18,    7,    0,    0,    0,   -3,    0,    7,    0,    0,    0,    0,    0,    0,    0,    7,    0,    0,    0,    0,
       0,    0,    0,    0,    0,    0,    0,    0,    0,    0,  -17,    0,  -17,    0,  -16,    0,    0,    0,    0,    0,    0,    0,    0,    0,    0,  -18,    0,    0,    0,    0,    0,    0,    0,  -24,    0,    0,    0,    0,  -26,    0,    0,  -16,    0,    0,    0,    0,    0,    0,    0,    0,    0,    0,    0,    0,    0,  -17,    0,    0,    0,  -33,    0,    0,    0,    0,    0,  -17,    0,    0,    0,    0,    2,    0,    0,    0,    0,    0,    0,    0,    0,    0,    0,    0,    0,   10,    0,    0,    0,    0,    0,  -24,  -58,  -24,    0,    0,    0,    0,    0,    0,    0,    0,    0,    0,    0,  -24,    0,    0,    0,    0,    0,    0,  -26,  -26,  -18,    7,    0,    0,    0,    0,    0,    7,    0,    0,    0,    0,    0,    0,    0,  -13,    0,    0,    0,    0,
       0,    0,    0,    0,    0,    0,    0,    0,    0,    0,  -16,  -21,  -16,  -21,  -26,    0,    0,    0,    0,    0,    0,    0,    0,    0,    0,  -16,  -18,    0,    0,  -32,    2,    0,  -29,  -16,    0,    0,    0,    0,  -16,    0,    0,  -37,   -5,   -8,    7,    0,    0,    0,   -1,    8,    0,    0,    0,    0,    0,  -16,    0,    0,  -18,  -16,    0,    0,    0,    0,    0,  -16,    0,    0,    0,    0,    0,    0,   -5,   -5,   -8,    0,    0,    0,    9,   -8,    0,    0,   -5,    0,    2,    9,    9,    0,   -8,  -16,  -45,  -16,    0,    2,    0,    2,    9,    0,    0,    0,    0,    0,    0,  -16,  -21,  -21,    8,    0,    8,   -1,  -16,  -16,    0,    3,  -37,    0,    0,    0,  -56,    3,    0,    0,    0,    0,    0,    0,    0,  -11,    0,    0,    0,    0,
       0,    0,    0,    0,    0,    0,  -16,    0,    0,    0,    0,  -34,    0,  -34,    0,    0,    0,    0,    0,    0,    0,    0,    0,    0,    0,    0,    0,    0,    0,  -32,    0,    0,  -26,  -24,    0,    0,    0,    0,    0,  -16,    0,    0,   -2,   -6,    0,    0,    0,    0,    0,    0,    0,    0,    0,    0,    0,    0,    0,    0,  -16,    0,    0,    0,    0,    0,    0,    0,    0,    0,    0,    0,    0,    0,   -2,   -2,   -6,    0,    0,    0,    0,   -6,    0,    0,   -2,    0,    0,    0,    0,    0,   -6,  -24,  -24,  -24,    0,    0,    0,    0,    0,    0,    0,    0,    0,    0,    0,  -24,    0,    0,    0,    0,    0,    0,    0,    0,    0,    4,  -37,    0,    0,    0,  -34,    4,    0,    0,    0,    0,    0,    0,    0,    0,    0,    0,    0,    0,
       0,    0,    0,    0,    0,    0,    0,    0,    0,    0,  -10,    0,  -10,    0,    0,    0,    0,    0,    0,    0,    0,    0,    0,    0,    0,    0,  -16,    0,    0,    0,    0,    0,    0,  -15,    0,    0,    0,    0,    0,    0,    0,    0,   -2,  -10,    7,    0,    0,    0,    0,    7,    0,    0,    0,    0,    0,  -10,    0,    0,  -16,  -10,    0,    0,    0,    0,    0,  -10,    0,    0,    0,    0,    0,    0,   -2,   -2,  -10,    0,    0,    0,    0,  -10,    0,    0,   -2,    0,    0,    0,    0,    0,  -10,  -15,  -15,  -15,    0,    0,    0,    0,    0,    0,    0,    0,    0,    0,    0,  -15,    0,    0,    7,    0,    7,    0,    0,    0,    0,    0,    0,    0,    0,    0,    0,    0,    0,    0,    0,    0,    0,    0,    0,    0,    0,    0,    0,    0,
       0,    0,    0,    0,    0,    0,    0,    0,    0,    0,    0,    0,    0,    0,    0,    0,    0,    0,    0,    0,    0,    0,    0,    0,    0,    0,    0,    0,    0,    0,    0,    0,    0,  -16,    0,    0,    0,    0,    0,    0,    0,    0,    0,  -10,    0,    0,    0,    0,    0,    0,    0,    0,    0,    0,    0,    0,    0,    0,    0,    0,    0,    0,    0,    0,    0,    0,    0,    0,    0,    0,    0,    0,    0,    0,  -10,    0,    0,    0,    0,  -10,    0,    0,    0,    0,    0,    0,    0,    0,  -10,  -16,  -16,  -16,    0,    0,    0,    0,    0,    0,    0,    0,    0,    0,    0,  -16,    0,    0,    0,    0,    0,    0,    0,    0,    0,    0,    0,    0,    0,    0,    0,    0,    0,    0,    0,    0,    0,    0,    0,    0,    0,    0,    0,    0,
       0,    0,    0,    0,    0,    0,    0,    0,    0,    0,    0,    0,    0,    0,    0,    0,    0,  -10,   -3,    0,    0,  -13,    0,    0,    0,    0,    0,    0,    0,  -16,    0,    0,  -21,  -36,    0,  -21,  -13,  -38,  -30,    0,    0,    0,    0,    0,    0,    0,    0,    0,    0,    0,    0,   -2,    0,  -10,    0,    0,    0,    0,    0,    0,    0,    0,    0,    0,   -4,    0,    0,    0,    0,    0,    0,    0,    0,    0,    0,    0,    0,    0,    0,    0,    0,   -2,    0,    0,    0,    0,    0,    0,    0,  -63,  -63,  -36,    0,    0,    0,    0,    0,    0,    0,  -38,  -13,    0,    0,  -70,    0,    0,    0,    0,    0,    0,  -30,  -30,  -13,    0,    0,    0,    0,    0,    0,    0,    0,    0,    0,    0,    0,    0,    0,    0,    0,    0,    0,    0,
       0,    0,    0,    0,    0,    0,    0,    0,    0,    0,    0,    0,    0,    0,    0,    0,    0,    0,    0,    0,    0,    0,    0,    0,    0,    0,    0,    0,    0,    0,    0,    0,    0,  -32,    0,  -16,    0,    0,  -32,    0,    0,    0,    0,    0,    0,    0,    0,    0,    0,    0,    0,    0,    0,    0,    0,    0,    0,    0,    0,    0,    0,    0,    0,    0,    0,    0,    0,    0,    0,    0,    0,    0,    0,    0,    0,    0,    0,    0,    0,    0,    0,    0,    0,    0,    0,    0,    0,    0,    0,  -32,  -32,  -32,    0,    0,    0,    0,    0,    0,    0,    0,    0,    0,    0,  -32,    0,    0,    0,    0,    0,    0,  -32,  -32,  -16,    0,    0,    0,    0,    0,    0,    0,    0,    0,    0,    0,    0,    0,    0,    0,    0,    0,    0,    0,
       0,    0,    0,    0,    0,    0,    0,    0,    0,    0,    0,    0,    0,    0,    0,    0,    0,    0,    0,    0,    0,    0,    0,    0,    0,    0,    0,    0,    0,    0,    0,    0,    0,    0,    0,    0,    0,    0,    0,    0,    0,    0,    0,    0,    0,   14,    0,    0,    0,    0,    0,    0,    0,    0,    0,    0,    0,    0,    0,    0,    0,    0,    0,    0,    0,    0,    0,    0,    0,    0,    0,    0,    0,    0,    0,   14,   14,   14,    0,    0,    0,    0,    0,    0,    0,    0,    0,    0,    0,    0,    0,    0,    0,    0,   14,   21,    0,    0,    0,    0,    0,    0,    0,    0,    0,    0,    0,    0,    0,    0,    0,    0,    0,    0,    0,    0,    0,    0,    0,    0,    0,    0,    0,    0,    0,    0,    0,    0,    0,    0,    0,    0,
       0,    0,    0,    0,    0,    0,  -18,    0,    0,    0,    0,    0,    0,    0,    0,    0,    0,    0,    0,    0,    0,    0,    0,    0,    0,    0,    0,    0,    0,  -34,    0,    0,  -34,    0,    0,    0,    0,    0,    0,    0,    0,    0,    0,  -16,    0,    0,    0,    0,    0,    0,    0,    0,    0,    0,    0,    0,    0,    0,    0,    0,    0,    0,    0,    0,    0,    0,    0,    0,    0,    0,    0,    0,    0,    0,  -16,    0,    0,    0,    0,  -16,    0,    0,    0,    0,    0,    0,    0,    0,  -16,    0,    0,    0,    0,    0,    0,    0,    0,    0,    0,    0,    0,    0,    0,    0,    0,    0,    0,    0,    0,    0,    0,    0,    0,    0,    0,    0,    0,    0,    0,    0,    0,    0,    0,    0,    0,    0,    0,    0,    0,    0,    0,    0,
       0,    0,    0,    0,    0,    0,    0,    0,    0,    0,    0,    0,    0,    0,    0,    0,    0,    0,    0,    0,    0,    0,    0,    0,    0,    0,    0,    0,    0,  -16,    0,    0,    0,  -24,    0,    0,    0,    0,  -29,    0,    0,    0,    0,    0,    0,    0,    0,    0,    0,    0,    0,    0,    0,    0,    0,    0,    0,    0,    0,    0,    0,    0,    0,    0,    0,    0,    0,    0,    0,    0,    0,    0,    0,    0,    0,    0,    0,    0,    0,    0,    0,    0,    0,    0,    0,    0,    0,    0,    0,  -24,  -24,  -24,    0,    0,    0,    0,    0,    0,    0,    0,    0,    0,    0,  -55,    0,    0,    0,    0,    0,    0,  -29,  -29,    0,    0,    0,    0,    0,    0,    0,    0,    0,    0,    0,    0,    0,    0,    0,    0,    0,    0,    0,    0,
       0,    0,    0,    0,    0,    0,    0,    0,    0,    0,    0,    0,    0,    0,    0,    0,    0,    0,    0,    0,    0,    0,    0,    0,    0,    0,    0,    0,    0,    0,    0,    0,    0,  -24,    0,    0,    0,    0,    0,    0,    0,    0,    0,    0,    0,    0,    0,    0,    0,    0,    0,    0,    0,    0,    0,    0,    0,    0,    0,    0,    0,    0,    0,    0,    0,    0,    0,    0,    0,    0,    0,    0,    0,    0,    0,    0,    0,    0,    0,    0,    0,    0,    0,    0,    0,    0,    0,    0,    0,  -24,  -24,  -24,    0,    0,    0,    0,    0,    0,    0,    0,    0,    0,    0,  -24,    0,    0,    0,    0,    0,    0,    0,    0,    0,    0,    0,    0,    0,    0,    0,    0,    0,    0,    0,    0,    0,    0,    0,    0,    0,    0,    0,    0,
       0,    0,    0,    0,    0,    0,  -16,    0,    0,    0,    0,    0,    0,    0,    0,    0,    0,    0,    0,  -23,    0,    0,    0,    0,    0,    0,    0,    0,   -3,  -33,    0,   -3,  -33,    0,    0,    0,    0,   -3,   -4,    0,    0,    0,   -5,  -13,    0,    0,    0,    0,   -5,    0,    0,    0,    0,    0,    0,    0,    0,    0,    0,    0,    0,    0,    0,    0,    0,    0,    0,    0,    0,    0,    0,    0,   -5,   -5,  -13,    0,    0,    0,    0,  -13,    0,    0,   -5,    0,    0,    0,    0,    0,  -13,    0,    0,    0,    0,    0,    0,    0,    0,    0,    0,   -3,    0,   -3,    0,    0,    0,    0,    0,    0,    0,   -5,   -4,   -4,    0,    0,    0,    0,    0,    0,    0,    0,    0,    0,    0,    0,    0,    0,    0,    0,    0,    0,    0,    0,
       0,    0,    0,    0,    0,    0,    0,    0,    0,    0,    0,    0,    0,    0,    0,    0,    0,    0,    0,    0,    0,    0,    0,    0,    0,    0,    0,    0,    0,    0,    0,    0,    0,    0,    0,    0,    0,    0,    0,    0,    0,    0,    0,    0,    0,    0,    0,    0,    0,    0,    0,    0,    0,    0,    0,    0,    0,    0,    0,    0,    0,    0,    0,    0,    0,    0,    0,    0,    0,    0,    0,    0,    0,    0,    0,    0,    0,    0,    0,    0,    0,    0,    0,    0,    0,    0,    0,    0,    0,    0,    0,    0,    0,    0,    0,    0,    0,    0,    0,    0,    0,    0,    0,    0,    0,    0,    0,    0,    0,    0,    0,    0,    0,    0,    0,    0,    0,    0,    0,    0,    0,   -5,    0,    0,    0,    0,    0,    0,    0,    0,    0,    0,
       0,    0,    0,    0,    0,    0,    0,    0,    0,    0,    0,    0,    0,    0,    0,    0,    0,    0,    0,    0,    0,    0,    0,    0,    0,    0,    0,    0,    0,    0,    0,    0,    0,    0,    0,    0,    0,    0,    0,    0,    0,    0,    0,    0,    0,    0,    0,    0,    0,    0,    0,    0,    0,    0,    0,    0,    0,    0,    0,    0,    0,    0,    0,    0,    0,    0,    0,    0,    0,    0,    0,    0,    0,    0,    0,    0,    0,    0,    0,    0,    0,    0,    0,    0,    0,    0,    0,    0,    0,    0,    0,    0,    0,    0,    0,    0,    0,    0,    0,    0,    0,    0,    0,    0,    0,    0,    0,    0,    0,    0,    0,    0,    0,    0,    0,    0,    0,    0,    0,    0,    0,    0,   -1,    0,    0,    0,    0,    0,    0,    0,    0,    0,
       0,    0,    0,    0,    0,    0,    0,    0,    0,    0,  -17,    0,  -17,    0,  -16,    0,    0,    0,    0,    0,    0,    0,    0,    0,    0,  -18,    0,    0,    0,    0,    0,    0,    0,  -24,    0,    0,    0,    0,  -26,    0,    0,  -16,    0,    0,    0,    0,    0,    0,    0,    0,    0,    0,    0,    0,    0,  -17,    0,    0,    0,  -33,    0,    0,    0,    0,    0,  -17,    0,    0,    0,    0,    2,    0,    0,    0,    0,    0,    0,    0,    0,    0,    0,    0,    0,   10,    0,    0,    0,    0,    0,  -24,  -58,  -24,    0,    0,    0,    0,    0,    0,    0,    0,    0,    0,    0,  -24,    0,    0,    0,    0,    0,    0,  -26,  -26,  -42,    7,    0,    0,    0,    0,    0,    7,    0,    0,    0,    0,    0,    0,    0,  -13,    0,    0,    0,    0,
       0,    0,    0,    0,    0,    0,    0,    0,    0,    0,    0,    0,    0,    0,    0,    0,    0,  -10,   -3,    0,    0,  -13,    0,    0,    0,    0,    0,    0,    0,  -16,    0,    0,  -21,  -73,    0,  -39,  -13,  -41,  -54,    0,    0,    0,    0,    0,    0,    0,    0,    0,    0,    0,    0,   -2,    0,  -10,    0,    0,    0,    0,    0,    0,    0,    0,    0,    0,   -4,    0,    0,    0,    0,    0,    0,    0,    0,    0,    0,    0,    0,    0,    0,    0,    0,   -2,    0,    0,    0,    0,    0,    0,    0,  -73,  -73,  -73,    0,    0,    0,    0,    0,    0,    0,  -41,  -13,    0,    0,  -73,    0,    0,    0,    0,    0,    0,  -54,  -54,  -13,    0,    0,    0,    0,    0,    0,    0,    0,    0,    0,    0,    0,    0,    0,    0,    0,    0,    0,    0,
       0,    0,    0,    0,    0,    0,    0,    0,    0,    0,    0,    0,    0,    0,    0,    0,    0,    0,    0,    0,    0,    0,    0,    0,    0,    0,    0,    0,    0,    0,    0,    0,    0,    0,    0,    0,    0,    0,    0,    0,    0,    0,    0,    0,    0,    0,    0,    0,    0,    0,    0,    0,    0,    0,    0,    0,    0,    0,    0,    0,    0,    0,    0,    0,    0,    0,    0,    0,    0,    0,    0,    0,    0,    0,    0,    0,    0,    0,    0,    0,    0,    0,    0,    0,    0,    0,    0,    0,    0,    0,    0,    0,    0,    0,    0,    0,    0,    0,    0,    0,    0,    0,    0,    0,    0,    0,    0,    0,    0,    0,    0,    0,    0,    0,    0,    0,    0,    0,    0,    0,    0,    0,    0,    0,    5,    0,    0,    0,    0,    0,    0,    0,
       0,    0,    0,    0,    0,    0,    0,    0,    0,    0,    0,    0,    0,    0,    0,    0,  -18,  -24,  -21,    0,    0,  -24,  -16,    0,    0,    0,    0,    0,    0,  -16,    0,    0,    0,  -61,    0,  -29,  -26,  -18,  -42,  -16,    0,    0,    0,    0,    0,    0,    0,    0,    0,    0,    0,  -16,  -16,  -16,    0,    0,    0,    0,    0,    0,    0,    0,    0,    0,    0,    0,    0,    0,    0,    0,    0,    0,    0,    0,    0,    0,    0,    0,    0,    0,    0,  -16,    0,    0,    0,    0,    0,    0,    0,  -61,  -61,  -61,    0,    0,    0,    0,    0,  -16,  -16,  -42,  -21,    0,    0,  -93,    0,    0,    0,    0,    0,    0,  -42,  -42,  -40,    0,    0,    0,    0,    0,    0,    0,    0,    0,    0,    0,    0,    0,    0,    0,    0,    0,    0,    0,
       0,    0,    0,    0,    0,    0,    0,    0,    0,    0,    0,    0,    0,    0,    0,    0,    0,    0,    0,    0,    0,    0,    0,    0,    0,    0,    0,    0,    0,    0,    0,    0,    0,  -32,    0,  -56,  -46,    0,    0,    0,    0,    0,    0,    0,    0,    0,    0,    0,    0,    0,    0,    0,    0,    0,    0,    0,    0,    0,    0,    0,    0,    0,    0,    0,    0,    0,    0,    0,    0,    0,    0,    0,    0,    0,    0,    0,    0,    0,    0,    0,    0,    0,    0,    0,    0,    0,    0,    0,    0,  -32,  -32,  -32,    0,    0,    0,    0,    0,    0,    0,    0,    0,    0,    0,  -32,    0,    0,    0,    0,    0,    0,    0,    0,  -29,  -16,    0,    0,    0,    0,    0,  -16,    0,    0,    0,    0,    0,    0,    0,    0,    0,    0,    0,    0,
       0,    0,    0,    0,    0,    0,    0,    0,    0,    0,    0,    0,    0,    0,    0,    0,    0,    0,    0,    0,    0,    0,    0,    0,    0,    0,    0,    0,    0,    0,    0,    0,    0,    0,    0,    0,    0,    0,    0,    0,    0,    0,    0,    0,    0,    0,    0,    0,    0,    0,    0,    0,    0,    0,    0,    0,    0,    0,    0,    0,    0,    0,    0,    0,    0,    0,    0,    0,    0,    0,    0,    0,    0,    0,    0,    0,    0,    0,   19,    0,    0,    0,    0,    0,    0,   19,   19,    0,    0,    0,    0,    0,    0,    0,    0,   18,   19,    0,    0,    0,    0,    0,    0,    0,    0,    0,    0,    0,    0,    0,    0,    0,    0,    0,    0,    0,    0,    0,    0,    0,    0,    0,    0,    0,    0,    0,    0,    0,    0,    0,    0,    0,
       0,    0,    0,    0,    0,    0,    0,    0,    0,    0,    0,    0,    0,    0,    0,    0,    0,    0,    0,    0,    0,    0,    0,    0,    0,    0,    0,    0,    0,  -16,    0,    0,    0,  -42,    0,  -18,    0,  -21,  -21,    0,    0,    0,    0,    0,    0,    0,    0,    0,    0,    0,    0,    0,    0,    0,    0,    0,    0,    0,    0,    0,    0,    0,    0,    0,    0,    0,    0,    0,    0,    0,    0,    0,    0,    0,    0,    0,    0,    0,    0,    0,    0,    0,    0,    0,    0,    0,    0,    0,    0,  -42,  -42,  -42,    0,    0,    0,    0,    0,    0,    0,  -21,    0,    0,    0,  -42,    0,    0,    0,    0,    0,    0,  -21,  -21,    0,    0,    0,    0,    0,    0,    0,    0,    0,    0,    0,    0,    0,    0,    0,    0,    0,    0,  -16,    0,
       0,    0,    0,    0,    0,    0,    0,    0,    0,    0,    0,  -48,    0,  -48,    0,    0,    0,    0,    0,    0,    0,    0,    0,    0,    0,    0,    0,    0,    0,  -18,    0,    0,  -18,  -26,    0,  -24,    0,    0,    0,  -18,    0,    0,    0,    0,    0,    0,    0,    0,    0,    0,    0,    0,    0,    0,    0,    0,    0,    0,    0,    0,    0,    0,    0,    0,    0,    0,    0,    0,    0,    0,    0,    0,    0,    0,    0,    0,    0,    0,    0,    0,    0,    0,    0,    0,    0,    0,    0,    0,    0,  -26,  -26,  -26,    0,    0,    0,    0,    0,    0,    0,    0,    0,    0,    0,  -26,    0,    0,    0,    0,    0,    0,    0,    0,  -26,    0,  -58,    0,    0,    0,  -48,    0,    0,    0,    0,    0,    0,    0,    0,    0,    0,    0,    0,    0,
       0,    0,    0,    0,    0,    0,    0,    0,    0,    0,    0,    0,    0,    0,    0,    0,    0,    0,    0,    0,    0,    0,    0,    0,    0,    0,    0,    0,    0,    0,    0,    0,    0,  -23,    0,    0,    0,    0,    0,    0,    0,    0,    0,    0,    0,    0,    0,    0,    0,    0,    0,    0,    0,    0,    0,    0,    0,    0,    0,    0,    0,    0,    0,    0,    0,    0,    0,    0,    0,    0,    0,    0,    0,    0,    0,    0,    0,    0,   16,    0,    0,    0,    0,    0,    0,   16,   16,    0,    0,  -23,  -23,  -23,    0,    0,    0,    0,   16,    0,    0,    0,    0,    0,    0,  -23,    0,    0,    0,    0,    0,    0,    0,    0,  -58,    0,    0,    0,    0,    0,    0,    0,    0,    0,    0,    0,    0,    0,    0,    0,    0,    0,    0,    0,
       0,    0,    0,    0,    0,    0,    0,    0,    0,    0,    0,    0,    0,    0,    0,    0,    0,    0,    0,    0,    0,    0,    0,    0,    0,    0,    0,    0,    0,    0,    0,    0,    0,  -37,    0,    0,    0,    0,    0,    0,    0,    0,    0,    0,    0,    0,    0,    0,    0,    0,    0,    0,    0,    0,    0,    0,    0,    0,    0,    0,    0,    0,    0,    0,    0,    0,    0,    0,    0,    0,    0,    0,    0,    0,    0,    0,    0,    0,    0,    0,    0,    0,    0,    0,    0,    0,    0,    0,    0,  -37,  -37,  -37,    0,    0,    0,    0,    0,    0,    0,    0,    0,    0,    0,  -37,    0,    0,    0,    0,    0,    0,    0,    0,    0,    0,    0,    0,    0,    0,    0,    0,    0,    0,    0,    0,    0,    0,    0,    0,    0,    0,    0,    0,
       0,    0,    0,    0,    0,    0,    0,    0,    2,    0,    0,    0,    0,    0,    0,    0,    0,    0,    0,    0,    0,    0,    0,    0,    0,    0,    0,    0,    0,    0,    0,    0,    0,    0,    0,    0,    0,    0,    0,    0,    0,    0,    0,    0,    0,    0,    0,    0,    0,    1,    0,    0,    0,    0,    0,    0,    2,    0,    0,    0,    0,    0,    0,    0,    0,    0,    0,    0,    0,    0,    0,    0,    0,    0,    0,    0,    0,    0,   48,    0,    0,    0,    0,    0,    0,   49,   48,    0,    0,    0,    0,    0,    0,    0,    0,   35,   48,    0,    0,    0,    0,    0,    0,    0,    0,    0,    1,    0,    1,    0,    0,    0,    0,    0,    0,    0,    0,    0,    0,    0,    0,    0,    0,    0,    0,    0,    0,    0,    0,    0,    0,    0,
       0,    0,    0,    0,    0,    0,    0,    0,    0,    0,    0,    0,    0,    0,    0,    0,   21,    0,    0,    0,    0,   42,    0,    0,    0,    0,    0,    0,    0,    0,   31,    0,    0,   42,    0,   40,    0,    0,    0,   42,    0,    0,    0,    0,   18,   30,   30,    6,    0,   24,    0,    0,    0,    0,    0,    0,    0,    0,    0,    0,    0,    0,    0,    0,    0,    0,    0,    0,    0,   19,    0,    0,    0,    0,    0,   46,   30,   46,   77,    0,    0,    0,    0,    0,   31,   77,   77,   46,    0,   42,   42,   42,    0,   66,   46,   24,   77,    0,    0,    0,    0,    0,    0,   42,    0,    0,   24,    0,   24,    0,    0,    0,    0,    0,    0,    0,    0,    0,    0,    0,    0,    0,    0,    0,    0,    0,    0,    0,    0,    0,    0,    0,
       0,    0,  -12,    0,    0,    0,    0,    0,    0,    0,    0,    0,    0,    0,    0,    0,  -18,    0,    0,    0,    0,    0,    0,    0,    0,    0,    0,    0,    0,    0,    0,    0,    0,  -60,    0,  -24,  -24,    0,  -45,    0,    0,    0,    0,    0,    0,    0,    0,    0,    0,    0,    0,   -8,    0,    0,    0,    0,    0,    0,    0,    0,   -4,    0,    0,    0,    0,    0,    0,    0,    0,    0,    0,    0,    0,    0,    0,    0,    0,    0,    0,    0,    0,   -8,    0,    0,    0,    0,    0,    0,    0,  -60,  -60,  -60,    0,    0,    0,    3,    0,    0,    0,    0,    0,    0,    0,  -60,    0,    0,    0,    0,    0,    0,  -45,  -45,  -21,  -12,    0,    0,    0,    0,    0,  -12,    0,    0,    0,    0,    0,    0,    0,    0,    0,    0,    0,    0,
       0,    0,  -11,    0,    0,    0,    0,    0,   -6,    0,    0,    0,    0,    0,    0,    0,  -16,    0,    0,    0,    0,    0,    0,    0,    0,    0,    0,    0,    0,  -15,    0,    0,    0,  -64,    0,  -30,  -24,  -13,  -54,    0,    0,    0,    4,    0,    0,    0,    0,    0,    0,    0,    0,   -8,   -6,  -10,  -10,    0,    0,  -16,    0,    0,   -5,    0,    0,    0,    0,    0,    0,    0,    0,    0,    0,    0,    4,    4,    0,    0,    0,    0,    0,    0,    0,   -8,    4,    0,    0,    0,    0,    0,    0,  -64,  -64,  -64,    0,    0,    0,   19,    0,    0,    0,  -13,    0,    0,    0,  -64,    0,    0,    0,   -6,    0,    0, -104,  -54,  -29,  -10,    0,    0,    0,    0,    0,  -10,    0,    0,    0,    0,    0,    0,    0,    0,    0,    0,    0,    0,
       0,    0,  -12,    0,    0,    0,    0,    0,    0,    0,    0,    0,    0,    0,    0,    0,  -18,    0,    0,    0,    0,    0,    0,    0,    0,    0,    0,    0,    0,    0,    0,    0,    0,  -70,    0,  -24,  -24,    0,  -45,    0,    0,    0,    0,    0,    0,    0,    0,    0,    0,    0,    0,   -8,    0,    0,    0,    0,    0,    0,    0,    0,   -4,    0,    0,    0,    0,    0,    0,    0,    0,    0,    0,    0,    0,    0,    0,    0,    0,    0,    0,    0,    0,   -8,    0,    0,    0,    0,    0,    0,    0,  -70,  -70,  -70,    0,    0,    0,    3,    0,    0,    0,    0,    0,    0,    0,  -70,    0,    0,    0,    0,    0,    0,  -45,  -45,  -21,  -12,    0,    0,    0,    0,    0,  -12,    0,    0,    0,    0,    0,    0,    0,    0,    0,    0,    0,    0,
       0,    0,   16,    0,    0,    0,    0,    4,   57,   26,    0,    0,    0,    0,    0,    0,   21,    0,    0,    0,    0,   21,    0,    0,    0,    0,    0,    0,    0,    0,   14,    0,    0,   18,    0,    0,    0,    0,    0,    0,   26,    0,    0,    0,    0,   18,   12,   12,    0,    0,    0,    0,    0,    0,    0,    0,    0,   19,    0,    0,    8,   26,    0,    0,    0,    0,    0,    0,    0,    0,    0,    0,    0,    0,    0,   18,   18,   37,   19,    0,    0,    0,    0,    0,   14,   19,   19,   12,    0,   18,   18,   18,    0,   14,   37,   21,   19,    0,    0,    0,    0,    0,    0,   18,    0,    0,    0,    0,    0,    0,    0,    0,   16,    0,    0,    0,    0,    0,    0,    0,    0,    0,    0,    0,    0,    0,    0,   -8,    0,    0,    0,    0,
       0,    0,    0,    0,    0,    0,    0,    0,    0,    0,    0,    0,    0,    0,    0,    0,    0,    0,    0,    0,    0,    0,    0,    0,    0,    0,    0,    0,    0,    0,   16,    0,    0,   16,    0,    0,    0,    0,    0,    0,    0,    0,    0,    0,    0,   16,   18,    0,    0,    0,    0,    0,    0,    0,    0,    0,    0,    0,    0,    0,    0,    0,    0,    0,    0,    0,    0,    0,    0,    0,    0,    0,    0,    0,    0,   16,   16,   18,   18,    0,    0,    0,    0,    0,   18,   18,   18,   18,    0,   16,   16,   16,    0,   16,   16,   18,   18,    0,    0,    0,    0,    0,    0,   16,    0,    0,    0,    0,    0,    0,    0,    0,    0,    0,    0,    0,    0,    0,    0,    0,    0,    0,    0,    0,    0,    0,    0,    0,    0,    0,    0,    0,
       0,    0,    0,    0,    0,    0,    0,    0,    0,    0,    0,    0,    0,    0,    0,    0,   21,    0,    0,    0,    0,   42,    0,    0,    0,    0,    0,    0,    0,    0,   31,    0,    0,   42,    0,   40,    0,    0,    0,   42,    0,    0,    0,    0,   18,   50,   46,    6,    0,   24,    0,    0,    0,    0,    0,    0,    0,    0,    0,    0,    0,    0,    0,    0,    0,    0,    0,    0,    0,   19,    0,    0,    0,    0,    0,   50,   50,   50,   77,    0,    0,    0,    0,    0,   31,   77,   77,   46,    0,   42,   42,   42,    0,   66,   50,   50,   77,    0,    0,    0,    0,    0,    0,   42,    0,    0,   24,    0,   24,    0,    0,    0,    0,    0,    0,    0,    0,    0,    0,    0,    0,    0,    0,    0,    0,    0,    0,    0,    0,    0,    0,    0,
       0,    0,    0,    0,    0,    0,    0,    0,    0,    0,    0,    0,    0,    0,    0,    0,   21,    0,    0,    0,    0,   42,    0,    0,    0,    0,    0,    0,    0,    0,   31,    0,    0,   42,    0,   40,    0,    0,    0,   42,    0,    0,    0,    0,   18,   50,   50,    6,    0,   24,    0,    0,    0,    0,    0,    0,    0,    0,    0,    0,    0,    0,    0,    0,    0,    0,    0,    0,    0,   19,    0,    0,    0,    0,    0,   50,   50,   50,   77,    0,    0,    0,    0,    0,   31,   77,   77,   50,    0,   42,   42,   42,    0,   66,   50,   24,   77,    0,    0,    0,    0,    0,    0,   42,    0,    0,   24,    0,   24,    0,    0,    0,    0,    0,    0,    0,    0,    0,    0,    0,    0,    0,    0,    0,    0,    0,    0,    0,    0,    0,    0,    0,
       0,    0,    0,    0,    0,    0,    0,    0,    0,    0,    0,    0,    0,    0,    0,    0,   21,    0,    0,    0,    0,   42,    0,    0,    0,    0,    0,    0,    0,    0,   31,    0,    0,   42,    0,   40,    0,    0,    0,   42,    0,    0,    0,    0,   18,   50,   30,    6,    0,   24,    0,    0,    0,    0,    0,    0,    0,    0,    0,    0,    0,    0,    0,    0,    0,    0,    0,    0,    0,   19,    0,    0,    0,    0,    0,   50,   50,   50,   77,    0,    0,    0,    0,    0,   31,   77,   77,   46,    0,   42,   42,   42,    0,   66,   50,   24,   77,    0,    0,    0,    0,    0,    0,   42,    0,    0,   24,    0,   24,    0,    0,    0,    0,    0,    0,    0,    0,    0,    0,    0,    0,    0,    0,    0,    0,    0,    0,    0,    0,    0,    0,    0,
       0,    0,    0,    0,    0,    0,    0,    0,    2,    0,    0,    0,    0,    0,    0,    0,    0,    0,    0,    0,    0,    0,    0,    0,    0,    0,    0,    0,    0,    0,    0,    0,    0,    0,    0,    0,    0,    0,    0,    0,    0,    0,    0,    0,    0,    0,    0,    0,    0,    1,    0,    0,    0,    0,    0,    0,    2,    0,    0,    0,    0,    0,    0,    0,    0,    0,    0,    0,    0,    0,    0,    0,    0,    0,    0,    0,    0,    0,   48,    0,    0,    0,    0,    0,    0,   49,   48,    0,    0,    0,    0,    0,    0,    0,    0,   35,   49,    0,    0,    0,    0,    0,    0,    0,    0,    0,    1,    0,    1,    0,    0,    0,    0,    0,    0,    0,    0,    0,    0,    0,    0,    0,    0,    0,    0,    0,    0,    0,    0,    0,    0,    0,
       0,    0,  -42,    0,    0,    0,    0,    0,    0,  -82,  -53,    0,  -53,    0,    0,    0,  -21,    0,    0,    0,    0,    0,    0,    0,    0,    0,    0,   -4,  -13,    0,    0,  -13,    0,  -43,    0,  -36,  -17,    0,  -45,    0,  -82,    0,    0,    0,    0,    0,    0,    0,    0,  -10,    0,  -32,    0,    0,    0,  -52,    0,  -45,  -29,  -53,  -38,  -82,    0,    0,  -37,  -53,    0,    0,    0,    0,    0,  -16,    0,    0,    0,    0,    0,    0,    0,    0,    0,  -32,    0,    0,    0,    0,    0,    0,    0,  -43,  -43,  -43,    0,    0,    0,    0,    0,    0,    0,    0,    0,  -13,    0,  -43,    0,    0,  -10,  -59,  -10,    0,  -45,  -66,  -40,  -41,    0,  -21,  -21,  -16,    0,  -72,    0,    0,    0,    0,    0,    0,    0,    0,    0,    0,    0,    0,
       0,    0,    0,    0,    0,    0,    0,    0,    7,    0,    0,    0,    0,    0,    0,    0,    0,    0,    0,    0,    0,    0,    0,    0,    0,    0,    0,    0,    0,    0,    0,    0,    0,    0,    0,    0,    0,    0,    0,    0,    0,    7,    0,    0,    0,    0,    0,    0,    0,    6,    0,    5,    0,    0,    0,    0,    0,    0,    0,    0,    0,    0,    0,    0,    0,    0,    0,    0,    0,    0,   16,    0,    0,    0,    0,    0,    0,    0,   31,    0,    0,    5,    0,   17,    0,   31,   31,    0,    0,    0,    0,    0,    0,    0,    0,   37,   31,    0,    0,    0,    0,    0,    0,    0,    0,    0,    6,    0,    6,    0,    0,    0,    0,    0,    0,    0,    0,    0,    0,    0,    0,    0,    0,    0,    0,    0,    0,    0,    0,    0,    0,    0,
       0,    0,  -42,    0,    0,    0,    0,    0,    0,  -79,  -48,    0,  -48,    0,    0,    0,  -21,    0,    0,    0,    0,    0,    0,    0,    0,    0,    0,   -4,  -13,    0,    0,  -13,    0,  -43,    0,  -36,  -17,    0,  -45,    0,  -61,    0,    0,    0,    0,    0,    0,    0,    0,  -10,    0,  -32,    0,    0,    0,  -47,    0,  -45,  -29,  -48,  -38,  -82,    0,    0,  -37,  -48,    0,    0,    0,    0,    0,  -16,    0,    0,    0,    0,    0,    0,    0,    0,    0,  -32,    0,    0,    0,    0,    0,    0,    0,  -43,  -43,  -43,    0,    0,    0,    0,    0,    0,    0,    0,    0,  -13,    0,  -43,    0,    0,  -10,  -59,  -10,    0,  -45,  -66,  -40,  -41,    0,  -21,  -21,  -16,    0,  -72,    0,    0,    0,    0,    0,    0,    0,    0,    0,    0,    0,    0,
       0,    0,    0,    0,    0,    0,    0,    0,    0,    0,    0,    0,    0,    0,    0,    0,    0,    0,    0,    0,    0,    0,    0,    0,    0,    0,    0,    0,    0,    0,    0,    0,    0,    0,    0,    0,    0,    0,  -16,    0,    0,    0,    0,    0,    0,    0,    0,    0,    0,    0,    0,    0,    0,    0,    0,    0,    0,    0,    0,    0,    0,    0,    0,    0,    0,    0,    0,    0,    0,    0,    0,    0,    0,    0,    0,    0,    0,    0,    0,    0,    0,    0,    0,    0,    0,    0,    0,    0,    0,    0,    0,    0,    0,    0,    0,    0,    0,    0,    0,    0,    0,    0,    0,    0,    0,    0,    0,    0,    0,    0,  -16,  -16,    0,    0,    0,    0,    0,    0,    0,    0,    0,    0,    0,    0,    0,    0,    0,    0,    0,    0,    0,    0,
       0,    0,    0,    0,    0,    0,    0,    0,    7,    0,    0,    0,    0,    0,    0,    0,    0,    0,    0,    0,    0,    0,    0,    0,    0,    0,    0,    0,    0,    0,    0,    0,    0,    0,    0,    0,    0,    0,    0,    0,    0,    7,    0,    0,    0,    0,    0,    0,    0,    6,    0,    5,    0,    0,    0,    0,    0,    0,    0,    0,    0,    0,    0,    0,    0,    0,    0,    0,    0,    0,   32,    0,    0,    0,    0,    0,    0,    0,   31,    0,    0,    5,    0,   16,    0,   31,   31,    0,    0,    0,    0,    0,    0,    0,    0,   19,   31,    0,    0,    0,    0,    0,    0,    0,    0,    0,    6,    0,    6,    0,    0,    0,    0,    0,    0,    0,    0,    0,    0,    0,    0,    0,    0,    0,    0,    0,    0,    0,    0,    0,    0,    0,
       0,    0,  -42,    0,    0,    0,    0,    0,    0,  -77,  -31,    0,  -55,    0,    0,    0,  -21,    0,    0,    0,    0,    0,    0,    0,    0,    0,    0,   -4,  -13,    0,    0,  -13,    0,  -43,    0,  -36,  -17,    0,  -66,    0,  -77,    0,    0,    0,    0,    0,    0,    0,    0,  -10,    0,  -32,    0,    0,    0,  -49,    0,  -45,  -29,  -92,  -38,  -77,    0,    0,  -37,  -60,    0,    0,    0,    0,    0,  -16,    0,    0,    0,    0,    0,    0,    0,    0,    0,  -32,    0,    0,    0,    0,    0,    0,    0,  -43,  -43,  -43,    0,    0,    0,    0,    0,    0,    0,    0,    0,  -13,    0,  -43,    0,    0,  -10,  -59,  -10,    0,  -66,  -66,  -40,  -56,    0,  -21,  -21,  -16,    0,  -56,    0,    0,    0,    0,    0,    0,    0,    0,    0,    0,    0,    0,
       0,    0,    0,    0,    0,    0,    0,    0,    7,    0,    0,    0,    0,    0,    0,    0,    0,    0,    0,    0,    0,    0,    0,    0,    0,    0,    0,    0,    0,    0,    0,    0,    0,    0,    0,    0,    0,    0,    0,    0,    0,    7,    0,    0,    0,    0,    0,    0,    0,   15,    0,    5,    0,    0,    0,    0,    0,    0,    0,    0,    0,    0,    0,    0,    0,    0,    0,    0,    0,    0,   32,    0,    0,    0,    0,    0,    0,    0,   31,    0,    0,    5,    0,   16,    0,   31,   31,    0,    0,    0,    0,    0,    0,    0,    0,   19,   31,    0,    0,    0,    0,    0,    0,    0,    0,    0,   15,    0,   15,    0,    0,    0,    0,    0,    0,    0,    0,    0,    0,    0,    0,    0,    0,    0,    0,    0,    0,    0,    0,    0,    0,    0,
       0,    0,    0,    0,   -3,    0,  -16,    0,    0,    0,  -45,  -16,  -45,  -16,  -61,  -16,    0,    0,    0,  -32,    0,  -37,    0,    0,  -16,  -37,  -16,    0,  -15,  -42,    0,  -15,  -42,    0,    0,    0,    0,    0,    3,    0,    0,  -26,  -38,  -41,   -1,    0,    0,  -28,  -36,  -43,  -65,  -31,  -31,  -40,  -43,  -45,    0,    0,  -61,  -45,    0,    0,    0,  -65,    0,  -45,    0,  -24,    0,    0,    0,  -16,  -56,  -56,  -65,    0,    0,    0,   42,  -65,  -65,  -47,  -38,    0,    0,   42,   42,    0,  -41,    0,    0,    0,  -65,    0,    0,   66,   42,  -62,  -62,    0,    0,  -15,    0,    0,    0,    0,  -43,  -27,  -43,  -36,    3,    3,    0,    0,  -56,    0,    0,  -16,  -55,    0,    0,    0,    0,    0,    0,    0,    0,  -27,    0,    0,    0,    0,
       0,    0,    0,    0,   -3,    0,  -16,    0,    0,    0,  -45,  -16,  -45,  -16,  -61,  -16,    0,    0,    0,  -32,    0,  -37,    0,    0,  -16,  -37,  -16,    0,  -15,  -42,    0,  -15,  -42,    0,    0,    0,    0,    0,    3,    0,    0,  -26,  -38,  -41,   -1,    0,    0,  -28,  -36,  -43,  -37,  -31,  -31,  -16,  -24,  -45,    0,    0,  -61,  -45,    0,    0,    0,  -85,    0,  -45,    0,  -24,    0,    0,    0,  -16,  -56,  -56,  -65,    0,    0,    0,   42,  -65,  -67,  -47,  -38,    0,    0,   42,   42,    0,  -41,    0,    0,    0,  -56,    0,    0,   66,   42,  -62,  -62,    0,    0,  -15,    0,    0,    0,    0,  -43,  -27,  -43,  -36,    3,    3,    0,    0,  -56,    0,    0,  -16,  -55,    0,    0,    0,    0,    0,    0,    0,    0,  -27,    0,    0,    0,    0,
       0,    0,    0,    0,   -3,    0,  -16,    0,    0,    0,  -27,  -16,  -27,  -16,  -61,  -16,    0,    0,    0,  -32,    0,  -37,    0,    0,  -16,  -37,  -16,    0,  -15,  -71,    0,  -15,  -98,    0,    0,    0,    0,    0,    3,    0,    0,  -26,  -38,  -41,   -1,    0,    0,  -28,  -36,  -43,  -37,  -31,  -31,  -16,  -24,  -27,    0,    0,  -61,  -27,    0,    0,    0,  -85,    0,  -64,    0,  -24,    0,    0,    0,  -16,  -56,  -56,  -65,    0,    0,    0,   42,  -65,  -67,  -47,  -38,    0,    0,   42,   42,    0,  -41,    0,    0,    0,  -56,    0,    0,   66,   42,  -62,  -62,    0,    0,  -15,    0,    0,    0,    0,  -43,  -27,  -43,  -36,    3,    3,    0,    0,  -56,    0,    0,  -16,  -55,    0,    0,    0,    0,    0,    0,    0,    0,  -43,    0,    0,    0,    0,
       0,    0,    0,    0,    0,    0,    0,    0,    0,    0,    0,    0,    0,    0,    0,    0,    0,    0,    0,    0,    0,    0,    0,    0,    0,    0,    0,    0,    0,    0,    0,    0,    0,    0,    0,    0,    0,    0,    0,    0,    0,    0,  -28,  -29,  -19,    0,    0,  -28,  -28,  -19,  -28,  -27,  -26,  -27,  -28,    0,    0,    0,    0,    0,    0,    0,    0,  -28,    0,    0,    0,    0,    0,    0,    0,    0,  -28,  -28,  -29,    0,    0,    0,    0,  -29,  -28,  -27,  -28,    0,    0,    0,    0,    0,  -29,    0,    0,    0,  -28,    0,    0,    0,    0,    0,    0,    0,    0,    0,    0,    0,    0,    0,  -19,    0,  -19,  -28,    0,    0,    0,    0,    0,    0,    0,    0,    0,    0,    0,    0,    0,    0,    0,    0,    0,    0,    0,    0,    0,    0,
       0,    0,    0,    0,    0,    0,    0,    0,    0,    0,    0,  -21,    0,  -21,    0,    0,    0,    0,    0,    0,    0,    0,    0,    0,    0,    0,    0,    0,    0,  -17,    0,    0,    0,    0,    0,    0,    0,    0,    0,    0,    0,    0,    0,    0,    0,    0,    0,    0,    0,    0,    0,    0,    0,    0,    0,    0,    0,    0,    0,    0,    0,    0,    0,    0,    0,    0,    0,    0,    0,    0,    0,    0,    0,    0,    0,    0,    0,    0,    0,    0,    0,    0,    0,    0,    0,    0,    0,    0,    0,    0,    0,    0,    0,    0,    0,    0,    0,    0,    0,    0,    0,    0,    0,    0,    0,    0,    0,    0,    0,    0,    0,    0,    0,    0,    0,    0,    0,    0,  -21,    0,    0,    0,    0,    0,    0,    0,    0,    0,    0,    0,    0,    0,
       0,    0,    0,    0,    0,    0,    0,    4,   11,    0,    0,  -21,    0,  -21,    0,    0,    0,    0,    0,    0,    0,    0,    0,    0,    0,    0,    0,    0,    0,    0,    0,    0,    0,    0,    0,    0,    0,    0,    0,    0,    0,    0,    0,    0,    0,    0,    0,    0,    0,    0,    0,    0,    0,    0,    0,    0,    0,    0,    0,    0,    0,    0,    0,    0,    0,    0,    0,    0,    0,    0,    0,    0,    0,    0,    0,    0,    0,    0,    0,    0,    0,    0,    0,    0,    0,    0,    0,    0,    0,    0,    0,    0,    0,    0,    0,    0,    0,    0,    0,    0,    0,    0,    0,    0,    0,    0,    0,    0,    0,    0,    0,    0,    0,    0,    0,    0,    0,    0,  -21,    0,    0,    0,    0,    0,    0,    0,    0,    0,    0,    0,    0,    0,
       0,    0,    0,    0,    0,    0,    0,    0,    0,    0,    0,    0,    0,    0,    0,    0,    0,    0,    0,    0,    0,    0,    0,    0,    0,    0,    0,    0,    0,    0,    0,    0,    0,   24,    0,    0,    0,    0,    0,    0,    0,    0,    0,    0,    0,    0,    0,    0,    0,    0,    0,    0,    0,    0,    0,    0,    0,    0,    0,    0,    0,    0,    0,    0,    0,    0,    0,    0,    0,    0,    0,    0,    0,    0,    0,    0,    0,    0,    0,    0,    0,    0,    0,    0,    0,    0,    0,    0,    0,   24,   24,   24,    0,    0,    0,    0,    0,    0,    0,    0,    0,    0,    0,   24,    0,    0,    0,    0,    0,    0,    0,    0,    0,    0,    0,    0,    0,    0,    0,    0,    0,    0,    0,    0,    0,    0,    0,    0,    0,    0,    0,    0,
       0,    0,    0,    0,    0,    0,    0,    0,    0,    0,    0,    0,    0,    0,    0,    0,    0,    0,    0,    0,    0,    0,    0,    0,    0,    0,    0,    0,    0,    0,    0,    0,    0,    0,    0,    0,    0,    0,    0,    0,    0,    0,    0,  -26,    0,    0,    0,    0,    0,   14,    0,    8,    0,    0,    0,    0,    0,    0,    0,    0,    0,    0,    0,    0,    0,    0,    0,    0,    0,    0,    0,    0,    0,    0,  -26,    0,    0,    0,    0,  -26,    0,    8,    0,    0,    0,    0,    0,    0,  -26,    0,    0,    0,    0,    0,    0,    0,    0,    0,    0,    0,    0,    0,    0,    0,    0,    0,   14,    0,   14,    0,    0,    0,    0,    0,    0,    0,    0,    0,    0,    0,    0,    0,    0,    0,    0,    0,    0,    0,    0,    0,    0,    0,
       0,    0,    0,    0,    0,    0,    0,    0,    0,    0,    0,    0,    0,    0,    0,    0,    0,    0,    0,    0,    0,    0,    0,    0,    0,    0,    0,    0,    0,    0,    0,    0,    0,  -34,    0,    0,    0,    0,    0,    0,    0,    0,    0,  -10,    0,    0,    0,    0,    0,    0,    0,    0,    0,    0,    0,    0,    0,    0,    0,    0,    0,    0,    0,    0,    0,    0,    0,    0,    0,    0,    0,    0,    0,    0,  -10,    0,    0,    0,    0,  -10,    0,    0,    0,    0,    0,    0,    0,    0,  -10,  -34,  -34,  -34,    0,    0,    0,    0,    0,    0,    0,    0,    0,    0,    0,  -34,    0,    0,    0,    0,    0,    0,    0,    0,    0,    0,    0,    0,    0,    0,    0,    0,    0,    0,    0,    0,    0,    0,    0,    0,    0,    0,    0,    0,
       0,    0,    0,    0,    0,    0,    0,    0,    2,    0,    0,    0,    0,    0,    0,    0,    0,    0,    0,    0,    0,    0,    0,    0,    0,    0,    0,    0,    0,    0,    0,    0,    0,    0,    0,    0,    0,    0,    0,    0,    0,    0,    0,    0,    0,    0,    0,    0,    0,    1,    0,    0,    0,    0,    0,    0,    2,    0,    0,    0,    0,    0,    0,    0,    0,    0,    0,    0,    0,    0,    0,    0,    0,    0,    0,    0,    0,    0,   48,    0,    0,    0,    0,    0,    0,   48,   48,    0,    0,    0,    0,    0,    0,    0,    0,   49,   48,    0,    0,    0,    0,    0,    0,    0,    0,    0,    1,    0,    1,    0,    0,    0,    0,    0,    0,    0,    0,    0,    0,    0,    0,    0,    0,    0,    0,    0,    0,    0,    0,    0,    0,    0,
       0,    0,  -11,    0,    0,    0,    0,    0,   -6,    0,    0,    0,    0,    0,    0,    0,  -16,    0,    0,    0,    0,    0,    0,    0,    0,    0,    0,    0,    0,  -15,    0,    0,    0,  -77,    0,  -30,  -24,  -13,  -54,    0,    0,    0,    4,    0,    0,    0,    0,    0,    0,    0,    0,   -8,   -6,  -10,  -10,    0,    0,  -16,    0,    0,   -5,    0,    0,    0,    0,    0,    0,    0,    0,    0,    0,    0,    4,    4,    0,    0,    0,    0,    0,    0,    0,   -8,    4,    0,    0,    0,    0,    0,    0,  -77,  -77,  -77,    0,    0,    0,   19,    0,    0,    0,  -13,    0,    0,    0,  -77,    0,    0,    0,   -6,    0,    0, -104,  -54,  -29,  -10,    0,    0,    0,    0,    0,  -10,    0,    0,    0,    0,    0,    0,    0,    0,    0,    0,    0,    0,
       0,    0,    0,    0,    0,    0,    0,    0,    0,    0,    0,    0,    0,    0,    0,    0,    0,    0,    0,    0,    0,    0,    0,    0,    0,    0,    0,    0,    0,    0,    0,    0,    0,    0,    0,    0,    0,    0,    0,    0,    0,    0,    0,    0,    0,    0,    0,    0,    0,    0,    0,    0,    0,    0,    0,    0,    0,    0,    0,    0,    0,    0,    0,    0,    0,    0,    0,    0,    0,    0,    0,    0,    0,    0,    0,    0,    0,    0,    0,    0,    0,    0,    0,    0,    0,    0,    0,    0,    0,    0,    0,    0,    0,    0,    0,   16,    0,    0,    0,    0,    0,    0,    0,    0,    0,    0,    0,    0,    0,    0,    0,    0,    0,    0,    0,    0,    0,    0,    0,    0,    0,    0,    0,    0,    0,    0,    0,    0,    0,    0,    0,    0,
       0,    0,    0,    0,    0,    0,    0,    0,    0,    0,  -17,    0,  -17,    0,  -16,    0,    0,    0,    0,    0,    0,    0,    0,    0,    0,  -18,    0,    0,    0,    0,    0,    0,    0,  -45,    0,    0,    0,    0,  -26,    0,    0,  -16,    0,    0,    0,    0,    0,    0,    0,    0,    0,    0,    0,    0,    0,  -17,    0,    0,    0,  -33,    0,    0,    0,    0,    0,  -17,    0,    0,    0,    0,    2,    0,    0,    0,    0,    0,    0,    0,    0,    0,    0,    0,    0,   10,    0,    0,    0,    0,    0,  -45,  -45,  -45,    0,    0,    0,    0,    0,    0,    0,    0,    0,    0,    0,  -45,    0,    0,    0,    0,    0,    0,  -26,  -26,  -18,    7,    0,    0,    0,    0,    0,    7,    0,    0,    0,    0,    0,    0,    0,  -13,    0,    0,    0,    0,
       0,    0,    0,    0,    0,    0,    0,    0,    0,    0,    0,    0,    0,    0,    0,    0,    0,    0,    0,    0,    0,    0,    0,    0,    0,    0,    0,    0,    0,    0,    0,    0,    0,    0,    0,    0,    0,    0,    0,    0,    0,    0,    0,    0,    0,    0,    0,    0,    0,    0,    0,    0,    0,    0,    0,    0,    0,    0,    0,    0,    0,    0,    0,    0,    0,    0,    0,    0,    0,    0,    0,    0,    0,    0,    0,    0,    0,    0,   19,    0,    0,    0,    0,    0,    0,   19,   19,    0,    0,    0,    0,    0,    0,    0,    0,   34,   19,    0,    0,    0,    0,    0,    0,    0,    0,    0,    0,    0,    0,    0,    0,    0,    0,    0,    0,    0,    0,    0,    0,    0,    0,    0,    0,    0,    0,    0,    0,    0,    0,    0,    0,    0,
       0,    0,    0,    0,    0,    0,    0,    0,    2,    0,    0,    0,    0,    0,    0,    0,    0,    0,    0,    0,    0,    0,    0,    0,    0,    0,    0,    0,    0,    0,    0,    0,    0,    0,    0,    0,    0,    0,    0,    0,    0,    0,    0,    0,    0,    0,    0,    0,    0,    1,    0,    0,    0,    0,    0,    0,    2,    0,    0,    0,    0,    0,    0,    0,    0,    0,    0,    0,    0,    0,    0,    0,    0,    0,    0,    0,    0,    0,   48,    0,    0,    0,    0,    0,    0,   48,   48,    0,    0,    0,    0,    0,    0,    0,    0,   40,   48,    0,    0,    0,    0,    0,    0,    0,    0,    0,    1,    0,    1,    0,    0,    0,    0,    0,    0,    0,    0,    0,    0,    0,    0,    0,    0,    0,    0,    0,    0,    0,    0,    0,    0,    0,
       0,    0,    0,    0,    0,    0,    0,    0,    0,    0,    0,    0,    0,    0,    0,    0,   21,    0,    0,    0,    0,   42,    0,    0,    0,    0,    0,    0,    0,    0,   31,    0,    0,   42,    0,   40,    0,    0,    0,   42,    0,    0,    0,    0,   18,   46,   50,    6,    0,   24,    0,    0,    0,    0,    0,    0,    0,    0,    0,    0,    0,    0,    0,    0,    0,    0,    0,    0,    0,   19,    0,    0,    0,    0,    0,   46,   46,   46,   77,    0,    0,    0,    0,    0,   31,   77,   77,   50,    0,   42,   42,   42,    0,   66,   46,   45,   95,    0,    0,    0,    0,    0,    0,   42,    0,    0,   24,    0,   24,    0,    0,    0,    0,    0,    0,    0,    0,    0,    0,    0,    0,    0,    0,    0,    0,    0,    0,    0,    0,    0,    0,    0,
       0,    0,    0,    0,    0,    0,    0,    0,    0,    0,    0,  -21,    0,  -21,    0,    0,    0,    0,    0,    0,    0,    0,    0,    0,    0,    0,    0,    0,    0,    0,    0,    0,    0,    0,    0,    0,    0,    0,    0,    0,    0,    0,    0,    0,    0,    0,    0,    0,    0,    0,    0,    0,    0,    0,    0,    0,    0,    0,    0,    0,    0,    0,    0,    0,    0,    0,    0,    0,    0,    0,    0,    0,    0,    0,    0,    0,    0,    0,    0,    0,    0,    0,    0,    0,    0,    0,    0,    0,    0,    0,    0,    0,    0,    0,    0,    0,    0,    0,    0,    0,    0,    0,    0,    0,    0,    0,    0,    0,    0,    0,    0,    0,    0,    0,    0,    0,    0,    0,  -21,    0,    0,    0,    0,    0,    0,    0,    0,    0,    0,    0,    0,    0,
       0,    0,    0,    0,    0,    0,    0,    0,    0,    0,    0,    0,    0,    0,    0,    0,    0,    0,    0,    0,    0,    0,    0,    0,    0,    0,    0,    0,    0,    0,    0,    0,    0,  -27,    0,    0,    0,    0,    0,    0,    0,   29,    0,    0,    0,    0,    0,    0,    0,    0,    0,    0,    0,    0,    0,    0,    0,    0,    0,    0,    0,    0,    0,    0,    0,    0,    0,    0,    0,    0,    0,    0,    0,    0,    0,    0,    0,    0,    0,    0,    0,    0,    0,    0,    0,    0,    0,    0,    0,  -27,  -27,  -27,    0,    0,    0,    0,    0,   10,   10,    0,    0,    0,    0,  -27,    0,    0,    0,    0,    0,    0,    0,    0,    0,    0,    0,    0,    0,    0,    0,    0,    0,    0,    0,    0,    0,    0,    0,    0,    0,    0,    0,    0,
       0,    0,    0,    0,   -7,    0,    0,    0,    0,    0,  -54,    0,  -54,    0,    0,  -18,    0,    0,  -10,  -18,    0,    0,  -10,    0,    0,  -24,  -24,    0,  -26,    0,    0,  -26,    0,  -14,    0,    0,    0,    0,    0,    0,    0,    0,  -26,  -13,    0,    0,    0,    0,    0,    0,    0,    0,    0,    0,    0,  -54,    0,    0,  -42,  -54,   -3,    0,    0,    0,    0,  -54,    0,    0,    0,    0,    0,  -21,  -26,  -26,  -13,    0,    0,    0,    0,  -13,    0,    0,  -26,    0,    0,    0,    0,    0,  -13,  -14,  -14,  -14,    0,    0,    0,   40,    0,    0,    0,    0,  -10,  -49,  -16,  -14,    0,    0,  -29,  -41,    0,    0,    0,    0,    0,    0,    0,    0,    0,  -21,    0,    0,    0,    0,    0,    0,    0,    0,    0,    0,    0,  -16,    0,    0,
       0,    0,    0,    0,    0,    0,    0,    0,    0,    0,    0,  -21,    0,  -21,  -18,    0,    0,    0,    0,    0,    0,    0,    0,    0,    0,    0,    0,    0,    0,  -19,    0,    0,    0,  -15,    0,  -19,  -12,  -26,  -21,    0,    0,  -18,    0,    0,    0,    0,    0,    0,    0,    0,    0,    0,    0,    0,    0,    0,    0,    0,    0,    0,   -3,    0,    0,    0,    0,    0,    0,    0,    0,    0,    0,    0,    0,    0,    0,    0,    0,    0,    0,    0,    0,    0,    0,    0,    0,    0,    0,    0,    0,  -15,  -15,  -15,    0,    0,    0,   11,    0,    0,    0,  -49,    0,    0,    0,  -31,    0,    0,    0,    0,    0,    0,  -21,  -21,  -16,    0,  -42,    0,    0,    0,  -21,    0,    0,    0,    0,    0,    0,    0,  -18,  -47,    0,    0,    0,    0,
       0,    0,    0,    0,    0,    0,    0,    0,    0,    0,    0,  -21,    0,  -21,    0,    0,    0,    0,    0,    0,    0,    0,    0,    0,    0,    0,    0,    0,    0,    0,    0,    0,    0,    0,    0,    0,    0,    0,    0,    0,    0,  -18,    0,    0,    0,    0,    0,    0,    0,    0,    0,    0,    0,    0,    0,    0,    0,    0,    0,    0,    0,    0,    0,    0,    0,    0,    0,    0,    0,    0,    0,    0,    0,    0,    0,    0,    0,    0,    0,    0,    0,    0,    0,    0,    0,    0,    0,    0,    0,    0,    0,    0,    0,    0,    0,    0,    0,    0,    0,    0,    0,    0,    0,    0,    0,    0,    0,    0,    0,    0,    0,    0,    0,    0,  -16,    0,    0,    0,  -21,    0,    0,    0,    0,    0,    0,    0,    0,    0,    0,    0,    0,    0,
       0,    0,  -15,    0,    0,    0,    0,    0,    0,  -15,  -15,    9,  -15,    9,    0,   -9,    0,    0,    0,   -6,    0,    0,   -5,   -1,    0,    0,    0,    0,    0,    0,    0,    0,    0,    0,    0,    0,    0,    0,    0,    0,  -15,    0,    0,   -9,  -15,    0,    0,    0,    0,  -15,    0,  -13,  -15,    0,    0,  -15,    0,    0,    0,  -15,    0,  -15,    0,    0,  -15,  -15,    0,    0,    0,    0,    0,    0,    0,    0,   -9,    0,    0,    0,    0,   -9,    0,  -13,    0,    0,    0,    0,    0,    0,   -9,    0,    0,    0,    0,    0,    0,    0,    0,    0,    0,    0,    0,    0,    0,    0,    0,    0,  -15,  -20,  -15,    0,    0,    0,    0,  -15,    0,    0,    0,    0,    9,  -15,    0,    0,    0,    0,    0,    0,    0,    0,    0,    0,    0,    0,
       0,    0,    0,    0,    0,    0,    0,    0,    0,    0,  -15,  -59,  -15,  -59,  -14,    0,    0,    0,    0,    0,    0,    0,    0,    0,    0,  -17,    0,    0,    0,  -18,    6,    0,  -26,  -26,    0,    0,    0,    0,    0,  -16,    0,    0,   -6,   -9,    9,    2,    6,    3,    0,    9,    0,    7,    5,    7,    0,  -15,    0,    0,    0,  -29,    0,    0,    0,    0,    0,  -15,    0,    0,    0,    0,    0,    0,   -6,   -6,   -9,    2,    2,    2,    6,   -9,    0,    7,   -6,    0,    6,    6,    6,    6,   -9,  -26,  -26,  -26,    0,    6,    2,   17,    6,    0,    0,    0,    0,    0,    0,  -26,  -11,  -11,    9,    0,    9,    0,    0,    0,  -18,    8,  -71,    0,    0,    0,  -59,    8,    0,    0,    0,    0,    0,    0,    0,  -11,    0,    0,    0,    0,
       0,    0,    0,    0,    0,    0,    0,    0,  -13,    0,    0,    0,    0,    0,    0,    0,    0,    0,    0,    0,    0,    0,    0,    0,    0,    0,    0,    0,    0,    0,    0,    0,    0,  -50,    0,  -50,    0,  -13,  -80,    0,    0,    0,    0,    0,    0,    0,    0,    0,    0,  -15,    0,  -17,  -13,   -8,    0,    0,    0,  -23,    0,    0,    0,    0,    0,    0,    0,    0,    0,    0,    0,    0,    0,    0,    0,    0,    0,    0,    0,    0,    0,    0,    0,  -17,    0,    0,    0,    0,    0,    0,    0,  -50,  -50,  -50,    0,    0,    0,    0,    0,    0,    0,  -13,    0,    0,    0,  -50,    0,    0,  -15,    0,  -55,    0,  -80,  -80,  -33,    0,    0,    0,    0,    0,    0,    0,    0,    0,    0,    0,    0,    0,    0,    0,    0,    0,    0,    0,
       0,    0,    0,    0,    0,    0,  -29,    0,    0,    0,  -30,  -30,  -30,  -30,    0,    0,    0,    0,    0,  -32,    0,    0,    0,    0,  -29,  -48,  -45,    0,  -21,  -40,    0,  -21,  -16,    3,    0,    0,    0,    0,    0,    0,    0,    0,  -49, -102,    0,  -10,    0,  -22,  -32,    0,  -18,    0,    0,    0,    0,  -30,    0,    0,  -42,  -54,   -4,    0,    0,  -18,    0,  -54,    0,  -29,    0,    0,    0,  -40,  -80,  -72, -102,  -10,  -26,  -10,    0, -102,  -18,    0,  -93,    0,    0,    0,    0,    0, -102,    3,    3,    3,  -18,    0,  -10,   40,    0,    0,    0,    0,    0,  -21,    0,    3,    0,    0,    0,  -27,    0,  -32,    0,    0,    0,    0,  -50,    0,    0,  -18,  -75,    0,    0,    0,    0,    0,    0,    0,  -81,  -88,    0,    0,    0,  -16,
       0,    0,    0,    0,    0,    0,    0,    0,    2,    0,    0,    0,    0,    0,    0,    0,    0,    0,    0,    0,    0,    0,    0,    0,    0,    0,    0,    0,    0,    0,    0,    0,    0,    0,    0,    0,    0,    0,    0,    0,    0,    0,    0,    0,    0,    0,    0,    0,    0,    1,    0,    0,    0,    0,    0,    0,    2,    0,    0,    0,    0,    0,    0,    0,    0,    0,    0,    0,    0,    0,    0,    0,    0,    0,    0,    0,    0,    0,   30,    0,    0,    0,    0,    0,    0,   46,   30,    0,    0,    0,    0,    0,    0,    0,    0,   35,   46,    0,    0,    0,    0,    0,    0,    0,    0,    0,    1,    0,    1,    0,    0,    0,    0,    0,    0,    0,    0,    0,    0,    0,    0,    0,    0,    0,    0,    0,    0,    0,    0,    0,    0,    0,
       0,    0,  -11,    0,    0,    0,    0,    0,   -6,    0,    0,    0,    0,    0,    0,    0,  -16,    0,    0,    0,    0,    0,    0,    0,    0,    0,    0,    0,    0,  -15,    0,    0,    0,  -41,    0,  -30,  -24,  -13,  -54,    0,    0,    0,    4,    0,    0,    0,    0,    0,    0,    0,    0,   -8,   -6,  -10,  -10,    0,    0,  -16,    0,    0,   -5,    0,    0,    0,    0,    0,    0,    0,    0,    0,    0,    0,    4,    4,    0,    0,    0,    0,    0,    0,    0,   -8,    4,    0,    0,    0,    0,    0,    0,  -41,  -41,  -41,    0,    0,    0,   38,    0,    0,    0,  -13,    0,    0,    0,  -41,    0,    0,    0,   -6,    0,    0, -104,  -54,  -29,  -10,    0,    0,    0,    0,    0,  -10,    0,    0,    0,    0,    0,    0,    0,    0,    0,    0,    0,    0,
       0,    0,    0,    0,    0,    0,    0,    0,    0,    0,    0,  -16,    0,  -16,    0,    0,    0,    0,    0,    0,    0,    0,    0,    0,    0,    0,    0,    0,    0,    0,    0,    0,    0,    0,    0,    0,    0,    0,    0,    0,    0,    0,    0,    0,    0,    0,    0,    0,    0,    0,    0,    0,    0,    0,    0,    0,    0,    0,    0,    0,    0,    0,    0,    0,    0,    0,    0,    0,    0,    0,    0,    0,    0,    0,    0,    0,    0,    0,    0,    0,    0,    0,    0,    0,    0,    0,    0,    0,    0,    0,    0,    0,    0,    0,    0,   18,    0,    0,    0,    0,    0,    0,    0,    0,    0,    0,    0,    0,    0,    0,    0,    0,    0,    0,    0,    0,    0,    0,  -16,    0,    0,    0,    0,    0,    0,    0,    0,    0,    0,    0,    0,    0,
       0,    0,    0,    0,    0,    0,  -29,    0,    0,    0,  -30,  -46,  -30,  -46,    0,    0,    0,    0,    0,  -32,    0,    0,    0,    0,  -29,  -48,  -45,    0,  -21,  -40,    0,  -21,  -16,    3,    0,    0,    0,    0,    0,    0,    0,    0,  -49,  -52,    0,  -10,    0,  -22,  -32,    0,  -18,    0,    0,    0,    0,  -30,    0,    0,  -42,  -54,   -4,    0,    0,  -18,    0,  -54,    0,  -29,    0,    0,    0,  -40,  -80,  -72,  -52,  -10,  -26,  -10,    0,  -52,  -18,    0,  -93,    0,    0,    0,    0,    0,  -79,    3,    3,    3,  -18,    0,  -10,   40,    0,    0,    0,    0,    0,  -21,    0,    3,    0,    0,    0,  -27,    0,  -32,    0,    0,    0,    0,  -50,    0,    0,  -18,  -46,    0,    0,    0,    0,    0,    0,    0,  -81,  -88,    0,    0,    0,  -16,
       0,    0,    0,    0,    0,    0,  -29,    0,    0,    0,    0,  -50,    0,  -50,  -45,    0,    0,    0,    0,  -29,    0,    0,    0,    0,    0,    0,    0,    0,    0,  -45,    0,    0,  -69,    0,    0,    0,    0,    0,    0,    0,    0,    0,    0,  -19,    0,    0,    0,    0,  -10,    0,    0,    0,    0,    0,    0,    0,    0,    0,    0,    0,    0,    0,    0,    0,    0,    0,    0,    0,  -29,    0,    0,    0,    0,    0,  -19,    0,    0,    0,    0,  -19,    0,    0,    0,    0,    0,    0,    0,    0,  -19,    0,    0,    0,    0,    0,    0,    0,    0,  -29,  -53,    0,    0,    0,    0,    0,  -66,  -40,    0,    0,    0,  -10,    0,    0,    0,    0,  -45,    0,    0,    0,  -50,    0,    0,    0,    0,    0,    0,    0,    0,    0,    0,    0,    0,    0,
       0,    0,    0,  -58,    0,    0,  -32,    0,    0,    0,  -25,  -60,  -25,  -60,  -66,  -21,    0,    0,    0,  -45,    0,  -29,  -18,    0,  -26,  -45,  -26,    0,  -26,  -64,    0,  -26,  -58,    0,    0,    0,    0,    0,    0,    0,    0,  -18,  -26,  -29,    0,    0,    0,  -13,  -32,    4,  -18,    5,    0,    0,    0,  -46,    0,    0,  -40,  -25,    0,    0,    0,  -40,   -5,  -25,    0,    0,  -32,    0,    0,    0,  -26,  -26,  -29,    0,    0,    0,    0,  -29,  -18,    5,  -26,    0,    0,    0,    0,    0,  -29,    0,    0,    0,  -18,    0,    0,    0,    0,  -24,  -42,    0,    0,  -26,    0,    0,  -56,  -29,    4,    0,    4,  -48,    0,    0,    0,    0,    0,    0,    0,    0,  -60,    0,    0,    0,    0,    0,    0,    0,    0,    0,    0,    0,    0,    0,
       0,    0,    0,    0,    0,    0,    0,    0,    0,    0,    0,    0,    0,    0,    0,    0,  -32,    0,    0,    0,    0,    0,    0,    0,    0,    0,    0,    0,    0,    0,    0,    0,    0,  -45,    0,  -42,  -29,    0,  -50,    0,    0,    0,  -16,    0,    0,    0,    0,    0,    0,    0,    0,  -24,    0,    0,    0,    0,    0,    0,    0,    0,    0,    0,    0,    0,    0,    0,    0,    0,    0,    0,    0,    0,  -16,  -16,    0,    0,    0,    0,    0,    0,    0,  -24,  -16,    0,    0,    0,    0,    0,    0,  -45,  -45,  -45,    0,    0,    0,    0,    0,   24,   24,    0,    0,    0,  -29,  -69,   29,   29,  -24,    0,    0,    0,  -50,  -50,  -58,  -45,    0,    0,    0,    0,    0,  -45,    0,    0,    0,    0,    0,    0,    0,    0,    0,    0,    0,    0,
       0,    0,    0,    0,    0,    0,    0,    0,    0,    0,    0,    0,    0,    0,    0,    0,    0,    0,    0,    0,    0,    0,    0,    0,    0,    0,    0,    0,    0,  -16,    0,    0,    0,  -16,    0,  -18,    0,  -21,  -21,    0,    0,    0,    0,    0,    0,    0,    0,    0,    0,    0,    0,    0,    0,    0,    0,    0,    0,    0,    0,    0,    0,    0,    0,    0,    0,    0,    0,    0,    0,    0,    0,    0,    0,    0,    0,    0,    0,    0,    0,    0,    0,    0,    0,    0,    0,    0,    0,    0,    0,  -16,  -16,  -16,    0,    0,    0,    0,    0,    0,    0,  -21,    0,    0,    0,  -50,    0,    0,    0,    0,    0,    0,  -21,  -21,    0,    0,    0,    0,    0,    0,    0,    0,    0,    0,    0,    0,    0,    0,    0,    0,    0,    0,  -16,    0,
     -14,   -6,  -46,    0,    0,    0,    0,    0,    0,    0,    0,    0,    0,    0,    0,  -14,  -44,    0,  -10,    0,   -3,  -12,  -11,   -6,    0,    0,    0,  -47,  -21,    0,    0,  -21,    0,  -16,    0,    0,    0,    0,  -30,    0,    0,    0,    0,    0,    0,    0,    0,    0,    0,    0,    0,    0,    0,    0,    0,    0,    0,    0,    0,    0,    0,    0,    0,    0,  -28,    0,    0,    0,    0,    0,    0,    0,    0,    0,    0,    0,    0,    0,    0,    0,    0,    0,    0,    0,    0,    0,    0,    0,    0,  -16,  -16,  -16,    0,    0,    0,    0,    0,    0,    0,    0,  -10,  -21,    0,  -16,    0,    0,    0,  -19,    0,    0,  -30,  -46,    0,  -44,    0,  -64,  -85,    0,    0,  -44,    0,    0,    0,    0,    0,    0,    0,    0,    0,    0,    0,    0,
       0,    0,    0,    0,    0,    0,    0,    0,    0,    0,    0,    0,    0,    0,    0,    0,    0,    0,    0,    0,    0,    0,    0,    0,    0,    0,    0,    0,    0,    0,    0,    0,    0,    0,    0,    0,    0,    0,    0,    0,    0,    0,    0,    0,    0,    0,    0,    0,    0,    0,    0,    0,    0,    0,    0,    0,    0,    0,    0,    0,    0,    0,    0,    0,    0,    0,    0,    0,    0,    0,    0,    0,    0,    0,    0,    0,    0,    0,    0,    0,    0,    0,    0,    0,    0,    0,    0,    0,    0,    0,    0,    0,    0,    0,    0,    0,    0,    0,    0,    0,    0,    0,    0,    0,    0,    0,    0,    0,    0,    0,    0,    0,    0,    0,    0,    0,    0,    0,    0,    0,    0,    0,    0,    0,   10,    0,    0,    0,    0,    0,    0,    0,
       0,    0,    0,    0,    0,    0,    0,    0,    0,    0,    0,    0,    0,    0,    0,    0,    0,    0,    0,    0,    0,    0,    0,    0,    0,    0,    0,    0,    0,    0,    0,    0,    0,    0,    0,    0,    0,    0,    0,    0,    0,    0,    0,    0,    0,    0,    0,    0,    0,    0,    0,    0,    0,    0,    0,    0,    0,    0,    0,    0,    0,    0,    0,    0,    0,    0,   -3,    0,    0,    0,    0,    0,    0,    0,    0,    0,    0,    0,    0,    0,    0,    0,    0,    0,    0,    0,    0,    0,    0,    0,    0,    0,    0,    0,    0,    0,    0,    0,    0,    0,    0,    0,    0,    0,    0,    0,    0,    0,    0,    0,    0,    0,    0,    0,    0,    0,    0,    0,    0,    0,    0,    0,   -7,    0,    0,    0,    0,    0,    0,    0,    0,    0,
       0,    0,    0,    0,    0,    0,    0,    0,    0,    0,    0,    0,    0,    0,    0,    0,    0,    0,    0,    0,    0,    0,    0,    0,    0,    0,    0,    0,    0,    0,    0,    0,    0,    0,    0,    0,    0,    0,    0,    0,    0,    0,    0,    0,    0,    0,    0,    0,    0,    0,    0,    0,    0,    0,    0,    0,    0,    0,    0,    0,    0,    0,    0,    0,    0,    0,    0,    0,    0,    0,    0,    0,    0,    0,    0,    0,    0,    0,    0,    0,    0,    0,    0,    0,    0,    0,    0,    0,    0,    0,    0,    0,    0,    0,    0,    0,    0,    0,    0,    0,    0,    0,    0,    0,    0,    0,    0,    0,    0,    0,    0,    0,    0,    0,    0,    0,    0,    0,    0,    0,    0,  -24,    6,   -3,    0,  -15,    0,    0,    0,    0,    0,    0,
       0,    0,    0,    0,    0,    0,    0,    0,    0,    0,    0,    0,    0,    0,    0,    0,    0,    0,    0,    0,    0,    0,    0,    0,    0,    0,    0,    0,    0,    0,    0,    0,    0,    0,    0,    0,    0,    0,    0,    0,    0,    0,    0,    0,    0,    0,    0,    0,    0,    0,    0,    0,    0,    0,    0,    0,    0,    0,    0,    0,    0,    0,   -7,    0,    0,    0,    0,    0,    0,    0,    0,    0,    0,    0,    0,    0,    0,    0,    0,    0,    0,    0,    0,    0,    0,    0,    0,    0,    0,    0,    0,    0,    0,    0,    0,    0,    0,    0,    0,    0,    0,    0,    0,    0,    0,    0,    0,    0,    0,    0,    0,    0,    0,    0,    0,    0,    0,    0,    0,    0,    0,    0,   -9,    0,    0,    0,    0,    0,    0,    0,    0,    0,
       0,    0,    0,    0,    0,    0,    0,    0,    0,    0,    0,    0,    0,    0,    0,    0,    0,    0,    0,    0,    0,    0,    0,    0,    0,    0,    0,    0,    0,    0,    0,    0,    0,    0,    0,    0,    0,    0,    0,    0,    0,    0,    0,    0,    0,    0,    0,    0,    0,    0,    0,    0,    0,    0,    0,    0,    0,    0,    0,    0,    0,    0,    0,    0,    0,    0,    0,    0,    0,    0,    0,    0,    0,    0,    0,    0,    0,    0,    0,    0,    0,    0,    0,    0,    0,    0,    0,    0,    0,    0,    0,    0,    0,    0,    0,    0,    0,    0,    0,    0,    0,    0,    0,    0,    0,    0,    0,    0,    0,    0,    0,    0,    0,    0,    0,    0,    0,    0,    0,    0,    0,    0,    0,    0,    0,    4,    0,    0,    0,    0,    0,    0,
       0,    0,    0,    0,    0,    0,    0,    0,    0,    0,    0,    0,    0,    0,    0,    0,  -20,    0,    0,    0,    0,    0,    0,    0,    0,    0,    0,    0,  -18,    0,    0,  -18,    0,  -27,    0,  -66,  -47,    0,  -81,    0,    0,    0,    0,    0,    0,    0,    3,    0,    0,    0,    0,  -11,    0,    0,    0,    0,    0,    0,    0,    0,    0,    0,    0,    0,    0,    0,    0,    0,    0,    0,    0,    0,    0,    0,    0,    0,    0,    0,    0,    0,    0,  -11,    0,    0,    0,    0,    0,    3,    0,  -27,  -27,  -43,    0,    0,    0,    0,    0,    0,    0,    0,    0,  -18,   -8,  -34,    0,    0,    0,    0,    0,    0,  -81,  -81,    0,    0,    0,    0,    0,    0,    0,    0,    0,    0,    0,    0,    0,    0,    0,  -13,   -7,    0,    0,    0,
       0,    0,    0,    0,    0,    0,    0,    0,    0,    0,    0,    0,    0,    0,    0,    0,    0,    0,    0,    0,    0,    0,    0,    0,    0,    0,    0,    0,    0,    0,    0,    0,    0,    0,    0,    0,    0,    0,    0,    0,    0,    0,    0,    0,    0,    0,    0,    0,    0,    0,    0,    0,    0,    0,    0,    0,    0,    0,    0,    0,    0,    0,    0,    0,    0,    0,    0,    0,    0,    0,    0,    0,    0,    0,    0,    0,    0,    0,    0,    0,    0,    0,    0,    0,    0,    0,    0,    0,    0,    0,    0,    0,    0,    0,    0,    0,    0,    0,    0,    0,    0,    0,    0,    0,    0,    0,    0,    0,    0,    0,    0,    0,    0,    0,    0,    0,    0,    0,    0,    0,    0,    0,    0,    0,    0,    0,   -7,    0,    0,    0,    0,    0,
       0,    0,    0,    0,    0,    0,    0,    0,    0,    0,    0,    0,    0,    0,    0,    0,    0,    0,    0,    0,    0,    0,    0,    0,    0,    0,    0,    0,    0,    0,    0,    0,    0,    0,    0,    0,    0,    0,    0,    0,    0,    0,    0,    0,    0,    0,    0,    0,    0,    0,    0,    0,    0,    0,    0,    0,    0,    0,    0,    0,    0,    0,    0,    0,    0,    0,    0,    0,    0,    0,    0,    0,    0,    0,    0,    0,    0,    0,    0,    0,    0,    0,    0,    0,    0,    0,    0,    0,    0,    0,    0,    0,    0,    0,    0,    0,    0,    0,    0,    0,    0,    0,    0,    0,    0,    0,    0,    0,    0,    0,    0,    0,    0,    0,    0,    0,    0,    0,    0,    0,    0,    0,    0,    0,    0,    0,    0,  -19,    0,    0,    0,    0,
       0,    0,    0,    0,    0,    0,    0,    0,    0,    0,    0,    0,    0,    0,    0,    0,    0,    0,    0,    0,    0,    0,    0,    0,    0,    0,    0,    0,    0,    0,    0,    0,    0,    0,    0,    0,    0,    0,    0,    0,    0,    0,    0,    0,    0,    0,    0,    0,    0,    0,    0,    0,    0,    0,    0,    0,    0,    0,    0,    0,    0,    0,    0,    0,    0,    0,    0,    0,    0,    0,    0,    0,    0,    0,    0,    0,    0,    0,    0,    0,    0,    0,    0,    0,    0,    0,    0,    0,    0,    0,    0,    0,    0,    0,    0,   18,    0,    0,    0,    0,    0,    0,    0,    0,    0,    0,    0,    0,    0,    0,    0,    0,    0,    0,    0,    0,    0,    0,    0,    0,    0,    0,    0,    0,    0,    0,    0,    0,    0,    0,    0,    0,
       0,    0,    0,    0,    0,    0,    0,    0,    0,    0,    0,    0,    0,    0,    0,   -4,    0,    0,    0,    0,    0,    0,    0,    0,    0,    0,    0,    0,    0,    0,    0,    0,    0,    0,    0,    0,    0,    0,    0,    0,    0,    0,    0,    0,    0,    0,    0,    0,    0,    0,    0,    0,    0,    0,    0,    0,    0,    0,    0,    0,    0,    0,    0,    0,    0,    0,    0,    0,    0,    0,    0,    0,    0,    0,    0,    0,    0,    0,    0,    0,    0,    0,    0,    0,    0,    0,    0,    0,    0,    0,    0,    0,    0,    0,    0,    0,    0,    0,    0,    0,    0,    0,    0,    0,    0,    0,    0,    0,    0,    0,    0,    0,    0,    0,    0,    0,    0,    0,    0,    0,    0,    0,    0,    0,    0,    0,    0,    0,    0,    0,    0,    0,
       0,    0,    0,    0,    0,    0,    0,    0,    0,    0,    0,  -32,    0,  -32,  -18,    0,    0,    0,    0,    0,    0,    0,    0,    0,    0,    0,    0,    0,    0,    0,    0,    0,    0,    0,    0,    0,    0,    0,    0,    0,    0,  -24,    0,    0,    0,    0,    0,    0,    0,    0,    0,    0,    0,    0,    0,    0,    0,    0,    0,    0,    0,    0,    0,    0,    0,    0,    0,    0,    0,    0,    0,    0,    0,    0,    0,    0,    0,    0,    0,    0,    0,    0,    0,    0,    0,    0,    0,    0,    0,    0,    0,    0,    0,    0,    0,    0,    0,    0,    0,    0,    0,    0,    0,    0,    0,    0,    0,    0,    0,    0,    0,    0,    0,    0,    0,    0,    0,    0,  -32,    0,    0,    0,    0,    0,    0,    0,    0,    0,    0,    0,    0,    0,
};

static constexpr EpdFontData inter_14_bold = {
    inter_14_boldBitmaps,
    inter_14_boldGlyphs,
    inter_14_boldIntervals,
    62,
    35,
    29,
    -8,
    false,
    nullptr,
    0,
    nullptr,
    inter_14_boldKernLeftClasses,
    inter_14_boldKernRightClasses,
    inter_14_boldKernMatrix,
    753,
    751,
    139,
    132,
    nullptr,
    0,
};
