/**
 * generated by fontconvert.py
 * name: inter_14_regular
 * size: 14
 * mode: 1-bit
 * Command used: lib/EpdFont/scripts/fontconvert.py inter_14_regular 14 lib/EpdFont/builtinFonts/source/Inter/Inter-Regular.ttf --pnum
 */
#pragma once
#include "EpdFontData.h"

static const uint8_t inter_14_regularBitmaps[44022] = {
    0x6F, 0xFF, 0xFF, 0xFF, 0xFF, 0xFF, 0xFF, 0xFE, 0x00, 0x6F, 0xFF, 0x00, 0x63, 0x3B, 0xDD, 0xEE,
    0xF7, 0x7B, 0xB9, 0xDC, 0xEE, 0x73, 0x00, 0x03, 0x03, 0x00, 0xC1, 0xC0, 0x70, 0x70, 0x1C, 0x1C,
    0x07, 0x06, 0x01, 0xC3, 0x83, 0xFF, 0xFD, 0xFF, 0xFF, 0x7F, 0xFF, 0xC3, 0x83, 0x80, 0xE0, 0xC0,
    0x38, 0x70, 0x0E, 0x1C, 0x03, 0x87, 0x0F, 0xFF, 0xFB, 0xFF, 0xFE, 0x7F, 0xFF, 0x07, 0x0E, 0x01,
    0xC3, 0x80, 0x70, 0xE0, 0x38, 0x38, 0x0E, 0x0E, 0x00, 0x01, 0x80, 0x01, 0xC0, 0x01, 0xC0, 0x03,
    0xE0, 0x1F, 0xF8, 0x3F, 0xFC, 0x3D, 0xFE, 0x79, 0xCF, 0x71, 0xCF, 0x71, 0xC7, 0x71, 0xC0, 0x7D,
    0xC0, 0x3F, 0xC0, 0x1F, 0xF0, 0x0F, 0xFC, 0x01, 0xFE, 0x01, 0xFF, 0x01, 0xCF, 0x01, 0xC7, 0xF1,
    0xC7, 0xF1, 0xC7, 0x79, 0xCF, 0x7F, 0xFE, 0x3F, 0xFE, 0x1F, 0xF8, 0x03, 0xE0, 0x01, 0xC0, 0x01,
    0xC0, 0x00, 0x80, 0x1E, 0x00, 0x30, 0x7F, 0x00, 0xE1, 0xFE, 0x03, 0xC3, 0x8E, 0x07, 0x07, 0x1C,
    0x1C, 0x0E, 0x38, 0x78, 0x1C, 0x70, 0xE0, 0x39, 0xC3, 0x80, 0x7F, 0x8E, 0x00, 0x7E, 0x3C, 0x00,
    0x30, 0x70, 0x00, 0x01, 0xC0, 0x00, 0x07, 0x87, 0x00, 0x0E, 0x3F, 0x80, 0x38, 0x7F, 0x80, 0xF1,
    0xC7, 0x01, 0xC3, 0x8E, 0x07, 0x07, 0x1C, 0x1E, 0x0E, 0x38, 0x38, 0x1C, 0x70, 0xE0, 0x1F, 0xE3,
    0xC0, 0x3F, 0x80, 0x00, 0x1C, 0x00, 0x07, 0x80, 0x07, 0xF8, 0x01, 0xFF, 0x00, 0xF1, 0xE0, 0x38,
    0x78, 0x0E, 0x1E, 0x03, 0x87, 0x80, 0xF3, 0xC0, 0x1F, 0xF0, 0x07, 0xF8, 0x00, 0xF8, 0x00, 0x7E,
    0x00, 0x3F, 0xC7, 0x1E, 0x79, 0xCF, 0x1E, 0x73, 0xC3, 0xDC, 0xE0, 0x7F, 0x3C, 0x0F, 0x8F, 0x03,
    0xE1, 0xF3, 0xFC, 0x3F, 0xFF, 0x07, 0xFD, 0xE0, 0x78, 0x00, 0x67, 0x77, 0x77, 0x77, 0x70, 0x0E,
    0x1C, 0x70, 0xE3, 0xC7, 0x0E, 0x3C, 0x78, 0xE1, 0xC3, 0x87, 0x0E, 0x1C, 0x38, 0x70, 0xE1, 0xC3,
    0x87, 0x87, 0x0E, 0x1E, 0x1C, 0x3C, 0x38, 0x00, 0xE1, 0xE1, 0xC3, 0xC3, 0x87, 0x0F, 0x1E, 0x1C,
    0x38, 0x70, 0xF1, 0xE3, 0xC7, 0x8F, 0x1E, 0x38, 0x70, 0xE3, 0xC7, 0x8E, 0x3C, 0x70, 0xE3, 0x80,
    0x00, 0x06, 0x00, 0x70, 0x07, 0x06, 0x67, 0xFF, 0xF7, 0xFE, 0x1F, 0x83, 0xFC, 0x7F, 0xFF, 0x6F,
    0x47, 0x20, 0x70, 0x07, 0x00, 0x01, 0x00, 0x07, 0x00, 0x0E, 0x00, 0x1C, 0x00, 0x38, 0x00, 0x70,
    0x3F, 0xFF, 0xFF, 0xFF, 0xFF, 0xFE, 0x07, 0x00, 0x0E, 0x00, 0x1C, 0x00, 0x38, 0x00, 0x70, 0x00,
    0xE0, 0x00, 0x3B, 0xDE, 0xE7, 0x39, 0x9C, 0xE0, 0x7F, 0xCF, 0xFD, 0xFF, 0xBF, 0xE0, 0x6F, 0xFF,
    0x00, 0x01, 0xC0, 0x70, 0x1C, 0x0E, 0x03, 0x80, 0xE0, 0x78, 0x1C, 0x07, 0x01, 0xC0, 0xE0, 0x38,
    0x0E, 0x03, 0x81, 0xC0, 0x70, 0x1C, 0x07, 0x03, 0x80, 0xE0, 0x38, 0x1E, 0x07, 0x01, 0xC0, 0x70,
    0x38, 0x06, 0x00, 0x03, 0xC0, 0x0F, 0xF0, 0x1F, 0xF8, 0x3E, 0x3C, 0x38, 0x1E, 0x78, 0x0E, 0x70,
    0x0E, 0x70, 0x0F, 0xF0, 0x07, 0xF0, 0x07, 0xF0, 0x07, 0xF0, 0x07, 0xF0, 0x07, 0xF0, 0x07, 0xF0,
    0x0F, 0x70, 0x0F, 0x70, 0x0E, 0x78, 0x1E, 0x3C, 0x1E, 0x3E, 0x7C, 0x1F, 0xF8, 0x0F, 0xF0, 0x01,
    0xC0, 0x07, 0x0F, 0x8F, 0xCF, 0xEF, 0x77, 0x3B, 0x1C, 0x0E, 0x07, 0x03, 0x81, 0xC0, 0xE0, 0x70,
    0x38, 0x1C, 0x0E, 0x07, 0x03, 0x81, 0xC0, 0xE0, 0x70, 0x38, 0x07, 0xC0, 0x3F, 0xE0, 0xFF, 0xE1,
    0xE3, 0xE7, 0x81, 0xCE, 0x03, 0xDC, 0x07, 0x80, 0x0F, 0x00, 0x1C, 0x00, 0x78, 0x00, 0xE0, 0x03,
    0xC0, 0x0F, 0x00, 0x3C, 0x00, 0xF0, 0x03, 0xC0, 0x0F, 0x00, 0x3C, 0x00, 0xF0, 0x03, 0xFF, 0xF7,
    0xFF, 0xEF, 0xFF, 0xC0, 0x07, 0xE0, 0x1F, 0xF0, 0x3F, 0xFC, 0x3C, 0x3C, 0x78, 0x1E, 0x70, 0x1E,
    0x70, 0x1E, 0x00, 0x1E, 0x00, 0x1C, 0x00, 0x7C, 0x03, 0xF8, 0x03, 0xF8, 0x03, 0xFC, 0x00, 0x1E,
    0x00, 0x0E, 0x00, 0x0F, 0xF0, 0x0F, 0xF0, 0x0E, 0x78, 0x1E, 0x7E, 0x7E, 0x3F, 0xFC, 0x1F, 0xF0,
    0x03, 0xC0, 0x00, 0x38, 0x00, 0x3E, 0x00, 0x3F, 0x00, 0x1F, 0x80, 0x1F, 0xC0, 0x1F, 0xE0, 0x0E,
    0xF0, 0x0F, 0x78, 0x07, 0x3C, 0x07, 0x1E, 0x07, 0x8F, 0x03, 0x87, 0x83, 0x83, 0xC3, 0xC1, 0xE1,
    0xC0, 0xF1, 0xFF, 0xFF, 0xFF, 0xFF, 0xFF, 0xFF, 0x80, 0x0F, 0x00, 0x07, 0x80, 0x03, 0xC0, 0x01,
    0xE0, 0x3F, 0xF8, 0x7F, 0xF8, 0xFF, 0xF3, 0xFF, 0xC7, 0x80, 0x0F, 0x00, 0x1C, 0x00, 0x38, 0x00,
    0x77, 0xE0, 0xFF, 0xF1, 0xFF, 0xE3, 0xC1, 0xE0, 0x01, 0xC0, 0x03, 0xC0, 0x03, 0x80, 0x07, 0xF0,
    0x1F, 0xE0, 0x3D, 0xE0, 0xF3, 0xF7, 0xE3, 0xFF, 0x83, 0xFE, 0x00, 0xE0, 0x00, 0x03, 0xE0, 0x0F,
    0xF8, 0x1F, 0xFC, 0x3E, 0x3E, 0x38, 0x1E, 0x78, 0x0E, 0x70, 0x00, 0x70, 0x00, 0x73, 0xF0, 0xFF,
    0xF8, 0xFF, 0xFC, 0xFC, 0x3E, 0xF8, 0x1E, 0xF0, 0x0E, 0xF0, 0x0F, 0x70, 0x0F, 0x70, 0x0E, 0x78,
    0x0E, 0x78, 0x1E, 0x3E, 0x7C, 0x1F, 0xF8, 0x0F, 0xF0, 0x01, 0xC0, 0xFF, 0xFF, 0xFF, 0xFF, 0xFF,
    0xDF, 0xFF, 0x00, 0x3C, 0x00, 0xE0, 0x07, 0x80, 0x1C, 0x00, 0xF0, 0x03, 0x80, 0x1E, 0x00, 0x70,
    0x03, 0xC0, 0x0E, 0x00, 0x78, 0x01, 0xC0, 0x0F, 0x00, 0x38, 0x01, 0xE0, 0x07, 0x00, 0x3C, 0x00,
    0xE0, 0x00, 0x07, 0xC0, 0x1F, 0xF0, 0x3F, 0xF8, 0x3C, 0x3C, 0x78, 0x1C, 0x70, 0x1E, 0x70, 0x1E,
    0x78, 0x1E, 0x38, 0x1C, 0x3E, 0xFC, 0x1F, 0xF8, 0x1F, 0xF8, 0x3F, 0xFC, 0x78, 0x1E, 0x70, 0x0E,
    0xF0, 0x0E, 0xF0, 0x0F, 0xF0, 0x0E, 0x78, 0x1E, 0x7E, 0x7E, 0x3F, 0xFC, 0x1F, 0xF0, 0x03, 0xC0,
    0x07, 0xC0, 0x1F, 0xF0, 0x3F, 0xF8, 0x7C, 0x7C, 0x78, 0x1C, 0x70, 0x1E, 0xF0, 0x0E, 0xF0, 0x0E,
    0xF0, 0x0E, 0x70, 0x1F, 0x78, 0x1F, 0x7C, 0x7F, 0x3F, 0xFF, 0x1F, 0xEE, 0x07, 0xCE, 0x00, 0x0E,
    0x70, 0x0E, 0x70, 0x1C, 0x78, 0x3C, 0x7E, 0xF8, 0x3F, 0xF8, 0x1F, 0xE0, 0x03, 0x80, 0x6F, 0xFF,
    0x00, 0x00, 0x00, 0x06, 0xFF, 0xF0, 0x39, 0xE7, 0xDE, 0x10, 0x00, 0x00, 0x00, 0x00, 0x0E, 0x79,
    0xE7, 0x1C, 0x71, 0x8E, 0x38, 0x00, 0x0C, 0x00, 0xF0, 0x0F, 0xC0, 0xFE, 0x0F, 0xE0, 0xFE, 0x0F,
    0xE0, 0x3E, 0x00, 0xFC, 0x01, 0xFC, 0x01, 0xFC, 0x01, 0xFC, 0x01, 0xFC, 0x01, 0xF0, 0x01, 0xC0,
    0x01, 0xFF, 0xFF, 0xFF, 0xFF, 0xFE, 0x00, 0x00, 0x00, 0x00, 0x03, 0xFF, 0xFF, 0xFF, 0xFF, 0xF8,
    0xC0, 0x03, 0xC0, 0x0F, 0xC0, 0x1F, 0xC0, 0x1F, 0xC0, 0x1F, 0xC0, 0x1F, 0xC0, 0x1F, 0x00, 0xFC,
    0x0F, 0xE0, 0xFE, 0x0F, 0xE0, 0xFE, 0x03, 0xE0, 0x0E, 0x00, 0x20, 0x00, 0x0F, 0x81, 0xFF, 0x1F,
    0xFD, 0xF1, 0xEF, 0x07, 0xF0, 0x1F, 0x80, 0xE0, 0x0F, 0x00, 0x70, 0x0F, 0x80, 0xF8, 0x0F, 0x80,
    0x70, 0x07, 0x80, 0x3C, 0x01, 0xC0, 0x00, 0x00, 0x00, 0x01, 0x80, 0x1E, 0x00, 0xF0, 0x07, 0x80,
    0x10, 0x00, 0x00, 0x3F, 0x80, 0x00, 0x7F, 0xFC, 0x00, 0x7F, 0xFF, 0x80, 0x3F, 0x01, 0xF0, 0x1F,
    0x00, 0x1E, 0x0F, 0x00, 0x03, 0xC3, 0x81, 0xC0, 0x79, 0xE1, 0xFF, 0x8E, 0x70, 0xFF, 0xE3, 0x9C,
    0x78, 0x78, 0x77, 0x1C, 0x0E, 0x1F, 0xC7, 0x03, 0x87, 0xE1, 0xC0, 0xE1, 0xF8, 0xE0, 0x38, 0x7E,
    0x1C, 0x0E, 0x1F, 0xC7, 0x03, 0x87, 0x71, 0xC0, 0xE1, 0xDC, 0x78, 0x78, 0xE7, 0x0F, 0xFF, 0xF9,
    0xE1, 0xFD, 0xFC, 0x38, 0x1E, 0x3E, 0x0F, 0x00, 0x00, 0x01, 0xE0, 0x00, 0x00, 0x3E, 0x00, 0xC0,
    0x07, 0xFF, 0xF0, 0x00, 0x7F, 0xFC, 0x00, 0x07, 0xFC, 0x00, 0x00, 0xE0, 0x00, 0x0F, 0x00, 0x01,
    0xF0, 0x00, 0x1F, 0x80, 0x01, 0xF8, 0x00, 0x3F, 0xC0, 0x03, 0x9C, 0x00, 0x39, 0xC0, 0x07, 0x9E,
    0x00, 0x70, 0xE0, 0x0F, 0x0E, 0x00, 0xF0, 0xF0, 0x0E, 0x07, 0x01, 0xFF, 0xF8, 0x1F, 0xFF, 0x81,
    0xFF, 0xF8, 0x3C, 0x03, 0xC3, 0x80, 0x3C, 0x38, 0x01, 0xC7, 0x80, 0x1E, 0x70, 0x00, 0xEF, 0x00,
    0x0E, 0x7F, 0x80, 0xFF, 0xF0, 0xFF, 0xFC, 0xFF, 0xFC, 0xF0, 0x1E, 0xF0, 0x1E, 0xF0, 0x0E, 0xF0,
    0x0E, 0xF0, 0x1E, 0xF0, 0x7C, 0xFF, 0xF8, 0xFF, 0xF8, 0xFF, 0xFE, 0xF0, 0x1E, 0xF0, 0x0F, 0xF0,
    0x0F, 0xF0, 0x0F, 0xF0, 0x0F, 0xF0, 0x1E, 0xFF, 0xFE, 0xFF, 0xFC, 0xFF, 0xF8, 0x01, 0xF8, 0x00,
    0xFF, 0xC0, 0x3F, 0xFE, 0x0F, 0xC7, 0xC3, 0xC0, 0x3C, 0x70, 0x03, 0xDE, 0x00, 0x7B, 0x80, 0x07,
    0x70, 0x00, 0x1E, 0x00, 0x03, 0xC0, 0x00, 0x78, 0x00, 0x0F, 0x00, 0x01, 0xE0, 0x00, 0x1C, 0x00,
    0x03, 0x80, 0x07, 0x78, 0x01, 0xE7, 0x80, 0x38, 0xF8, 0x1F, 0x0F, 0xFF, 0xC0, 0xFF, 0xF0, 0x0F,
    0xFC, 0x00, 0x3C, 0x00, 0x7F, 0x80, 0x3F, 0xFC, 0x0F, 0xFF, 0xC3, 0xFF, 0xF8, 0xF0, 0x1F, 0x3C,
    0x03, 0xCF, 0x00, 0x7B, 0xC0, 0x0E, 0xF0, 0x03, 0xBC, 0x00, 0xEF, 0x00, 0x3F, 0xC0, 0x0F, 0xF0,
    0x03, 0xFC, 0x00, 0xEF, 0x00, 0x3B, 0xC0, 0x1E, 0xF0, 0x07, 0xBC, 0x03, 0xCF, 0x01, 0xF3, 0xFF,
    0xF8, 0xFF, 0xFC, 0x3F, 0xFC, 0x00, 0x7F, 0xFF, 0xFF, 0xFF, 0xFF, 0xFF, 0xFE, 0xF0, 0x03, 0xC0,
    0x0F, 0x00, 0x3C, 0x00, 0xF0, 0x03, 0xC0, 0x0F, 0xFF, 0xBF, 0xFE, 0xFF, 0xFB, 0xC0, 0x0F, 0x00,
    0x3C, 0x00, 0xF0, 0x03, 0xC0, 0x0F, 0x00, 0x3F, 0xFF, 0xFF, 0xFF, 0xFF, 0xF0, 0x7F, 0xFB, 0xFF,
    0xFF, 0xFF, 0xFF, 0xFE, 0xF0, 0x03, 0xC0, 0x0F, 0x00, 0x3C, 0x00, 0xF0, 0x03, 0xC0, 0x0F, 0xFF,
    0xBF, 0xFE, 0xFF, 0xFB, 0xC0, 0x0F, 0x00, 0x3C, 0x00, 0xF0, 0x03, 0xC0, 0x0F, 0x00, 0x3C, 0x00,
    0xF0, 0x03, 0xC0, 0x00, 0x01, 0xF8, 0x00, 0xFF, 0xC0, 0x3F, 0xFC, 0x0F, 0xC7, 0xC3, 0xC0, 0x3C,
    0x70, 0x03, 0xDE, 0x00, 0x7B, 0x80, 0x07, 0x70, 0x00, 0x1E, 0x00, 0x03, 0xC0, 0x00, 0x78, 0x1F,
    0xFF, 0x03, 0xFF, 0xE0, 0x7F, 0xDC, 0x00, 0x3B, 0x80, 0x07, 0x78, 0x01, 0xE7, 0x80, 0x3C, 0xF8,
    0x0F, 0x0F, 0xFF, 0xC0, 0xFF, 0xF0, 0x0F, 0xFC, 0x00, 0x3C, 0x00, 0x60, 0x03, 0xF8, 0x01, 0xFC,
    0x00, 0xFE, 0x00, 0x7F, 0x00, 0x3F, 0x80, 0x1F, 0xC0, 0x0F, 0xE0, 0x07, 0xF0, 0x03, 0xF8, 0x01,
    0xFF, 0xFF, 0xFF, 0xFF, 0xFF, 0xFF, 0xFF, 0x80, 0x1F, 0xC0, 0x0F, 0xE0, 0x07, 0xF0, 0x03, 0xF8,
    0x01, 0xFC, 0x00, 0xFE, 0x00, 0x7F, 0x00, 0x3F, 0x80, 0x1C, 0x6F, 0xFF, 0xFF, 0xFF, 0xFF, 0xFF,
    0xFF, 0xFF, 0xFF, 0xFF, 0xFF, 0x00, 0x38, 0x01, 0xC0, 0x0E, 0x00, 0x70, 0x03, 0x80, 0x1C, 0x00,
    0xE0, 0x07, 0x00, 0x38, 0x01, 0xC0, 0x0E, 0x00, 0x70, 0x03, 0x80, 0x1F, 0x80, 0xFC, 0x07, 0xE0,
    0x3F, 0x81, 0xFC, 0x1E, 0xFB, 0xF7, 0xFF, 0x0F, 0xF0, 0x1C, 0x00, 0x60, 0x07, 0x78, 0x07, 0xBC,
    0x07, 0xDE, 0x07, 0xCF, 0x07, 0xC7, 0x87, 0xC3, 0xC7, 0xC1, 0xE7, 0xC0, 0xF3, 0xC0, 0x7B, 0xC0,
    0x3F, 0xE0, 0x1F, 0xF8, 0x0F, 0xFC, 0x07, 0xCF, 0x03, 0xC3, 0xC1, 0xE1, 0xE0, 0xF0, 0x78, 0x78,
    0x1E, 0x3C, 0x07, 0x9E, 0x03, 0xCF, 0x00, 0xF7, 0x80, 0x3C, 0x60, 0x03, 0xC0, 0x0F, 0x00, 0x3C,
    0x00, 0xF0, 0x03, 0xC0, 0x0F, 0x00, 0x3C, 0x00, 0xF0, 0x03, 0xC0, 0x0F, 0x00, 0x3C, 0x00, 0xF0,
    0x03, 0xC0, 0x0F, 0x00, 0x3C, 0x00, 0xF0, 0x03, 0xC0, 0x0F, 0x00, 0x3F, 0xFE, 0xFF, 0xFB, 0xFF,
    0xE0, 0x70, 0x00, 0x3F, 0xE0, 0x01, 0xFF, 0x80, 0x07, 0xFF, 0x00, 0x3F, 0xFC, 0x00, 0xFF, 0xF0,
    0x03, 0xFF, 0xE0, 0x1F, 0xFB, 0x80, 0x77, 0xEF, 0x03, 0xDF, 0x9C, 0x0E, 0x7E, 0x70, 0x39, 0xF9,
    0xE1, 0xE7, 0xE3, 0x87, 0x1F, 0x8F, 0x1C, 0x7E, 0x3C, 0xF1, 0xF8, 0x73, 0x87, 0xE1, 0xFE, 0x1F,
    0x83, 0xF0, 0x7E, 0x0F, 0xC1, 0xF8, 0x3F, 0x07, 0xE0, 0x78, 0x1F, 0x81, 0xE0, 0x70, 0x70, 0x01,
    0xBC, 0x00, 0xFF, 0x80, 0x3F, 0xF0, 0x0F, 0xFC, 0x03, 0xFF, 0x80, 0xFE, 0xF0, 0x3F, 0xBC, 0x0F,
    0xE7, 0x83, 0xFC, 0xF0, 0xFF, 0x3C, 0x3F, 0xC7, 0x8F, 0xF0, 0xE3, 0xFC, 0x3C, 0xFF, 0x07, 0xBF,
    0xC0, 0xEF, 0xF0, 0x3F, 0xFC, 0x07, 0xFF, 0x01, 0xFF, 0xC0, 0x3F, 0xF0, 0x07, 0xFC, 0x01, 0xF0,
    0x01, 0xF8, 0x00, 0x7F, 0xE0, 0x0F, 0xFF, 0x01, 0xF8, 0xF8, 0x3C, 0x03, 0xC3, 0x80, 0x1E, 0x78,
    0x01, 0xE7, 0x00, 0x0E, 0x70, 0x00, 0xFF, 0x00, 0x0F, 0xF0, 0x00, 0x7F, 0x00, 0x07, 0xF0, 0x00,
    0x7F, 0x00, 0x0F, 0x70, 0x00, 0xF7, 0x00, 0x0E, 0x78, 0x01, 0xE3, 0xC0, 0x1E, 0x3E, 0x07, 0xC1,
    0xFF, 0xF8, 0x0F, 0xFF, 0x00, 0x7F, 0xE0, 0x00, 0xF0, 0x00, 0x7F, 0x80, 0xFF, 0xF0, 0xFF, 0xFC,
    0xFF, 0xFC, 0xF0, 0x1E, 0xF0, 0x0E, 0xF0, 0x0E, 0xF0, 0x0E, 0xF0, 0x0E, 0xF0, 0x0E, 0xF0, 0x1E,
    0xFF, 0xFC, 0xFF, 0xF8, 0xFF, 0xF0, 0xFF, 0x80, 0xF0, 0x00, 0xF0, 0x00, 0xF0, 0x00, 0xF0, 0x00,
    0xF0, 0x00, 0xF0, 0x00, 0xF0, 0x00, 0x01, 0xF8, 0x00, 0x7F, 0xE0, 0x0F, 0xFF, 0x01, 0xF8, 0xF8,
    0x3C, 0x03, 0xC3, 0x80, 0x1E, 0x78, 0x01, 0xE7, 0x00, 0x0E, 0x70, 0x00, 0xFF, 0x00, 0x0F, 0xF0,
    0x00, 0x7F, 0x00, 0x07, 0xF0, 0x00, 0x7F, 0x00, 0x0F, 0x70, 0x00, 0xF7, 0x07, 0x8E, 0x78, 0x39,
    0xE3, 0xC3, 0xDE, 0x3E, 0x1F, 0xC1, 0xFF, 0xF8, 0x0F, 0xFF, 0x00, 0x7F, 0xF8, 0x00, 0xF3, 0xC0,
    0x00, 0x1E, 0x7F, 0x80, 0xFF, 0xF0, 0xFF, 0xFC, 0xFF, 0xFC, 0xF0, 0x1E, 0xF0, 0x0E, 0xF0, 0x0E,
    0xF0, 0x0E, 0xF0, 0x0E, 0xF0, 0x1E, 0xF0, 0x3E, 0xFF, 0xFC, 0xFF, 0xF8, 0xFF, 0xF0, 0xF0, 0xF0,
    0xF0, 0x78, 0xF0, 0x78, 0xF0, 0x3C, 0xF0, 0x3C, 0xF0, 0x1E, 0xF0, 0x1E, 0xF0, 0x0F, 0x03, 0xE0,
    0x1F, 0xF8, 0x3F, 0xFC, 0x3C, 0x3E, 0x78, 0x0F, 0x70, 0x0F, 0x70, 0x07, 0x70, 0x00, 0x7C, 0x00,
    0x3F, 0x00, 0x1F, 0xF0, 0x0F, 0xFC, 0x01, 0xFE, 0x00, 0x3F, 0x00, 0x0F, 0x00, 0x07, 0xF0, 0x07,
    0xF0, 0x07, 0x78, 0x0F, 0x7E, 0x7E, 0x3F, 0xFE, 0x1F, 0xF8, 0x03, 0xE0, 0xFF, 0xFF, 0x7F, 0xFF,
    0xFF, 0xFF, 0xEF, 0xFF, 0xE0, 0x1C, 0x00, 0x0E, 0x00, 0x07, 0x00, 0x03, 0x80, 0x01, 0xC0, 0x00,
    0xE0, 0x00, 0x70, 0x00, 0x38, 0x00, 0x1C, 0x00, 0x0E, 0x00, 0x07, 0x00, 0x03, 0x80, 0x01, 0xC0,
    0x00, 0xE0, 0x00, 0x70, 0x00, 0x38, 0x00, 0x1C, 0x00, 0x0E, 0x00, 0xE0, 0x03, 0xF0, 0x01, 0xF8,
    0x00, 0xFC, 0x00, 0x7E, 0x00, 0x3F, 0x00, 0x1F, 0x80, 0x0F, 0xC0, 0x07, 0xE0, 0x03, 0xF0, 0x01,
    0xF8, 0x00, 0xFC, 0x00, 0x7E, 0x00, 0x3F, 0x00, 0x1F, 0x80, 0x0F, 0xE0, 0x07, 0xF0, 0x03, 0xB8,
    0x03, 0xDE, 0x03, 0xC7, 0xFF, 0xE1, 0xFF, 0xE0, 0x7F, 0xE0, 0x07, 0x80, 0x60, 0x00, 0xE7, 0x00,
    0x0E, 0x70, 0x01, 0xE7, 0x80, 0x1E, 0x38, 0x01, 0xC3, 0xC0, 0x3C, 0x3C, 0x03, 0xC1, 0xC0, 0x38,
    0x1E, 0x07, 0x81, 0xE0, 0x70, 0x0E, 0x07, 0x00, 0xF0, 0xF0, 0x07, 0x0E, 0x00, 0x70, 0xE0, 0x07,
    0x9E, 0x00, 0x39, 0xC0, 0x03, 0x9C, 0x00, 0x3F, 0xC0, 0x01, 0xF8, 0x00, 0x1F, 0x80, 0x00, 0xF0,
    0x00, 0x0F, 0x00, 0x60, 0x07, 0x00, 0x7F, 0x00, 0xF0, 0x07, 0x70, 0x0F, 0x80, 0xF7, 0x00, 0xF8,
    0x0F, 0x78, 0x1F, 0x80, 0xE3, 0x81, 0xF8, 0x0E, 0x38, 0x1F, 0xC1, 0xE3, 0x81, 0xDC, 0x1C, 0x3C,
    0x3D, 0xC1, 0xC1, 0xC3, 0x9C, 0x3C, 0x1C, 0x39, 0xE3, 0xC1, 0xE3, 0x8E, 0x38, 0x1E, 0x78, 0xE3,
    0x80, 0xE7, 0x0E, 0x78, 0x0E, 0x70, 0x77, 0x00, 0xFF, 0x07, 0x70, 0x07, 0xE0, 0x77, 0x00, 0x7E,
    0x07, 0xF0, 0x07, 0xE0, 0x3E, 0x00, 0x7E, 0x03, 0xE0, 0x03, 0xC0, 0x3E, 0x00, 0x3C, 0x03, 0xE0,
    0x70, 0x00, 0xCF, 0x00, 0x3C, 0xF0, 0x0F, 0x0F, 0x03, 0xC1, 0xE0, 0x70, 0x1E, 0x1E, 0x01, 0xE7,
    0x80, 0x3C, 0xE0, 0x03, 0xFC, 0x00, 0x3F, 0x00, 0x07, 0xC0, 0x00, 0x78, 0x00, 0x1F, 0x80, 0x07,
    0xF8, 0x00, 0xEF, 0x00, 0x3C, 0xF0, 0x0F, 0x0F, 0x03, 0xC1, 0xE0, 0x78, 0x1E, 0x1E, 0x01, 0xE7,
    0x80, 0x3C, 0xF0, 0x03, 0xC0, 0x70, 0x00, 0xEF, 0x00, 0x3D, 0xE0, 0x0F, 0x1E, 0x01, 0xE1, 0xC0,
    0x78, 0x3C, 0x0E, 0x03, 0xC3, 0xC0, 0x78, 0xF0, 0x07, 0x9E, 0x00, 0x77, 0x80, 0x0F, 0xE0, 0x00,
    0xFC, 0x00, 0x0F, 0x00, 0x01, 0xE0, 0x00, 0x3C, 0x00, 0x07, 0x80, 0x00, 0xF0, 0x00, 0x1E, 0x00,
    0x03, 0xC0, 0x00, 0x78, 0x00, 0x0F, 0x00, 0x01, 0xE0, 0x00, 0x7F, 0xFF, 0xFF, 0xFF, 0xFF, 0xFF,
    0x7F, 0xFF, 0x00, 0x1E, 0x00, 0x3C, 0x00, 0x38, 0x00, 0x78, 0x00, 0xF0, 0x00, 0xE0, 0x01, 0xE0,
    0x03, 0xC0, 0x07, 0x80, 0x07, 0x80, 0x0F, 0x00, 0x1E, 0x00, 0x1C, 0x00, 0x3C, 0x00, 0x78, 0x00,
    0x7F, 0xFF, 0xFF, 0xFF, 0xFF, 0xFF, 0xFF, 0xFF, 0xF8, 0xE3, 0x8E, 0x38, 0xE3, 0x8E, 0x38, 0xE3,
    0x8E, 0x38, 0xE3, 0x8E, 0x38, 0xE3, 0x8E, 0x38, 0xFB, 0xFF, 0xC0, 0x60, 0x38, 0x07, 0x01, 0xC0,
    0x70, 0x1E, 0x03, 0x80, 0xE0, 0x38, 0x07, 0x01, 0xC0, 0x70, 0x1C, 0x03, 0x80, 0xE0, 0x38, 0x0F,
    0x01, 0xC0, 0x70, 0x1C, 0x07, 0x80, 0xE0, 0x38, 0x0E, 0x01, 0xC0, 0x70, 0x0C, 0xFD, 0xFF, 0xF8,
    0xF1, 0xE3, 0xC7, 0x8F, 0x1E, 0x3C, 0x78, 0xF1, 0xE3, 0xC7, 0x8F, 0x1E, 0x3C, 0x78, 0xF1, 0xE3,
    0xC7, 0x8F, 0x7F, 0xFF, 0xF8, 0x00, 0x0F, 0x01, 0xF0, 0x1F, 0x81, 0xF8, 0x3B, 0xC3, 0x9C, 0x71,
    0xC7, 0x0E, 0xE0, 0xEE, 0x07, 0xFF, 0xFF, 0xFF, 0xFF, 0xFF, 0x80, 0x71, 0xE3, 0x87, 0x0C, 0x1F,
    0xE1, 0xFF, 0x9F, 0xFE, 0xE0, 0xF7, 0x03, 0x80, 0x1C, 0x0F, 0xE7, 0xFF, 0x7F, 0xFF, 0xE1, 0xFC,
    0x0F, 0xC0, 0x7E, 0x07, 0xFC, 0x7D, 0xFF, 0xE7, 0xF7, 0x0E, 0x00, 0xE0, 0x01, 0xC0, 0x03, 0x80,
    0x07, 0x00, 0x0E, 0x00, 0x1C, 0x00, 0x3B, 0xF8, 0x7F, 0xF8, 0xFF, 0xF9, 0xF0, 0x7B, 0xC0, 0xF7,
    0x00, 0xEE, 0x01, 0xDC, 0x03, 0xF8, 0x07, 0xF0, 0x0E, 0xE0, 0x1D, 0xE0, 0x3B, 0xC0, 0xF7, 0xE7,
    0xCF, 0xFF, 0x1D, 0xFC, 0x00, 0xE0, 0x00, 0x0F, 0xE0, 0x3F, 0xE0, 0xFF, 0xE3, 0xC1, 0xE7, 0x01,
    0xDE, 0x00, 0x38, 0x00, 0x70, 0x00, 0xE0, 0x01, 0xC0, 0x03, 0xC0, 0x03, 0x80, 0xE7, 0x83, 0xCF,
    0x8F, 0x8F, 0xFE, 0x0F, 0xF8, 0x03, 0x80, 0x00, 0x0C, 0x00, 0x3C, 0x00, 0x78, 0x00, 0xF0, 0x01,
    0xE0, 0x03, 0xC3, 0xF7, 0x9F, 0xFF, 0x3F, 0xFE, 0xF0, 0x7D, 0xC0, 0x7F, 0x80, 0xFE, 0x01, 0xFC,
    0x01, 0xF8, 0x03, 0xF0, 0x0F, 0xF0, 0x1F, 0xE0, 0x3D, 0xE0, 0xFB, 0xE3, 0xF3, 0xFF, 0xE3, 0xFD,
    0xC1, 0xE0, 0x00, 0x0F, 0xE0, 0x3F, 0xE0, 0xFF, 0xE3, 0xC1, 0xE7, 0x01, 0xDE, 0x03, 0xFF, 0xFF,
    0xFF, 0xFF, 0xFF, 0xFF, 0xC0, 0x03, 0xC0, 0x03, 0x80, 0xC7, 0x81, 0xCF, 0x8F, 0x8F, 0xFE, 0x0F,
    0xF8, 0x03, 0xC0, 0x07, 0xC3, 0xF1, 0xFC, 0x70, 0x1C, 0x07, 0x0F, 0xFF, 0xFF, 0xFF, 0xC7, 0x01,
    0xC0, 0x70, 0x1C, 0x07, 0x01, 0xC0, 0x70, 0x1C, 0x07, 0x01, 0xC0, 0x70, 0x1C, 0x07, 0x00, 0x0F,
    0xCE, 0x7F, 0xDC, 0xFF, 0xFB, 0xC1, 0xF7, 0x01, 0xFE, 0x03, 0xF8, 0x07, 0xF0, 0x07, 0xE0, 0x0F,
    0xC0, 0x3F, 0xC0, 0x7B, 0x80, 0xF7, 0x83, 0xE7, 0xFF, 0xCF, 0xFB, 0x87, 0xE7, 0x00, 0x0E, 0x00,
    0x3D, 0xC0, 0x73, 0xE3, 0xE3, 0xFF, 0x83, 0xFE, 0x00, 0xE0, 0x00, 0xE0, 0x07, 0x00, 0x38, 0x01,
    0xC0, 0x0E, 0x00, 0x70, 0x03, 0xBF, 0x9F, 0xFE, 0xFF, 0xF7, 0x83, 0xFC, 0x0F, 0xC0, 0x7E, 0x03,
    0xF0, 0x1F, 0x80, 0xFC, 0x07, 0xE0, 0x3F, 0x01, 0xF8, 0x0F, 0xC0, 0x7E, 0x03, 0xF0, 0x1C, 0x77,
    0xBC, 0xE0, 0x01, 0xCE, 0x73, 0x9C, 0xE7, 0x39, 0xCE, 0x73, 0x9C, 0xE7, 0x38, 0x1C, 0x78, 0xF0,
    0xE0, 0x00, 0x07, 0x0E, 0x1C, 0x38, 0x70, 0xE1, 0xC3, 0x87, 0x0E, 0x1C, 0x38, 0x70, 0xE1, 0xC3,
    0x87, 0x0E, 0x1D, 0xFB, 0xE7, 0x80, 0xE0, 0x03, 0x80, 0x0E, 0x00, 0x38, 0x00, 0xE0, 0x03, 0x80,
    0x0E, 0x07, 0xB8, 0x3C, 0xE1, 0xE3, 0x8F, 0x0E, 0x78, 0x3B, 0xC0, 0xFE, 0x03, 0xF8, 0x0F, 0xF0,
    0x3D, 0xE0, 0xE7, 0xC3, 0x8F, 0x0E, 0x1E, 0x38, 0x3C, 0xE0, 0x7B, 0x81, 0xE0, 0xFF, 0xFF, 0xFF,
    0xFF, 0xFF, 0xFF, 0xFF, 0xFF, 0xC0, 0x00, 0x00, 0x03, 0xBF, 0x1F, 0x8F, 0xFE, 0xFF, 0x3F, 0xFF,
    0xFE, 0xF0, 0xF8, 0x3B, 0x81, 0xE0, 0xEE, 0x07, 0x03, 0xF8, 0x1C, 0x0F, 0xE0, 0x70, 0x3F, 0x81,
    0xC0, 0xFE, 0x07, 0x03, 0xF8, 0x1C, 0x0F, 0xE0, 0x70, 0x3F, 0x81, 0xC0, 0xFE, 0x07, 0x03, 0xF8,
    0x1C, 0x0F, 0xE0, 0x70, 0x3C, 0xEF, 0xE7, 0xFF, 0xBF, 0xFD, 0xE0, 0xFF, 0x03, 0xF0, 0x1F, 0x80,
    0xFC, 0x07, 0xE0, 0x3F, 0x01, 0xF8, 0x0F, 0xC0, 0x7E, 0x03, 0xF0, 0x1F, 0x80, 0xFC, 0x07, 0x0F,
    0xE0, 0x3F, 0xE0, 0xFF, 0xE3, 0xC1, 0xE7, 0x01, 0xFE, 0x03, 0xF8, 0x03, 0xF0, 0x07, 0xE0, 0x0F,
    0xC0, 0x1F, 0xC0, 0x3B, 0x80, 0xF7, 0x83, 0xCF, 0x8F, 0x8F, 0xFE, 0x0F, 0xF8, 0x03, 0x80, 0xEF,
    0xE1, 0xFF, 0xE3, 0xFF, 0xE7, 0xC1, 0xEF, 0x03, 0xDC, 0x03, 0xB8, 0x07, 0x70, 0x0F, 0xE0, 0x1F,
    0xC0, 0x3B, 0x80, 0x77, 0x80, 0xEF, 0x03, 0xDF, 0x9F, 0x3F, 0xFC, 0x77, 0xF0, 0xE3, 0x81, 0xC0,
    0x03, 0x80, 0x07, 0x00, 0x0E, 0x00, 0x1C, 0x00, 0x00, 0x0F, 0xCE, 0x7F, 0xDC, 0xFF, 0xFB, 0xC1,
    0xF7, 0x01, 0xFE, 0x03, 0xF8, 0x07, 0xF0, 0x07, 0xE0, 0x0F, 0xC0, 0x3F, 0xC0, 0x7F, 0x80, 0xF7,
    0x83, 0xEF, 0x8F, 0xCF, 0xFF, 0x8F, 0xFF, 0x07, 0x9E, 0x00, 0x3C, 0x00, 0x78, 0x00, 0xF0, 0x01,
    0xE0, 0x01, 0xC0, 0xEF, 0xFF, 0xFF, 0xF0, 0xE0, 0xE0, 0xE0, 0xE0, 0xE0, 0xE0, 0xE0, 0xE0, 0xE0,
    0xE0, 0xE0, 0xE0, 0x1F, 0xC1, 0xFF, 0x1F, 0xFC, 0xE0, 0xF7, 0x03, 0x38, 0x01, 0xF8, 0x07, 0xF8,
    0x1F, 0xF0, 0x1F, 0xC0, 0x1E, 0xC0, 0x7F, 0x07, 0xBC, 0x7D, 0xFF, 0xC7, 0xFC, 0x07, 0x00, 0x3C,
    0x1E, 0x0F, 0x07, 0x8F, 0xFF, 0xFF, 0xFE, 0x78, 0x3C, 0x1E, 0x0F, 0x07, 0x83, 0xC1, 0xE0, 0xF0,
    0x78, 0x3C, 0x0F, 0x07, 0xE1, 0xF0, 0x30, 0xE0, 0x3F, 0x01, 0xF8, 0x0F, 0xC0, 0x7E, 0x03, 0xF0,
    0x1F, 0x80, 0xFC, 0x07, 0xE0, 0x3F, 0x01, 0xF8, 0x0F, 0xC0, 0x7F, 0x07, 0xFE, 0xFD, 0xFF, 0xE7,
    0xF7, 0x0E, 0x00, 0x70, 0x0F, 0x70, 0x0E, 0x78, 0x1E, 0x38, 0x1E, 0x38, 0x1C, 0x3C, 0x3C, 0x1C,
    0x38, 0x1C, 0x38, 0x1E, 0x78, 0x0E, 0x70, 0x0F, 0x70, 0x07, 0xE0, 0x07, 0xE0, 0x07, 0xE0, 0x03,
    0xC0, 0x03, 0xC0, 0x70, 0x3C, 0x1E, 0xE0, 0x78, 0x3D, 0xE1, 0xF0, 0x73, 0xC3, 0xE0, 0xE3, 0x87,
    0xE3, 0xC7, 0x0F, 0xC7, 0x0F, 0x3B, 0x8E, 0x0E, 0x77, 0x3C, 0x1C, 0xE7, 0x70, 0x39, 0x8E, 0xE0,
    0x3F, 0x1D, 0xC0, 0x7E, 0x1F, 0x80, 0xFC, 0x3E, 0x00, 0xF0, 0x7C, 0x01, 0xE0, 0xF8, 0x03, 0xC0,
    0xE0, 0x78, 0x1E, 0x70, 0x78, 0xF0, 0xF0, 0xF3, 0xC0, 0xE7, 0x01, 0xFC, 0x01, 0xF8, 0x01, 0xE0,
    0x03, 0xC0, 0x0F, 0xC0, 0x3F, 0x80, 0x73, 0x81, 0xE7, 0x87, 0x87, 0x9E, 0x0F, 0x3C, 0x0F, 0x70,
    0x0F, 0x70, 0x0E, 0x78, 0x1E, 0x38, 0x1E, 0x38, 0x1C, 0x3C, 0x3C, 0x1C, 0x38, 0x1C, 0x38, 0x1E,
    0x78, 0x0E, 0x70, 0x0F, 0x70, 0x07, 0xE0, 0x07, 0xE0, 0x07, 0xE0, 0x03, 0xC0, 0x03, 0xC0, 0x03,
    0xC0, 0x03, 0x80, 0x07, 0x80, 0x3F, 0x00, 0x3F, 0x00, 0x3E, 0x00, 0x00, 0x00, 0x7F, 0xFB, 0xFF,
    0xDF, 0xFE, 0x01, 0xE0, 0x0E, 0x00, 0xF0, 0x0F, 0x00, 0xF0, 0x07, 0x00, 0x78, 0x07, 0x80, 0x78,
    0x07, 0x80, 0x3F, 0xFF, 0xFF, 0xFF, 0xFF, 0x01, 0xC1, 0xF0, 0xFC, 0x3C, 0x0E, 0x03, 0x80, 0xE0,
    0x38, 0x0E, 0x03, 0x80, 0xE0, 0x78, 0x7C, 0x1E, 0x07, 0xC0, 0xF0, 0x1E, 0x03, 0x80, 0xE0, 0x38,
    0x0E, 0x03, 0x80, 0xE0, 0x38, 0x0F, 0x81, 0xF0, 0x3C, 0x00, 0x1F, 0xFF, 0xFF, 0xFF, 0xFF, 0xFF,
    0xFF, 0xFF, 0xFF, 0xFF, 0xFF, 0xFF, 0xFF, 0xF0, 0xE0, 0x3E, 0x0F, 0xC0, 0x70, 0x1C, 0x07, 0x01,
    0xC0, 0x70, 0x1C, 0x07, 0x01, 0xE0, 0x38, 0x0F, 0xC1, 0xF0, 0xFC, 0x3C, 0x1E, 0x07, 0x81, 0xC0,
    0x70, 0x1C, 0x07, 0x01, 0xC0, 0x70, 0x7C, 0x3E, 0x0F, 0x00, 0x00, 0x00, 0x00, 0x7C, 0x1D, 0xFE,
    0x3F, 0xFE, 0xFE, 0x3F, 0xDC, 0x1F, 0x80, 0x1C, 0x00, 0x0F, 0xFF, 0xE0, 0x06, 0xFF, 0xFF, 0xFF,
    0xFF, 0xFF, 0xFF, 0xFF, 0xF0, 0x01, 0x00, 0x07, 0x00, 0x0E, 0x00, 0x3F, 0x01, 0xFF, 0x07, 0xFF,
    0x1E, 0xEF, 0x39, 0xCE, 0xF3, 0x99, 0xE7, 0x03, 0x8E, 0x07, 0x1C, 0x0E, 0x38, 0x1E, 0x70, 0x3C,
    0xE7, 0x3D, 0xCE, 0x7F, 0xFC, 0x7F, 0xF0, 0x7F, 0xC0, 0x3E, 0x00, 0x38, 0x00, 0x70, 0x00, 0x01,
    0xE0, 0x07, 0xF8, 0x0F, 0xFC, 0x1E, 0x3E, 0x3C, 0x0E, 0x3C, 0x0E, 0x38, 0x0E, 0x38, 0x00, 0x38,
    0x00, 0x38, 0x00, 0xFF, 0xF0, 0xFF, 0xF0, 0xFF, 0xF0, 0x3C, 0x00, 0x3C, 0x00, 0x3C, 0x00, 0x3C,
    0x00, 0x3C, 0x0E, 0x38, 0x0E, 0xFF, 0xFE, 0xFF, 0xFE, 0xFF, 0xFC, 0x61, 0xF0, 0x8E, 0xFF, 0xB9,
    0xFF, 0xFF, 0x1F, 0x07, 0xC3, 0xC0, 0x78, 0xF0, 0x07, 0x1C, 0x00, 0x73, 0x80, 0x0E, 0x70, 0x01,
    0xCE, 0x00, 0x39, 0xC0, 0x07, 0x38, 0x00, 0xE7, 0x00, 0x3C, 0xF0, 0x07, 0x0F, 0x01, 0xE3, 0xF9,
    0xFE, 0xFF, 0xFF, 0xCC, 0xFF, 0xB8, 0x03, 0x80, 0x00, 0xE0, 0x06, 0xF0, 0x0F, 0x70, 0x1E, 0x78,
    0x1E, 0x38, 0x3C, 0x3C, 0x3C, 0x1C, 0x38, 0x1E, 0x78, 0x0E, 0x70, 0x0F, 0xF0, 0x07, 0xE0, 0x3F,
    0xFC, 0x3F, 0xFC, 0x3F, 0xFC, 0x03, 0xC0, 0x3F, 0xFC, 0x3F, 0xFC, 0x3F, 0xFC, 0x03, 0xC0, 0x03,
    0xC0, 0x03, 0xC0, 0x03, 0xC0, 0x6E, 0xEE, 0xEE, 0xEE, 0xEE, 0xE0, 0x00, 0x00, 0xEE, 0xEE, 0xEE,
    0xEE, 0xEE, 0x07, 0xC0, 0x7F, 0x83, 0xFF, 0x0F, 0x1E, 0x38, 0x38, 0xE0, 0xC3, 0xC0, 0x07, 0x80,
    0x3F, 0x81, 0xFF, 0x07, 0x3F, 0x38, 0x3E, 0xE0, 0x3D, 0xC0, 0x77, 0x81, 0xCF, 0x87, 0x1F, 0xBC,
    0x3F, 0xE0, 0x3E, 0x00, 0x3C, 0x00, 0x79, 0xC0, 0xE7, 0x07, 0x9F, 0x3E, 0x3F, 0xF0, 0x7F, 0x80,
    0x78, 0x00, 0x71, 0xDE, 0x79, 0xC7, 0x38, 0xE0, 0x00, 0xFC, 0x00, 0x07, 0xFF, 0x00, 0x3F, 0xFF,
    0x00, 0xFC, 0x3F, 0x03, 0xE0, 0x0F, 0x07, 0x8F, 0x8F, 0x1E, 0x7F, 0xCE, 0x39, 0xFF, 0x9E, 0xF3,
    0xC7, 0x9D, 0xCF, 0x07, 0x3B, 0x9C, 0x00, 0x7F, 0x38, 0x00, 0xFE, 0x70, 0x39, 0xDC, 0xF0, 0x73,
    0xBC, 0xF1, 0xE7, 0x39, 0xFF, 0x9E, 0x79, 0xFE, 0x38, 0x78, 0xF8, 0xF0, 0xF8, 0x07, 0xC0, 0xFF,
    0xFF, 0x00, 0x7F, 0xFC, 0x00, 0x7F, 0xE0, 0x00, 0x1E, 0x00, 0x00, 0x0F, 0x83, 0xFE, 0x7F, 0xE7,
    0x0F, 0x00, 0x70, 0xFF, 0x3F, 0xF7, 0xF7, 0x70, 0x77, 0x0F, 0x7B, 0xF7, 0xFF, 0x3F, 0x70, 0x03,
    0x9E, 0x0F, 0x38, 0x3C, 0xF0, 0xF3, 0xC3, 0xCF, 0x0F, 0x3C, 0x1C, 0xF0, 0x79, 0xE0, 0x79, 0xE0,
    0x7B, 0xC0, 0x73, 0xC0, 0xF3, 0xC0, 0xF3, 0xC0, 0xF3, 0xC0, 0xFF, 0xF7, 0xFF, 0xBF, 0xFC, 0x00,
    0xE0, 0x07, 0x00, 0x38, 0x01, 0xC0, 0x03, 0xE0, 0x07, 0xFC, 0x07, 0xFF, 0x87, 0x83, 0xC7, 0x80,
    0x73, 0xBF, 0x9F, 0x9F, 0xCF, 0xCE, 0x67, 0xE7, 0xF3, 0xF3, 0xF1, 0xF9, 0xDC, 0xFC, 0xEE, 0x77,
    0x73, 0x73, 0xC0, 0x78, 0xF8, 0xF8, 0x3F, 0xF8, 0x07, 0xF0, 0x00, 0x00, 0x00, 0xFF, 0xFF, 0xC0,
    0x00, 0x0E, 0x07, 0xF1, 0xFF, 0x38, 0xEE, 0x0F, 0xC1, 0xDC, 0x3B, 0xDE, 0x7F, 0xC7, 0xF0, 0x10,
    0x00, 0x03, 0x80, 0x07, 0x00, 0x0E, 0x00, 0x1C, 0x0F, 0xFF, 0xFF, 0xFF, 0xDF, 0xFF, 0x81, 0xC0,
    0x03, 0x80, 0x07, 0x00, 0x0E, 0x00, 0x00, 0x07, 0xFF, 0xDF, 0xFF, 0xFF, 0xFF, 0x80, 0x00, 0x1E,
    0x0F, 0xF1, 0xFF, 0x70, 0xEE, 0x1C, 0x07, 0x81, 0xE0, 0x78, 0x1E, 0x0F, 0x83, 0xFF, 0x7F, 0xEF,
    0xFC, 0x1E, 0x07, 0xF1, 0xFF, 0x78, 0xE0, 0x1C, 0x1F, 0x83, 0xE0, 0x7E, 0x01, 0xFE, 0x3F, 0xFF,
    0x3F, 0xE1, 0xF0, 0x3B, 0x9D, 0xCC, 0x00, 0xE0, 0x39, 0xC0, 0x73, 0x80, 0xE7, 0x01, 0xCE, 0x03,
    0x9C, 0x07, 0x38, 0x0E, 0x70, 0x1C, 0xE0, 0x39, 0xC0, 0x73, 0x80, 0xE7, 0x01, 0xCF, 0x07, 0x9F,
    0xBF, 0xFF, 0xFF, 0xF7, 0xEF, 0xE2, 0x01, 0xC0, 0x03, 0x80, 0x07, 0x00, 0x0E, 0x00, 0x1C, 0x00,
    0x00, 0x03, 0xFC, 0x7F, 0xF3, 0xFF, 0xDF, 0xFF, 0x7F, 0x9F, 0xFE, 0x7F, 0xF9, 0xFF, 0xE7, 0xFF,
    0x9F, 0xFE, 0x77, 0xF9, 0xDF, 0xE7, 0x3F, 0x9C, 0x7E, 0x70, 0x11, 0xC0, 0x07, 0x00, 0x1C, 0x00,
    0x70, 0x01, 0xC0, 0x07, 0x00, 0x1C, 0x00, 0x70, 0x6F, 0xFF, 0x00, 0x61, 0x8F, 0xBE, 0x1B, 0xEF,
    0x80, 0x1D, 0xFF, 0xFF, 0x9C, 0x71, 0xC7, 0x1C, 0x71, 0xC7, 0x1C, 0x1F, 0x03, 0xFC, 0x7F, 0xEF,
    0x0F, 0xE0, 0x7E, 0x07, 0xE0, 0x7E, 0x07, 0xE0, 0x7F, 0x0F, 0x7F, 0xE3, 0xFC, 0x1F, 0x80, 0xE3,
    0x81, 0xE7, 0x81, 0xE7, 0x81, 0xE7, 0x81, 0xEF, 0x01, 0xCF, 0x03, 0xCF, 0x03, 0xCE, 0x0F, 0x3C,
    0x3C, 0xF0, 0xF3, 0xC1, 0xCF, 0x07, 0x9C, 0x1E, 0x78, 0x00, 0x38, 0x00, 0xC7, 0xC0, 0x0E, 0x3E,
    0x00, 0xF1, 0xF0, 0x07, 0x0B, 0x80, 0x70, 0x1C, 0x07, 0x80, 0xE0, 0x38, 0x07, 0x03, 0x80, 0x38,
    0x3C, 0x01, 0xC1, 0xC0, 0x0E, 0x1C, 0x3C, 0x71, 0xC3, 0xE0, 0x1E, 0x1F, 0x00, 0xE1, 0xF8, 0x0E,
    0x0F, 0xC0, 0xF0, 0xEE, 0x07, 0x0E, 0x70, 0x70, 0x73, 0x87, 0x87, 0xFE, 0x38, 0x3F, 0xF3, 0x80,
    0x07, 0x3C, 0x00, 0x38, 0x38, 0x00, 0xC3, 0xE0, 0x07, 0x0F, 0x80, 0x3C, 0x3E, 0x00, 0xE0, 0xB8,
    0x07, 0x00, 0xE0, 0x3C, 0x03, 0x80, 0xE0, 0x0E, 0x07, 0x00, 0x38, 0x3C, 0x00, 0xE0, 0xE0, 0x03,
    0x87, 0x1F, 0x0E, 0x38, 0xFE, 0x01, 0xE3, 0xFC, 0x07, 0x1C, 0x70, 0x38, 0x01, 0xC1, 0xE0, 0x0E,
    0x07, 0x00, 0x78, 0x38, 0x03, 0xC1, 0xE0, 0x1E, 0x07, 0x00, 0xF0, 0x38, 0x03, 0xFD, 0xE0, 0x1F,
    0xF0, 0x3E, 0x00, 0x38, 0x7F, 0x00, 0x78, 0xFF, 0x80, 0x70, 0xE3, 0x80, 0xE0, 0x03, 0x81, 0xE0,
    0x1F, 0x01, 0xC0, 0x1F, 0x03, 0x80, 0x07, 0x87, 0x80, 0x03, 0x87, 0x00, 0xE3, 0x8E, 0x00, 0xFF,
    0x9C, 0x3C, 0x7F, 0x3C, 0x3C, 0x08, 0x38, 0x7C, 0x00, 0x70, 0x7C, 0x00, 0xF0, 0xFC, 0x00, 0xE1,
    0xDC, 0x01, 0xC1, 0xDC, 0x03, 0xC3, 0x9C, 0x03, 0x83, 0xFE, 0x07, 0x03, 0xFE, 0x0F, 0x00, 0x1C,
    0x0E, 0x00, 0x1C, 0x07, 0x80, 0x3C, 0x01, 0xE0, 0x07, 0x00, 0x00, 0x00, 0x00, 0x0E, 0x00, 0xF0,
    0x07, 0x80, 0x3C, 0x03, 0xC0, 0x7C, 0x07, 0xC0, 0x3C, 0x03, 0xC0, 0x1C, 0x00, 0xE0, 0x3F, 0x83,
    0xFC, 0x1E, 0xFF, 0xE3, 0xFE, 0x0F, 0xE0, 0x03, 0xC0, 0x00, 0x1C, 0x00, 0x01, 0xE0, 0x00, 0x0E,
    0x00, 0x00, 0x60, 0x00, 0x00, 0x00, 0x00, 0xE0, 0x00, 0x0F, 0x00, 0x01, 0xF0, 0x00, 0x1F, 0x80,
    0x01, 0xF8, 0x00, 0x3F, 0xC0, 0x03, 0x9C, 0x00, 0x39, 0xC0, 0x07, 0x9E, 0x00, 0x70, 0xE0, 0x0F,
    0x0E, 0x00, 0xF0, 0xF0, 0x0E, 0x07, 0x01, 0xFF, 0xF8, 0x1F, 0xFF, 0x81, 0xFF, 0xF8, 0x3C, 0x03,
    0xC3, 0x80, 0x3C, 0x38, 0x01, 0xC7, 0x80, 0x1E, 0x70, 0x00, 0xEF, 0x00, 0x0E, 0x00, 0x3C, 0x00,
    0x03, 0x80, 0x00, 0x70, 0x00, 0x07, 0x00, 0x00, 0x60, 0x00, 0x00, 0x00, 0x00, 0xE0, 0x00, 0x0F,
    0x00, 0x01, 0xF0, 0x00, 0x1F, 0x80, 0x01, 0xF8, 0x00, 0x3F, 0xC0, 0x03, 0x9C, 0x00, 0x39, 0xC0,
    0x07, 0x9E, 0x00, 0x70, 0xE0, 0x0F, 0x0E, 0x00, 0xF0, 0xF0, 0x0E, 0x07, 0x01, 0xFF, 0xF8, 0x1F,
    0xFF, 0x81, 0xFF, 0xF8, 0x3C, 0x03, 0xC3, 0x80, 0x3C, 0x38, 0x01, 0xC7, 0x80, 0x1E, 0x70, 0x00,
    0xEF, 0x00, 0x0E, 0x00, 0xF0, 0x00, 0x1F, 0x80, 0x03, 0xFC, 0x00, 0x79, 0xE0, 0x00, 0x00, 0x00,
    0x00, 0x00, 0x00, 0xE0, 0x00, 0x0F, 0x00, 0x01, 0xF0, 0x00, 0x1F, 0x80, 0x01, 0xF8, 0x00, 0x3F,
    0xC0, 0x03, 0x9C, 0x00, 0x39, 0xC0, 0x07, 0x9E, 0x00, 0x70, 0xE0, 0x0F, 0x0E, 0x00, 0xF0, 0xF0,
    0x0E, 0x07, 0x01, 0xFF, 0xF8, 0x1F, 0xFF, 0x81, 0xFF, 0xF8, 0x3C, 0x03, 0xC3, 0x80, 0x3C, 0x38,
    0x01, 0xC7, 0x80, 0x1E, 0x70, 0x00, 0xEF, 0x00, 0x0E, 0x01, 0xCC, 0x00, 0x3F, 0xC0, 0x03, 0xFC,
    0x00, 0x33, 0x80, 0x00, 0x00, 0x00, 0x00, 0x00, 0x00, 0xE0, 0x00, 0x0F, 0x00, 0x01, 0xF0, 0x00,
    0x1F, 0x80, 0x01, 0xF8, 0x00, 0x3F, 0xC0, 0x03, 0x9C, 0x00, 0x39, 0xC0, 0x07, 0x9E, 0x00, 0x70,
    0xE0, 0x0F, 0x0E, 0x00, 0xF0, 0xF0, 0x0E, 0x07, 0x01, 0xFF, 0xF8, 0x1F, 0xFF, 0x81, 0xFF, 0xF8,
    0x3C, 0x03, 0xC3, 0x80, 0x3C, 0x38, 0x01, 0xC7, 0x80, 0x1E, 0x70, 0x00, 0xEF, 0x00, 0x0E, 0x03,
    0x1C, 0x00, 0x79, 0xE0, 0x07, 0x9E, 0x00, 0x30, 0xC0, 0x00, 0x00, 0x00, 0x00, 0x00, 0x00, 0xE0,
    0x00, 0x0F, 0x00, 0x01, 0xF0, 0x00, 0x1F, 0x80, 0x01, 0xF8, 0x00, 0x3F, 0xC0, 0x03, 0x9C, 0x00,
    0x39, 0xC0, 0x07, 0x9E, 0x00, 0x70, 0xE0, 0x0F, 0x0E, 0x00, 0xF0, 0xF0, 0x0E, 0x07, 0x01, 0xFF,
    0xF8, 0x1F, 0xFF, 0x81, 0xFF, 0xF8, 0x3C, 0x03, 0xC3, 0x80, 0x3C, 0x38, 0x01, 0xC7, 0x80, 0x1E,
    0x70, 0x00, 0xEF, 0x00, 0x0E, 0x00, 0x00, 0x00, 0x1F, 0x80, 0x03, 0xF8, 0x00, 0x39, 0xC0, 0x03,
    0x9C, 0x00, 0x39, 0xC0, 0x01, 0xF8, 0x00, 0x0F, 0x00, 0x00, 0xE0, 0x00, 0x0F, 0x00, 0x01, 0xF0,
    0x00, 0x1F, 0x80, 0x01, 0xF8, 0x00, 0x3F, 0xC0, 0x03, 0x9C, 0x00, 0x39, 0xC0, 0x07, 0x9E, 0x00,
    0x70, 0xE0, 0x0F, 0x0E, 0x00, 0xF0, 0xF0, 0x0E, 0x07, 0x01, 0xFF, 0xF8, 0x1F, 0xFF, 0x81, 0xFF,
    0xF8, 0x3C, 0x03, 0xC3, 0x80, 0x3C, 0x38, 0x01, 0xC7, 0x80, 0x1E, 0x70, 0x00, 0xEF, 0x00, 0x0E,
    0x00, 0x1F, 0xFF, 0xE0, 0x03, 0xFF, 0xFE, 0x00, 0x3F, 0xFF, 0xE0, 0x07, 0x3F, 0xFE, 0x00, 0x73,
    0x80, 0x00, 0x0F, 0x38, 0x00, 0x00, 0xE3, 0x80, 0x00, 0x1E, 0x38, 0x00, 0x01, 0xC3, 0x80, 0x00,
    0x3C, 0x38, 0x00, 0x03, 0x83, 0xFF, 0xE0, 0x78, 0x3F, 0xFE, 0x07, 0x03, 0xFF, 0xE0, 0xFF, 0xF8,
    0x00, 0x0F, 0xFF, 0x80, 0x01, 0xFF, 0xF8, 0x00, 0x1C, 0x03, 0x80, 0x03, 0xC0, 0x38, 0x00, 0x3C,
    0x03, 0x80, 0x07, 0x80, 0x3F, 0xFE, 0x78, 0x03, 0xFF, 0xEF, 0x00, 0x3F, 0xFE, 0x01, 0xF8, 0x00,
    0xFF, 0xC0, 0x3F, 0xFE, 0x0F, 0xC7, 0xC3, 0xC0, 0x3C, 0x70, 0x03, 0xDE, 0x00, 0x7B, 0x80, 0x07,
    0x70, 0x00, 0x1E, 0x00, 0x03, 0xC0, 0x00, 0x78, 0x00, 0x0F, 0x00, 0x01, 0xE0, 0x00, 0x1C, 0x00,
    0x03, 0x80, 0x07, 0x78, 0x01, 0xE7, 0x80, 0x38, 0xF8, 0x1F, 0x0F, 0xFF, 0xC0, 0xFF, 0xF0, 0x0F,
    0xFC, 0x00, 0x3C, 0x00, 0x03, 0xC0, 0x00, 0x7C, 0x00, 0x03, 0x80, 0x03, 0xF0, 0x00, 0x7C, 0x00,
    0x1E, 0x00, 0x38, 0x00, 0x70, 0x01, 0xC0, 0x03, 0x00, 0x00, 0x07, 0xFF, 0xFF, 0xFF, 0xFF, 0xFF,
    0xFF, 0xEF, 0x00, 0x3C, 0x00, 0xF0, 0x03, 0xC0, 0x0F, 0x00, 0x3C, 0x00, 0xFF, 0xFB, 0xFF, 0xEF,
    0xFF, 0xBC, 0x00, 0xF0, 0x03, 0xC0, 0x0F, 0x00, 0x3C, 0x00, 0xF0, 0x03, 0xFF, 0xFF, 0xFF, 0xFF,
    0xFF, 0x01, 0xE0, 0x07, 0x00, 0x3C, 0x00, 0xE0, 0x03, 0x00, 0x00, 0x07, 0xFF, 0xFF, 0xFF, 0xFF,
    0xFF, 0xFF, 0xEF, 0x00, 0x3C, 0x00, 0xF0, 0x03, 0xC0, 0x0F, 0x00, 0x3C, 0x00, 0xFF, 0xFB, 0xFF,
    0xEF, 0xFF, 0xBC, 0x00, 0xF0, 0x03, 0xC0, 0x0F, 0x00, 0x3C, 0x00, 0xF0, 0x03, 0xFF, 0xFF, 0xFF,
    0xFF, 0xFF, 0x07, 0x80, 0x3F, 0x01, 0xFE, 0x0F, 0x3C, 0x00, 0x00, 0x00, 0x07, 0xFF, 0xFF, 0xFF,
    0xFF, 0xFF, 0xFF, 0xEF, 0x00, 0x3C, 0x00, 0xF0, 0x03, 0xC0, 0x0F, 0x00, 0x3C, 0x00, 0xFF, 0xFB,
    0xFF, 0xEF, 0xFF, 0xBC, 0x00, 0xF0, 0x03, 0xC0, 0x0F, 0x00, 0x3C, 0x00, 0xF0, 0x03, 0xFF, 0xFF,
    0xFF, 0xFF, 0xFF, 0x1C, 0x70, 0xF3, 0xC3, 0xCF, 0x06, 0x18, 0x00, 0x00, 0x00, 0x07, 0xFF, 0xFF,
    0xFF, 0xFF, 0xFF, 0xFF, 0xEF, 0x00, 0x3C, 0x00, 0xF0, 0x03, 0xC0, 0x0F, 0x00, 0x3C, 0x00, 0xFF,
    0xFB, 0xFF, 0xEF, 0xFF, 0xBC, 0x00, 0xF0, 0x03, 0xC0, 0x0F, 0x00, 0x3C, 0x00, 0xF0, 0x03, 0xFF,
    0xFF, 0xFF, 0xFF, 0xFF, 0xF1, 0xC7, 0x0E, 0x18, 0x01, 0x8F, 0x3C, 0xF3, 0xCF, 0x3C, 0xF3, 0xCF,
    0x3C, 0xF3, 0xCF, 0x3C, 0xF3, 0xCF, 0x3C, 0xF3, 0xCF, 0x3C, 0xE7, 0x1C, 0x60, 0x06, 0x3C, 0xF3,
    0xCF, 0x3C, 0xF3, 0xCF, 0x3C, 0xF3, 0xCF, 0x3C, 0xF3, 0xCF, 0x3C, 0xF3, 0xCF, 0x3C, 0x1E, 0x0F,
    0xC7, 0x7B, 0xCE, 0x00, 0x00, 0x00, 0xC0, 0x78, 0x1E, 0x07, 0x81, 0xE0, 0x78, 0x1E, 0x07, 0x81,
    0xE0, 0x78, 0x1E, 0x07, 0x81, 0xE0, 0x78, 0x1E, 0x07, 0x81, 0xE0, 0x78, 0x1E, 0x07, 0x81, 0xE0,
    0x78, 0xE3, 0xBC, 0xFF, 0x3D, 0x86, 0x00, 0x00, 0x00, 0xC0, 0x78, 0x1E, 0x07, 0x81, 0xE0, 0x78,
    0x1E, 0x07, 0x81, 0xE0, 0x78, 0x1E, 0x07, 0x81, 0xE0, 0x78, 0x1E, 0x07, 0x81, 0xE0, 0x78, 0x1E,
    0x07, 0x81, 0xE0, 0x78, 0x1F, 0xE0, 0x01, 0xFF, 0xE0, 0x1F, 0xFF, 0x01, 0xFF, 0xF8, 0x1C, 0x03,
    0xC1, 0xC0, 0x1E, 0x1C, 0x00, 0xE1, 0xC0, 0x0F, 0x1C, 0x00, 0xF1, 0xC0, 0x07, 0xFF, 0xF0, 0x7F,
    0xFF, 0x07, 0xFF, 0xF0, 0x71, 0xC0, 0x07, 0x1C, 0x00, 0xF1, 0xC0, 0x0F, 0x1C, 0x01, 0xE1, 0xC0,
    0x1E, 0x1C, 0x07, 0xC1, 0xFF, 0xF8, 0x1F, 0xFF, 0x01, 0xFF, 0xC0, 0x03, 0x98, 0x01, 0xFE, 0x00,
    0xFF, 0x80, 0x19, 0xC0, 0x00, 0x00, 0x00, 0x00, 0x07, 0x00, 0x1B, 0xC0, 0x0F, 0xF8, 0x03, 0xFF,
    0x00, 0xFF, 0xC0, 0x3F, 0xF8, 0x0F, 0xEF, 0x03, 0xFB, 0xC0, 0xFE, 0x78, 0x3F, 0xCF, 0x0F, 0xF3,
    0xC3, 0xFC, 0x78, 0xFF, 0x0E, 0x3F, 0xC3, 0xCF, 0xF0, 0x7B, 0xFC, 0x0E, 0xFF, 0x03, 0xFF, 0xC0,
    0x7F, 0xF0, 0x1F, 0xFC, 0x03, 0xFF, 0x00, 0x7F, 0xC0, 0x1F, 0x03, 0xC0, 0x00, 0x1C, 0x00, 0x00,
    0xE0, 0x00, 0x0E, 0x00, 0x00, 0x60, 0x00, 0x00, 0x00, 0x01, 0xF8, 0x00, 0x7F, 0xE0, 0x0F, 0xFF,
    0x01, 0xF8, 0xF8, 0x3C, 0x03, 0xC3, 0x80, 0x1E, 0x78, 0x01, 0xE7, 0x00, 0x0E, 0x70, 0x00, 0xFF,
    0x00, 0x0F, 0xF0, 0x00, 0x7F, 0x00, 0x07, 0xF0, 0x00, 0x7F, 0x00, 0x0F, 0x70, 0x00, 0xF7, 0x00,
    0x0E, 0x78, 0x01, 0xE3, 0xC0, 0x1E, 0x3E, 0x07, 0xC1, 0xFF, 0xF8, 0x0F, 0xFF, 0x00, 0x7F, 0xE0,
    0x00, 0xF0, 0x00, 0x00, 0x3C, 0x00, 0x03, 0x80, 0x00, 0x78, 0x00, 0x07, 0x00, 0x00, 0x60, 0x00,
    0x00, 0x00, 0x01, 0xF8, 0x00, 0x7F, 0xE0, 0x0F, 0xFF, 0x01, 0xF8, 0xF8, 0x3C, 0x03, 0xC3, 0x80,
    0x1E, 0x78, 0x01, 0xE7, 0x00, 0x0E, 0x70, 0x00, 0xFF, 0x00, 0x0F, 0xF0, 0x00, 0x7F, 0x00, 0x07,
    0xF0, 0x00, 0x7F, 0x00, 0x0F, 0x70, 0x00, 0xF7, 0x00, 0x0E, 0x78, 0x01, 0xE3, 0xC0, 0x1E, 0x3E,
    0x07, 0xC1, 0xFF, 0xF8, 0x0F, 0xFF, 0x00, 0x7F, 0xE0, 0x00, 0xF0, 0x00, 0x00, 0xF0, 0x00, 0x1F,
    0x80, 0x03, 0xDC, 0x00, 0x79, 0xE0, 0x00, 0x00, 0x00, 0x00, 0x00, 0x01, 0xF8, 0x00, 0x7F, 0xE0,
    0x0F, 0xFF, 0x01, 0xF8, 0xF8, 0x3C, 0x03, 0xC3, 0x80, 0x1E, 0x78, 0x01, 0xE7, 0x00, 0x0E, 0x70,
    0x00, 0xFF, 0x00, 0x0F, 0xF0, 0x00, 0x7F, 0x00, 0x07, 0xF0, 0x00, 0x7F, 0x00, 0x0F, 0x70, 0x00,
    0xF7, 0x00, 0x0E, 0x78, 0x01, 0xE3, 0xC0, 0x1E, 0x3E, 0x07, 0xC1, 0xFF, 0xF8, 0x0F, 0xFF, 0x00,
    0x7F, 0xE0, 0x00, 0xF0, 0x00, 0x01, 0xCC, 0x00, 0x3F, 0xC0, 0x03, 0xFC, 0x00, 0x31, 0x80, 0x00,
    0x00, 0x00, 0x00, 0x00, 0x01, 0xF8, 0x00, 0x7F, 0xE0, 0x0F, 0xFF, 0x01, 0xF8, 0xF8, 0x3C, 0x03,
    0xC3, 0x80, 0x1E, 0x78, 0x01, 0xE7, 0x00, 0x0E, 0x70, 0x00, 0xFF, 0x00, 0x0F, 0xF0, 0x00, 0x7F,
    0x00, 0x07, 0xF0, 0x00, 0x7F, 0x00, 0x0F, 0x70, 0x00, 0xF7, 0x00, 0x0E, 0x78, 0x01, 0xE3, 0xC0,
    0x1E, 0x3E, 0x07, 0xC1, 0xFF, 0xF8, 0x0F, 0xFF, 0x00, 0x7F, 0xE0, 0x00, 0xF0, 0x00, 0x03, 0x8E,
    0x00, 0x79, 0xE0, 0x07, 0x9E, 0x00, 0x30, 0xC0, 0x00, 0x00, 0x00, 0x00, 0x00, 0x01, 0xF8, 0x00,
    0x7F, 0xE0, 0x0F, 0xFF, 0x01, 0xF8, 0xF8, 0x3C, 0x03, 0xC3, 0x80, 0x1E, 0x78, 0x01, 0xE7, 0x00,
    0x0E, 0x70, 0x00, 0xFF, 0x00, 0x0F, 0xF0, 0x00, 0x7F, 0x00, 0x07, 0xF0, 0x00, 0x7F, 0x00, 0x0F,
    0x70, 0x00, 0xF7, 0x00, 0x0E, 0x78, 0x01, 0xE3, 0xC0, 0x1E, 0x3E, 0x07, 0xC1, 0xFF, 0xF8, 0x0F,
    0xFF, 0x00, 0x7F, 0xE0, 0x00, 0xF0, 0x00, 0x30, 0x0C, 0xF0, 0x39, 0xF0, 0xF1, 0xF3, 0xC1, 0xFF,
    0x01, 0xFC, 0x01, 0xF0, 0x03, 0xF0, 0x0F, 0xF0, 0x3D, 0xF0, 0xF1, 0xF3, 0xC1, 0xE7, 0x01, 0xC4,
    0x01, 0x00, 0x01, 0xF8, 0xC0, 0x7F, 0xFE, 0x0F, 0xFF, 0xC1, 0xF8, 0xFC, 0x3C, 0x07, 0xC3, 0x80,
    0x7E, 0x78, 0x0F, 0xE7, 0x01, 0xEE, 0x70, 0x3C, 0xFF, 0x03, 0x8F, 0xF0, 0x78, 0x7F, 0x0F, 0x07,
    0xF1, 0xE0, 0x7F, 0x1C, 0x0F, 0x73, 0xC0, 0xF7, 0x78, 0x0E, 0x7F, 0x01, 0xE3, 0xF0, 0x1E, 0x3E,
    0x07, 0xC3, 0xFF, 0xF8, 0x3F, 0xFF, 0x07, 0xFF, 0xE0, 0x30, 0xF0, 0x00, 0x07, 0x00, 0x01, 0xC0,
    0x00, 0xE0, 0x00, 0x38, 0x00, 0x0C, 0x00, 0x00, 0x03, 0x80, 0x0F, 0xC0, 0x07, 0xE0, 0x03, 0xF0,
    0x01, 0xF8, 0x00, 0xFC, 0x00, 0x7E, 0x00, 0x3F, 0x00, 0x1F, 0x80, 0x0F, 0xC0, 0x07, 0xE0, 0x03,
    0xF0, 0x01, 0xF8, 0x00, 0xFC, 0x00, 0x7E, 0x00, 0x3F, 0x80, 0x1F, 0xC0, 0x0E, 0xE0, 0x0F, 0x78,
    0x0F, 0x1F, 0xFF, 0x87, 0xFF, 0x81, 0xFF, 0x80, 0x1E, 0x00, 0x00, 0x78, 0x00, 0x38, 0x00, 0x38,
    0x00, 0x1C, 0x00, 0x0C, 0x00, 0x00, 0x03, 0x80, 0x0F, 0xC0, 0x07, 0xE0, 0x03, 0xF0, 0x01, 0xF8,
    0x00, 0xFC, 0x00, 0x7E, 0x00, 0x3F, 0x00, 0x1F, 0x80, 0x0F, 0xC0, 0x07, 0xE0, 0x03, 0xF0, 0x01,
    0xF8, 0x00, 0xFC, 0x00, 0x7E, 0x00, 0x3F, 0x80, 0x1F, 0xC0, 0x0E, 0xE0, 0x0F, 0x78, 0x0F, 0x1F,
    0xFF, 0x87, 0xFF, 0x81, 0xFF, 0x80, 0x1E, 0x00, 0x01, 0xE0, 0x01, 0xF8, 0x01, 0xDE, 0x01, 0xE7,
    0x00, 0x00, 0x00, 0x00, 0x03, 0x80, 0x0F, 0xC0, 0x07, 0xE0, 0x03, 0xF0, 0x01, 0xF8, 0x00, 0xFC,
    0x00, 0x7E, 0x00, 0x3F, 0x00, 0x1F, 0x80, 0x0F, 0xC0, 0x07, 0xE0, 0x03, 0xF0, 0x01, 0xF8, 0x00,
    0xFC, 0x00, 0x7E, 0x00, 0x3F, 0x80, 0x1F, 0xC0, 0x0E, 0xE0, 0x0F, 0x78, 0x0F, 0x1F, 0xFF, 0x87,
    0xFF, 0x81, 0xFF, 0x80, 0x1E, 0x00, 0x0E, 0x38, 0x07, 0x9E, 0x03, 0xCF, 0x01, 0xC7, 0x00, 0x00,
    0x00, 0x00, 0x03, 0x80, 0x0F, 0xC0, 0x07, 0xE0, 0x03, 0xF0, 0x01, 0xF8, 0x00, 0xFC, 0x00, 0x7E,
    0x00, 0x3F, 0x00, 0x1F, 0x80, 0x0F, 0xC0, 0x07, 0xE0, 0x03, 0xF0, 0x01, 0xF8, 0x00, 0xFC, 0x00,
    0x7E, 0x00, 0x3F, 0x80, 0x1F, 0xC0, 0x0E, 0xE0, 0x0F, 0x78, 0x0F, 0x1F, 0xFF, 0x87, 0xFF, 0x81,
    0xFF, 0x80, 0x1E, 0x00, 0x00, 0x3C, 0x00, 0x07, 0x00, 0x01, 0xC0, 0x00, 0x38, 0x00, 0x06, 0x00,
    0x00, 0x00, 0x1C, 0x00, 0x3B, 0xC0, 0x0F, 0x78, 0x03, 0xC7, 0x80, 0x78, 0x70, 0x1E, 0x0F, 0x03,
    0x80, 0xF0, 0xF0, 0x1E, 0x3C, 0x01, 0xE7, 0x80, 0x1D, 0xE0, 0x03, 0xF8, 0x00, 0x3F, 0x00, 0x03,
    0xC0, 0x00, 0x78, 0x00, 0x0F, 0x00, 0x01, 0xE0, 0x00, 0x3C, 0x00, 0x07, 0x80, 0x00, 0xF0, 0x00,
    0x1E, 0x00, 0x03, 0xC0, 0x00, 0x78, 0x00, 0xE0, 0x01, 0xC0, 0x03, 0x80, 0x07, 0x00, 0x0E, 0x00,
    0x1F, 0xFC, 0x3F, 0xFC, 0x7F, 0xFC, 0xE0, 0x3D, 0xC0, 0x3B, 0x80, 0x77, 0x00, 0xEE, 0x01, 0xDC,
    0x07, 0xB8, 0x3F, 0x7F, 0xFC, 0xFF, 0xF1, 0xFF, 0x03, 0x80, 0x07, 0x00, 0x0E, 0x00, 0x1C, 0x00,
    0x00, 0x0F, 0x80, 0x7F, 0xC1, 0xFF, 0xC3, 0xC7, 0xCF, 0x07, 0x9C, 0x07, 0x38, 0x0E, 0x70, 0x1C,
    0xE0, 0x79, 0xC1, 0xE3, 0x9F, 0x87, 0x3F, 0x8E, 0x7F, 0x9C, 0x07, 0xB8, 0x07, 0x70, 0x0F, 0xE0,
    0x1F, 0xC0, 0x3B, 0x80, 0xF7, 0x3F, 0xEE, 0x7F, 0x9C, 0xFC, 0x00, 0x1E, 0x00, 0x70, 0x03, 0xC0,
    0x0E, 0x00, 0x30, 0x00, 0x00, 0x7F, 0x87, 0xFE, 0x7F, 0xFB, 0x83, 0xDC, 0x0E, 0x00, 0x70, 0x3F,
    0x9F, 0xFD, 0xFF, 0xFF, 0x87, 0xF0, 0x3F, 0x01, 0xF8, 0x1F, 0xF1, 0xF7, 0xFF, 0x9F, 0xDC, 0x38,
    0x00, 0x01, 0xE0, 0x0E, 0x00, 0xE0, 0x07, 0x00, 0x30, 0x00, 0x00, 0x7F, 0x87, 0xFE, 0x7F, 0xFB,
    0x83, 0xDC, 0x0E, 0x00, 0x70, 0x3F, 0x9F, 0xFD, 0xFF, 0xFF, 0x87, 0xF0, 0x3F, 0x01, 0xF8, 0x1F,
    0xF1, 0xF7, 0xFF, 0x9F, 0xDC, 0x38, 0x00, 0x07, 0x80, 0x7E, 0x07, 0x78, 0x79, 0xE0, 0x00, 0x00,
    0x00, 0x7F, 0x87, 0xFE, 0x7F, 0xFB, 0x83, 0xDC, 0x0E, 0x00, 0x70, 0x3F, 0x9F, 0xFD, 0xFF, 0xFF,
    0x87, 0xF0, 0x3F, 0x01, 0xF8, 0x1F, 0xF1, 0xF7, 0xFF, 0x9F, 0xDC, 0x38, 0x00, 0x0E, 0x60, 0xFF,
    0x0F, 0xF8, 0x33, 0x80, 0x00, 0x00, 0x00, 0x7F, 0x87, 0xFE, 0x7F, 0xFB, 0x83, 0xDC, 0x0E, 0x00,
    0x70, 0x3F, 0x9F, 0xFD, 0xFF, 0xFF, 0x87, 0xF0, 0x3F, 0x01, 0xF8, 0x1F, 0xF1, 0xF7, 0xFF, 0x9F,
    0xDC, 0x38, 0x00, 0x38, 0xE1, 0xE7, 0x8F, 0x3C, 0x30, 0xC0, 0x00, 0x00, 0x00, 0x7F, 0x87, 0xFE,
    0x7F, 0xFB, 0x83, 0xDC, 0x0E, 0x00, 0x70, 0x3F, 0x9F, 0xFD, 0xFF, 0xFF, 0x87, 0xF0, 0x3F, 0x01,
    0xF8, 0x1F, 0xF1, 0xF7, 0xFF, 0x9F, 0xDC, 0x38, 0x00, 0x07, 0x80, 0x7E, 0x07, 0x38, 0x39, 0xC1,
    0xCE, 0x0F, 0xE0, 0x3F, 0x00, 0x60, 0x1F, 0xE1, 0xFF, 0x9F, 0xFE, 0xE0, 0xF7, 0x03, 0x80, 0x1C,
    0x0F, 0xE7, 0xFF, 0x7F, 0xFF, 0xE1, 0xFC, 0x0F, 0xC0, 0x7E, 0x07, 0xFC, 0x7D, 0xFF, 0xE7, 0xF7,
    0x0E, 0x00, 0x1F, 0xC3, 0xF8, 0x1F, 0xFB, 0xFE, 0x1F, 0xFF, 0xFF, 0x8E, 0x0F, 0xC1, 0xE7, 0x03,
    0xC0, 0x70, 0x01, 0xC0, 0x38, 0x0F, 0xFF, 0xFC, 0x7F, 0xFF, 0xFF, 0x7F, 0xFF, 0xFF, 0xFC, 0x1C,
    0x00, 0x3C, 0x0E, 0x00, 0x1C, 0x07, 0x80, 0xCE, 0x07, 0xC0, 0xF7, 0xC7, 0xF8, 0xF9, 0xFF, 0xBF,
    0xF8, 0x7F, 0x8F, 0xF8, 0x0F, 0x00, 0xE0, 0x00, 0x0F, 0xE0, 0x3F, 0xE0, 0xFF, 0xE3, 0xC1, 0xE7,
    0x01, 0xDE, 0x00, 0x38, 0x00, 0x70, 0x00, 0xE0, 0x01, 0xC0, 0x03, 0xC0, 0x03, 0x80, 0xE7, 0x83,
    0xCF, 0x8F, 0x8F, 0xFE, 0x0F, 0xF8, 0x03, 0x80, 0x07, 0x80, 0x0F, 0x80, 0x03, 0x00, 0x3E, 0x00,
    0x7C, 0x00, 0x0E, 0x00, 0x1E, 0x00, 0x1C, 0x00, 0x1C, 0x00, 0x30, 0x00, 0x00, 0x03, 0xF8, 0x0F,
    0xF8, 0x3F, 0xF8, 0xF0, 0x79, 0xC0, 0x77, 0x80, 0xFF, 0xFF, 0xFF, 0xFF, 0xFF, 0xFF, 0xF0, 0x00,
    0xF0, 0x00, 0xE0, 0x31, 0xE0, 0x73, 0xE3, 0xE3, 0xFF, 0x83, 0xFE, 0x00, 0xF0, 0x00, 0x00, 0xE0,
    0x03, 0xC0, 0x07, 0x00, 0x1C, 0x00, 0x30, 0x00, 0x00, 0x03, 0xF8, 0x0F, 0xF8, 0x3F, 0xF8, 0xF0,
    0x79, 0xC0, 0x77, 0x80, 0xFF, 0xFF, 0xFF, 0xFF, 0xFF, 0xFF, 0xF0, 0x00, 0xF0, 0x00, 0xE0, 0x31,
    0xE0, 0x73, 0xE3, 0xE3, 0xFF, 0x83, 0xFE, 0x00, 0xF0, 0x00, 0x07, 0xC0, 0x1F, 0x80, 0x3B, 0x80,
    0xE3, 0x80, 0x00, 0x00, 0x00, 0x03, 0xF8, 0x0F, 0xF8, 0x3F, 0xF8, 0xF0, 0x79, 0xC0, 0x77, 0x80,
    0xFF, 0xFF, 0xFF, 0xFF, 0xFF, 0xFF, 0xF0, 0x00, 0xF0, 0x00, 0xE0, 0x31, 0xE0, 0x73, 0xE3, 0xE3,
    0xFF, 0x83, 0xFE, 0x00, 0xF0, 0x00, 0x1C, 0x70, 0x79, 0xE0, 0xF3, 0xC0, 0xE3, 0x80, 0x00, 0x00,
    0x00, 0x03, 0xF8, 0x0F, 0xF8, 0x3F, 0xF8, 0xF0, 0x79, 0xC0, 0x77, 0x80, 0xFF, 0xFF, 0xFF, 0xFF,
    0xFF, 0xFF, 0xF0, 0x00, 0xF0, 0x00, 0xE0, 0x31, 0xE0, 0x73, 0xE3, 0xE3, 0xFF, 0x83, 0xFE, 0x00,
    0xF0, 0x00, 0x71, 0xE3, 0x87, 0x18, 0x01, 0xC7, 0x1C, 0x71, 0xC7, 0x1C, 0x71, 0xC7, 0x1C, 0x71,
    0xC7, 0x1C, 0x70, 0x39, 0xE7, 0x38, 0xC0, 0x0E, 0x38, 0xE3, 0x8E, 0x38, 0xE3, 0x8E, 0x38, 0xE3,
    0x8E, 0x38, 0xE3, 0x80, 0x1F, 0x0F, 0xC3, 0xB9, 0xC7, 0x00, 0x00, 0x00, 0xE0, 0x38, 0x0E, 0x03,
    0x80, 0xE0, 0x38, 0x0E, 0x03, 0x80, 0xE0, 0x38, 0x0E, 0x03, 0x80, 0xE0, 0x38, 0x0E, 0x03, 0x80,
    0x71, 0xDE, 0x79, 0xCF, 0x38, 0xE0, 0x00, 0x00, 0x03, 0x80, 0x70, 0x0E, 0x01, 0xC0, 0x38, 0x07,
    0x00, 0xE0, 0x1C, 0x03, 0x80, 0x70, 0x0E, 0x01, 0xC0, 0x38, 0x07, 0x00, 0xE0, 0x1C, 0x00, 0x08,
    0x00, 0x1C, 0x20, 0x7F, 0xE0, 0x3F, 0x80, 0x7E, 0x03, 0xFC, 0x03, 0x1C, 0x00, 0x3C, 0x0F, 0xF8,
    0x7F, 0xF8, 0xFF, 0xF3, 0xC1, 0xE7, 0x01, 0xFE, 0x03, 0xF8, 0x07, 0xF0, 0x07, 0xE0, 0x0F, 0xE0,
    0x3F, 0xC0, 0x73, 0xC1, 0xE7, 0xC7, 0x87, 0xFF, 0x07, 0xFC, 0x01, 0xC0, 0x1C, 0x61, 0xFF, 0x0F,
    0xF0, 0x63, 0x80, 0x00, 0x00, 0x03, 0xBF, 0x9F, 0xFE, 0xFF, 0xF7, 0x83, 0xFC, 0x0F, 0xC0, 0x7E,
    0x03, 0xF0, 0x1F, 0x80, 0xFC, 0x07, 0xE0, 0x3F, 0x01, 0xF8, 0x0F, 0xC0, 0x7E, 0x03, 0xF0, 0x1C,
    0x0E, 0x00, 0x1E, 0x00, 0x1C, 0x00, 0x1C, 0x00, 0x18, 0x00, 0x00, 0x03, 0xF8, 0x0F, 0xF8, 0x3F,
    0xF8, 0xF0, 0x79, 0xC0, 0x7F, 0x80, 0xFE, 0x00, 0xFC, 0x01, 0xF8, 0x03, 0xF0, 0x07, 0xF0, 0x0E,
    0xE0, 0x3D, 0xE0, 0xF3, 0xE3, 0xE3, 0xFF, 0x83, 0xFE, 0x00, 0xE0, 0x00, 0x00, 0xE0, 0x03, 0xC0,
    0x07, 0x00, 0x1C, 0x00, 0x18, 0x00, 0x00, 0x03, 0xF8, 0x0F, 0xF8, 0x3F, 0xF8, 0xF0, 0x79, 0xC0,
    0x7F, 0x80, 0xFE, 0x00, 0xFC, 0x01, 0xF8, 0x03, 0xF0, 0x07, 0xF0, 0x0E, 0xE0, 0x3D, 0xE0, 0xF3,
    0xE3, 0xE3, 0xFF, 0x83, 0xFE, 0x00, 0xE0, 0x00, 0x07, 0xC0, 0x0F, 0xC0, 0x3B, 0x80, 0xE3, 0x80,
    0x00, 0x00, 0x00, 0x03, 0xF8, 0x0F, 0xF8, 0x3F, 0xF8, 0xF0, 0x79, 0xC0, 0x7F, 0x80, 0xFE, 0x00,
    0xFC, 0x01, 0xF8, 0x03, 0xF0, 0x07, 0xF0, 0x0E, 0xE0, 0x3D, 0xE0, 0xF3, 0xE3, 0xE3, 0xFF, 0x83,
    0xFE, 0x00, 0xE0, 0x00, 0x0E, 0x30, 0x1F, 0xE0, 0x7F, 0xC0, 0xC7, 0x00, 0x00, 0x00, 0x00, 0x03,
    0xF8, 0x0F, 0xF8, 0x3F, 0xF8, 0xF0, 0x79, 0xC0, 0x7F, 0x80, 0xFE, 0x00, 0xFC, 0x01, 0xF8, 0x03,
    0xF0, 0x07, 0xF0, 0x0E, 0xE0, 0x3D, 0xE0, 0xF3, 0xE3, 0xE3, 0xFF, 0x83, 0xFE, 0x00, 0xE0, 0x00,
    0x1C, 0x70, 0x3C, 0xF0, 0x79, 0xC0, 0xE3, 0x80, 0x00, 0x00, 0x00, 0x03, 0xF8, 0x0F, 0xF8, 0x3F,
    0xF8, 0xF0, 0x79, 0xC0, 0x7F, 0x80, 0xFE, 0x00, 0xFC, 0x01, 0xF8, 0x03, 0xF0, 0x07, 0xF0, 0x0E,
    0xE0, 0x3D, 0xE0, 0xF3, 0xE3, 0xE3, 0xFF, 0x83, 0xFE, 0x00, 0xE0, 0x00, 0x03, 0x80, 0x0F, 0x80,
    0x1F, 0x00, 0x1C, 0x00, 0x10, 0x00, 0x00, 0x1F, 0xFF, 0x3F, 0xFF, 0x7F, 0xFE, 0x00, 0x00, 0x00,
    0x00, 0x1C, 0x00, 0x7C, 0x00, 0xF8, 0x00, 0xE0, 0x00, 0x00, 0x04, 0x0F, 0xEE, 0x1F, 0xFE, 0x3F,
    0xFC, 0x78, 0x3C, 0x70, 0x7E, 0xF0, 0xFE, 0xE1, 0xEE, 0xE3, 0xCE, 0xE7, 0x8E, 0xE7, 0x0E, 0xFE,
    0x0E, 0x7C, 0x1E, 0x7C, 0x3C, 0x7C, 0x7C, 0xFF, 0xF8, 0xFF, 0xF0, 0x43, 0x80, 0x1C, 0x00, 0xF0,
    0x03, 0x80, 0x0E, 0x00, 0x60, 0x00, 0x03, 0x80, 0xFC, 0x07, 0xE0, 0x3F, 0x01, 0xF8, 0x0F, 0xC0,
    0x7E, 0x03, 0xF0, 0x1F, 0x80, 0xFC, 0x07, 0xE0, 0x3F, 0x01, 0xFC, 0x1F, 0xFB, 0xF7, 0xFF, 0x9F,
    0xDC, 0x38, 0x00, 0x01, 0xC0, 0x1E, 0x00, 0xE0, 0x0E, 0x00, 0x60, 0x00, 0x03, 0x80, 0xFC, 0x07,
    0xE0, 0x3F, 0x01, 0xF8, 0x0F, 0xC0, 0x7E, 0x03, 0xF0, 0x1F, 0x80, 0xFC, 0x07, 0xE0, 0x3F, 0x01,
    0xFC, 0x1F, 0xFB, 0xF7, 0xFF, 0x9F, 0xDC, 0x38, 0x00, 0x0F, 0x80, 0xFC, 0x07, 0x70, 0x71, 0xC0,
    0x00, 0x00, 0x03, 0x80, 0xFC, 0x07, 0xE0, 0x3F, 0x01, 0xF8, 0x0F, 0xC0, 0x7E, 0x03, 0xF0, 0x1F,
    0x80, 0xFC, 0x07, 0xE0, 0x3F, 0x01, 0xFC, 0x1F, 0xFB, 0xF7, 0xFF, 0x9F, 0xDC, 0x38, 0x00, 0x38,
    0xE3, 0xCF, 0x0E, 0x38, 0x71, 0xC0, 0x00, 0x00, 0x03, 0x80, 0xFC, 0x07, 0xE0, 0x3F, 0x01, 0xF8,
    0x0F, 0xC0, 0x7E, 0x03, 0xF0, 0x1F, 0x80, 0xFC, 0x07, 0xE0, 0x3F, 0x01, 0xFC, 0x1F, 0xFB, 0xF7,
    0xFF, 0x9F, 0xDC, 0x38, 0x00, 0x00, 0xF0, 0x00, 0xE0, 0x01, 0xE0, 0x01, 0xC0, 0x01, 0x80, 0x00,
    0x00, 0x70, 0x0F, 0x70, 0x0E, 0x78, 0x1E, 0x38, 0x1E, 0x38, 0x1C, 0x3C, 0x3C, 0x1C, 0x38, 0x1C,
    0x38, 0x1E, 0x78, 0x0E, 0x70, 0x0F, 0x70, 0x07, 0xE0, 0x07, 0xE0, 0x07, 0xE0, 0x03, 0xC0, 0x03,
    0xC0, 0x03, 0xC0, 0x03, 0x80, 0x07, 0x80, 0x3F, 0x00, 0x3F, 0x00, 0x3E, 0x00, 0x00, 0x00, 0xE0,
    0x01, 0xC0, 0x03, 0x80, 0x07, 0x00, 0x0E, 0x00, 0x1C, 0x00, 0x3B, 0xF8, 0x7F, 0xF8, 0xFF, 0xF9,
    0xF0, 0x7B, 0xC0, 0xF7, 0x00, 0xEE, 0x01, 0xDC, 0x03, 0xF8, 0x07, 0xF0, 0x0E, 0xE0, 0x1D, 0xE0,
    0x3B, 0xC0, 0xF7, 0xE7, 0xCF, 0xFF, 0x1D, 0xFC, 0x38, 0xE0, 0x70, 0x00, 0xE0, 0x01, 0xC0, 0x03,
    0x80, 0x07, 0x00, 0x00, 0x0C, 0x30, 0x1E, 0x78, 0x1E, 0x78, 0x0C, 0x30, 0x00, 0x00, 0x00, 0x00,
    0x70, 0x0F, 0x70, 0x0E, 0x78, 0x1E, 0x38, 0x1E, 0x38, 0x1C, 0x3C, 0x3C, 0x1C, 0x38, 0x1C, 0x38,
    0x1E, 0x78, 0x0E, 0x70, 0x0F, 0x70, 0x07, 0xE0, 0x07, 0xE0, 0x07, 0xE0, 0x03, 0xC0, 0x03, 0xC0,
    0x03, 0xC0, 0x03, 0x80, 0x07, 0x80, 0x3F, 0x00, 0x3F, 0x00, 0x3E, 0x00, 0x00, 0x00, 0x03, 0xFC,
    0x00, 0x3F, 0xC0, 0x00, 0x00, 0x00, 0x00, 0x00, 0x00, 0x00, 0x00, 0x0E, 0x00, 0x00, 0xF0, 0x00,
    0x1F, 0x00, 0x01, 0xF8, 0x00, 0x1F, 0x80, 0x03, 0xFC, 0x00, 0x39, 0xC0, 0x03, 0x9C, 0x00, 0x79,
    0xE0, 0x07, 0x0E, 0x00, 0xF0, 0xE0, 0x0F, 0x0F, 0x00, 0xE0, 0x70, 0x1F, 0xFF, 0x81, 0xFF, 0xF8,
    0x1F, 0xFF, 0x83, 0xC0, 0x3C, 0x38, 0x03, 0xC3, 0x80, 0x1C, 0x78, 0x01, 0xE7, 0x00, 0x0E, 0xF0,
    0x00, 0xE0, 0x1F, 0xE0, 0xFF, 0x00, 0x00, 0x00, 0x00, 0x00, 0x0F, 0xF0, 0xFF, 0xCF, 0xFF, 0x70,
    0x7B, 0x81, 0xC0, 0x0E, 0x07, 0xF3, 0xFF, 0xBF, 0xFF, 0xF0, 0xFE, 0x07, 0xE0, 0x3F, 0x03, 0xFE,
    0x3E, 0xFF, 0xF3, 0xFB, 0x87, 0x00, 0x03, 0x0C, 0x00, 0x39, 0xC0, 0x03, 0xFC, 0x00, 0x1F, 0x80,
    0x00, 0x00, 0x00, 0x00, 0x00, 0x00, 0xE0, 0x00, 0x0F, 0x00, 0x01, 0xF0, 0x00, 0x1F, 0x80, 0x01,
    0xF8, 0x00, 0x3F, 0xC0, 0x03, 0x9C, 0x00, 0x39, 0xC0, 0x07, 0x9E, 0x00, 0x70, 0xE0, 0x0F, 0x0E,
    0x00, 0xF0, 0xF0, 0x0E, 0x07, 0x01, 0xFF, 0xF8, 0x1F, 0xFF, 0x81, 0xFF, 0xF8, 0x3C, 0x03, 0xC3,
    0x80, 0x3C, 0x38, 0x01, 0xC7, 0x80, 0x1E, 0x70, 0x00, 0xEF, 0x00, 0x0E, 0x38, 0x60, 0xE7, 0x07,
    0xF8, 0x1F, 0x80, 0x00, 0x00, 0x00, 0x7F, 0x87, 0xFE, 0x7F, 0xFB, 0x83, 0xDC, 0x0E, 0x00, 0x70,
    0x3F, 0x9F, 0xFD, 0xFF, 0xFF, 0x87, 0xF0, 0x3F, 0x01, 0xF8, 0x1F, 0xF1, 0xF7, 0xFF, 0x9F, 0xDC,
    0x38, 0x00, 0x00, 0xE0, 0x00, 0x0F, 0x00, 0x01, 0xF0, 0x00, 0x1F, 0x80, 0x01, 0xF8, 0x00, 0x3F,
    0xC0, 0x03, 0x9C, 0x00, 0x39, 0xC0, 0x07, 0x9E, 0x00, 0x70, 0xE0, 0x0F, 0x0E, 0x00, 0xF0, 0xF0,
    0x0E, 0x07, 0x01, 0xFF, 0xF8, 0x1F, 0xFF, 0x81, 0xFF, 0xF8, 0x3C, 0x03, 0xC3, 0x80, 0x3C, 0x38,
    0x01, 0xC7, 0x80, 0x1E, 0x70, 0x00, 0xEF, 0x00, 0x0E, 0x00, 0x01, 0xE0, 0x00, 0x1C, 0x00, 0x03,
    0x80, 0x00, 0x3C, 0x00, 0x03, 0xF0, 0x00, 0x1F, 0x00, 0x00, 0x40, 0x1F, 0xE0, 0xFF, 0xC7, 0xFF,
    0x9C, 0x1E, 0x70, 0x38, 0x00, 0xE0, 0x3F, 0x8F, 0xFE, 0x7F, 0xFB, 0xF0, 0xEF, 0x03, 0xB8, 0x0E,
    0xE0, 0x7B, 0xE3, 0xE7, 0xFF, 0x8F, 0xEE, 0x0E, 0x78, 0x03, 0xC0, 0x0E, 0x00, 0x3E, 0x00, 0xFC,
    0x01, 0xF0, 0x00, 0x00, 0x00, 0x3C, 0x00, 0x07, 0x00, 0x01, 0xE0, 0x00, 0x38, 0x00, 0x06, 0x00,
    0x00, 0x00, 0x00, 0x7E, 0x00, 0x3F, 0xF0, 0x0F, 0xFF, 0x83, 0xF1, 0xF0, 0xF0, 0x0F, 0x1C, 0x00,
    0xF7, 0x80, 0x1E, 0xE0, 0x01, 0xDC, 0x00, 0x07, 0x80, 0x00, 0xF0, 0x00, 0x1E, 0x00, 0x03, 0xC0,
    0x00, 0x78, 0x00, 0x07, 0x00, 0x00, 0xE0, 0x01, 0xDE, 0x00, 0x79, 0xE0, 0x0E, 0x3E, 0x07, 0xC3,
    0xFF, 0xF0, 0x3F, 0xFC, 0x03, 0xFF, 0x00, 0x0F, 0x00, 0x00, 0xE0, 0x03, 0xC0, 0x07, 0x00, 0x1C,
    0x00, 0x18, 0x00, 0x00, 0x03, 0xF8, 0x0F, 0xF8, 0x3F, 0xF8, 0xF0, 0x79, 0xC0, 0x77, 0x80, 0x0E,
    0x00, 0x1C, 0x00, 0x38, 0x00, 0x70, 0x00, 0xF0, 0x00, 0xE0, 0x39, 0xE0, 0xF3, 0xE3, 0xE3, 0xFF,
    0x83, 0xFE, 0x00, 0xE0, 0x00, 0x00, 0xF0, 0x00, 0x3F, 0x00, 0x0F, 0xF0, 0x03, 0xCF, 0x00, 0x00,
    0x00, 0x00, 0x00, 0x00, 0x7E, 0x00, 0x3F, 0xF0, 0x0F, 0xFF, 0x83, 0xF1, 0xF0, 0xF0, 0x0F, 0x1C,
    0x00, 0xF7, 0x80, 0x1E, 0xE0, 0x01, 0xDC, 0x00, 0x07, 0x80, 0x00, 0xF0, 0x00, 0x1E, 0x00, 0x03,
    0xC0, 0x00, 0x78, 0x00, 0x07, 0x00, 0x00, 0xE0, 0x01, 0xDE, 0x00, 0x79, 0xE0, 0x0E, 0x3E, 0x07,
    0xC3, 0xFF, 0xF0, 0x3F, 0xFC, 0x03, 0xFF, 0x00, 0x0F, 0x00, 0x07, 0xC0, 0x0F, 0xC0, 0x3B, 0x80,
    0xE3, 0x80, 0x00, 0x00, 0x00, 0x03, 0xF8, 0x0F, 0xF8, 0x3F, 0xF8, 0xF0, 0x79, 0xC0, 0x77, 0x80,
    0x0E, 0x00, 0x1C, 0x00, 0x38, 0x00, 0x70, 0x00, 0xF0, 0x00, 0xE0, 0x39, 0xE0, 0xF3, 0xE3, 0xE3,
    0xFF, 0x83, 0xFE, 0x00, 0xE0, 0x00, 0x00, 0x70, 0x00, 0x1E, 0x00, 0x03, 0xC0, 0x00, 0x30, 0x00,
    0x00, 0x00, 0x00, 0x00, 0x00, 0x7E, 0x00, 0x3F, 0xF0, 0x0F, 0xFF, 0x83, 0xF1, 0xF0, 0xF0, 0x0F,
    0x1C, 0x00, 0xF7, 0x80, 0x1E, 0xE0, 0x01, 0xDC, 0x00, 0x07, 0x80, 0x00, 0xF0, 0x00, 0x1E, 0x00,
    0x03, 0xC0, 0x00, 0x78, 0x00, 0x07, 0x00, 0x00, 0xE0, 0x01, 0xDE, 0x00, 0x79, 0xE0, 0x0E, 0x3E,
    0x07, 0xC3, 0xFF, 0xF0, 0x3F, 0xFC, 0x03, 0xFF, 0x00, 0x0F, 0x00, 0x03, 0x80, 0x07, 0x80, 0x0F,
    0x00, 0x1C, 0x00, 0x00, 0x00, 0x00, 0x03, 0xF8, 0x0F, 0xF8, 0x3F, 0xF8, 0xF0, 0x79, 0xC0, 0x77,
    0x80, 0x0E, 0x00, 0x1C, 0x00, 0x38, 0x00, 0x70, 0x00, 0xF0, 0x00, 0xE0, 0x39, 0xE0, 0xF3, 0xE3,
    0xE3, 0xFF, 0x83, 0xFE, 0x00, 0xE0, 0x00, 0x07, 0x9E, 0x00, 0x7F, 0x80, 0x07, 0xE0, 0x00, 0x78,
    0x00, 0x00, 0x00, 0x00, 0x00, 0x00, 0x7E, 0x00, 0x3F, 0xF0, 0x0F, 0xFF, 0x83, 0xF1, 0xF0, 0xF0,
    0x0F, 0x1C, 0x00, 0xF7, 0x80, 0x1E, 0xE0, 0x01, 0xDC, 0x00, 0x07, 0x80, 0x00, 0xF0, 0x00, 0x1E,
    0x00, 0x03, 0xC0, 0x00, 0x78, 0x00, 0x07, 0x00, 0x00, 0xE0, 0x01, 0xDE, 0x00, 0x79, 0xE0, 0x0E,
    0x3E, 0x07, 0xC3, 0xFF, 0xF0, 0x3F, 0xFC, 0x03, 0xFF, 0x00, 0x0F, 0x00, 0x1C, 0x70, 0x1D, 0xC0,
    0x1F, 0x80, 0x3E, 0x00, 0x00, 0x00, 0x00, 0x03, 0xF8, 0x0F, 0xF8, 0x3F, 0xF8, 0xF0, 0x79, 0xC0,
    0x77, 0x80, 0x0E, 0x00, 0x1C, 0x00, 0x38, 0x00, 0x70, 0x00, 0xF0, 0x00, 0xE0, 0x39, 0xE0, 0xF3,
    0xE3, 0xE3, 0xFF, 0x83, 0xFE, 0x00, 0xE0, 0x00, 0x3C, 0xE0, 0x07, 0x78, 0x00, 0xFC, 0x00, 0x1E,
    0x00, 0x00, 0x00, 0x00, 0x00, 0x07, 0xF8, 0x03, 0xFF, 0xC0, 0xFF, 0xFC, 0x3F, 0xFF, 0x8F, 0x01,
    0xF3, 0xC0, 0x3C, 0xF0, 0x07, 0xBC, 0x00, 0xEF, 0x00, 0x3B, 0xC0, 0x0E, 0xF0, 0x03, 0xFC, 0x00,
    0xFF, 0x00, 0x3F, 0xC0, 0x0E, 0xF0, 0x03, 0xBC, 0x01, 0xEF, 0x00, 0x7B, 0xC0, 0x3C, 0xF0, 0x1F,
    0x3F, 0xFF, 0x8F, 0xFF, 0xC3, 0xFF, 0xC0, 0x00, 0x00, 0xE0, 0x01, 0x9C, 0x00, 0x7B, 0x80, 0x0F,
    0x70, 0x01, 0xEE, 0x00, 0x3D, 0xC0, 0x07, 0x90, 0x7E, 0xF0, 0x3F, 0xFE, 0x07, 0xFF, 0xC1, 0xE0,
    0xF8, 0x38, 0x0F, 0x0F, 0x01, 0xE1, 0xC0, 0x3C, 0x38, 0x03, 0x87, 0x00, 0x70, 0xE0, 0x1E, 0x1E,
    0x03, 0xC3, 0xC0, 0x78, 0x3C, 0x1F, 0x07, 0xC7, 0xE0, 0x7F, 0xFC, 0x07, 0xFB, 0x80, 0x3C, 0x00,
    0x1F, 0xE0, 0x01, 0xFF, 0xE0, 0x1F, 0xFF, 0x01, 0xFF, 0xF8, 0x1C, 0x03, 0xC1, 0xC0, 0x1E, 0x1C,
    0x00, 0xE1, 0xC0, 0x0F, 0x1C, 0x00, 0xF1, 0xC0, 0x07, 0xFF, 0xF0, 0x7F, 0xFF, 0x07, 0xFF, 0xF0,
    0x71, 0xC0, 0x07, 0x1C, 0x00, 0xF1, 0xC0, 0x0F, 0x1C, 0x01, 0xE1, 0xC0, 0x1E, 0x1C, 0x07, 0xC1,
    0xFF, 0xF8, 0x1F, 0xFF, 0x01, 0xFF, 0xC0, 0x00, 0x0C, 0x00, 0x0F, 0x00, 0x7F, 0xE0, 0x3F, 0xF0,
    0x1F, 0xF8, 0x00, 0xF0, 0x3F, 0x78, 0x7F, 0xFC, 0x3F, 0xFE, 0x3C, 0x1F, 0x1C, 0x07, 0x9E, 0x03,
    0xCE, 0x01, 0xE7, 0x00, 0x73, 0x80, 0x39, 0xC0, 0x3C, 0xF0, 0x1E, 0x78, 0x0F, 0x1E, 0x0F, 0x8F,
    0x8F, 0xC3, 0xFF, 0xE0, 0xFF, 0x70, 0x1E, 0x00, 0x1F, 0xE0, 0x7F, 0x80, 0x00, 0x00, 0x00, 0x00,
    0x01, 0xFF, 0xFF, 0xFF, 0xFF, 0xFF, 0xFF, 0xFB, 0xC0, 0x0F, 0x00, 0x3C, 0x00, 0xF0, 0x03, 0xC0,
    0x0F, 0x00, 0x3F, 0xFE, 0xFF, 0xFB, 0xFF, 0xEF, 0x00, 0x3C, 0x00, 0xF0, 0x03, 0xC0, 0x0F, 0x00,
    0x3C, 0x00, 0xFF, 0xFF, 0xFF, 0xFF, 0xFF, 0xC0, 0x1F, 0xF0, 0x3F, 0xE0, 0x00, 0x00, 0x00, 0x00,
    0x00, 0x01, 0xFC, 0x07, 0xFC, 0x1F, 0xFC, 0x78, 0x3C, 0xE0, 0x3B, 0xC0, 0x7F, 0xFF, 0xFF, 0xFF,
    0xFF, 0xFF, 0xF8, 0x00, 0x78, 0x00, 0x70, 0x18, 0xF0, 0x39, 0xF1, 0xF1, 0xFF, 0xC1, 0xFF, 0x00,
    0x78, 0x00, 0x18, 0x70, 0x73, 0x81, 0xFE, 0x03, 0xF0, 0x00, 0x00, 0x00, 0x07, 0xFF, 0xFF, 0xFF,
    0xFF, 0xFF, 0xFF, 0xEF, 0x00, 0x3C, 0x00, 0xF0, 0x03, 0xC0, 0x0F, 0x00, 0x3C, 0x00, 0xFF, 0xFB,
    0xFF, 0xEF, 0xFF, 0xBC, 0x00, 0xF0, 0x03, 0xC0, 0x0F, 0x00, 0x3C, 0x00, 0xF0, 0x03, 0xFF, 0xFF,
    0xFF, 0xFF, 0xFF, 0x1C, 0x70, 0x38, 0xE0, 0x3F, 0x80, 0x3E, 0x00, 0x00, 0x00, 0x00, 0x03, 0xF8,
    0x0F, 0xF8, 0x3F, 0xF8, 0xF0, 0x79, 0xC0, 0x77, 0x80, 0xFF, 0xFF, 0xFF, 0xFF, 0xFF, 0xFF, 0xF0,
    0x00, 0xF0, 0x00, 0xE0, 0x31, 0xE0, 0x73, 0xE3, 0xE3, 0xFF, 0x83, 0xFE, 0x00, 0xF0, 0x00, 0x03,
    0x80, 0x1E, 0x00, 0x78, 0x00, 0xC0, 0x00, 0x00, 0x00, 0x07, 0xFF, 0xFF, 0xFF, 0xFF, 0xFF, 0xFF,
    0xEF, 0x00, 0x3C, 0x00, 0xF0, 0x03, 0xC0, 0x0F, 0x00, 0x3C, 0x00, 0xFF, 0xFB, 0xFF, 0xEF, 0xFF,
    0xBC, 0x00, 0xF0, 0x03, 0xC0, 0x0F, 0x00, 0x3C, 0x00, 0xF0, 0x03, 0xFF, 0xFF, 0xFF, 0xFF, 0xFF,
    0x03, 0x80, 0x0F, 0x00, 0x1E, 0x00, 0x1C, 0x00, 0x00, 0x00, 0x00, 0x03, 0xF8, 0x0F, 0xF8, 0x3F,
    0xF8, 0xF0, 0x79, 0xC0, 0x77, 0x80, 0xFF, 0xFF, 0xFF, 0xFF, 0xFF, 0xFF, 0xF0, 0x00, 0xF0, 0x00,
    0xE0, 0x31, 0xE0, 0x73, 0xE3, 0xE3, 0xFF, 0x83, 0xFE, 0x00, 0xF0, 0x00, 0x7F, 0xFD, 0xFF, 0xFB,
    0xFF, 0xF7, 0xFF, 0xCF, 0x00, 0x1E, 0x00, 0x3C, 0x00, 0x78, 0x00, 0xF0, 0x01, 0xE0, 0x03, 0xFF,
    0xE7, 0xFF, 0xCF, 0xFF, 0x9E, 0x00, 0x3C, 0x00, 0x78, 0x00, 0xF0, 0x01, 0xE0, 0x03, 0xC0, 0x07,
    0xFF, 0xEF, 0xFF, 0xDF, 0xFF, 0x80, 0x0F, 0x00, 0x38, 0x00, 0x70, 0x01, 0xE8, 0x01, 0xF0, 0x03,
    0xF0, 0x00, 0x80, 0x0F, 0xE0, 0x3F, 0xE0, 0xFF, 0xE3, 0xC1, 0xE7, 0x01, 0xDE, 0x03, 0xFF, 0xFF,
    0xFF, 0xFF, 0xFF, 0xFF, 0xC0, 0x03, 0xC0, 0x03, 0x80, 0xC7, 0x81, 0xCF, 0x8F, 0x8F, 0xFE, 0x0F,
    0xFC, 0x03, 0xF0, 0x01, 0xC0, 0x03, 0x80, 0x07, 0x00, 0x0F, 0xC0, 0x0F, 0x80, 0x04, 0x00, 0x3C,
    0xF0, 0x7F, 0x80, 0xFC, 0x01, 0xE0, 0x00, 0x00, 0x00, 0x07, 0xFF, 0xFF, 0xFF, 0xFF, 0xFF, 0xFF,
    0xEF, 0x00, 0x3C, 0x00, 0xF0, 0x03, 0xC0, 0x0F, 0x00, 0x3C, 0x00, 0xFF, 0xFB, 0xFF, 0xEF, 0xFF,
    0xBC, 0x00, 0xF0, 0x03, 0xC0, 0x0F, 0x00, 0x3C, 0x00, 0xF0, 0x03, 0xFF, 0xFF, 0xFF, 0xFF, 0xFF,
    0x1C, 0x70, 0x1D, 0xC0, 0x3F, 0x00, 0x3C, 0x00, 0x00, 0x00, 0x00, 0x03, 0xF8, 0x0F, 0xF8, 0x3F,
    0xF8, 0xF0, 0x79, 0xC0, 0x77, 0x80, 0xFF, 0xFF, 0xFF, 0xFF, 0xFF, 0xFF, 0xF0, 0x00, 0xF0, 0x00,
    0xE0, 0x31, 0xE0, 0x73, 0xE3, 0xE3, 0xFF, 0x83, 0xFE, 0x00, 0xF0, 0x00, 0x00, 0xF0, 0x00, 0x3F,
    0x00, 0x0F, 0xF0, 0x03, 0xCF, 0x00, 0x00, 0x00, 0x00, 0x00, 0x00, 0x7E, 0x00, 0x3F, 0xF0, 0x0F,
    0xFF, 0x03, 0xF1, 0xF0, 0xF0, 0x0F, 0x1C, 0x00, 0xF7, 0x80, 0x1E, 0xE0, 0x01, 0xDC, 0x00, 0x07,
    0x80, 0x00, 0xF0, 0x00, 0x1E, 0x07, 0xFF, 0xC0, 0xFF, 0xF8, 0x1F, 0xF7, 0x00, 0x0E, 0xE0, 0x01,
    0xDE, 0x00, 0x79, 0xE0, 0x0F, 0x3E, 0x03, 0xC3, 0xFF, 0xF0, 0x3F, 0xFC, 0x03, 0xFF, 0x00, 0x0F,
    0x00, 0x07, 0xC0, 0x1F, 0x80, 0x3B, 0x80, 0xE3, 0x80, 0x00, 0x00, 0x00, 0x03, 0xF3, 0x9F, 0xF7,
    0x3F, 0xFE, 0xF0, 0x7D, 0xC0, 0x7F, 0x80, 0xFE, 0x01, 0xFC, 0x01, 0xF8, 0x03, 0xF0, 0x0F, 0xF0,
    0x1E, 0xE0, 0x3D, 0xE0, 0xF9, 0xFF, 0xF3, 0xFE, 0xE1, 0xF9, 0xC0, 0x03, 0x80, 0x0F, 0x70, 0x1C,
    0xF8, 0xF8, 0xFF, 0xE0, 0xFF, 0x80, 0x38, 0x00, 0x03, 0x0C, 0x00, 0x73, 0x80, 0x0F, 0xF0, 0x00,
    0xFC, 0x00, 0x00, 0x00, 0x00, 0x00, 0x00, 0x7E, 0x00, 0x3F, 0xF0, 0x0F, 0xFF, 0x03, 0xF1, 0xF0,
    0xF0, 0x0F, 0x1C, 0x00, 0xF7, 0x80, 0x1E, 0xE0, 0x01, 0xDC, 0x00, 0x07, 0x80, 0x00, 0xF0, 0x00,
    0x1E, 0x07, 0xFF, 0xC0, 0xFF, 0xF8, 0x1F, 0xF7, 0x00, 0x0E, 0xE0, 0x01, 0xDE, 0x00, 0x79, 0xE0,
    0x0F, 0x3E, 0x03, 0xC3, 0xFF, 0xF0, 0x3F, 0xFC, 0x03, 0xFF, 0x00, 0x0F, 0x00, 0x1C, 0x70, 0x38,
    0xE0, 0x3F, 0x80, 0x3E, 0x00, 0x00, 0x00, 0x00, 0x03, 0xF3, 0x9F, 0xF7, 0x3F, 0xFE, 0xF0, 0x7D,
    0xC0, 0x7F, 0x80, 0xFE, 0x01, 0xFC, 0x01, 0xF8, 0x03, 0xF0, 0x0F, 0xF0, 0x1E, 0xE0, 0x3D, 0xE0,
    0xF9, 0xFF, 0xF3, 0xFE, 0xE1, 0xF9, 0xC0, 0x03, 0x80, 0x0F, 0x70, 0x1C, 0xF8, 0xF8, 0xFF, 0xE0,
    0xFF, 0x80, 0x38, 0x00, 0x00, 0x70, 0x00, 0x1E, 0x00, 0x03, 0xC0, 0x00, 0x30, 0x00, 0x00, 0x00,
    0x00, 0x00, 0x00, 0x7E, 0x00, 0x3F, 0xF0, 0x0F, 0xFF, 0x03, 0xF1, 0xF0, 0xF0, 0x0F, 0x1C, 0x00,
    0xF7, 0x80, 0x1E, 0xE0, 0x01, 0xDC, 0x00, 0x07, 0x80, 0x00, 0xF0, 0x00, 0x1E, 0x07, 0xFF, 0xC0,
    0xFF, 0xF8, 0x1F, 0xF7, 0x00, 0x0E, 0xE0, 0x01, 0xDE, 0x00, 0x79, 0xE0, 0x0F, 0x3E, 0x03, 0xC3,
    0xFF, 0xF0, 0x3F, 0xFC, 0x03, 0xFF, 0x00, 0x0F, 0x00, 0x03, 0x80, 0x0F, 0x80, 0x1E, 0x00, 0x1C,
    0x00, 0x00, 0x00, 0x00, 0x03, 0xF3, 0x9F, 0xF7, 0x3F, 0xFE, 0xF0, 0x7D, 0xC0, 0x7F, 0x80, 0xFE,
    0x01, 0xFC, 0x01, 0xF8, 0x03, 0xF0, 0x0F, 0xF0, 0x1E, 0xE0, 0x3D, 0xE0, 0xF9, 0xFF, 0xF3, 0xFE,
    0xE1, 0xF9, 0xC0, 0x03, 0x80, 0x0F, 0x70, 0x1C, 0xF8, 0xF8, 0xFF, 0xE0, 0xFF, 0x80, 0x38, 0x00,
    0x01, 0xF8, 0x00, 0xFF, 0xC0, 0x3F, 0xFC, 0x0F, 0xC7, 0xC3, 0xC0, 0x3C, 0x70, 0x03, 0xDE, 0x00,
    0x7B, 0x80, 0x07, 0x70, 0x00, 0x1E, 0x00, 0x03, 0xC0, 0x00, 0x78, 0x1F, 0xFF, 0x03, 0xFF, 0xE0,
    0x7F, 0xDC, 0x00, 0x3B, 0x80, 0x07, 0x78, 0x01, 0xE7, 0x80, 0x3C, 0xF8, 0x0F, 0x0F, 0xFF, 0xC0,
    0xFF, 0xF0, 0x0F, 0xFC, 0x00, 0x3C, 0x00, 0x07, 0x00, 0x00, 0xE0, 0x00, 0x1C, 0x00, 0x03, 0x80,
    0x00, 0xE0, 0x00, 0x1C, 0x00, 0x00, 0x00, 0x00, 0x00, 0x80, 0x03, 0x80, 0x0F, 0x00, 0x1C, 0x00,
    0x38, 0x00, 0x70, 0x00, 0xE0, 0x00, 0x00, 0x0F, 0xCE, 0x7F, 0xDC, 0xFF, 0xFB, 0xC1, 0xF7, 0x01,
    0xFE, 0x03, 0xF8, 0x07, 0xF0, 0x07, 0xE0, 0x0F, 0xC0, 0x3F, 0xC0, 0x7B, 0x80, 0xF7, 0x83, 0xE7,
    0xFF, 0xCF, 0xFB, 0x87, 0xE7, 0x00, 0x0E, 0x00, 0x3D, 0xC0, 0x73, 0xE3, 0xE3, 0xFF, 0x83, 0xFE,
    0x00, 0xE0, 0x00, 0x01, 0xE0, 0x01, 0xF8, 0x01, 0xDE, 0x01, 0xC7, 0x00, 0x00, 0x00, 0x00, 0x01,
    0x80, 0x0F, 0xE0, 0x07, 0xF0, 0x03, 0xF8, 0x01, 0xFC, 0x00, 0xFE, 0x00, 0x7F, 0x00, 0x3F, 0x80,
    0x1F, 0xC0, 0x0F, 0xE0, 0x07, 0xFF, 0xFF, 0xFF, 0xFF, 0xFF, 0xFF, 0xFE, 0x00, 0x7F, 0x00, 0x3F,
    0x80, 0x1F, 0xC0, 0x0F, 0xE0, 0x07, 0xF0, 0x03, 0xF8, 0x01, 0xFC, 0x00, 0xFE, 0x00, 0x70, 0x1F,
    0x00, 0x1F, 0x80, 0x0E, 0xE0, 0x0E, 0x38, 0x00, 0x00, 0x00, 0x00, 0x00, 0x38, 0x00, 0x1C, 0x00,
    0x0E, 0x00, 0x07, 0x00, 0x03, 0x80, 0x01, 0xC0, 0x00, 0xEF, 0xE0, 0x7F, 0xF8, 0x3F, 0xFC, 0x1E,
    0x0F, 0x0F, 0x03, 0x87, 0x01, 0xC3, 0x80, 0xE1, 0xC0, 0x70, 0xE0, 0x38, 0x70, 0x1C, 0x38, 0x0E,
    0x1C, 0x07, 0x0E, 0x03, 0x87, 0x01, 0xC3, 0x80, 0xE1, 0xC0, 0x70, 0x38, 0x00, 0xC1, 0xC0, 0x0F,
    0x0E, 0x00, 0x78, 0x70, 0x03, 0xC3, 0x80, 0x1E, 0x7F, 0xFF, 0xFB, 0xFF, 0xFF, 0xDF, 0xFF, 0xFE,
    0x38, 0x01, 0xE1, 0xC0, 0x0F, 0x0F, 0xFF, 0xF8, 0x7F, 0xFF, 0xC3, 0xFF, 0xFE, 0x1C, 0x00, 0xF0,
    0xE0, 0x07, 0x87, 0x00, 0x3C, 0x38, 0x01, 0xE1, 0xC0, 0x0F, 0x0E, 0x00, 0x78, 0x70, 0x03, 0xC3,
    0x80, 0x1E, 0x1C, 0x00, 0xF0, 0x38, 0x00, 0x70, 0x03, 0xFF, 0x07, 0xFE, 0x0F, 0xF8, 0x07, 0x00,
    0x0E, 0xFE, 0x1F, 0xFE, 0x3F, 0xFC, 0x78, 0x3C, 0xF0, 0x39, 0xC0, 0x73, 0x80, 0xE7, 0x01, 0xCE,
    0x03, 0x9C, 0x07, 0x38, 0x0E, 0x70, 0x1C, 0xE0, 0x39, 0xC0, 0x73, 0x80, 0xE7, 0x01, 0xC0, 0x39,
    0xBF, 0xFF, 0xFC, 0xE0, 0x00, 0x00, 0x30, 0x3C, 0x1E, 0x0F, 0x07, 0x83, 0xC1, 0xE0, 0xF0, 0x78,
    0x3C, 0x1E, 0x0F, 0x07, 0x83, 0xC1, 0xE0, 0xF0, 0x78, 0x3C, 0x1E, 0x0F, 0x07, 0x83, 0xC0, 0x71,
    0xFF, 0xFF, 0xD8, 0xE0, 0x00, 0x00, 0x70, 0x38, 0x1C, 0x0E, 0x07, 0x03, 0x81, 0xC0, 0xE0, 0x70,
    0x38, 0x1C, 0x0E, 0x07, 0x03, 0x81, 0xC0, 0xE0, 0xFF, 0xFF, 0xC0, 0x00, 0x00, 0x00, 0x60, 0x78,
    0x3C, 0x1E, 0x0F, 0x07, 0x83, 0xC1, 0xE0, 0xF0, 0x78, 0x3C, 0x1E, 0x0F, 0x07, 0x83, 0xC1, 0xE0,
    0xF0, 0x78, 0x3C, 0x1E, 0x0F, 0x07, 0x80, 0xFF, 0xFF, 0xC0, 0x00, 0x00, 0x00, 0xE0, 0x70, 0x38,
    0x1C, 0x0E, 0x07, 0x03, 0x81, 0xC0, 0xE0, 0x70, 0x38, 0x1C, 0x0E, 0x07, 0x03, 0x81, 0xC0, 0xE1,
    0xB9, 0xDF, 0xC7, 0xE0, 0x00, 0x00, 0x30, 0x3C, 0x1E, 0x0F, 0x07, 0x83, 0xC1, 0xE0, 0xF0, 0x78,
    0x3C, 0x1E, 0x0F, 0x07, 0x83, 0xC1, 0xE0, 0xF0, 0x78, 0x3C, 0x1E, 0x0F, 0x07, 0x83, 0xC0, 0xE3,
    0xF1, 0xDF, 0xC7, 0xC0, 0x00, 0x00, 0x70, 0x38, 0x1C, 0x0E, 0x07, 0x03, 0x81, 0xC0, 0xE0, 0x70,
    0x38, 0x1C, 0x0E, 0x07, 0x03, 0x81, 0xC0, 0xE0, 0x18, 0xF3, 0xCF, 0x3C, 0xF3, 0xCF, 0x3C, 0xF3,
    0xCF, 0x3C, 0xF3, 0xCF, 0x3C, 0xF3, 0xCF, 0x3C, 0xF7, 0xBC, 0xE3, 0x8F, 0xDF, 0x10, 0x1C, 0x78,
    0xF0, 0xE0, 0x00, 0x07, 0x0E, 0x1C, 0x38, 0x70, 0xE1, 0xC3, 0x87, 0x0E, 0x1C, 0x38, 0x70, 0xE1,
    0xC3, 0x8F, 0x38, 0x71, 0xE9, 0xF3, 0xF0, 0x80, 0xEF, 0xF6, 0x00, 0x6F, 0xFF, 0xFF, 0xFF, 0xFF,
    0xFF, 0xFF, 0xFF, 0xFF, 0xFF, 0xFF, 0xFF, 0xFF, 0xFF, 0xFF, 0xFF, 0xFF, 0x60, 0x00, 0x7F, 0x00,
    0x07, 0xF0, 0x00, 0x7F, 0x00, 0x07, 0xF0, 0x00, 0x7F, 0x00, 0x07, 0xF0, 0x00, 0x7F, 0x00, 0x07,
    0xF0, 0x00, 0x7F, 0x00, 0x07, 0xF0, 0x00, 0x7F, 0x00, 0x07, 0xF0, 0x00, 0x7F, 0x00, 0x07, 0xF1,
    0xC0, 0x7F, 0x1C, 0x07, 0xF1, 0xC0, 0x7F, 0x1C, 0x0F, 0xF1, 0xE0, 0xFF, 0x1F, 0xBE, 0xF0, 0xFF,
    0xCF, 0x07, 0xF8, 0x00, 0x0E, 0x00, 0x70, 0xEF, 0x1E, 0xF1, 0xE7, 0x0E, 0x00, 0x00, 0x00, 0x70,
    0xE7, 0x0E, 0x70, 0xE7, 0x0E, 0x70, 0xE7, 0x0E, 0x70, 0xE7, 0x0E, 0x70, 0xE7, 0x0E, 0x70, 0xE7,
    0x0E, 0x70, 0xE7, 0x0E, 0x70, 0xE7, 0x0E, 0x00, 0xE0, 0x0E, 0x01, 0xE0, 0x7E, 0x07, 0xC0, 0x78,
    0x00, 0x3C, 0x00, 0x3F, 0x00, 0x3B, 0x80, 0x38, 0xE0, 0x00, 0x00, 0x00, 0x00, 0x00, 0xE0, 0x00,
    0x70, 0x00, 0x38, 0x00, 0x1C, 0x00, 0x0E, 0x00, 0x07, 0x00, 0x03, 0x80, 0x01, 0xC0, 0x00, 0xE0,
    0x00, 0x70, 0x00, 0x38, 0x00, 0x1C, 0x00, 0x0E, 0x00, 0x07, 0x0E, 0x03, 0x87, 0x01, 0xC3, 0x80,
    0xE1, 0xE0, 0x70, 0xF0, 0x78, 0x3E, 0xFC, 0x1F, 0xFC, 0x03, 0xFC, 0x00, 0x70, 0x00, 0x1F, 0x0F,
    0xC3, 0xB9, 0xC7, 0x00, 0x00, 0x00, 0xE0, 0x38, 0x0E, 0x03, 0x80, 0xE0, 0x38, 0x0E, 0x03, 0x80,
    0xE0, 0x38, 0x0E, 0x03, 0x80, 0xE0, 0x38, 0x0E, 0x03, 0x80, 0xE0, 0x38, 0x0E, 0x1F, 0x87, 0xC1,
    0xE0, 0x60, 0x07, 0x78, 0x07, 0xBC, 0x07, 0xDE, 0x07, 0xCF, 0x07, 0xC7, 0x87, 0xC3, 0xC7, 0xC1,
    0xE7, 0xC0, 0xF3, 0xC0, 0x7B, 0xC0, 0x3F, 0xE0, 0x1F, 0xF8, 0x0F, 0xFC, 0x07, 0xCF, 0x03, 0xC3,
    0xC1, 0xE1, 0xE0, 0xF0, 0x78, 0x78, 0x1E, 0x3C, 0x07, 0x9E, 0x03, 0xCF, 0x00, 0xF7, 0x80, 0x3C,
    0x00, 0x00, 0x07, 0x00, 0x03, 0x80, 0x01, 0xC0, 0x00, 0xE0, 0x00, 0xE0, 0x00, 0x70, 0x00, 0x00,
    0x00, 0xE0, 0x03, 0x80, 0x0E, 0x00, 0x38, 0x00, 0xE0, 0x03, 0x80, 0x0E, 0x07, 0xB8, 0x3C, 0xE1,
    0xE3, 0x8F, 0x0E, 0x78, 0x3B, 0xC0, 0xFE, 0x03, 0xF8, 0x0F, 0xF0, 0x3D, 0xE0, 0xE7, 0xC3, 0x8F,
    0x0E, 0x1E, 0x38, 0x3C, 0xE0, 0x7B, 0x81, 0xE0, 0x00, 0x01, 0x80, 0x0F, 0x00, 0x38, 0x00, 0xE0,
    0x03, 0x80, 0x1C, 0x00, 0x00, 0x00, 0xE0, 0x7F, 0x07, 0xB8, 0x79, 0xC3, 0x8E, 0x3C, 0x73, 0xC3,
    0xBC, 0x1F, 0xC0, 0xFE, 0x07, 0xF8, 0x3B, 0xC1, 0xCF, 0x0E, 0x3C, 0x70, 0xF3, 0x83, 0xDC, 0x0F,
    0x3C, 0x00, 0xE0, 0x07, 0x00, 0x1C, 0x00, 0x60, 0x00, 0x00, 0x06, 0x00, 0x3C, 0x00, 0xF0, 0x03,
    0xC0, 0x0F, 0x00, 0x3C, 0x00, 0xF0, 0x03, 0xC0, 0x0F, 0x00, 0x3C, 0x00, 0xF0, 0x03, 0xC0, 0x0F,
    0x00, 0x3C, 0x00, 0xF0, 0x03, 0xC0, 0x0F, 0x00, 0x3C, 0x00, 0xF0, 0x03, 0xFF, 0xEF, 0xFF, 0xBF,
    0xFE, 0x39, 0xE7, 0x38, 0xC0, 0x0E, 0x38, 0xE3, 0x8E, 0x38, 0xE3, 0x8E, 0x38, 0xE3, 0x8E, 0x38,
    0xE3, 0x8E, 0x38, 0xE3, 0x8E, 0x38, 0x60, 0x03, 0xC0, 0x0F, 0x00, 0x3C, 0x00, 0xF0, 0x03, 0xC0,
    0x0F, 0x00, 0x3C, 0x00, 0xF0, 0x03, 0xC0, 0x0F, 0x00, 0x3C, 0x00, 0xF0, 0x03, 0xC0, 0x0F, 0x00,
    0x3C, 0x00, 0xF0, 0x03, 0xC0, 0x0F, 0x00, 0x3F, 0xFE, 0xFF, 0xFB, 0xFF, 0xE0, 0x00, 0x01, 0xC0,
    0x07, 0x00, 0x1C, 0x00, 0xE0, 0x03, 0x80, 0x0E, 0x00, 0x00, 0x00, 0x39, 0xCE, 0x73, 0x9C, 0xE7,
    0x39, 0xCE, 0x73, 0x9C, 0xE7, 0x39, 0xCE, 0x73, 0x9C, 0x07, 0x3B, 0x9C, 0xE6, 0x00, 0x01, 0x81,
    0x8F, 0x0F, 0x38, 0x3C, 0xE0, 0xF3, 0x83, 0xCE, 0x0F, 0x10, 0x3C, 0x00, 0xF0, 0x03, 0xC0, 0x0F,
    0x00, 0x3C, 0x00, 0xF0, 0x03, 0xC0, 0x0F, 0x00, 0x3C, 0x00, 0xF0, 0x03, 0xC0, 0x0F, 0x00, 0x3C,
    0x00, 0xFF, 0xFB, 0xFF, 0xEF, 0xFF, 0x80, 0x06, 0xEF, 0xEE, 0xEE, 0xEE, 0xEE, 0xE4, 0xE0, 0xE0,
    0xE0, 0xE0, 0xE0, 0xE0, 0xE0, 0xE0, 0xE0, 0xE0, 0xE0, 0xE0, 0xE0, 0xE0, 0xE0, 0xE0, 0x60, 0x03,
    0xC0, 0x0F, 0x00, 0x3C, 0x00, 0xF0, 0x03, 0xC0, 0x0F, 0x00, 0x3C, 0x00, 0xF3, 0xC3, 0xCF, 0x0F,
    0x3C, 0x3C, 0x60, 0xF0, 0x03, 0xC0, 0x0F, 0x00, 0x3C, 0x00, 0xF0, 0x03, 0xC0, 0x0F, 0x00, 0x3F,
    0xFE, 0xFF, 0xFB, 0xFF, 0xE0, 0xE0, 0x70, 0x38, 0x1C, 0x0E, 0x07, 0x03, 0x81, 0xC0, 0xE0, 0x73,
    0xBB, 0xDD, 0xFE, 0xF7, 0x13, 0x81, 0xC0, 0xE0, 0x70, 0x38, 0x1C, 0x0E, 0x07, 0x00, 0x1C, 0x00,
    0x1C, 0x00, 0x1C, 0x00, 0x1C, 0x00, 0x1C, 0x00, 0x1C, 0x00, 0x1C, 0x70, 0x1D, 0xF0, 0x1F, 0xE0,
    0x1F, 0xC0, 0x3F, 0x00, 0x7E, 0x00, 0xFC, 0x00, 0xFC, 0x00, 0x9C, 0x00, 0x1C, 0x00, 0x1C, 0x00,
    0x1C, 0x00, 0x1C, 0x00, 0x1F, 0xFF, 0x1F, 0xFF, 0x1F, 0xFF, 0x1C, 0x0E, 0x07, 0x03, 0x81, 0xC0,
    0xE0, 0x74, 0x3E, 0x1F, 0x1F, 0x3F, 0x1F, 0x8D, 0xC0, 0xE0, 0x70, 0x38, 0x1C, 0x0E, 0x07, 0x03,
    0x81, 0xC0, 0xE0, 0x00, 0x78, 0x00, 0x1C, 0x00, 0x0E, 0x00, 0x03, 0x80, 0x00, 0xC0, 0x00, 0x00,
    0x07, 0x00, 0x1B, 0xC0, 0x0F, 0xF8, 0x03, 0xFF, 0x00, 0xFF, 0xC0, 0x3F, 0xF8, 0x0F, 0xEF, 0x03,
    0xFB, 0xC0, 0xFE, 0x78, 0x3F, 0xCF, 0x0F, 0xF3, 0xC3, 0xFC, 0x78, 0xFF, 0x0E, 0x3F, 0xC3, 0xCF,
    0xF0, 0x7B, 0xFC, 0x0E, 0xFF, 0x03, 0xFF, 0xC0, 0x7F, 0xF0, 0x1F, 0xFC, 0x03, 0xFF, 0x00, 0x7F,
    0xC0, 0x1F, 0x01, 0xC0, 0x1E, 0x00, 0xE0, 0x0E, 0x00, 0x60, 0x00, 0x03, 0xBF, 0x9F, 0xFE, 0xFF,
    0xF7, 0x83, 0xFC, 0x0F, 0xC0, 0x7E, 0x03, 0xF0, 0x1F, 0x80, 0xFC, 0x07, 0xE0, 0x3F, 0x01, 0xF8,
    0x0F, 0xC0, 0x7E, 0x03, 0xF0, 0x1C, 0x70, 0x01, 0xBC, 0x00, 0xFF, 0x80, 0x3F, 0xF0, 0x0F, 0xFC,
    0x03, 0xFF, 0x80, 0xFE, 0xF0, 0x3F, 0xBC, 0x0F, 0xE7, 0x83, 0xFC, 0xF0, 0xFF, 0x3C, 0x3F, 0xC7,
    0x8F, 0xF0, 0xE3, 0xFC, 0x3C, 0xFF, 0x07, 0xBF, 0xC0, 0xEF, 0xF0, 0x3F, 0xFC, 0x07, 0xFF, 0x01,
    0xFF, 0xC0, 0x3F, 0xF0, 0x07, 0xFC, 0x01, 0xF0, 0x00, 0x00, 0x07, 0x00, 0x01, 0xC0, 0x00, 0x70,
    0x00, 0x1C, 0x00, 0x0E, 0x00, 0x03, 0x80, 0x00, 0x00, 0x00, 0xEF, 0xE7, 0xFF, 0xBF, 0xFD, 0xE0,
    0xFF, 0x03, 0xF0, 0x1F, 0x80, 0xFC, 0x07, 0xE0, 0x3F, 0x01, 0xF8, 0x0F, 0xC0, 0x7E, 0x03, 0xF0,
    0x1F, 0x80, 0xFC, 0x07, 0x00, 0x00, 0x38, 0x01, 0xC0, 0x1E, 0x00, 0xE0, 0x07, 0x00, 0x38, 0x00,
    0x00, 0x0F, 0x3C, 0x01, 0xDE, 0x00, 0x3F, 0x00, 0x07, 0x80, 0x00, 0x00, 0x00, 0x00, 0x07, 0x00,
    0x1B, 0xC0, 0x0F, 0xF8, 0x03, 0xFF, 0x00, 0xFF, 0xC0, 0x3F, 0xF8, 0x0F, 0xEF, 0x03, 0xFB, 0xC0,
    0xFE, 0x78, 0x3F, 0xCF, 0x0F, 0xF3, 0xC3, 0xFC, 0x78, 0xFF, 0x0E, 0x3F, 0xC3, 0xCF, 0xF0, 0x7B,
    0xFC, 0x0E, 0xFF, 0x03, 0xFF, 0xC0, 0x7F, 0xF0, 0x1F, 0xFC, 0x03, 0xFF, 0x00, 0x7F, 0xC0, 0x1F,
    0x38, 0xE0, 0xEE, 0x03, 0xE0, 0x1F, 0x00, 0x00, 0x00, 0x03, 0xBF, 0x9F, 0xFE, 0xFF, 0xF7, 0x83,
    0xFC, 0x0F, 0xC0, 0x7E, 0x03, 0xF0, 0x1F, 0x80, 0xFC, 0x07, 0xE0, 0x3F, 0x01, 0xF8, 0x0F, 0xC0,
    0x7E, 0x03, 0xF0, 0x1C, 0x70, 0x01, 0xBC, 0x00, 0xFF, 0x80, 0x3F, 0xF0, 0x0F, 0xFC, 0x03, 0xFF,
    0x80, 0xFE, 0xF0, 0x3F, 0xBC, 0x0F, 0xE7, 0x83, 0xFC, 0xF0, 0xFF, 0x3C, 0x3F, 0xC7, 0x8F, 0xF0,
    0xE3, 0xFC, 0x3C, 0xFF, 0x07, 0xBF, 0xC0, 0xEF, 0xF0, 0x3F, 0xFC, 0x07, 0xFF, 0x01, 0xFF, 0xC0,
    0x3F, 0xF0, 0x07, 0xFC, 0x01, 0xF0, 0x00, 0x3C, 0x00, 0x0F, 0x00, 0x03, 0xC0, 0x03, 0xF0, 0x01,
    0xF8, 0x00, 0x7C, 0x00, 0x00, 0x00, 0xEF, 0xE7, 0xFF, 0xBF, 0xFD, 0xE0, 0xFF, 0x03, 0xF0, 0x1F,
    0x80, 0xFC, 0x07, 0xE0, 0x3F, 0x01, 0xF8, 0x0F, 0xC0, 0x7E, 0x03, 0xF0, 0x1F, 0x80, 0xFC, 0x07,
    0x00, 0x38, 0x01, 0xC0, 0x0E, 0x03, 0xF0, 0x1F, 0x80, 0xF8, 0x00, 0x00, 0x03, 0xFC, 0x00, 0x3F,
    0xC0, 0x00, 0x00, 0x00, 0x00, 0x00, 0x00, 0x00, 0x00, 0x1F, 0x80, 0x07, 0xFE, 0x00, 0xFF, 0xF0,
    0x1F, 0x8F, 0x83, 0xC0, 0x3C, 0x38, 0x01, 0xE7, 0x80, 0x1E, 0x70, 0x00, 0xE7, 0x00, 0x0F, 0xF0,
    0x00, 0xFF, 0x00, 0x07, 0xF0, 0x00, 0x7F, 0x00, 0x07, 0xF0, 0x00, 0xF7, 0x00, 0x0F, 0x70, 0x00,
    0xE7, 0x80, 0x1E, 0x3C, 0x01, 0xE3, 0xE0, 0x7C, 0x1F, 0xFF, 0x80, 0xFF, 0xF0, 0x07, 0xFE, 0x00,
    0x0F, 0x00, 0x1F, 0xF0, 0x3F, 0xE0, 0x00, 0x00, 0x00, 0x00, 0x00, 0x01, 0xFC, 0x07, 0xFC, 0x1F,
    0xFC, 0x78, 0x3C, 0xE0, 0x3F, 0xC0, 0x7F, 0x00, 0x7E, 0x00, 0xFC, 0x01, 0xF8, 0x03, 0xF8, 0x07,
    0x70, 0x1E, 0xF0, 0x79, 0xF1, 0xF1, 0xFF, 0xC1, 0xFF, 0x00, 0x70, 0x00, 0x03, 0x0E, 0x00, 0x39,
    0xC0, 0x03, 0xFC, 0x00, 0x1F, 0x80, 0x00, 0x00, 0x00, 0x00, 0x00, 0x01, 0xF8, 0x00, 0x7F, 0xE0,
    0x0F, 0xFF, 0x01, 0xF8, 0xF8, 0x3C, 0x03, 0xC3, 0x80, 0x1E, 0x78, 0x01, 0xE7, 0x00, 0x0E, 0x70,
    0x00, 0xFF, 0x00, 0x0F, 0xF0, 0x00, 0x7F, 0x00, 0x07, 0xF0, 0x00, 0x7F, 0x00, 0x0F, 0x70, 0x00,
    0xF7, 0x00, 0x0E, 0x78, 0x01, 0xE3, 0xC0, 0x1E, 0x3E, 0x07, 0xC1, 0xFF, 0xF8, 0x0F, 0xFF, 0x00,
    0x7F, 0xE0, 0x00, 0xF0, 0x00, 0x1C, 0x70, 0x38, 0xE0, 0x3F, 0x80, 0x3E, 0x00, 0x00, 0x00, 0x00,
    0x03, 0xF8, 0x0F, 0xF8, 0x3F, 0xF8, 0xF0, 0x79, 0xC0, 0x7F, 0x80, 0xFE, 0x00, 0xFC, 0x01, 0xF8,
    0x03, 0xF0, 0x07, 0xF0, 0x0E, 0xE0, 0x3D, 0xE0, 0xF3, 0xE3, 0xE3, 0xFF, 0x83, 0xFE, 0x00, 0xE0,
    0x00, 0x01, 0xCF, 0x00, 0x3D, 0xE0, 0x03, 0x9C, 0x00, 0x3B, 0x80, 0x03, 0x30, 0x00, 0x00, 0x00,
    0x01, 0xF8, 0x00, 0x7F, 0xE0, 0x0F, 0xFF, 0x01, 0xF8, 0xF8, 0x3C, 0x03, 0xC3, 0x80, 0x1E, 0x78,
    0x01, 0xE7, 0x00, 0x0E, 0x70, 0x00, 0xFF, 0x00, 0x0F, 0xF0, 0x00, 0x7F, 0x00, 0x07, 0xF0, 0x00,
    0x7F, 0x00, 0x0F, 0x70, 0x00, 0xF7, 0x00, 0x0E, 0x78, 0x01, 0xE3, 0xC0, 0x1E, 0x3E, 0x07, 0xC1,
    0xFF, 0xF8, 0x0F, 0xFF, 0x00, 0x7F, 0xE0, 0x00, 0xF0, 0x00, 0x0F, 0x78, 0x1C, 0xE0, 0x7B, 0xC0,
    0xE7, 0x01, 0x8C, 0x00, 0x00, 0x03, 0xF8, 0x0F, 0xF8, 0x3F, 0xF8, 0xF0, 0x79, 0xC0, 0x7F, 0x80,
    0xFE, 0x00, 0xFC, 0x01, 0xF8, 0x03, 0xF0, 0x07, 0xF0, 0x0E, 0xE0, 0x3D, 0xE0, 0xF3, 0xE3, 0xE3,
    0xFF, 0x83, 0xFE, 0x00, 0xE0, 0x00, 0x00, 0x7F, 0xFF, 0xC0, 0x7F, 0xFF, 0xFC, 0x3F, 0xFF, 0xFF,
    0x8F, 0xFF, 0xFF, 0xE3, 0xE0, 0x70, 0x00, 0x78, 0x0E, 0x00, 0x1E, 0x01, 0xC0, 0x03, 0x80, 0x38,
    0x00, 0x70, 0x07, 0x00, 0x1E, 0x00, 0xE0, 0x03, 0xC0, 0x1F, 0xFF, 0x78, 0x03, 0xFF, 0xEF, 0x00,
    0x7F, 0xFD, 0xE0, 0x0E, 0x00, 0x1C, 0x01, 0xC0, 0x03, 0x80, 0x38, 0x00, 0x78, 0x07, 0x00, 0x07,
    0x80, 0xE0, 0x00, 0xF8, 0x1C, 0x00, 0x0F, 0xFF, 0xFF, 0xF0, 0xFF, 0xFF, 0xFE, 0x07, 0xFF, 0xFF,
    0xC0, 0x0F, 0xE0, 0xFE, 0x03, 0xFE, 0x3F, 0xE0, 0xFF, 0xEF, 0xFE, 0x3C, 0x1F, 0xC1, 0xE7, 0x01,
    0xF0, 0x1D, 0xE0, 0x3E, 0x03, 0xF8, 0x03, 0xFF, 0xFF, 0x00, 0x7F, 0xFF, 0xE0, 0x0F, 0xFF, 0xFC,
    0x01, 0xC0, 0x03, 0xC0, 0x3C, 0x00, 0x38, 0x0F, 0x80, 0xC7, 0x83, 0xF8, 0x1C, 0xF8, 0xFF, 0x8F,
    0x8F, 0xFE, 0xFF, 0xE0, 0xFF, 0x8F, 0xF8, 0x03, 0x80, 0x3C, 0x00, 0x01, 0xE0, 0x01, 0xC0, 0x01,
    0xC0, 0x03, 0x80, 0x03, 0x00, 0x00, 0x00, 0x7F, 0x80, 0xFF, 0xF0, 0xFF, 0xFC, 0xFF, 0xFC, 0xF0,
    0x1E, 0xF0, 0x0E, 0xF0, 0x0E, 0xF0, 0x0E, 0xF0, 0x0E, 0xF0, 0x1E, 0xF0, 0x3E, 0xFF, 0xFC, 0xFF,
    0xF8, 0xFF, 0xF0, 0xF0, 0xF0, 0xF0, 0x78, 0xF0, 0x78, 0xF0, 0x3C, 0xF0, 0x3C, 0xF0, 0x1E, 0xF0,
    0x1E, 0xF0, 0x0F, 0x0F, 0x0E, 0x1C, 0x1C, 0x18, 0x00, 0xEF, 0xFF, 0xFF, 0xF0, 0xE0, 0xE0, 0xE0,
    0xE0, 0xE0, 0xE0, 0xE0, 0xE0, 0xE0, 0xE0, 0xE0, 0xE0, 0x7F, 0x80, 0xFF, 0xF0, 0xFF, 0xFC, 0xFF,
    0xFC, 0xF0, 0x1E, 0xF0, 0x0E, 0xF0, 0x0E, 0xF0, 0x0E, 0xF0, 0x0E, 0xF0, 0x1E, 0xF0, 0x3E, 0xFF,
    0xFC, 0xFF, 0xF8, 0xFF, 0xF0, 0xF0, 0xF0, 0xF0, 0x78, 0xF0, 0x78, 0xF0, 0x3C, 0xF0, 0x3C, 0xF0,
    0x1E, 0xF0, 0x1E, 0xF0, 0x0F, 0x00, 0x00, 0x03, 0x80, 0x03, 0x80, 0x07, 0x80, 0x07, 0x00, 0x07,
    0x00, 0x07, 0x00, 0x00, 0x00, 0x3B, 0xCF, 0xF3, 0xFC, 0xF0, 0x38, 0x0E, 0x03, 0x80, 0xE0, 0x38,
    0x0E, 0x03, 0x80, 0xE0, 0x38, 0x0E, 0x03, 0x80, 0xE0, 0x00, 0x0E, 0x03, 0x81, 0xC0, 0x70, 0x1C,
    0x06, 0x00, 0x00, 0x1C, 0xF0, 0x1E, 0xE0, 0x0F, 0xC0, 0x07, 0x80, 0x00, 0x00, 0x00, 0x00, 0x7F,
    0x80, 0xFF, 0xF0, 0xFF, 0xFC, 0xFF, 0xFC, 0xF0, 0x1E, 0xF0, 0x0E, 0xF0, 0x0E, 0xF0, 0x0E, 0xF0,
    0x0E, 0xF0, 0x1E, 0xF0, 0x3E, 0xFF, 0xFC, 0xFF, 0xF8, 0xFF, 0xF0, 0xF0, 0xF0, 0xF0, 0x78, 0xF0,
    0x78, 0xF0, 0x3C, 0xF0, 0x3C, 0xF0, 0x1E, 0xF0, 0x1E, 0xF0, 0x0F, 0xF3, 0xDF, 0xE3, 0xF0, 0x78,
    0x00, 0x00, 0x07, 0x79, 0xFE, 0x7F, 0x9E, 0x07, 0x01, 0xC0, 0x70, 0x1C, 0x07, 0x01, 0xC0, 0x70,
    0x1C, 0x07, 0x01, 0xC0, 0x70, 0x1C, 0x00, 0x00, 0xF0, 0x00, 0xE0, 0x00, 0xE0, 0x01, 0xC0, 0x01,
    0x80, 0x00, 0x00, 0x03, 0xE0, 0x1F, 0xF8, 0x3F, 0xFC, 0x3C, 0x3E, 0x78, 0x0F, 0x70, 0x0F, 0x70,
    0x07, 0x70, 0x00, 0x7C, 0x00, 0x3F, 0x00, 0x1F, 0xF0, 0x0F, 0xFC, 0x01, 0xFE, 0x00, 0x3F, 0x00,
    0x0F, 0x00, 0x07, 0xF0, 0x07, 0xF0, 0x07, 0x78, 0x0F, 0x7E, 0x7E, 0x3F, 0xFE, 0x1F, 0xF8, 0x03,
    0xE0, 0x01, 0xE0, 0x1E, 0x00, 0xE0, 0x07, 0x00, 0x30, 0x00, 0x00, 0x7F, 0x07, 0xFC, 0x7F, 0xF3,
    0x83, 0xDC, 0x0C, 0xE0, 0x07, 0xE0, 0x1F, 0xE0, 0x7F, 0xC0, 0x7F, 0x00, 0x7B, 0x01, 0xFC, 0x1E,
    0xF1, 0xF7, 0xFF, 0x1F, 0xF0, 0x1C, 0x00, 0x03, 0xC0, 0x07, 0xE0, 0x0F, 0x70, 0x0E, 0x78, 0x00,
    0x00, 0x00, 0x00, 0x03, 0xE0, 0x1F, 0xF8, 0x3F, 0xFC, 0x3C, 0x3E, 0x78, 0x0F, 0x70, 0x0F, 0x70,
    0x07, 0x70, 0x00, 0x7C, 0x00, 0x3F, 0x00, 0x1F, 0xF0, 0x0F, 0xFC, 0x01, 0xFE, 0x00, 0x3F, 0x00,
    0x0F, 0x00, 0x07, 0xF0, 0x07, 0xF0, 0x07, 0x78, 0x0F, 0x7E, 0x7E, 0x3F, 0xFE, 0x1F, 0xF8, 0x03,
    0xE0, 0x07, 0x80, 0x7E, 0x07, 0x78, 0x71, 0xC0, 0x00, 0x00, 0x00, 0x7F, 0x07, 0xFC, 0x7F, 0xF3,
    0x83, 0xDC, 0x0C, 0xE0, 0x07, 0xE0, 0x1F, 0xE0, 0x7F, 0xC0, 0x7F, 0x00, 0x7B, 0x01, 0xFC, 0x1E,
    0xF1, 0xF7, 0xFF, 0x1F, 0xF0, 0x1C, 0x00, 0x03, 0xE0, 0x1F, 0xF8, 0x3F, 0xFC, 0x3C, 0x3E, 0x78,
    0x0F, 0x70, 0x0F, 0x70, 0x07, 0x70, 0x00, 0x7C, 0x00, 0x3F, 0x00, 0x1F, 0xF0, 0x0F, 0xFC, 0x01,
    0xFE, 0x00, 0x3F, 0x00, 0x0F, 0x00, 0x07, 0xF0, 0x07, 0xF0, 0x07, 0x78, 0x0F, 0x7E, 0x7E, 0x3F,
    0xFE, 0x1F, 0xF8, 0x03, 0xE0, 0x01, 0xE0, 0x01, 0xF0, 0x00, 0x70, 0x03, 0xF0, 0x03, 0xE0, 0x1F,
    0xC1, 0xFF, 0x1F, 0xFC, 0xE0, 0xF7, 0x03, 0x38, 0x01, 0xF8, 0x07, 0xF8, 0x1F, 0xF0, 0x1F, 0xC0,
    0x1E, 0xC0, 0x7F, 0x07, 0xBC, 0x7D, 0xFF, 0xC7, 0xFC, 0x07, 0x00, 0x3E, 0x01, 0xF0, 0x01, 0x80,
    0x7C, 0x03, 0xE0, 0x0E, 0x78, 0x0F, 0x70, 0x07, 0xE0, 0x03, 0xC0, 0x00, 0x00, 0x00, 0x00, 0x03,
    0xE0, 0x1F, 0xF8, 0x3F, 0xFC, 0x3C, 0x3E, 0x78, 0x0F, 0x70, 0x0F, 0x70, 0x07, 0x70, 0x00, 0x7C,
    0x00, 0x3F, 0x00, 0x1F, 0xF0, 0x0F, 0xFC, 0x01, 0xFE, 0x00, 0x3F, 0x00, 0x0F, 0x00, 0x07, 0xF0,
    0x07, 0xF0, 0x07, 0x78, 0x0F, 0x7E, 0x7E, 0x3F, 0xFE, 0x1F, 0xF8, 0x03, 0xE0, 0x38, 0xE0, 0xEE,
    0x03, 0xF0, 0x0F, 0x00, 0x00, 0x00, 0x00, 0x7F, 0x07, 0xFC, 0x7F, 0xF3, 0x83, 0xDC, 0x0C, 0xE0,
    0x07, 0xE0, 0x1F, 0xE0, 0x7F, 0xC0, 0x7F, 0x00, 0x7B, 0x01, 0xFC, 0x1E, 0xF1, 0xF7, 0xFF, 0x1F,
    0xF0, 0x1C, 0x00, 0xFF, 0xFF, 0x7F, 0xFF, 0xFF, 0xFF, 0xEF, 0xFF, 0xE0, 0x1C, 0x00, 0x0E, 0x00,
    0x07, 0x00, 0x03, 0x80, 0x01, 0xC0, 0x00, 0xE0, 0x00, 0x70, 0x00, 0x38, 0x00, 0x1C, 0x00, 0x0E,
    0x00, 0x07, 0x00, 0x03, 0x80, 0x01, 0xC0, 0x00, 0xE0, 0x00, 0x70, 0x00, 0x38, 0x00, 0x1C, 0x00,
    0x0E, 0x00, 0x06, 0x00, 0x03, 0xC0, 0x01, 0xF0, 0x00, 0x38, 0x00, 0xFC, 0x00, 0x7C, 0x00, 0x3C,
    0x0F, 0x03, 0xC0, 0xF0, 0xFF, 0xBF, 0xEF, 0xF8, 0xF0, 0x3C, 0x0F, 0x03, 0xC0, 0xF0, 0x3C, 0x0F,
    0x03, 0xC0, 0xF0, 0x3C, 0x07, 0x81, 0xF8, 0x3E, 0x07, 0x01, 0xE0, 0x7C, 0x07, 0x0F, 0xC3, 0xE0,
    0x0E, 0x78, 0x07, 0xB8, 0x01, 0xF8, 0x00, 0x78, 0x00, 0x00, 0x00, 0x00, 0x03, 0xFF, 0xFD, 0xFF,
    0xFF, 0xFF, 0xFF, 0xBF, 0xFF, 0x80, 0x70, 0x00, 0x38, 0x00, 0x1C, 0x00, 0x0E, 0x00, 0x07, 0x00,
    0x03, 0x80, 0x01, 0xC0, 0x00, 0xE0, 0x00, 0x70, 0x00, 0x38, 0x00, 0x1C, 0x00, 0x0E, 0x00, 0x07,
    0x00, 0x03, 0x80, 0x01, 0xC0, 0x00, 0xE0, 0x00, 0x70, 0x00, 0x38, 0x00, 0x01, 0x80, 0x70, 0x1C,
    0x06, 0x3D, 0x8F, 0x63, 0xD0, 0xF0, 0xFF, 0xBF, 0xEF, 0xF8, 0xF0, 0x3C, 0x0F, 0x03, 0xC0, 0xF0,
    0x3C, 0x0F, 0x03, 0xC0, 0xF0, 0x3C, 0x07, 0x81, 0xF8, 0x3E, 0x03, 0x00, 0xFF, 0xFF, 0x7F, 0xFF,
    0xFF, 0xFF, 0xEF, 0xFF, 0xE0, 0x1C, 0x00, 0x0E, 0x00, 0x07, 0x00, 0x03, 0x80, 0x01, 0xC0, 0x00,
    0xE0, 0x0F, 0xFF, 0x07, 0xFF, 0x83, 0xFF, 0xC0, 0x0E, 0x00, 0x07, 0x00, 0x03, 0x80, 0x01, 0xC0,
    0x00, 0xE0, 0x00, 0x70, 0x00, 0x38, 0x00, 0x1C, 0x00, 0x0E, 0x00, 0x3C, 0x1E, 0x0F, 0x07, 0x8F,
    0xFF, 0xFF, 0xFE, 0x78, 0x3C, 0x7F, 0xFF, 0xFF, 0xF3, 0xC1, 0xE0, 0xF0, 0x78, 0x3C, 0x0F, 0x07,
    0xE1, 0xF0, 0x30, 0x03, 0x18, 0x03, 0xFC, 0x03, 0xFE, 0x01, 0xCE, 0x00, 0x00, 0x00, 0x00, 0x03,
    0x80, 0x0F, 0xC0, 0x07, 0xE0, 0x03, 0xF0, 0x01, 0xF8, 0x00, 0xFC, 0x00, 0x7E, 0x00, 0x3F, 0x00,
    0x1F, 0x80, 0x0F, 0xC0, 0x07, 0xE0, 0x03, 0xF0, 0x01, 0xF8, 0x00, 0xFC, 0x00, 0x7E, 0x00, 0x3F,
    0x80, 0x1F, 0xC0, 0x0E, 0xE0, 0x0F, 0x78, 0x0F, 0x1F, 0xFF, 0x87, 0xFF, 0x81, 0xFF, 0x80, 0x1E,
    0x00, 0x1C, 0x61, 0xFF, 0x0F, 0xF0, 0x63, 0x80, 0x00, 0x00, 0x03, 0x80, 0xFC, 0x07, 0xE0, 0x3F,
    0x01, 0xF8, 0x0F, 0xC0, 0x7E, 0x03, 0xF0, 0x1F, 0x80, 0xFC, 0x07, 0xE0, 0x3F, 0x01, 0xFC, 0x1F,
    0xFB, 0xF7, 0xFF, 0x9F, 0xDC, 0x38, 0x00, 0x0F, 0xF8, 0x07, 0xFC, 0x00, 0x00, 0x00, 0x00, 0x00,
    0x00, 0x07, 0x00, 0x1F, 0x80, 0x0F, 0xC0, 0x07, 0xE0, 0x03, 0xF0, 0x01, 0xF8, 0x00, 0xFC, 0x00,
    0x7E, 0x00, 0x3F, 0x00, 0x1F, 0x80, 0x0F, 0xC0, 0x07, 0xE0, 0x03, 0xF0, 0x01, 0xF8, 0x00, 0xFC,
    0x00, 0x7F, 0x00, 0x3F, 0x80, 0x1D, 0xC0, 0x1E, 0xF0, 0x1E, 0x3F, 0xFF, 0x0F, 0xFF, 0x03, 0xFF,
    0x00, 0x3C, 0x00, 0x3F, 0xE1, 0xFF, 0x00, 0x00, 0x00, 0x00, 0x00, 0x70, 0x1F, 0x80, 0xFC, 0x07,
    0xE0, 0x3F, 0x01, 0xF8, 0x0F, 0xC0, 0x7E, 0x03, 0xF0, 0x1F, 0x80, 0xFC, 0x07, 0xE0, 0x3F, 0x83,
    0xFF, 0x7E, 0xFF, 0xF3, 0xFB, 0x87, 0x00, 0x0E, 0x18, 0x03, 0x9C, 0x01, 0xFC, 0x00, 0x7C, 0x00,
    0x00, 0x00, 0x00, 0x03, 0x80, 0x0F, 0xC0, 0x07, 0xE0, 0x03, 0xF0, 0x01, 0xF8, 0x00, 0xFC, 0x00,
    0x7E, 0x00, 0x3F, 0x00, 0x1F, 0x80, 0x0F, 0xC0, 0x07, 0xE0, 0x03, 0xF0, 0x01, 0xF8, 0x00, 0xFC,
    0x00, 0x7E, 0x00, 0x3F, 0x80, 0x1F, 0xC0, 0x0E, 0xE0, 0x0F, 0x78, 0x0F, 0x1F, 0xFF, 0x87, 0xFF,
    0x81, 0xFF, 0x80, 0x1E, 0x00, 0x38, 0xE1, 0xC7, 0x07, 0xF0, 0x1F, 0x00, 0x00, 0x00, 0x03, 0x80,
    0xFC, 0x07, 0xE0, 0x3F, 0x01, 0xF8, 0x0F, 0xC0, 0x7E, 0x03, 0xF0, 0x1F, 0x80, 0xFC, 0x07, 0xE0,
    0x3F, 0x01, 0xFC, 0x1F, 0xFB, 0xF7, 0xFF, 0x9F, 0xDC, 0x38, 0x00, 0x00, 0x00, 0x01, 0xF0, 0x01,
    0xFC, 0x00, 0xE7, 0x00, 0x63, 0x80, 0x39, 0xC0, 0x1F, 0xC0, 0x07, 0xC0, 0xE0, 0x03, 0xF0, 0x01,
    0xF8, 0x00, 0xFC, 0x00, 0x7E, 0x00, 0x3F, 0x00, 0x1F, 0x80, 0x0F, 0xC0, 0x07, 0xE0, 0x03, 0xF0,
    0x01, 0xF8, 0x00, 0xFC, 0x00, 0x7E, 0x00, 0x3F, 0x00, 0x1F, 0x80, 0x0F, 0xE0, 0x07, 0xF0, 0x03,
    0xB8, 0x03, 0xDE, 0x03, 0xC7, 0xFF, 0xE1, 0xFF, 0xE0, 0x7F, 0xE0, 0x07, 0x80, 0x0F, 0x80, 0xFE,
    0x07, 0x70, 0x71, 0xC1, 0x8C, 0x0F, 0xE0, 0x3E, 0x00, 0x40, 0xE0, 0x3F, 0x01, 0xF8, 0x0F, 0xC0,
    0x7E, 0x03, 0xF0, 0x1F, 0x80, 0xFC, 0x07, 0xE0, 0x3F, 0x01, 0xF8, 0x0F, 0xC0, 0x7F, 0x07, 0xFE,
    0xFD, 0xFF, 0xE7, 0xF7, 0x0E, 0x00, 0x07, 0x9C, 0x03, 0x9C, 0x01, 0xDE, 0x01, 0xCE, 0x00, 0xC6,
    0x00, 0x00, 0x03, 0x80, 0x0F, 0xC0, 0x07, 0xE0, 0x03, 0xF0, 0x01, 0xF8, 0x00, 0xFC, 0x00, 0x7E,
    0x00, 0x3F, 0x00, 0x1F, 0x80, 0x0F, 0xC0, 0x07, 0xE0, 0x03, 0xF0, 0x01, 0xF8, 0x00, 0xFC, 0x00,
    0x7E, 0x00, 0x3F, 0x80, 0x1F, 0xC0, 0x0E, 0xE0, 0x0F, 0x78, 0x0F, 0x1F, 0xFF, 0x87, 0xFF, 0x81,
    0xFF, 0x80, 0x1E, 0x00, 0x1E, 0xF0, 0xE7, 0x0F, 0x70, 0x73, 0x83, 0x18, 0x00, 0x03, 0x80, 0xFC,
    0x07, 0xE0, 0x3F, 0x01, 0xF8, 0x0F, 0xC0, 0x7E, 0x03, 0xF0, 0x1F, 0x80, 0xFC, 0x07, 0xE0, 0x3F,
    0x01, 0xFC, 0x1F, 0xFB, 0xF7, 0xFF, 0x9F, 0xDC, 0x38, 0x00, 0xE0, 0x03, 0xF0, 0x01, 0xF8, 0x00,
    0xFC, 0x00, 0x7E, 0x00, 0x3F, 0x00, 0x1F, 0x80, 0x0F, 0xC0, 0x07, 0xE0, 0x03, 0xF0, 0x01, 0xF8,
    0x00, 0xFC, 0x00, 0x7E, 0x00, 0x3F, 0x00, 0x1F, 0x80, 0x0F, 0xE0, 0x07, 0xF0, 0x03, 0xB8, 0x03,
    0xDE, 0x03, 0xE7, 0xFF, 0xE1, 0xFF, 0xE0, 0x7F, 0xE0, 0x07, 0xC0, 0x03, 0x80, 0x03, 0x80, 0x01,
    0xE0, 0x00, 0xFC, 0x00, 0x3E, 0x00, 0x04, 0x00, 0xE0, 0x3B, 0x80, 0xEE, 0x03, 0xB8, 0x0E, 0xE0,
    0x3B, 0x80, 0xEE, 0x03, 0xB8, 0x0E, 0xE0, 0x3B, 0x80, 0xEE, 0x03, 0xB8, 0x0E, 0xF0, 0x7B, 0xF7,
    0xE7, 0xFF, 0x8F, 0xEE, 0x0E, 0x78, 0x03, 0xC0, 0x0E, 0x00, 0x3A, 0x00, 0xFC, 0x03, 0xF0, 0x01,
    0x00, 0x00, 0x0F, 0x00, 0x00, 0x01, 0xF8, 0x00, 0x00, 0x3D, 0xC0, 0x00, 0x03, 0x9E, 0x00, 0x00,
    0x00, 0x00, 0x00, 0x00, 0x00, 0x00, 0x60, 0x07, 0x00, 0x7F, 0x00, 0xF0, 0x07, 0x70, 0x0F, 0x80,
    0xF7, 0x00, 0xF8, 0x0F, 0x78, 0x1F, 0x80, 0xE3, 0x81, 0xF8, 0x0E, 0x38, 0x1F, 0xC1, 0xE3, 0x81,
    0xDC, 0x1C, 0x3C, 0x3D, 0xC1, 0xC1, 0xC3, 0x9C, 0x3C, 0x1C, 0x39, 0xE3, 0xC1, 0xE3, 0x8E, 0x38,
    0x1E, 0x78, 0xE3, 0x80, 0xE7, 0x0E, 0x78, 0x0E, 0x70, 0x77, 0x00, 0xFF, 0x07, 0x70, 0x07, 0xE0,
    0x77, 0x00, 0x7E, 0x07, 0xF0, 0x07, 0xE0, 0x3E, 0x00, 0x7E, 0x03, 0xE0, 0x03, 0xC0, 0x3E, 0x00,
    0x3C, 0x03, 0xE0, 0x00, 0x3C, 0x00, 0x00, 0xFC, 0x00, 0x03, 0xBC, 0x00, 0x0E, 0x38, 0x00, 0x00,
    0x00, 0x00, 0x00, 0x00, 0x1C, 0x0F, 0x07, 0xB8, 0x1E, 0x0F, 0x78, 0x7C, 0x1C, 0xF0, 0xF8, 0x38,
    0xE1, 0xF8, 0xF1, 0xC3, 0xF1, 0xC3, 0xCE, 0xE3, 0x83, 0x9D, 0xCF, 0x07, 0x39, 0xDC, 0x0E, 0x63,
    0xB8, 0x0F, 0xC7, 0x70, 0x1F, 0x87, 0xE0, 0x3F, 0x0F, 0x80, 0x3C, 0x1F, 0x00, 0x78, 0x3E, 0x00,
    0xF0, 0x38, 0x00, 0x00, 0xF0, 0x00, 0x3F, 0x00, 0x0E, 0xF0, 0x03, 0xCE, 0x00, 0x00, 0x00, 0x00,
    0x00, 0x1C, 0x00, 0x3B, 0xC0, 0x0F, 0x78, 0x03, 0xC7, 0x80, 0x78, 0x70, 0x1E, 0x0F, 0x03, 0x80,
    0xF0, 0xF0, 0x1E, 0x3C, 0x01, 0xE7, 0x80, 0x1D, 0xE0, 0x03, 0xF8, 0x00, 0x3F, 0x00, 0x03, 0xC0,
    0x00, 0x78, 0x00, 0x0F, 0x00, 0x01, 0xE0, 0x00, 0x3C, 0x00, 0x07, 0x80, 0x00, 0xF0, 0x00, 0x1E,
    0x00, 0x03, 0xC0, 0x00, 0x78, 0x00, 0x03, 0xC0, 0x07, 0xE0, 0x0F, 0xF0, 0x1E, 0x78, 0x00, 0x00,
    0x00, 0x00, 0x70, 0x0F, 0x70, 0x0E, 0x78, 0x1E, 0x38, 0x1E, 0x38, 0x1C, 0x3C, 0x3C, 0x1C, 0x38,
    0x1C, 0x38, 0x1E, 0x78, 0x0E, 0x70, 0x0F, 0x70, 0x07, 0xE0, 0x07, 0xE0, 0x07, 0xE0, 0x03, 0xC0,
    0x03, 0xC0, 0x03, 0xC0, 0x03, 0x80, 0x07, 0x80, 0x3F, 0x00, 0x3F, 0x00, 0x3E, 0x00, 0x00, 0x00,
    0x07, 0x1C, 0x00, 0xF3, 0xC0, 0x1E, 0x78, 0x01, 0x86, 0x00, 0x00, 0x00, 0x00, 0x00, 0x1C, 0x00,
    0x3B, 0xC0, 0x0F, 0x78, 0x03, 0xC7, 0x80, 0x78, 0x70, 0x1E, 0x0F, 0x03, 0x80, 0xF0, 0xF0, 0x1E,
    0x3C, 0x01, 0xE7, 0x80, 0x1D, 0xE0, 0x03, 0xF8, 0x00, 0x3F, 0x00, 0x03, 0xC0, 0x00, 0x78, 0x00,
    0x0F, 0x00, 0x01, 0xE0, 0x00, 0x3C, 0x00, 0x07, 0x80, 0x00, 0xF0, 0x00, 0x1E, 0x00, 0x03, 0xC0,
    0x00, 0x78, 0x00, 0x00, 0xF0, 0x00, 0xE0, 0x01, 0xE0, 0x01, 0xC0, 0x01, 0x80, 0x00, 0x00, 0x7F,
    0xFF, 0xFF, 0xFF, 0xFF, 0xFF, 0x7F, 0xFF, 0x00, 0x1E, 0x00, 0x3C, 0x00, 0x38, 0x00, 0x78, 0x00,
    0xF0, 0x00, 0xE0, 0x01, 0xE0, 0x03, 0xC0, 0x07, 0x80, 0x07, 0x80, 0x0F, 0x00, 0x1E, 0x00, 0x1C,
    0x00, 0x3C, 0x00, 0x78, 0x00, 0x7F, 0xFF, 0xFF, 0xFF, 0xFF, 0xFF, 0x01, 0xE0, 0x1E, 0x00, 0xE0,
    0x07, 0x00, 0x30, 0x00, 0x01, 0xFF, 0xEF, 0xFF, 0x7F, 0xF8, 0x07, 0x80, 0x38, 0x03, 0xC0, 0x3C,
    0x03, 0xC0, 0x1C, 0x01, 0xE0, 0x1E, 0x01, 0xE0, 0x1E, 0x00, 0xFF, 0xFF, 0xFF, 0xFF, 0xFC, 0x01,
    0xC0, 0x03, 0xC0, 0x03, 0xC0, 0x01, 0x80, 0x00, 0x00, 0x00, 0x00, 0x7F, 0xFF, 0xFF, 0xFF, 0xFF,
    0xFF, 0x7F, 0xFF, 0x00, 0x1E, 0x00, 0x3C, 0x00, 0x38, 0x00, 0x78, 0x00, 0xF0, 0x00, 0xE0, 0x01,
    0xE0, 0x03, 0xC0, 0x07, 0x80, 0x07, 0x80, 0x0F, 0x00, 0x1E, 0x00, 0x1C, 0x00, 0x3C, 0x00, 0x78,
    0x00, 0x7F, 0xFF, 0xFF, 0xFF, 0xFF, 0xFF, 0x07, 0x00, 0x3C, 0x01, 0xE0, 0x0E, 0x00, 0x00, 0x00,
    0x01, 0xFF, 0xEF, 0xFF, 0x7F, 0xF8, 0x07, 0x80, 0x38, 0x03, 0xC0, 0x3C, 0x03, 0xC0, 0x1C, 0x01,
    0xE0, 0x1E, 0x01, 0xE0, 0x1E, 0x00, 0xFF, 0xFF, 0xFF, 0xFF, 0xFC, 0x1E, 0x78, 0x0F, 0xF0, 0x07,
    0xE0, 0x03, 0xC0, 0x00, 0x00, 0x00, 0x00, 0x7F, 0xFF, 0xFF, 0xFF, 0xFF, 0xFF, 0x7F, 0xFF, 0x00,
    0x1E, 0x00, 0x3C, 0x00, 0x38, 0x00, 0x78, 0x00, 0xF0, 0x00, 0xE0, 0x01, 0xE0, 0x03, 0xC0, 0x07,
    0x80, 0x07, 0x80, 0x0F, 0x00, 0x1E, 0x00, 0x1C, 0x00, 0x3C, 0x00, 0x78, 0x00, 0x7F, 0xFF, 0xFF,
    0xFF, 0xFF, 0xFF, 0x38, 0xE0, 0xEF, 0x03, 0xF0, 0x0F, 0x00, 0x00, 0x00, 0x01, 0xFF, 0xEF, 0xFF,
    0x7F, 0xF8, 0x07, 0x80, 0x38, 0x03, 0xC0, 0x3C, 0x03, 0xC0, 0x1C, 0x01, 0xE0, 0x1E, 0x01, 0xE0,
    0x1E, 0x00, 0xFF, 0xFF, 0xFF, 0xFF, 0xFC, 0x3E, 0xFF, 0xFF, 0x0E, 0x1C, 0x38, 0x70, 0xE1, 0xC3,
    0x87, 0x0E, 0x1C, 0x38, 0x70, 0xE1, 0xC3, 0x87, 0x0E, 0x1C, 0x00, 0x00, 0x00, 0x70, 0x00, 0x07,
    0x00, 0x00, 0x70, 0x1F, 0xFF, 0x07, 0xFF, 0xF0, 0xFF, 0xFE, 0x1F, 0x8F, 0x83, 0xC0, 0x3C, 0x38,
    0x01, 0xE7, 0x80, 0x1E, 0x70, 0x00, 0xE7, 0x00, 0x0F, 0xF0, 0x00, 0xFF, 0x00, 0x07, 0xF0, 0x00,
    0x7F, 0x00, 0x07, 0xF0, 0x00, 0xF7, 0x00, 0x0F, 0x70, 0x00, 0xE7, 0x80, 0x1E, 0x3C, 0x01, 0xE3,
    0xE0, 0x7C, 0x1F, 0xFF, 0x80, 0xFF, 0xF0, 0x07, 0xFE, 0x00, 0x0F, 0x00, 0x00, 0x06, 0x00, 0x0F,
    0x00, 0x0F, 0x00, 0x0F, 0x0F, 0xFE, 0x1F, 0xFE, 0x3F, 0xF8, 0x78, 0x3C, 0x70, 0x1E, 0xF0, 0x1E,
    0xE0, 0x0E, 0xE0, 0x0E, 0xE0, 0x0E, 0xE0, 0x0E, 0xF0, 0x0E, 0x70, 0x1E, 0x78, 0x3C, 0x7C, 0x7C,
    0x3F, 0xF8, 0x1F, 0xF0, 0x03, 0x80, 0x00, 0x00, 0x70, 0x00, 0x07, 0x00, 0x00, 0x7E, 0x00, 0x3F,
    0xE0, 0x03, 0xFE, 0x00, 0x3E, 0xE0, 0x03, 0x8E, 0x00, 0x38, 0xE0, 0x03, 0x8E, 0x00, 0x38, 0xE0,
    0x03, 0x8E, 0x00, 0x38, 0xE0, 0x03, 0x8E, 0x00, 0x38, 0xE0, 0x03, 0x8E, 0x00, 0x38, 0xE0, 0x03,
    0x8E, 0x00, 0x38, 0xF0, 0x03, 0x8F, 0x00, 0x38, 0x70, 0x07, 0x87, 0x80, 0xF0, 0x3F, 0xFF, 0x01,
    0xFF, 0xE0, 0x0F, 0xFC, 0x00, 0x1E, 0x00, 0x00, 0x06, 0x00, 0x07, 0x00, 0x07, 0x00, 0x07, 0xE0,
    0x3F, 0xE0, 0x3E, 0xE0, 0x38, 0xE0, 0x38, 0xE0, 0x38, 0xE0, 0x38, 0xE0, 0x38, 0xE0, 0x38, 0xE0,
    0x38, 0xE0, 0x38, 0xE0, 0x38, 0xE0, 0x38, 0xF0, 0x78, 0xFD, 0xF8, 0x7F, 0xF8, 0x3F, 0xB8, 0x0E,
    0x00, 0x7F, 0x80, 0x03, 0x8E, 0x7F, 0xF8, 0x00, 0xEE, 0x3F, 0xFF, 0x00, 0x3E, 0x1F, 0xFF, 0xC0,
    0x1F, 0x0F, 0x01, 0xF0, 0x00, 0x07, 0x80, 0x78, 0x00, 0x03, 0xC0, 0x1E, 0x3F, 0xFF, 0xE0, 0x07,
    0x1F, 0xFF, 0xF0, 0x03, 0x8F, 0xFF, 0xF8, 0x01, 0xC0, 0x07, 0xBC, 0x00, 0xF0, 0x03, 0x9E, 0x00,
    0x78, 0x03, 0xCF, 0x00, 0x3C, 0x03, 0xC7, 0x80, 0x1C, 0x03, 0xC3, 0xC0, 0x0E, 0x03, 0xC1, 0xE0,
    0x0F, 0x01, 0xC0, 0xF0, 0x07, 0x81, 0xE0, 0x78, 0x07, 0x81, 0xE0, 0x3C, 0x07, 0xC1, 0xE0, 0x1F,
    0xFF, 0xC0, 0xFF, 0xFF, 0xFF, 0xC0, 0xFF, 0xFF, 0xFF, 0x80, 0x7F, 0xFC, 0x00, 0x0C, 0x0E, 0x78,
    0x00, 0x3C, 0x1E, 0xE0, 0x00, 0x78, 0x1F, 0x80, 0x00, 0xF0, 0x1E, 0x00, 0x01, 0xE0, 0x00, 0x00,
    0x03, 0xC0, 0x00, 0x03, 0xF7, 0x8F, 0xFF, 0x9F, 0xFF, 0x1F, 0xFF, 0x3F, 0xFE, 0x3F, 0xFC, 0xF0,
    0x7C, 0x00, 0x79, 0xC0, 0x78, 0x01, 0xE7, 0x80, 0xF0, 0x07, 0x8E, 0x01, 0xE0, 0x0F, 0x1C, 0x01,
    0xC0, 0x3C, 0x38, 0x03, 0x80, 0xF0, 0x70, 0x0F, 0x03, 0xC0, 0xF0, 0x1E, 0x07, 0x01, 0xE0, 0x3C,
    0x1E, 0x01, 0xE0, 0xF8, 0x78, 0x03, 0xE3, 0xF1, 0xFF, 0xF3, 0xFF, 0xE3, 0xFF, 0xE3, 0xFD, 0xC7,
    0xFF, 0xC1, 0xE0, 0x00, 0x00, 0x00, 0x60, 0x00, 0x00, 0x37, 0x80, 0x00, 0x03, 0xFC, 0x00, 0x00,
    0x1F, 0xE0, 0x00, 0x00, 0xFF, 0x00, 0x00, 0x07, 0xF8, 0x00, 0x00, 0x3F, 0xC0, 0x00, 0x01, 0xFE,
    0x00, 0x00, 0x0F, 0xF0, 0x00, 0x00, 0x7F, 0x80, 0x00, 0x03, 0xFC, 0x00, 0x00, 0x1F, 0xE0, 0x00,
    0x00, 0xFF, 0x00, 0x00, 0x07, 0xF8, 0x00, 0x00, 0x3F, 0xC0, 0x03, 0x01, 0xFE, 0x00, 0x3C, 0x0F,
    0xF0, 0x01, 0xE0, 0x7F, 0x80, 0x0F, 0x03, 0xFC, 0x00, 0x38, 0x3D, 0xFF, 0xF1, 0xF3, 0xEF, 0xFF,
    0x87, 0xFE, 0x7F, 0xFC, 0x1F, 0xE0, 0x00, 0x00, 0x3C, 0x00, 0x60, 0x00, 0xEF, 0x00, 0x0F, 0xF0,
    0x00, 0xFF, 0x00, 0x0E, 0xF0, 0x00, 0x0F, 0x00, 0x00, 0xF0, 0x00, 0xEF, 0x00, 0x0E, 0xF0, 0x00,
    0xEF, 0x00, 0x0E, 0xF0, 0x00, 0xEF, 0x00, 0x0E, 0xF0, 0x00, 0xEF, 0x00, 0x0E, 0xF0, 0x00, 0xEF,
    0x00, 0x0E, 0xF0, 0x00, 0xEF, 0x00, 0x0E, 0xF0, 0x00, 0xEF, 0xFF, 0x8E, 0xFF, 0xF8, 0xEF, 0xFF,
    0x8E, 0x00, 0x00, 0xE0, 0x00, 0x0E, 0x00, 0x00, 0xE0, 0x00, 0x3E, 0x00, 0x07, 0xC0, 0x00, 0x78,
    0xE1, 0xDC, 0x7B, 0x8F, 0x70, 0xEE, 0x01, 0xC0, 0x38, 0x77, 0x0E, 0xE1, 0xDC, 0x3B, 0x87, 0x70,
    0xEE, 0x1D, 0xC3, 0xB8, 0x77, 0x0E, 0xE1, 0xDC, 0x3B, 0x87, 0x70, 0xEE, 0x1D, 0xC3, 0x80, 0x70,
    0x0E, 0x03, 0xC1, 0xF8, 0x3E, 0x07, 0x80, 0x70, 0x01, 0x80, 0x01, 0xFC, 0x00, 0xF0, 0x00, 0x7F,
    0x80, 0x3C, 0x00, 0x1F, 0xF0, 0x0F, 0x00, 0x07, 0xFC, 0x03, 0xC0, 0x01, 0xFF, 0x80, 0xF0, 0x00,
    0x7E, 0xF0, 0x3C, 0x00, 0x1F, 0xBC, 0x0F, 0x00, 0x07, 0xE7, 0x83, 0xC0, 0x01, 0xFC, 0xF0, 0xF0,
    0x00, 0x7F, 0x3C, 0x3C, 0x00, 0x1F, 0xC7, 0x8F, 0x00, 0x07, 0xF0, 0xE3, 0xC0, 0x01, 0xFC, 0x3C,
    0xF0, 0x00, 0x7F, 0x07, 0xBC, 0x70, 0x1F, 0xC0, 0xEF, 0x1C, 0x07, 0xF0, 0x3F, 0xC7, 0x01, 0xFC,
    0x07, 0xF1, 0xC0, 0xFF, 0x01, 0xFC, 0x78, 0x3F, 0xC0, 0x3F, 0x1F, 0xBE, 0xF0, 0x07, 0xC3, 0xFF,
    0xBC, 0x01, 0xF0, 0x7F, 0x80, 0x00, 0x00, 0x03, 0x80, 0x70, 0x01, 0x83, 0xF8, 0x01, 0xE3, 0xFE,
    0x00, 0xF1, 0xFF, 0x80, 0x78, 0x6F, 0xC0, 0x3C, 0x07, 0xF0, 0x1E, 0x03, 0xBC, 0x0F, 0x1F, 0xDE,
    0x07, 0x8F, 0xE7, 0x83, 0xC7, 0xF9, 0xE1, 0xE3, 0xFC, 0xF0, 0xF1, 0xFE, 0x3C, 0x78, 0xFF, 0x0E,
    0x3C, 0x7F, 0x87, 0x9E, 0x3F, 0xC1, 0xEF, 0x1F, 0xE0, 0x77, 0x8F, 0xF0, 0x3F, 0xC7, 0xF8, 0x0F,
    0xE3, 0xFC, 0x07, 0xF1, 0xFE, 0x01, 0xF8, 0xFF, 0x00, 0x7C, 0x7F, 0x80, 0x3E, 0x3C, 0x00, 0x00,
    0x1E, 0x00, 0x00, 0x0F, 0x00, 0x00, 0x07, 0x80, 0x00, 0x0F, 0x80, 0x00, 0x07, 0xC0, 0x00, 0x03,
    0xC0, 0x00, 0x00, 0x70, 0x00, 0x07, 0x80, 0x00, 0x3C, 0x00, 0x00, 0xE0, 0x00, 0x00, 0x00, 0x00,
    0x03, 0xBF, 0x81, 0xDF, 0xFE, 0x0E, 0xFF, 0xF0, 0x77, 0x83, 0xC3, 0xBC, 0x0E, 0x1D, 0xC0, 0x70,
    0xEE, 0x03, 0x87, 0x70, 0x1C, 0x3B, 0x80, 0xE1, 0xDC, 0x07, 0x0E, 0xE0, 0x38, 0x77, 0x01, 0xC3,
    0xB8, 0x0E, 0x1D, 0xC0, 0x70, 0xEE, 0x03, 0x87, 0x70, 0x1C, 0x38, 0x00, 0x01, 0xC0, 0x00, 0x0E,
    0x00, 0x00, 0xF0, 0x00, 0x1F, 0x80, 0x00, 0xF8, 0x00, 0x07, 0x80, 0x07, 0x9E, 0x00, 0x3F, 0xC0,
    0x01, 0xF8, 0x00, 0x0F, 0x00, 0x00, 0x00, 0x00, 0x00, 0x00, 0x00, 0xE0, 0x00, 0x0F, 0x00, 0x01,
    0xF0, 0x00, 0x1F, 0x80, 0x01, 0xF8, 0x00, 0x3F, 0xC0, 0x03, 0x9C, 0x00, 0x39, 0xC0, 0x07, 0x9E,
    0x00, 0x70, 0xE0, 0x0F, 0x0E, 0x00, 0xF0, 0xF0, 0x0E, 0x07, 0x01, 0xFF, 0xF8, 0x1F, 0xFF, 0x81,
    0xFF, 0xF8, 0x3C, 0x03, 0xC3, 0x80, 0x3C, 0x38, 0x01, 0xC7, 0x80, 0x1E, 0x70, 0x00, 0xEF, 0x00,
    0x0E, 0x3C, 0xF0, 0xEF, 0x03, 0xF0, 0x0F, 0x00, 0x00, 0x00, 0x00, 0x7F, 0x87, 0xFE, 0x7F, 0xFB,
    0x83, 0xDC, 0x0E, 0x00, 0x70, 0x3F, 0x9F, 0xFD, 0xFF, 0xFF, 0x87, 0xF0, 0x3F, 0x01, 0xF8, 0x1F,
    0xF1, 0xF7, 0xFF, 0x9F, 0xDC, 0x38, 0x00, 0xF3, 0x9D, 0xE3, 0xF0, 0x78, 0x00, 0x00, 0x00, 0xC0,
    0x78, 0x1E, 0x07, 0x81, 0xE0, 0x78, 0x1E, 0x07, 0x81, 0xE0, 0x78, 0x1E, 0x07, 0x81, 0xE0, 0x78,
    0x1E, 0x07, 0x81, 0xE0, 0x78, 0x1E, 0x07, 0x81, 0xE0, 0x78, 0x71, 0xCE, 0xE3, 0xF0, 0x7C, 0x00,
    0x00, 0x00, 0xE0, 0x38, 0x0E, 0x03, 0x80, 0xE0, 0x38, 0x0E, 0x03, 0x80, 0xE0, 0x38, 0x0E, 0x03,
    0x80, 0xE0, 0x38, 0x0E, 0x03, 0x80, 0x07, 0x9E, 0x00, 0x3F, 0xC0, 0x01, 0xF8, 0x00, 0x0F, 0x00,
    0x00, 0x00, 0x00, 0x00, 0x00, 0x01, 0xF8, 0x00, 0x7F, 0xE0, 0x0F, 0xFF, 0x01, 0xF8, 0xF8, 0x3C,
    0x03, 0xC3, 0x80, 0x1E, 0x78, 0x01, 0xE7, 0x00, 0x0E, 0x70, 0x00, 0xFF, 0x00, 0x0F, 0xF0, 0x00,
    0x7F, 0x00, 0x07, 0xF0, 0x00, 0x7F, 0x00, 0x0F, 0x70, 0x00, 0xF7, 0x00, 0x0E, 0x78, 0x01, 0xE3,
    0xC0, 0x1E, 0x3E, 0x07, 0xC1, 0xFF, 0xF8, 0x0F, 0xFF, 0x00, 0x7F, 0xE0, 0x00, 0xF0, 0x00, 0x1C,
    0x70, 0x1D, 0xC0, 0x1F, 0x80, 0x3E, 0x00, 0x00, 0x00, 0x00, 0x03, 0xF8, 0x0F, 0xF8, 0x3F, 0xF8,
    0xF0, 0x79, 0xC0, 0x7F, 0x80, 0xFE, 0x00, 0xFC, 0x01, 0xF8, 0x03, 0xF0, 0x07, 0xF0, 0x0E, 0xE0,
    0x3D, 0xE0, 0xF3, 0xE3, 0xE3, 0xFF, 0x83, 0xFE, 0x00, 0xE0, 0x00, 0x0F, 0x38, 0x03, 0xBC, 0x00,
    0xFC, 0x00, 0x3C, 0x00, 0x00, 0x00, 0x00, 0x03, 0x80, 0x0F, 0xC0, 0x07, 0xE0, 0x03, 0xF0, 0x01,
    0xF8, 0x00, 0xFC, 0x00, 0x7E, 0x00, 0x3F, 0x00, 0x1F, 0x80, 0x0F, 0xC0, 0x07, 0xE0, 0x03, 0xF0,
    0x01, 0xF8, 0x00, 0xFC, 0x00, 0x7E, 0x00, 0x3F, 0x80, 0x1F, 0xC0, 0x0E, 0xE0, 0x0F, 0x78, 0x0F,
    0x1F, 0xFF, 0x87, 0xFF, 0x81, 0xFF, 0x80, 0x1E, 0x00, 0x38, 0xE0, 0xEE, 0x03, 0xE0, 0x1F, 0x00,
    0x00, 0x00, 0x03, 0x80, 0xFC, 0x07, 0xE0, 0x3F, 0x01, 0xF8, 0x0F, 0xC0, 0x7E, 0x03, 0xF0, 0x1F,
    0x80, 0xFC, 0x07, 0xE0, 0x3F, 0x01, 0xFC, 0x1F, 0xFB, 0xF7, 0xFF, 0x9F, 0xDC, 0x38, 0x00, 0x00,
    0x00, 0x07, 0xFC, 0x03, 0xFE, 0x00, 0x00, 0x00, 0x61, 0x80, 0x79, 0xE0, 0x3C, 0xF0, 0x1C, 0x70,
    0x00, 0x00, 0x00, 0x00, 0x38, 0x00, 0xFC, 0x00, 0x7E, 0x00, 0x3F, 0x00, 0x1F, 0x80, 0x0F, 0xC0,
    0x07, 0xE0, 0x03, 0xF0, 0x01, 0xF8, 0x00, 0xFC, 0x00, 0x7E, 0x00, 0x3F, 0x00, 0x1F, 0x80, 0x0F,
    0xC0, 0x07, 0xE0, 0x03, 0xF8, 0x01, 0xFC, 0x00, 0xEE, 0x00, 0xF7, 0x80, 0xF1, 0xFF, 0xF8, 0x7F,
    0xF8, 0x1F, 0xF8, 0x01, 0xE0, 0x00, 0x00, 0x01, 0xFF, 0x0F, 0xF8, 0x00, 0x01, 0x04, 0x1C, 0x71,
    0xF7, 0xC7, 0x1C, 0x00, 0x00, 0x00, 0x38, 0x0F, 0xC0, 0x7E, 0x03, 0xF0, 0x1F, 0x80, 0xFC, 0x07,
    0xE0, 0x3F, 0x01, 0xF8, 0x0F, 0xC0, 0x7E, 0x03, 0xF0, 0x1F, 0xC1, 0xFF, 0xBF, 0x7F, 0xF9, 0xFD,
    0xC3, 0x80, 0x00, 0x78, 0x00, 0x38, 0x00, 0x38, 0x00, 0x1C, 0x00, 0x0C, 0x00, 0x30, 0xC0, 0x3C,
    0xF0, 0x1E, 0x78, 0x0E, 0x38, 0x00, 0x00, 0x00, 0x00, 0x1C, 0x00, 0x7E, 0x00, 0x3F, 0x00, 0x1F,
    0x80, 0x0F, 0xC0, 0x07, 0xE0, 0x03, 0xF0, 0x01, 0xF8, 0x00, 0xFC, 0x00, 0x7E, 0x00, 0x3F, 0x00,
    0x1F, 0x80, 0x0F, 0xC0, 0x07, 0xE0, 0x03, 0xF0, 0x01, 0xFC, 0x00, 0xFE, 0x00, 0x77, 0x00, 0x7B,
    0xC0, 0x78, 0xFF, 0xFC, 0x3F, 0xFC, 0x0F, 0xFC, 0x00, 0xF0, 0x00, 0x01, 0xC0, 0x1E, 0x00, 0xE0,
    0x0F, 0x00, 0x70, 0x08, 0x20, 0xE3, 0x8F, 0xBE, 0x38, 0xE0, 0x00, 0x00, 0x01, 0xC0, 0x7E, 0x03,
    0xF0, 0x1F, 0x80, 0xFC, 0x07, 0xE0, 0x3F, 0x01, 0xF8, 0x0F, 0xC0, 0x7E, 0x03, 0xF0, 0x1F, 0x80,
    0xFE, 0x0F, 0xFD, 0xFB, 0xFF, 0xCF, 0xEE, 0x1C, 0x00, 0x0E, 0x38, 0x03, 0x9C, 0x01, 0xFC, 0x00,
    0x7C, 0x00, 0x1C, 0x00, 0x30, 0xC0, 0x3C, 0xF0, 0x1E, 0x78, 0x0E, 0x38, 0x00, 0x00, 0x00, 0x00,
    0x1C, 0x00, 0x7E, 0x00, 0x3F, 0x00, 0x1F, 0x80, 0x0F, 0xC0, 0x07, 0xE0, 0x03, 0xF0, 0x01, 0xF8,
    0x00, 0xFC, 0x00, 0x7E, 0x00, 0x3F, 0x00, 0x1F, 0x80, 0x0F, 0xC0, 0x07, 0xE0, 0x03, 0xF0, 0x01,
    0xFC, 0x00, 0xFE, 0x00, 0x77, 0x00, 0x7B, 0xC0, 0x78, 0xFF, 0xFC, 0x3F, 0xFC, 0x0F, 0xFC, 0x00,
    0xF0, 0x00, 0x38, 0xE1, 0xEF, 0x07, 0xF0, 0x1F, 0x00, 0x70, 0x08, 0x20, 0xE3, 0x8F, 0xBE, 0x38,
    0xE0, 0x00, 0x00, 0x01, 0xC0, 0x7E, 0x03, 0xF0, 0x1F, 0x80, 0xFC, 0x07, 0xE0, 0x3F, 0x01, 0xF8,
    0x0F, 0xC0, 0x7E, 0x03, 0xF0, 0x1F, 0x80, 0xFE, 0x0F, 0xFD, 0xFB, 0xFF, 0xCF, 0xEE, 0x1C, 0x00,
    0x07, 0x00, 0x03, 0xC0, 0x00, 0xE0, 0x00, 0x38, 0x00, 0x1C, 0x00, 0x30, 0xC0, 0x3C, 0xF0, 0x1E,
    0x78, 0x0E, 0x38, 0x00, 0x00, 0x00, 0x00, 0x1C, 0x00, 0x7E, 0x00, 0x3F, 0x00, 0x1F, 0x80, 0x0F,
    0xC0, 0x07, 0xE0, 0x03, 0xF0, 0x01, 0xF8, 0x00, 0xFC, 0x00, 0x7E, 0x00, 0x3F, 0x00, 0x1F, 0x80,
    0x0F, 0xC0, 0x07, 0xE0, 0x03, 0xF0, 0x01, 0xFC, 0x00, 0xFE, 0x00, 0x77, 0x00, 0x7B, 0xC0, 0x78,
    0xFF, 0xFC, 0x3F, 0xFC, 0x0F, 0xFC, 0x00, 0xF0, 0x00, 0x1C, 0x00, 0xE0, 0x03, 0x80, 0x1C, 0x00,
    0x60, 0x08, 0x20, 0xE3, 0x8F, 0xBE, 0x38, 0xE0, 0x00, 0x00, 0x01, 0xC0, 0x7E, 0x03, 0xF0, 0x1F,
    0x80, 0xFC, 0x07, 0xE0, 0x3F, 0x01, 0xF8, 0x0F, 0xC0, 0x7E, 0x03, 0xF0, 0x1F, 0x80, 0xFE, 0x0F,
    0xFD, 0xFB, 0xFF, 0xCF, 0xEE, 0x1C, 0x00, 0x00, 0x00, 0x3F, 0xC0, 0xFF, 0xC3, 0xFF, 0xCF, 0x03,
    0xCE, 0x03, 0x80, 0x07, 0x00, 0x0F, 0xFF, 0xFF, 0xFF, 0xFF, 0xFF, 0xFF, 0x00, 0xEF, 0x01, 0xCE,
    0x07, 0x9F, 0x3E, 0x1F, 0xF8, 0x1F, 0xE0, 0x07, 0x00, 0x00, 0x00, 0x00, 0x3F, 0xC0, 0x03, 0xFC,
    0x00, 0x00, 0x00, 0x03, 0x0C, 0x00, 0x79, 0xE0, 0x07, 0x9E, 0x00, 0x79, 0xE0, 0x00, 0x00, 0x00,
    0x00, 0x00, 0x00, 0xE0, 0x00, 0x0F, 0x00, 0x01, 0xF0, 0x00, 0x1F, 0x80, 0x01, 0xF8, 0x00, 0x3F,
    0xC0, 0x03, 0x9C, 0x00, 0x39, 0xC0, 0x07, 0x9E, 0x00, 0x70, 0xE0, 0x0F, 0x0E, 0x00, 0xF0, 0xF0,
    0x0E, 0x07, 0x01, 0xFF, 0xF8, 0x1F, 0xFF, 0x81, 0xFF, 0xF8, 0x3C, 0x03, 0xC3, 0x80, 0x3C, 0x38,
    0x01, 0xC7, 0x80, 0x1E, 0x70, 0x00, 0xEF, 0x00, 0x0E, 0x00, 0x00, 0xFF, 0x07, 0xF8, 0x00, 0x01,
    0x86, 0x1E, 0x78, 0xF3, 0xC7, 0x9E, 0x00, 0x00, 0x00, 0x07, 0xF8, 0x7F, 0xE7, 0xFF, 0xB8, 0x3D,
    0xC0, 0xE0, 0x07, 0x03, 0xF9, 0xFF, 0xDF, 0xFF, 0xF8, 0x7F, 0x03, 0xF0, 0x1F, 0x81, 0xFF, 0x1F,
    0x7F, 0xF9, 0xFD, 0xC3, 0x80, 0x00, 0x00, 0x00, 0x3F, 0xC0, 0x03, 0xFC, 0x00, 0x00, 0x00, 0x00,
    0x60, 0x00, 0x0F, 0x00, 0x00, 0xF0, 0x00, 0x0F, 0x00, 0x00, 0x00, 0x00, 0x00, 0x00, 0x00, 0xE0,
    0x00, 0x0F, 0x00, 0x01, 0xF0, 0x00, 0x1F, 0x80, 0x01, 0xF8, 0x00, 0x3F, 0xC0, 0x03, 0x9C, 0x00,
    0x39, 0xC0, 0x07, 0x9E, 0x00, 0x70, 0xE0, 0x0F, 0x0E, 0x00, 0xF0, 0xF0, 0x0E, 0x07, 0x01, 0xFF,
    0xF8, 0x1F, 0xFF, 0x81, 0xFF, 0xF8, 0x3C, 0x03, 0xC3, 0x80, 0x3C, 0x38, 0x01, 0xC7, 0x80, 0x1E,
    0x70, 0x00, 0xEF, 0x00, 0x0E, 0x00, 0x00, 0xFF, 0x07, 0xF8, 0x00, 0x00, 0x30, 0x03, 0xC0, 0x1E,
    0x00, 0xF0, 0x00, 0x00, 0x00, 0x07, 0xF8, 0x7F, 0xE7, 0xFF, 0xB8, 0x3D, 0xC0, 0xE0, 0x07, 0x03,
    0xF9, 0xFF, 0xDF, 0xFF, 0xF8, 0x7F, 0x03, 0xF0, 0x1F, 0x81, 0xFF, 0x1F, 0x7F, 0xF9, 0xFD, 0xC3,
    0x80, 0x00, 0x01, 0xFE, 0x00, 0x00, 0x1F, 0xE0, 0x00, 0x00, 0x00, 0x00, 0x00, 0x00, 0x00, 0x00,
    0x00, 0x00, 0x00, 0x01, 0xFF, 0xFE, 0x00, 0x3F, 0xFF, 0xE0, 0x03, 0xFF, 0xFE, 0x00, 0x73, 0xFF,
    0xE0, 0x07, 0x38, 0x00, 0x00, 0xF3, 0x80, 0x00, 0x0E, 0x38, 0x00, 0x01, 0xE3, 0x80, 0x00, 0x1C,
    0x38, 0x00, 0x03, 0xC3, 0x80, 0x00, 0x38, 0x3F, 0xFE, 0x07, 0x83, 0xFF, 0xE0, 0x70, 0x3F, 0xFE,
    0x0F, 0xFF, 0x80, 0x00, 0xFF, 0xF8, 0x00, 0x1F, 0xFF, 0x80, 0x01, 0xC0, 0x38, 0x00, 0x3C, 0x03,
    0x80, 0x03, 0xC0, 0x38, 0x00, 0x78, 0x03, 0xFF, 0xE7, 0x80, 0x3F, 0xFE, 0xF0, 0x03, 0xFF, 0xE0,
    0x00, 0xFF, 0x00, 0x00, 0x7F, 0x80, 0x00, 0x00, 0x00, 0x00, 0x00, 0x00, 0x00, 0x00, 0x00, 0x00,
    0xFE, 0x1F, 0xC0, 0xFF, 0xDF, 0xF0, 0xFF, 0xFF, 0xFC, 0x70, 0x7E, 0x0F, 0x38, 0x1E, 0x03, 0x80,
    0x0E, 0x01, 0xC0, 0x7F, 0xFF, 0xE3, 0xFF, 0xFF, 0xFB, 0xFF, 0xFF, 0xFF, 0xE0, 0xE0, 0x01, 0xE0,
    0x70, 0x00, 0xE0, 0x3C, 0x06, 0x70, 0x3E, 0x07, 0xBE, 0x3F, 0xC7, 0xCF, 0xFD, 0xFF, 0xC3, 0xFC,
    0x7F, 0xC0, 0x78, 0x07, 0x00, 0x01, 0xF8, 0x00, 0x7F, 0xE0, 0x0F, 0xFF, 0x01, 0xF8, 0xF8, 0x3C,
    0x03, 0xC3, 0x80, 0x1E, 0x78, 0x01, 0xE7, 0x00, 0x0E, 0x70, 0x00, 0x0F, 0x00, 0x00, 0xF0, 0x00,
    0x0F, 0x03, 0xFE, 0xF0, 0x3F, 0xEF, 0x03, 0xFE, 0x70, 0x00, 0xE7, 0x01, 0xFF, 0x78, 0x3F, 0xF3,
    0xC3, 0xFF, 0x3E, 0x03, 0xC1, 0xFF, 0xF8, 0x0F, 0xFF, 0x00, 0x7F, 0xE0, 0x00, 0xF0, 0x00, 0x0F,
    0xCE, 0x0F, 0xFB, 0x83, 0xFF, 0xE1, 0xE0, 0xF8, 0x70, 0x1E, 0x3C, 0x07, 0x8E, 0x01, 0xE3, 0x83,
    0xFF, 0xE0, 0xFF, 0xF8, 0x1F, 0xFF, 0x01, 0xE1, 0xC0, 0x78, 0x78, 0x3E, 0x0F, 0xFF, 0x83, 0xFE,
    0xE0, 0x3F, 0x38, 0x00, 0x0E, 0x00, 0x07, 0x87, 0x01, 0xC1, 0xF1, 0xF0, 0x3F, 0xF8, 0x07, 0xFC,
    0x00, 0x38, 0x00, 0x07, 0x9E, 0x00, 0x7F, 0x80, 0x07, 0xE0, 0x00, 0x78, 0x00, 0x00, 0x00, 0x00,
    0x00, 0x00, 0x7E, 0x00, 0x3F, 0xF0, 0x0F, 0xFF, 0x03, 0xF1, 0xF0, 0xF0, 0x0F, 0x1C, 0x00, 0xF7,
    0x80, 0x1E, 0xE0, 0x01, 0xDC, 0x00, 0x07, 0x80, 0x00, 0xF0, 0x00, 0x1E, 0x07, 0xFF, 0xC0, 0xFF,
    0xF8, 0x1F, 0xF7, 0x00, 0x0E, 0xE0, 0x01, 0xDE, 0x00, 0x79, 0xE0, 0x0F, 0x3E, 0x03, 0xC3, 0xFF,
    0xF0, 0x3F, 0xFC, 0x03, 0xFF, 0x00, 0x0F, 0x00, 0x1C, 0x70, 0x1D, 0xC0, 0x3F, 0x00, 0x3E, 0x00,
    0x00, 0x00, 0x00, 0x03, 0xF3, 0x9F, 0xF7, 0x3F, 0xFE, 0xF0, 0x7D, 0xC0, 0x7F, 0x80, 0xFE, 0x01,
    0xFC, 0x01, 0xF8, 0x03, 0xF0, 0x0F, 0xF0, 0x1E, 0xE0, 0x3D, 0xE0, 0xF9, 0xFF, 0xF3, 0xFE, 0xE1,
    0xF9, 0xC0, 0x03, 0x80, 0x0F, 0x70, 0x1C, 0xF8, 0xF8, 0xFF, 0xE0, 0xFF, 0x80, 0x38, 0x00, 0x1E,
    0x78, 0x07, 0xF8, 0x01, 0xF8, 0x00, 0x78, 0x00, 0x00, 0x00, 0x00, 0x01, 0x80, 0x1D, 0xE0, 0x1E,
    0xF0, 0x1F, 0x78, 0x1F, 0x3C, 0x1F, 0x1E, 0x1F, 0x0F, 0x1F, 0x07, 0x9F, 0x03, 0xCF, 0x01, 0xEF,
    0x00, 0xFF, 0x80, 0x7F, 0xE0, 0x3F, 0xF0, 0x1F, 0x3C, 0x0F, 0x0F, 0x07, 0x87, 0x83, 0xC1, 0xE1,
    0xE0, 0x78, 0xF0, 0x1E, 0x78, 0x0F, 0x3C, 0x03, 0xDE, 0x00, 0xF0, 0x71, 0xC0, 0x0E, 0xE0, 0x03,
    0xF0, 0x00, 0x78, 0x00, 0x00, 0x00, 0x00, 0x00, 0x00, 0xE0, 0x00, 0x38, 0x00, 0x0E, 0x00, 0x03,
    0x80, 0x00, 0xE0, 0x00, 0x38, 0x00, 0x0E, 0x07, 0x83, 0x83, 0xC0, 0xE1, 0xE0, 0x38, 0xF0, 0x0E,
    0x78, 0x03, 0xBC, 0x00, 0xFE, 0x00, 0x3F, 0x80, 0x0F, 0xF0, 0x03, 0xDE, 0x00, 0xE7, 0xC0, 0x38,
    0xF0, 0x0E, 0x1E, 0x03, 0x83, 0xC0, 0xE0, 0x78, 0x38, 0x1E, 0x01, 0xF8, 0x00, 0x7F, 0xE0, 0x0F,
    0xFF, 0x01, 0xF8, 0xF8, 0x3C, 0x03, 0xC3, 0x80, 0x1E, 0x78, 0x01, 0xE7, 0x00, 0x0E, 0x70, 0x00,
    0xFF, 0x00, 0x0F, 0xF0, 0x00, 0x7F, 0x00, 0x07, 0xF0, 0x00, 0x7F, 0x00, 0x0F, 0x70, 0x00, 0xF7,
    0x00, 0x0E, 0x78, 0x01, 0xE3, 0xC0, 0x1E, 0x3E, 0x07, 0xC1, 0xFF, 0xF8, 0x0F, 0xFF, 0x00, 0x7F,
    0xE0, 0x00, 0xF8, 0x00, 0x0F, 0x00, 0x01, 0xE0, 0x00, 0x1E, 0x80, 0x01, 0xF8, 0x00, 0x0F, 0xC0,
    0x00, 0x20, 0x00, 0x0F, 0xE0, 0x3F, 0xE0, 0xFF, 0xE3, 0xC1, 0xE7, 0x01, 0xFE, 0x03, 0xF8, 0x03,
    0xF0, 0x07, 0xE0, 0x0F, 0xC0, 0x1F, 0xC0, 0x3B, 0x80, 0xF7, 0x83, 0xCF, 0x8F, 0x8F, 0xFE, 0x0F,
    0xF8, 0x03, 0xC0, 0x0F, 0x00, 0x1C, 0x00, 0x38, 0x00, 0x7E, 0x00, 0x7C, 0x00, 0x20, 0x00, 0x03,
    0xFC, 0x00, 0x3F, 0xC0, 0x00, 0x00, 0x00, 0x00, 0x00, 0x00, 0x00, 0x00, 0x1F, 0x80, 0x07, 0xFE,
    0x00, 0xFF, 0xF0, 0x1F, 0x8F, 0x83, 0xC0, 0x3C, 0x38, 0x01, 0xE7, 0x80, 0x1E, 0x70, 0x00, 0xE7,
    0x00, 0x0F, 0xF0, 0x00, 0xFF, 0x00, 0x07, 0xF0, 0x00, 0x7F, 0x00, 0x07, 0xF0, 0x00, 0xF7, 0x00,
    0x0F, 0x70, 0x00, 0xE7, 0x80, 0x1E, 0x3C, 0x01, 0xE3, 0xE0, 0x7C, 0x1F, 0xFF, 0x80, 0xFF, 0xF0,
    0x07, 0xFE, 0x00, 0x0F, 0x80, 0x00, 0xF0, 0x00, 0x1E, 0x00, 0x01, 0xE8, 0x00, 0x1F, 0x80, 0x00,
    0xFC, 0x00, 0x02, 0x00, 0x1F, 0xF0, 0x3F, 0xE0, 0x00, 0x00, 0x00, 0x00, 0x00, 0x01, 0xFC, 0x07,
    0xFC, 0x1F, 0xFC, 0x78, 0x3C, 0xE0, 0x3F, 0xC0, 0x7F, 0x00, 0x7E, 0x00, 0xFC, 0x01, 0xF8, 0x03,
    0xF8, 0x07, 0x70, 0x1E, 0xF0, 0x79, 0xF1, 0xF1, 0xFF, 0xC1, 0xFF, 0x00, 0x78, 0x01, 0xE0, 0x03,
    0x80, 0x07, 0x00, 0x0F, 0xC0, 0x0F, 0x80, 0x04, 0x00, 0x0F, 0x38, 0x01, 0xDE, 0x00, 0x3F, 0x00,
    0x07, 0x80, 0x00, 0x00, 0x00, 0x00, 0x03, 0xFF, 0xF9, 0xFF, 0xFE, 0x7F, 0xFF, 0x8F, 0xFF, 0xC0,
    0x01, 0xE0, 0x00, 0xF0, 0x00, 0x78, 0x00, 0x3E, 0x00, 0x1F, 0x00, 0x0F, 0x80, 0x03, 0xE0, 0x00,
    0xFE, 0x00, 0x3F, 0xE0, 0x00, 0xFC, 0x00, 0x0F, 0x00, 0x01, 0xE0, 0x00, 0x78, 0x00, 0x0E, 0x00,
    0x03, 0x80, 0x00, 0xF0, 0x00, 0x3B, 0x80, 0x0E, 0xF0, 0x07, 0xBC, 0x01, 0xE7, 0x80, 0xF0, 0xFF,
    0xF8, 0x1F, 0xFE, 0x03, 0xFE, 0x00, 0x1C, 0x00, 0x1E, 0x78, 0x0F, 0xF0, 0x07, 0xE0, 0x03, 0xC0,
    0x00, 0x00, 0x3F, 0xFC, 0x7F, 0xFE, 0x7F, 0xFE, 0x3F, 0xFC, 0x00, 0x78, 0x00, 0xF0, 0x00, 0xF0,
    0x01, 0xE0, 0x03, 0xC0, 0x07, 0x80, 0x07, 0xF8, 0x07, 0xFC, 0x00, 0x3E, 0x00, 0x1E, 0x00, 0x0E,
    0x00, 0x0F, 0xF0, 0x0F, 0xF0, 0x0E, 0x78, 0x1E, 0x7E, 0x7E, 0x3F, 0xFC, 0x1F, 0xF0, 0x03, 0xC0,
    0x71, 0xCE, 0xE3, 0xF0, 0x78, 0x00, 0x00, 0x00, 0xE0, 0x38, 0x0E, 0x03, 0x80, 0xE0, 0x38, 0x0E,
    0x03, 0x80, 0xE0, 0x38, 0x0E, 0x03, 0x80, 0xE0, 0x38, 0x0E, 0x03, 0x80, 0xE0, 0x38, 0x0E, 0x1F,
    0x87, 0xC1, 0xE0, 0x7F, 0x80, 0x07, 0xFF, 0xEF, 0xFF, 0x00, 0xFF, 0xFF, 0xFF, 0xFC, 0x0F, 0xFF,
    0xFF, 0xFF, 0xE0, 0x7F, 0xFE, 0xF0, 0x1F, 0x00, 0x01, 0xEF, 0x00, 0xF0, 0x00, 0x3C, 0xF0, 0x07,
    0x80, 0x07, 0x8F, 0x00, 0x38, 0x00, 0x78, 0xF0, 0x03, 0x80, 0x0F, 0x0F, 0x00, 0x38, 0x01, 0xE0,
    0xF0, 0x03, 0xC0, 0x1C, 0x0F, 0x00, 0x3C, 0x03, 0xC0, 0xF0, 0x03, 0xC0, 0x78, 0x0F, 0x00, 0x38,
    0x07, 0x00, 0xF0, 0x03, 0x80, 0xF0, 0x0F, 0x00, 0x78, 0x1E, 0x00, 0xF0, 0x07, 0x83, 0xC0, 0x0F,
    0x00, 0xF0, 0x3C, 0x00, 0xF0, 0x1F, 0x07, 0x80, 0x0F, 0xFF, 0xE0, 0xFF, 0xFF, 0xFF, 0xFC, 0x0F,
    0xFF, 0xFF, 0xFF, 0x00, 0xFF, 0xFF, 0x7F, 0x80, 0x00, 0x00, 0x7F, 0xF8, 0x00, 0x00, 0x3F, 0xFF,
    0x00, 0x00, 0x1F, 0xFF, 0xC0, 0x00, 0x0F, 0x01, 0xF0, 0x00, 0x07, 0x80, 0x78, 0x00, 0x03, 0xC0,
    0x1E, 0x3F, 0xFF, 0xE0, 0x07, 0x1F, 0xFF, 0xF0, 0x03, 0x8F, 0xFF, 0xF8, 0x01, 0xC0, 0x07, 0xBC,
    0x00, 0xF0, 0x03, 0x9E, 0x00, 0x78, 0x03, 0xCF, 0x00, 0x3C, 0x03, 0xC7, 0x80, 0x1C, 0x03, 0xC3,
    0xC0, 0x0E, 0x03, 0xC1, 0xE0, 0x0F, 0x01, 0xC0, 0xF0, 0x07, 0x81, 0xE0, 0x78, 0x07, 0x81, 0xE0,
    0x3C, 0x07, 0xC1, 0xE0, 0x1F, 0xFF, 0xC0, 0xFF, 0xFF, 0xFF, 0xC0, 0xFF, 0xFF, 0xFF, 0x80, 0x7F,
    0xFC, 0x00, 0x0C, 0x00, 0x00, 0x00, 0x3C, 0x00, 0x00, 0x00, 0x78, 0x00, 0x00, 0x00, 0xF0, 0x00,
    0x00, 0x01, 0xE0, 0x00, 0x00, 0x03, 0xC0, 0x00, 0x03, 0xF7, 0x8F, 0xFF, 0x9F, 0xFF, 0x1F, 0xFF,
    0x3F, 0xFE, 0x3F, 0xFC, 0xF0, 0x7C, 0x00, 0x79, 0xC0, 0x78, 0x01, 0xE7, 0x80, 0xF0, 0x07, 0x8E,
    0x01, 0xE0, 0x0F, 0x1C, 0x01, 0xC0, 0x3C, 0x38, 0x03, 0x80, 0xF0, 0x70, 0x0F, 0x03, 0xC0, 0xF0,
    0x1E, 0x07, 0x01, 0xE0, 0x3C, 0x1E, 0x01, 0xE0, 0xF8, 0x78, 0x03, 0xE3, 0xF1, 0xFF, 0xF3, 0xFF,
    0xE3, 0xFF, 0xE3, 0xFD, 0xC7, 0xFF, 0xC1, 0xE0, 0x00, 0x00, 0x00, 0x00, 0x3C, 0x00, 0x07, 0x00,
    0x01, 0xE0, 0x00, 0x38, 0x00, 0x06, 0x00, 0x00, 0x00, 0x00, 0x7E, 0x00, 0x3F, 0xF0, 0x0F, 0xFF,
    0x03, 0xF1, 0xF0, 0xF0, 0x0F, 0x1C, 0x00, 0xF7, 0x80, 0x1E, 0xE0, 0x01, 0xDC, 0x00, 0x07, 0x80,
    0x00, 0xF0, 0x00, 0x1E, 0x07, 0xFF, 0xC0, 0xFF, 0xF8, 0x1F, 0xF7, 0x00, 0x0E, 0xE0, 0x01, 0xDE,
    0x00, 0x79, 0xE0, 0x0F, 0x3E, 0x03, 0xC3, 0xFF, 0xF0, 0x3F, 0xFC, 0x03, 0xFF, 0x00, 0x0F, 0x00,
    0x00, 0xE0, 0x03, 0xC0, 0x07, 0x00, 0x1C, 0x00, 0x30, 0x00, 0x00, 0x03, 0xF3, 0x9F, 0xF7, 0x3F,
    0xFE, 0xF0, 0x7D, 0xC0, 0x7F, 0x80, 0xFE, 0x01, 0xFC, 0x01, 0xF8, 0x03, 0xF0, 0x0F, 0xF0, 0x1E,
    0xE0, 0x3D, 0xE0, 0xF9, 0xFF, 0xF3, 0xFE, 0xE1, 0xF9, 0xC0, 0x03, 0x80, 0x0F, 0x70, 0x1C, 0xF8,
    0xF8, 0xFF, 0xE0, 0xFF, 0x80, 0x38, 0x00, 0x60, 0x03, 0x80, 0x0F, 0x00, 0x38, 0x00, 0xF0, 0x03,
    0x80, 0x0F, 0x00, 0x38, 0x00, 0xF0, 0x03, 0x80, 0x0F, 0x00, 0x38, 0x00, 0xF0, 0x03, 0x80, 0x7F,
    0x00, 0x38, 0x07, 0xF0, 0x03, 0x80, 0x7F, 0x00, 0x38, 0x07, 0xFF, 0xFF, 0x80, 0x7F, 0xFF, 0xF8,
    0x07, 0xFF, 0xFF, 0x80, 0x7F, 0x00, 0x38, 0x07, 0xF0, 0x03, 0x80, 0x7F, 0x00, 0x38, 0x07, 0xF0,
    0x03, 0x80, 0x7F, 0x00, 0x3C, 0x07, 0xF0, 0x03, 0xC0, 0xFF, 0x00, 0x1F, 0xFE, 0xF0, 0x00, 0xFF,
    0xEF, 0x00, 0x07, 0xF8, 0x00, 0x00, 0x0E, 0x00, 0x77, 0xC0, 0xFF, 0xF8, 0xFF, 0xFC, 0xFC, 0x7E,
    0xF0, 0x1E, 0xF0, 0x0F, 0xF0, 0x0F, 0xF0, 0x0F, 0xF0, 0x0F, 0xF0, 0x0F, 0xF0, 0x0F, 0xF0, 0x0F,
    0xF0, 0x0F, 0xF0, 0x0F, 0xF0, 0x0E, 0xF0, 0x1E, 0xF0, 0x3E, 0xF0, 0x3C, 0xF0, 0x78, 0xF0, 0xF8,
    0xF3, 0xF0, 0xFF, 0xC0, 0xFF, 0x80, 0xFE, 0x00, 0xF0, 0x00, 0xF0, 0x00, 0xF0, 0x00, 0xF0, 0x00,
    0x07, 0x80, 0x00, 0xE0, 0x00, 0x3C, 0x00, 0x07, 0x00, 0x00, 0xC0, 0x00, 0x00, 0x07, 0x00, 0x1B,
    0xC0, 0x0F, 0xF8, 0x03, 0xFF, 0x00, 0xFF, 0xC0, 0x3F, 0xF8, 0x0F, 0xEF, 0x03, 0xFB, 0xC0, 0xFE,
    0x78, 0x3F, 0xCF, 0x0F, 0xF3, 0xC3, 0xFC, 0x78, 0xFF, 0x0E, 0x3F, 0xC3, 0xCF, 0xF0, 0x7B, 0xFC,
    0x0E, 0xFF, 0x03, 0xFF, 0xC0, 0x7F, 0xF0, 0x1F, 0xFC, 0x03, 0xFF, 0x00, 0x7F, 0xC0, 0x1F, 0x1C,
    0x00, 0xF0, 0x03, 0x80, 0x0E, 0x00, 0x60, 0x00, 0x03, 0xBF, 0x9F, 0xFE, 0xFF, 0xF7, 0x83, 0xFC,
    0x0F, 0xC0, 0x7E, 0x03, 0xF0, 0x1F, 0x80, 0xFC, 0x07, 0xE0, 0x3F, 0x01, 0xF8, 0x0F, 0xC0, 0x7E,
    0x03, 0xF0, 0x1C, 0x00, 0x1C, 0x00, 0x03, 0x80, 0x00, 0x70, 0x00, 0x06, 0x00, 0x01, 0xF8, 0x00,
    0x3F, 0x80, 0x03, 0x9C, 0x00, 0x39, 0xC0, 0x03, 0x9C, 0x00, 0x1F, 0x80, 0x00, 0xF0, 0x00, 0x0E,
    0x00, 0x00, 0xF0, 0x00, 0x1F, 0x00, 0x01, 0xF8, 0x00, 0x1F, 0x80, 0x03, 0xFC, 0x00, 0x39, 0xC0,
    0x03, 0x9C, 0x00, 0x79, 0xE0, 0x07, 0x0E, 0x00, 0xF0, 0xE0, 0x0F, 0x0F, 0x00, 0xE0, 0x70, 0x1F,
    0xFF, 0x81, 0xFF, 0xF8, 0x1F, 0xFF, 0x83, 0xC0, 0x3C, 0x38, 0x03, 0xC3, 0x80, 0x1C, 0x78, 0x01,
    0xE7, 0x00, 0x0E, 0xF0, 0x00, 0xE0, 0x00, 0xC0, 0x0E, 0x00, 0xE0, 0x06, 0x00, 0x78, 0x07, 0xE0,
    0x73, 0x83, 0x9C, 0x1C, 0xE0, 0xFE, 0x03, 0xF0, 0x06, 0x01, 0xFE, 0x1F, 0xF9, 0xFF, 0xEE, 0x0F,
    0x70, 0x38, 0x01, 0xC0, 0xFE, 0x7F, 0xF7, 0xFF, 0xFE, 0x1F, 0xC0, 0xFC, 0x07, 0xE0, 0x7F, 0xC7,
    0xDF, 0xFE, 0x7F, 0x70, 0xE0, 0x00, 0x00, 0x00, 0x1E, 0x00, 0x00, 0x01, 0xC0, 0x00, 0x00, 0x38,
    0x00, 0x00, 0x03, 0x80, 0x00, 0x00, 0x30, 0x00, 0x00, 0x00, 0x00, 0x00, 0x1F, 0xFF, 0xE0, 0x03,
    0xFF, 0xFE, 0x00, 0x3F, 0xFF, 0xE0, 0x07, 0x3F, 0xFE, 0x00, 0x73, 0x80, 0x00, 0x0F, 0x38, 0x00,
    0x00, 0xE3, 0x80, 0x00, 0x1E, 0x38, 0x00, 0x01, 0xC3, 0x80, 0x00, 0x3C, 0x38, 0x00, 0x03, 0x83,
    0xFF, 0xE0, 0x78, 0x3F, 0xFE, 0x07, 0x03, 0xFF, 0xE0, 0xFF, 0xF8, 0x00, 0x0F, 0xFF, 0x80, 0x01,
    0xFF, 0xF8, 0x00, 0x1C, 0x03, 0x80, 0x03, 0xC0, 0x38, 0x00, 0x3C, 0x03, 0x80, 0x07, 0x80, 0x3F,
    0xFE, 0x78, 0x03, 0xFF, 0xEF, 0x00, 0x3F, 0xFE, 0x00, 0x0F, 0x00, 0x00, 0x07, 0x00, 0x00, 0x07,
    0x80, 0x00, 0x03, 0x80, 0x00, 0x01, 0x80, 0x00, 0x00, 0x00, 0x00, 0x7F, 0x0F, 0xE0, 0x7F, 0xEF,
    0xF8, 0x7F, 0xFF, 0xFE, 0x38, 0x3F, 0x07, 0x9C, 0x0F, 0x01, 0xC0, 0x07, 0x00, 0xE0, 0x3F, 0xFF,
    0xF1, 0xFF, 0xFF, 0xFD, 0xFF, 0xFF, 0xFF, 0xF0, 0x70, 0x00, 0xF0, 0x38, 0x00, 0x70, 0x1E, 0x03,
    0x38, 0x1F, 0x03, 0xDF, 0x1F, 0xE3, 0xE7, 0xFE, 0xFF, 0xE1, 0xFE, 0x3F, 0xE0, 0x3C, 0x03, 0x80,
    0x00, 0x3C, 0x00, 0x03, 0x80, 0x00, 0x78, 0x00, 0x07, 0x00, 0x00, 0x60, 0x00, 0x00, 0x00, 0x01,
    0xF8, 0xC0, 0x7F, 0xFE, 0x0F, 0xFF, 0xC1, 0xF8, 0xFC, 0x3C, 0x07, 0xC3, 0x80, 0x7E, 0x78, 0x0F,
    0xE7, 0x01, 0xEE, 0x70, 0x3C, 0xFF, 0x03, 0x8F, 0xF0, 0x78, 0x7F, 0x0F, 0x07, 0xF1, 0xE0, 0x7F,
    0x1C, 0x0F, 0x73, 0xC0, 0xF7, 0x78, 0x0E, 0x7F, 0x01, 0xE3, 0xF0, 0x1E, 0x3E, 0x07, 0xC3, 0xFF,
    0xF8, 0x3F, 0xFF, 0x07, 0xFF, 0xE0, 0x30, 0xF0, 0x00, 0x00, 0xE0, 0x01, 0xE0, 0x01, 0xC0, 0x03,
    0x80, 0x01, 0x80, 0x00, 0x04, 0x0F, 0xEE, 0x1F, 0xFE, 0x3F, 0xFC, 0x78, 0x3C, 0x70, 0x7E, 0xF0,
    0xFE, 0xE1, 0xEE, 0xE3, 0xCE, 0xE7, 0x8E, 0xE7, 0x0E, 0xFE, 0x0E, 0x7C, 0x1E, 0x7C, 0x3C, 0x7C,
    0x7C, 0xFF, 0xF8, 0xFF, 0xF0, 0x43, 0x80, 0x1E, 0x70, 0x00, 0xF7, 0x80, 0x07, 0x38, 0x00, 0x3B,
    0x80, 0x01, 0x98, 0x00, 0x00, 0x00, 0x00, 0xE0, 0x00, 0x0F, 0x00, 0x01, 0xF0, 0x00, 0x1F, 0x80,
    0x01, 0xF8, 0x00, 0x3F, 0xC0, 0x03, 0x9C, 0x00, 0x39, 0xC0, 0x07, 0x9E, 0x00, 0x70, 0xE0, 0x0F,
    0x0E, 0x00, 0xF0, 0xF0, 0x0E, 0x07, 0x01, 0xFF, 0xF8, 0x1F, 0xFF, 0x81, 0xFF, 0xF8, 0x3C, 0x03,
    0xC3, 0x80, 0x3C, 0x38, 0x01, 0xC7, 0x80, 0x1E, 0x70, 0x00, 0xEF, 0x00, 0x0E, 0xF3, 0x83, 0xDC,
    0x0E, 0x70, 0x3B, 0x80, 0xCC, 0x00, 0x00, 0x7F, 0x87, 0xFE, 0x7F, 0xFB, 0x83, 0xDC, 0x0E, 0x00,
    0x70, 0x3F, 0x9F, 0xFD, 0xFF, 0xFF, 0x87, 0xF0, 0x3F, 0x01, 0xF8, 0x1F, 0xF1, 0xF7, 0xFF, 0x9F,
    0xDC, 0x38, 0x00, 0x00, 0x60, 0x00, 0x1F, 0x80, 0x03, 0xFC, 0x00, 0x39, 0xC0, 0x07, 0x0E, 0x00,
    0x00, 0x00, 0x00, 0x00, 0x00, 0x0E, 0x00, 0x00, 0xF0, 0x00, 0x1F, 0x00, 0x01, 0xF8, 0x00, 0x1F,
    0x80, 0x03, 0xFC, 0x00, 0x39, 0xC0, 0x03, 0x9C, 0x00, 0x79, 0xE0, 0x07, 0x0E, 0x00, 0xF0, 0xE0,
    0x0F, 0x0F, 0x00, 0xE0, 0x70, 0x1F, 0xFF, 0x81, 0xFF, 0xF8, 0x1F, 0xFF, 0x83, 0xC0, 0x3C, 0x38,
    0x03, 0xC3, 0x80, 0x1C, 0x78, 0x01, 0xE7, 0x00, 0x0E, 0xF0, 0x00, 0xE0, 0x03, 0x00, 0x7E, 0x07,
    0xF8, 0x71, 0xC3, 0x86, 0x00, 0x00, 0x00, 0x03, 0xFC, 0x3F, 0xF3, 0xFF, 0xDC, 0x1E, 0xE0, 0x70,
    0x03, 0x81, 0xFC, 0xFF, 0xEF, 0xFF, 0xFC, 0x3F, 0x81, 0xF8, 0x0F, 0xC0, 0xFF, 0x8F, 0xBF, 0xFC,
    0xFE, 0xE1, 0xC0, 0x73, 0x81, 0xEF, 0x03, 0x9C, 0x07, 0x78, 0x0C, 0xC0, 0x00, 0x07, 0xFF, 0xFF,
    0xFF, 0xFF, 0xFF, 0xFF, 0xEF, 0x00, 0x3C, 0x00, 0xF0, 0x03, 0xC0, 0x0F, 0x00, 0x3C, 0x00, 0xFF,
    0xFB, 0xFF, 0xEF, 0xFF, 0xBC, 0x00, 0xF0, 0x03, 0xC0, 0x0F, 0x00, 0x3C, 0x00, 0xF0, 0x03, 0xFF,
    0xFF, 0xFF, 0xFF, 0xFF, 0x7B, 0xC0, 0x73, 0x80, 0xF7, 0x00, 0xE7, 0x00, 0xC6, 0x00, 0x00, 0x03,
    0xF8, 0x0F, 0xF8, 0x3F, 0xF8, 0xF0, 0x79, 0xC0, 0x77, 0x80, 0xFF, 0xFF, 0xFF, 0xFF, 0xFF, 0xFF,
    0xF0, 0x00, 0xF0, 0x00, 0xE0, 0x31, 0xE0, 0x73, 0xE3, 0xE3, 0xFF, 0x83, 0xFE, 0x00, 0xF0, 0x00,
    0x03, 0x00, 0x3F, 0x01, 0xFE, 0x07, 0x38, 0x38, 0x70, 0x00, 0x00, 0x00, 0x1F, 0xFF, 0xFF, 0xFF,
    0xFF, 0xFF, 0xFF, 0xBC, 0x00, 0xF0, 0x03, 0xC0, 0x0F, 0x00, 0x3C, 0x00, 0xF0, 0x03, 0xFF, 0xEF,
    0xFF, 0xBF, 0xFE, 0xF0, 0x03, 0xC0, 0x0F, 0x00, 0x3C, 0x00, 0xF0, 0x03, 0xC0, 0x0F, 0xFF, 0xFF,
    0xFF, 0xFF, 0xFC, 0x03, 0x00, 0x1F, 0x80, 0x7F, 0x80, 0xE3, 0x81, 0x87, 0x00, 0x00, 0x00, 0x00,
    0x07, 0xF0, 0x1F, 0xF0, 0x7F, 0xF1, 0xE0, 0xF3, 0x80, 0xEF, 0x01, 0xFF, 0xFF, 0xFF, 0xFF, 0xFF,
    0xFF, 0xE0, 0x01, 0xE0, 0x01, 0xC0, 0x63, 0xC0, 0xE7, 0xC7, 0xC7, 0xFF, 0x07, 0xFC, 0x01, 0xE0,
    0xF3, 0x8E, 0x70, 0xE7, 0x0E, 0xE1, 0x8C, 0x00, 0x00, 0xC0, 0x3C, 0x07, 0x80, 0xF0, 0x1E, 0x03,
    0xC0, 0x78, 0x0F, 0x01, 0xE0, 0x3C, 0x07, 0x80, 0xF0, 0x1E, 0x03, 0xC0, 0x78, 0x0F, 0x01, 0xE0,
    0x3C, 0x07, 0x80, 0xF0, 0x1E, 0x03, 0xC0, 0x7B, 0xC7, 0x38, 0xF7, 0x0E, 0x70, 0xC6, 0x00, 0x00,
    0xE0, 0x1C, 0x03, 0x80, 0x70, 0x0E, 0x01, 0xC0, 0x38, 0x07, 0x00, 0xE0, 0x1C, 0x03, 0x80, 0x70,
    0x0E, 0x01, 0xC0, 0x38, 0x07, 0x00, 0x0C, 0x0F, 0xC7, 0xFB, 0x8E, 0xE1, 0x80, 0x00, 0x00, 0x30,
    0x1E, 0x07, 0x81, 0xE0, 0x78, 0x1E, 0x07, 0x81, 0xE0, 0x78, 0x1E, 0x07, 0x81, 0xE0, 0x78, 0x1E,
    0x07, 0x81, 0xE0, 0x78, 0x1E, 0x07, 0x81, 0xE0, 0x78, 0x1E, 0x00, 0x18, 0x3F, 0x3F, 0xDC, 0x7C,
    0x38, 0x00, 0x00, 0x38, 0x1C, 0x0E, 0x07, 0x03, 0x81, 0xC0, 0xE0, 0x70, 0x38, 0x1C, 0x0E, 0x07,
    0x03, 0x81, 0xC0, 0xE0, 0x70, 0x0E, 0x70, 0x00, 0xF7, 0x80, 0x07, 0x38, 0x00, 0x39, 0xC0, 0x01,
    0x98, 0x00, 0x00, 0x00, 0x01, 0xF8, 0x00, 0x7F, 0xE0, 0x0F, 0xFF, 0x01, 0xF8, 0xF8, 0x3C, 0x03,
    0xC3, 0x80, 0x1E, 0x78, 0x01, 0xE7, 0x00, 0x0E, 0x70, 0x00, 0xFF, 0x00, 0x0F, 0xF0, 0x00, 0x7F,
    0x00, 0x07, 0xF0, 0x00, 0x7F, 0x00, 0x0F, 0x70, 0x00, 0xF7, 0x00, 0x0E, 0x78, 0x01, 0xE3, 0xC0,
    0x1E, 0x3E, 0x07, 0xC1, 0xFF, 0xF8, 0x0F, 0xFF, 0x00, 0x7F, 0xE0, 0x00, 0xF0, 0x00, 0x7B, 0xC0,
    0x73, 0x80, 0x77, 0x80, 0xE7, 0x00, 0xC6, 0x00, 0x00, 0x03, 0xF8, 0x0F, 0xF8, 0x3F, 0xF8, 0xF0,
    0x79, 0xC0, 0x7F, 0x80, 0xFE, 0x00, 0xFC, 0x01, 0xF8, 0x03, 0xF0, 0x07, 0xF0, 0x0E, 0xE0, 0x3D,
    0xE0, 0xF3, 0xE3, 0xE3, 0xFF, 0x83, 0xFE, 0x00, 0xE0, 0x00, 0x00, 0x60, 0x00, 0x1F, 0x80, 0x03,
    0xFC, 0x00, 0x38, 0xE0, 0x03, 0x0E, 0x00, 0x00, 0x00, 0x00, 0x00, 0x00, 0x1F, 0x80, 0x07, 0xFE,
    0x00, 0xFF, 0xF0, 0x1F, 0x8F, 0x83, 0xC0, 0x3C, 0x38, 0x01, 0xE7, 0x80, 0x1E, 0x70, 0x00, 0xE7,
    0x00, 0x0F, 0xF0, 0x00, 0xFF, 0x00, 0x07, 0xF0, 0x00, 0x7F, 0x00, 0x07, 0xF0, 0x00, 0xF7, 0x00,
    0x0F, 0x70, 0x00, 0xE7, 0x80, 0x1E, 0x3C, 0x01, 0xE3, 0xE0, 0x7C, 0x1F, 0xFF, 0x80, 0xFF, 0xF0,
    0x07, 0xFE, 0x00, 0x0F, 0x00, 0x01, 0x80, 0x0F, 0xC0, 0x3F, 0xC0, 0xE3, 0x81, 0xC3, 0x00, 0x00,
    0x00, 0x00, 0x07, 0xF0, 0x1F, 0xF0, 0x7F, 0xF1, 0xE0, 0xF3, 0x80, 0xFF, 0x01, 0xFC, 0x01, 0xF8,
    0x03, 0xF0, 0x07, 0xE0, 0x0F, 0xE0, 0x1D, 0xC0, 0x7B, 0xC1, 0xE7, 0xC7, 0xC7, 0xFF, 0x07, 0xFC,
    0x01, 0xC0, 0x73, 0x80, 0x79, 0xC0, 0x39, 0xC0, 0x1C, 0xE0, 0x0C, 0xC0, 0x00, 0x00, 0x7F, 0x80,
    0xFF, 0xF0, 0xFF, 0xFC, 0xFF, 0xFC, 0xF0, 0x1E, 0xF0, 0x0E, 0xF0, 0x0E, 0xF0, 0x0E, 0xF0, 0x0E,
    0xF0, 0x1E, 0xF0, 0x3E, 0xFF, 0xFC, 0xFF, 0xF8, 0xFF, 0xF0, 0xF0, 0xF0, 0xF0, 0x78, 0xF0, 0x78,
    0xF0, 0x3C, 0xF0, 0x3C, 0xF0, 0x1E, 0xF0, 0x1E, 0xF0, 0x0F, 0xF3, 0x8F, 0x78, 0xE7, 0x0E, 0xE0,
    0xCC, 0x00, 0x07, 0x78, 0xFF, 0x1F, 0xE3, 0xC0, 0x70, 0x0E, 0x01, 0xC0, 0x38, 0x07, 0x00, 0xE0,
    0x1C, 0x03, 0x80, 0x70, 0x0E, 0x01, 0xC0, 0x38, 0x00, 0x03, 0x00, 0x0F, 0xC0, 0x1F, 0xE0, 0x1C,
    0x70, 0x18, 0x70, 0x00, 0x00, 0x00, 0x00, 0x7F, 0x80, 0xFF, 0xF0, 0xFF, 0xFC, 0xFF, 0xFC, 0xF0,
    0x1E, 0xF0, 0x0E, 0xF0, 0x0E, 0xF0, 0x0E, 0xF0, 0x0E, 0xF0, 0x1E, 0xF0, 0x3E, 0xFF, 0xFC, 0xFF,
    0xF8, 0xFF, 0xF0, 0xF0, 0xF0, 0xF0, 0x78, 0xF0, 0x78, 0xF0, 0x3C, 0xF0, 0x3C, 0xF0, 0x1E, 0xF0,
    0x1E, 0xF0, 0x0F, 0x0C, 0x0F, 0xC7, 0xFB, 0x8E, 0xE1, 0xC0, 0x00, 0x01, 0xDE, 0x7F, 0x9F, 0xE7,
    0x81, 0xC0, 0x70, 0x1C, 0x07, 0x01, 0xC0, 0x70, 0x1C, 0x07, 0x01, 0xC0, 0x70, 0x1C, 0x07, 0x00,
    0x3D, 0xE0, 0x0E, 0x70, 0x03, 0x9C, 0x01, 0xEE, 0x00, 0x63, 0x00, 0x00, 0x03, 0x80, 0x0F, 0xC0,
    0x07, 0xE0, 0x03, 0xF0, 0x01, 0xF8, 0x00, 0xFC, 0x00, 0x7E, 0x00, 0x3F, 0x00, 0x1F, 0x80, 0x0F,
    0xC0, 0x07, 0xE0, 0x03, 0xF0, 0x01, 0xF8, 0x00, 0xFC, 0x00, 0x7E, 0x00, 0x3F, 0x80, 0x1F, 0xC0,
    0x0E, 0xE0, 0x0F, 0x78, 0x0F, 0x1F, 0xFF, 0x87, 0xFF, 0x81, 0xFF, 0x80, 0x1E, 0x00, 0xF7, 0x83,
    0x9C, 0x1E, 0xF0, 0x73, 0x81, 0x8C, 0x00, 0x03, 0x80, 0xFC, 0x07, 0xE0, 0x3F, 0x01, 0xF8, 0x0F,
    0xC0, 0x7E, 0x03, 0xF0, 0x1F, 0x80, 0xFC, 0x07, 0xE0, 0x3F, 0x01, 0xFC, 0x1F, 0xFB, 0xF7, 0xFF,
    0x9F, 0xDC, 0x38, 0x00, 0x00, 0xC0, 0x01, 0xF8, 0x01, 0xFE, 0x01, 0xC7, 0x00, 0xE1, 0x80, 0x00,
    0x00, 0x00, 0x01, 0xC0, 0x07, 0xE0, 0x03, 0xF0, 0x01, 0xF8, 0x00, 0xFC, 0x00, 0x7E, 0x00, 0x3F,
    0x00, 0x1F, 0x80, 0x0F, 0xC0, 0x07, 0xE0, 0x03, 0xF0, 0x01, 0xF8, 0x00, 0xFC, 0x00, 0x7E, 0x00,
    0x3F, 0x00, 0x1F, 0xC0, 0x0F, 0xE0, 0x07, 0x70, 0x07, 0xBC, 0x07, 0x8F, 0xFF, 0xC3, 0xFF, 0xC0,
    0xFF, 0xC0, 0x0F, 0x00, 0x07, 0x00, 0xFE, 0x07, 0xF0, 0x71, 0xC3, 0x0E, 0x00, 0x00, 0x00, 0x1C,
    0x07, 0xE0, 0x3F, 0x01, 0xF8, 0x0F, 0xC0, 0x7E, 0x03, 0xF0, 0x1F, 0x80, 0xFC, 0x07, 0xE0, 0x3F,
    0x01, 0xF8, 0x0F, 0xE0, 0xFF, 0xDF, 0xBF, 0xFC, 0xFE, 0xE1, 0xC0, 0x03, 0xE0, 0x1F, 0xF8, 0x3F,
    0xFC, 0x3C, 0x3E, 0x78, 0x0F, 0x70, 0x0F, 0x70, 0x07, 0x70, 0x00, 0x7C, 0x00, 0x3F, 0x00, 0x1F,
    0xF0, 0x0F, 0xFC, 0x01, 0xFE, 0x00, 0x3F, 0x00, 0x0F, 0x00, 0x07, 0xF0, 0x07, 0xF0, 0x07, 0x78,
    0x0F, 0x7E, 0x7E, 0x3F, 0xFE, 0x1F, 0xF8, 0x03, 0xE0, 0x01, 0xC0, 0x03, 0xC0, 0x03, 0x80, 0x03,
    0x80, 0x03, 0x80, 0x03, 0x00, 0x00, 0x00, 0x1F, 0xC1, 0xFF, 0x1F, 0xFC, 0xE0, 0xF7, 0x03, 0x38,
    0x01, 0xF8, 0x07, 0xF8, 0x1F, 0xF0, 0x1F, 0xC0, 0x1E, 0xC0, 0x7F, 0x07, 0xBC, 0x7D, 0xFF, 0xC7,
    0xFC, 0x07, 0x00, 0x38, 0x01, 0xC0, 0x0E, 0x00, 0xE0, 0x07, 0x00, 0x38, 0x00, 0x00, 0xFF, 0xFF,
    0x7F, 0xFF, 0xFF, 0xFF, 0xEF, 0xFF, 0xE0, 0x1C, 0x00, 0x0E, 0x00, 0x07, 0x00, 0x03, 0x80, 0x01,
    0xC0, 0x00, 0xE0, 0x00, 0x70, 0x00, 0x38, 0x00, 0x1C, 0x00, 0x0E, 0x00, 0x07, 0x00, 0x03, 0x80,
    0x01, 0xC0, 0x00, 0xE0, 0x00, 0x70, 0x00, 0x38, 0x00, 0x1C, 0x00, 0x0E, 0x00, 0x00, 0x00, 0x03,
    0x80, 0x03, 0xC0, 0x01, 0xC0, 0x00, 0xE0, 0x00, 0x70, 0x00, 0x30, 0x00, 0x00, 0x00, 0x3C, 0x1E,
    0x0F, 0x07, 0x8F, 0xFF, 0xFF, 0xFE, 0x78, 0x3C, 0x1E, 0x0F, 0x07, 0x83, 0xC1, 0xE0, 0xF0, 0x78,
    0x3C, 0x0F, 0x07, 0xE1, 0xF0, 0x30, 0x70, 0x38, 0x38, 0x1C, 0x0E, 0x06, 0x00, 0x00, 0x07, 0xE0,
    0x1F, 0xF8, 0x3F, 0xFC, 0x7E, 0x7E, 0x78, 0x1E, 0xF0, 0x0E, 0x70, 0x0F, 0x00, 0x0F, 0x00, 0x0E,
    0x00, 0x1E, 0x00, 0x3C, 0x00, 0x7C, 0x00, 0xFC, 0x07, 0xFE, 0x3F, 0xCE, 0x3F, 0x0F, 0x3C, 0x0F,
    0x00, 0x0F, 0x00, 0x0F, 0x00, 0x0F, 0x00, 0x1E, 0x00, 0x1E, 0x00, 0x3C, 0x00, 0xFC, 0x03, 0xF8,
    0x3F, 0xE0, 0x3F, 0x80, 0x3C, 0x00, 0x00, 0x00, 0x00, 0x00, 0xFF, 0x0F, 0xFC, 0xFF, 0xE7, 0x87,
    0xF8, 0x3C, 0x01, 0xE0, 0x0F, 0x00, 0xF0, 0x0F, 0x81, 0xFC, 0x7F, 0xF3, 0xF7, 0x9C, 0x3C, 0x00,
    0xE0, 0x0F, 0x00, 0x78, 0x03, 0xC0, 0x7C, 0x07, 0xC3, 0xFC, 0x1F, 0xC0, 0xF8, 0x04, 0x00, 0x0F,
    0x38, 0x03, 0xBC, 0x00, 0xFC, 0x00, 0x3C, 0x00, 0x00, 0x00, 0x00, 0x01, 0x80, 0x0F, 0xE0, 0x07,
    0xF0, 0x03, 0xF8, 0x01, 0xFC, 0x00, 0xFE, 0x00, 0x7F, 0x00, 0x3F, 0x80, 0x1F, 0xC0, 0x0F, 0xE0,
    0x07, 0xFF, 0xFF, 0xFF, 0xFF, 0xFF, 0xFF, 0xFE, 0x00, 0x7F, 0x00, 0x3F, 0x80, 0x1F, 0xC0, 0x0F,
    0xE0, 0x07, 0xF0, 0x03, 0xF8, 0x01, 0xFC, 0x00, 0xFE, 0x00, 0x70, 0x71, 0xC0, 0x1D, 0xC0, 0x0F,
    0xC0, 0x03, 0xC0, 0x00, 0x00, 0x00, 0x00, 0x00, 0x38, 0x00, 0x1C, 0x00, 0x0E, 0x00, 0x07, 0x00,
    0x03, 0x80, 0x01, 0xC0, 0x00, 0xEF, 0xE0, 0x7F, 0xF8, 0x3F, 0xFC, 0x1E, 0x0F, 0x0F, 0x03, 0x87,
    0x01, 0xC3, 0x80, 0xE1, 0xC0, 0x70, 0xE0, 0x38, 0x70, 0x1C, 0x38, 0x0E, 0x1C, 0x07, 0x0E, 0x03,
    0x87, 0x01, 0xC3, 0x80, 0xE1, 0xC0, 0x70, 0x71, 0xE3, 0x87, 0x0C, 0x3B, 0x9D, 0xCC, 0x00, 0x1E,
    0x0F, 0xC7, 0xFB, 0xCF, 0x73, 0xFF, 0xFF, 0xD8, 0xC0, 0xFF, 0xFF, 0xC0, 0x00, 0xE3, 0xF1, 0xDF,
    0xC7, 0xC0, 0x00, 0x77, 0xBC, 0xE0, 0x71, 0xDE, 0x79, 0xC7, 0x38, 0xE0, 0xFF, 0xCE, 0x73, 0x00,
    0x3E, 0x7F, 0xF7, 0xE3, 0xE7, 0x7F, 0x3E, 0x08, 0xF3, 0xDF, 0xE3, 0xF0, 0x78, 0x73, 0xC7, 0x38,
    0xF7, 0x0E, 0x70, 0xC6, 0x39, 0xCE, 0x73, 0xBD, 0xEE, 0x60, 0x39, 0xCE, 0x73, 0xBD, 0xEE, 0x60,
    0x03, 0xDE, 0xE7, 0x71, 0x80, 0x77, 0xBC, 0xE0, 0x39, 0xCE, 0xE7, 0x30, 0x61, 0x8F, 0xBE, 0x1B,
    0xEF, 0x80, 0x11, 0xE7, 0x38, 0xE3, 0xF7, 0xC4, 0xF3, 0xDF, 0xE3, 0xF0, 0x78, 0x00, 0x30, 0x03,
    0x80, 0x1C, 0x01, 0xC0, 0x0E, 0x00, 0xE0, 0x07, 0x00, 0x70, 0x03, 0x80, 0x38, 0x01, 0xC0, 0x1C,
    0x00, 0xE0, 0x06, 0x00, 0x70, 0x03, 0x00, 0x38, 0x01, 0x80, 0x1C, 0x00, 0xC0, 0x00, 0x00, 0x00,
    0x00, 0x01, 0xC0, 0x01, 0xC0, 0x00, 0xC0, 0x00, 0xE0, 0x00, 0x60, 0x00, 0x70, 0x00, 0x70, 0x00,
    0x30, 0x00, 0x38, 0x00, 0x18, 0x00, 0x1C, 0x00, 0x1C, 0x00, 0x0C, 0x00, 0x0E, 0x00, 0x0E, 0x00,
    0x06, 0x00, 0x07, 0x00, 0x03, 0x00, 0x03, 0x80, 0x03, 0x80, 0x01, 0x80, 0x01, 0xC0, 0x01, 0xC0,
    0x00, 0x39, 0x9F, 0xE7, 0xF9, 0x9C, 0x33, 0x9C, 0xE6, 0x70, 0x00, 0xFF, 0xFF, 0xFF, 0x83, 0xF0,
    0x7E, 0x0F, 0xC1, 0xC0, 0x7F, 0xDF, 0xF7, 0xF9, 0xFE, 0x7F, 0xDF, 0xF0, 0xCD, 0xDF, 0xBF, 0x7E,
    0xFD, 0xFB, 0x80, 0x7E, 0xFD, 0xF8, 0x70, 0xE1, 0xC1, 0x80, 0x02, 0x07, 0xFD, 0xFF, 0xFF, 0xEE,
    0xF8, 0xB8, 0x00, 0x00, 0x06, 0x00, 0xF0, 0x0F, 0x00, 0xE6, 0x3E, 0xE7, 0xFE, 0x7F, 0xC6, 0x78,
    0x0F, 0x00, 0xF0, 0x0E, 0x00, 0x3C, 0x6F, 0xFF, 0xFF, 0x3E, 0x37, 0xFF, 0xEF, 0x98, 0x00, 0x1C,
    0xC1, 0xC7, 0x1C, 0x1C, 0xFF, 0xF7, 0xFF, 0x1C, 0x70, 0x73, 0x00, 0x10, 0x73, 0xFF, 0xFB, 0xA7,
    0x0E, 0x00, 0xE0, 0x0F, 0x80, 0xFF, 0x03, 0xFC, 0x07, 0xF0, 0x3F, 0x0F, 0xE7, 0xF8, 0xFE, 0x0F,
    0x00, 0x40, 0x00, 0x37, 0x66, 0x77, 0x00, 0x00, 0x3F, 0x9F, 0xFC, 0x7E, 0x38, 0xE0, 0x78, 0x38,
    0x08, 0x00, 0x01, 0xDF, 0xFB, 0xE7, 0xDF, 0xFB, 0xA2, 0x07, 0x3F, 0xFC, 0xF0, 0xFE, 0x1F, 0x03,
    0xE0, 0xFC, 0x3F, 0x0F, 0x3F, 0xF8, 0xC0, 0x60, 0x18, 0x7C, 0x3C, 0x3F, 0x3C, 0x07, 0xFE, 0x3F,
    0x66, 0x78, 0x66, 0x60, 0xE7, 0x63, 0x8E, 0x73, 0xB9, 0xC8, 0x77, 0xBC, 0xE0, 0x18, 0x23, 0xFB,
    0xE3, 0x8D, 0x82, 0x00, 0x00, 0x07, 0xFE, 0xFF, 0xEC, 0x67, 0xCE, 0x7F, 0xFE, 0x7B, 0xC0, 0x71,
    0x86, 0x3F, 0xF8, 0x63, 0x84, 0x60, 0x00, 0x1B, 0xC0, 0x03, 0xCF, 0xC0, 0xFC, 0x3F, 0xFF, 0xC0,
    0x7F, 0xF0, 0x00, 0x18, 0x00, 0x60, 0x00, 0x1B, 0xC0, 0x03, 0xCF, 0xC0, 0xFC, 0x3F, 0xFF, 0xC0,
    0x7F, 0xF0, 0x00, 0x18, 0x00, 0xFF, 0xFF, 0xBF, 0xFF, 0xEF, 0xFF, 0xF8, 0xFF, 0xFF, 0xBF, 0xFF,
    0xEF, 0xFF, 0xF8, 0x1F, 0xE0, 0x00, 0x77, 0xFF, 0xFF, 0x8F, 0x7F, 0xFF, 0xFF, 0xEE, 0x00, 0xFF,
    0xFC, 0x40, 0x00, 0x00, 0x00, 0x00, 0x30, 0x00, 0x3F, 0xFC, 0x07, 0xFF, 0xF8, 0x7C, 0x07, 0xE7,
    0x80, 0x07, 0xB0, 0x00, 0x0C, 0x00, 0x01, 0xC0, 0x00, 0x03, 0xC0, 0x00, 0x07, 0xBF, 0xFF, 0xFF,
    0xFF, 0xFF, 0xFC, 0x00, 0x03, 0xC0, 0x00, 0x1E, 0x00, 0x00, 0x7E, 0x7E, 0x67, 0x7F, 0xFF, 0xE7,
    0xFF, 0x7F, 0x00, 0x00, 0x7C, 0x7E, 0xE7, 0xFF, 0xFF, 0xE2, 0x7E, 0x7E, 0x00, 0x6C, 0x36, 0xDB,
    0x6D, 0x80, 0x00, 0x7E, 0xFE, 0xE7, 0xC7, 0xC7, 0xE7, 0xFE, 0x7E, 0x00, 0xE7, 0xE7, 0xE7, 0xE7,
    0xE7, 0xE7, 0xFF, 0x7F, 0x00, 0x00, 0x7E, 0xFE, 0xE7, 0xE0, 0xE0, 0xE6, 0xFE, 0x7E, 0x00, 0x07,
    0x07, 0x07, 0x07, 0x7F, 0xFF, 0xE7, 0xC7, 0xC7, 0xE7, 0xFF, 0x7F, 0x00, 0xE0, 0xE0, 0xE0, 0xE0,
    0xFE, 0xFE, 0xE6, 0xE7, 0xE7, 0xE7, 0xE7, 0xE7, 0x00, 0x0F, 0xFE, 0xFF, 0xFC, 0xE7, 0xC6, 0x7C,
    0x67, 0xC6, 0x7C, 0x67, 0xC6, 0x70, 0x01, 0xF7, 0xD8, 0x61, 0x86, 0x18, 0x60, 0x30, 0xCF, 0xFF,
    0x30, 0xC3, 0x0C, 0x3C, 0xF0, 0xE7, 0xE6, 0x6E, 0x7E, 0x7C, 0x3C, 0x3C, 0x18, 0x77, 0x3F, 0x8F,
    0x83, 0x81, 0xE1, 0xF1, 0xDC, 0xEE, 0x1E, 0x00, 0x38, 0x00, 0x70, 0x01, 0xC0, 0x03, 0x00, 0x00,
    0x07, 0xFF, 0xFF, 0xFF, 0xFF, 0xFF, 0xFF, 0xEF, 0x00, 0x3C, 0x00, 0xF0, 0x03, 0xC0, 0x0F, 0x00,
    0x3C, 0x00, 0xFF, 0xFB, 0xFF, 0xEF, 0xFF, 0xBC, 0x00, 0xF0, 0x03, 0xC0, 0x0F, 0x00, 0x3C, 0x00,
    0xF0, 0x03, 0xFF, 0xFF, 0xFF, 0xFF, 0xFF, 0x1C, 0x70, 0xF3, 0xC3, 0xCF, 0x06, 0x18, 0x00, 0x00,
    0x00, 0x07, 0xFF, 0xFF, 0xFF, 0xFF, 0xFF, 0xFF, 0xEF, 0x00, 0x3C, 0x00, 0xF0, 0x03, 0xC0, 0x0F,
    0x00, 0x3C, 0x00, 0xFF, 0xFB, 0xFF, 0xEF, 0xFF, 0xBC, 0x00, 0xF0, 0x03, 0xC0, 0x0F, 0x00, 0x3C,
    0x00, 0xF0, 0x03, 0xFF, 0xFF, 0xFF, 0xFF, 0xFF, 0xFF, 0xFF, 0x03, 0xFF, 0xFE, 0x0F, 0xFF, 0xF8,
    0x1F, 0xFF, 0xC0, 0x01, 0xC0, 0x00, 0x07, 0x00, 0x00, 0x1C, 0x00, 0x00, 0x70, 0x00, 0x01, 0xC0,
    0x00, 0x07, 0x7F, 0x80, 0x1F, 0xFF, 0x00, 0x7F, 0xFE, 0x01, 0xF0, 0x78, 0x07, 0x80, 0xF0, 0x1C,
    0x01, 0xC0, 0x70, 0x07, 0x01, 0xC0, 0x1C, 0x07, 0x00, 0x70, 0x1C, 0x03, 0xC0, 0x70, 0x1F, 0x01,
    0xC7, 0xF8, 0x07, 0x1F, 0xC0, 0x00, 0x7E, 0x00, 0x01, 0xC0, 0x01, 0xE0, 0x07, 0x00, 0x38, 0x00,
    0xE0, 0x03, 0x00, 0x00, 0x07, 0xFF, 0xBF, 0xFF, 0xFF, 0xFF, 0xFF, 0xEF, 0x00, 0x3C, 0x00, 0xF0,
    0x03, 0xC0, 0x0F, 0x00, 0x3C, 0x00, 0xF0, 0x03, 0xC0, 0x0F, 0x00, 0x3C, 0x00, 0xF0, 0x03, 0xC0,
    0x0F, 0x00, 0x3C, 0x00, 0xF0, 0x03, 0xC0, 0x0F, 0x00, 0x3C, 0x00, 0x01, 0xF8, 0x00, 0xFF, 0xC0,
    0x3F, 0xFE, 0x0F, 0xC7, 0xC3, 0xC0, 0x3C, 0x70, 0x03, 0xDE, 0x00, 0x7B, 0x80, 0x07, 0x70, 0x00,
    0x1E, 0x00, 0x03, 0xFF, 0xE0, 0x7F, 0xFC, 0x0F, 0xFF, 0x01, 0xE0, 0x00, 0x1C, 0x00, 0x03, 0x80,
    0x07, 0x78, 0x01, 0xE7, 0x80, 0x38, 0xF8, 0x1F, 0x0F, 0xFF, 0xC0, 0xFF, 0xF0, 0x0F, 0xFC, 0x00,
    0x3C, 0x00, 0x03, 0xE0, 0x1F, 0xF8, 0x3F, 0xFC, 0x3C, 0x3E, 0x78, 0x0F, 0x70, 0x0F, 0x70, 0x07,
    0x70, 0x00, 0x7C, 0x00, 0x3F, 0x00, 0x1F, 0xF0, 0x0F, 0xFC, 0x01, 0xFE, 0x00, 0x3F, 0x00, 0x0F,
    0x00, 0x07, 0xF0, 0x07, 0xF0, 0x07, 0x78, 0x0F, 0x7E, 0x7E, 0x3F, 0xFE, 0x1F, 0xF8, 0x03, 0xE0,
    0x6F, 0xFF, 0xFF, 0xFF, 0xFF, 0xFF, 0xFF, 0xFF, 0xFF, 0xFF, 0xFF, 0xE3, 0xBC, 0xFF, 0x3D, 0x86,
    0x00, 0x00, 0x00, 0xC0, 0x78, 0x1E, 0x07, 0x81, 0xE0, 0x78, 0x1E, 0x07, 0x81, 0xE0, 0x78, 0x1E,
    0x07, 0x81, 0xE0, 0x78, 0x1E, 0x07, 0x81, 0xE0, 0x78, 0x1E, 0x07, 0x81, 0xE0, 0x78, 0x00, 0x38,
    0x01, 0xC0, 0x0E, 0x00, 0x70, 0x03, 0x80, 0x1C, 0x00, 0xE0, 0x07, 0x00, 0x38, 0x01, 0xC0, 0x0E,
    0x00, 0x70, 0x03, 0x80, 0x1F, 0x80, 0xFC, 0x07, 0xE0, 0x3F, 0x81, 0xFC, 0x1E, 0xFB, 0xF7, 0xFF,
    0x0F, 0xF0, 0x1C, 0x00, 0x07, 0xFF, 0xC0, 0x00, 0x1F, 0xFF, 0x00, 0x00, 0xFF, 0xFC, 0x00, 0x03,
    0xC0, 0x70, 0x00, 0x0F, 0x01, 0xC0, 0x00, 0x3C, 0x07, 0x00, 0x00, 0xE0, 0x1C, 0x00, 0x03, 0x80,
    0x70, 0x00, 0x0E, 0x01, 0xC0, 0x00, 0x38, 0x07, 0xFF, 0x00, 0xE0, 0x1F, 0xFF, 0x03, 0x80, 0x7F,
    0xFE, 0x0E, 0x01, 0xC0, 0x7C, 0x38, 0x07, 0x00, 0xF0, 0xE0, 0x1C, 0x01, 0xC7, 0x80, 0x70, 0x07,
    0x1E, 0x01, 0xC0, 0x1C, 0x70, 0x07, 0x00, 0xF1, 0xC0, 0x1C, 0x07, 0xFF, 0x00, 0x7F, 0xFE, 0xF8,
    0x01, 0xFF, 0xF3, 0xC0, 0x07, 0xFF, 0x80, 0x60, 0x03, 0x80, 0x03, 0x80, 0x0E, 0x00, 0x0E, 0x00,
    0x38, 0x00, 0x38, 0x00, 0xE0, 0x00, 0xE0, 0x03, 0x80, 0x03, 0x80, 0x0E, 0x00, 0x0E, 0x00, 0x38,
    0x00, 0x38, 0x00, 0xE0, 0x00, 0xE0, 0x03, 0x80, 0x03, 0xFF, 0xFF, 0xFF, 0x0F, 0xFF, 0xFF, 0xFE,
    0x3F, 0xFF, 0xFF, 0xFC, 0xE0, 0x03, 0x80, 0x7B, 0x80, 0x0E, 0x00, 0xEE, 0x00, 0x38, 0x03, 0xF8,
    0x00, 0xE0, 0x0F, 0xE0, 0x03, 0x80, 0x3F, 0x80, 0x0E, 0x00, 0xEE, 0x00, 0x38, 0x07, 0xB8, 0x00,
    0xFF, 0xFC, 0xE0, 0x03, 0xFF, 0xF3, 0x80, 0x0F, 0xFF, 0x00, 0xFF, 0xFF, 0x81, 0xFF, 0xFF, 0x83,
    0xFF, 0xFF, 0x03, 0xFF, 0xFC, 0x00, 0x1C, 0x00, 0x00, 0x38, 0x00, 0x00, 0x70, 0x00, 0x00, 0xE0,
    0x00, 0x01, 0xC0, 0x00, 0x03, 0xBF, 0xC0, 0x07, 0xFF, 0xE0, 0x0F, 0xFF, 0xE0, 0x1F, 0x03, 0xC0,
    0x38, 0x03, 0xC0, 0x70, 0x07, 0x80, 0xE0, 0x0F, 0x01, 0xC0, 0x1E, 0x03, 0x80, 0x3C, 0x07, 0x00,
    0x78, 0x0E, 0x00, 0xF0, 0x1C, 0x01, 0xE0, 0x38, 0x03, 0xC0, 0x00, 0xE0, 0x00, 0xF0, 0x00, 0x70,
    0x00, 0x70, 0x00, 0x18, 0x00, 0x00, 0x01, 0x80, 0x1D, 0xE0, 0x1E, 0xF0, 0x1E, 0x78, 0x0F, 0x3C,
    0x0F, 0x1E, 0x0F, 0x0F, 0x0F, 0x07, 0x87, 0x83, 0xC7, 0x81, 0xE7, 0x80, 0xFF, 0x80, 0x7F, 0xC0,
    0x3F, 0xF0, 0x1E, 0x3C, 0x0F, 0x1E, 0x07, 0x87, 0x83, 0xC1, 0xE1, 0xE0, 0x78, 0xF0, 0x3C, 0x78,
    0x0F, 0x3C, 0x03, 0xDE, 0x00, 0xF0, 0x07, 0x80, 0x00, 0xE0, 0x00, 0x3C, 0x00, 0x07, 0x00, 0x00,
    0xC0, 0x00, 0x00, 0x06, 0x00, 0x3B, 0xC0, 0x1F, 0xF0, 0x07, 0xFC, 0x03, 0xFF, 0x01, 0xFF, 0xC0,
    0x7F, 0xF0, 0x3F, 0xFC, 0x1E, 0xFF, 0x07, 0xBF, 0xC3, 0xCF, 0xF0, 0xE3, 0xFC, 0x78, 0xFF, 0x3C,
    0x3F, 0xCE, 0x0F, 0xF7, 0x83, 0xFB, 0xC0, 0xFE, 0xF0, 0x3F, 0xF8, 0x0F, 0xFC, 0x03, 0xFF, 0x00,
    0xFF, 0x80, 0x3F, 0xC0, 0x0F, 0x06, 0x18, 0x01, 0xCE, 0x00, 0x7F, 0x80, 0x0F, 0xC0, 0x00, 0x00,
    0x00, 0x00, 0x07, 0x00, 0x19, 0xC0, 0x0F, 0x78, 0x03, 0x9E, 0x01, 0xE3, 0xC0, 0x70, 0xF0, 0x3C,
    0x1C, 0x0E, 0x07, 0x87, 0x80, 0xE1, 0xE0, 0x3C, 0x70, 0x07, 0x3C, 0x01, 0xEE, 0x00, 0x3B, 0x80,
    0x0F, 0xE0, 0x03, 0xF0, 0x00, 0x7C, 0x00, 0x1E, 0x00, 0x03, 0x80, 0x01, 0xE0, 0x07, 0xF0, 0x01,
    0xF8, 0x00, 0x7C, 0x00, 0x60, 0x03, 0x78, 0x03, 0xFC, 0x01, 0xFE, 0x00, 0xFF, 0x00, 0x7F, 0x80,
    0x3F, 0xC0, 0x1F, 0xE0, 0x0F, 0xF0, 0x07, 0xF8, 0x03, 0xFC, 0x01, 0xFE, 0x00, 0xFF, 0x00, 0x7F,
    0x80, 0x3F, 0xC0, 0x1F, 0xE0, 0x0F, 0xF0, 0x07, 0xF8, 0x03, 0xFC, 0x01, 0xFF, 0xFF, 0xFF, 0xFF,
    0xFF, 0xFF, 0xFC, 0x07, 0x00, 0x03, 0x80, 0x01, 0xC0, 0x00, 0xE0, 0x00, 0x70, 0x00, 0x00, 0xE0,
    0x00, 0x0F, 0x00, 0x01, 0xF0, 0x00, 0x1F, 0x80, 0x01, 0xF8, 0x00, 0x3F, 0xC0, 0x03, 0x9C, 0x00,
    0x39, 0xC0, 0x07, 0x9E, 0x00, 0x70, 0xE0, 0x0F, 0x0E, 0x00, 0xF0, 0xF0, 0x0E, 0x07, 0x01, 0xFF,
    0xF8, 0x1F, 0xFF, 0x81, 0xFF, 0xF8, 0x3C, 0x03, 0xC3, 0x80, 0x3C, 0x38, 0x01, 0xC7, 0x80, 0x1E,
    0x70, 0x00, 0xEF, 0x00, 0x0E, 0x7F, 0xF8, 0xFF, 0xFC, 0xFF, 0xFC, 0xFF, 0xF8, 0xF0, 0x00, 0xF0,
    0x00, 0xF0, 0x00, 0xF0, 0x00, 0xF0, 0x00, 0xFF, 0xC0, 0xFF, 0xF8, 0xFF, 0xFC, 0xF0, 0x7E, 0xF0,
    0x1E, 0xF0, 0x0E, 0xF0, 0x0E, 0xF0, 0x0E, 0xF0, 0x0E, 0xF0, 0x1E, 0xFF, 0xFC, 0xFF, 0xF8, 0xFF,
    0xF0, 0x7F, 0x80, 0xFF, 0xF0, 0xFF, 0xFC, 0xFF, 0xFC, 0xF0, 0x1E, 0xF0, 0x1E, 0xF0, 0x0E, 0xF0,
    0x0E, 0xF0, 0x1E, 0xF0, 0x7C, 0xFF, 0xF8, 0xFF, 0xF8, 0xFF, 0xFE, 0xF0, 0x1E, 0xF0, 0x0F, 0xF0,
    0x0F, 0xF0, 0x0F, 0xF0, 0x0F, 0xF0, 0x1E, 0xFF, 0xFE, 0xFF, 0xFC, 0xFF, 0xF8, 0x7F, 0xFB, 0xFF,
    0xFF, 0xFF, 0xFF, 0xFE, 0xF0, 0x03, 0xC0, 0x0F, 0x00, 0x3C, 0x00, 0xF0, 0x03, 0xC0, 0x0F, 0x00,
    0x3C, 0x00, 0xF0, 0x03, 0xC0, 0x0F, 0x00, 0x3C, 0x00, 0xF0, 0x03, 0xC0, 0x0F, 0x00, 0x3C, 0x00,
    0xF0, 0x03, 0xC0, 0x00, 0x03, 0xFF, 0xE0, 0x1F, 0xFF, 0x80, 0x7F, 0xFE, 0x01, 0xFF, 0xF8, 0x07,
    0x00, 0xE0, 0x1C, 0x03, 0x80, 0x70, 0x0E, 0x01, 0xC0, 0x38, 0x07, 0x00, 0xE0, 0x1C, 0x03, 0x80,
    0x70, 0x0E, 0x03, 0xC0, 0x38, 0x0F, 0x00, 0xE0, 0x3C, 0x03, 0x80, 0xE0, 0x0E, 0x03, 0x80, 0x38,
    0x1E, 0x00, 0xE0, 0x78, 0x03, 0x83, 0xC0, 0x0E, 0x3F, 0xFF, 0xFE, 0xFF, 0xFF, 0xFF, 0xFF, 0xFF,
    0xFE, 0x00, 0x03, 0xF8, 0x00, 0x0F, 0xE0, 0x00, 0x3F, 0x80, 0x00, 0xFE, 0x00, 0x03, 0xC0, 0x7F,
    0xFF, 0xFF, 0xFF, 0xFF, 0xFF, 0xFE, 0xF0, 0x03, 0xC0, 0x0F, 0x00, 0x3C, 0x00, 0xF0, 0x03, 0xC0,
    0x0F, 0xFF, 0xBF, 0xFE, 0xFF, 0xFB, 0xC0, 0x0F, 0x00, 0x3C, 0x00, 0xF0, 0x03, 0xC0, 0x0F, 0x00,
    0x3F, 0xFF, 0xFF, 0xFF, 0xFF, 0xF0, 0x78, 0x06, 0x01, 0xC7, 0x80, 0xF0, 0x3C, 0x3C, 0x0F, 0x03,
    0xC1, 0xC0, 0xF0, 0x78, 0x1E, 0x0F, 0x07, 0x80, 0xF0, 0xF0, 0xF0, 0x0F, 0x0F, 0x0E, 0x00, 0x78,
    0xF1, 0xE0, 0x03, 0x8F, 0x3C, 0x00, 0x3C, 0xF3, 0xC0, 0x01, 0xFF, 0xF8, 0x00, 0x1F, 0xFF, 0x80,
    0x03, 0xFF, 0xFC, 0x00, 0x38, 0xF3, 0xC0, 0x07, 0x8F, 0x1E, 0x00, 0xF0, 0xF0, 0xE0, 0x0F, 0x0F,
    0x0F, 0x01, 0xE0, 0xF0, 0x78, 0x3C, 0x0F, 0x07, 0x83, 0xC0, 0xF0, 0x3C, 0x78, 0x0F, 0x01, 0xC7,
    0x00, 0xF0, 0x1E, 0x07, 0xE0, 0x1F, 0xF0, 0x3F, 0xFC, 0x3C, 0x3C, 0x78, 0x1E, 0x70, 0x1E, 0x70,
    0x1E, 0x00, 0x1E, 0x00, 0x1C, 0x00, 0x7C, 0x03, 0xF8, 0x03, 0xF8, 0x03, 0xFC, 0x00, 0x1E, 0x00,
    0x0E, 0x00, 0x0F, 0xF0, 0x0F, 0xF0, 0x0E, 0x78, 0x1E, 0x7E, 0x7E, 0x3F, 0xFC, 0x1F, 0xF0, 0x03,
    0xC0, 0x60, 0x03, 0xBC, 0x01, 0xFF, 0x00, 0x7F, 0xC0, 0x3F, 0xF0, 0x1F, 0xFC, 0x07, 0xFF, 0x03,
    0xFF, 0xC1, 0xEF, 0xF0, 0x7B, 0xFC, 0x3C, 0xFF, 0x0E, 0x3F, 0xC7, 0x8F, 0xF3, 0xC3, 0xFC, 0xE0,
    0xFF, 0x78, 0x3F, 0xBC, 0x0F, 0xEF, 0x03, 0xFF, 0x80, 0xFF, 0xC0, 0x3F, 0xF0, 0x0F, 0xF8, 0x03,
    0xFC, 0x00, 0xF0, 0x0E, 0x18, 0x01, 0xCE, 0x00, 0x7F, 0x80, 0x0F, 0xC0, 0x00, 0x00, 0x00, 0x00,
    0x06, 0x00, 0x3B, 0xC0, 0x1F, 0xF0, 0x07, 0xFC, 0x03, 0xFF, 0x01, 0xFF, 0xC0, 0x7F, 0xF0, 0x3F,
    0xFC, 0x1E, 0xFF, 0x07, 0xBF, 0xC3, 0xCF, 0xF0, 0xE3, 0xFC, 0x78, 0xFF, 0x3C, 0x3F, 0xCE, 0x0F,
    0xF7, 0x83, 0xFB, 0xC0, 0xFE, 0xF0, 0x3F, 0xF8, 0x0F, 0xFC, 0x03, 0xFF, 0x00, 0xFF, 0x80, 0x3F,
    0xC0, 0x0F, 0x60, 0x07, 0x78, 0x07, 0xBC, 0x07, 0x9E, 0x03, 0xCF, 0x03, 0xC7, 0x83, 0xC3, 0xC3,
    0xC1, 0xE1, 0xE0, 0xF1, 0xE0, 0x79, 0xE0, 0x3F, 0xE0, 0x1F, 0xF0, 0x0F, 0xFC, 0x07, 0x8F, 0x03,
    0xC7, 0x81, 0xE1, 0xE0, 0xF0, 0x78, 0x78, 0x1E, 0x3C, 0x0F, 0x1E, 0x03, 0xCF, 0x00, 0xF7, 0x80,
    0x3C, 0x07, 0xFF, 0xC0, 0xFF, 0xF8, 0x3F, 0xFF, 0x07, 0xFF, 0xE0, 0xF0, 0x1C, 0x1E, 0x03, 0x83,
    0xC0, 0x70, 0x70, 0x0E, 0x0E, 0x01, 0xC1, 0xC0, 0x38, 0x38, 0x07, 0x07, 0x00, 0xE0, 0xE0, 0x1C,
    0x1C, 0x03, 0x87, 0x80, 0x70, 0xF0, 0x0E, 0x1E, 0x01, 0xC3, 0x80, 0x38, 0x70, 0x07, 0x7E, 0x00,
    0xEF, 0x80, 0x1D, 0xE0, 0x03, 0x80, 0x70, 0x00, 0x3F, 0xE0, 0x01, 0xFF, 0x80, 0x07, 0xFF, 0x00,
    0x3F, 0xFC, 0x00, 0xFF, 0xF0, 0x03, 0xFF, 0xE0, 0x1F, 0xFB, 0x80, 0x77, 0xEF, 0x03, 0xDF, 0x9C,
    0x0E, 0x7E, 0x70, 0x39, 0xF9, 0xE1, 0xE7, 0xE3, 0x87, 0x1F, 0x8F, 0x1C, 0x7E, 0x3C, 0xF1, 0xF8,
    0x73, 0x87, 0xE1, 0xFE, 0x1F, 0x83, 0xF0, 0x7E, 0x0F, 0xC1, 0xF8, 0x3F, 0x07, 0xE0, 0x78, 0x1F,
    0x81, 0xE0, 0x70, 0x60, 0x03, 0xF8, 0x01, 0xFC, 0x00, 0xFE, 0x00, 0x7F, 0x00, 0x3F, 0x80, 0x1F,
    0xC0, 0x0F, 0xE0, 0x07, 0xF0, 0x03, 0xF8, 0x01, 0xFF, 0xFF, 0xFF, 0xFF, 0xFF, 0xFF, 0xFF, 0x80,
    0x1F, 0xC0, 0x0F, 0xE0, 0x07, 0xF0, 0x03, 0xF8, 0x01, 0xFC, 0x00, 0xFE, 0x00, 0x7F, 0x00, 0x3F,
    0x80, 0x1C, 0x01, 0xF8, 0x00, 0x7F, 0xE0, 0x0F, 0xFF, 0x01, 0xF8, 0xF8, 0x3C, 0x03, 0xC3, 0x80,
    0x1E, 0x78, 0x01, 0xE7, 0x00, 0x0E, 0x70, 0x00, 0xFF, 0x00, 0x0F, 0xF0, 0x00, 0x7F, 0x00, 0x07,
    0xF0, 0x00, 0x7F, 0x00, 0x0F, 0x70, 0x00, 0xF7, 0x00, 0x0E, 0x78, 0x01, 0xE3, 0xC0, 0x1E, 0x3E,
    0x07, 0xC1, 0xFF, 0xF8, 0x0F, 0xFF, 0x00, 0x7F, 0xE0, 0x00, 0xF0, 0x00, 0x7F, 0xFF, 0xFF, 0xFF,
    0xFF, 0xFF, 0xFF, 0xFF, 0xFF, 0x00, 0x3F, 0x80, 0x1F, 0xC0, 0x0F, 0xE0, 0x07, 0xF0, 0x03, 0xF8,
    0x01, 0xFC, 0x00, 0xFE, 0x00, 0x7F, 0x00, 0x3F, 0x80, 0x1F, 0xC0, 0x0F, 0xE0, 0x07, 0xF0, 0x03,
    0xF8, 0x01, 0xFC, 0x00, 0xFE, 0x00, 0x7F, 0x00, 0x3F, 0x80, 0x1C, 0x7F, 0x80, 0xFF, 0xF0, 0xFF,
    0xFC, 0xFF, 0xFC, 0xF0, 0x1E, 0xF0, 0x0E, 0xF0, 0x0E, 0xF0, 0x0E, 0xF0, 0x0E, 0xF0, 0x0E, 0xF0,
    0x1E, 0xFF, 0xFC, 0xFF, 0xF8, 0xFF, 0xF0, 0xFF, 0x80, 0xF0, 0x00, 0xF0, 0x00, 0xF0, 0x00, 0xF0,
    0x00, 0xF0, 0x00, 0xF0, 0x00, 0xF0, 0x00, 0x01, 0xF8, 0x00, 0xFF, 0xC0, 0x3F, 0xFE, 0x0F, 0xC7,
    0xC3, 0xC0, 0x3C, 0x70, 0x03, 0xDE, 0x00, 0x7B, 0x80, 0x07, 0x70, 0x00, 0x1E, 0x00, 0x03, 0xC0,
    0x00, 0x78, 0x00, 0x0F, 0x00, 0x01, 0xE0, 0x00, 0x1C, 0x00, 0x03, 0x80, 0x07, 0x78, 0x01, 0xE7,
    0x80, 0x38, 0xF8, 0x1F, 0x0F, 0xFF, 0xC0, 0xFF, 0xF0, 0x0F, 0xFC, 0x00, 0x3C, 0x00, 0xFF, 0xFF,
    0x7F, 0xFF, 0xFF, 0xFF, 0xEF, 0xFF, 0xE0, 0x1C, 0x00, 0x0E, 0x00, 0x07, 0x00, 0x03, 0x80, 0x01,
    0xC0, 0x00, 0xE0, 0x00, 0x70, 0x00, 0x38, 0x00, 0x1C, 0x00, 0x0E, 0x00, 0x07, 0x00, 0x03, 0x80,
    0x01, 0xC0, 0x00, 0xE0, 0x00, 0x70, 0x00, 0x38, 0x00, 0x1C, 0x00, 0x0E, 0x00, 0x70, 0x01, 0x9C,
    0x00, 0xF7, 0x80, 0x39, 0xE0, 0x1E, 0x3C, 0x07, 0x0F, 0x03, 0xC1, 0xC0, 0xE0, 0x78, 0x78, 0x0E,
    0x1E, 0x03, 0xC7, 0x00, 0x73, 0xC0, 0x1E, 0xE0, 0x03, 0xB8, 0x00, 0xFE, 0x00, 0x3F, 0x00, 0x07,
    0xC0, 0x01, 0xE0, 0x00, 0x38, 0x00, 0x1E, 0x00, 0x7F, 0x00, 0x1F, 0x80, 0x07, 0xC0, 0x00, 0x00,
    0x38, 0x00, 0x01, 0xE0, 0x00, 0x07, 0x80, 0x00, 0xFF, 0xC0, 0x0F, 0xFF, 0xC0, 0x7F, 0xFF, 0x83,
    0xF7, 0x9F, 0x1F, 0x1E, 0x3E, 0x78, 0x78, 0x79, 0xC1, 0xE0, 0xEF, 0x07, 0x83, 0xFC, 0x1E, 0x0F,
    0xF0, 0x78, 0x3F, 0xC1, 0xE0, 0xFF, 0x07, 0x83, 0xDC, 0x1E, 0x0E, 0x78, 0x78, 0x78, 0xF1, 0xE3,
    0xC3, 0xFF, 0xBF, 0x07, 0xFF, 0xF8, 0x07, 0xFF, 0x80, 0x07, 0xF8, 0x00, 0x07, 0x80, 0x00, 0x1E,
    0x00, 0x00, 0x30, 0x00, 0x70, 0x00, 0xCF, 0x00, 0x3C, 0xF0, 0x0F, 0x0F, 0x03, 0xC1, 0xE0, 0x70,
    0x1E, 0x1E, 0x01, 0xE7, 0x80, 0x3C, 0xE0, 0x03, 0xFC, 0x00, 0x3F, 0x00, 0x07, 0xC0, 0x00, 0x78,
    0x00, 0x1F, 0x80, 0x07, 0xF8, 0x00, 0xEF, 0x00, 0x3C, 0xF0, 0x0F, 0x0F, 0x03, 0xC1, 0xE0, 0x78,
    0x1E, 0x1E, 0x01, 0xE7, 0x80, 0x3C, 0xF0, 0x03, 0xC0, 0x60, 0x03, 0x1E, 0x00, 0xF3, 0xC0, 0x1E,
    0x78, 0x03, 0xCF, 0x00, 0x79, 0xE0, 0x0F, 0x3C, 0x01, 0xE7, 0x80, 0x3C, 0xF0, 0x07, 0x9E, 0x00,
    0xF3, 0xC0, 0x1E, 0x78, 0x03, 0xCF, 0x00, 0x79, 0xE0, 0x0F, 0x3C, 0x01, 0xE7, 0x80, 0x3C, 0xF0,
    0x07, 0x9E, 0x00, 0xF3, 0xC0, 0x1E, 0x7F, 0xFF, 0xFF, 0xFF, 0xFF, 0xFF, 0xFF, 0xC0, 0x00, 0x38,
    0x00, 0x07, 0x00, 0x00, 0xE0, 0x00, 0x1C, 0x00, 0x03, 0x80, 0xE0, 0x07, 0xE0, 0x07, 0xE0, 0x07,
    0xE0, 0x07, 0xE0, 0x07, 0xE0, 0x07, 0xE0, 0x07, 0xE0, 0x07, 0xE0, 0x07, 0xF0, 0x07, 0xF8, 0x1F,
    0x7F, 0xFF, 0x3F, 0xFF, 0x1F, 0xF7, 0x00, 0x07, 0x00, 0x07, 0x00, 0x07, 0x00, 0x07, 0x00, 0x07,
    0x00, 0x07, 0x00, 0x07, 0x00, 0x07, 0x60, 0x18, 0x06, 0xF0, 0x3C, 0x0F, 0xF0, 0x3C, 0x0F, 0xF0,
    0x3C, 0x0F, 0xF0, 0x3C, 0x0F, 0xF0, 0x3C, 0x0F, 0xF0, 0x3C, 0x0F, 0xF0, 0x3C, 0x0F, 0xF0, 0x3C,
    0x0F, 0xF0, 0x3C, 0x0F, 0xF0, 0x3C, 0x0F, 0xF0, 0x3C, 0x0F, 0xF0, 0x3C, 0x0F, 0xF0, 0x3C, 0x0F,
    0xF0, 0x3C, 0x0F, 0xF0, 0x3C, 0x0F, 0xF0, 0x3C, 0x0F, 0xF0, 0x3C, 0x0F, 0xF0, 0x3C, 0x0F, 0xFF,
    0xFF, 0xFF, 0xFF, 0xFF, 0xFF, 0xFF, 0xFF, 0xFF, 0x60, 0x18, 0x06, 0x3C, 0x0F, 0x03, 0xCF, 0x03,
    0xC0, 0xF3, 0xC0, 0xF0, 0x3C, 0xF0, 0x3C, 0x0F, 0x3C, 0x0F, 0x03, 0xCF, 0x03, 0xC0, 0xF3, 0xC0,
    0xF0, 0x3C, 0xF0, 0x3C, 0x0F, 0x3C, 0x0F, 0x03, 0xCF, 0x03, 0xC0, 0xF3, 0xC0, 0xF0, 0x3C, 0xF0,
    0x3C, 0x0F, 0x3C, 0x0F, 0x03, 0xCF, 0x03, 0xC0, 0xF3, 0xC0, 0xF0, 0x3C, 0xF0, 0x3C, 0x0F, 0x3C,
    0x0F, 0x03, 0xCF, 0x03, 0xC0, 0xF3, 0xFF, 0xFF, 0xFE, 0xFF, 0xFF, 0xFF, 0xFF, 0xFF, 0xFF, 0xF0,
    0x00, 0x00, 0x3C, 0x00, 0x00, 0x0F, 0x00, 0x00, 0x03, 0xC0, 0x00, 0x00, 0xF0, 0x00, 0x00, 0x3C,
    0xFF, 0x80, 0x03, 0xFE, 0x00, 0x0F, 0xF8, 0x00, 0x00, 0xE0, 0x00, 0x03, 0x80, 0x00, 0x0E, 0x00,
    0x00, 0x38, 0x00, 0x00, 0xE0, 0x00, 0x03, 0x80, 0x00, 0x0F, 0xFF, 0x00, 0x3F, 0xFE, 0x00, 0xFF,
    0xFC, 0x03, 0x80, 0x78, 0x0E, 0x00, 0xE0, 0x38, 0x03, 0xC0, 0xE0, 0x0F, 0x03, 0x80, 0x3C, 0x0E,
    0x00, 0xE0, 0x38, 0x07, 0x80, 0xFF, 0xFC, 0x03, 0xFF, 0xF0, 0x0F, 0xFF, 0x00, 0x60, 0x00, 0x3F,
    0x80, 0x01, 0xFC, 0x00, 0x0F, 0xE0, 0x00, 0x7F, 0x00, 0x03, 0xF8, 0x00, 0x1F, 0xC0, 0x00, 0xFE,
    0x00, 0x07, 0xF0, 0x00, 0x3F, 0xFF, 0x81, 0xFF, 0xFF, 0x0F, 0xFF, 0xF8, 0x7F, 0x01, 0xE3, 0xF8,
    0x07, 0x1F, 0xC0, 0x3C, 0xFE, 0x01, 0xE7, 0xF0, 0x0F, 0x3F, 0x80, 0x71, 0xFC, 0x07, 0x8F, 0xFF,
    0xFC, 0x7F, 0xFF, 0xC3, 0xFF, 0xF8, 0x1C, 0x60, 0x00, 0xF0, 0x00, 0xF0, 0x00, 0xF0, 0x00, 0xF0,
    0x00, 0xF0, 0x00, 0xF0, 0x00, 0xF0, 0x00, 0xF0, 0x00, 0xFF, 0xF0, 0xFF, 0xFC, 0xFF, 0xFC, 0xF0,
    0x1E, 0xF0, 0x0E, 0xF0, 0x0F, 0xF0, 0x0F, 0xF0, 0x0F, 0xF0, 0x0E, 0xF0, 0x1E, 0xFF, 0xFE, 0xFF,
    0xFC, 0xFF, 0xF0, 0x03, 0xF0, 0x01, 0xFF, 0x80, 0x7F, 0xF8, 0x1F, 0x8F, 0x87, 0x80, 0x78, 0xE0,
    0x07, 0xBC, 0x00, 0x77, 0x80, 0x0E, 0x00, 0x01, 0xE0, 0x00, 0x3C, 0x07, 0xFF, 0x80, 0xFF, 0xF0,
    0x1F, 0xFE, 0x00, 0x03, 0xC0, 0x00, 0x7F, 0x80, 0x0E, 0xF0, 0x03, 0xCF, 0x00, 0x79, 0xF0, 0x1E,
    0x1F, 0xFF, 0x81, 0xFF, 0xE0, 0x1F, 0xF8, 0x00, 0x78, 0x00, 0x60, 0x03, 0xE0, 0x3C, 0x07, 0xFE,
    0x0F, 0x03, 0xFF, 0xE3, 0xC1, 0xF8, 0xFC, 0xF0, 0xF8, 0x0F, 0x3C, 0x3C, 0x01, 0xEF, 0x1E, 0x00,
    0x3B, 0xC7, 0x80, 0x0F, 0xF1, 0xC0, 0x01, 0xFC, 0x70, 0x00, 0x7F, 0xFC, 0x00, 0x1F, 0xFF, 0x00,
    0x07, 0xFF, 0xC0, 0x01, 0xFC, 0x70, 0x00, 0x7F, 0x1C, 0x00, 0x3F, 0xC7, 0x80, 0x0F, 0xF1, 0xE0,
    0x03, 0xBC, 0x3C, 0x01, 0xEF, 0x07, 0x80, 0xF3, 0xC1, 0xFF, 0xFC, 0xF0, 0x3F, 0xFE, 0x3C, 0x03,
    0xFE, 0x00, 0x00, 0x1C, 0x00, 0x01, 0xFF, 0x07, 0xFF, 0xC7, 0xFF, 0xE7, 0xFF, 0xF3, 0xC0, 0x7B,
    0xC0, 0x3D, 0xE0, 0x1E, 0xF0, 0x0F, 0x78, 0x07, 0x9C, 0x03, 0xCF, 0x01, 0xE3, 0xFF, 0xF0, 0xFF,
    0xF8, 0x3F, 0xFC, 0x1C, 0x1E, 0x1E, 0x0F, 0x0E, 0x07, 0x8F, 0x03, 0xCF, 0x01, 0xE7, 0x80, 0xF7,
    0x80, 0x7B, 0xC0, 0x3C, 0x1F, 0xE1, 0xFF, 0x9F, 0xFE, 0xE0, 0xF7, 0x03, 0x80, 0x1C, 0x0F, 0xE7,
    0xFF, 0x7F, 0xFF, 0xE1, 0xFC, 0x0F, 0xC0, 0x7E, 0x07, 0xFC, 0x7D, 0xFF, 0xE7, 0xF7, 0x0E, 0x00,
    0x00, 0x18, 0x00, 0x38, 0x0F, 0xF0, 0x7F, 0xC3, 0xFE, 0x07, 0x80, 0x1C, 0x00, 0x3B, 0xF8, 0xEF,
    0xF9, 0xFF, 0xFB, 0xE0, 0xF7, 0x80, 0xFF, 0x01, 0xFC, 0x01, 0xF8, 0x03, 0xF0, 0x07, 0xF0, 0x0E,
    0xE0, 0x3D, 0xE0, 0x73, 0xE3, 0xE3, 0xFF, 0x83, 0xFE, 0x00, 0xE0, 0x00, 0xFF, 0xC7, 0xFF, 0x3F,
    0xFD, 0xC0, 0xFE, 0x07, 0xF0, 0x3B, 0xFF, 0xDF, 0xFC, 0xFF, 0xF7, 0x03, 0xF8, 0x0F, 0xC0, 0x7E,
    0x03, 0xFF, 0xFF, 0xFF, 0xDF, 0xFC, 0xFF, 0xDF, 0xFB, 0xFF, 0x70, 0x0E, 0x01, 0xC0, 0x38, 0x07,
    0x00, 0xE0, 0x1C, 0x03, 0x80, 0x70, 0x0E, 0x01, 0xC0, 0x38, 0x07, 0x00, 0x0F, 0xFE, 0x03, 0xFF,
    0x80, 0xFF, 0xE0, 0x38, 0x38, 0x0E, 0x0E, 0x03, 0x83, 0x80, 0xE0, 0xE0, 0x38, 0x38, 0x1E, 0x0E,
    0x07, 0x83, 0x81, 0xC0, 0xE0, 0x70, 0x38, 0x3C, 0x0E, 0x3F, 0xFF, 0xEF, 0xFF, 0xFF, 0xFF, 0xFF,
    0xE0, 0x03, 0xF8, 0x00, 0xFE, 0x00, 0x3F, 0x80, 0x0F, 0xE0, 0x03, 0xC0, 0x0F, 0xE0, 0x3F, 0xE0,
    0xFF, 0xE3, 0xC1, 0xE7, 0x01, 0xDE, 0x03, 0xFF, 0xFF, 0xFF, 0xFF, 0xFF, 0xFF, 0xC0, 0x03, 0xC0,
    0x03, 0x80, 0xC7, 0x81, 0xCF, 0x8F, 0x8F, 0xFE, 0x0F, 0xF8, 0x03, 0xC0, 0x78, 0x38, 0x1E, 0xF0,
    0x70, 0x78, 0xF0, 0xE1, 0xE0, 0xF1, 0xC7, 0x80, 0xF3, 0x8E, 0x00, 0xE7, 0x3C, 0x00, 0xEE, 0xF0,
    0x01, 0xFF, 0xC0, 0x03, 0xFF, 0x80, 0x07, 0xFF, 0x80, 0x1E, 0xE7, 0x80, 0x79, 0xCF, 0x01, 0xE3,
    0x8F, 0x07, 0x87, 0x0F, 0x0F, 0x0E, 0x0F, 0x3C, 0x1C, 0x0F, 0x1F, 0x87, 0xFE, 0x7F, 0xEF, 0x0F,
    0xE0, 0x70, 0x0F, 0x01, 0xE0, 0xFC, 0x0F, 0xE0, 0x1F, 0x00, 0x70, 0x07, 0xE0, 0x7F, 0x9F, 0x7F,
    0xE3, 0xFC, 0x06, 0x00, 0xE0, 0x3F, 0x03, 0xF8, 0x1F, 0xC1, 0xFE, 0x1F, 0xF0, 0xFF, 0x8E, 0xFC,
    0xF7, 0xE7, 0x3F, 0x71, 0xFF, 0x8F, 0xF8, 0x7F, 0x83, 0xFC, 0x1F, 0xC0, 0xFC, 0x07, 0x38, 0xE1,
    0xC7, 0x07, 0xF0, 0x1F, 0x00, 0x00, 0x00, 0x03, 0x80, 0xFC, 0x0F, 0xE0, 0x7F, 0x07, 0xF8, 0x7F,
    0xC3, 0xFE, 0x3B, 0xF3, 0xDF, 0x9C, 0xFD, 0xC7, 0xFE, 0x3F, 0xE1, 0xFE, 0x0F, 0xF0, 0x7F, 0x03,
    0xF0, 0x1C, 0xE0, 0x7B, 0x83, 0xEE, 0x0F, 0x38, 0x78, 0xE3, 0xC3, 0x9E, 0x0E, 0xF0, 0x3F, 0xC0,
    0xFF, 0x03, 0xFE, 0x0E, 0x78, 0x38, 0xF0, 0xE1, 0xE3, 0x83, 0xCE, 0x0F, 0xB8, 0x1E, 0x1F, 0xFE,
    0x3F, 0xFC, 0x7F, 0xF8, 0xF0, 0x71, 0xC0, 0xE3, 0x81, 0xC7, 0x03, 0x8E, 0x07, 0x1C, 0x0E, 0x38,
    0x1C, 0x70, 0x38, 0xE0, 0x73, 0xC0, 0xFF, 0x01, 0xFE, 0x03, 0xF8, 0x07, 0xF0, 0x03, 0xDF, 0x00,
    0xFB, 0xE0, 0x1F, 0x7E, 0x07, 0xEF, 0xC0, 0xFD, 0xFC, 0x1F, 0xBB, 0x87, 0xF7, 0x70, 0xEE, 0xEF,
    0x3D, 0xDC, 0xE7, 0x3B, 0x9E, 0xE7, 0x71, 0xF8, 0xEE, 0x3F, 0x1D, 0xC3, 0xE3, 0xB8, 0x78, 0x77,
    0x0F, 0x0E, 0xE0, 0x3F, 0x01, 0xF8, 0x0F, 0xC0, 0x7E, 0x03, 0xF0, 0x1F, 0xFF, 0xFF, 0xFF, 0xFF,
    0xFF, 0x01, 0xF8, 0x0F, 0xC0, 0x7E, 0x03, 0xF0, 0x1F, 0x80, 0xFC, 0x07, 0x0F, 0xE0, 0x3F, 0xE0,
    0xFF, 0xE3, 0xC1, 0xE7, 0x01, 0xFE, 0x03, 0xF8, 0x03, 0xF0, 0x07, 0xE0, 0x0F, 0xC0, 0x1F, 0xC0,
    0x3B, 0x80, 0xF7, 0x83, 0xCF, 0x8F, 0x8F, 0xFE, 0x0F, 0xF8, 0x03, 0x80, 0xFF, 0xFF, 0xFF, 0xFF,
    0xFF, 0xC0, 0x7E, 0x03, 0xF0, 0x1F, 0x80, 0xFC, 0x07, 0xE0, 0x3F, 0x01, 0xF8, 0x0F, 0xC0, 0x7E,
    0x03, 0xF0, 0x1F, 0x80, 0xFC, 0x07, 0xEF, 0xE1, 0xFF, 0xE3, 0xFF, 0xE7, 0xC1, 0xEF, 0x03, 0xDC,
    0x03, 0xB8, 0x07, 0x70, 0x0F, 0xE0, 0x1F, 0xC0, 0x3B, 0x80, 0x77, 0x80, 0xEF, 0x03, 0xDF, 0x9F,
    0x3F, 0xFC, 0x77, 0xF0, 0xE3, 0x81, 0xC0, 0x03, 0x80, 0x07, 0x00, 0x0E, 0x00, 0x1C, 0x00, 0x00,
    0x0F, 0xE0, 0x3F, 0xE0, 0xFF, 0xE3, 0xC1, 0xE7, 0x01, 0xDE, 0x00, 0x38, 0x00, 0x70, 0x00, 0xE0,
    0x01, 0xC0, 0x03, 0xC0, 0x03, 0x80, 0xE7, 0x83, 0xCF, 0x8F, 0x8F, 0xFE, 0x0F, 0xF8, 0x03, 0x80,
    0xFF, 0xFF, 0xFF, 0xFF, 0xFF, 0xC1, 0xC0, 0x07, 0x00, 0x1C, 0x00, 0x70, 0x01, 0xC0, 0x07, 0x00,
    0x1C, 0x00, 0x70, 0x01, 0xC0, 0x07, 0x00, 0x1C, 0x00, 0x70, 0x01, 0xC0, 0x70, 0x0F, 0x70, 0x0E,
    0x78, 0x1E, 0x38, 0x1E, 0x38, 0x1C, 0x3C, 0x3C, 0x1C, 0x38, 0x1C, 0x38, 0x1E, 0x78, 0x0E, 0x70,
    0x0F, 0x70, 0x07, 0xE0, 0x07, 0xE0, 0x07, 0xE0, 0x03, 0xC0, 0x03, 0xC0, 0x03, 0xC0, 0x03, 0x80,
    0x07, 0x80, 0x3F, 0x00, 0x3F, 0x00, 0x3E, 0x00, 0x00, 0x00, 0x00, 0xC0, 0x00, 0x78, 0x00, 0x1E,
    0x00, 0x07, 0x80, 0x01, 0xE0, 0x00, 0x78, 0x00, 0xFF, 0xC0, 0x7F, 0xF8, 0x3F, 0xFF, 0x1E, 0x79,
    0xE7, 0x1E, 0x3B, 0xC7, 0x8E, 0xE1, 0xE3, 0xF8, 0x78, 0xFE, 0x1E, 0x3F, 0x87, 0x8F, 0xF1, 0xE3,
    0xDC, 0x78, 0xE7, 0x9E, 0x79, 0xF7, 0xBC, 0x3F, 0xFE, 0x07, 0xFF, 0x00, 0x3F, 0x00, 0x07, 0x80,
    0x01, 0xE0, 0x00, 0x78, 0x00, 0x1E, 0x00, 0x07, 0x80, 0x78, 0x1E, 0x70, 0x78, 0xF0, 0xF0, 0xF3,
    0xC0, 0xE7, 0x01, 0xFC, 0x01, 0xF8, 0x01, 0xE0, 0x03, 0xC0, 0x0F, 0xC0, 0x3F, 0x80, 0x73, 0x81,
    0xE7, 0x87, 0x87, 0x9E, 0x0F, 0x3C, 0x0F, 0xE0, 0x39, 0xC0, 0x73, 0x80, 0xE7, 0x01, 0xCE, 0x03,
    0x9C, 0x07, 0x38, 0x0E, 0x70, 0x1C, 0xE0, 0x39, 0xC0, 0x73, 0x80, 0xE7, 0x01, 0xCE, 0x03, 0x9F,
    0xFF, 0xFF, 0xFF, 0xFF, 0xFF, 0x00, 0x0E, 0x00, 0x1C, 0x00, 0x38, 0x00, 0x70, 0x00, 0xE0, 0xE0,
    0x3F, 0x01, 0xF8, 0x0F, 0xC0, 0x7E, 0x03, 0xF0, 0x1F, 0x80, 0xFE, 0x07, 0xFF, 0xFB, 0xFF, 0xCF,
    0xFE, 0x00, 0x70, 0x03, 0x80, 0x1C, 0x00, 0xE0, 0x07, 0xE0, 0xE0, 0x7E, 0x0F, 0x07, 0xE0, 0xF0,
    0x7E, 0x0F, 0x07, 0xE0, 0xF0, 0x7E, 0x0F, 0x07, 0xE0, 0xF0, 0x7E, 0x0F, 0x07, 0xE0, 0xF0, 0x7E,
    0x0F, 0x07, 0xE0, 0xF0, 0x7E, 0x0F, 0x07, 0xE0, 0xF0, 0x7F, 0xFF, 0xFF, 0xFF, 0xFF, 0xFF, 0xFF,
    0xFF, 0xE0, 0xE0, 0x73, 0x83, 0xC1, 0xCE, 0x0F, 0x07, 0x38, 0x3C, 0x1C, 0xE0, 0xF0, 0x73, 0x83,
    0xC1, 0xCE, 0x0F, 0x07, 0x38, 0x3C, 0x1C, 0xE0, 0xF0, 0x73, 0x83, 0xC1, 0xCE, 0x0F, 0x07, 0x38,
    0x3C, 0x1C, 0xE0, 0xF0, 0x73, 0xFF, 0xFF, 0xFF, 0xFF, 0xFF, 0xFF, 0xFF, 0xFF, 0x00, 0x00, 0x1C,
    0x00, 0x00, 0x70, 0x00, 0x01, 0xC0, 0x00, 0x07, 0x00, 0x00, 0x1C, 0xFF, 0x00, 0x3F, 0xC0, 0x0F,
    0xF0, 0x00, 0x3C, 0x00, 0x0F, 0x00, 0x03, 0xFC, 0x00, 0xFF, 0xE0, 0x3F, 0xFC, 0x0F, 0xFF, 0x83,
    0xC0, 0xE0, 0xF0, 0x3C, 0x3C, 0x0F, 0x0F, 0x03, 0x83, 0xFF, 0xE0, 0xFF, 0xF0, 0x3F, 0xF8, 0xE0,
    0x03, 0xF0, 0x01, 0xF8, 0x00, 0xFC, 0x00, 0x7E, 0x00, 0x3F, 0xF0, 0x1F, 0xFF, 0x8F, 0xFF, 0xE7,
    0xFF, 0xFB, 0xF0, 0x3D, 0xF8, 0x0E, 0xFC, 0x07, 0x7E, 0x07, 0xBF, 0xFF, 0x9F, 0xFF, 0xCF, 0xFF,
    0x87, 0xE0, 0x07, 0x00, 0x38, 0x01, 0xC0, 0x0E, 0x00, 0x7F, 0x03, 0xFF, 0x9F, 0xFE, 0xFF, 0xFF,
    0x03, 0xF8, 0x0F, 0xC0, 0x7E, 0x07, 0xFF, 0xFB, 0xFF, 0xDF, 0xF8, 0x1F, 0xC0, 0xFF, 0xC7, 0xFF,
    0xBC, 0x1E, 0xE0, 0x3C, 0x00, 0x70, 0x01, 0xC3, 0xFF, 0x0F, 0xFC, 0x3F, 0xF0, 0x01, 0xF8, 0x0F,
    0xF0, 0x39, 0xE3, 0xE7, 0xFF, 0x07, 0xF8, 0x07, 0x80, 0xE0, 0x3F, 0x87, 0x03, 0xFF, 0x38, 0x3F,
    0xF9, 0xC3, 0xC1, 0xEE, 0x1C, 0x07, 0xF1, 0xE0, 0x3F, 0x8F, 0x00, 0xFF, 0xF0, 0x07, 0xFF, 0x80,
    0x3F, 0xFC, 0x01, 0xF8, 0xF0, 0x0F, 0xC3, 0x80, 0xFE, 0x1E, 0x07, 0x70, 0x78, 0xFB, 0x83, 0xFF,
    0x9C, 0x0F, 0xF8, 0x00, 0x0E, 0x00, 0x0F, 0xFC, 0xFF, 0xF3, 0xFF, 0xDE, 0x07, 0x70, 0x1D, 0xC0,
    0x77, 0x81, 0xDF, 0x07, 0x3F, 0xFC, 0x7F, 0xF0, 0xF1, 0xC7, 0x87, 0x3C, 0x1C, 0xE0, 0x77, 0x81,
    0xFC, 0x07, 0x0E, 0x00, 0x1E, 0x00, 0x1C, 0x00, 0x1C, 0x00, 0x30, 0x00, 0x00, 0x03, 0xF8, 0x0F,
    0xF8, 0x3F, 0xF8, 0xF0, 0x79, 0xC0, 0x77, 0x80, 0xFF, 0xFF, 0xFF, 0xFF, 0xFF, 0xFF, 0xF0, 0x00,
    0xF0, 0x00, 0xE0, 0x31, 0xE0, 0x73, 0xE3, 0xE3, 0xFF, 0x83, 0xFE, 0x00, 0xF0, 0x00, 0x1C, 0x70,
    0x79, 0xE0, 0xF3, 0xC0, 0xE3, 0x80, 0x00, 0x00, 0x00, 0x03, 0xF8, 0x0F, 0xF8, 0x3F, 0xF8, 0xF0,
    0x79, 0xC0, 0x77, 0x80, 0xFF, 0xFF, 0xFF, 0xFF, 0xFF, 0xFF, 0xF0, 0x00, 0xF0, 0x00, 0xE0, 0x31,
    0xE0, 0x73, 0xE3, 0xE3, 0xFF, 0x83, 0xFE, 0x00, 0xF0, 0x00, 0x38, 0x00, 0x70, 0x03, 0xFE, 0x07,
    0xFE, 0x0F, 0xF8, 0x07, 0x00, 0x0E, 0xFE, 0x1F, 0xFE, 0x3F, 0xFC, 0x78, 0x3C, 0xF0, 0x39, 0xC0,
    0x73, 0x80, 0xE7, 0x01, 0xCE, 0x03, 0x9C, 0x07, 0x38, 0x0E, 0x70, 0x1C, 0xE0, 0x39, 0xC0, 0x73,
    0x80, 0xE7, 0x01, 0xC0, 0x03, 0x80, 0x07, 0x00, 0x0E, 0x00, 0x7C, 0x01, 0xF8, 0x03, 0xE0, 0x00,
    0x00, 0x07, 0x80, 0xE0, 0x3C, 0x07, 0x00, 0xC0, 0x00, 0x3F, 0xF7, 0xFE, 0xFF, 0xDC, 0x03, 0x80,
    0x70, 0x0E, 0x01, 0xC0, 0x38, 0x07, 0x00, 0xE0, 0x1C, 0x03, 0x80, 0x70, 0x0E, 0x01, 0xC0, 0x00,
    0x0F, 0xE0, 0x3F, 0xE0, 0xFF, 0xE3, 0xC1, 0xE7, 0x01, 0xDE, 0x00, 0x3C, 0x00, 0x7F, 0xE0, 0xFF,
    0xC1, 0xFF, 0x83, 0xC0, 0x03, 0x80, 0xE7, 0x83, 0xCF, 0x8F, 0x8F, 0xFE, 0x0F, 0xF8, 0x03, 0x80,
    0x1F, 0xC1, 0xFF, 0x1F, 0xFC, 0xE0, 0xF7, 0x03, 0x38, 0x01, 0xF8, 0x07, 0xF8, 0x1F, 0xF0, 0x1F,
    0xC0, 0x1E, 0xC0, 0x7F, 0x07, 0xBC, 0x7D, 0xFF, 0xC7, 0xFC, 0x07, 0x00, 0x77, 0xBC, 0xE0, 0x01,
    0xCE, 0x73, 0x9C, 0xE7, 0x39, 0xCE, 0x73, 0x9C, 0xE7, 0x38, 0x71, 0xDE, 0x79, 0xCF, 0x38, 0xE0,
    0x00, 0x00, 0x03, 0x80, 0x70, 0x0E, 0x01, 0xC0, 0x38, 0x07, 0x00, 0xE0, 0x1C, 0x03, 0x80, 0x70,
    0x0E, 0x01, 0xC0, 0x38, 0x07, 0x00, 0xE0, 0x1C, 0x00, 0x1C, 0x78, 0xF0, 0xE0, 0x00, 0x07, 0x0E,
    0x1C, 0x38, 0x70, 0xE1, 0xC3, 0x87, 0x0E, 0x1C, 0x38, 0x70, 0xE1, 0xC3, 0x87, 0x0E, 0x1D, 0xFB,
    0xE7, 0x80, 0x0F, 0xFF, 0x00, 0x03, 0xFF, 0xC0, 0x00, 0xFF, 0xF0, 0x00, 0x38, 0x3C, 0x00, 0x0E,
    0x0F, 0x00, 0x03, 0x83, 0xFC, 0x01, 0xE0, 0xFF, 0xE0, 0x78, 0x3F, 0xFE, 0x1E, 0x0F, 0xFF, 0x87,
    0x83, 0xC0, 0xF1, 0xC0, 0xF0, 0x3C, 0x70, 0x3C, 0x0F, 0x1C, 0x0F, 0x03, 0xFF, 0x03, 0xFF, 0xEF,
    0x80, 0xFF, 0xF3, 0xC0, 0x3F, 0xF8, 0xE0, 0x38, 0x01, 0xC0, 0x70, 0x03, 0x80, 0xE0, 0x07, 0x01,
    0xC0, 0x0E, 0x03, 0x80, 0x1C, 0x07, 0x00, 0x3F, 0xFF, 0xF0, 0x7F, 0xFF, 0xFC, 0xFF, 0xFF, 0xFD,
    0xFF, 0xF0, 0xFF, 0x80, 0xE0, 0x7F, 0x01, 0xC0, 0x7E, 0x03, 0x81, 0xFC, 0x07, 0xFF, 0xB8, 0x0F,
    0xFF, 0x70, 0x1F, 0xFC, 0x38, 0x00, 0x70, 0x03, 0xFF, 0x07, 0xFE, 0x0F, 0xF8, 0x07, 0x00, 0x0E,
    0xFE, 0x1F, 0xFE, 0x3F, 0xFC, 0x78, 0x3C, 0xF0, 0x39, 0xC0, 0x73, 0x80, 0xE7, 0x01, 0xCE, 0x03,
    0x9C, 0x07, 0x38, 0x0E, 0x70, 0x1C, 0xE0, 0x39, 0xC0, 0x73, 0x80, 0xE7, 0x01, 0xC0, 0x03, 0xC0,
    0x0E, 0x00, 0x70, 0x01, 0xC0, 0x06, 0x00, 0x00, 0x0E, 0x07, 0xB8, 0x3E, 0xE0, 0xF3, 0x87, 0x8E,
    0x3C, 0x39, 0xE0, 0xEF, 0x03, 0xFC, 0x0F, 0xF0, 0x3F, 0xE0, 0xE7, 0x83, 0x8F, 0x0E, 0x1E, 0x38,
    0x3C, 0xE0, 0xFB, 0x81, 0xE0, 0x1C, 0x00, 0xF0, 0x03, 0x80, 0x0E, 0x00, 0x60, 0x00, 0x03, 0x80,
    0xFC, 0x0F, 0xE0, 0x7F, 0x07, 0xF8, 0x7F, 0xC3, 0xFE, 0x3B, 0xF3, 0xDF, 0x9C, 0xFD, 0xC7, 0xFE,
    0x3F, 0xE1, 0xFE, 0x0F, 0xF0, 0x7F, 0x03, 0xF0, 0x1C, 0x0C, 0x30, 0x0E, 0x70, 0x0F, 0xF0, 0x07,
    0xE0, 0x00, 0x00, 0x00, 0x00, 0x70, 0x0F, 0x70, 0x0E, 0x78, 0x1E, 0x38, 0x1E, 0x38, 0x1C, 0x3C,
    0x3C, 0x1C, 0x38, 0x1C, 0x38, 0x1E, 0x78, 0x0E, 0x70, 0x0F, 0x70, 0x07, 0xE0, 0x07, 0xE0, 0x07,
    0xE0, 0x03, 0xC0, 0x03, 0xC0, 0x03, 0xC0, 0x03, 0x80, 0x07, 0x80, 0x3F, 0x00, 0x3F, 0x00, 0x3E,
    0x00, 0x00, 0x00, 0xE0, 0x3F, 0x01, 0xF8, 0x0F, 0xC0, 0x7E, 0x03, 0xF0, 0x1F, 0x80, 0xFC, 0x07,
    0xE0, 0x3F, 0x01, 0xF8, 0x0F, 0xC0, 0x7E, 0x03, 0xFF, 0xFF, 0xFF, 0xFF, 0xFF, 0x07, 0x00, 0x38,
    0x01, 0xC0, 0x0E, 0x00, 0x70, 0x00, 0x60, 0x30, 0x1B, 0xC1, 0xE0, 0xFF, 0x07, 0x83, 0xFC, 0x1E,
    0x0F, 0xF0, 0x78, 0x3F, 0xC1, 0xE0, 0xFF, 0x07, 0x83, 0xFC, 0x1E, 0x0F, 0xF0, 0x78, 0x3F, 0xC1,
    0xE0, 0xFF, 0x07, 0x83, 0xFC, 0x1E, 0x0F, 0xF0, 0x78, 0x3F, 0xC1, 0xE0, 0xFF, 0x07, 0x83, 0xFC,
    0x1E, 0x0F, 0xF0, 0x78, 0x3F, 0xC1, 0xE0, 0xFF, 0x07, 0x83, 0x9F, 0xFF, 0xFE, 0x7F, 0xFF, 0xF0,
    0xFF, 0x3F, 0x80, 0x70, 0x38, 0x00, 0xE0, 0xE0, 0xEE, 0x0E, 0x0F, 0xE0, 0xE0, 0xFE, 0x0E, 0x0F,
    0xE0, 0xE0, 0xFE, 0x0E, 0x0F, 0xE0, 0xE0, 0xFE, 0x0E, 0x0F, 0xE0, 0xE0, 0xFE, 0x0E, 0x0F, 0xE0,
    0xE0, 0xFE, 0x0E, 0x0E, 0xE0, 0xF0, 0xEF, 0xBF, 0xBE, 0x7F, 0xBF, 0xC3, 0xF1, 0xFC, 0x0C, 0x06,
    0x00, 0x0C, 0x00, 0x03, 0xC0, 0x00, 0x78, 0x00, 0x0F, 0x00, 0x0F, 0xFF, 0x01, 0xFF, 0xE0, 0x3F,
    0xFC, 0x00, 0xF0, 0x00, 0x1E, 0x00, 0x03, 0xFF, 0xC0, 0x7F, 0xFE, 0x0F, 0xFF, 0xE1, 0xE0, 0x3C,
    0x3C, 0x03, 0xC7, 0x80, 0x78, 0xF0, 0x07, 0x1E, 0x01, 0xE3, 0xC0, 0x3C, 0x78, 0x0F, 0x0F, 0xFF,
    0xE1, 0xFF, 0xF8, 0x3F, 0xFC, 0x00, 0x0C, 0x00, 0x0F, 0x00, 0x07, 0x80, 0x03, 0xC0, 0x01, 0xE0,
    0x00, 0xF0, 0x03, 0xFF, 0xC1, 0xFF, 0xE0, 0xFF, 0xE0, 0x0F, 0x00, 0x07, 0x80, 0x03, 0xFC, 0x01,
    0xFF, 0xC0, 0xFF, 0xF8, 0x7F, 0xFC, 0x3C, 0x0F, 0x1E, 0x07, 0x8F, 0x03, 0xC7, 0x81, 0xC3, 0xFF,
    0xE1, 0xFF, 0xE0, 0xFF, 0xE0, 0x60, 0x07, 0xC0, 0x78, 0x0F, 0xFC, 0x3C, 0x1F, 0xFF, 0x1E, 0x1F,
    0x8F, 0xCF, 0x0F, 0x01, 0xE7, 0x8F, 0x00, 0x7B, 0xC7, 0x00, 0x1D, 0xE7, 0x80, 0x0E, 0xF3, 0xC0,
    0x00, 0x79, 0xC0, 0x00, 0x3F, 0xFF, 0xE0, 0x1F, 0xFF, 0xF0, 0x0F, 0xFF, 0xF8, 0x07, 0x9C, 0x00,
    0x03, 0xCF, 0x00, 0x01, 0xE7, 0x80, 0x0E, 0xF1, 0xC0, 0x07, 0x78, 0xF0, 0x07, 0xBC, 0x3C, 0x07,
    0x9E, 0x0F, 0xFF, 0xCF, 0x03, 0xFF, 0xC7, 0x80, 0xFF, 0x80, 0x00, 0x0E, 0x00, 0xE0, 0x7F, 0x0E,
    0x0F, 0xFC, 0xE1, 0xFF, 0xEE, 0x3C, 0x1E, 0xE3, 0xC0, 0xEE, 0x38, 0x06, 0xE7, 0x80, 0x0F, 0xFF,
    0xE0, 0xFF, 0xFE, 0x0F, 0xFF, 0xE0, 0xE3, 0x80, 0x0E, 0x38, 0x0E, 0xE3, 0xC0, 0xEE, 0x1F, 0x3E,
    0xE0, 0xFF, 0xCE, 0x07, 0xF8, 0x00, 0x1E, 0x00, 0x00, 0xE0, 0x00, 0x0F, 0x00, 0x01, 0xF0, 0x00,
    0x1F, 0x80, 0x01, 0xF8, 0x00, 0x3F, 0xC0, 0x03, 0x9C, 0x00, 0x39, 0xC0, 0x07, 0x9E, 0x00, 0x70,
    0xE0, 0x0F, 0x0E, 0x00, 0xF0, 0xF0, 0x0E, 0x07, 0x01, 0xFF, 0xF8, 0x1F, 0xFF, 0x81, 0xFF, 0xF8,
    0x3C, 0xF3, 0xC3, 0x8F, 0x3C, 0x38, 0xF1, 0xC7, 0x8F, 0x1E, 0x70, 0xF0, 0xEF, 0x0F, 0x0E, 0x03,
    0xC0, 0x03, 0xC0, 0x03, 0xE0, 0x07, 0xE0, 0x07, 0xF0, 0x0F, 0x70, 0x0E, 0x70, 0x0E, 0x78, 0x1E,
    0x78, 0x1F, 0xFC, 0x3F, 0xFC, 0x3B, 0xDC, 0x39, 0xDE, 0x79, 0xCE, 0x71, 0xCF, 0x71, 0xCF, 0x60,
    0x03, 0x80, 0x78, 0x03, 0xC0, 0x3C, 0x01, 0xF0, 0x1E, 0x01, 0xF8, 0x0F, 0x00, 0xFC, 0x07, 0x80,
    0x77, 0x03, 0xC0, 0x73, 0x81, 0xE0, 0x39, 0xE0, 0xF0, 0x3C, 0x70, 0x78, 0x1C, 0x38, 0x3C, 0x0E,
    0x1E, 0x1E, 0x0F, 0x07, 0x0F, 0x07, 0x03, 0x87, 0xFF, 0xFF, 0xE3, 0xFF, 0xFF, 0xF1, 0xFF, 0xFF,
    0xF8, 0xF0, 0xE7, 0x9E, 0x78, 0xF3, 0xC7, 0x3C, 0x71, 0xE3, 0xDE, 0x78, 0xF1, 0xEF, 0x3C, 0x78,
    0x77, 0x9C, 0x3C, 0x3C, 0xE0, 0x3C, 0x0E, 0x03, 0xC0, 0xE0, 0x3E, 0x0E, 0x07, 0xE0, 0xE0, 0x7F,
    0x0E, 0x0F, 0x70, 0xE0, 0xE7, 0x0E, 0x0E, 0x78, 0xFF, 0xE7, 0x8F, 0xFF, 0xFC, 0xFF, 0xFF, 0xCE,
    0x3B, 0xDC, 0xE3, 0x9D, 0xEE, 0x79, 0xCE, 0xE7, 0x1C, 0xFE, 0xF1, 0xCF, 0x3F, 0xFF, 0xE1, 0xFF,
    0xFF, 0x0F, 0xFF, 0xF0, 0x3C, 0x07, 0x80, 0xE0, 0x78, 0x07, 0x83, 0x80, 0x1C, 0x3C, 0x00, 0xF1,
    0xC0, 0x03, 0xDE, 0x00, 0x0F, 0xE0, 0x03, 0xFF, 0xE0, 0x7F, 0xFF, 0xC7, 0xFF, 0xFF, 0x7C, 0x38,
    0x7B, 0xC1, 0xC1, 0xFC, 0x0E, 0x0F, 0xE0, 0x70, 0x7F, 0x03, 0x83, 0xF8, 0x1C, 0x1F, 0xC0, 0xE0,
    0xFE, 0x07, 0x07, 0xF0, 0x38, 0x3C, 0x3F, 0xFF, 0x8F, 0xFF, 0xC1, 0xFF, 0xF0, 0x38, 0x78, 0x0F,
    0x1C, 0x01, 0xCF, 0x00, 0x7B, 0x80, 0x3F, 0xF0, 0x3F, 0xFF, 0x1F, 0xFF, 0xE7, 0x9E, 0x7F, 0xC7,
    0x8F, 0xE1, 0xE1, 0xF8, 0x78, 0x7E, 0x1E, 0x1F, 0x87, 0x87, 0x60, 0x3F, 0xFF, 0xE3, 0xC0, 0xFF,
    0xFF, 0xCF, 0x01, 0xFF, 0xFE, 0x3C, 0x07, 0xC0, 0xF0, 0xF0, 0x0F, 0x03, 0xC3, 0xC0, 0x1C, 0x1E,
    0x0F, 0x00, 0x78, 0x70, 0x3C, 0x00, 0xF3, 0xC0, 0xF0, 0x01, 0xCE, 0x03, 0xC0, 0x07, 0xF8, 0x0F,
    0xFF, 0xFF, 0xF8, 0x3F, 0xFF, 0xFF, 0xF8, 0xFF, 0xFF, 0xFF, 0xF3, 0xC1, 0xE1, 0xE3, 0xEF, 0x07,
    0x07, 0x87, 0xBC, 0x3C, 0x1E, 0x0E, 0xF0, 0xF0, 0x78, 0x3B, 0xC3, 0xC1, 0xE0, 0xEF, 0x0F, 0x07,
    0x83, 0xBC, 0x3C, 0x1E, 0x0E, 0xF0, 0xF0, 0x78, 0x3B, 0xC3, 0xC1, 0xE0, 0xE0, 0xE0, 0xFF, 0xFE,
    0x70, 0x3F, 0xFF, 0x38, 0x1F, 0xFF, 0x1C, 0x07, 0x87, 0x0E, 0x01, 0xC7, 0x87, 0x00, 0xF3, 0x83,
    0x80, 0x3B, 0xC1, 0xFF, 0xFF, 0xF0, 0xFF, 0xFF, 0xFE, 0x7F, 0xFF, 0xFF, 0xB8, 0x78, 0xE3, 0xDC,
    0x38, 0x70, 0xFE, 0x1C, 0x38, 0x7F, 0x0E, 0x1C, 0x1F, 0x87, 0x0E, 0x0F, 0xC3, 0x87, 0x07, 0x18,
    0x30, 0x71, 0xC0, 0xEE, 0x01, 0xF0, 0x03, 0x80, 0x00, 0x03, 0xE0, 0x1F, 0xF0, 0x7F, 0xF0, 0xFF,
    0xC0, 0x07, 0x80, 0x1E, 0x00, 0x78, 0x01, 0xE0, 0x07, 0x80, 0x7C, 0x1F, 0xE0, 0x7F, 0x81, 0xFF,
    0x00, 0x1E, 0x00, 0x78, 0x00, 0xE0, 0x03, 0x80, 0x1E, 0x00, 0x78, 0x07, 0xE3, 0xFF, 0x1F, 0xF8,
    0xFF, 0x03, 0xC0, 0x0F, 0x00, 0x1E, 0x00, 0x7C, 0x00, 0xF0, 0x00, 0x80, 0x00, 0x79, 0xE3, 0xDC,
    0x1F, 0x80, 0xF0, 0x00, 0x00, 0x00, 0x7F, 0x87, 0xFE, 0x7F, 0xE0, 0x0F, 0x00, 0x70, 0x07, 0x01,
    0xE3, 0xFE, 0x3F, 0xE1, 0xFF, 0x00, 0x70, 0x07, 0x00, 0x70, 0xFF, 0x7F, 0xE7, 0xFC, 0xF0, 0x0E,
    0x00, 0xE0, 0x0F, 0xC0, 0x7C, 0x03, 0xC0, 0x60, 0x70, 0x3F, 0x03, 0x81, 0xF8, 0x1C, 0x0F, 0xC0,
    0xE0, 0x7E, 0x07, 0x03, 0xF0, 0x38, 0x1F, 0x81, 0xC0, 0xFC, 0x0E, 0x07, 0xF0, 0x70, 0x3F, 0x83,
    0x81, 0xDC, 0x1C, 0x1E, 0xF0, 0xE0, 0xE3, 0xC7, 0x1F, 0x1F, 0xFF, 0xF0, 0x3F, 0xFF, 0x00, 0x7F,
    0xE0, 0x00, 0x70, 0x00, 0x03, 0x80, 0x00, 0x1C, 0x00, 0x00, 0xE0, 0x00, 0x07, 0x00, 0x00, 0x38,
    0x00, 0x00, 0xE0, 0x00, 0x1C, 0x00, 0x03, 0x80, 0x00, 0x70, 0x0E, 0x0E, 0x1F, 0xC1, 0xC3, 0xF8,
    0x38, 0x7F, 0x07, 0x0F, 0xE0, 0xE1, 0xFC, 0x1C, 0x3F, 0x83, 0x87, 0xF0, 0x70, 0xFE, 0x0E, 0x1F,
    0xC1, 0xC3, 0xF8, 0x38, 0x77, 0x87, 0x0E, 0x78, 0xE3, 0xCF, 0xDD, 0xF0, 0xFF, 0xFC, 0x0F, 0xFF,
    0x00, 0x3F, 0x00, 0x01, 0xC0, 0x00, 0x38, 0x00, 0x07, 0x00, 0x00, 0xE0, 0x00, 0x1C, 0x00, 0x01,
    0xF8, 0x00, 0x7F, 0xE0, 0x0F, 0xFF, 0x01, 0xF8, 0xF8, 0x3C, 0x03, 0xC3, 0x80, 0x1E, 0x78, 0x01,
    0xE7, 0x00, 0x0E, 0x70, 0x00, 0xFF, 0x00, 0x0F, 0xFF, 0xFF, 0xFF, 0xFF, 0xFF, 0xFF, 0xFF, 0xFF,
    0x00, 0x0F, 0x70, 0x00, 0xF7, 0x00, 0x0E, 0x78, 0x01, 0xE3, 0xC0, 0x1E, 0x3E, 0x07, 0xC1, 0xFF,
    0xF8, 0x0F, 0xFF, 0x00, 0x7F, 0xE0, 0x00, 0xF0, 0x00, 0x0F, 0xE0, 0x3F, 0xE0, 0xFF, 0xE3, 0xC1,
    0xE7, 0x01, 0xFE, 0x03, 0xFF, 0x83, 0xFF, 0xFF, 0xFF, 0xFF, 0xE3, 0xFF, 0xC0, 0x3B, 0x80, 0xF7,
    0x83, 0xCF, 0x8F, 0x8F, 0xFE, 0x0F, 0xF8, 0x03, 0x80, 0x60, 0x00, 0x77, 0x00, 0x0F, 0x70, 0x01,
    0xF7, 0x80, 0x1E, 0x38, 0x01, 0xC3, 0xC0, 0x3C, 0x3C, 0x03, 0x81, 0xC0, 0x38, 0x1E, 0x07, 0x81,
    0xE0, 0x70, 0x0E, 0x0F, 0x00, 0xF0, 0xF0, 0x07, 0x0E, 0x00, 0x71, 0xE0, 0x07, 0x9C, 0x00, 0x39,
    0xC0, 0x03, 0xBC, 0x00, 0x3F, 0x80, 0x01, 0xF8, 0x00, 0x1F, 0x80, 0x01, 0xF0, 0x00, 0x0F, 0x00,
    0x70, 0x07, 0xB8, 0x07, 0xDE, 0x07, 0xE7, 0x03, 0x83, 0x83, 0xC1, 0xE1, 0xC0, 0x70, 0xE0, 0x38,
    0xF0, 0x1E, 0x70, 0x07, 0x38, 0x03, 0xBC, 0x01, 0xFC, 0x00, 0x7E, 0x00, 0x3E, 0x00, 0x0F, 0x00,
    0x07, 0x80, 0x0E, 0x70, 0x00, 0xF7, 0x80, 0x07, 0x38, 0x00, 0x39, 0xC0, 0x01, 0x98, 0x00, 0x00,
    0x00, 0x60, 0x00, 0x77, 0x00, 0x0F, 0x70, 0x01, 0xF7, 0x80, 0x1E, 0x38, 0x01, 0xC3, 0xC0, 0x3C,
    0x3C, 0x03, 0x81, 0xC0, 0x38, 0x1E, 0x07, 0x81, 0xE0, 0x70, 0x0E, 0x0F, 0x00, 0xF0, 0xF0, 0x07,
    0x0E, 0x00, 0x71, 0xE0, 0x07, 0x9C, 0x00, 0x39, 0xC0, 0x03, 0xBC, 0x00, 0x3F, 0x80, 0x01, 0xF8,
    0x00, 0x1F, 0x80, 0x01, 0xF0, 0x00, 0x0F, 0x00, 0x79, 0xC0, 0x1E, 0xE0, 0x07, 0x38, 0x01, 0xDC,
    0x00, 0x66, 0x00, 0x00, 0x01, 0xC0, 0x1E, 0xE0, 0x1F, 0x78, 0x1F, 0x9C, 0x0E, 0x0E, 0x0F, 0x07,
    0x87, 0x01, 0xC3, 0x80, 0xE3, 0xC0, 0x79, 0xC0, 0x1C, 0xE0, 0x0E, 0xF0, 0x07, 0xF0, 0x01, 0xF8,
    0x00, 0xF8, 0x00, 0x3C, 0x00, 0x1E, 0x00, 0x01, 0xF8, 0x00, 0x00, 0x00, 0x3F, 0xF0, 0x00, 0x00,
    0x03, 0xFF, 0xC0, 0x00, 0x00, 0x3F, 0x1F, 0x00, 0x00, 0x03, 0xC0, 0x3C, 0x00, 0x00, 0x1C, 0x00,
    0xF0, 0x00, 0x01, 0xE0, 0x07, 0x8E, 0x01, 0xEE, 0x00, 0x1C, 0x70, 0x0E, 0x70, 0x00, 0xF3, 0xC0,
    0x77, 0x80, 0x07, 0x8E, 0x07, 0xBC, 0x00, 0x1C, 0x78, 0x39, 0xE0, 0x00, 0xE1, 0xC1, 0xCF, 0x00,
    0x07, 0x0E, 0x1E, 0x78, 0x00, 0x78, 0x78, 0xE1, 0xC0, 0x03, 0xC1, 0xCF, 0x0E, 0x00, 0x1C, 0x0E,
    0x70, 0x78, 0x01, 0xE0, 0x7B, 0x81, 0xE0, 0x0F, 0x01, 0xFC, 0x0F, 0x81, 0xF0, 0x0F, 0xC0, 0x3F,
    0xFF, 0x00, 0x3E, 0x00, 0xFF, 0xF0, 0x01, 0xF0, 0x03, 0xFF, 0x00, 0x0F, 0x00, 0x03, 0xC0, 0x00,
    0x78, 0x00, 0x00, 0x00, 0x03, 0x80, 0x00, 0x00, 0x00, 0x1C, 0x00, 0x00, 0x00, 0x0F, 0xE0, 0x00,
    0x00, 0x00, 0x7E, 0x00, 0x00, 0x00, 0x03, 0xE0, 0x00, 0x00, 0x00, 0x00, 0x00, 0x00, 0x0F, 0xE0,
    0xF0, 0x0E, 0x3F, 0xE1, 0xE0, 0x3C, 0xFF, 0xE1, 0xC0, 0x7B, 0xC1, 0xE3, 0xC0, 0xE7, 0x01, 0xE3,
    0x83, 0xDE, 0x03, 0xC7, 0x07, 0x38, 0x03, 0x8F, 0x0E, 0x70, 0x07, 0x0E, 0x3C, 0xE0, 0x0E, 0x1C,
    0x71, 0xC0, 0x1C, 0x3D, 0xE3, 0xC0, 0x38, 0x3B, 0x83, 0x80, 0xF0, 0x77, 0x07, 0x83, 0xC0, 0x7E,
    0x0F, 0x8F, 0x80, 0xF8, 0x0F, 0xFE, 0x01, 0xF0, 0x0F, 0xF8, 0x01, 0xE0, 0x03, 0x80, 0x03, 0x80,
    0x00, 0x00, 0x0F, 0x00, 0x00, 0x00, 0x1C, 0x00, 0x00, 0x01, 0xF8, 0x00, 0x00, 0x07, 0xE0, 0x00,
    0x00, 0x0F, 0x80, 0x00, 0x00, 0x00, 0x00, 0x00, 0x01, 0xF8, 0x01, 0xFF, 0x81, 0xFF, 0xF0, 0xFC,
    0x7E, 0x3C, 0x07, 0xDE, 0x00, 0xF7, 0x00, 0x1D, 0xC0, 0x00, 0xF0, 0x00, 0x3C, 0x00, 0x0F, 0x00,
    0x03, 0xC0, 0x00, 0xF0, 0x00, 0x1C, 0x00, 0x77, 0x80, 0x1D, 0xE0, 0x0F, 0x3E, 0x07, 0xC7, 0xFF,
    0xF0, 0xFF, 0xFC, 0x1F, 0xE7, 0x00, 0x01, 0xC0, 0x00, 0x70, 0x0F, 0xE0, 0x7F, 0xC3, 0xFF, 0x9E,
    0x0F, 0x70, 0x1F, 0xC0, 0x3E, 0x00, 0x38, 0x00, 0xE0, 0x03, 0x80, 0x0F, 0x00, 0x1C, 0x00, 0x78,
    0x01, 0xF0, 0x03, 0xF8, 0x07, 0xE0, 0x03, 0x80, 0x0E, 0x00, 0x38, 0x00, 0xE0, 0x03, 0x80, 0x00,
    0x00, 0x00, 0x0E, 0x00, 0x1C, 0x06, 0x3C, 0x0F, 0xB8, 0x07, 0xF8, 0x03, 0xF0, 0x00, 0xFC, 0x00,
    0xFE, 0x01, 0xCF, 0x63, 0xC6, 0xFB, 0x80, 0x7F, 0x80, 0x1F, 0x00, 0x0F, 0xC0, 0x0F, 0xE0, 0x1C,
    0xF0, 0x3C, 0x60, 0x38, 0x00, 0x78, 0x00, 0x00, 0xFF, 0xFF, 0xFF, 0xFF, 0xFE, 0x00, 0x00, 0x00,
    0x00, 0x80, 0x7E, 0x7F, 0xFF, 0xE7, 0x70, 0x30, 0x6E, 0xE7, 0x72, 0x77, 0x7F, 0xE4, 0x18, 0x07,
    0xF0, 0xFF, 0xFE, 0x3F, 0xC0, 0xF0, 0x00, 0x0F, 0x00, 0x00, 0x00, 0xFC, 0x00, 0x00, 0x06, 0x60,
    0x00, 0x00, 0x00, 0x00, 0x00, 0xF0, 0x00, 0xF8, 0x0F, 0xC0, 0x0F, 0xE0, 0x66, 0x00, 0x77, 0x00,
    0x00, 0x00, 0x00, 0x00, 0x00, 0x00, 0x00, 0x00, 0x00, 0x00, 0x00, 0x00, 0x00, 0x00, 0xF0, 0x00,
    0x03, 0xCF, 0xC0, 0x00, 0x3F, 0x67, 0x00, 0x01, 0x98, 0x00, 0x00, 0x00, 0x00, 0x00, 0x00, 0x00,
    0x00, 0x00, 0x00, 0x00, 0x00, 0x00, 0x00, 0x01, 0x80, 0x01, 0x80, 0x3E, 0x00, 0x1F, 0x01, 0xB8,
    0x01, 0xDC, 0x0C, 0xC0, 0x0C, 0x60, 0x00, 0x08, 0x00, 0x00, 0x01, 0xF0, 0x00, 0x00, 0x1F, 0x80,
    0x00, 0x00, 0xCC, 0x00, 0x00, 0x00, 0x00, 0x00, 0x00, 0x00, 0x70, 0x00, 0x00, 0x07, 0x00, 0x00,
    0x00, 0x60, 0x00, 0x04, 0x0E, 0x00, 0x00, 0xE0, 0xE0, 0x30, 0x07, 0x00, 0x0F, 0x00, 0x70, 0x01,
    0xE0, 0x03, 0x80, 0x1C, 0x00, 0x30, 0x00, 0x00, 0x00, 0x00, 0x00, 0x00, 0x00, 0x00, 0x00, 0x00,
    0x00, 0x00, 0x0F, 0xC0, 0x00, 0x38, 0x7C, 0x00, 0x03, 0xE1, 0xC0, 0x00, 0x1E, 0x00, 0x00, 0x00,
    0x00, 0x00, 0x00, 0x00, 0x00, 0x00, 0x00, 0x00, 0x00, 0x00, 0x00, 0x01, 0x00, 0x1C, 0x00, 0x78,
    0x01, 0xC0, 0x0F, 0x80, 0x0E, 0x01, 0xE0, 0x70, 0x60, 0x00, 0x06, 0x06, 0x00, 0x00, 0xE0, 0x00,
    0x00, 0x0E, 0x00, 0x00, 0x00, 0xC0, 0x00, 0x0E, 0x18, 0x00, 0x39, 0xC0, 0x01, 0xFE, 0x00, 0x07,
    0xE0, 0x00, 0x00, 0x00, 0x00, 0x00, 0x01, 0x80, 0x0E, 0x1E, 0x00, 0xF8, 0xF0, 0x07, 0xC7, 0x80,
    0x7E, 0x3C, 0x07, 0xF1, 0xE0, 0x3F, 0x8F, 0x03, 0xFC, 0x78, 0x3D, 0xE3, 0xC1, 0xEF, 0x1E, 0x1E,
    0x78, 0xF0, 0xE3, 0xC7, 0x8F, 0x1E, 0x3C, 0xF0, 0xF1, 0xE7, 0x07, 0x8F, 0x78, 0x3C, 0x77, 0x81,
    0xE3, 0xBC, 0x0F, 0x1F, 0xC0, 0x78, 0xFC, 0x03, 0xC7, 0xE0, 0x1F, 0xBE, 0x00, 0xFD, 0xE0, 0x07,
    0xE0, 0x00, 0x0F, 0x00, 0x00, 0x70, 0x00, 0x03, 0x80, 0x00, 0x3C, 0x00, 0x01, 0xC0, 0x38, 0xE0,
    0x38, 0xE0, 0x1F, 0xC0, 0x0F, 0x80, 0x00, 0x00, 0x00, 0x00, 0xE0, 0x38, 0xE0, 0x78, 0xE0, 0x78,
    0xE0, 0xF8, 0xE1, 0xF8, 0xE1, 0xF8, 0xE3, 0xB8, 0xE7, 0xB8, 0xE7, 0x38, 0xEE, 0x38, 0xFE, 0x38,
    0xFC, 0x38, 0xF8, 0x38, 0xF8, 0x3F, 0xF0, 0x3F, 0xE0, 0x3E, 0x00, 0x0E, 0x00, 0x0E, 0x00, 0x1E,
    0x00, 0x1C, 0x00, 0x1C, 0x0C, 0x00, 0x03, 0xC0, 0x00, 0x78, 0x00, 0x0F, 0x00, 0x0F, 0xFF, 0x01,
    0xFF, 0xE0, 0x3F, 0xFC, 0x00, 0xF0, 0x00, 0x1E, 0x00, 0x03, 0xFF, 0xC0, 0x7F, 0xFE, 0x0F, 0xFF,
    0xE1, 0xE0, 0x3C, 0x3C, 0x03, 0xC7, 0x80, 0x78, 0xF0, 0x07, 0x1E, 0x01, 0xE3, 0xC0, 0x3C, 0x78,
    0x0F, 0x0F, 0xFF, 0xE1, 0xFF, 0xF8, 0x3F, 0xFC, 0x00, 0x0E, 0x00, 0x0F, 0x00, 0x07, 0x80, 0x03,
    0xC0, 0x0F, 0xFF, 0x07, 0xFF, 0x83, 0xFF, 0x80, 0x3C, 0x00, 0x1E, 0x00, 0x0F, 0xF0, 0x07, 0xFF,
    0x03, 0xFF, 0xE1, 0xFF, 0xF0, 0xF0, 0x3C, 0x78, 0x1E, 0x3C, 0x0F, 0x1E, 0x07, 0x0F, 0xFF, 0x87,
    0xFF, 0x83, 0xFF, 0x80, 0x7F, 0x80, 0xFF, 0xF0, 0xFF, 0xFC, 0xFF, 0xFC, 0xF0, 0x1E, 0xF0, 0x0E,
    0xF0, 0x0E, 0xF0, 0x0E, 0xF0, 0x4E, 0xF0, 0xEE, 0xF0, 0xFE, 0xFF, 0xFC, 0xFF, 0xF8, 0xFF, 0xF8,
    0xFF, 0x9C, 0xF0, 0x1C, 0xF0, 0x00, 0xF0, 0x00, 0xF0, 0x00, 0xF0, 0x00, 0xF0, 0x00, 0xF0, 0x00,
    0xEF, 0xE1, 0xFF, 0xE3, 0xFF, 0xE7, 0xC1, 0xEF, 0x03, 0xDC, 0x03, 0xB8, 0x07, 0x70, 0x0F, 0xE0,
    0x1F, 0xC0, 0x3B, 0x81, 0x77, 0x87, 0xEF, 0x0F, 0xDF, 0x9F, 0x3F, 0xFE, 0x77, 0xFE, 0xE3, 0x9D,
    0xC0, 0x03, 0x80, 0x07, 0x00, 0x0E, 0x00, 0x1C, 0x00, 0x00, 0x00, 0x1C, 0x00, 0xF0, 0x03, 0xC0,
    0x0F, 0x7F, 0xFF, 0xFF, 0xFF, 0xFF, 0xFF, 0xFE, 0xF0, 0x03, 0xC0, 0x0F, 0x00, 0x3C, 0x00, 0xF0,
    0x03, 0xC0, 0x0F, 0x00, 0x3C, 0x00, 0xF0, 0x03, 0xC0, 0x0F, 0x00, 0x3C, 0x00, 0xF0, 0x03, 0xC0,
    0x0F, 0x00, 0x3C, 0x00, 0xF0, 0x03, 0xC0, 0x00, 0x01, 0xC0, 0x38, 0x07, 0x00, 0xEF, 0xFD, 0xFF,
    0xBF, 0xF7, 0x00, 0xE0, 0x1C, 0x03, 0x80, 0x70, 0x0E, 0x01, 0xC0, 0x38, 0x07, 0x00, 0xE0, 0x1C,
    0x03, 0x80, 0x70, 0x00, 0x0F, 0xFF, 0x0F, 0xFF, 0xC7, 0xFF, 0xE3, 0xFF, 0xE1, 0xE0, 0x00, 0xF0,
    0x00, 0x78, 0x00, 0x3C, 0x00, 0x1E, 0x00, 0x0F, 0x00, 0x3F, 0xFE, 0x1F, 0xFF, 0x07, 0xFF, 0x80,
    0xF0, 0x00, 0x78, 0x00, 0x3C, 0x00, 0x1E, 0x00, 0x0F, 0x00, 0x07, 0x80, 0x03, 0xC0, 0x01, 0xE0,
    0x00, 0xF0, 0x00, 0x3F, 0xF1, 0xFF, 0x8F, 0xFC, 0x70, 0x03, 0x80, 0x1C, 0x00, 0xE0, 0x1F, 0xF8,
    0xFF, 0xC7, 0xFC, 0x0E, 0x00, 0x70, 0x03, 0x80, 0x1C, 0x00, 0xE0, 0x07, 0x00, 0x7F, 0xF8, 0xFF,
    0xFC, 0xFF, 0xFC, 0xFF, 0xF8, 0xF0, 0x00, 0xF0, 0x00, 0xF0, 0x00, 0xF0, 0x00, 0xF0, 0x00, 0xFF,
    0xF0, 0xFF, 0xF8, 0xFF, 0xFC, 0xF8, 0x1E, 0xF0, 0x0E, 0xF0, 0x0F, 0xF0, 0x0F, 0xF0, 0x0F, 0xF0,
    0x0F, 0xF0, 0x0E, 0xF0, 0x1E, 0xF3, 0xFC, 0xF3, 0xFC, 0x03, 0xF0, 0x03, 0xC0, 0xFF, 0xC7, 0xFE,
    0x3F, 0xF1, 0xC0, 0x0E, 0x00, 0x70, 0x03, 0x80, 0x1D, 0xF0, 0xFF, 0xE7, 0xFF, 0x3C, 0x3D, 0xC0,
    0xEE, 0x07, 0xF0, 0x3F, 0x81, 0xFC, 0x0E, 0x00, 0x70, 0x07, 0x83, 0xF8, 0x1F, 0x80, 0xF0, 0x00,
    0x78, 0x06, 0x01, 0xC3, 0xC0, 0x78, 0x1E, 0x0F, 0x03, 0xC0, 0xF0, 0x38, 0x1E, 0x0F, 0x01, 0xE0,
    0xF0, 0x78, 0x07, 0x87, 0x87, 0x80, 0x3C, 0x3C, 0x38, 0x00, 0xF1, 0xE3, 0xC0, 0x03, 0x8F, 0x3C,
    0x00, 0x1E, 0x79, 0xE0, 0x00, 0x7F, 0xFE, 0x00, 0x03, 0xFF, 0xF0, 0x00, 0x3F, 0xFF, 0xC0, 0x01,
    0xC7, 0x9E, 0x00, 0x1E, 0x3C, 0x78, 0x01, 0xE1, 0xE1, 0xC0, 0x0F, 0x0F, 0x0F, 0x00, 0xF0, 0x78,
    0x3C, 0x0F, 0x03, 0xC1, 0xE0, 0x78, 0x1E, 0x07, 0xE7, 0x80, 0xF0, 0x1F, 0xB8, 0x07, 0x80, 0xFC,
    0x00, 0x00, 0x01, 0xE0, 0x00, 0x00, 0x0F, 0x00, 0x00, 0x00, 0x78, 0x00, 0x00, 0x03, 0xC0, 0x00,
    0x00, 0x1C, 0x78, 0x38, 0x1E, 0x78, 0x38, 0x3C, 0x3C, 0x38, 0x78, 0x1E, 0x38, 0xF0, 0x0F, 0x38,
    0xE0, 0x07, 0x39, 0xE0, 0x03, 0xBB, 0xC0, 0x03, 0xFF, 0x80, 0x03, 0xFF, 0x80, 0x03, 0xFF, 0xC0,
    0x07, 0xB9, 0xE0, 0x0F, 0x39, 0xE0, 0x1E, 0x38, 0xF0, 0x3C, 0x38, 0x7F, 0x3C, 0x38, 0x3F, 0x78,
    0x38, 0x1F, 0x00, 0x00, 0x07, 0x00, 0x00, 0x07, 0x00, 0x00, 0x07, 0x00, 0x00, 0x07, 0x00, 0x00,
    0x07, 0x07, 0xE0, 0x1F, 0xF0, 0x3F, 0xFC, 0x3C, 0x3C, 0x78, 0x1E, 0x70, 0x1E, 0x70, 0x1E, 0x00,
    0x1E, 0x00, 0x1C, 0x00, 0x7C, 0x03, 0xF8, 0x03, 0xF8, 0x03, 0xFC, 0x00, 0x1E, 0x00, 0x0E, 0x00,
    0x0F, 0xF0, 0x0F, 0xF0, 0x0E, 0x78, 0x1E, 0x7E, 0x7E, 0x3F, 0xFC, 0x1F, 0xF0, 0x03, 0xC0, 0x01,
    0xE0, 0x01, 0xF0, 0x00, 0x70, 0x03, 0xF0, 0x03, 0xE0, 0x1F, 0x87, 0xFE, 0x7F, 0xEF, 0x0F, 0xE0,
    0x70, 0x0F, 0x01, 0xE0, 0xFC, 0x0F, 0xE0, 0x1F, 0x00, 0x70, 0x07, 0xE0, 0x7F, 0x9F, 0x7F, 0xE3,
    0xFC, 0x06, 0x00, 0x78, 0x07, 0xC0, 0x1C, 0x0F, 0xC0, 0xF8, 0x60, 0x07, 0x3C, 0x03, 0xCF, 0x01,
    0xE3, 0xC0, 0x78, 0xF0, 0x3C, 0x3C, 0x1E, 0x0F, 0x0F, 0x03, 0xC3, 0xC0, 0xF1, 0xE0, 0x3C, 0xF0,
    0x0F, 0xF8, 0x03, 0xFE, 0x00, 0xFF, 0xC0, 0x3C, 0x78, 0x0F, 0x1E, 0x03, 0xC3, 0xC0, 0xF0, 0x78,
    0x3C, 0x0F, 0x0F, 0x03, 0xC3, 0xC0, 0x7F, 0xF0, 0x0F, 0xFC, 0x01, 0xF0, 0x00, 0x1C, 0x00, 0x07,
    0x00, 0x01, 0xC0, 0x00, 0x70, 0x00, 0x1C, 0xE0, 0x79, 0xC1, 0xF3, 0x83, 0xC7, 0x0F, 0x0E, 0x3C,
    0x1C, 0xF0, 0x3B, 0xC0, 0x7F, 0x80, 0xFF, 0x01, 0xFF, 0x03, 0x9E, 0x07, 0x1E, 0x0E, 0x1E, 0x1C,
    0x1F, 0xB8, 0x3F, 0xF0, 0x3F, 0x00, 0x1E, 0x00, 0x3C, 0x00, 0x78, 0x00, 0xF0, 0x01, 0xE0, 0x60,
    0x07, 0x78, 0x07, 0xBC, 0x03, 0xDE, 0x03, 0xCF, 0x01, 0xE7, 0x81, 0xE3, 0xD8, 0xE1, 0xFE, 0xF0,
    0xFF, 0x70, 0x7F, 0xF8, 0x3F, 0xF8, 0x1F, 0xFC, 0x0F, 0xFF, 0x07, 0xFF, 0x83, 0xFD, 0xE1, 0xFE,
    0xF0, 0xF6, 0x3C, 0x78, 0x0E, 0x3C, 0x07, 0x9E, 0x01, 0xCF, 0x00, 0xF7, 0x80, 0x3C, 0xE0, 0x1F,
    0xC0, 0x7B, 0x80, 0xE7, 0x03, 0xCE, 0xEF, 0x1D, 0xDC, 0x3B, 0xF8, 0x7F, 0xE0, 0xFF, 0xC1, 0xFF,
    0xC3, 0xBB, 0x87, 0x77, 0x8E, 0xE7, 0x9C, 0x07, 0x38, 0x0F, 0x70, 0x0F, 0xFF, 0x80, 0x1D, 0xFF,
    0x00, 0x7B, 0xFE, 0x01, 0xE0, 0x1C, 0x07, 0x80, 0x38, 0x0F, 0x00, 0x70, 0x3C, 0x00, 0xE0, 0xF0,
    0x01, 0xC3, 0xC0, 0x03, 0x87, 0x80, 0x07, 0x1E, 0x00, 0x0F, 0xF8, 0x00, 0x1F, 0xF0, 0x00, 0x3F,
    0xF0, 0x00, 0x71, 0xF0, 0x00, 0xE1, 0xE0, 0x01, 0xC1, 0xE0, 0x03, 0x81, 0xE0, 0x07, 0x03, 0xE0,
    0x0E, 0x03, 0xC0, 0x1C, 0x03, 0xC0, 0x38, 0x03, 0xC0, 0x70, 0x07, 0xC0, 0xFF, 0x03, 0xFF, 0xC1,
    0xEF, 0xF0, 0xF0, 0x3C, 0x7C, 0x0F, 0x1E, 0x03, 0xCF, 0x00, 0xF7, 0x80, 0x3F, 0xC0, 0x0F, 0xF0,
    0x03, 0xFE, 0x00, 0xF3, 0xC0, 0x3C, 0x78, 0x0F, 0x1E, 0x03, 0xC3, 0xC0, 0xF0, 0x78, 0x3C, 0x0F,
    0x60, 0x03, 0x8F, 0x00, 0x38, 0xF0, 0x03, 0x8F, 0x00, 0x38, 0xF0, 0x03, 0x8F, 0x00, 0x38, 0xF0,
    0x03, 0x8F, 0x00, 0x38, 0xF0, 0x03, 0x8F, 0x00, 0x38, 0xFF, 0xFF, 0x8F, 0xFF, 0xF8, 0xFF, 0xFF,
    0x8F, 0x00, 0x38, 0xF0, 0x03, 0x8F, 0x00, 0x38, 0xF0, 0x03, 0x8F, 0x00, 0x38, 0xF0, 0x03, 0x8F,
    0x00, 0x3E, 0xF0, 0x03, 0xEF, 0x00, 0x3E, 0x00, 0x00, 0xE0, 0x00, 0x0E, 0x00, 0x00, 0xE0, 0x00,
    0x0E, 0x00, 0x00, 0xE0, 0xE0, 0x39, 0xC0, 0x73, 0x80, 0xE7, 0x01, 0xCE, 0x03, 0x9C, 0x07, 0x3F,
    0xFE, 0x7F, 0xFC, 0xFF, 0xF9, 0xC0, 0x73, 0x80, 0xE7, 0x01, 0xCE, 0x03, 0x9C, 0x07, 0xF8, 0x0F,
    0xF0, 0x1F, 0x00, 0x0E, 0x00, 0x1C, 0x00, 0x38, 0x00, 0x70, 0x00, 0xE0, 0x60, 0x03, 0xFF, 0xBC,
    0x00, 0xFF, 0xFF, 0x00, 0x3F, 0xFF, 0xC0, 0x0E, 0x00, 0xF0, 0x03, 0x80, 0x3C, 0x00, 0xE0, 0x0F,
    0x00, 0x38, 0x03, 0xC0, 0x0E, 0x00, 0xF0, 0x03, 0x80, 0x3C, 0x00, 0xE0, 0x0F, 0xFF, 0xF8, 0x03,
    0xFF, 0xFE, 0x00, 0xFF, 0xFF, 0x80, 0x3C, 0x00, 0xE0, 0x0F, 0x00, 0x38, 0x03, 0xC0, 0x0E, 0x00,
    0xF0, 0x03, 0x80, 0x3C, 0x00, 0xE0, 0x0F, 0x00, 0x38, 0x03, 0xC0, 0x0E, 0x00, 0xF0, 0x03, 0x80,
    0x3C, 0x00, 0xE0, 0x00, 0xE0, 0x3F, 0xF8, 0x0F, 0xFE, 0x03, 0xFB, 0x80, 0xE0, 0xE0, 0x38, 0x38,
    0x0E, 0x0F, 0xFF, 0x83, 0xFF, 0xE0, 0xFF, 0xF8, 0x38, 0x0E, 0x0E, 0x03, 0x83, 0x80, 0xE0, 0xE0,
    0x38, 0x38, 0x0E, 0x0E, 0x03, 0x83, 0x80, 0xE0, 0x7F, 0xFF, 0x80, 0x07, 0xFF, 0xFC, 0x00, 0x3F,
    0xFF, 0xE0, 0x01, 0xFF, 0xFF, 0x00, 0x0F, 0x00, 0x38, 0x00, 0x78, 0x01, 0xC0, 0x03, 0xC0, 0x0E,
    0x00, 0x1E, 0x00, 0x70, 0x00, 0xF0, 0x03, 0x80, 0x07, 0x80, 0x1D, 0xFC, 0x3C, 0x00, 0xFF, 0xF9,
    0xE0, 0x07, 0xFF, 0xEF, 0x00, 0x3E, 0x0F, 0x78, 0x01, 0xE0, 0x3F, 0xC0, 0x0E, 0x01, 0xFE, 0x00,
    0x70, 0x07, 0xF0, 0x03, 0x80, 0x3F, 0x80, 0x1C, 0x01, 0xFC, 0x00, 0xE0, 0x1F, 0xE0, 0x07, 0x01,
    0xEF, 0x00, 0x38, 0xFF, 0x78, 0x01, 0xCF, 0xF0, 0x00, 0x00, 0x7F, 0x00, 0x00, 0x01, 0xC0, 0xFF,
    0xF8, 0x00, 0xFF, 0xF8, 0x00, 0xFF, 0xF8, 0x00, 0xE0, 0x38, 0x00, 0xE0, 0x38, 0x00, 0xE0, 0x38,
    0x00, 0xE0, 0x38, 0x00, 0xE0, 0x3F, 0xF0, 0xE0, 0x3F, 0xF8, 0xE0, 0x3F, 0xFC, 0xE0, 0x38, 0x1E,
    0xE0, 0x38, 0x0E, 0xE0, 0x38, 0x0F, 0xE0, 0x38, 0x0F, 0xE0, 0x38, 0x0F, 0xE0, 0x38, 0x0E, 0x00,
    0x00, 0x1E, 0x00, 0x00, 0x7C, 0x00, 0x00, 0xFC, 0x00, 0x00, 0x70, 0x00, 0x00, 0x00, 0x01, 0xC0,
    0x00, 0x00, 0xF8, 0x00, 0x00, 0x3F, 0x00, 0x00, 0x0F, 0xC0, 0xFC, 0x03, 0xC0, 0x7F, 0xC0, 0x70,
    0x1F, 0xFC, 0x1E, 0x07, 0xC3, 0xC3, 0x80, 0xF0, 0x3C, 0x70, 0x1C, 0x07, 0x9E, 0x07, 0x80, 0x73,
    0xC0, 0xF0, 0x0E, 0x78, 0x1E, 0x01, 0xCF, 0x03, 0xC0, 0x79, 0xE0, 0x38, 0x0F, 0x1C, 0x07, 0x81,
    0xC3, 0x80, 0xF0, 0x78, 0x78, 0x0F, 0x1E, 0x07, 0x81, 0xF7, 0xC0, 0xF8, 0x1F, 0xF0, 0x0F, 0xFF,
    0xFC, 0xE0, 0xFF, 0xFF, 0xFC, 0x07, 0xFF, 0xFF, 0x80, 0x1E, 0x03, 0xC0, 0x0F, 0x00, 0x00, 0xF8,
    0x00, 0x0F, 0xCF, 0xE0, 0xF0, 0xFF, 0x87, 0x0F, 0xFE, 0x78, 0x78, 0xF3, 0xC3, 0x83, 0x9C, 0x3C,
    0x1E, 0xE1, 0xE0, 0xF7, 0x0F, 0x07, 0xBC, 0x38, 0x38, 0xE1, 0xE3, 0xC7, 0x87, 0xBC, 0x1F, 0x3F,
    0xC8, 0xFF, 0xFF, 0xE1, 0xFF, 0xFF, 0x01, 0xE0, 0xE0, 0x01, 0xF8, 0x00, 0xFF, 0xC0, 0x3F, 0xFE,
    0x0F, 0xC7, 0xC3, 0xC0, 0x3C, 0x70, 0x03, 0xDE, 0x00, 0x7B, 0x80, 0x07, 0x70, 0x00, 0x1E, 0x00,
    0x03, 0xC0, 0x00, 0x78, 0x00, 0x0F, 0x00, 0x01, 0xE0, 0x00, 0x1C, 0x00, 0x03, 0x80, 0x07, 0x78,
    0x01, 0xE7, 0x80, 0x38, 0xF8, 0x1F, 0x0F, 0xFF, 0xC0, 0xFF, 0xF0, 0x0F, 0xFC, 0x00, 0x3C, 0x00,
    0x03, 0xC0, 0x00, 0x7C, 0x00, 0x03, 0x80, 0x03, 0xF0, 0x00, 0x7C, 0x00, 0x0F, 0xE0, 0x3F, 0xE0,
    0xFF, 0xE3, 0xC1, 0xE7, 0x01, 0xDE, 0x00, 0x38, 0x00, 0x70, 0x00, 0xE0, 0x01, 0xC0, 0x03, 0xC0,
    0x03, 0x80, 0xE7, 0x83, 0xCF, 0x8F, 0x8F, 0xFE, 0x0F, 0xF8, 0x03, 0x80, 0x07, 0x80, 0x0F, 0x80,
    0x03, 0x00, 0x3E, 0x00, 0x7C, 0x00, 0xFF, 0xFF, 0x7F, 0xFF, 0xFF, 0xFF, 0xEF, 0xFF, 0xE0, 0x1C,
    0x00, 0x0E, 0x00, 0x07, 0x00, 0x03, 0x80, 0x01, 0xC0, 0x00, 0xE0, 0x00, 0x70, 0x00, 0x38, 0x00,
    0x1C, 0x00, 0x0E, 0x00, 0x07, 0x00, 0x03, 0x80, 0x01, 0xC0, 0x00, 0xE0, 0x00, 0x70, 0x00, 0x3E,
    0x00, 0x1F, 0x00, 0x0F, 0x80, 0x01, 0xC0, 0x00, 0xE0, 0x00, 0x70, 0x00, 0x38, 0x00, 0x1C, 0x00,
    0xFF, 0xFF, 0xFF, 0xFF, 0xFF, 0xC1, 0xC0, 0x07, 0x00, 0x1C, 0x00, 0x70, 0x01, 0xC0, 0x07, 0x00,
    0x1C, 0x00, 0x70, 0x01, 0xC0, 0x07, 0x00, 0x1F, 0x00, 0x7C, 0x01, 0xF0, 0x01, 0xC0, 0x07, 0x00,
    0x1C, 0x00, 0x70, 0x01, 0xC0, 0x70, 0x00, 0xEF, 0x00, 0x3D, 0xE0, 0x0F, 0x1E, 0x01, 0xE1, 0xC0,
    0x78, 0x3C, 0x0E, 0x03, 0xC3, 0xC0, 0x78, 0xF0, 0x07, 0x9E, 0x00, 0x77, 0x80, 0x0F, 0xE0, 0x00,
    0xFC, 0x00, 0x0F, 0x00, 0x01, 0xE0, 0x00, 0x3C, 0x00, 0x07, 0x80, 0x00, 0xF0, 0x00, 0x1E, 0x00,
    0x03, 0xC0, 0x00, 0x78, 0x00, 0x0F, 0x00, 0x01, 0xE0, 0x00, 0x70, 0x0F, 0x70, 0x0E, 0x78, 0x1E,
    0x38, 0x1E, 0x38, 0x1C, 0x3C, 0x3C, 0x1C, 0x38, 0x1C, 0x38, 0x1E, 0x78, 0x0E, 0x70, 0x0F, 0x70,
    0x07, 0xE0, 0x07, 0xE0, 0x07, 0xE0, 0x03, 0xC0, 0x03, 0xC0, 0x03, 0xC0, 0x03, 0xC0, 0x03, 0xC0,
    0x03, 0xC0, 0x03, 0xC0, 0x03, 0xC0, 0x70, 0x00, 0xEF, 0x00, 0x3D, 0xE0, 0x0F, 0x1E, 0x01, 0xE1,
    0xC0, 0x78, 0x3C, 0x0E, 0x03, 0xC3, 0xC0, 0x78, 0xF0, 0x07, 0x9E, 0x00, 0x77, 0x80, 0x0F, 0xE0,
    0x00, 0xFC, 0x00, 0x0F, 0x00, 0x01, 0xE0, 0x00, 0x3C, 0x00, 0x7F, 0xF8, 0x0F, 0xFF, 0x01, 0xFF,
    0xE0, 0x03, 0xC0, 0x00, 0x78, 0x00, 0x0F, 0x00, 0x01, 0xE0, 0x00, 0x70, 0x0F, 0x70, 0x0E, 0x78,
    0x1E, 0x38, 0x1E, 0x38, 0x1C, 0x3C, 0x3C, 0x1C, 0x38, 0x1C, 0x38, 0x1E, 0x78, 0x0E, 0x70, 0x0F,
    0x70, 0x07, 0xE0, 0x07, 0xE0, 0x07, 0xE0, 0x03, 0xC0, 0x03, 0xC0, 0x1F, 0xF8, 0x1F, 0xF8, 0x1F,
    0xF8, 0x03, 0xC0, 0x03, 0xC0, 0x03, 0xC0, 0x70, 0x00, 0xC3, 0xC0, 0x0F, 0x0F, 0x00, 0xF0, 0x3C,
    0x0F, 0x01, 0xE0, 0x70, 0x07, 0x87, 0x80, 0x1E, 0x78, 0x00, 0xF3, 0x80, 0x03, 0xFC, 0x00, 0x0F,
    0xC0, 0x00, 0x7C, 0x00, 0x01, 0xE0, 0x00, 0x1F, 0x80, 0x01, 0xFE, 0x00, 0x0E, 0xF0, 0x00, 0xF3,
    0xC0, 0x0F, 0x0F, 0x00, 0xF0, 0x78, 0x07, 0x81, 0xE0, 0x78, 0x07, 0xE7, 0x80, 0x3F, 0x3C, 0x00,
    0xF8, 0x00, 0x01, 0xC0, 0x00, 0x0E, 0x00, 0x00, 0x70, 0x00, 0x03, 0x80, 0x00, 0x1C, 0x78, 0x1E,
    0x1C, 0x1E, 0x0F, 0x0F, 0x03, 0xCF, 0x00, 0xE7, 0x00, 0x7F, 0x00, 0x1F, 0x80, 0x07, 0x80, 0x03,
    0xC0, 0x03, 0xF0, 0x03, 0xF8, 0x01, 0xCE, 0x01, 0xE7, 0x81, 0xE1, 0xF9, 0xE0, 0xFE, 0xF0, 0x3F,
    0x00, 0x07, 0x80, 0x03, 0xC0, 0x01, 0xE0, 0x00, 0xF0, 0x00, 0x78, 0xFF, 0xFF, 0x0E, 0x7F, 0xFF,
    0xC7, 0x3F, 0xFF, 0xE3, 0x80, 0x78, 0x01, 0xC0, 0x1C, 0x00, 0xE0, 0x0E, 0x00, 0x70, 0x07, 0x00,
    0x38, 0x03, 0x80, 0x1C, 0x01, 0xC0, 0x0E, 0x00, 0xE0, 0x07, 0x00, 0x70, 0x03, 0x80, 0x38, 0x01,
    0xC0, 0x1C, 0x00, 0xE0, 0x0E, 0x00, 0x70, 0x07, 0x00, 0x38, 0x03, 0x80, 0x1C, 0x01, 0xC0, 0x0E,
    0x00, 0xE0, 0x07, 0x00, 0x70, 0x03, 0x80, 0x3F, 0xFF, 0xF0, 0x1F, 0xFF, 0xF8, 0x0F, 0xFF, 0xFC,
    0x00, 0x00, 0x0E, 0x00, 0x00, 0x07, 0x00, 0x00, 0x03, 0x80, 0x00, 0x01, 0xC0, 0x00, 0x00, 0xE0,
    0xFF, 0xE3, 0x9F, 0xFC, 0x73, 0xFF, 0x8E, 0x07, 0x01, 0xC0, 0xE0, 0x38, 0x1C, 0x07, 0x03, 0x80,
    0xE0, 0x70, 0x1C, 0x0E, 0x03, 0x81, 0xC0, 0x70, 0x38, 0x0E, 0x07, 0x01, 0xC0, 0xE0, 0x38, 0x1F,
    0xFF, 0xC3, 0xFF, 0xF8, 0x7F, 0xFF, 0x00, 0x00, 0xE0, 0x00, 0x1C, 0x00, 0x03, 0x80, 0x00, 0x70,
    0x00, 0x0E, 0xE0, 0x07, 0x38, 0x01, 0xCE, 0x00, 0x73, 0x80, 0x1C, 0xE0, 0x07, 0x38, 0x01, 0xCE,
    0x00, 0x73, 0x80, 0x1C, 0xE0, 0x07, 0x3C, 0x01, 0xCF, 0x81, 0xF1, 0xFF, 0xFC, 0x3F, 0xFF, 0x07,
    0xFD, 0xC0, 0x00, 0x70, 0x00, 0x1C, 0x00, 0x07, 0x00, 0x01, 0xC0, 0x00, 0x70, 0x00, 0x1F, 0x00,
    0x07, 0xC0, 0x01, 0xF0, 0x00, 0x1C, 0x00, 0x07, 0x00, 0x01, 0xC0, 0x00, 0x70, 0x00, 0x1C, 0xE0,
    0x39, 0xC0, 0x73, 0x80, 0xE7, 0x01, 0xCE, 0x03, 0x9C, 0x07, 0x38, 0x0E, 0x78, 0x1C, 0xFF, 0xF8,
    0xFF, 0xF0, 0xFF, 0xE0, 0x01, 0xC0, 0x03, 0x80, 0x07, 0xC0, 0x0F, 0x80, 0x1F, 0x00, 0x0E, 0x00,
    0x1C, 0x00, 0x38, 0x00, 0x70, 0x00, 0xE0, 0xE0, 0x07, 0xE0, 0x07, 0xE0, 0x07, 0xE0, 0x07, 0xE0,
    0x07, 0xE0, 0x07, 0xE0, 0x07, 0xE1, 0x87, 0xE3, 0x87, 0xF3, 0x87, 0xFB, 0x9F, 0x7F, 0xFF, 0x3F,
    0xFF, 0x1F, 0xF7, 0x03, 0x87, 0x03, 0x87, 0x03, 0x87, 0x00, 0x07, 0x00, 0x07, 0x00, 0x07, 0x00,
    0x07, 0x00, 0x07, 0xE0, 0x3F, 0x01, 0xF8, 0x0F, 0xC0, 0x7E, 0x03, 0xF3, 0x1F, 0x9C, 0xFE, 0xE7,
    0xFF, 0xFB, 0xFF, 0xCF, 0xFE, 0x0E, 0x70, 0x73, 0x83, 0x9C, 0x1C, 0xE0, 0x07, 0x60, 0x00, 0x78,
    0x00, 0x3C, 0x00, 0x1E, 0x00, 0x0F, 0x00, 0x07, 0x80, 0x03, 0xC0, 0x01, 0xE0, 0x00, 0xF1, 0xE0,
    0x7F, 0xFE, 0x3F, 0xFF, 0x9F, 0xEF, 0xEF, 0x00, 0xF7, 0x80, 0x3B, 0xC0, 0x1D, 0xE0, 0x0E, 0xF0,
    0x07, 0x78, 0x03, 0xBC, 0x01, 0xDE, 0x00, 0xEF, 0x00, 0x77, 0x80, 0x38, 0xE0, 0x07, 0x00, 0x38,
    0x01, 0xC0, 0x0E, 0x00, 0x70, 0x03, 0xBF, 0x9F, 0xFE, 0xFF, 0xF7, 0x83, 0xFC, 0x0F, 0xC0, 0x7E,
    0x03, 0xF0, 0x1F, 0x80, 0xFC, 0x07, 0xE0, 0x3F, 0x01, 0xF8, 0x0F, 0xC0, 0x7E, 0x03, 0xF0, 0x1C,
    0x00, 0x1F, 0x80, 0x00, 0xFF, 0xC0, 0x07, 0xFF, 0xC0, 0x0F, 0x8F, 0xC0, 0x3C, 0x07, 0xC0, 0xF0,
    0x07, 0x81, 0xE0, 0x07, 0x73, 0x80, 0x0F, 0xEF, 0x00, 0x0F, 0xDE, 0x00, 0x1F, 0xFF, 0xFF, 0xFB,
    0xFF, 0xFF, 0xF3, 0xFF, 0xFF, 0xE1, 0xE0, 0x00, 0x03, 0xC0, 0x00, 0x03, 0x80, 0x0F, 0x07, 0x80,
    0x1E, 0x0F, 0x00, 0x78, 0x0F, 0x81, 0xF0, 0x0F, 0xFF, 0xC0, 0x0F, 0xFF, 0x00, 0x0F, 0xFC, 0x00,
    0x03, 0xC0, 0x00, 0x00, 0x7F, 0x00, 0x0F, 0xF8, 0x01, 0xFF, 0xCC, 0x3C, 0x1E, 0xE3, 0x80, 0xEE,
    0x70, 0x0E, 0xFF, 0xFF, 0xF7, 0xFF, 0xFF, 0x3F, 0xFF, 0xF0, 0x70, 0x00, 0x07, 0x00, 0x00, 0x78,
    0x0C, 0x03, 0xC0, 0xE0, 0x3E, 0x3E, 0x01, 0xFF, 0xC0, 0x0F, 0xF8, 0x00, 0x1E, 0x00, 0x00, 0x1F,
    0x80, 0x00, 0xFF, 0xC0, 0x07, 0xFF, 0xC0, 0x0F, 0x8F, 0xC0, 0x3C, 0x07, 0xC0, 0xF0, 0x07, 0x81,
    0xE0, 0x07, 0x73, 0x80, 0x0F, 0xEF, 0x00, 0x0F, 0xDE, 0x00, 0x1F, 0xFF, 0xFF, 0xFB, 0xFF, 0xFF,
    0xF3, 0xFF, 0xFF, 0xE1, 0xE0, 0x00, 0x03, 0xC0, 0x00, 0x03, 0x80, 0x0F, 0x07, 0x80, 0x1E, 0x0F,
    0x00, 0x78, 0x0F, 0x81, 0xF0, 0x0F, 0xFF, 0xC0, 0x0F, 0xFF, 0x00, 0x0F, 0xFC, 0x00, 0x03, 0xC0,
    0x00, 0x07, 0x00, 0x00, 0x0E, 0x00, 0x00, 0x1C, 0x00, 0x00, 0x38, 0x00, 0x00, 0x7F, 0x00, 0x0F,
    0xF8, 0x01, 0xFF, 0xCC, 0x3C, 0x1E, 0xE3, 0x80, 0xEE, 0x70, 0x0E, 0xFF, 0xFF, 0xF7, 0xFF, 0xFF,
    0x3F, 0xFF, 0xF0, 0x70, 0x00, 0x07, 0x00, 0x00, 0x78, 0x0C, 0x03, 0xC0, 0xE0, 0x3E, 0x3E, 0x01,
    0xFF, 0xC0, 0x0F, 0xF8, 0x00, 0x1E, 0x00, 0x01, 0xE0, 0x00, 0x1F, 0x00, 0x00, 0x70, 0x00, 0x1F,
    0x00, 0x03, 0xE0, 0x6F, 0xFF, 0xFF, 0xFF, 0xFF, 0xFF, 0xFF, 0xFF, 0xFF, 0xFF, 0xFF, 0x00, 0x70,
    0xC0, 0x00, 0x03, 0x9C, 0x00, 0x00, 0x3F, 0xC0, 0x00, 0x01, 0xF8, 0x00, 0x00, 0x00, 0x00, 0x00,
    0x00, 0x00, 0x00, 0x78, 0x06, 0x01, 0xC7, 0x80, 0xF0, 0x3C, 0x3C, 0x0F, 0x03, 0xC1, 0xC0, 0xF0,
    0x78, 0x1E, 0x0F, 0x07, 0x80, 0xF0, 0xF0, 0xF0, 0x0F, 0x0F, 0x0E, 0x00, 0x78, 0xF1, 0xE0, 0x03,
    0x8F, 0x3C, 0x00, 0x3C, 0xF3, 0xC0, 0x01, 0xFF, 0xF8, 0x00, 0x1F, 0xFF, 0x80, 0x03, 0xFF, 0xFC,
    0x00, 0x38, 0xF3, 0xC0, 0x07, 0x8F, 0x1E, 0x00, 0xF0, 0xF0, 0xE0, 0x0F, 0x0F, 0x0F, 0x01, 0xE0,
    0xF0, 0x78, 0x3C, 0x0F, 0x07, 0x83, 0xC0, 0xF0, 0x3C, 0x78, 0x0F, 0x01, 0xC7, 0x00, 0xF0, 0x1E,
    0x01, 0xC7, 0x00, 0x03, 0xCE, 0x00, 0x03, 0xF8, 0x00, 0x03, 0xE0, 0x00, 0x00, 0x00, 0x00, 0x00,
    0x00, 0x1E, 0x0E, 0x07, 0xBC, 0x1C, 0x1E, 0x3C, 0x38, 0x78, 0x3C, 0x71, 0xE0, 0x3C, 0xE3, 0x80,
    0x39, 0xCF, 0x00, 0x3B, 0xBC, 0x00, 0x7F, 0xF0, 0x00, 0xFF, 0xE0, 0x01, 0xFF, 0xE0, 0x07, 0xB9,
    0xE0, 0x1E, 0x73, 0xC0, 0x78, 0xE3, 0xC1, 0xE1, 0xC3, 0xC3, 0xC3, 0x83, 0xCF, 0x07, 0x03, 0xC0,
    0x60, 0x07, 0x78, 0x07, 0xBC, 0x07, 0x9E, 0x07, 0x8F, 0x07, 0xC7, 0x83, 0xC3, 0xC3, 0xC1, 0xE3,
    0xC0, 0xF3, 0xC0, 0x7B, 0xC0, 0x3F, 0xF8, 0x1F, 0xFF, 0x0F, 0xFF, 0xC7, 0x81, 0xF3, 0xC0, 0x3D,
    0xE0, 0x1E, 0xF0, 0x07, 0x78, 0x03, 0xBC, 0x01, 0xDE, 0x00, 0xEF, 0x00, 0x77, 0x80, 0x78, 0x00,
    0x38, 0x00, 0xFC, 0x00, 0xFC, 0x00, 0x3C, 0x00, 0x10, 0x00, 0xE0, 0x7B, 0x83, 0xEE, 0x0F, 0x38,
    0x78, 0xE3, 0xC3, 0x9E, 0x0E, 0xF0, 0x3F, 0xF0, 0xFF, 0xE3, 0xFF, 0xCE, 0x07, 0xB8, 0x0F, 0xE0,
    0x1F, 0x80, 0x7E, 0x03, 0xF8, 0x0F, 0x00, 0x78, 0x07, 0xC0, 0x1E, 0x00, 0x30, 0x07, 0xFF, 0xC0,
    0x3F, 0xFE, 0x03, 0xFF, 0xF0, 0x1F, 0xFF, 0x80, 0xF0, 0x1C, 0x07, 0x80, 0xE0, 0x3C, 0x07, 0x01,
    0xC0, 0x38, 0x0E, 0x01, 0xC0, 0x70, 0x0E, 0x03, 0x80, 0x70, 0x1C, 0x03, 0x80, 0xE0, 0x1C, 0x07,
    0x00, 0xE0, 0x78, 0x07, 0x03, 0xC0, 0x38, 0x1E, 0x01, 0xC0, 0xE0, 0x0E, 0x07, 0x00, 0x71, 0xF8,
    0x03, 0xFF, 0x80, 0x1F, 0xF8, 0x00, 0xFC, 0x00, 0x01, 0xC0, 0x00, 0x0E, 0x00, 0x00, 0xF0, 0x00,
    0x07, 0x00, 0x00, 0x38, 0x1F, 0xFE, 0x07, 0xFF, 0x81, 0xFF, 0xE0, 0x78, 0x38, 0x1C, 0x0E, 0x07,
    0x03, 0x81, 0xC0, 0xE0, 0x70, 0x38, 0x1C, 0x0E, 0x07, 0x03, 0x81, 0xC0, 0xE0, 0x70, 0x38, 0x3C,
    0x0E, 0x3E, 0x03, 0xEF, 0x80, 0xFB, 0xC0, 0x3E, 0x00, 0x03, 0x80, 0x01, 0xC0, 0x00, 0x70, 0x00,
    0x1C, 0x00, 0x0F, 0x00, 0x60, 0x03, 0xF8, 0x01, 0xFC, 0x00, 0xFE, 0x00, 0x7F, 0x00, 0x3F, 0x80,
    0x1F, 0xC0, 0x0F, 0xE0, 0x07, 0xF0, 0x03, 0xF8, 0x01, 0xFF, 0xFF, 0xFF, 0xFF, 0xFF, 0xFF, 0xFF,
    0x80, 0x1F, 0xC0, 0x0F, 0xE0, 0x07, 0xF0, 0x03, 0xF8, 0x01, 0xFC, 0x00, 0xFE, 0x00, 0x7F, 0x00,
    0x3F, 0x80, 0x1C, 0x00, 0x0E, 0x00, 0x07, 0x00, 0x03, 0x80, 0x0F, 0xC0, 0x07, 0xE0, 0x03, 0xE0,
    0x00, 0x00, 0xE0, 0x3F, 0x01, 0xF8, 0x0F, 0xC0, 0x7E, 0x03, 0xF0, 0x1F, 0xFF, 0xFF, 0xFF, 0xFF,
    0xFF, 0x01, 0xF8, 0x0F, 0xC0, 0x7E, 0x03, 0xF0, 0x1F, 0x80, 0xFC, 0x07, 0x00, 0x38, 0x01, 0xC0,
    0x0E, 0x01, 0xF0, 0x1F, 0x80, 0xF8, 0x00, 0x00, 0x60, 0x03, 0x8F, 0x00, 0x38, 0xF0, 0x03, 0x8F,
    0x00, 0x38, 0xF0, 0x03, 0x8F, 0x00, 0x38, 0xF0, 0x03, 0x8F, 0x00, 0x38, 0xF0, 0x03, 0x8F, 0x00,
    0x38, 0xFF, 0xFF, 0x8F, 0xFF, 0xF8, 0xFF, 0xFF, 0x8F, 0x00, 0x38, 0xF0, 0x03, 0x8F, 0x00, 0x38,
    0xF0, 0x03, 0x8F, 0x00, 0x38, 0xF0, 0x03, 0x8F, 0x00, 0x3F, 0xF0, 0x03, 0xFF, 0x00, 0x3F, 0x00,
    0x00, 0xE0, 0x00, 0x0E, 0x00, 0x01, 0xE0, 0x00, 0x1C, 0x00, 0x01, 0xC0, 0xE0, 0x38, 0xE0, 0x38,
    0xE0, 0x38, 0xE0, 0x38, 0xE0, 0x38, 0xE0, 0x38, 0xFF, 0xF8, 0xFF, 0xF8, 0xFF, 0xF8, 0xE0, 0x38,
    0xE0, 0x38, 0xE0, 0x38, 0xE0, 0x38, 0xE0, 0x3F, 0xE0, 0x3F, 0xE0, 0x3E, 0x00, 0x0E, 0x00, 0x1E,
    0x00, 0x1C, 0x00, 0x1C, 0x00, 0x1C, 0xE0, 0x07, 0x38, 0x01, 0xCE, 0x00, 0x73, 0x80, 0x1C, 0xE0,
    0x07, 0x38, 0x01, 0xCE, 0x00, 0x73, 0x80, 0x1C, 0xE0, 0x07, 0x3C, 0x01, 0xCF, 0x81, 0xF1, 0xFF,
    0xFC, 0x3F, 0xFF, 0x07, 0xFD, 0xC0, 0x00, 0x70, 0x00, 0x1C, 0x00, 0x07, 0x00, 0x01, 0xC0, 0x00,
    0x70, 0x00, 0x1F, 0x00, 0x07, 0xC0, 0x01, 0xF0, 0x00, 0x1C, 0x00, 0x07, 0x00, 0x01, 0xC0, 0x00,
    0x70, 0x00, 0x1C, 0xE0, 0x39, 0xC0, 0x73, 0x80, 0xE7, 0x01, 0xCE, 0x03, 0x9C, 0x07, 0x38, 0x0E,
    0x78, 0x1C, 0xFF, 0xF8, 0xFF, 0xF0, 0xFF, 0xE0, 0x01, 0xC0, 0x03, 0x80, 0x07, 0xC0, 0x0F, 0x80,
    0x1F, 0x00, 0x0E, 0x00, 0x1C, 0x00, 0x38, 0x00, 0x70, 0x00, 0xE0, 0x70, 0x00, 0x3C, 0x7C, 0x00,
    0x3E, 0x3E, 0x00, 0x1F, 0x1F, 0x80, 0x1F, 0x8F, 0xC0, 0x0F, 0xC7, 0xE0, 0x07, 0xE3, 0xF8, 0x07,
    0xF1, 0xDC, 0x03, 0xB8, 0xEF, 0x03, 0xDC, 0x73, 0x81, 0xCE, 0x39, 0xC0, 0xE7, 0x1C, 0xF0, 0xF3,
    0x8E, 0x38, 0x71, 0xC7, 0x1E, 0x38, 0xE3, 0x8F, 0x3C, 0x71, 0xC3, 0x9C, 0x38, 0xE1, 0xFE, 0x1C,
    0x70, 0x7E, 0x0E, 0x38, 0x3F, 0x07, 0x1C, 0x1F, 0x83, 0xEE, 0x07, 0x81, 0xF7, 0x03, 0xC0, 0xF8,
    0x00, 0x00, 0x1C, 0x00, 0x00, 0x1E, 0x00, 0x00, 0x0E, 0x00, 0x00, 0x07, 0x00, 0x00, 0x03, 0x80,
    0xF0, 0x03, 0xC7, 0xC0, 0x3E, 0x3E, 0x01, 0xF1, 0xF8, 0x1F, 0x8F, 0xC0, 0xFC, 0x7F, 0x07, 0xE3,
    0xB8, 0x7F, 0x1D, 0xC3, 0xB8, 0xEF, 0x3D, 0xC7, 0x39, 0xCE, 0x39, 0xEE, 0x71, 0xC7, 0xE3, 0x8E,
    0x3F, 0x1C, 0x70, 0xF8, 0xFF, 0x87, 0x87, 0xFC, 0x3C, 0x3F, 0x00, 0x00, 0x70, 0x00, 0x03, 0x80,
    0x00, 0x3C, 0x00, 0x01, 0xC0, 0x00, 0x0E, 0x00, 0xFF, 0xFF, 0xFF, 0xFF, 0xFF, 0xFF, 0xFF, 0xFF,
    0xC0, 0x03, 0x0C, 0x00, 0x39, 0xC0, 0x03, 0xFC, 0x00, 0x1F, 0x80, 0x00, 0x00, 0x00, 0x00, 0x00,
    0x00, 0xE0, 0x00, 0x0F, 0x00, 0x01, 0xF0, 0x00, 0x1F, 0x80, 0x01, 0xF8, 0x00, 0x3F, 0xC0, 0x03,
    0x9C, 0x00, 0x39, 0xC0, 0x07, 0x9E, 0x00, 0x70, 0xE0, 0x0F, 0x0E, 0x00, 0xF0, 0xF0, 0x0E, 0x07,
    0x01, 0xFF, 0xF8, 0x1F, 0xFF, 0x81, 0xFF, 0xF8, 0x3C, 0x03, 0xC3, 0x80, 0x3C, 0x38, 0x01, 0xC7,
    0x80, 0x1E, 0x70, 0x00, 0xEF, 0x00, 0x0E, 0x38, 0x60, 0xE7, 0x07, 0xF8, 0x1F, 0x80, 0x00, 0x00,
    0x00, 0x7F, 0x87, 0xFE, 0x7F, 0xFB, 0x83, 0xDC, 0x0E, 0x00, 0x70, 0x3F, 0x9F, 0xFD, 0xFF, 0xFF,
    0x87, 0xF0, 0x3F, 0x01, 0xF8, 0x1F, 0xF1, 0xF7, 0xFF, 0x9F, 0xDC, 0x38, 0x00, 0x03, 0x1C, 0x00,
    0x79, 0xE0, 0x07, 0x9E, 0x00, 0x30, 0xC0, 0x00, 0x00, 0x00, 0x00, 0x00, 0x00, 0xE0, 0x00, 0x0F,
    0x00, 0x01, 0xF0, 0x00, 0x1F, 0x80, 0x01, 0xF8, 0x00, 0x3F, 0xC0, 0x03, 0x9C, 0x00, 0x39, 0xC0,
    0x07, 0x9E, 0x00, 0x70, 0xE0, 0x0F, 0x0E, 0x00, 0xF0, 0xF0, 0x0E, 0x07, 0x01, 0xFF, 0xF8, 0x1F,
    0xFF, 0x81, 0xFF, 0xF8, 0x3C, 0x03, 0xC3, 0x80, 0x3C, 0x38, 0x01, 0xC7, 0x80, 0x1E, 0x70, 0x00,
    0xEF, 0x00, 0x0E, 0x38, 0xE1, 0xE7, 0x8F, 0x3C, 0x30, 0xC0, 0x00, 0x00, 0x00, 0x7F, 0x87, 0xFE,
    0x7F, 0xFB, 0x83, 0xDC, 0x0E, 0x00, 0x70, 0x3F, 0x9F, 0xFD, 0xFF, 0xFF, 0x87, 0xF0, 0x3F, 0x01,
    0xF8, 0x1F, 0xF1, 0xF7, 0xFF, 0x9F, 0xDC, 0x38, 0x00, 0x00, 0x1F, 0xFF, 0xE0, 0x03, 0xFF, 0xFE,
    0x00, 0x3F, 0xFF, 0xE0, 0x07, 0x3F, 0xFE, 0x00, 0x73, 0x80, 0x00, 0x0F, 0x38, 0x00, 0x00, 0xE3,
    0x80, 0x00, 0x1E, 0x38, 0x00, 0x01, 0xC3, 0x80, 0x00, 0x3C, 0x38, 0x00, 0x03, 0x83, 0xFF, 0xE0,
    0x78, 0x3F, 0xFE, 0x07, 0x03, 0xFF, 0xE0, 0xFF, 0xF8, 0x00, 0x0F, 0xFF, 0x80, 0x01, 0xFF, 0xF8,
    0x00, 0x1C, 0x03, 0x80, 0x03, 0xC0, 0x38, 0x00, 0x3C, 0x03, 0x80, 0x07, 0x80, 0x3F, 0xFE, 0x78,
    0x03, 0xFF, 0xEF, 0x00, 0x3F, 0xFE, 0x1F, 0xC3, 0xF8, 0x1F, 0xFB, 0xFE, 0x1F, 0xFF, 0xFF, 0x8E,
    0x0F, 0xC1, 0xE7, 0x03, 0xC0, 0x70, 0x01, 0xC0, 0x38, 0x0F, 0xFF, 0xFC, 0x7F, 0xFF, 0xFF, 0x7F,
    0xFF, 0xFF, 0xFC, 0x1C, 0x00, 0x3C, 0x0E, 0x00, 0x1C, 0x07, 0x80, 0xCE, 0x07, 0xC0, 0xF7, 0xC7,
    0xF8, 0xF9, 0xFF, 0xBF, 0xF8, 0x7F, 0x8F, 0xF8, 0x0F, 0x00, 0xE0, 0x00, 0x18, 0x70, 0x73, 0x81,
    0xFE, 0x03, 0xF0, 0x00, 0x00, 0x00, 0x07, 0xFF, 0xFF, 0xFF, 0xFF, 0xFF, 0xFF, 0xEF, 0x00, 0x3C,
    0x00, 0xF0, 0x03, 0xC0, 0x0F, 0x00, 0x3C, 0x00, 0xFF, 0xFB, 0xFF, 0xEF, 0xFF, 0xBC, 0x00, 0xF0,
    0x03, 0xC0, 0x0F, 0x00, 0x3C, 0x00, 0xF0, 0x03, 0xFF, 0xFF, 0xFF, 0xFF, 0xFF, 0x1C, 0x70, 0x38,
    0xE0, 0x3F, 0x80, 0x3E, 0x00, 0x00, 0x00, 0x00, 0x03, 0xF8, 0x0F, 0xF8, 0x3F, 0xF8, 0xF0, 0x79,
    0xC0, 0x77, 0x80, 0xFF, 0xFF, 0xFF, 0xFF, 0xFF, 0xFF, 0xF0, 0x00, 0xF0, 0x00, 0xE0, 0x31, 0xE0,
    0x73, 0xE3, 0xE3, 0xFF, 0x83, 0xFE, 0x00, 0xF0, 0x00, 0x01, 0xF0, 0x00, 0x7F, 0xE0, 0x1F, 0xFF,
    0x03, 0xF1, 0xF8, 0x3C, 0x07, 0xC7, 0x80, 0x3C, 0x70, 0x01, 0xE7, 0x00, 0x1E, 0x00, 0x00, 0xE0,
    0x00, 0x0E, 0xFF, 0xFF, 0xEF, 0xFF, 0xFE, 0xFF, 0xFF, 0xEF, 0x00, 0x0E, 0x70, 0x00, 0xE7, 0x00,
    0x1E, 0x78, 0x01, 0xC7, 0x80, 0x3C, 0x3C, 0x07, 0x81, 0xFF, 0xF8, 0x0F, 0xFF, 0x00, 0x7F, 0xC0,
    0x00, 0xE0, 0x00, 0x00, 0x00, 0x3F, 0xC0, 0xFF, 0xC3, 0xFF, 0xCF, 0x03, 0xCE, 0x03, 0x80, 0x07,
    0x00, 0x0F, 0xFF, 0xFF, 0xFF, 0xFF, 0xFF, 0xFF, 0x00, 0xEF, 0x01, 0xCE, 0x07, 0x9F, 0x3E, 0x1F,
    0xF8, 0x1F, 0xE0, 0x07, 0x00, 0x07, 0x1C, 0x00, 0x79, 0xE0, 0x07, 0x9E, 0x00, 0x71, 0xC0, 0x00,
    0x00, 0x00, 0x00, 0x00, 0x01, 0xF0, 0x00, 0x7F, 0xE0, 0x1F, 0xFF, 0x03, 0xF1, 0xF8, 0x3C, 0x07,
    0xC7, 0x80, 0x3C, 0x70, 0x01, 0xE7, 0x00, 0x1E, 0x00, 0x00, 0xE0, 0x00, 0x0E, 0xFF, 0xFF, 0xEF,
    0xFF, 0xFE, 0xFF, 0xFF, 0xEF, 0x00, 0x0E, 0x70, 0x00, 0xE7, 0x00, 0x1E, 0x78, 0x01, 0xC7, 0x80,
    0x3C, 0x3C, 0x07, 0x81, 0xFF, 0xF8, 0x0F, 0xFF, 0x00, 0x7F, 0xC0, 0x00, 0xE0, 0x00, 0x1C, 0x70,
    0x3C, 0xF0, 0x71, 0xC0, 0xE3, 0x80, 0x00, 0x00, 0x00, 0x07, 0xF8, 0x1F, 0xF8, 0x7F, 0xF9, 0xE0,
    0x79, 0xC0, 0x70, 0x00, 0xE0, 0x01, 0xFF, 0xFF, 0xFF, 0xFF, 0xFF, 0xFF, 0xE0, 0x1D, 0xE0, 0x39,
    0xC0, 0xF3, 0xE7, 0xC3, 0xFF, 0x03, 0xFC, 0x00, 0xE0, 0x00, 0x00, 0x71, 0xC0, 0x00, 0x07, 0x9E,
    0x00, 0x00, 0x79, 0xE0, 0x00, 0x03, 0x0C, 0x00, 0x00, 0x00, 0x00, 0x00, 0x00, 0x00, 0x00, 0x78,
    0x06, 0x01, 0xC7, 0x80, 0xF0, 0x3C, 0x3C, 0x0F, 0x03, 0xC1, 0xC0, 0xF0, 0x78, 0x1E, 0x0F, 0x07,
    0x80, 0xF0, 0xF0, 0xF0, 0x0F, 0x0F, 0x0E, 0x00, 0x78, 0xF1, 0xE0, 0x03, 0x8F, 0x3C, 0x00, 0x3C,
    0xF3, 0xC0, 0x01, 0xFF, 0xF8, 0x00, 0x1F, 0xFF, 0x80, 0x03, 0xFF, 0xFC, 0x00, 0x38, 0xF3, 0xC0,
    0x07, 0x8F, 0x1E, 0x00, 0xF0, 0xF0, 0xE0, 0x0F, 0x0F, 0x0F, 0x01, 0xE0, 0xF0, 0x78, 0x3C, 0x0F,
    0x07, 0x83, 0xC0, 0xF0, 0x3C, 0x78, 0x0F, 0x01, 0xC7, 0x00, 0xF0, 0x1E, 0x01, 0xC7, 0x00, 0x03,
    0xCF, 0x00, 0x07, 0x9E, 0x00, 0x0E, 0x38, 0x00, 0x00, 0x00, 0x00, 0x00, 0x00, 0x1E, 0x0E, 0x07,
    0xBC, 0x1C, 0x1E, 0x3C, 0x38, 0x78, 0x3C, 0x71, 0xE0, 0x3C, 0xE3, 0x80, 0x39, 0xCF, 0x00, 0x3B,
    0xBC, 0x00, 0x7F, 0xF0, 0x00, 0xFF, 0xE0, 0x01, 0xFF, 0xE0, 0x07, 0xB9, 0xE0, 0x1E, 0x73, 0xC0,
    0x78, 0xE3, 0xC1, 0xE1, 0xC3, 0xC3, 0xC3, 0x83, 0xCF, 0x07, 0x03, 0xC0, 0x0C, 0x30, 0x1E, 0x78,
    0x1E, 0x78, 0x0C, 0x30, 0x00, 0x00, 0x00, 0x00, 0x07, 0xE0, 0x1F, 0xF0, 0x3F, 0xFC, 0x3C, 0x3C,
    0x78, 0x1E, 0x70, 0x1E, 0x70, 0x1E, 0x00, 0x1E, 0x00, 0x1C, 0x00, 0x7C, 0x03, 0xF8, 0x03, 0xF8,
    0x03, 0xFC, 0x00, 0x1E, 0x00, 0x0E, 0x00, 0x0F, 0xF0, 0x0F, 0xF0, 0x0E, 0x78, 0x1E, 0x7E, 0x7E,
    0x3F, 0xFC, 0x1F, 0xF0, 0x03, 0xC0, 0x38, 0xE7, 0x9E, 0x79, 0xE3, 0x0C, 0x00, 0x00, 0x00, 0x1F,
    0x87, 0xFE, 0x7F, 0xEF, 0x0F, 0xE0, 0x70, 0x0F, 0x01, 0xE0, 0xFC, 0x0F, 0xE0, 0x1F, 0x00, 0x70,
    0x07, 0xE0, 0x7F, 0x9F, 0x7F, 0xE3, 0xFC, 0x06, 0x00, 0x3F, 0xFC, 0x7F, 0xFE, 0x7F, 0xFE, 0x3F,
    0xFC, 0x00, 0x78, 0x00, 0xF0, 0x00, 0xF0, 0x01, 0xE0, 0x03, 0xC0, 0x07, 0x80, 0x07, 0xF8, 0x07,
    0xFC, 0x00, 0x3E, 0x00, 0x1E, 0x00, 0x0E, 0x00, 0x0F, 0xF0, 0x0F, 0xF0, 0x0E, 0x78, 0x1E, 0x7E,
    0x7E, 0x3F, 0xFC, 0x1F, 0xF0, 0x03, 0xC0, 0x3F, 0xFC, 0x7F, 0xFE, 0x7F, 0xFE, 0x3F, 0xFC, 0x00,
    0x78, 0x00, 0xF0, 0x00, 0xF0, 0x01, 0xE0, 0x03, 0xC0, 0x07, 0x80, 0x07, 0xF8, 0x07, 0xFC, 0x00,
    0x3E, 0x00, 0x1E, 0x00, 0x0E, 0x00, 0x0F, 0xF0, 0x0F, 0xF0, 0x0E, 0x78, 0x1E, 0x7E, 0x7E, 0x3F,
    0xFC, 0x1F, 0xF0, 0x03, 0xC0, 0x07, 0xF8, 0x01, 0xFE, 0x00, 0x00, 0x00, 0x00, 0x00, 0x00, 0x00,
    0x18, 0x00, 0xEF, 0x00, 0x7F, 0xC0, 0x1F, 0xF0, 0x0F, 0xFC, 0x07, 0xFF, 0x01, 0xFF, 0xC0, 0xFF,
    0xF0, 0x7B, 0xFC, 0x1E, 0xFF, 0x0F, 0x3F, 0xC3, 0x8F, 0xF1, 0xE3, 0xFC, 0xF0, 0xFF, 0x38, 0x3F,
    0xDE, 0x0F, 0xEF, 0x03, 0xFB, 0xC0, 0xFF, 0xE0, 0x3F, 0xF0, 0x0F, 0xFC, 0x03, 0xFE, 0x00, 0xFF,
    0x00, 0x3C, 0x3F, 0xE1, 0xFF, 0x00, 0x00, 0x00, 0x00, 0x00, 0x70, 0x1F, 0x81, 0xFC, 0x0F, 0xE0,
    0xFF, 0x0F, 0xF8, 0x7F, 0xC7, 0x7E, 0x7B, 0xF3, 0x9F, 0xB8, 0xFF, 0xC7, 0xFC, 0x3F, 0xC1, 0xFE,
    0x0F, 0xE0, 0x7E, 0x03, 0x80, 0x0E, 0x38, 0x03, 0xCF, 0x00, 0xF3, 0xC0, 0x18, 0x60, 0x00, 0x00,
    0x00, 0x00, 0x06, 0x00, 0x3B, 0xC0, 0x1F, 0xF0, 0x07, 0xFC, 0x03, 0xFF, 0x01, 0xFF, 0xC0, 0x7F,
    0xF0, 0x3F, 0xFC, 0x1E, 0xFF, 0x07, 0xBF, 0xC3, 0xCF, 0xF0, 0xE3, 0xFC, 0x78, 0xFF, 0x3C, 0x3F,
    0xCE, 0x0F, 0xF7, 0x83, 0xFB, 0xC0, 0xFE, 0xF0, 0x3F, 0xF8, 0x0F, 0xFC, 0x03, 0xFF, 0x00, 0xFF,
    0x80, 0x3F, 0xC0, 0x0F, 0x38, 0xE1, 0xE7, 0x0E, 0x38, 0x71, 0xC0, 0x00, 0x00, 0x03, 0x80, 0xFC,
    0x0F, 0xE0, 0x7F, 0x07, 0xF8, 0x7F, 0xC3, 0xFE, 0x3B, 0xF3, 0xDF, 0x9C, 0xFD, 0xC7, 0xFE, 0x3F,
    0xE1, 0xFE, 0x0F, 0xF0, 0x7F, 0x03, 0xF0, 0x1C, 0x03, 0x8E, 0x00, 0x79, 0xE0, 0x07, 0x9E, 0x00,
    0x30, 0xC0, 0x00, 0x00, 0x00, 0x00, 0x00, 0x01, 0xF8, 0x00, 0x7F, 0xE0, 0x0F, 0xFF, 0x01, 0xF8,
    0xF8, 0x3C, 0x03, 0xC3, 0x80, 0x1E, 0x78, 0x01, 0xE7, 0x00, 0x0E, 0x70, 0x00, 0xFF, 0x00, 0x0F,
    0xF0, 0x00, 0x7F, 0x00, 0x07, 0xF0, 0x00, 0x7F, 0x00, 0x0F, 0x70, 0x00, 0xF7, 0x00, 0x0E, 0x78,
    0x01, 0xE3, 0xC0, 0x1E, 0x3E, 0x07, 0xC1, 0xFF, 0xF8, 0x0F, 0xFF, 0x00, 0x7F, 0xE0, 0x00, 0xF0,
    0x00, 0x1C, 0x70, 0x3C, 0xF0, 0x79, 0xC0, 0xE3, 0x80, 0x00, 0x00, 0x00, 0x03, 0xF8, 0x0F, 0xF8,
    0x3F, 0xF8, 0xF0, 0x79, 0xC0, 0x7F, 0x80, 0xFE, 0x00, 0xFC, 0x01, 0xF8, 0x03, 0xF0, 0x07, 0xF0,
    0x0E, 0xE0, 0x3D, 0xE0, 0xF3, 0xE3, 0xE3, 0xFF, 0x83, 0xFE, 0x00, 0xE0, 0x00, 0x01, 0xF8, 0x00,
    0x7F, 0xE0, 0x0F, 0xFF, 0x01, 0xF8, 0xF8, 0x3C, 0x03, 0xC3, 0x80, 0x1E, 0x78, 0x01, 0xE7, 0x00,
    0x0E, 0x70, 0x00, 0xFF, 0x00, 0x0F, 0xFF, 0xFF, 0xFF, 0xFF, 0xFF, 0xFF, 0xFF, 0xFF, 0x00, 0x0F,
    0x70, 0x00, 0xF7, 0x00, 0x0E, 0x78, 0x01, 0xE3, 0xC0, 0x1E, 0x3E, 0x07, 0xC1, 0xFF, 0xF8, 0x0F,
    0xFF, 0x00, 0x7F, 0xE0, 0x00, 0xF0, 0x00, 0x0F, 0xE0, 0x3F, 0xE0, 0xFF, 0xE3, 0xC1, 0xE7, 0x01,
    0xFE, 0x03, 0xFF, 0x83, 0xFF, 0xFF, 0xFF, 0xFF, 0xE3, 0xFF, 0xC0, 0x3B, 0x80, 0xF7, 0x83, 0xCF,
    0x8F, 0x8F, 0xFE, 0x0F, 0xF8, 0x03, 0x80, 0x03, 0x8E, 0x00, 0x79, 0xE0, 0x07, 0x9E, 0x00, 0x30,
    0xC0, 0x00, 0x00, 0x00, 0x00, 0x00, 0x01, 0xF8, 0x00, 0x7F, 0xE0, 0x0F, 0xFF, 0x01, 0xF8, 0xF8,
    0x3C, 0x03, 0xC3, 0x80, 0x1E, 0x78, 0x01, 0xE7, 0x00, 0x0E, 0x70, 0x00, 0xFF, 0x00, 0x0F, 0xFF,
    0xFF, 0xFF, 0xFF, 0xFF, 0xFF, 0xFF, 0xFF, 0x00, 0x0F, 0x70, 0x00, 0xF7, 0x00, 0x0E, 0x78, 0x01,
    0xE3, 0xC0, 0x1E, 0x3E, 0x07, 0xC1, 0xFF, 0xF8, 0x0F, 0xFF, 0x00, 0x7F, 0xE0, 0x00, 0xF0, 0x00,
    0x1C, 0x70, 0x3C, 0xF0, 0x79, 0xC0, 0xE3, 0x80, 0x00, 0x00, 0x00, 0x03, 0xF8, 0x0F, 0xF8, 0x3F,
    0xF8, 0xF0, 0x79, 0xC0, 0x7F, 0x80, 0xFF, 0xE0, 0xFF, 0xFF, 0xFF, 0xFF, 0xF8, 0xFF, 0xF0, 0x0E,
    0xE0, 0x3D, 0xE0, 0xF3, 0xE3, 0xE3, 0xFF, 0x83, 0xFE, 0x00, 0xE0, 0x00, 0x07, 0x1C, 0x01, 0xE7,
    0x80, 0x3C, 0xF0, 0x03, 0x0C, 0x00, 0x00, 0x00, 0x00, 0x00, 0x00, 0xFC, 0x00, 0x7F, 0xE0, 0x1F,
    0xFE, 0x07, 0xE3, 0xE1, 0xE0, 0x1E, 0x38, 0x01, 0xEF, 0x00, 0x1D, 0xE0, 0x03, 0x80, 0x00, 0x78,
    0x00, 0x0F, 0x01, 0xFF, 0xE0, 0x3F, 0xFC, 0x07, 0xFF, 0x80, 0x00, 0xF0, 0x00, 0x1F, 0xE0, 0x03,
    0xBC, 0x00, 0xF3, 0xC0, 0x1E, 0x7C, 0x07, 0x87, 0xFF, 0xE0, 0x7F, 0xF8, 0x07, 0xFE, 0x00, 0x1E,
    0x00, 0x38, 0xE0, 0xF3, 0xC3, 0xCF, 0x06, 0x18, 0x00, 0x00, 0x00, 0x01, 0xFC, 0x0F, 0xFC, 0x7F,
    0xFB, 0xC1, 0xEE, 0x03, 0xC0, 0x07, 0x00, 0x1C, 0x3F, 0xF0, 0xFF, 0xC3, 0xFF, 0x00, 0x1F, 0x80,
    0xFF, 0x03, 0x9E, 0x3E, 0x7F, 0xF0, 0x7F, 0x80, 0x78, 0x00, 0x07, 0xF8, 0x01, 0xFE, 0x00, 0x00,
    0x00, 0x00, 0x00, 0x00, 0x00, 0x1C, 0x00, 0x67, 0x00, 0x3D, 0xE0, 0x0E, 0x78, 0x07, 0x8F, 0x01,
    0xC3, 0xC0, 0xF0, 0x70, 0x38, 0x1E, 0x1E, 0x03, 0x87, 0x80, 0xF1, 0xC0, 0x1C, 0xF0, 0x07, 0xB8,
    0x00, 0xEE, 0x00, 0x3F, 0x80, 0x0F, 0xC0, 0x01, 0xF0, 0x00, 0x78, 0x00, 0x0E, 0x00, 0x07, 0x80,
    0x1F, 0xC0, 0x07, 0xE0, 0x01, 0xF0, 0x00, 0x0F, 0xF0, 0x0F, 0xF0, 0x00, 0x00, 0x00, 0x00, 0x00,
    0x00, 0x70, 0x0F, 0x70, 0x0E, 0x78, 0x1E, 0x38, 0x1E, 0x38, 0x1C, 0x3C, 0x3C, 0x1C, 0x38, 0x1C,
    0x38, 0x1E, 0x78, 0x0E, 0x70, 0x0F, 0x70, 0x07, 0xE0, 0x07, 0xE0, 0x07, 0xE0, 0x03, 0xC0, 0x03,
    0xC0, 0x03, 0xC0, 0x03, 0x80, 0x07, 0x80, 0x3F, 0x00, 0x3F, 0x00, 0x3E, 0x00, 0x00, 0x00, 0x06,
    0x18, 0x03, 0xCF, 0x00, 0xF3, 0xC0, 0x18, 0x60, 0x00, 0x00, 0x00, 0x00, 0x07, 0x00, 0x19, 0xC0,
    0x0F, 0x78, 0x03, 0x9E, 0x01, 0xE3, 0xC0, 0x70, 0xF0, 0x3C, 0x1C, 0x0E, 0x07, 0x87, 0x80, 0xE1,
    0xE0, 0x3C, 0x70, 0x07, 0x3C, 0x01, 0xEE, 0x00, 0x3B, 0x80, 0x0F, 0xE0, 0x03, 0xF0, 0x00, 0x7C,
    0x00, 0x1E, 0x00, 0x03, 0x80, 0x01, 0xE0, 0x07, 0xF0, 0x01, 0xF8, 0x00, 0x7C, 0x00, 0x0C, 0x30,
    0x1E, 0x78, 0x1E, 0x78, 0x0C, 0x30, 0x00, 0x00, 0x00, 0x00, 0x70, 0x0F, 0x70, 0x0E, 0x78, 0x1E,
    0x38, 0x1E, 0x38, 0x1C, 0x3C, 0x3C, 0x1C, 0x38, 0x1C, 0x38, 0x1E, 0x78, 0x0E, 0x70, 0x0F, 0x70,
    0x07, 0xE0, 0x07, 0xE0, 0x07, 0xE0, 0x03, 0xC0, 0x03, 0xC0, 0x03, 0xC0, 0x03, 0x80, 0x07, 0x80,
    0x3F, 0x00, 0x3F, 0x00, 0x3E, 0x00, 0x00, 0x00, 0x03, 0x9C, 0x01, 0xEF, 0x00, 0x73, 0x80, 0x1D,
    0xC0, 0x06, 0x60, 0x00, 0x00, 0x07, 0x00, 0x19, 0xC0, 0x0F, 0x78, 0x03, 0x9E, 0x01, 0xE3, 0xC0,
    0x70, 0xF0, 0x3C, 0x1C, 0x0E, 0x07, 0x87, 0x80, 0xE1, 0xE0, 0x3C, 0x70, 0x07, 0x3C, 0x01, 0xEE,
    0x00, 0x3B, 0x80, 0x0F, 0xE0, 0x03, 0xF0, 0x00, 0x7C, 0x00, 0x1E, 0x00, 0x03, 0x80, 0x01, 0xE0,
    0x07, 0xF0, 0x01, 0xF8, 0x00, 0x7C, 0x00, 0x07, 0x38, 0x0F, 0x78, 0x0E, 0x70, 0x0E, 0xE0, 0x0C,
    0xC0, 0x00, 0x00, 0x70, 0x0F, 0x70, 0x0E, 0x78, 0x1E, 0x38, 0x1E, 0x38, 0x1C, 0x3C, 0x3C, 0x1C,
    0x38, 0x1C, 0x38, 0x1E, 0x78, 0x0E, 0x70, 0x0F, 0x70, 0x07, 0xE0, 0x07, 0xE0, 0x07, 0xE0, 0x03,
    0xC0, 0x03, 0xC0, 0x03, 0xC0, 0x03, 0x80, 0x07, 0x80, 0x3F, 0x00, 0x3F, 0x00, 0x3E, 0x00, 0x00,
    0x00, 0x0C, 0x70, 0x1E, 0x78, 0x1E, 0x78, 0x0C, 0x30, 0x00, 0x00, 0x00, 0x00, 0xE0, 0x07, 0xE0,
    0x07, 0xE0, 0x07, 0xE0, 0x07, 0xE0, 0x07, 0xE0, 0x07, 0xE0, 0x07, 0xE0, 0x07, 0xE0, 0x07, 0xF0,
    0x07, 0xF8, 0x1F, 0x7F, 0xFF, 0x3F, 0xFF, 0x1F, 0xF7, 0x00, 0x07, 0x00, 0x07, 0x00, 0x07, 0x00,
    0x07, 0x00, 0x07, 0x00, 0x07, 0x00, 0x07, 0x00, 0x07, 0x38, 0xE3, 0xCF, 0x1E, 0x78, 0x71, 0xC0,
    0x00, 0x00, 0x03, 0x80, 0xFC, 0x07, 0xE0, 0x3F, 0x01, 0xF8, 0x0F, 0xC0, 0x7E, 0x03, 0xF8, 0x1F,
    0xFF, 0xEF, 0xFF, 0x3F, 0xF8, 0x01, 0xC0, 0x0E, 0x00, 0x70, 0x03, 0x80, 0x1C, 0x7F, 0xFB, 0xFF,
    0xFF, 0xFF, 0xFF, 0xFE, 0xF0, 0x03, 0xC0, 0x0F, 0x00, 0x3C, 0x00, 0xF0, 0x03, 0xC0, 0x0F, 0x00,
    0x3C, 0x00, 0xF0, 0x03, 0xC0, 0x0F, 0x00, 0x3C, 0x00, 0xF0, 0x03, 0xC0, 0x0F, 0x00, 0x3E, 0x00,
    0xFC, 0x03, 0xF0, 0x03, 0xC0, 0x0F, 0x00, 0x3C, 0x00, 0xF0, 0x03, 0x80, 0x00, 0xFF, 0xDF, 0xFB,
    0xFF, 0x70, 0x0E, 0x01, 0xC0, 0x38, 0x07, 0x00, 0xE0, 0x1C, 0x03, 0x80, 0x70, 0x0E, 0x01, 0xF0,
    0x3E, 0x07, 0xC0, 0x38, 0x07, 0x00, 0xE0, 0x1C, 0x03, 0x80, 0x03, 0x8E, 0x00, 0x3C, 0xF0, 0x01,
    0xE7, 0x80, 0x07, 0x18, 0x00, 0x00, 0x00, 0x00, 0x00, 0x01, 0x80, 0x00, 0xFE, 0x00, 0x07, 0xF0,
    0x00, 0x3F, 0x80, 0x01, 0xFC, 0x00, 0x0F, 0xE0, 0x00, 0x7F, 0x00, 0x03, 0xF8, 0x00, 0x1F, 0xC0,
    0x00, 0xFF, 0xFE, 0x07, 0xFF, 0xFC, 0x3F, 0xFF, 0xE1, 0xFC, 0x07, 0x8F, 0xE0, 0x1C, 0x7F, 0x00,
    0xF3, 0xF8, 0x07, 0x9F, 0xC0, 0x3C, 0xFE, 0x01, 0xC7, 0xF0, 0x1E, 0x3F, 0xFF, 0xF1, 0xFF, 0xFF,
    0x0F, 0xFF, 0xE0, 0x70, 0x0E, 0x38, 0x07, 0x9C, 0x03, 0x8E, 0x01, 0xC7, 0x00, 0x00, 0x00, 0x00,
    0x03, 0x80, 0x0F, 0xC0, 0x07, 0xE0, 0x03, 0xF0, 0x01, 0xF8, 0x00, 0xFF, 0xC0, 0x7F, 0xFE, 0x3F,
    0xFF, 0x9F, 0xFF, 0xEF, 0xC0, 0xF7, 0xE0, 0x3B, 0xF0, 0x1D, 0xF8, 0x1E, 0xFF, 0xFE, 0x7F, 0xFF,
    0x3F, 0xFE, 0x1C, 0x1F, 0xFF, 0x1F, 0xFF, 0x1F, 0xFF, 0x1F, 0xFE, 0x1C, 0x00, 0x1C, 0x00, 0x1C,
    0x00, 0x1C, 0x00, 0x1C, 0x00, 0x1C, 0x00, 0xFF, 0xF0, 0xFF, 0xF0, 0xFF, 0xF0, 0x1C, 0x00, 0x1C,
    0x00, 0x1C, 0x00, 0x1C, 0x00, 0x1C, 0x00, 0x1C, 0x00, 0x1F, 0x00, 0x1F, 0x00, 0x1F, 0x00, 0x07,
    0x00, 0x07, 0x00, 0x07, 0x00, 0x3F, 0x00, 0x3E, 0x00, 0x3E, 0x00, 0x00, 0x00, 0x3F, 0xF1, 0xFF,
    0x8F, 0xFC, 0x70, 0x03, 0x80, 0x1C, 0x00, 0xE0, 0x1F, 0xF8, 0xFF, 0xC7, 0xFC, 0x0E, 0x00, 0x70,
    0x03, 0x80, 0x1F, 0x00, 0xF8, 0x07, 0xC0, 0x0E, 0x00, 0x70, 0x03, 0x80, 0xFC, 0x07, 0xE0, 0x3E,
    0x00, 0x00, 0x00, 0x70, 0x00, 0xC3, 0xC0, 0x0F, 0x0F, 0x00, 0xF0, 0x3C, 0x0F, 0x01, 0xE0, 0x70,
    0x07, 0x87, 0x80, 0x1E, 0x78, 0x00, 0xF3, 0x80, 0x03, 0xFC, 0x00, 0x0F, 0xC0, 0x00, 0x7C, 0x00,
    0x01, 0xE0, 0x00, 0x1F, 0x80, 0x01, 0xFE, 0x00, 0x0E, 0xF0, 0x00, 0xF3, 0xC0, 0x0F, 0x0F, 0x00,
    0xF0, 0x78, 0x07, 0x81, 0xE0, 0x78, 0x07, 0xE7, 0x80, 0x3F, 0xBC, 0x00, 0xFC, 0x00, 0x01, 0xE0,
    0x00, 0x0F, 0x00, 0x00, 0x78, 0x00, 0x1F, 0x80, 0x00, 0xFC, 0x00, 0x07, 0xC0, 0x00, 0x00, 0x00,
    0x70, 0x1C, 0xF0, 0x78, 0xE1, 0xE1, 0xE3, 0x81, 0xEF, 0x01, 0xDC, 0x03, 0xF8, 0x03, 0xE0, 0x07,
    0xC0, 0x0F, 0x80, 0x3F, 0x80, 0xF7, 0x81, 0xC7, 0x07, 0x8F, 0x1E, 0x0E, 0x38, 0x0E, 0x00, 0x1C,
    0x00, 0x38, 0x00, 0x70, 0x07, 0xE0, 0x0F, 0xC0, 0x3F, 0x00, 0x10, 0x00, 0x70, 0x00, 0xCF, 0x00,
    0x3C, 0xF0, 0x0F, 0x0F, 0x03, 0xC1, 0xE0, 0x70, 0x1E, 0x1E, 0x01, 0xE7, 0x80, 0x3C, 0xE0, 0x03,
    0xFC, 0x00, 0x3F, 0x00, 0xFF, 0xFF, 0x1F, 0xFF, 0xE0, 0x1F, 0x80, 0x07, 0xF8, 0x00, 0xEF, 0x00,
    0x3C, 0xF0, 0x0F, 0x0F, 0x03, 0xC1, 0xE0, 0x78, 0x1E, 0x1E, 0x01, 0xE7, 0x80, 0x3C, 0xF0, 0x03,
    0xC0, 0x78, 0x1E, 0x70, 0x78, 0xF0, 0xF0, 0xF3, 0xC0, 0xE7, 0x01, 0xFC, 0x01, 0xF8, 0x3F, 0xFE,
    0x7F, 0xFC, 0x0F, 0xC0, 0x3F, 0x80, 0x73, 0x81, 0xE7, 0x87, 0x87, 0x9E, 0x0F, 0x3C, 0x0F, 0x00,
    0xE0, 0x00, 0x0F, 0x00, 0x01, 0xF0, 0x00, 0x1F, 0x80, 0x01, 0xF8, 0x00, 0x3F, 0xC0, 0x03, 0x9C,
    0x00, 0x39, 0xC0, 0x07, 0x9E, 0x00, 0x70, 0xE0, 0x0F, 0x0E, 0x00, 0xF0, 0xF0, 0x0E, 0x07, 0x01,
    0xFF, 0xF8, 0x1F, 0xFF, 0x81, 0xFF, 0xF8, 0x3C, 0x03, 0xC3, 0x80, 0x3C, 0x38, 0x01, 0xC7, 0x80,
    0x1E, 0x70, 0x00, 0xEF, 0x00, 0x0E, 0x00, 0x00, 0x00, 0x00, 0x00, 0x00, 0xF0, 0x00, 0x0F, 0x00,
    0x00, 0xF0, 0x00, 0x06, 0x00, 0x1F, 0xE1, 0xFF, 0x9F, 0xFE, 0xE0, 0xF7, 0x03, 0x80, 0x1C, 0x0F,
    0xE7, 0xFF, 0x7F, 0xFF, 0xE1, 0xFC, 0x0F, 0xC0, 0x7E, 0x07, 0xFC, 0x7D, 0xFF, 0xE7, 0xF7, 0x0E,
    0x00, 0x00, 0x01, 0xC0, 0x0F, 0x00, 0x78, 0x01, 0x80, 0x01, 0xF0, 0x00, 0x1F, 0x00, 0x00, 0x70,
    0x00, 0x07, 0x00, 0x00, 0x60, 0x00, 0x00, 0x00, 0x00, 0xE0, 0x00, 0x0F, 0x00, 0x01, 0xF0, 0x00,
    0x1F, 0x80, 0x01, 0xF8, 0x00, 0x3F, 0xC0, 0x03, 0x9C, 0x00, 0x39, 0xC0, 0x07, 0x9E, 0x00, 0x70,
    0xE0, 0x0F, 0x0E, 0x00, 0xF0, 0xF0, 0x0E, 0x07, 0x01, 0xFF, 0xF8, 0x1F, 0xFF, 0x81, 0xFF, 0xF8,
    0x3C, 0x03, 0xC3, 0x80, 0x3C, 0x38, 0x01, 0xC7, 0x80, 0x1E, 0x70, 0x00, 0xEF, 0x00, 0x0E, 0x0F,
    0x80, 0x7C, 0x00, 0xE0, 0x07, 0x00, 0x30, 0x00, 0x00, 0x7F, 0x87, 0xFE, 0x7F, 0xFB, 0x83, 0xDC,
    0x0E, 0x00, 0x70, 0x3F, 0x9F, 0xFD, 0xFF, 0xFF, 0x87, 0xF0, 0x3F, 0x01, 0xF8, 0x1F, 0xF1, 0xF7,
    0xFF, 0x9F, 0xDC, 0x38, 0x00, 0x00, 0x03, 0x80, 0x00, 0x70, 0x00, 0x0F, 0x00, 0x00, 0xE0, 0x00,
    0x0C, 0x00, 0x0F, 0x00, 0x01, 0xF8, 0x00, 0x1F, 0xC0, 0x03, 0x9C, 0x00, 0x70, 0xE0, 0x00, 0x00,
    0x00, 0x0E, 0x00, 0x00, 0xF0, 0x00, 0x1F, 0x00, 0x01, 0xF8, 0x00, 0x1F, 0x80, 0x03, 0xFC, 0x00,
    0x39, 0xC0, 0x03, 0x9C, 0x00, 0x79, 0xE0, 0x07, 0x0E, 0x00, 0xF0, 0xE0, 0x0F, 0x0F, 0x00, 0xE0,
    0x70, 0x1F, 0xFF, 0x81, 0xFF, 0xF8, 0x1F, 0xFF, 0x83, 0xC0, 0x3C, 0x38, 0x03, 0xC3, 0x80, 0x1C,
    0x78, 0x01, 0xE7, 0x00, 0x0E, 0xF0, 0x00, 0xE0, 0x00, 0x3C, 0x00, 0xE0, 0x07, 0x80, 0x1C, 0x00,
    0x60, 0x1E, 0x00, 0xFC, 0x07, 0xF0, 0x1C, 0xE0, 0xE1, 0xC0, 0x00, 0x07, 0xF8, 0x3F, 0xF1, 0xFF,
    0xE7, 0x07, 0x9C, 0x0E, 0x00, 0x38, 0x0F, 0xE3, 0xFF, 0x9F, 0xFE, 0xFC, 0x3B, 0xC0, 0xEE, 0x03,
    0xB8, 0x1E, 0xF8, 0xF9, 0xFF, 0xE3, 0xFB, 0x83, 0x80, 0x00, 0x38, 0x00, 0x03, 0xC0, 0x00, 0x1C,
    0x00, 0x00, 0xE0, 0x00, 0x0E, 0x00, 0x0F, 0x00, 0x01, 0xF8, 0x00, 0x1F, 0xC0, 0x03, 0x9C, 0x00,
    0x70, 0xE0, 0x00, 0x00, 0x00, 0x0E, 0x00, 0x00, 0xF0, 0x00, 0x1F, 0x00, 0x01, 0xF8, 0x00, 0x1F,
    0x80, 0x03, 0xFC, 0x00, 0x39, 0xC0, 0x03, 0x9C, 0x00, 0x79, 0xE0, 0x07, 0x0E, 0x00, 0xF0, 0xE0,
    0x0F, 0x0F, 0x00, 0xE0, 0x70, 0x1F, 0xFF, 0x81, 0xFF, 0xF8, 0x1F, 0xFF, 0x83, 0xC0, 0x3C, 0x38,
    0x03, 0xC3, 0x80, 0x1C, 0x78, 0x01, 0xE7, 0x00, 0x0E, 0xF0, 0x00, 0xE0, 0x01, 0xC0, 0x0F, 0x00,
    0x38, 0x01, 0xE0, 0x07, 0x03, 0xC0, 0x3F, 0x03, 0xF8, 0x1C, 0xE1, 0xC3, 0x80, 0x00, 0x3F, 0xC3,
    0xFF, 0x3F, 0xFD, 0xC1, 0xEE, 0x07, 0x00, 0x38, 0x1F, 0xCF, 0xFE, 0xFF, 0xFF, 0xC3, 0xF8, 0x1F,
    0x80, 0xFC, 0x0F, 0xF8, 0xFB, 0xFF, 0xCF, 0xEE, 0x1C, 0x00, 0x00, 0x3C, 0x00, 0x03, 0xE0, 0x00,
    0x1E, 0x00, 0x00, 0xE0, 0x00, 0x0C, 0x00, 0x0F, 0x00, 0x01, 0xF8, 0x00, 0x1F, 0xC0, 0x03, 0x9C,
    0x00, 0x70, 0xE0, 0x00, 0x00, 0x00, 0x0E, 0x00, 0x00, 0xF0, 0x00, 0x1F, 0x00, 0x01, 0xF8, 0x00,
    0x1F, 0x80, 0x03, 0xFC, 0x00, 0x39, 0xC0, 0x03, 0x9C, 0x00, 0x79, 0xE0, 0x07, 0x0E, 0x00, 0xF0,
    0xE0, 0x0F, 0x0F, 0x00, 0xE0, 0x70, 0x1F, 0xFF, 0x81, 0xFF, 0xF8, 0x1F, 0xFF, 0x83, 0xC0, 0x3C,
    0x38, 0x03, 0xC3, 0x80, 0x1C, 0x78, 0x01, 0xE7, 0x00, 0x0E, 0xF0, 0x00, 0xE0, 0x01, 0xE0, 0x0F,
    0x80, 0x3C, 0x00, 0xE0, 0x06, 0x03, 0xC0, 0x3F, 0x03, 0xF8, 0x1C, 0xE1, 0xC3, 0x80, 0x00, 0x3F,
    0xC3, 0xFF, 0x3F, 0xFD, 0xC1, 0xEE, 0x07, 0x00, 0x38, 0x1F, 0xCF, 0xFE, 0xFF, 0xFF, 0xC3, 0xF8,
    0x1F, 0x80, 0xFC, 0x0F, 0xF8, 0xFB, 0xFF, 0xCF, 0xEE, 0x1C, 0x00, 0x00, 0x00, 0x00, 0x3E, 0xC0,
    0x03, 0xFC, 0x00, 0x37, 0xC0, 0x00, 0x00, 0x00, 0x0F, 0x00, 0x01, 0xF8, 0x00, 0x1F, 0xC0, 0x03,
    0x9C, 0x00, 0x70, 0xE0, 0x00, 0x00, 0x00, 0x0E, 0x00, 0x00, 0xF0, 0x00, 0x1F, 0x00, 0x01, 0xF8,
    0x00, 0x1F, 0x80, 0x03, 0xFC, 0x00, 0x39, 0xC0, 0x03, 0x9C, 0x00, 0x79, 0xE0, 0x07, 0x0E, 0x00,
    0xF0, 0xE0, 0x0F, 0x0F, 0x00, 0xE0, 0x70, 0x1F, 0xFF, 0x81, 0xFF, 0xF8, 0x1F, 0xFF, 0x83, 0xC0,
    0x3C, 0x38, 0x03, 0xC3, 0x80, 0x1C, 0x78, 0x01, 0xE7, 0x00, 0x0E, 0xF0, 0x00, 0xE0, 0x00, 0x00,
    0xFB, 0x07, 0xF8, 0x77, 0xC0, 0x00, 0x03, 0xC0, 0x3F, 0x03, 0xF8, 0x1C, 0xE1, 0xC3, 0x80, 0x00,
    0x3F, 0xC3, 0xFF, 0x3F, 0xFD, 0xC1, 0xEE, 0x07, 0x00, 0x38, 0x1F, 0xCF, 0xFE, 0xFF, 0xFF, 0xC3,
    0xF8, 0x1F, 0x80, 0xFC, 0x0F, 0xF8, 0xFB, 0xFF, 0xCF, 0xEE, 0x1C, 0x00, 0x00, 0xF0, 0x00, 0x1F,
    0x80, 0x03, 0xFC, 0x00, 0x79, 0xE0, 0x00, 0x00, 0x00, 0x00, 0x00, 0x00, 0xE0, 0x00, 0x0F, 0x00,
    0x01, 0xF0, 0x00, 0x1F, 0x80, 0x01, 0xF8, 0x00, 0x3F, 0xC0, 0x03, 0x9C, 0x00, 0x39, 0xC0, 0x07,
    0x9E, 0x00, 0x70, 0xE0, 0x0F, 0x0E, 0x00, 0xF0, 0xF0, 0x0E, 0x07, 0x01, 0xFF, 0xF8, 0x1F, 0xFF,
    0x81, 0xFF, 0xF8, 0x3C, 0x03, 0xC3, 0x80, 0x3C, 0x38, 0x01, 0xC7, 0x80, 0x1E, 0x70, 0x00, 0xEF,
    0x00, 0x0E, 0x00, 0x00, 0x00, 0x00, 0x00, 0x00, 0xF0, 0x00, 0x0F, 0x00, 0x00, 0xF0, 0x00, 0x06,
    0x00, 0x07, 0x80, 0x7E, 0x07, 0x78, 0x79, 0xE0, 0x00, 0x00, 0x00, 0x7F, 0x87, 0xFE, 0x7F, 0xFB,
    0x83, 0xDC, 0x0E, 0x00, 0x70, 0x3F, 0x9F, 0xFD, 0xFF, 0xFF, 0x87, 0xF0, 0x3F, 0x01, 0xF8, 0x1F,
    0xF1, 0xF7, 0xFF, 0x9F, 0xDC, 0x38, 0x00, 0x00, 0x07, 0x00, 0x3C, 0x01, 0xE0, 0x06, 0x00, 0x00,
    0x1C, 0x00, 0x03, 0x80, 0x00, 0x38, 0x00, 0x07, 0x00, 0x00, 0x60, 0x00, 0x30, 0xC0, 0x03, 0x0C,
    0x00, 0x3F, 0xC0, 0x01, 0xF8, 0x00, 0x0F, 0x00, 0x00, 0x00, 0x00, 0x0E, 0x00, 0x00, 0xF0, 0x00,
    0x1F, 0x00, 0x01, 0xF8, 0x00, 0x1F, 0x80, 0x03, 0xFC, 0x00, 0x39, 0xC0, 0x03, 0x9C, 0x00, 0x79,
    0xE0, 0x07, 0x0E, 0x00, 0xF0, 0xE0, 0x0F, 0x0F, 0x00, 0xE0, 0x70, 0x1F, 0xFF, 0x81, 0xFF, 0xF8,
    0x1F, 0xFF, 0x83, 0xC0, 0x3C, 0x38, 0x03, 0xC3, 0x80, 0x1C, 0x78, 0x01, 0xE7, 0x00, 0x0E, 0xF0,
    0x00, 0xE0, 0x01, 0xE0, 0x0E, 0x00, 0xF0, 0x07, 0x00, 0x30, 0x0C, 0x30, 0x63, 0x83, 0xFC, 0x0F,
    0xC0, 0x3C, 0x00, 0x00, 0x3F, 0xC3, 0xFF, 0x3F, 0xFD, 0xC1, 0xEE, 0x07, 0x00, 0x38, 0x1F, 0xCF,
    0xFE, 0xFF, 0xFF, 0xC3, 0xF8, 0x1F, 0x80, 0xFC, 0x0F, 0xF8, 0xFB, 0xFF, 0xCF, 0xEE, 0x1C, 0x00,
    0x03, 0x80, 0x00, 0x3C, 0x00, 0x01, 0xC0, 0x00, 0x0E, 0x00, 0x00, 0x60, 0x00, 0x30, 0xC0, 0x03,
    0x1C, 0x00, 0x3F, 0xC0, 0x01, 0xF8, 0x00, 0x0F, 0x00, 0x00, 0x00, 0x00, 0x0E, 0x00, 0x00, 0xF0,
    0x00, 0x1F, 0x00, 0x01, 0xF8, 0x00, 0x1F, 0x80, 0x03, 0xFC, 0x00, 0x39, 0xC0, 0x03, 0x9C, 0x00,
    0x79, 0xE0, 0x07, 0x0E, 0x00, 0xF0, 0xE0, 0x0F, 0x0F, 0x00, 0xE0, 0x70, 0x1F, 0xFF, 0x81, 0xFF,
    0xF8, 0x1F, 0xFF, 0x83, 0xC0, 0x3C, 0x38, 0x03, 0xC3, 0x80, 0x1C, 0x78, 0x01, 0xE7, 0x00, 0x0E,
    0xF0, 0x00, 0xE0, 0x1C, 0x00, 0xF0, 0x03, 0x80, 0x0E, 0x00, 0x70, 0x1C, 0x30, 0xE3, 0x83, 0xFC,
    0x0F, 0xC0, 0x38, 0x00, 0x00, 0x3F, 0xC3, 0xFF, 0x3F, 0xFD, 0xC1, 0xEE, 0x07, 0x00, 0x38, 0x1F,
    0xCF, 0xFE, 0xFF, 0xFF, 0xC3, 0xF8, 0x1F, 0x80, 0xFC, 0x0F, 0xF8, 0xFB, 0xFF, 0xCF, 0xEE, 0x1C,
    0x00, 0x01, 0xE0, 0x00, 0x1F, 0x00, 0x00, 0xF0, 0x00, 0x07, 0x00, 0x00, 0x60, 0x00, 0x30, 0xC0,
    0x03, 0x0C, 0x00, 0x3F, 0xC0, 0x01, 0xF8, 0x00, 0x0F, 0x00, 0x00, 0x00, 0x00, 0x0E, 0x00, 0x00,
    0xF0, 0x00, 0x1F, 0x00, 0x01, 0xF8, 0x00, 0x1F, 0x80, 0x03, 0xFC, 0x00, 0x39, 0xC0, 0x03, 0x9C,
    0x00, 0x79, 0xE0, 0x07, 0x0E, 0x00, 0xF0, 0xE0, 0x0F, 0x0F, 0x00, 0xE0, 0x70, 0x1F, 0xFF, 0x81,
    0xFF, 0xF8, 0x1F, 0xFF, 0x83, 0xC0, 0x3C, 0x38, 0x03, 0xC3, 0x80, 0x1C, 0x78, 0x01, 0xE7, 0x00,
    0x0E, 0xF0, 0x00, 0xE0, 0x0F, 0x00, 0x7C, 0x01, 0xE0, 0x07, 0x00, 0x30, 0x0C, 0x30, 0x63, 0x83,
    0xFC, 0x0F, 0xC0, 0x3C, 0x00, 0x00, 0x3F, 0xC3, 0xFF, 0x3F, 0xFD, 0xC1, 0xEE, 0x07, 0x00, 0x38,
    0x1F, 0xCF, 0xFE, 0xFF, 0xFF, 0xC3, 0xF8, 0x1F, 0x80, 0xFC, 0x0F, 0xF8, 0xFB, 0xFF, 0xCF, 0xEE,
    0x1C, 0x00, 0x00, 0x00, 0x00, 0x3E, 0xE0, 0x03, 0xFC, 0x00, 0x37, 0xC0, 0x00, 0x00, 0x00, 0x30,
    0xC0, 0x03, 0x0C, 0x00, 0x3F, 0xC0, 0x01, 0xF8, 0x00, 0x0F, 0x00, 0x00, 0x00, 0x00, 0x0E, 0x00,
    0x00, 0xF0, 0x00, 0x1F, 0x00, 0x01, 0xF8, 0x00, 0x1F, 0x80, 0x03, 0xFC, 0x00, 0x39, 0xC0, 0x03,
    0x9C, 0x00, 0x79, 0xE0, 0x07, 0x0E, 0x00, 0xF0, 0xE0, 0x0F, 0x0F, 0x00, 0xE0, 0x70, 0x1F, 0xFF,
    0x81, 0xFF, 0xF8, 0x1F, 0xFF, 0x83, 0xC0, 0x3C, 0x38, 0x03, 0xC3, 0x80, 0x1C, 0x78, 0x01, 0xE7,
    0x00, 0x0E, 0xF0, 0x00, 0xE0, 0x00, 0x00, 0xFB, 0x07, 0xF8, 0x37, 0xC0, 0x00, 0x0C, 0x30, 0x63,
    0x83, 0xFC, 0x0F, 0xC0, 0x38, 0x00, 0x00, 0x3F, 0xC3, 0xFF, 0x3F, 0xFD, 0xC1, 0xEE, 0x07, 0x00,
    0x38, 0x1F, 0xCF, 0xFE, 0xFF, 0xFF, 0xC3, 0xF8, 0x1F, 0x80, 0xFC, 0x0F, 0xF8, 0xFB, 0xFF, 0xCF,
    0xEE, 0x1C, 0x00, 0x03, 0x0C, 0x00, 0x39, 0xC0, 0x03, 0xFC, 0x00, 0x1F, 0x80, 0x00, 0x00, 0x00,
    0x00, 0x00, 0x00, 0xE0, 0x00, 0x0F, 0x00, 0x01, 0xF0, 0x00, 0x1F, 0x80, 0x01, 0xF8, 0x00, 0x3F,
    0xC0, 0x03, 0x9C, 0x00, 0x39, 0xC0, 0x07, 0x9E, 0x00, 0x70, 0xE0, 0x0F, 0x0E, 0x00, 0xF0, 0xF0,
    0x0E, 0x07, 0x01, 0xFF, 0xF8, 0x1F, 0xFF, 0x81, 0xFF, 0xF8, 0x3C, 0x03, 0xC3, 0x80, 0x3C, 0x38,
    0x01, 0xC7, 0x80, 0x1E, 0x70, 0x00, 0xEF, 0x00, 0x0E, 0x00, 0x00, 0x00, 0x00, 0x00, 0x00, 0xF0,
    0x00, 0x0F, 0x00, 0x00, 0xF0, 0x00, 0x06, 0x00, 0x38, 0x60, 0xE7, 0x07, 0xF8, 0x1F, 0x80, 0x00,
    0x00, 0x00, 0x7F, 0x87, 0xFE, 0x7F, 0xFB, 0x83, 0xDC, 0x0E, 0x00, 0x70, 0x3F, 0x9F, 0xFD, 0xFF,
    0xFF, 0x87, 0xF0, 0x3F, 0x01, 0xF8, 0x1F, 0xF1, 0xF7, 0xFF, 0x9F, 0xDC, 0x38, 0x00, 0x00, 0x07,
    0x00, 0x3C, 0x01, 0xE0, 0x06, 0x00, 0x7F, 0xFF, 0xFF, 0xFF, 0xFF, 0xFF, 0xFE, 0xF0, 0x03, 0xC0,
    0x0F, 0x00, 0x3C, 0x00, 0xF0, 0x03, 0xC0, 0x0F, 0xFF, 0xBF, 0xFE, 0xFF, 0xFB, 0xC0, 0x0F, 0x00,
    0x3C, 0x00, 0xF0, 0x03, 0xC0, 0x0F, 0x00, 0x3F, 0xFF, 0xFF, 0xFF, 0xFF, 0xF0, 0x00, 0x00, 0x00,
    0x03, 0x80, 0x1E, 0x00, 0x78, 0x00, 0xC0, 0x0F, 0xE0, 0x3F, 0xE0, 0xFF, 0xE3, 0xC1, 0xE7, 0x01,
    0xDE, 0x03, 0xFF, 0xFF, 0xFF, 0xFF, 0xFF, 0xFF, 0xC0, 0x03, 0xC0, 0x03, 0x80, 0xC7, 0x81, 0xCF,
    0x8F, 0x8F, 0xFE, 0x0F, 0xF8, 0x03, 0xC0, 0x00, 0x00, 0x0E, 0x00, 0x3E, 0x00, 0x78, 0x00, 0x70,
    0x00, 0x0F, 0x80, 0x3F, 0x00, 0x38, 0x00, 0xE0, 0x03, 0x00, 0x00, 0x07, 0xFF, 0xFF, 0xFF, 0xFF,
    0xFF, 0xFF, 0xEF, 0x00, 0x3C, 0x00, 0xF0, 0x03, 0xC0, 0x0F, 0x00, 0x3C, 0x00, 0xFF, 0xFB, 0xFF,
    0xEF, 0xFF, 0xBC, 0x00, 0xF0, 0x03, 0xC0, 0x0F, 0x00, 0x3C, 0x00, 0xF0, 0x03, 0xFF, 0xFF, 0xFF,
    0xFF, 0xFF, 0x07, 0x80, 0x0F, 0x80, 0x07, 0x00, 0x1C, 0x00, 0x30, 0x00, 0x00, 0x03, 0xF8, 0x0F,
    0xF8, 0x3F, 0xF8, 0xF0, 0x79, 0xC0, 0x77, 0x80, 0xFF, 0xFF, 0xFF, 0xFF, 0xFF, 0xFF, 0xF0, 0x00,
    0xF0, 0x00, 0xE0, 0x31, 0xE0, 0x73, 0xE3, 0xE3, 0xFF, 0x83, 0xFE, 0x00, 0xF0, 0x00, 0x0E, 0x60,
    0x7F, 0x81, 0xFE, 0x06, 0x30, 0x00, 0x00, 0x00, 0x07, 0xFF, 0xFF, 0xFF, 0xFF, 0xFF, 0xFF, 0xEF,
    0x00, 0x3C, 0x00, 0xF0, 0x03, 0xC0, 0x0F, 0x00, 0x3C, 0x00, 0xFF, 0xFB, 0xFF, 0xEF, 0xFF, 0xBC,
    0x00, 0xF0, 0x03, 0xC0, 0x0F, 0x00, 0x3C, 0x00, 0xF0, 0x03, 0xFF, 0xFF, 0xFF, 0xFF, 0xFF, 0x0E,
    0x30, 0x3F, 0xE0, 0x7F, 0x80, 0xC6, 0x00, 0x00, 0x00, 0x00, 0x03, 0xF8, 0x0F, 0xF8, 0x3F, 0xF8,
    0xF0, 0x79, 0xC0, 0x77, 0x80, 0xFF, 0xFF, 0xFF, 0xFF, 0xFF, 0xFF, 0xF0, 0x00, 0xF0, 0x00, 0xE0,
    0x31, 0xE0, 0x73, 0xE3, 0xE3, 0xFF, 0x83, 0xFE, 0x00, 0xF0, 0x00, 0x00, 0x1C, 0x00, 0xF0, 0x03,
    0x80, 0x1C, 0x00, 0x60, 0x1E, 0x00, 0x7C, 0x03, 0xF8, 0x1C, 0xF0, 0x61, 0xC0, 0x00, 0x1F, 0xFF,
    0xFF, 0xFF, 0xFF, 0xFF, 0xFF, 0xBC, 0x00, 0xF0, 0x03, 0xC0, 0x0F, 0x00, 0x3C, 0x00, 0xF0, 0x03,
    0xFF, 0xEF, 0xFF, 0xBF, 0xFE, 0xF0, 0x03, 0xC0, 0x0F, 0x00, 0x3C, 0x00, 0xF0, 0x03, 0xC0, 0x0F,
    0xFF, 0xFF, 0xFF, 0xFF, 0xFC, 0x00, 0x1C, 0x00, 0x78, 0x00, 0xE0, 0x03, 0xC0, 0x07, 0x00, 0x70,
    0x01, 0xF0, 0x07, 0xF0, 0x1E, 0xF0, 0x38, 0xE0, 0x00, 0x00, 0x7F, 0x01, 0xFF, 0x07, 0xFF, 0x1E,
    0x0F, 0x38, 0x0E, 0xF0, 0x1F, 0xFF, 0xFF, 0xFF, 0xFF, 0xFF, 0xFE, 0x00, 0x1E, 0x00, 0x1C, 0x06,
    0x3C, 0x0E, 0x7C, 0x7C, 0x7F, 0xF0, 0x7F, 0xC0, 0x1E, 0x00, 0x01, 0xC0, 0x07, 0x80, 0x0E, 0x00,
    0x1C, 0x00, 0x70, 0x1E, 0x00, 0x7C, 0x03, 0xF8, 0x1C, 0xF0, 0x61, 0xC0, 0x00, 0x1F, 0xFF, 0xFF,
    0xFF, 0xFF, 0xFF, 0xFF, 0xBC, 0x00, 0xF0, 0x03, 0xC0, 0x0F, 0x00, 0x3C, 0x00, 0xF0, 0x03, 0xFF,
    0xEF, 0xFF, 0xBF, 0xFE, 0xF0, 0x03, 0xC0, 0x0F, 0x00, 0x3C, 0x00, 0xF0, 0x03, 0xC0, 0x0F, 0xFF,
    0xFF, 0xFF, 0xFF, 0xFC, 0x01, 0xE0, 0x01, 0xC0, 0x03, 0xC0, 0x03, 0x80, 0x03, 0x00, 0x70, 0x01,
    0xF0, 0x07, 0xF0, 0x1E, 0xF0, 0x38, 0xE0, 0x00, 0x00, 0x7F, 0x01, 0xFF, 0x07, 0xFF, 0x1E, 0x0F,
    0x38, 0x0E, 0xF0, 0x1F, 0xFF, 0xFF, 0xFF, 0xFF, 0xFF, 0xFE, 0x00, 0x1E, 0x00, 0x1C, 0x06, 0x3C,
    0x0E, 0x7C, 0x7C, 0x7F, 0xF0, 0x7F, 0xC0, 0x1E, 0x00, 0x01, 0xE0, 0x07, 0xC0, 0x0F, 0x00, 0x1C,
    0x00, 0x60, 0x1E, 0x00, 0x7C, 0x03, 0xF8, 0x1C, 0xF0, 0x61, 0xC0, 0x00, 0x1F, 0xFF, 0xFF, 0xFF,
    0xFF, 0xFF, 0xFF, 0xBC, 0x00, 0xF0, 0x03, 0xC0, 0x0F, 0x00, 0x3C, 0x00, 0xF0, 0x03, 0xFF, 0xEF,
    0xFF, 0xBF, 0xFE, 0xF0, 0x03, 0xC0, 0x0F, 0x00, 0x3C, 0x00, 0xF0, 0x03, 0xC0, 0x0F, 0xFF, 0xFF,
    0xFF, 0xFF, 0xFC, 0x00, 0xF0, 0x01, 0xF0, 0x03, 0xE0, 0x03, 0x80, 0x07, 0x00, 0x70, 0x01, 0xF0,
    0x07, 0xF0, 0x1E, 0xF0, 0x38, 0xE0, 0x00, 0x00, 0x7F, 0x01, 0xFF, 0x07, 0xFF, 0x1E, 0x0F, 0x38,
    0x0E, 0xF0, 0x1F, 0xFF, 0xFF, 0xFF, 0xFF, 0xFF, 0xFE, 0x00, 0x1E, 0x00, 0x1C, 0x06, 0x3C, 0x0E,
    0x7C, 0x7C, 0x7F, 0xF0, 0x7F, 0xC0, 0x1E, 0x00, 0x00, 0x00, 0x7D, 0xC1, 0xFE, 0x06, 0xF8, 0x00,
    0x00, 0x1E, 0x00, 0x7C, 0x03, 0xF8, 0x1C, 0xF0, 0x61, 0xC0, 0x00, 0x1F, 0xFF, 0xFF, 0xFF, 0xFF,
    0xFF, 0xFF, 0xBC, 0x00, 0xF0, 0x03, 0xC0, 0x0F, 0x00, 0x3C, 0x00, 0xF0, 0x03, 0xFF, 0xEF, 0xFF,
    0xBF, 0xFE, 0xF0, 0x03, 0xC0, 0x0F, 0x00, 0x3C, 0x00, 0xF0, 0x03, 0xC0, 0x0F, 0xFF, 0xFF, 0xFF,
    0xFF, 0xFC, 0x00, 0x00, 0x1E, 0xE0, 0x7F, 0xC0, 0xEF, 0x00, 0x00, 0x00, 0x70, 0x01, 0xF0, 0x07,
    0xF0, 0x1E, 0xF0, 0x38, 0xE0, 0x00, 0x00, 0x7F, 0x01, 0xFF, 0x07, 0xFF, 0x1E, 0x0F, 0x38, 0x0E,
    0xF0, 0x1F, 0xFF, 0xFF, 0xFF, 0xFF, 0xFF, 0xFE, 0x00, 0x1E, 0x00, 0x1C, 0x06, 0x3C, 0x0E, 0x7C,
    0x7C, 0x7F, 0xF0, 0x7F, 0xC0, 0x1E, 0x00, 0x07, 0x80, 0x3F, 0x01, 0xFE, 0x0F, 0x3C, 0x00, 0x00,
    0x00, 0x07, 0xFF, 0xFF, 0xFF, 0xFF, 0xFF, 0xFF, 0xEF, 0x00, 0x3C, 0x00, 0xF0, 0x03, 0xC0, 0x0F,
    0x00, 0x3C, 0x00, 0xFF, 0xFB, 0xFF, 0xEF, 0xFF, 0xBC, 0x00, 0xF0, 0x03, 0xC0, 0x0F, 0x00, 0x3C,
    0x00, 0xF0, 0x03, 0xFF, 0xFF, 0xFF, 0xFF, 0xFF, 0x00, 0x00, 0x00, 0x00, 0x38, 0x01, 0xE0, 0x07,
    0x80, 0x0C, 0x00, 0x07, 0xC0, 0x1F, 0x80, 0x3B, 0x80, 0xE3, 0x80, 0x00, 0x00, 0x00, 0x03, 0xF8,
    0x0F, 0xF8, 0x3F, 0xF8, 0xF0, 0x79, 0xC0, 0x77, 0x80, 0xFF, 0xFF, 0xFF, 0xFF, 0xFF, 0xFF, 0xF0,
    0x00, 0xF0, 0x00, 0xE0, 0x31, 0xE0, 0x73, 0xE3, 0xE3, 0xFF, 0x83, 0xFE, 0x00, 0xF0, 0x00, 0x00,
    0x03, 0x80, 0x0F, 0x80, 0x1E, 0x00, 0x1C, 0x00, 0xFF, 0xCE, 0x73, 0x00, 0xCF, 0x7B, 0xDE, 0xF7,
    0xBD, 0xEF, 0x7B, 0xDE, 0xF7, 0xBD, 0xEF, 0x7B, 0xDE, 0xF0, 0xF7, 0xCE, 0xE6, 0x01, 0xCE, 0x73,
    0x9C, 0xE7, 0x39, 0xCE, 0x73, 0x9C, 0xE7, 0x38, 0x6F, 0xFF, 0xFF, 0xFF, 0xFF, 0xFF, 0xFF, 0xFF,
    0xFF, 0xFF, 0xFF, 0x00, 0xEF, 0xF6, 0x77, 0xBC, 0xE0, 0x01, 0xCE, 0x73, 0x9C, 0xE7, 0x39, 0xCE,
    0x73, 0x9C, 0xE7, 0x38, 0x00, 0x77, 0xFC, 0xE0, 0x01, 0xF8, 0x00, 0x7F, 0xE0, 0x0F, 0xFF, 0x01,
    0xF8, 0xF8, 0x3C, 0x03, 0xC3, 0x80, 0x1E, 0x78, 0x01, 0xE7, 0x00, 0x0E, 0x70, 0x00, 0xFF, 0x00,
    0x0F, 0xF0, 0x00, 0x7F, 0x00, 0x07, 0xF0, 0x00, 0x7F, 0x00, 0x0F, 0x70, 0x00, 0xF7, 0x00, 0x0E,
    0x78, 0x01, 0xE3, 0xC0, 0x1E, 0x3E, 0x07, 0xC1, 0xFF, 0xF8, 0x0F, 0xFF, 0x00, 0x7F, 0xE0, 0x00,
    0xF0, 0x00, 0x00, 0x00, 0x00, 0x70, 0x00, 0x0F, 0x00, 0x00, 0xF0, 0x00, 0x06, 0x00, 0x0F, 0xE0,
    0x3F, 0xE0, 0xFF, 0xE3, 0xC1, 0xE7, 0x01, 0xFE, 0x03, 0xF8, 0x03, 0xF0, 0x07, 0xE0, 0x0F, 0xC0,
    0x1F, 0xC0, 0x3B, 0x80, 0xF7, 0x83, 0xCF, 0x8F, 0x8F, 0xFE, 0x0F, 0xF8, 0x03, 0x80, 0x00, 0x00,
    0x0E, 0x00, 0x1E, 0x00, 0x3C, 0x00, 0x70, 0x00, 0x01, 0xF0, 0x00, 0x1F, 0x80, 0x00, 0x30, 0x00,
    0x07, 0x00, 0x00, 0x60, 0x00, 0x00, 0x00, 0x01, 0xF8, 0x00, 0x7F, 0xE0, 0x0F, 0xFF, 0x01, 0xF8,
    0xF8, 0x3C, 0x03, 0xC3, 0x80, 0x1E, 0x78, 0x01, 0xE7, 0x00, 0x0E, 0x70, 0x00, 0xFF, 0x00, 0x0F,
    0xF0, 0x00, 0x7F, 0x00, 0x07, 0xF0, 0x00, 0x7F, 0x00, 0x0F, 0x70, 0x00, 0xF7, 0x00, 0x0E, 0x78,
    0x01, 0xE3, 0xC0, 0x1E, 0x3E, 0x07, 0xC1, 0xFF, 0xF8, 0x0F, 0xFF, 0x00, 0x7F, 0xE0, 0x00, 0xF0,
    0x00, 0x07, 0xC0, 0x0F, 0x80, 0x07, 0x00, 0x1C, 0x00, 0x10, 0x00, 0x00, 0x03, 0xF8, 0x0F, 0xF8,
    0x3F, 0xF8, 0xF0, 0x79, 0xC0, 0x7F, 0x80, 0xFE, 0x00, 0xFC, 0x01, 0xF8, 0x03, 0xF0, 0x07, 0xF0,
    0x0E, 0xE0, 0x3D, 0xE0, 0xF3, 0xE3, 0xE3, 0xFF, 0x83, 0xFE, 0x00, 0xE0, 0x00, 0x00, 0x03, 0x80,
    0x00, 0x78, 0x00, 0x07, 0x00, 0x00, 0xE0, 0x00, 0x0C, 0x00, 0x0F, 0x00, 0x00, 0xF8, 0x00, 0x1F,
    0xC0, 0x03, 0x9E, 0x00, 0x30, 0xE0, 0x00, 0x00, 0x00, 0x1F, 0x80, 0x07, 0xFE, 0x00, 0xFF, 0xF0,
    0x1F, 0x8F, 0x83, 0xC0, 0x3C, 0x38, 0x01, 0xE7, 0x80, 0x1E, 0x70, 0x00, 0xE7, 0x00, 0x0F, 0xF0,
    0x00, 0xFF, 0x00, 0x07, 0xF0, 0x00, 0x7F, 0x00, 0x07, 0xF0, 0x00, 0xF7, 0x00, 0x0F, 0x70, 0x00,
    0xE7, 0x80, 0x1E, 0x3C, 0x01, 0xE3, 0xE0, 0x7C, 0x1F, 0xFF, 0x80, 0xFF, 0xF0, 0x07, 0xFE, 0x00,
    0x0F, 0x00, 0x00, 0x1C, 0x00, 0x38, 0x00, 0xE0, 0x01, 0xC0, 0x07, 0x00, 0x70, 0x01, 0xF0, 0x07,
    0xF0, 0x1E, 0x70, 0x38, 0xE0, 0x00, 0x00, 0x7F, 0x01, 0xFF, 0x07, 0xFF, 0x1E, 0x0F, 0x38, 0x0F,
    0xF0, 0x1F, 0xC0, 0x1F, 0x80, 0x3F, 0x00, 0x7E, 0x00, 0xFE, 0x01, 0xDC, 0x07, 0xBC, 0x1E, 0x7C,
    0x7C, 0x7F, 0xF0, 0x7F, 0xC0, 0x1C, 0x00, 0x00, 0x38, 0x00, 0x03, 0xC0, 0x00, 0x1C, 0x00, 0x00,
    0xE0, 0x00, 0x06, 0x00, 0x0F, 0x00, 0x00, 0xF8, 0x00, 0x1F, 0xC0, 0x03, 0x9E, 0x00, 0x30, 0xE0,
    0x00, 0x00, 0x00, 0x1F, 0x80, 0x07, 0xFE, 0x00, 0xFF, 0xF0, 0x1F, 0x8F, 0x83, 0xC0, 0x3C, 0x38,
    0x01, 0xE7, 0x80, 0x1E, 0x70, 0x00, 0xE7, 0x00, 0x0F, 0xF0, 0x00, 0xFF, 0x00, 0x07, 0xF0, 0x00,
    0x7F, 0x00, 0x07, 0xF0, 0x00, 0xF7, 0x00, 0x0F, 0x70, 0x00, 0xE7, 0x80, 0x1E, 0x3C, 0x01, 0xE3,
    0xE0, 0x7C, 0x1F, 0xFF, 0x80, 0xFF, 0xF0, 0x07, 0xFE, 0x00, 0x0F, 0x00, 0x01, 0xE0, 0x01, 0xC0,
    0x01, 0xC0, 0x03, 0x80, 0x03, 0x00, 0x70, 0x01, 0xF0, 0x07, 0xF0, 0x1E, 0x70, 0x38, 0xE0, 0x00,
    0x00, 0x7F, 0x01, 0xFF, 0x07, 0xFF, 0x1E, 0x0F, 0x38, 0x0F, 0xF0, 0x1F, 0xC0, 0x1F, 0x80, 0x3F,
    0x00, 0x7E, 0x00, 0xFE, 0x01, 0xDC, 0x07, 0xBC, 0x1E, 0x7C, 0x7C, 0x7F, 0xF0, 0x7F, 0xC0, 0x1C,
    0x00, 0x00, 0x3C, 0x00, 0x03, 0xE0, 0x00, 0x1E, 0x00, 0x00, 0xE0, 0x00, 0x0C, 0x00, 0x0F, 0x00,
    0x00, 0xF8, 0x00, 0x1F, 0xC0, 0x03, 0x9E, 0x00, 0x30, 0xE0, 0x00, 0x00, 0x00, 0x1F, 0x80, 0x07,
    0xFE, 0x00, 0xFF, 0xF0, 0x1F, 0x8F, 0x83, 0xC0, 0x3C, 0x38, 0x01, 0xE7, 0x80, 0x1E, 0x70, 0x00,
    0xE7, 0x00, 0x0F, 0xF0, 0x00, 0xFF, 0x00, 0x07, 0xF0, 0x00, 0x7F, 0x00, 0x07, 0xF0, 0x00, 0xF7,
    0x00, 0x0F, 0x70, 0x00, 0xE7, 0x80, 0x1E, 0x3C, 0x01, 0xE3, 0xE0, 0x7C, 0x1F, 0xFF, 0x80, 0xFF,
    0xF0, 0x07, 0xFE, 0x00, 0x0F, 0x00, 0x00, 0xF0, 0x01, 0xF0, 0x03, 0xE0, 0x01, 0x80, 0x07, 0x00,
    0x70, 0x01, 0xF0, 0x07, 0xF0, 0x1E, 0x70, 0x38, 0xE0, 0x00, 0x00, 0x7F, 0x01, 0xFF, 0x07, 0xFF,
    0x1E, 0x0F, 0x38, 0x0F, 0xF0, 0x1F, 0xC0, 0x1F, 0x80, 0x3F, 0x00, 0x7E, 0x00, 0xFE, 0x01, 0xDC,
    0x07, 0xBC, 0x1E, 0x7C, 0x7C, 0x7F, 0xF0, 0x7F, 0xC0, 0x1C, 0x00, 0x00, 0x00, 0x00, 0x3E, 0xE0,
    0x03, 0xFC, 0x00, 0x33, 0xC0, 0x00, 0x00, 0x00, 0x0F, 0x00, 0x00, 0xF8, 0x00, 0x1F, 0xC0, 0x03,
    0x9E, 0x00, 0x30, 0xE0, 0x00, 0x00, 0x00, 0x1F, 0x80, 0x07, 0xFE, 0x00, 0xFF, 0xF0, 0x1F, 0x8F,
    0x83, 0xC0, 0x3C, 0x38, 0x01, 0xE7, 0x80, 0x1E, 0x70, 0x00, 0xE7, 0x00, 0x0F, 0xF0, 0x00, 0xFF,
    0x00, 0x07, 0xF0, 0x00, 0x7F, 0x00, 0x07, 0xF0, 0x00, 0xF7, 0x00, 0x0F, 0x70, 0x00, 0xE7, 0x80,
    0x1E, 0x3C, 0x01, 0xE3, 0xE0, 0x7C, 0x1F, 0xFF, 0x80, 0xFF, 0xF0, 0x07, 0xFE, 0x00, 0x0F, 0x00,
    0x00, 0x00, 0x1E, 0x60, 0x7F, 0xC0, 0xEF, 0x00, 0x00, 0x00, 0x70, 0x01, 0xF0, 0x07, 0xF0, 0x1E,
    0x70, 0x38, 0xE0, 0x00, 0x00, 0x7F, 0x01, 0xFF, 0x07, 0xFF, 0x1E, 0x0F, 0x38, 0x0F, 0xF0, 0x1F,
    0xC0, 0x1F, 0x80, 0x3F, 0x00, 0x7E, 0x00, 0xFE, 0x01, 0xDC, 0x07, 0xBC, 0x1E, 0x7C, 0x7C, 0x7F,
    0xF0, 0x7F, 0xC0, 0x1C, 0x00, 0x00, 0xF0, 0x00, 0x1F, 0x80, 0x03, 0xDC, 0x00, 0x79, 0xE0, 0x00,
    0x00, 0x00, 0x00, 0x00, 0x01, 0xF8, 0x00, 0x7F, 0xE0, 0x0F, 0xFF, 0x01, 0xF8, 0xF8, 0x3C, 0x03,
    0xC3, 0x80, 0x1E, 0x78, 0x01, 0xE7, 0x00, 0x0E, 0x70, 0x00, 0xFF, 0x00, 0x0F, 0xF0, 0x00, 0x7F,
    0x00, 0x07, 0xF0, 0x00, 0x7F, 0x00, 0x0F, 0x70, 0x00, 0xF7, 0x00, 0x0E, 0x78, 0x01, 0xE3, 0xC0,
    0x1E, 0x3E, 0x07, 0xC1, 0xFF, 0xF8, 0x0F, 0xFF, 0x00, 0x7F, 0xE0, 0x00, 0xF0, 0x00, 0x00, 0x00,
    0x00, 0x70, 0x00, 0x0F, 0x00, 0x00, 0xF0, 0x00, 0x06, 0x00, 0x07, 0xC0, 0x0F, 0xC0, 0x3B, 0x80,
    0xE3, 0x80, 0x00, 0x00, 0x00, 0x03, 0xF8, 0x0F, 0xF8, 0x3F, 0xF8, 0xF0, 0x79, 0xC0, 0x7F, 0x80,
    0xFE, 0x00, 0xFC, 0x01, 0xF8, 0x03, 0xF0, 0x07, 0xF0, 0x0E, 0xE0, 0x3D, 0xE0, 0xF3, 0xE3, 0xE3,
    0xFF, 0x83, 0xFE, 0x00, 0xE0, 0x00, 0x00, 0x03, 0x80, 0x07, 0x80, 0x0F, 0x00, 0x1C, 0x00, 0x00,
    0x3C, 0x00, 0x03, 0x80, 0x00, 0x78, 0x00, 0x07, 0x07, 0x00, 0x60, 0x70, 0x00, 0x07, 0x01, 0xFF,
    0xF0, 0x7F, 0xFF, 0x0F, 0xFF, 0xE1, 0xF8, 0xF8, 0x3C, 0x03, 0xC3, 0x80, 0x1E, 0x78, 0x01, 0xE7,
    0x00, 0x0E, 0x70, 0x00, 0xFF, 0x00, 0x0F, 0xF0, 0x00, 0x7F, 0x00, 0x07, 0xF0, 0x00, 0x7F, 0x00,
    0x0F, 0x70, 0x00, 0xF7, 0x00, 0x0E, 0x78, 0x01, 0xE3, 0xC0, 0x1E, 0x3E, 0x07, 0xC1, 0xFF, 0xF8,
    0x0F, 0xFF, 0x00, 0x7F, 0xE0, 0x00, 0xF0, 0x00, 0x00, 0xE0, 0x01, 0xE0, 0x01, 0xC6, 0x03, 0x8F,
    0x01, 0x8F, 0x00, 0x0F, 0x0F, 0xFE, 0x1F, 0xFE, 0x3F, 0xF8, 0x78, 0x3C, 0x70, 0x1E, 0xF0, 0x1E,
    0xE0, 0x0E, 0xE0, 0x0E, 0xE0, 0x0E, 0xE0, 0x0E, 0xF0, 0x0E, 0x70, 0x1E, 0x78, 0x3C, 0x7C, 0x7C,
    0x3F, 0xF8, 0x1F, 0xF0, 0x03, 0x80, 0x03, 0xC0, 0x00, 0x1C, 0x00, 0x00, 0xE0, 0x00, 0x0E, 0x07,
    0x00, 0x60, 0x70, 0x00, 0x07, 0x01, 0xFF, 0xF0, 0x7F, 0xFF, 0x0F, 0xFF, 0xE1, 0xF8, 0xF8, 0x3C,
    0x03, 0xC3, 0x80, 0x1E, 0x78, 0x01, 0xE7, 0x00, 0x0E, 0x70, 0x00, 0xFF, 0x00, 0x0F, 0xF0, 0x00,
    0x7F, 0x00, 0x07, 0xF0, 0x00, 0x7F, 0x00, 0x0F, 0x70, 0x00, 0xF7, 0x00, 0x0E, 0x78, 0x01, 0xE3,
    0xC0, 0x1E, 0x3E, 0x07, 0xC1, 0xFF, 0xF8, 0x0F, 0xFF, 0x00, 0x7F, 0xE0, 0x00, 0xF0, 0x00, 0x0E,
    0x00, 0x0F, 0x00, 0x07, 0x06, 0x03, 0x8F, 0x01, 0x8F, 0x00, 0x0F, 0x0F, 0xFE, 0x1F, 0xFE, 0x3F,
    0xF8, 0x78, 0x3C, 0x70, 0x1E, 0xF0, 0x1E, 0xE0, 0x0E, 0xE0, 0x0E, 0xE0, 0x0E, 0xE0, 0x0E, 0xF0,
    0x0E, 0x70, 0x1E, 0x78, 0x3C, 0x7C, 0x7C, 0x3F, 0xF8, 0x1F, 0xF0, 0x03, 0x80, 0x01, 0xF0, 0x00,
    0x1F, 0x80, 0x00, 0x30, 0x00, 0x07, 0x07, 0x00, 0x60, 0x70, 0x00, 0x07, 0x01, 0xFF, 0xF0, 0x7F,
    0xFF, 0x0F, 0xFF, 0xE1, 0xF8, 0xF8, 0x3C, 0x03, 0xC3, 0x80, 0x1E, 0x78, 0x01, 0xE7, 0x00, 0x0E,
    0x70, 0x00, 0xFF, 0x00, 0x0F, 0xF0, 0x00, 0x7F, 0x00, 0x07, 0xF0, 0x00, 0x7F, 0x00, 0x0F, 0x70,
    0x00, 0xF7, 0x00, 0x0E, 0x78, 0x01, 0xE3, 0xC0, 0x1E, 0x3E, 0x07, 0xC1, 0xFF, 0xF8, 0x0F, 0xFF,
    0x00, 0x7F, 0xE0, 0x00, 0xF0, 0x00, 0x07, 0xC0, 0x07, 0xC0, 0x01, 0xC6, 0x03, 0x8F, 0x01, 0x0F,
    0x00, 0x0F, 0x0F, 0xFE, 0x1F, 0xFE, 0x3F, 0xF8, 0x78, 0x3C, 0x70, 0x1E, 0xF0, 0x1E, 0xE0, 0x0E,
    0xE0, 0x0E, 0xE0, 0x0E, 0xE0, 0x0E, 0xF0, 0x0E, 0x70, 0x1E, 0x78, 0x3C, 0x7C, 0x7C, 0x3F, 0xF8,
    0x1F, 0xF0, 0x03, 0x80, 0x01, 0xCC, 0x00, 0x3F, 0xC0, 0x03, 0xFC, 0x00, 0x31, 0x87, 0x00, 0x00,
    0x70, 0x00, 0x07, 0x01, 0xFF, 0xF0, 0x7F, 0xFF, 0x0F, 0xFF, 0xE1, 0xF8, 0xF8, 0x3C, 0x03, 0xC3,
    0x80, 0x1E, 0x78, 0x01, 0xE7, 0x00, 0x0E, 0x70, 0x00, 0xFF, 0x00, 0x0F, 0xF0, 0x00, 0x7F, 0x00,
    0x07, 0xF0, 0x00, 0x7F, 0x00, 0x0F, 0x70, 0x00, 0xF7, 0x00, 0x0E, 0x78, 0x01, 0xE3, 0xC0, 0x1E,
    0x3E, 0x07, 0xC1, 0xFF, 0xF8, 0x0F, 0xFF, 0x00, 0x7F, 0xE0, 0x00, 0xF0, 0x00, 0x0E, 0x30, 0x0F,
    0xF0, 0x1F, 0xF6, 0x18, 0xEF, 0x00, 0x0F, 0x00, 0x0F, 0x0F, 0xFE, 0x1F, 0xFE, 0x3F, 0xF8, 0x78,
    0x3C, 0x70, 0x1E, 0xF0, 0x1E, 0xE0, 0x0E, 0xE0, 0x0E, 0xE0, 0x0E, 0xE0, 0x0E, 0xF0, 0x0E, 0x70,
    0x1E, 0x78, 0x3C, 0x7C, 0x7C, 0x3F, 0xF8, 0x1F, 0xF0, 0x03, 0x80, 0x00, 0x00, 0x70, 0x00, 0x07,
    0x00, 0x00, 0x70, 0x1F, 0xFF, 0x07, 0xFF, 0xF0, 0xFF, 0xFE, 0x1F, 0x8F, 0x83, 0xC0, 0x3C, 0x38,
    0x01, 0xE7, 0x80, 0x1E, 0x70, 0x00, 0xE7, 0x00, 0x0F, 0xF0, 0x00, 0xFF, 0x00, 0x07, 0xF0, 0x00,
    0x7F, 0x00, 0x07, 0xF0, 0x00, 0xF7, 0x00, 0x0F, 0x70, 0x00, 0xE7, 0x80, 0x1E, 0x3C, 0x01, 0xE3,
    0xE0, 0x7C, 0x1F, 0xFF, 0x80, 0xFF, 0xF0, 0x07, 0xFE, 0x00, 0x0F, 0x00, 0x00, 0x00, 0x00, 0x07,
    0x00, 0x00, 0xF0, 0x00, 0x0F, 0x00, 0x00, 0x60, 0x00, 0x00, 0x06, 0x00, 0x0F, 0x00, 0x0F, 0x00,
    0x0F, 0x0F, 0xFE, 0x1F, 0xFE, 0x3F, 0xF8, 0x78, 0x3C, 0x70, 0x1E, 0xF0, 0x1E, 0xE0, 0x0E, 0xE0,
    0x0E, 0xE0, 0x0E, 0xE0, 0x0E, 0xF0, 0x0E, 0x70, 0x1E, 0x78, 0x3C, 0x7C, 0x7C, 0x3F, 0xF8, 0x1F,
    0xF0, 0x03, 0x80, 0x00, 0x00, 0x03, 0x80, 0x03, 0xC0, 0x03, 0xC0, 0x03, 0x80, 0xE0, 0x03, 0xF0,
    0x01, 0xF8, 0x00, 0xFC, 0x00, 0x7E, 0x00, 0x3F, 0x00, 0x1F, 0x80, 0x0F, 0xC0, 0x07, 0xE0, 0x03,
    0xF0, 0x01, 0xF8, 0x00, 0xFC, 0x00, 0x7E, 0x00, 0x3F, 0x00, 0x1F, 0x80, 0x0F, 0xE0, 0x07, 0xF0,
    0x03, 0xB8, 0x03, 0xDE, 0x03, 0xC7, 0xFF, 0xE1, 0xFF, 0xE0, 0x7F, 0xE0, 0x07, 0x80, 0x00, 0x00,
    0x01, 0xC0, 0x00, 0xF0, 0x00, 0x78, 0x00, 0x38, 0x00, 0xE0, 0x3F, 0x01, 0xF8, 0x0F, 0xC0, 0x7E,
    0x03, 0xF0, 0x1F, 0x80, 0xFC, 0x07, 0xE0, 0x3F, 0x01, 0xF8, 0x0F, 0xC0, 0x7F, 0x07, 0xFE, 0xFD,
    0xFF, 0xE7, 0xF7, 0x0E, 0x00, 0x00, 0x01, 0xC0, 0x1F, 0x00, 0x78, 0x03, 0x80, 0x03, 0xE0, 0x01,
    0xF0, 0x00, 0x38, 0x00, 0x18, 0x00, 0x0C, 0x00, 0x00, 0x03, 0x80, 0x0F, 0xC0, 0x07, 0xE0, 0x03,
    0xF0, 0x01, 0xF8, 0x00, 0xFC, 0x00, 0x7E, 0x00, 0x3F, 0x00, 0x1F, 0x80, 0x0F, 0xC0, 0x07, 0xE0,
    0x03, 0xF0, 0x01, 0xF8, 0x00, 0xFC, 0x00, 0x7E, 0x00, 0x3F, 0x80, 0x1F, 0xC0, 0x0E, 0xE0, 0x0F,
    0x78, 0x0F, 0x1F, 0xFF, 0x87, 0xFF, 0x81, 0xFF, 0x80, 0x1E, 0x00, 0x0F, 0x00, 0x7C, 0x00, 0xE0,
    0x0E, 0x00, 0x20, 0x00, 0x03, 0x80, 0xFC, 0x07, 0xE0, 0x3F, 0x01, 0xF8, 0x0F, 0xC0, 0x7E, 0x03,
    0xF0, 0x1F, 0x80, 0xFC, 0x07, 0xE0, 0x3F, 0x01, 0xFC, 0x1F, 0xFB, 0xF7, 0xFF, 0x9F, 0xDC, 0x38,
    0x00, 0x00, 0x78, 0x00, 0x07, 0x00, 0x00, 0xE0, 0x00, 0x0E, 0x07, 0x00, 0xC0, 0x70, 0x00, 0x07,
    0xE0, 0x03, 0xFE, 0x00, 0x3F, 0xE0, 0x03, 0xEE, 0x00, 0x38, 0xE0, 0x03, 0x8E, 0x00, 0x38, 0xE0,
    0x03, 0x8E, 0x00, 0x38, 0xE0, 0x03, 0x8E, 0x00, 0x38, 0xE0, 0x03, 0x8E, 0x00, 0x38, 0xE0, 0x03,
    0x8E, 0x00, 0x38, 0xE0, 0x03, 0x8F, 0x00, 0x38, 0xF0, 0x03, 0x87, 0x00, 0x78, 0x78, 0x0F, 0x03,
    0xFF, 0xF0, 0x1F, 0xFE, 0x00, 0xFF, 0xC0, 0x01, 0xE0, 0x00, 0x01, 0xC0, 0x03, 0xC0, 0x03, 0x86,
    0x07, 0x07, 0x06, 0x07, 0x00, 0x07, 0xE0, 0x3F, 0xE0, 0x3E, 0xE0, 0x38, 0xE0, 0x38, 0xE0, 0x38,
    0xE0, 0x38, 0xE0, 0x38, 0xE0, 0x38, 0xE0, 0x38, 0xE0, 0x38, 0xE0, 0x38, 0xE0, 0x38, 0xF0, 0x78,
    0xFD, 0xF8, 0x7F, 0xF8, 0x3F, 0xB8, 0x0E, 0x00, 0x07, 0x00, 0x00, 0x38, 0x00, 0x03, 0x80, 0x00,
    0x1C, 0x07, 0x00, 0xC0, 0x70, 0x00, 0x07, 0xE0, 0x03, 0xFE, 0x00, 0x3F, 0xE0, 0x03, 0xEE, 0x00,
    0x38, 0xE0, 0x03, 0x8E, 0x00, 0x38, 0xE0, 0x03, 0x8E, 0x00, 0x38, 0xE0, 0x03, 0x8E, 0x00, 0x38,
    0xE0, 0x03, 0x8E, 0x00, 0x38, 0xE0, 0x03, 0x8E, 0x00, 0x38, 0xE0, 0x03, 0x8F, 0x00, 0x38, 0xF0,
    0x03, 0x87, 0x00, 0x78, 0x78, 0x0F, 0x03, 0xFF, 0xF0, 0x1F, 0xFE, 0x00, 0xFF, 0xC0, 0x01, 0xE0,
    0x00, 0x1C, 0x00, 0x1E, 0x00, 0x0E, 0x06, 0x07, 0x07, 0x06, 0x07, 0x00, 0x07, 0xE0, 0x3F, 0xE0,
    0x3E, 0xE0, 0x38, 0xE0, 0x38, 0xE0, 0x38, 0xE0, 0x38, 0xE0, 0x38, 0xE0, 0x38, 0xE0, 0x38, 0xE0,
    0x38, 0xE0, 0x38, 0xE0, 0x38, 0xF0, 0x78, 0xFD, 0xF8, 0x7F, 0xF8, 0x3F, 0xB8, 0x0E, 0x00, 0x03,
    0xE0, 0x00, 0x3E, 0x00, 0x00, 0xE0, 0x00, 0x0C, 0x07, 0x00, 0xC0, 0x70, 0x00, 0x07, 0xE0, 0x03,
    0xFE, 0x00, 0x3F, 0xE0, 0x03, 0xEE, 0x00, 0x38, 0xE0, 0x03, 0x8E, 0x00, 0x38, 0xE0, 0x03, 0x8E,
    0x00, 0x38, 0xE0, 0x03, 0x8E, 0x00, 0x38, 0xE0, 0x03, 0x8E, 0x00, 0x38, 0xE0, 0x03, 0x8E, 0x00,
    0x38, 0xE0, 0x03, 0x8F, 0x00, 0x38, 0xF0, 0x03, 0x87, 0x00, 0x78, 0x78, 0x0F, 0x03, 0xFF, 0xF0,
    0x1F, 0xFE, 0x00, 0xFF, 0xC0, 0x01, 0xE0, 0x00, 0x0F, 0x00, 0x0F, 0x80, 0x03, 0x86, 0x07, 0x07,
    0x02, 0x07, 0x00, 0x07, 0xE0, 0x3F, 0xE0, 0x3E, 0xE0, 0x38, 0xE0, 0x38, 0xE0, 0x38, 0xE0, 0x38,
    0xE0, 0x38, 0xE0, 0x38, 0xE0, 0x38, 0xE0, 0x38, 0xE0, 0x38, 0xE0, 0x38, 0xF0, 0x78, 0xFD, 0xF8,
    0x7F, 0xF8, 0x3F, 0xB8, 0x0E, 0x00, 0x03, 0x18, 0x00, 0x7F, 0x80, 0x0F, 0xF8, 0x00, 0xE7, 0x07,
    0x00, 0x00, 0x70, 0x00, 0x07, 0xE0, 0x03, 0xFE, 0x00, 0x3F, 0xE0, 0x03, 0xEE, 0x00, 0x38, 0xE0,
    0x03, 0x8E, 0x00, 0x38, 0xE0, 0x03, 0x8E, 0x00, 0x38, 0xE0, 0x03, 0x8E, 0x00, 0x38, 0xE0, 0x03,
    0x8E, 0x00, 0x38, 0xE0, 0x03, 0x8E, 0x00, 0x38, 0xE0, 0x03, 0x8F, 0x00, 0x38, 0xF0, 0x03, 0x87,
    0x00, 0x78, 0x78, 0x0F, 0x03, 0xFF, 0xF0, 0x1F, 0xFE, 0x00, 0xFF, 0xC0, 0x01, 0xE0, 0x00, 0x1C,
    0x60, 0x3F, 0xE0, 0x3F, 0xC6, 0x31, 0xC7, 0x00, 0x07, 0x00, 0x07, 0xE0, 0x3F, 0xE0, 0x3E, 0xE0,
    0x38, 0xE0, 0x38, 0xE0, 0x38, 0xE0, 0x38, 0xE0, 0x38, 0xE0, 0x38, 0xE0, 0x38, 0xE0, 0x38, 0xE0,
    0x38, 0xE0, 0x38, 0xF0, 0x78, 0xFD, 0xF8, 0x7F, 0xF8, 0x3F, 0xB8, 0x0E, 0x00, 0x00, 0x00, 0x70,
    0x00, 0x07, 0x00, 0x00, 0x7E, 0x00, 0x3F, 0xE0, 0x03, 0xFE, 0x00, 0x3E, 0xE0, 0x03, 0x8E, 0x00,
    0x38, 0xE0, 0x03, 0x8E, 0x00, 0x38, 0xE0, 0x03, 0x8E, 0x00, 0x38, 0xE0, 0x03, 0x8E, 0x00, 0x38,
    0xE0, 0x03, 0x8E, 0x00, 0x38, 0xE0, 0x03, 0x8E, 0x00, 0x38, 0xF0, 0x03, 0x8F, 0x00, 0x38, 0x70,
    0x07, 0x87, 0x80, 0xF0, 0x3F, 0xFF, 0x01, 0xFF, 0xE0, 0x0F, 0xFC, 0x00, 0x1E, 0x00, 0x00, 0x00,
    0x00, 0x1C, 0x00, 0x01, 0xE0, 0x00, 0x1E, 0x00, 0x01, 0xC0, 0x00, 0x00, 0x06, 0x00, 0x07, 0x00,
    0x07, 0x00, 0x07, 0xE0, 0x3F, 0xE0, 0x3E, 0xE0, 0x38, 0xE0, 0x38, 0xE0, 0x38, 0xE0, 0x38, 0xE0,
    0x38, 0xE0, 0x38, 0xE0, 0x38, 0xE0, 0x38, 0xE0, 0x38, 0xE0, 0x38, 0xF0, 0x78, 0xFD, 0xF8, 0x7F,
    0xF8, 0x3F, 0xB8, 0x0E, 0x00, 0x00, 0x00, 0x07, 0x00, 0x0F, 0x80, 0x07, 0x80, 0x07, 0x00, 0x03,
    0x80, 0x00, 0x38, 0x00, 0x07, 0x00, 0x00, 0x70, 0x00, 0x06, 0x00, 0x00, 0x00, 0x1C, 0x00, 0x3B,
    0xC0, 0x0F, 0x78, 0x03, 0xC7, 0x80, 0x78, 0x70, 0x1E, 0x0F, 0x03, 0x80, 0xF0, 0xF0, 0x1E, 0x3C,
    0x01, 0xE7, 0x80, 0x1D, 0xE0, 0x03, 0xF8, 0x00, 0x3F, 0x00, 0x03, 0xC0, 0x00, 0x78, 0x00, 0x0F,
    0x00, 0x01, 0xE0, 0x00, 0x3C, 0x00, 0x07, 0x80, 0x00, 0xF0, 0x00, 0x1E, 0x00, 0x03, 0xC0, 0x00,
    0x78, 0x00, 0x0F, 0x00, 0x07, 0x00, 0x07, 0x80, 0x03, 0x80, 0x01, 0x80, 0x00, 0x00, 0x70, 0x0F,
    0x70, 0x0E, 0x78, 0x1E, 0x38, 0x1E, 0x38, 0x1C, 0x3C, 0x3C, 0x1C, 0x38, 0x1C, 0x38, 0x1E, 0x78,
    0x0E, 0x70, 0x0F, 0x70, 0x07, 0xE0, 0x07, 0xE0, 0x07, 0xE0, 0x03, 0xC0, 0x03, 0xC0, 0x03, 0xC0,
    0x03, 0x80, 0x07, 0x80, 0x3F, 0x00, 0x3F, 0x00, 0x3E, 0x00, 0x00, 0x00, 0x70, 0x00, 0xEF, 0x00,
    0x3D, 0xE0, 0x0F, 0x1E, 0x01, 0xE1, 0xC0, 0x78, 0x3C, 0x0E, 0x03, 0xC3, 0xC0, 0x78, 0xF0, 0x07,
    0x9E, 0x00, 0x77, 0x80, 0x0F, 0xE0, 0x00, 0xFC, 0x00, 0x0F, 0x00, 0x01, 0xE0, 0x00, 0x3C, 0x00,
    0x07, 0x80, 0x00, 0xF0, 0x00, 0x1E, 0x00, 0x03, 0xC0, 0x00, 0x78, 0x00, 0x0F, 0x00, 0x01, 0xE0,
    0x00, 0x00, 0x00, 0x00, 0x00, 0x00, 0xE0, 0x00, 0x1E, 0x00, 0x03, 0xC0, 0x00, 0x30, 0x00, 0x70,
    0x0F, 0x70, 0x0E, 0x78, 0x1E, 0x38, 0x1E, 0x38, 0x1C, 0x3C, 0x3C, 0x1C, 0x38, 0x1C, 0x38, 0x1E,
    0x78, 0x0E, 0x70, 0x0F, 0x70, 0x07, 0xE0, 0x07, 0xE0, 0x07, 0xE0, 0x03, 0xC0, 0x03, 0xC0, 0x03,
    0xC0, 0x03, 0x80, 0x07, 0x9C, 0x3F, 0x3C, 0x3F, 0x3C, 0x3E, 0x18, 0x00, 0x00, 0x01, 0xF0, 0x00,
    0x3E, 0x00, 0x01, 0xC0, 0x00, 0x30, 0x00, 0x06, 0x00, 0x00, 0x00, 0x1C, 0x00, 0x3B, 0xC0, 0x0F,
    0x78, 0x03, 0xC7, 0x80, 0x78, 0x70, 0x1E, 0x0F, 0x03, 0x80, 0xF0, 0xF0, 0x1E, 0x3C, 0x01, 0xE7,
    0x80, 0x1D, 0xE0, 0x03, 0xF8, 0x00, 0x3F, 0x00, 0x03, 0xC0, 0x00, 0x78, 0x00, 0x0F, 0x00, 0x01,
    0xE0, 0x00, 0x3C, 0x00, 0x07, 0x80, 0x00, 0xF0, 0x00, 0x1E, 0x00, 0x03, 0xC0, 0x00, 0x78, 0x00,
    0x07, 0xC0, 0x07, 0xC0, 0x01, 0xC0, 0x01, 0xC0, 0x01, 0x80, 0x00, 0x00, 0x70, 0x0F, 0x70, 0x0E,
    0x78, 0x1E, 0x38, 0x1E, 0x38, 0x1C, 0x3C, 0x3C, 0x1C, 0x38, 0x1C, 0x38, 0x1E, 0x78, 0x0E, 0x70,
    0x0F, 0x70, 0x07, 0xE0, 0x07, 0xE0, 0x07, 0xE0, 0x03, 0xC0, 0x03, 0xC0, 0x03, 0xC0, 0x03, 0x80,
    0x07, 0x80, 0x3F, 0x00, 0x3F, 0x00, 0x3E, 0x00, 0x00, 0x00, 0x01, 0x8C, 0x00, 0x7F, 0x80, 0x1F,
    0xF0, 0x03, 0x9C, 0x00, 0x00, 0x00, 0x00, 0x00, 0x1C, 0x00, 0x3B, 0xC0, 0x0F, 0x78, 0x03, 0xC7,
    0x80, 0x78, 0x70, 0x1E, 0x0F, 0x03, 0x80, 0xF0, 0xF0, 0x1E, 0x3C, 0x01, 0xE7, 0x80, 0x1D, 0xE0,
    0x03, 0xF8, 0x00, 0x3F, 0x00, 0x03, 0xC0, 0x00, 0x78, 0x00, 0x0F, 0x00, 0x01, 0xE0, 0x00, 0x3C,
    0x00, 0x07, 0x80, 0x00, 0xF0, 0x00, 0x1E, 0x00, 0x03, 0xC0, 0x00, 0x78, 0x00, 0x07, 0x30, 0x0F,
    0xF0, 0x0F, 0xF0, 0x0C, 0xE0, 0x00, 0x00, 0x00, 0x00, 0x70, 0x0F, 0x70, 0x0E, 0x78, 0x1E, 0x38,
    0x1E, 0x38, 0x1C, 0x3C, 0x3C, 0x1C, 0x38, 0x1C, 0x38, 0x1E, 0x78, 0x0E, 0x70, 0x0F, 0x70, 0x07,
    0xE0, 0x07, 0xE0, 0x07, 0xE0, 0x03, 0xC0, 0x03, 0xC0, 0x03, 0xC0, 0x03, 0x80, 0x07, 0x80, 0x3F,
    0x00, 0x3F, 0x00, 0x3E, 0x00, 0x00, 0x00, 0x7F, 0xBF, 0xFF, 0xFD, 0xFF, 0x7F, 0xBF, 0xFF, 0xFD,
    0xFF, 0xFF, 0xFF, 0xFF, 0xFF, 0xFF, 0xFF, 0xE0, 0xFF, 0xFD, 0xFF, 0xFF, 0xFF, 0xFF, 0xFF, 0xE0,
    0xFF, 0xFF, 0xFF, 0xFB, 0xFF, 0xFF, 0xFF, 0xFF, 0xFF, 0xFF, 0xFF, 0xFF, 0xFF, 0xFF, 0xFE, 0xFF,
    0xFF, 0xFF, 0xFB, 0xFF, 0xFF, 0xFF, 0xFF, 0xFF, 0xFF, 0xFF, 0xFF, 0xFF, 0xFF, 0xFE, 0x00, 0xE6,
    0xE6, 0xE6, 0xE6, 0xE6, 0xE6, 0xE6, 0xE6, 0xE6, 0xE6, 0xE6, 0xE6, 0xE6, 0xE6, 0xE6, 0xE6, 0xE6,
    0xE6, 0xE6, 0xE6, 0xE6, 0xE6, 0xE6, 0xE6, 0xE6, 0xE6, 0xE6, 0xE6, 0xE6, 0xE6, 0xE6, 0xE6, 0xE6,
    0xE6, 0xE6, 0xFF, 0xFF, 0xFF, 0xFD, 0xFF, 0xF3, 0xFF, 0xEF, 0xFF, 0xEF, 0xFF, 0xC0, 0x31, 0x9C,
    0xE7, 0x3B, 0xDC, 0xE0, 0x73, 0x9D, 0xEE, 0x73, 0x9C, 0xC0, 0x3B, 0xDC, 0xE7, 0x3B, 0x9C, 0xE0,
    0xE7, 0x3D, 0xE7, 0x39, 0xC6, 0x30, 0x31, 0x8C, 0x67, 0x39, 0xCE, 0x73, 0x9C, 0xEF, 0x7B, 0x9C,
    0xE7, 0x00, 0x73, 0x9C, 0xE7, 0x3B, 0xCE, 0xE7, 0xB9, 0xCE, 0x73, 0x9C, 0xC6, 0x00, 0x39, 0xDE,
    0xF7, 0x3D, 0xCE, 0x73, 0x9C, 0xEE, 0x73, 0x9C, 0xE7, 0x00, 0xE7, 0x39, 0xCF, 0x7B, 0xDE, 0x73,
    0x9C, 0xE7, 0x38, 0xC6, 0x31, 0x80, 0x06, 0x00, 0xF0, 0x0F, 0x00, 0xF0, 0x0F, 0x0F, 0xFF, 0xFF,
    0xFF, 0xFF, 0x0F, 0x00, 0xF0, 0x0F, 0x00, 0x70, 0x07, 0x00, 0x60, 0x06, 0x00, 0x60, 0x06, 0x00,
    0x06, 0x00, 0xF0, 0x0F, 0x00, 0xF0, 0x0F, 0x0F, 0xFF, 0xFF, 0xFF, 0xFF, 0x0F, 0x00, 0xF0, 0x0F,
    0x0F, 0xFF, 0xFF, 0xFF, 0xFF, 0x0F, 0x00, 0xF0, 0x0F, 0x00, 0x70, 0x06, 0x00, 0x60, 0x06, 0x00,
    0x60, 0x3F, 0x1F, 0xE7, 0xFB, 0xFF, 0xFF, 0xFF, 0xFF, 0xFD, 0xFE, 0x3F, 0x03, 0x00, 0x00, 0x30,
    0x1C, 0x0F, 0x87, 0xF3, 0xFD, 0xFC, 0xF8, 0x70, 0x30, 0x00, 0x00, 0x6F, 0xFF, 0x00, 0x60, 0x6F,
    0x0F, 0xF0, 0xFF, 0x0F, 0x00, 0x40, 0x60, 0x60, 0x6F, 0x0F, 0x0F, 0xF0, 0xF0, 0xFF, 0x0F, 0x0F,
    0x00, 0x40, 0x40, 0x6F, 0xFF, 0x00, 0x1E, 0x00, 0x30, 0x00, 0x1F, 0xC0, 0x38, 0x00, 0x1F, 0xE0,
    0x3C, 0x00, 0x0E, 0x38, 0x1C, 0x00, 0x07, 0x1C, 0x1C, 0x00, 0x03, 0x8E, 0x1E, 0x00, 0x01, 0xC7,
    0x0E, 0x00, 0x00, 0xE7, 0x0E, 0x00, 0x00, 0x7F, 0x8E, 0x00, 0x00, 0x1F, 0x8F, 0x00, 0x00, 0x03,
    0x07, 0x00, 0x00, 0x00, 0x07, 0x00, 0x00, 0x00, 0x07, 0x87, 0x01, 0xC0, 0x03, 0x8F, 0xE1, 0xF8,
    0x03, 0x87, 0xF9, 0xFE, 0x03, 0xC7, 0x1D, 0xC7, 0x01, 0xC3, 0x8E, 0xE3, 0x81, 0xC1, 0xC7, 0x71,
    0xC1, 0xE0, 0xE3, 0xB8, 0xE0, 0xE0, 0x71, 0xDC, 0x70, 0xE0, 0x1F, 0xE7, 0xF8, 0xF0, 0x0F, 0xE1,
    0xF8, 0x00, 0x01, 0xC0, 0x70, 0x1E, 0x00, 0x30, 0x00, 0x00, 0x03, 0xF8, 0x07, 0x00, 0x00, 0x00,
    0x7F, 0x80, 0xF0, 0x00, 0x00, 0x07, 0x1C, 0x0E, 0x00, 0x00, 0x00, 0x71, 0xC1, 0xC0, 0x00, 0x00,
    0x07, 0x1C, 0x3C, 0x00, 0x00, 0x00, 0x71, 0xC3, 0x80, 0x00, 0x00, 0x07, 0x38, 0x70, 0x00, 0x00,
    0x00, 0x7F, 0x8E, 0x00, 0x00, 0x00, 0x03, 0xF1, 0xE0, 0x00, 0x00, 0x00, 0x0C, 0x1C, 0x00, 0x00,
    0x00, 0x00, 0x03, 0x80, 0x00, 0x00, 0x00, 0x00, 0x78, 0x70, 0x1C, 0x07, 0x80, 0x07, 0x1F, 0xC3,
    0xF0, 0xFC, 0x00, 0xE1, 0xFE, 0x7F, 0x9F, 0xE0, 0x1E, 0x38, 0xEE, 0x39, 0xCE, 0x01, 0xC3, 0x8E,
    0xE3, 0xB8, 0x60, 0x38, 0x38, 0xEE, 0x3B, 0x87, 0x07, 0x83, 0x8E, 0xE3, 0xB8, 0x60, 0x70, 0x38,
    0xEE, 0x39, 0xCE, 0x0E, 0x01, 0xFE, 0x7F, 0x9F, 0xE1, 0xE0, 0x1F, 0xC3, 0xF0, 0xFC, 0x00, 0x00,
    0x70, 0x1C, 0x07, 0x80, 0x77, 0x7F, 0xEE, 0xEE, 0xC0, 0x71, 0xCE, 0x39, 0xC7, 0x78, 0xEE, 0x1D,
    0xC7, 0x38, 0xE7, 0x1C, 0xC3, 0x80, 0x71, 0xC3, 0x38, 0xE3, 0xDC, 0x71, 0xDE, 0x38, 0xEE, 0x1C,
    0x77, 0x1C, 0x3B, 0x8E, 0x19, 0xC7, 0x1C, 0xC3, 0x86, 0x00, 0xEF, 0xF7, 0x77, 0x73, 0x30, 0xE1,
    0x9E, 0x7B, 0xC7, 0x38, 0xE7, 0x1C, 0xE3, 0x9C, 0x71, 0x86, 0x30, 0xC0, 0xE1, 0x87, 0x79, 0xE3,
    0xBC, 0x71, 0xCE, 0x38, 0xE7, 0x1C, 0x73, 0x8E, 0x39, 0xC7, 0x0E, 0x61, 0x87, 0x30, 0xC3, 0x80,
    0x0E, 0x03, 0xE0, 0x7C, 0x1D, 0xC7, 0xBC, 0xE3, 0xB8, 0x38, 0x03, 0x83, 0xC3, 0xC3, 0xC3, 0xC3,
    0xC1, 0xC1, 0xE0, 0x78, 0x1E, 0x07, 0x03, 0xC0, 0xF0, 0x3C, 0xE0, 0x78, 0x1E, 0x07, 0x81, 0xE0,
    0x70, 0x3C, 0x0F, 0x0F, 0x0F, 0x0F, 0x07, 0x07, 0x87, 0x80, 0x01, 0xC0, 0x09, 0xE0, 0x0E, 0xF3,
    0x07, 0xBB, 0xC3, 0xE3, 0xC0, 0xFB, 0xC1, 0xBF, 0xDD, 0xEF, 0xDE, 0xF3, 0xEF, 0x3B, 0xFB, 0x83,
    0xFE, 0x03, 0xCF, 0x83, 0xCB, 0xE1, 0xFE, 0xF0, 0x6F, 0x30, 0x07, 0x80, 0x00, 0x00, 0x00, 0x60,
    0x6F, 0x0F, 0xF0, 0xFF, 0x0F, 0xF0, 0xFF, 0x0F, 0xF0, 0xFF, 0x0F, 0xF0, 0xFF, 0x0F, 0xF0, 0xFF,
    0x0F, 0xF0, 0xFF, 0x0F, 0xF0, 0xFE, 0x0E, 0x00, 0x00, 0x00, 0x60, 0x6F, 0x0F, 0xF0, 0xFF, 0x0F,
    0x00, 0x40, 0x0F, 0x81, 0xFE, 0x1F, 0xF9, 0xF1, 0xEF, 0x07, 0x70, 0x3C, 0x39, 0xE1, 0xCF, 0x0E,
    0x70, 0x77, 0x83, 0xF8, 0x1F, 0x80, 0xF8, 0x07, 0x80, 0x38, 0x01, 0xC0, 0x00, 0x00, 0x00, 0x03,
    0x80, 0x1E, 0x00, 0xF0, 0x07, 0x80, 0x10, 0x00, 0xFF, 0xFF, 0xFF, 0xFF, 0xFF, 0xC0, 0x20, 0x00,
    0x04, 0xF0, 0x00, 0x3D, 0xFE, 0x0F, 0xF9, 0xFF, 0xFF, 0xC0, 0xFF, 0xFF, 0x00, 0x7F, 0xF0, 0x00,
    0x00, 0x00, 0x00, 0x07, 0xFF, 0x80, 0x3F, 0xFF, 0xC1, 0xFF, 0xFF, 0xE7, 0xE0, 0x07, 0xEE, 0x00,
    0x03, 0xC0, 0x00, 0x00, 0x00, 0x00, 0x00, 0x1C, 0x03, 0x80, 0xE0, 0x38, 0x07, 0x01, 0xC0, 0x78,
    0x0E, 0x03, 0xC0, 0x78, 0x1F, 0x87, 0xF8, 0xE7, 0x38, 0x77, 0x0E, 0x00, 0x00, 0x00, 0xC0, 0x00,
    0x7F, 0x00, 0x0F, 0xE0, 0x03, 0xFE, 0x00, 0x7F, 0xC0, 0x03, 0xE0, 0x00, 0xFE, 0x00, 0x1F, 0x80,
    0x00, 0x40, 0x01, 0x80, 0xC1, 0xFC, 0x7E, 0x1F, 0x8F, 0xC7, 0xFB, 0xFC, 0xFF, 0x7F, 0x8F, 0xC7,
    0xE3, 0xF8, 0xFC, 0x2D, 0x16, 0x80, 0x00, 0x00, 0xFF, 0xFF, 0xFF, 0x00, 0x01, 0x80, 0x00, 0xE0,
    0x00, 0x70, 0x00, 0x3C, 0x00, 0x0E, 0x00, 0x07, 0x00, 0x03, 0xC0, 0x00, 0xE0, 0x00, 0x70, 0x00,
    0x3C, 0x00, 0x0E, 0x00, 0x07, 0x00, 0x03, 0x80, 0x01, 0xE0, 0x00, 0x70, 0x00, 0x38, 0x00, 0x1E,
    0x00, 0x07, 0x00, 0x03, 0x80, 0x01, 0xE0, 0x00, 0x70, 0x00, 0x38, 0x00, 0x00, 0xFF, 0xFF, 0xF8,
    0xE3, 0x8E, 0x38, 0xE3, 0x8E, 0x38, 0xFF, 0xFF, 0xF8, 0xE3, 0x8E, 0x38, 0xE3, 0x8E, 0x38, 0xFB,
    0xFF, 0xC0, 0xFD, 0xFF, 0xF8, 0xF1, 0xE3, 0xC7, 0x8F, 0x1E, 0x3C, 0x78, 0xF7, 0xFF, 0xFF, 0x8F,
    0x1E, 0x3C, 0x78, 0xF1, 0xE3, 0xC7, 0x8F, 0x7F, 0xFF, 0xF8, 0x00, 0x0F, 0x80, 0x1F, 0x03, 0xFE,
    0x07, 0xFC, 0x7F, 0xF0, 0xFF, 0xEF, 0x8F, 0x1F, 0x1E, 0xF0, 0x79, 0xE0, 0xFE, 0x03, 0x9C, 0x07,
    0xE0, 0x39, 0xC0, 0x70, 0x07, 0x80, 0x0F, 0x00, 0x70, 0x00, 0xE0, 0x1F, 0x00, 0x3E, 0x03, 0xE0,
    0x07, 0xC0, 0x7C, 0x00, 0xF8, 0x07, 0x00, 0x0E, 0x00, 0xF0, 0x01, 0xE0, 0x0F, 0x00, 0x1E, 0x00,
    0xE0, 0x01, 0xC0, 0x00, 0x00, 0x00, 0x00, 0x00, 0x00, 0x00, 0x06, 0x00, 0x0C, 0x00, 0xF0, 0x01,
    0xE0, 0x0F, 0x00, 0x1E, 0x00, 0xF0, 0x01, 0xE0, 0x04, 0x00, 0x08, 0x00, 0x0F, 0x80, 0x63, 0xFE,
    0x0F, 0x7F, 0xF0, 0xFF, 0x8F, 0x0F, 0xF0, 0x78, 0xFE, 0x03, 0x8F, 0xE0, 0x38, 0xF0, 0x07, 0x8F,
    0x00, 0x70, 0xF0, 0x1F, 0x0F, 0x03, 0xE0, 0xF0, 0x7C, 0x0F, 0x07, 0x00, 0xF0, 0xF0, 0x0F, 0x0F,
    0x00, 0xF0, 0xE0, 0x0E, 0x00, 0x00, 0x00, 0x00, 0x00, 0x06, 0x00, 0x60, 0xF0, 0x0F, 0x0F, 0x00,
    0xF0, 0xF0, 0x0F, 0x04, 0x00, 0x00, 0x60, 0x1F, 0x0F, 0x07, 0xFC, 0xF0, 0xFF, 0xEF, 0x1F, 0x1E,
    0xF1, 0xE0, 0xFF, 0x1C, 0x07, 0xF1, 0xC0, 0x7F, 0x00, 0x0F, 0xF0, 0x01, 0xEF, 0x00, 0x3E, 0xF0,
    0x07, 0xCF, 0x00, 0xF8, 0xF0, 0x0E, 0x0F, 0x01, 0xE0, 0xF0, 0x1E, 0x0E, 0x01, 0xC0, 0x00, 0x00,
    0x00, 0x00, 0x00, 0x60, 0x0C, 0x0F, 0x01, 0xE0, 0xF0, 0x1E, 0x0F, 0x01, 0xE0, 0x00, 0x08, 0x00,
    0xFF, 0xFF, 0xFF, 0xFF, 0x80, 0xE0, 0x1C, 0x03, 0x80, 0x70, 0x0E, 0x01, 0xC0, 0x38, 0x07, 0x00,
    0xE0, 0x1C, 0x07, 0x00, 0xE0, 0x1C, 0x03, 0x80, 0x70, 0x0E, 0x01, 0xC0, 0x38, 0x07, 0x00, 0xFF,
    0x03, 0xFF, 0x8F, 0xFF, 0x3F, 0xFE, 0xE7, 0xFF, 0x9F, 0xFE, 0x7F, 0xF9, 0xFF, 0xE7, 0xFF, 0x9F,
    0xFE, 0x7F, 0xF9, 0xFE, 0xE7, 0xF3, 0x9F, 0x8E, 0x20, 0x38, 0x00, 0xE0, 0x03, 0x80, 0x0E, 0x00,
    0x38, 0x00, 0xE0, 0x03, 0x80, 0x00, 0x07, 0xFC, 0x7F, 0xF3, 0xFF, 0xDF, 0xE7, 0x7F, 0x9D, 0xFE,
    0x77, 0xF9, 0xDF, 0xE7, 0x7F, 0x9D, 0xFE, 0x73, 0xFF, 0xC7, 0xFF, 0x07, 0xFC, 0xFF, 0x83, 0xFF,
    0x8F, 0xFF, 0x39, 0xFE, 0xE7, 0xFB, 0x9F, 0xEE, 0x7F, 0xB9, 0xFE, 0xE7, 0xFB, 0x9F, 0xEF, 0xFF,
    0x3F, 0xF8, 0xFF, 0x80, 0x06, 0x00, 0x70, 0x07, 0x06, 0x67, 0xFF, 0xF7, 0xFE, 0x1F, 0x83, 0xFC,
    0x7F, 0xFF, 0x6F, 0x47, 0x20, 0x70, 0x07, 0x00, 0x07, 0xBD, 0xEF, 0x00, 0x00, 0x00, 0x00, 0x00,
    0x79, 0xCE, 0x73, 0xCE, 0x73, 0x80, 0x00, 0x00, 0x00, 0x0F, 0xFF, 0x80, 0x7F, 0xFF, 0xC1, 0xFF,
    0xFF, 0xC7, 0xE0, 0x0F, 0xCE, 0x00, 0x03, 0x80, 0x00, 0x00, 0x00, 0x00, 0x00, 0x00, 0x00, 0x00,
    0x00, 0x00, 0x00, 0x00, 0x00, 0x00, 0x00, 0x00, 0x00, 0x00, 0x00, 0x00, 0x00, 0x00, 0x00, 0x00,
    0x00, 0x00, 0x00, 0x00, 0x00, 0x00, 0x00, 0x00, 0x00, 0x00, 0x00, 0x00, 0x00, 0x00, 0x00, 0x00,
    0x00, 0x00, 0x00, 0x00, 0x00, 0x00, 0x00, 0x00, 0x00, 0x00, 0x00, 0x20, 0x00, 0x00, 0xF0, 0x00,
    0x3D, 0xFE, 0x0F, 0xF1, 0xFF, 0xFF, 0xC0, 0xFF, 0xFF, 0x00, 0x7F, 0xF0, 0x00, 0x06, 0x00, 0xE0,
    0x0E, 0x0E, 0xE6, 0xFF, 0xF7, 0xFE, 0x1F, 0x83, 0xFC, 0xFF, 0xEE, 0xEE, 0x4E, 0x60, 0xE0, 0x0E,
    0x00, 0x00, 0x00, 0x00, 0x60, 0x0E, 0x00, 0xE0, 0xEE, 0x6F, 0xFF, 0x7F, 0xE1, 0xF8, 0x3F, 0xCF,
    0xFE, 0xEE, 0xE4, 0xE6, 0x0E, 0x00, 0xE0, 0x00, 0x01, 0xC0, 0x00, 0x38, 0x00, 0x0E, 0x18, 0x03,
    0x87, 0x80, 0xF1, 0xF8, 0x1C, 0x3E, 0x07, 0x03, 0xC1, 0xE0, 0x00, 0x38, 0x00, 0x0E, 0x00, 0x03,
    0xC0, 0x00, 0x70, 0x00, 0x1C, 0x00, 0x07, 0x80, 0x00, 0xE0, 0x60, 0x38, 0x1E, 0x0F, 0x07, 0xE1,
    0xC0, 0xF8, 0x70, 0x0F, 0x1C, 0x00, 0x07, 0x80, 0x00, 0xE0, 0x00, 0x00, 0x3F, 0x00, 0x0F, 0xF8,
    0x01, 0xFF, 0xEF, 0x30, 0x7F, 0xE0, 0x03, 0xF8, 0x00, 0x1C, 0x00, 0x00, 0x7E, 0x00, 0x0F, 0xFF,
    0xC0, 0x7F, 0xFF, 0xE1, 0xFF, 0xFF, 0xE7, 0xC0, 0x07, 0xEE, 0x00, 0x01, 0x80, 0x03, 0x00, 0xB9,
    0x0F, 0xDC, 0x7F, 0xE1, 0xFE, 0x3F, 0xFF, 0xFF, 0xEF, 0xFF, 0x1F, 0xE1, 0xFF, 0x8F, 0xDC, 0x2E,
    0x40, 0x30, 0x00, 0x71, 0xC3, 0x0C, 0xE3, 0x8F, 0x3D, 0xC7, 0x1C, 0x7F, 0x8E, 0x38, 0xEE, 0x1C,
    0x71, 0xDC, 0x70, 0xE3, 0xB8, 0xE1, 0x87, 0x71, 0xC7, 0x0C, 0xC3, 0x86, 0x18, 0x0F, 0x07, 0xF1,
    0xFF, 0x78, 0xFE, 0x0F, 0xC1, 0xF8, 0x3F, 0x07, 0xE0, 0xFE, 0x3D, 0xFF, 0x1F, 0xC0, 0xF0, 0xEE,
    0x6E, 0xEE, 0xEE, 0xEE, 0xEE, 0x60, 0x03, 0x80, 0xF8, 0x3F, 0x07, 0xE1, 0xFC, 0x7B, 0x9E, 0x73,
    0x8E, 0xFF, 0xFF, 0xFF, 0xFF, 0x81, 0xE0, 0x18, 0x7F, 0xCF, 0xF9, 0xFF, 0x38, 0x07, 0x70, 0xFF,
    0x1F, 0xF1, 0x0E, 0x01, 0xFE, 0x39, 0xFF, 0x3F, 0xC1, 0xE0, 0x0E, 0x07, 0xF1, 0xFF, 0x78, 0xEE,
    0x61, 0xFF, 0x3F, 0xF7, 0x8F, 0xE0, 0xFE, 0x3D, 0xFF, 0x1F, 0xC0, 0xF0, 0xFF, 0xBF, 0xFF, 0xFC,
    0x0E, 0x07, 0x81, 0xC0, 0xF0, 0x38, 0x1C, 0x0F, 0x03, 0x81, 0xC0, 0x70, 0x00, 0x1E, 0x0F, 0xF1,
    0xFF, 0x78, 0xE7, 0x1C, 0xFF, 0x8F, 0xE7, 0xFE, 0xE1, 0xFC, 0x3F, 0xFF, 0xBF, 0xE1, 0xF0, 0x1E,
    0x0F, 0xF3, 0xFF, 0x70, 0xEE, 0x1F, 0xC3, 0xFF, 0xFB, 0xFF, 0x1D, 0xDE, 0x39, 0xFF, 0x3F, 0xC1,
    0xE0, 0x0E, 0x03, 0x80, 0xE1, 0xFF, 0x7F, 0xC3, 0x80, 0xE0, 0x38, 0x00, 0x1F, 0xF7, 0xFC, 0xFF,
    0xFF, 0xDF, 0xCF, 0xEF, 0xFF, 0xFC, 0x00, 0xF3, 0x8E, 0x71, 0xC7, 0x1C, 0x71, 0xC7, 0x1C, 0x78,
    0xE3, 0xC7, 0x07, 0x3C, 0xE7, 0x3C, 0xE7, 0x39, 0xCE, 0xF7, 0x3B, 0x9C, 0xEF, 0x3F, 0xEF, 0xFF,
    0xC7, 0xE1, 0xF8, 0x7E, 0x1F, 0x87, 0xE1, 0xD8, 0x70, 0x0F, 0x07, 0xF1, 0xFF, 0x78, 0xFE, 0x0F,
    0xC1, 0xF8, 0x3F, 0x07, 0xE0, 0xFE, 0x3D, 0xFF, 0x1F, 0xC0, 0xF0, 0x1D, 0xFF, 0xFF, 0x9C, 0x71,
    0xC7, 0x1C, 0x71, 0xC7, 0x1C, 0x1E, 0x0F, 0xF1, 0xFF, 0x70, 0xEE, 0x1C, 0x07, 0x81, 0xE0, 0x78,
    0x1E, 0x0F, 0x83, 0xFF, 0x7F, 0xEF, 0xFC, 0x1E, 0x07, 0xF1, 0xFF, 0x78, 0xE0, 0x1C, 0x1F, 0x83,
    0xE0, 0x7E, 0x01, 0xFE, 0x3F, 0xFF, 0x3F, 0xE1, 0xF0, 0x03, 0x80, 0xF8, 0x3F, 0x07, 0xE1, 0xFC,
    0x7B, 0x9E, 0x73, 0x8E, 0xFF, 0xFF, 0xFF, 0xFF, 0x81, 0xE0, 0x18, 0x7F, 0xCF, 0xF9, 0xFF, 0x38,
    0x07, 0x70, 0xFF, 0x1F, 0xF1, 0x0E, 0x01, 0xFE, 0x39, 0xFF, 0x3F, 0xC1, 0xE0, 0x0E, 0x07, 0xF1,
    0xFF, 0x78, 0xEE, 0x61, 0xFF, 0x3F, 0xF7, 0x8F, 0xE0, 0xFE, 0x3D, 0xFF, 0x1F, 0xC0, 0xF0, 0xFF,
    0xBF, 0xFF, 0xFC, 0x0E, 0x07, 0x81, 0xC0, 0xF0, 0x38, 0x1C, 0x0F, 0x03, 0x81, 0xC0, 0x70, 0x00,
    0x1E, 0x0F, 0xF1, 0xFF, 0x78, 0xE7, 0x1C, 0xFF, 0x8F, 0xE7, 0xFE, 0xE1, 0xFC, 0x3F, 0xFF, 0xBF,
    0xE1, 0xF0, 0x1E, 0x0F, 0xF3, 0xFF, 0x70, 0xEE, 0x1F, 0xC3, 0xFF, 0xFB, 0xFF, 0x1D, 0xDE, 0x39,
    0xFF, 0x3F, 0xC1, 0xE0, 0x0E, 0x03, 0x80, 0xE1, 0xFF, 0x7F, 0xC3, 0x80, 0xE0, 0x38, 0x00, 0x1F,
    0xF7, 0xFC, 0xFF, 0xFF, 0xDF, 0xCF, 0xEF, 0xFF, 0xFC, 0x00, 0xF3, 0x8E, 0x71, 0xC7, 0x1C, 0x71,
    0xC7, 0x1C, 0x78, 0xE3, 0xC7, 0x07, 0x3C, 0xE7, 0x3C, 0xE7, 0x39, 0xCE, 0xF7, 0x3B, 0x9C, 0x3E,
    0x3F, 0xBF, 0xE0, 0x77, 0xFF, 0xFF, 0x8F, 0xFF, 0xFF, 0x9D, 0xC0, 0x1E, 0x1F, 0xEF, 0xFF, 0x87,
    0xFF, 0xFF, 0xFE, 0x13, 0xFF, 0x7F, 0x87, 0x80, 0x1E, 0x1F, 0xEF, 0xFF, 0x87, 0xE1, 0xF8, 0x7E,
    0x1F, 0xFF, 0x7F, 0x87, 0x80, 0x70, 0xEF, 0x38, 0xEF, 0x0F, 0xC1, 0xF0, 0x3E, 0x0F, 0xE1, 0xDE,
    0x71, 0xEC, 0x1C, 0x1F, 0x0F, 0xF1, 0xFF, 0x38, 0xF0, 0x0F, 0xFF, 0xFF, 0xFF, 0xFF, 0xF1, 0xEF,
    0x79, 0xFF, 0x1F, 0xC0, 0x40, 0x60, 0x38, 0x0E, 0x03, 0xBC, 0xFF, 0xBF, 0xFF, 0x1F, 0x87, 0xE1,
    0xF8, 0x7E, 0x1F, 0x87, 0x61, 0xC0, 0x60, 0x38, 0x0E, 0x03, 0x8F, 0xE7, 0xBB, 0xCF, 0xE3, 0xF0,
    0xFE, 0x3F, 0xCE, 0x7B, 0x8F, 0x61, 0xC0, 0x6E, 0xEE, 0xEE, 0xEE, 0xEE, 0xEE, 0x60, 0xEE, 0x3C,
    0xFF, 0xFE, 0xFF, 0xFE, 0xF3, 0xCF, 0xE3, 0x8F, 0xE3, 0x8F, 0xE3, 0x8F, 0xE3, 0x8F, 0xE3, 0x8F,
    0x61, 0x86, 0xEF, 0x3F, 0xEF, 0xFF, 0xC7, 0xE1, 0xF8, 0x7E, 0x1F, 0x87, 0xE1, 0xD8, 0x70, 0xEF,
    0x1F, 0xF3, 0xFF, 0x78, 0xEE, 0x1F, 0xC3, 0xFC, 0x77, 0xFE, 0xFF, 0x9C, 0xE3, 0x80, 0x70, 0x0E,
    0x00, 0x3E, 0x3F, 0xBF, 0xFE, 0x0F, 0xF1, 0xFF, 0x8F, 0xFF, 0x7F, 0x1F, 0x00, 0x38, 0x73, 0xF7,
    0xFF, 0xC7, 0x0E, 0x1C, 0x38, 0x7C, 0xF8, 0xE0, 0x1F, 0xC0, 0x1F, 0xF0, 0x1F, 0xFC, 0x0E, 0x0E,
    0x0F, 0x07, 0x87, 0x01, 0xC3, 0x80, 0x01, 0xC7, 0xFF, 0xE3, 0xFF, 0xF1, 0xFF, 0xF8, 0xE0, 0x1E,
    0x70, 0x07, 0xB8, 0x01, 0xFF, 0xF8, 0x7F, 0xFC, 0x0F, 0xFE, 0x03, 0x80, 0x01, 0xC0, 0x00, 0xE0,
    0x00, 0x70, 0x00, 0x3F, 0xF8, 0x1F, 0xFC, 0x00, 0x00, 0x00, 0x19, 0x80, 0x03, 0x60, 0x07, 0xEC,
    0x03, 0xFF, 0x80, 0xFF, 0xF8, 0x3F, 0xFF, 0x0F, 0x19, 0xF1, 0xC3, 0x7F, 0x78, 0xED, 0xEE, 0x19,
    0x9D, 0xC3, 0x30, 0x78, 0x6C, 0x0F, 0x19, 0x81, 0xE3, 0x30, 0x3C, 0x6C, 0x07, 0x99, 0x80, 0x73,
    0x30, 0x0E, 0x6E, 0x1D, 0xF9, 0x87, 0x9F, 0x30, 0xE3, 0xEE, 0x7C, 0x3F, 0xFF, 0x03, 0xFF, 0xC0,
    0x7F, 0xF0, 0x0D, 0xF0, 0x03, 0x30, 0x00, 0x66, 0x00, 0x00, 0x01, 0xF8, 0x00, 0xFF, 0xC0, 0x3F,
    0xFC, 0x0F, 0xCF, 0xC3, 0xC0, 0x3C, 0x70, 0x03, 0x9E, 0x00, 0x7B, 0x80, 0x07, 0x70, 0x00, 0x1E,
    0x00, 0x63, 0xC3, 0xBE, 0x78, 0x7F, 0xCF, 0x0F, 0xF9, 0xE1, 0xF0, 0x1C, 0x3C, 0x03, 0x87, 0x8F,
    0x78, 0xE1, 0xE7, 0x9C, 0x78, 0xFB, 0x9F, 0x0F, 0xFF, 0xC0, 0xFF, 0xF0, 0x0F, 0xFC, 0x00, 0x3C,
    0x00, 0x0F, 0xFF, 0x87, 0xFF, 0xC3, 0xFF, 0xE1, 0xFF, 0xF0, 0xE0, 0x00, 0x70, 0x00, 0x38, 0x00,
    0x1C, 0x00, 0x0E, 0x00, 0x07, 0x00, 0x03, 0xFF, 0xC1, 0xFF, 0xE0, 0xFF, 0xF0, 0x70, 0x00, 0x38,
    0x00, 0x1C, 0x00, 0xFF, 0xC0, 0x7F, 0xE0, 0x1F, 0xF0, 0x01, 0xC0, 0x00, 0xE0, 0x00, 0x70, 0x00,
    0x01, 0xE0, 0x07, 0xF8, 0x0F, 0xFC, 0x1E, 0x3E, 0x3C, 0x0E, 0x3C, 0x0E, 0x38, 0x0E, 0x38, 0x00,
    0x3C, 0x00, 0xFF, 0xF0, 0xFF, 0xF0, 0x3C, 0x00, 0x3C, 0x00, 0xFF, 0xF0, 0xFF, 0xF0, 0x3C, 0x00,
    0x3C, 0x00, 0x3C, 0x0E, 0x38, 0x0E, 0xFF, 0xFE, 0xFF, 0xFE, 0xFF, 0xFC, 0x00, 0x0C, 0x00, 0x00,
    0xE0, 0x00, 0x07, 0x01, 0xDF, 0xFF, 0xCF, 0xFF, 0xFF, 0x7F, 0xFF, 0xFB, 0xC3, 0xE1, 0xFE, 0x0E,
    0x07, 0xE0, 0xF0, 0x3F, 0x07, 0x81, 0xF8, 0x3C, 0x0F, 0xC3, 0xE0, 0x7E, 0x1F, 0x03, 0xF1, 0xF8,
    0x1F, 0x8F, 0xC0, 0xFC, 0x7E, 0x07, 0xE7, 0x70, 0x3F, 0x3B, 0x81, 0xFB, 0xDC, 0x0E, 0x1C, 0x00,
    0x00, 0xE0, 0x00, 0x00, 0x1C, 0x00, 0x60, 0xF8, 0x03, 0xC3, 0xE0, 0x0F, 0x0F, 0xC0, 0x3C, 0x3F,
    0x80, 0xF0, 0xFE, 0x03, 0xC3, 0xFC, 0x0F, 0x0F, 0x78, 0x3C, 0xFF, 0xFF, 0xFF, 0xFF, 0xFF, 0xFF,
    0xFF, 0xFF, 0xCF, 0x1E, 0x3C, 0x3C, 0x3C, 0xF3, 0xFF, 0xFF, 0xFF, 0xFF, 0xFF, 0xCF, 0x03, 0xFC,
    0x3C, 0x0F, 0xF0, 0xF0, 0x1F, 0xC3, 0xC0, 0x3F, 0x0F, 0x00, 0xFC, 0x3C, 0x01, 0xF0, 0xF0, 0x03,
    0xC0, 0x7F, 0x80, 0x00, 0x7F, 0xF8, 0x00, 0x3F, 0xFF, 0x0F, 0x1F, 0xFF, 0x87, 0x8F, 0x01, 0xE3,
    0xC7, 0x80, 0x71, 0xE3, 0xC0, 0x3B, 0xFF, 0xE0, 0x1D, 0xFF, 0xF0, 0x0E, 0xFF, 0xF8, 0x07, 0x1E,
    0x3C, 0x07, 0x8F, 0x1F, 0xFF, 0x87, 0x8F, 0xFF, 0x83, 0xC7, 0xFF, 0x81, 0xE3, 0xFE, 0x00, 0xF1,
    0xE0, 0x00, 0x78, 0xF0, 0x00, 0x3C, 0x78, 0x00, 0x1E, 0x3C, 0x00, 0x0F, 0x1E, 0x00, 0x03, 0xCF,
    0x00, 0x01, 0xFF, 0x80, 0x00, 0x7C, 0x00, 0x00, 0x0C, 0x7F, 0x80, 0x00, 0x07, 0xFF, 0x80, 0x00,
    0x3F, 0xFF, 0x00, 0x01, 0xFF, 0xF8, 0x00, 0x0F, 0x01, 0xE0, 0x00, 0x78, 0x07, 0x00, 0x03, 0xC0,
    0x38, 0x7F, 0x1E, 0x01, 0xC7, 0xFE, 0xF0, 0x0E, 0x7F, 0xF7, 0x80, 0xF3, 0x83, 0xFC, 0x0F, 0x9C,
    0x0D, 0xFF, 0xF8, 0xE0, 0x0F, 0xFF, 0x87, 0xE0, 0x7F, 0xF8, 0x1F, 0xE3, 0xC3, 0xC0, 0x7F, 0xDE,
    0x0F, 0x00, 0x7F, 0xF0, 0x78, 0x00, 0x7F, 0x81, 0xE3, 0x01, 0xFC, 0x0F, 0x3C, 0x0F, 0xE0, 0x3C,
    0xF1, 0xFF, 0x01, 0xE7, 0xFF, 0x78, 0x07, 0x8F, 0xF0, 0x00, 0x00, 0x1E, 0x00, 0x60, 0x0E, 0x00,
    0xEF, 0x00, 0xF0, 0x0E, 0x70, 0x1F, 0x00, 0xE7, 0x01, 0xF0, 0x1E, 0x78, 0x1F, 0x81, 0xC7, 0x81,
    0xF8, 0x1C, 0x38, 0x3F, 0x81, 0xC3, 0x83, 0xFC, 0x3C, 0xFF, 0xFF, 0xFF, 0xEF, 0xFF, 0xFF, 0xFE,
    0x7F, 0xFF, 0xFF, 0xE1, 0xC7, 0x1C, 0x78, 0x7F, 0xFF, 0xFF, 0xEF, 0xFF, 0xFF, 0xFE, 0xFF, 0xFF,
    0xFF, 0xE7, 0xFF, 0xFF, 0xFC, 0x0F, 0xE0, 0x7E, 0x00, 0x7E, 0x07, 0xE0, 0x07, 0xC0, 0x7E, 0x00,
    0x7C, 0x07, 0xC0, 0x03, 0xC0, 0x3C, 0x00, 0x3C, 0x03, 0xC0, 0xFF, 0xF0, 0xEF, 0xFF, 0x8E, 0xFF,
    0xFC, 0xEF, 0x03, 0xCE, 0xF0, 0x1C, 0xEF, 0x79, 0xCE, 0xF7, 0x9C, 0xEF, 0x79, 0xCE, 0xF7, 0x9C,
    0xEF, 0x79, 0xCE, 0xF7, 0x9C, 0xEF, 0x78, 0x0E, 0xF7, 0x80, 0xEF, 0x7F, 0xFE, 0xF7, 0xFF, 0xCF,
    0x7F, 0xF8, 0x00, 0x0C, 0x00, 0x0F, 0x00, 0x7F, 0xE0, 0x3F, 0xF0, 0x1F, 0xF8, 0x00, 0xF0, 0x3F,
    0x78, 0x7F, 0xFC, 0x3F, 0xFE, 0x3C, 0x1F, 0x1C, 0x07, 0x9E, 0x03, 0xCE, 0x01, 0xE7, 0x00, 0x73,
    0x80, 0x39, 0xC0, 0x3C, 0xF0, 0x1E, 0x78, 0x0F, 0x1E, 0x0F, 0x8F, 0x8F, 0xC3, 0xFF, 0xE0, 0xFF,
    0x70, 0x1E, 0x00, 0x00, 0x00, 0x00, 0x00, 0x3F, 0xFF, 0x1F, 0xFF, 0x8F, 0xFF, 0xC0, 0x00, 0x7E,
    0x00, 0x7F, 0xE0, 0x3F, 0xFC, 0x1F, 0x9F, 0x0F, 0x81, 0x83, 0xC0, 0x00, 0xE0, 0x00, 0x78, 0x00,
    0x7F, 0xFE, 0x1F, 0xFF, 0x87, 0xFF, 0xC0, 0x70, 0x00, 0x7F, 0xF8, 0x1F, 0xFE, 0x0F, 0xFF, 0x80,
    0x78, 0x00, 0x0E, 0x00, 0x03, 0xC0, 0x00, 0x78, 0x18, 0x1F, 0xFF, 0x03, 0xFF, 0xC0, 0x3F, 0xC0,
    0x03, 0xC0, 0x0E, 0x00, 0xF0, 0xE0, 0x1F, 0x0E, 0x03, 0xE0, 0xE0, 0x7C, 0x0E, 0x0F, 0x80, 0xE0,
    0xF0, 0x0E, 0x1E, 0x00, 0xE3, 0xC0, 0x0E, 0x78, 0x0F, 0xFF, 0xFF, 0xFF, 0xFF, 0xFF, 0xFF, 0xFF,
    0x0F, 0xF8, 0x00, 0xFB, 0xC0, 0x0F, 0x1E, 0x00, 0xE1, 0xE0, 0x0E, 0x0F, 0x00, 0xE0, 0x78, 0x0E,
    0x07, 0xC0, 0xE0, 0x3C, 0x0E, 0x01, 0xE0, 0xE0, 0x0F, 0xFF, 0xFF, 0x7F, 0xFF, 0xFF, 0xFF, 0xEF,
    0xFF, 0xE0, 0x1C, 0x00, 0x0E, 0x00, 0x07, 0x30, 0x03, 0xF8, 0x01, 0xFC, 0x03, 0xF8, 0x07, 0xF0,
    0x03, 0xFB, 0x81, 0x9F, 0xC0, 0x1F, 0xC0, 0x7F, 0x80, 0x3F, 0x80, 0x1D, 0xC0, 0x00, 0xE0, 0x00,
    0x70, 0x00, 0x38, 0x00, 0x1C, 0x00, 0x0E, 0x00, 0x03, 0xC0, 0x00, 0x00, 0x00, 0x0F, 0x00, 0x00,
    0x00, 0x00, 0x3F, 0xC0, 0x00, 0x00, 0x07, 0xFF, 0xE0, 0x00, 0x00, 0x3F, 0xFF, 0xC0, 0x00, 0x00,
    0x7F, 0x1F, 0x80, 0x00, 0x00, 0x3C, 0x0F, 0x00, 0x00, 0x00, 0xF0, 0x1E, 0x00, 0x00, 0x03, 0xC0,
    0x38, 0x1F, 0xC0, 0x0F, 0x00, 0xE0, 0xFF, 0xC0, 0x3C, 0x03, 0xC7, 0xFF, 0x00, 0xF0, 0x0F, 0x3C,
    0x1E, 0x03, 0xC0, 0x3C, 0xE0, 0x3C, 0x0F, 0x00, 0xF3, 0x80, 0xF0, 0x3C, 0x03, 0xDE, 0x01, 0xC0,
    0xF0, 0x0F, 0x78, 0x07, 0x3F, 0xC0, 0x3D, 0xE0, 0x1D, 0xFF, 0x00, 0xE7, 0x80, 0x7F, 0xFC, 0x03,
    0x9E, 0x03, 0xFC, 0xF0, 0x1E, 0x78, 0x0F, 0xE3, 0xE0, 0xF1, 0xF0, 0x7B, 0xDF, 0xEF, 0xC7, 0xE3,
    0xE7, 0xFF, 0xFE, 0x1F, 0xFF, 0x1F, 0xCF, 0xF0, 0x7B, 0xF8, 0x1C, 0x0E, 0x01, 0xE7, 0x80, 0x00,
    0x00, 0x07, 0x80, 0x00, 0x00, 0x00, 0x1E, 0x00, 0x00, 0x00, 0x00, 0x78, 0x00, 0x00, 0x00, 0x01,
    0xE0, 0x00, 0x00, 0x00, 0x07, 0x80, 0x00, 0x1F, 0xE0, 0x03, 0xFF, 0x80, 0x7F, 0xF8, 0x0F, 0xFF,
    0x81, 0xC0, 0x70, 0xFF, 0xFF, 0xDF, 0xFF, 0xFB, 0xFF, 0xFF, 0x1C, 0x03, 0x8F, 0xFF, 0xFD, 0xFF,
    0xFF, 0xBF, 0xFF, 0xF1, 0xC0, 0x70, 0x3F, 0xFE, 0x07, 0xFF, 0x80, 0xFF, 0xE0, 0x1F, 0x80, 0x03,
    0x80, 0x00, 0x70, 0x00, 0x0E, 0x00, 0x01, 0xC0, 0x00, 0x38, 0x00, 0x00, 0x00, 0x60, 0x00, 0x0C,
    0x00, 0x01, 0x80, 0x00, 0xFC, 0x00, 0x7F, 0xE0, 0x1F, 0xFE, 0x07, 0xFB, 0xE1, 0xE3, 0x1E, 0x38,
    0x61, 0xEF, 0x0C, 0x3D, 0xC1, 0x83, 0xB8, 0x30, 0x0F, 0x06, 0x01, 0xE0, 0xC0, 0x3C, 0x1F, 0xFF,
    0x83, 0xFF, 0xF0, 0x7F, 0xEE, 0x0C, 0x1D, 0xC1, 0x83, 0xBC, 0x30, 0xF3, 0xC6, 0x1E, 0x7C, 0xC7,
    0x87, 0xFF, 0xE0, 0x7F, 0xF8, 0x07, 0xFE, 0x00, 0x1E, 0x00, 0x01, 0x80, 0x00, 0x30, 0x00, 0x00,
    0xE0, 0x00, 0x0F, 0x00, 0x01, 0xF0, 0x00, 0x1F, 0x80, 0x01, 0xF8, 0x00, 0x3F, 0xC0, 0x03, 0x9C,
    0x00, 0x39, 0xC0, 0x07, 0x9E, 0x07, 0xFF, 0xFE, 0x7F, 0xFF, 0xE7, 0xFF, 0xFE, 0x0E, 0x07, 0x01,
    0xE0, 0x78, 0x7F, 0xFF, 0xE7, 0xFF, 0xFE, 0x7F, 0xFF, 0xE3, 0x80, 0x3C, 0x38, 0x01, 0xC7, 0x80,
    0x1E, 0x70, 0x00, 0xEF, 0x00, 0x0E, 0x07, 0xE0, 0x1F, 0xF8, 0x3F, 0xFC, 0x3C, 0x3C, 0x38, 0x1E,
    0x78, 0x1E, 0x00, 0x1E, 0x00, 0x3C, 0xFF, 0xFF, 0xFF, 0xFF, 0xFF, 0xFF, 0x00, 0x00, 0xFF, 0xFF,
    0xFF, 0xFF, 0xFF, 0xFF, 0x38, 0x00, 0x78, 0x00, 0x78, 0x1E, 0x78, 0x1E, 0x3F, 0xFE, 0x3F, 0xFC,
    0x1F, 0xF8, 0x03, 0xC0, 0x00, 0x60, 0x00, 0x0C, 0x00, 0x01, 0x80, 0x00, 0xFC, 0x00, 0x7F, 0xE0,
    0x1F, 0xFF, 0x07, 0xFB, 0xE1, 0xE3, 0x1E, 0x38, 0x61, 0xEF, 0x0C, 0x3D, 0xC1, 0x83, 0xB8, 0x30,
    0x0F, 0x06, 0x01, 0xE0, 0xC0, 0x3C, 0x18, 0x07, 0x83, 0x00, 0xF0, 0x60, 0x0E, 0x0C, 0x01, 0xC1,
    0x83, 0xBC, 0x30, 0xF3, 0xC6, 0x1C, 0x7C, 0xCF, 0x87, 0xFF, 0xE0, 0x7F, 0xF8, 0x07, 0xFE, 0x00,
    0x1E, 0x00, 0x01, 0x80, 0x00, 0x30, 0x00, 0x00, 0x00, 0xFF, 0xFF, 0x7F, 0xFF, 0xFF, 0xFF, 0xEF,
    0xFF, 0xE7, 0xFF, 0xF7, 0xFF, 0xFF, 0xFF, 0xFF, 0xFF, 0xFE, 0x01, 0xC0, 0x00, 0xE0, 0x00, 0x70,
    0x00, 0x38, 0x00, 0x1C, 0x00, 0x0E, 0x00, 0x07, 0x00, 0x03, 0x80, 0x01, 0xC0, 0x00, 0xE0, 0x00,
    0x70, 0x00, 0x38, 0x00, 0x1C, 0x00, 0x0E, 0x00, 0x7F, 0xFE, 0xFF, 0xFD, 0xFF, 0xFB, 0xFF, 0xE0,
    0x0F, 0x07, 0xFF, 0xDF, 0xFF, 0xBF, 0xFF, 0x7F, 0xFC, 0x01, 0xE0, 0x0F, 0xC3, 0xFF, 0x07, 0xFC,
    0x0F, 0xC0, 0x0F, 0x00, 0x0F, 0x00, 0x0F, 0x00, 0x1F, 0x00, 0x1F, 0x00, 0x1E, 0x00, 0x1E, 0x00,
    0x1E, 0x00, 0x1C, 0x00, 0x38, 0x00, 0x71, 0x80, 0xEF, 0x01, 0xFE, 0x03, 0xF8, 0x3F, 0xC0, 0x7E,
    0x30, 0xFD, 0xE1, 0x3F, 0xC0, 0xFF, 0x07, 0xF8, 0x0F, 0xC0, 0xFF, 0x83, 0xE7, 0x07, 0x8E, 0x0F,
    0x1C, 0x1C, 0x38, 0x78, 0x71, 0xF0, 0xFF, 0xC1, 0xFF, 0x03, 0xFC, 0x07, 0xC0, 0x00, 0x01, 0xC0,
    0x00, 0xE0, 0x00, 0x70, 0x00, 0xFE, 0x00, 0xFF, 0x81, 0xFF, 0xF0, 0xFF, 0xF8, 0xF3, 0x9E, 0x71,
    0xC7, 0x78, 0xE3, 0xF8, 0x70, 0xFC, 0x38, 0x7E, 0x1C, 0x3F, 0x0E, 0x1F, 0x87, 0x0F, 0xC3, 0x87,
    0x0F, 0xF8, 0x01, 0xFF, 0xE0, 0x3F, 0xFE, 0x07, 0xFF, 0xE0, 0xE0, 0x1E, 0x1C, 0x03, 0xC3, 0x80,
    0x38, 0x70, 0x07, 0x0E, 0x00, 0xE1, 0xC0, 0x3C, 0x38, 0x1F, 0x3F, 0xFF, 0xE7, 0xFF, 0xF0, 0xFF,
    0xF8, 0x03, 0x80, 0x03, 0xFF, 0x80, 0x7F, 0xF0, 0x0F, 0xFE, 0x00, 0x38, 0x00, 0x07, 0x00, 0x00,
    0xE0, 0x00, 0x1C, 0x00, 0x00, 0x06, 0x30, 0x03, 0xB8, 0x01, 0xDC, 0x00, 0xFE, 0x01, 0xFF, 0xC1,
    0xFF, 0xF1, 0xFD, 0xFC, 0xFE, 0xFE, 0xF7, 0x77, 0xF3, 0xBB, 0xF9, 0xDC, 0xFC, 0xEE, 0x7E, 0x77,
    0x3F, 0x00, 0x03, 0x80, 0x01, 0xE0, 0x00, 0x70, 0x00, 0x3C, 0x00, 0x0F, 0x00, 0x1F, 0xFF, 0xFF,
    0xFF, 0xFF, 0xFF, 0xFC, 0x1D, 0xC0, 0x1D, 0xC0, 0x7F, 0xC0, 0xFF, 0xF0, 0xFF, 0xFC, 0xFF, 0xFC,
    0xF0, 0x1E, 0xF0, 0x1E, 0xF0, 0x0E, 0xF0, 0x0E, 0xF0, 0x1E, 0xF0, 0x7C, 0xFF, 0xF8, 0xFF, 0xF8,
    0xFF, 0xFE, 0xF0, 0x1E, 0xF0, 0x0F, 0xF0, 0x0F, 0xF0, 0x0F, 0xF0, 0x0F, 0xF0, 0x1E, 0xFF, 0xFE,
    0xFF, 0xFC, 0xFF, 0xF8, 0x1D, 0xC0, 0x1D, 0xC0, 0x1D, 0xC0, 0x00, 0x60, 0x00, 0x01, 0xE0, 0x00,
    0x07, 0xC0, 0x00, 0x1F, 0x00, 0x00, 0x7C, 0x00, 0x01, 0xF0, 0x00, 0x07, 0xC0, 0x00, 0x1F, 0x00,
    0x00, 0x7F, 0xFF, 0xFC, 0xFF, 0xFF, 0xF9, 0xFF, 0xFF, 0xF1, 0xE0, 0x00, 0x01, 0xE0, 0x00, 0x01,
    0xE0, 0x00, 0x01, 0xE0, 0x00, 0x01, 0xE0, 0x00, 0x01, 0xE0, 0x00, 0x01, 0xE0, 0x00, 0x01, 0x80,
    0x00, 0x00, 0x60, 0x00, 0x0F, 0x00, 0x01, 0xF8, 0x00, 0x3F, 0xC0, 0x07, 0xFE, 0x00, 0xF7, 0xF0,
    0x1F, 0x77, 0x83, 0xE7, 0x7C, 0x7C, 0x73, 0xE7, 0x87, 0x1E, 0x70, 0x70, 0xE2, 0x07, 0x04, 0x00,
    0x70, 0x00, 0x07, 0x00, 0x00, 0x70, 0x00, 0x07, 0x00, 0x00, 0x70, 0x00, 0x07, 0x00, 0x00, 0x70,
    0x00, 0x07, 0x00, 0x00, 0x70, 0x00, 0x07, 0x00, 0x00, 0x08, 0x00, 0x00, 0x70, 0x00, 0x01, 0xE0,
    0x00, 0x03, 0xC0, 0x00, 0x07, 0x80, 0x00, 0x0F, 0x00, 0x00, 0x1E, 0x00, 0x00, 0x3C, 0xFF, 0xFF,
    0xFB, 0xFF, 0xFF, 0xFF, 0xFF, 0xFF, 0xC0, 0x00, 0x1E, 0x00, 0x01, 0xF0, 0x00, 0x0F, 0x80, 0x00,
    0x7C, 0x00, 0x03, 0xE0, 0x00, 0x1F, 0x00, 0x00, 0x78, 0x00, 0x00, 0xC0, 0x00, 0x00, 0x60, 0x00,
    0x07, 0x00, 0x00, 0x70, 0x00, 0x07, 0x00, 0x00, 0x70, 0x00, 0x07, 0x00, 0x00, 0x70, 0x00, 0x07,
    0x00, 0x00, 0x70, 0x00, 0x07, 0x00, 0x00, 0x70, 0x02, 0x07, 0x04, 0x70, 0x70, 0xE7, 0x87, 0x1E,
    0x3C, 0x73, 0xC1, 0xE7, 0x78, 0x0F, 0x7F, 0x00, 0x7F, 0xE0, 0x03, 0xFC, 0x00, 0x1F, 0x80, 0x00,
    0xF0, 0x00, 0x06, 0x00, 0x00, 0x00, 0x00, 0x00, 0x60, 0x00, 0x80, 0x00, 0x1E, 0x00, 0x38, 0x00,
    0x07, 0xC0, 0x07, 0x80, 0x01, 0xF0, 0x00, 0x78, 0x00, 0x7C, 0x00, 0x07, 0x80, 0x1F, 0x00, 0x00,
    0x78, 0x07, 0xC0, 0x00, 0x07, 0x81, 0xF0, 0x00, 0x00, 0x78, 0x7F, 0xFF, 0xFF, 0xFF, 0x8F, 0xFF,
    0xFF, 0xFF, 0xF9, 0xFF, 0xFF, 0xFF, 0xFF, 0x1E, 0x00, 0x00, 0x03, 0xC1, 0xE0, 0x00, 0x00, 0xF0,
    0x1E, 0x00, 0x00, 0x3C, 0x01, 0xE0, 0x00, 0x0F, 0x00, 0x1E, 0x00, 0x03, 0xC0, 0x01, 0xE0, 0x00,
    0xF0, 0x00, 0x1E, 0x00, 0x3C, 0x00, 0x01, 0x80, 0x03, 0x00, 0x00, 0x00, 0x60, 0x00, 0x0F, 0x00,
    0x01, 0xF8, 0x00, 0x3F, 0xC0, 0x07, 0xFE, 0x00, 0xF7, 0xF0, 0x1E, 0x77, 0x83, 0xC7, 0x3C, 0x78,
    0x71, 0xE7, 0x07, 0x0F, 0x60, 0x70, 0x60, 0x07, 0x00, 0x00, 0x70, 0x00, 0x07, 0x00, 0x00, 0x70,
    0x00, 0x07, 0x00, 0x00, 0x70, 0x00, 0x07, 0x00, 0x00, 0x70, 0x00, 0x07, 0x00, 0x00, 0x70, 0x00,
    0x07, 0x00, 0x20, 0x70, 0x47, 0x07, 0x0E, 0x78, 0x71, 0xE3, 0xC7, 0x3C, 0x1E, 0x77, 0x80, 0xF7,
    0xF0, 0x07, 0xFE, 0x00, 0x3F, 0xC0, 0x01, 0xF8, 0x00, 0x0F, 0x00, 0x00, 0x60, 0x00, 0x00, 0x00,
    0xFF, 0xFC, 0x7F, 0xFE, 0x3F, 0xFF, 0x1F, 0x80, 0x0F, 0xE0, 0x07, 0x78, 0x03, 0xBE, 0x01, 0xCF,
    0x80, 0xE3, 0xE0, 0x70, 0xF8, 0x38, 0x3E, 0x1C, 0x0F, 0x8E, 0x03, 0xE7, 0x00, 0xF8, 0x00, 0x3C,
    0x00, 0x0E, 0x00, 0x00, 0x00, 0x3F, 0xFF, 0x3F, 0xFF, 0x3F, 0xFF, 0x00, 0x1F, 0x00, 0x7F, 0x00,
    0xFF, 0x01, 0xF7, 0x03, 0xE7, 0x07, 0xC7, 0x0F, 0x87, 0x1F, 0x07, 0x3E, 0x07, 0x7C, 0x07, 0xF8,
    0x07, 0xF0, 0x00, 0x60, 0x00, 0x00, 0x00, 0x60, 0x00, 0xF0, 0x00, 0xF8, 0x03, 0x7C, 0x07, 0x3E,
    0x07, 0x1F, 0x07, 0x0F, 0x87, 0x07, 0xC7, 0x03, 0xE7, 0x01, 0xF7, 0x00, 0xFF, 0x00, 0x7F, 0x00,
    0x3F, 0x1F, 0xFF, 0x3F, 0xFF, 0x3F, 0xFF, 0x00, 0x02, 0x00, 0x03, 0x90, 0x03, 0xDC, 0x03, 0xCE,
    0x03, 0xC7, 0x03, 0xC3, 0x83, 0xC1, 0xC3, 0xC0, 0xE3, 0xC0, 0x73, 0xC0, 0x3B, 0xC0, 0x1F, 0xC0,
    0x0F, 0xC0, 0x07, 0xFF, 0xE3, 0xFF, 0xF1, 0xFF, 0xF8, 0x00, 0x00, 0x0F, 0x80, 0x00, 0x00, 0x7E,
    0x00, 0x00, 0x03, 0xF8, 0x00, 0xC0, 0x01, 0xE0, 0x0F, 0x00, 0x07, 0x00, 0xF8, 0x00, 0x3C, 0x0F,
    0x80, 0x00, 0xE0, 0xF8, 0x00, 0x07, 0x0F, 0x80, 0x00, 0x78, 0xF8, 0x00, 0x03, 0x8F, 0x80, 0x00,
    0x3C, 0xFF, 0xFF, 0xFF, 0xC7, 0xFF, 0xFF, 0xFC, 0x3F, 0xFF, 0xFF, 0xC0, 0xF0, 0x00, 0x00, 0x03,
    0xC0, 0x00, 0x00, 0x0F, 0x00, 0x00, 0x00, 0x3C, 0x00, 0x00, 0x00, 0xF0, 0x00, 0x00, 0x03, 0xC0,
    0x00, 0x00, 0x0F, 0x00, 0x00, 0x00, 0x30, 0x00, 0x00, 0x0F, 0x80, 0x00, 0x00, 0xFC, 0x00, 0x00,
    0x0F, 0xE0, 0x00, 0x00, 0xF0, 0x00, 0x20, 0x07, 0x00, 0x03, 0x80, 0x78, 0x00, 0x3E, 0x03, 0x80,
    0x00, 0xF8, 0x1C, 0x00, 0x03, 0xE0, 0xF0, 0x00, 0x0F, 0x83, 0x80, 0x00, 0x3E, 0x1E, 0x00, 0x00,
    0x78, 0x7F, 0xFF, 0xFF, 0xE1, 0xFF, 0xFF, 0xFF, 0x87, 0xFF, 0xFF, 0xF8, 0x00, 0x00, 0x07, 0x80,
    0x00, 0x00, 0x78, 0x00, 0x00, 0x07, 0x80, 0x00, 0x00, 0x78, 0x00, 0x00, 0x07, 0x80, 0x00, 0x00,
    0x78, 0x00, 0x00, 0x07, 0x80, 0x00, 0x00, 0x18, 0x00, 0x02, 0x00, 0x00, 0x06, 0x00, 0x00, 0x0E,
    0x00, 0x00, 0x1E, 0x00, 0x00, 0x3E, 0x00, 0x00, 0x7F, 0xFF, 0xFF, 0x7F, 0xFF, 0xFF, 0x7F, 0xFF,
    0xFF, 0x3E, 0x00, 0x07, 0x1E, 0x00, 0x07, 0x0E, 0x00, 0x07, 0x06, 0x00, 0x07, 0x02, 0x00, 0x07,
    0x00, 0x00, 0x07, 0x00, 0x00, 0x07, 0x00, 0x00, 0x07, 0x00, 0x00, 0x07, 0x00, 0x00, 0x07, 0x00,
    0x00, 0x07, 0x00, 0x00, 0x07, 0x00, 0x00, 0x07, 0x00, 0x00, 0x07, 0x00, 0x00, 0x40, 0x00, 0x00,
    0x60, 0x00, 0x00, 0x70, 0x00, 0x00, 0x78, 0x00, 0x00, 0x7C, 0xFF, 0xFF, 0xFE, 0xFF, 0xFF, 0xFF,
    0xFF, 0xFF, 0xFE, 0xE0, 0x00, 0x7C, 0xE0, 0x00, 0x78, 0xE0, 0x00, 0x70, 0xE0, 0x00, 0x60, 0xE0,
    0x00, 0x40, 0xE0, 0x00, 0x00, 0xE0, 0x00, 0x00, 0xE0, 0x00, 0x00, 0xE0, 0x00, 0x00, 0xE0, 0x00,
    0x00, 0xE0, 0x00, 0x00, 0xE0, 0x00, 0x00, 0xE0, 0x00, 0x00, 0xE0, 0x00, 0x00, 0x60, 0x00, 0x00,
    0xE0, 0x00, 0x00, 0xE0, 0x00, 0x00, 0xE0, 0x00, 0x00, 0xE0, 0x00, 0x00, 0xE0, 0x00, 0x00, 0xE0,
    0x00, 0x00, 0xE0, 0x00, 0x60, 0xE0, 0x00, 0x70, 0xE0, 0x00, 0x78, 0xE0, 0x00, 0x7C, 0xFF, 0xFF,
    0xFE, 0xFF, 0xFF, 0xFF, 0xFF, 0xFF, 0xFF, 0x00, 0x00, 0x7E, 0x00, 0x00, 0x7C, 0x00, 0x00, 0x78,
    0x00, 0x00, 0x70, 0x00, 0x00, 0x60, 0x7F, 0xFC, 0x0F, 0xFF, 0xE0, 0xFF, 0xFE, 0x00, 0x01, 0xE0,
    0x00, 0x0E, 0x00, 0x00, 0xE0, 0x00, 0x0E, 0x00, 0x00, 0xE0, 0x00, 0x0E, 0x00, 0x00, 0xE0, 0x00,
    0x0E, 0x00, 0x00, 0xE0, 0x00, 0x0E, 0x00, 0x00, 0xE0, 0x00, 0x0E, 0x00, 0x00, 0xE0, 0x01, 0xFF,
    0xE0, 0x0F, 0xFC, 0x00, 0x7F, 0x80, 0x03, 0xF0, 0x00, 0x1E, 0x00, 0x00, 0xC0, 0x00, 0x00, 0x00,
    0x00, 0x00, 0x03, 0x00, 0x00, 0x07, 0x00, 0x00, 0x07, 0x00, 0x00, 0x07, 0x00, 0x00, 0x07, 0x00,
    0x00, 0x07, 0x02, 0x00, 0x07, 0x06, 0x00, 0x07, 0x0E, 0x00, 0x07, 0x1E, 0x00, 0x07, 0x3E, 0x00,
    0x07, 0x7F, 0xFF, 0xFF, 0x7F, 0xFF, 0xFF, 0x7F, 0xFF, 0xFF, 0x3E, 0x00, 0x00, 0x1E, 0x00, 0x00,
    0x0E, 0x00, 0x00, 0x06, 0x00, 0x00, 0x02, 0x00, 0x00, 0x00, 0x00, 0x00, 0x00, 0xC0, 0x00, 0x07,
    0x00, 0x00, 0x3C, 0x00, 0x01, 0xF0, 0x00, 0x0F, 0xC0, 0x00, 0x7F, 0xF0, 0x01, 0xFF, 0xE0, 0x03,
    0xFF, 0xC0, 0x07, 0xC7, 0x80, 0x0F, 0x0F, 0x00, 0x1C, 0x1E, 0x00, 0x30, 0x38, 0x00, 0x00, 0xE0,
    0x00, 0x03, 0xC0, 0x00, 0x07, 0xE0, 0x00, 0x1F, 0x80, 0x00, 0x7E, 0x00, 0x03, 0xFC, 0x00, 0x0E,
    0x70, 0x00, 0x39, 0xE0, 0x01, 0xE3, 0xC0, 0x0F, 0x0F, 0x80, 0xF8, 0x1F, 0xFF, 0xC0, 0x1F, 0xFE,
    0x00, 0x1F, 0xE0, 0x00, 0x00, 0x00, 0x00, 0x00, 0x80, 0x00, 0x03, 0x00, 0x00, 0x0E, 0x00, 0x00,
    0x3C, 0x00, 0x01, 0xF8, 0x00, 0x3F, 0xF0, 0x03, 0xFF, 0xC0, 0x1F, 0xFF, 0x00, 0xF8, 0xF8, 0x03,
    0xC3, 0xC0, 0x1E, 0x0E, 0x00, 0x70, 0x30, 0x03, 0x80, 0x00, 0x0E, 0x00, 0x00, 0x38, 0x00, 0x00,
    0xE0, 0x00, 0x1F, 0x80, 0x00, 0x7E, 0x00, 0x03, 0xFC, 0x00, 0x0E, 0x70, 0x00, 0x39, 0xE0, 0x01,
    0xE3, 0xC0, 0x0F, 0x0F, 0x80, 0xF8, 0x1F, 0xFF, 0xC0, 0x1F, 0xFE, 0x00, 0x1F, 0xE0, 0x00, 0x00,
    0x60, 0x00, 0x01, 0xE0, 0x00, 0x07, 0xC0, 0x00, 0x1F, 0x00, 0x00, 0x7C, 0x00, 0x01, 0xF0, 0x00,
    0x07, 0xFF, 0xFF, 0x1F, 0xFF, 0xFE, 0x7F, 0xFF, 0xFC, 0xF0, 0x00, 0x01, 0xE0, 0x00, 0x01, 0xFF,
    0xFF, 0xE1, 0xFF, 0xFF, 0xC1, 0xFF, 0xFF, 0x81, 0xE0, 0x00, 0x01, 0xE0, 0x00, 0x01, 0xE0, 0x00,
    0x01, 0xE0, 0x00, 0x01, 0x80, 0x00, 0x00, 0x00, 0x00, 0x00, 0x08, 0x00, 0x00, 0x70, 0x00, 0x01,
    0xE0, 0x00, 0x03, 0xC0, 0x00, 0x07, 0x80, 0x00, 0x0F, 0x0F, 0xFF, 0xFE, 0x3F, 0xFF, 0xFC, 0xFF,
    0xFF, 0xF8, 0x00, 0x00, 0xF0, 0x00, 0x07, 0xFF, 0xFF, 0xFE, 0xFF, 0xFF, 0xF3, 0xFF, 0xFF, 0x80,
    0x00, 0x7C, 0x00, 0x03, 0xE0, 0x00, 0x1F, 0x00, 0x00, 0x78, 0x00, 0x01, 0xC0, 0x00, 0x00, 0x00,
    0x00, 0x60, 0x00, 0x80, 0x00, 0x1E, 0x00, 0x38, 0x00, 0x07, 0xC0, 0x07, 0x80, 0x01, 0xF0, 0x00,
    0x78, 0x00, 0x7C, 0x00, 0x07, 0x80, 0x1F, 0x00, 0x00, 0x78, 0x07, 0xFF, 0xFF, 0xFF, 0x81, 0xFF,
    0xFF, 0xFF, 0xF8, 0x7F, 0xFF, 0xFF, 0xFF, 0x8F, 0x00, 0x00, 0x00, 0x79, 0xE0, 0x00, 0x00, 0x0F,
    0x1F, 0xFF, 0xFF, 0xFF, 0xC1, 0xFF, 0xFF, 0xFF, 0xF0, 0x1F, 0xFF, 0xFF, 0xFC, 0x01, 0xE0, 0x00,
    0x0F, 0x00, 0x1E, 0x00, 0x03, 0xC0, 0x01, 0xE0, 0x00, 0xF0, 0x00, 0x1E, 0x00, 0x3C, 0x00, 0x01,
    0x80, 0x03, 0x00, 0x00, 0x00, 0x00, 0x00, 0x00, 0x00, 0x00, 0x18, 0x01, 0xE0, 0x1F, 0x81, 0xFE,
    0x1F, 0xF9, 0xFF, 0xEF, 0xFE, 0x07, 0x00, 0x38, 0x01, 0xC0, 0x7F, 0xE3, 0xFF, 0x1F, 0xF0, 0x1C,
    0x07, 0xFE, 0x3F, 0xF1, 0xFF, 0x81, 0xC0, 0x0E, 0x00, 0x70, 0x03, 0x80, 0x1C, 0x00, 0x07, 0x00,
    0x38, 0x01, 0xC0, 0x0E, 0x00, 0x70, 0x1F, 0xF0, 0xFF, 0xC7, 0xFE, 0x07, 0x00, 0x38, 0x0F, 0xFC,
    0x7F, 0xE3, 0xFF, 0x03, 0x80, 0x1C, 0x00, 0xE0, 0x7F, 0xFB, 0xFF, 0x8F, 0xF8, 0x3F, 0x80, 0xF8,
    0x03, 0x80, 0x08, 0x00, 0xE0, 0x20, 0x00, 0x70, 0x38, 0x00, 0x38, 0x3C, 0x00, 0x1C, 0x3E, 0x00,
    0x0E, 0x3F, 0x00, 0x07, 0x3F, 0xFF, 0xFF, 0x9F, 0xFF, 0xFF, 0xC7, 0xFF, 0xFF, 0xE1, 0xF0, 0x00,
    0x70, 0x78, 0x00, 0x38, 0x1C, 0x00, 0x1C, 0x06, 0x00, 0x0E, 0x00, 0x00, 0x00, 0x00, 0x02, 0x03,
    0x80, 0x01, 0x81, 0xC0, 0x00, 0xE0, 0xE0, 0x00, 0x78, 0x70, 0x00, 0x3E, 0x3F, 0xFF, 0xFF, 0x9F,
    0xFF, 0xFF, 0xEF, 0xFF, 0xFF, 0xE7, 0x00, 0x03, 0xE3, 0x80, 0x01, 0xE1, 0xC0, 0x00, 0xE0, 0xE0,
    0x00, 0x60, 0x70, 0x00, 0x20, 0x38, 0x00, 0x0C, 0x00, 0x00, 0x07, 0x80, 0x00, 0x03, 0xF0, 0x00,
    0x01, 0xFE, 0x00, 0x00, 0xF3, 0xC0, 0x00, 0x78, 0x78, 0x00, 0x3C, 0x0F, 0x00, 0x1E, 0x01, 0xE0,
    0x0F, 0x00, 0x3C, 0x07, 0x80, 0x07, 0x83, 0xF8, 0x07, 0xF1, 0xFE, 0x03, 0xFE, 0x7F, 0x80, 0xFF,
    0x80, 0xE0, 0x38, 0x00, 0x38, 0x0E, 0x00, 0x0E, 0x03, 0x80, 0x03, 0x80, 0xE0, 0x00, 0xE0, 0x38,
    0x00, 0x38, 0x0E, 0x00, 0x0E, 0x03, 0x80, 0x03, 0x80, 0xE0, 0x00, 0xFF, 0xF8, 0x00, 0x3F, 0xFE,
    0x00, 0x00, 0x0C, 0x00, 0x00, 0x07, 0x80, 0x00, 0x03, 0xF0, 0x00, 0x01, 0xFE, 0x00, 0x00, 0xF3,
    0xC0, 0x00, 0x78, 0x78, 0x00, 0x3C, 0x0F, 0x00, 0x1E, 0x01, 0xE0, 0x0F, 0x00, 0x3C, 0x07, 0x80,
    0x07, 0x83, 0xF8, 0x07, 0xF1, 0xFE, 0x03, 0xFE, 0x7F, 0x80, 0xFF, 0x80, 0xE0, 0x38, 0x00, 0x38,
    0x0E, 0x00, 0x0E, 0x03, 0x80, 0x03, 0xFF, 0xE0, 0x00, 0xFF, 0xF8, 0x00, 0x1F, 0xFE, 0x00, 0x00,
    0x00, 0x00, 0x00, 0x00, 0x00, 0x00, 0x7F, 0xF8, 0x00, 0x3F, 0xFE, 0x00, 0x0E, 0x03, 0x80, 0x03,
    0x80, 0xE0, 0x00, 0xFF, 0xF8, 0x00, 0x3F, 0xFE, 0x00, 0x07, 0xFF, 0x80, 0x1F, 0x80, 0xFF, 0xC1,
    0xFF, 0xC1, 0x8F, 0x80, 0x07, 0x80, 0x0F, 0x00, 0x0F, 0x07, 0xDE, 0x3F, 0xFC, 0xFF, 0xF9, 0xE1,
    0xF7, 0x81, 0xEF, 0x01, 0xDE, 0x03, 0xB8, 0x07, 0x78, 0x0E, 0xF0, 0x3D, 0xE0, 0x79, 0xE1, 0xE3,
    0xE7, 0xC3, 0xFF, 0x03, 0xFC, 0x00, 0xE0, 0x00, 0x00, 0x00, 0x81, 0xFE, 0x71, 0xFF, 0xF8, 0xFF,
    0xFC, 0x3C, 0x1F, 0x1E, 0x07, 0xE7, 0x03, 0xFB, 0xC1, 0xCE, 0xF0, 0xE3, 0xBC, 0x70, 0xEF, 0x38,
    0x39, 0xDC, 0x0E, 0x7E, 0x07, 0x8F, 0x03, 0xC3, 0xFF, 0xE1, 0xFF, 0xF8, 0xE7, 0xF8, 0x10, 0x30,
    0x00, 0x00, 0xE0, 0x00, 0x1E, 0x00, 0x07, 0xC0, 0x00, 0xFC, 0x00, 0x1F, 0x80, 0x07, 0xF0, 0x00,
    0xEF, 0x00, 0x1C, 0xE0, 0x07, 0x9C, 0x00, 0xE3, 0xC0, 0x3C, 0x38, 0x07, 0x87, 0x80, 0xE0, 0xF0,
    0x3C, 0x0E, 0x07, 0x81, 0xE0, 0xE0, 0x1C, 0x3C, 0x03, 0x87, 0x00, 0x78, 0xE0, 0x07, 0x3F, 0xFF,
    0xE7, 0xFF, 0xFF, 0xFF, 0xFF, 0xC0, 0x7F, 0xFF, 0x7F, 0xFF, 0xFF, 0xFF, 0xFF, 0xFF, 0xFF, 0x00,
    0x7F, 0x80, 0x3F, 0xC0, 0x1F, 0xE0, 0x0F, 0xF0, 0x07, 0xF8, 0x03, 0xFC, 0x01, 0xFE, 0x00, 0xFF,
    0x00, 0x7F, 0x80, 0x3F, 0xC0, 0x1F, 0xE0, 0x0F, 0xF0, 0x07, 0xF8, 0x03, 0xFC, 0x01, 0xFE, 0x00,
    0xFF, 0x00, 0x7F, 0x80, 0x3F, 0xC0, 0x1F, 0xE0, 0x0F, 0xF0, 0x07, 0x80, 0x00, 0x00, 0xFF, 0xFE,
    0x7F, 0xFF, 0xBF, 0xFF, 0xDF, 0xFF, 0xC7, 0x80, 0x01, 0xE0, 0x00, 0x78, 0x00, 0x3E, 0x00, 0x0F,
    0x80, 0x03, 0xC0, 0x00, 0xF0, 0x00, 0x3C, 0x00, 0x0F, 0x00, 0x07, 0x80, 0x07, 0xC0, 0x03, 0xC0,
    0x03, 0xC0, 0x03, 0xC0, 0x03, 0xC0, 0x03, 0xC0, 0x03, 0xE0, 0x03, 0xE0, 0x01, 0xE0, 0x01, 0xFF,
    0xFE, 0xFF, 0xFF, 0xFF, 0xFF, 0xC0, 0x7F, 0xFC, 0xFF, 0xFD, 0xFF, 0xF8, 0x00, 0x03, 0x80, 0x00,
    0xF0, 0x00, 0x78, 0x00, 0x1E, 0x00, 0x07, 0x00, 0x03, 0xC0, 0x00, 0xF0, 0x00, 0x38, 0x00, 0x1E,
    0x00, 0x07, 0x87, 0xC3, 0xC1, 0xF0, 0xF0, 0x7E, 0x38, 0x1F, 0x9E, 0x00, 0xF7, 0x80, 0x3D, 0xC0,
    0x07, 0xF0, 0x01, 0xFC, 0x00, 0x7E, 0x00, 0x0F, 0x80, 0x03, 0xC0, 0x00, 0x70, 0x00, 0x1F, 0x80,
    0xFC, 0x1F, 0xF1, 0xFF, 0x1F, 0xFD, 0xFF, 0xCF, 0x1F, 0xF1, 0xEF, 0x07, 0xF0, 0x7F, 0x01, 0xF0,
    0x1F, 0x80, 0xF8, 0x0F, 0xE0, 0xFE, 0x0F, 0x78, 0xFF, 0x8F, 0x3F, 0xFB, 0xFF, 0x8F, 0xF8, 0xFF,
    0x81, 0xF0, 0x1F, 0x80, 0x01, 0xE0, 0xFC, 0x1F, 0x87, 0x80, 0xE0, 0x1C, 0x03, 0x80, 0x70, 0x0E,
    0x01, 0xC0, 0x38, 0x07, 0x00, 0xE0, 0x1C, 0x03, 0x80, 0x70, 0x0E, 0x01, 0xC0, 0x38, 0x07, 0x00,
    0xE0, 0x1C, 0x03, 0x80, 0x70, 0x0E, 0x01, 0xC0, 0x78, 0x7F, 0x0F, 0xC1, 0xF0, 0x00, 0x6F, 0xFF,
    0x00, 0x00, 0x00, 0x00, 0x6F, 0xFF, 0x00, 0x08, 0x00, 0x7C, 0x1D, 0xFE, 0x3F, 0xFE, 0xFE, 0x3F,
    0xDC, 0x1F, 0x80, 0x0C, 0x1F, 0x07, 0x7F, 0x0F, 0xFF, 0x9F, 0x8F, 0xFF, 0x0F, 0xE0, 0x07, 0x80,
    0x00, 0xE0, 0x0F, 0x00, 0x71, 0xFF, 0xFF, 0xFF, 0xFF, 0xFC, 0x1E, 0x00, 0xE0, 0x07, 0x07, 0xFF,
    0xFF, 0xFF, 0xFF, 0xF1, 0xC0, 0x0E, 0x00, 0xE0, 0x07, 0x00, 0x00, 0x00, 0x00, 0x3C, 0x03, 0xF8,
    0x3F, 0xE1, 0xFF, 0x0F, 0xF0, 0x3F, 0x00, 0x3F, 0xC0, 0x1F, 0xF8, 0x07, 0xFC, 0x01, 0xF8, 0x00,
    0x70, 0x00, 0x0F, 0xFF, 0xBF, 0xFF, 0xFF, 0xFF, 0x00, 0x00, 0x00, 0x01, 0xE0, 0x03, 0xF8, 0x03,
    0xFE, 0x01, 0xFF, 0x80, 0x7F, 0xC0, 0x1F, 0x81, 0xFE, 0x1F, 0xF0, 0xFF, 0x03, 0xF0, 0x07, 0x00,
    0x00, 0x00, 0x0F, 0xFF, 0xBF, 0xFF, 0xFF, 0xFF, 0x00, 0x00, 0x00, 0x00, 0xFF, 0x00, 0x00, 0x00,
    0x03, 0xFF, 0xF8, 0x00, 0x00, 0x07, 0xFF, 0xFF, 0x00, 0x00, 0x0F, 0xF0, 0x3F, 0xE0, 0x00, 0x0F,
    0xC0, 0x01, 0xF8, 0x00, 0x0F, 0x80, 0x00, 0x3E, 0x00, 0x0F, 0x00, 0x00, 0x0F, 0x80, 0x0F, 0x00,
    0x00, 0x01, 0xE0, 0x0F, 0x00, 0x00, 0x00, 0x78, 0x0F, 0x00, 0x00, 0x00, 0x3C, 0x07, 0x00, 0x06,
    0x00, 0x0F, 0x07, 0x80, 0x03, 0x80, 0x03, 0xC3, 0x80, 0x01, 0xC0, 0x01, 0xE3, 0xC0, 0x00, 0xE0,
    0x00, 0x71, 0xC0, 0x00, 0x70, 0x00, 0x3C, 0xE0, 0x00, 0x38, 0x00, 0x0E, 0xF0, 0x00, 0x1C, 0x00,
    0x07, 0x70, 0x00, 0x0E, 0x00, 0x03, 0xB8, 0x00, 0x07, 0x00, 0x01, 0xDC, 0x07, 0xFF, 0xFF, 0x80,
    0xFE, 0x03, 0xFF, 0xFF, 0xC0, 0x7F, 0x01, 0xFF, 0xFF, 0xE0, 0x3F, 0x80, 0x00, 0x70, 0x00, 0x1D,
    0xC0, 0x00, 0x38, 0x00, 0x0E, 0xF0, 0x00, 0x1C, 0x00, 0x07, 0x38, 0x00, 0x0E, 0x00, 0x03, 0x9C,
    0x00, 0x07, 0x00, 0x03, 0xCF, 0x00, 0x03, 0x80, 0x01, 0xC3, 0x80, 0x01, 0xC0, 0x01, 0xE1, 0xE0,
    0x00, 0xE0, 0x00, 0xE0, 0x70, 0x00, 0x00, 0x00, 0xF0, 0x3C, 0x00, 0x00, 0x00, 0xF0, 0x0F, 0x00,
    0x00, 0x00, 0xF8, 0x03, 0xC0, 0x00, 0x00, 0xF8, 0x00, 0xF8, 0x00, 0x00, 0xF8, 0x00, 0x3E, 0x00,
    0x01, 0xF8, 0x00, 0x0F, 0xC0, 0x03, 0xF8, 0x00, 0x03, 0xFF, 0xFF, 0xF0, 0x00, 0x00, 0x7F, 0xFF,
    0xE0, 0x00, 0x00, 0x0F, 0xFF, 0xC0, 0x00, 0x00, 0x00, 0x3E, 0x00, 0x00, 0x00, 0x00, 0x00, 0xFF,
    0x00, 0x00, 0x00, 0x03, 0xFF, 0xF8, 0x00, 0x00, 0x07, 0xFF, 0xFF, 0x00, 0x00, 0x0F, 0xF0, 0x3F,
    0xE0, 0x00, 0x0F, 0xC0, 0x01, 0xF8, 0x00, 0x0F, 0x80, 0x00, 0x3E, 0x00, 0x0F, 0x00, 0x00, 0x0F,
    0x80, 0x0F, 0x00, 0x00, 0x01, 0xE0, 0x0F, 0x00, 0x00, 0x00, 0x78, 0x0F, 0x00, 0x00, 0x00, 0x3C,
    0x07, 0x00, 0x00, 0x00, 0x0F, 0x07, 0x80, 0x00, 0x00, 0x03, 0xC3, 0x80, 0x00, 0x00, 0x01, 0xE3,
    0xC0, 0x00, 0x00, 0x00, 0x71, 0xC0, 0x00, 0x00, 0x00, 0x3C, 0xE0, 0x00, 0x00, 0x00, 0x0E, 0xF0,
    0x00, 0x00, 0x00, 0x07, 0x70, 0x00, 0x00, 0x00, 0x03, 0xB8, 0x00, 0x00, 0x00, 0x01, 0xDC, 0x00,
    0xFF, 0xFC, 0x00, 0xFE, 0x00, 0x7F, 0xFE, 0x00, 0x7F, 0x00, 0x3F, 0xFF, 0x00, 0x3F, 0x80, 0x00,
    0x00, 0x00, 0x1D, 0xC0, 0x00, 0x00, 0x00, 0x0E, 0xF0, 0x00, 0x00, 0x00, 0x07, 0x38, 0x00, 0x00,
    0x00, 0x03, 0x9C, 0x00, 0x00, 0x00, 0x03, 0xCF, 0x00, 0x00, 0x00, 0x01, 0xC3, 0x80, 0x00, 0x00,
    0x01, 0xE1, 0xE0, 0x00, 0x00, 0x00, 0xE0, 0x70, 0x00, 0x00, 0x00, 0xF0, 0x3C, 0x00, 0x00, 0x00,
    0xF0, 0x0F, 0x00, 0x00, 0x00, 0xF8, 0x03, 0xC0, 0x00, 0x00, 0xF8, 0x00, 0xF8, 0x00, 0x00, 0xF8,
    0x00, 0x3E, 0x00, 0x01, 0xF8, 0x00, 0x0F, 0xC0, 0x03, 0xF8, 0x00, 0x03, 0xFF, 0xFF, 0xF0, 0x00,
    0x00, 0x7F, 0xFF, 0xE0, 0x00, 0x00, 0x0F, 0xFF, 0xC0, 0x00, 0x00, 0x00, 0x3E, 0x00, 0x00, 0x00,
    0x00, 0x00, 0xFF, 0x00, 0x00, 0x00, 0x03, 0xFF, 0xF8, 0x00, 0x00, 0x07, 0xFF, 0xFF, 0x00, 0x00,
    0x0F, 0xF0, 0x3F, 0xE0, 0x00, 0x0F, 0xC0, 0x01, 0xF8, 0x00, 0x0F, 0x80, 0x00, 0x3E, 0x00, 0x0F,
    0x00, 0x00, 0x0F, 0x80, 0x0F, 0x00, 0x00, 0x01, 0xE0, 0x0F, 0x00, 0x00, 0x00, 0x78, 0x0F, 0x00,
    0x00, 0x00, 0x3C, 0x07, 0x00, 0x00, 0x00, 0x0F, 0x07, 0x80, 0x00, 0x00, 0x03, 0xC3, 0x80, 0x00,
    0x00, 0x01, 0xE3, 0xC0, 0x00, 0x00, 0x00, 0x71, 0xC0, 0x0C, 0x03, 0x00, 0x3C, 0xE0, 0x0F, 0x03,
    0xC0, 0x0E, 0xF0, 0x03, 0xC3, 0xE0, 0x07, 0x70, 0x00, 0xF3, 0xE0, 0x03, 0xB8, 0x00, 0x3F, 0xE0,
    0x01, 0xDC, 0x00, 0x0F, 0xE0, 0x00, 0xFE, 0x00, 0x03, 0xE0, 0x00, 0x7F, 0x00, 0x03, 0xF0, 0x00,
    0x3F, 0x80, 0x03, 0xFC, 0x00, 0x1D, 0xC0, 0x03, 0xEF, 0x00, 0x0E, 0xF0, 0x03, 0xE3, 0xC0, 0x07,
    0x38, 0x03, 0xE0, 0xF0, 0x03, 0x9C, 0x00, 0xE0, 0x38, 0x03, 0xCF, 0x00, 0x20, 0x08, 0x01, 0xC3,
    0x80, 0x00, 0x00, 0x01, 0xE1, 0xE0, 0x00, 0x00, 0x00, 0xE0, 0x70, 0x00, 0x00, 0x00, 0xF0, 0x3C,
    0x00, 0x00, 0x00, 0xF0, 0x0F, 0x00, 0x00, 0x00, 0xF8, 0x03, 0xC0, 0x00, 0x00, 0xF8, 0x00, 0xF8,
    0x00, 0x00, 0xF8, 0x00, 0x3E, 0x00, 0x01, 0xF8, 0x00, 0x0F, 0xC0, 0x03, 0xF8, 0x00, 0x03, 0xFF,
    0xFF, 0xF0, 0x00, 0x00, 0x7F, 0xFF, 0xE0, 0x00, 0x00, 0x0F, 0xFF, 0xC0, 0x00, 0x00, 0x00, 0x3E,
    0x00, 0x00, 0x00, 0x00, 0x00, 0xFF, 0x00, 0x00, 0x00, 0x03, 0xFF, 0xF8, 0x00, 0x00, 0x07, 0xFF,
    0xFF, 0x00, 0x00, 0x0F, 0xF0, 0x3F, 0xE0, 0x00, 0x0F, 0xC0, 0x01, 0xF8, 0x00, 0x0F, 0x80, 0x00,
    0x3E, 0x00, 0x0F, 0x00, 0x00, 0x0F, 0x80, 0x0F, 0x00, 0x00, 0x01, 0xE0, 0x0F, 0x00, 0x00, 0x00,
    0x78, 0x0F, 0x00, 0x00, 0x00, 0x3C, 0x07, 0x00, 0x00, 0x00, 0x0F, 0x07, 0x80, 0x00, 0x00, 0x03,
    0xC3, 0x80, 0x00, 0x06, 0x01, 0xE3, 0xC0, 0x00, 0x07, 0x80, 0x71, 0xC0, 0x00, 0x07, 0x80, 0x3C,
    0xE0, 0x00, 0x07, 0x80, 0x0E, 0xF0, 0x00, 0x03, 0xC0, 0x07, 0x70, 0x00, 0x03, 0xC0, 0x03, 0xB8,
    0x00, 0x03, 0xC0, 0x01, 0xDC, 0x00, 0x03, 0xC0, 0x00, 0xFE, 0x00, 0x03, 0xC0, 0x00, 0x7F, 0x00,
    0x03, 0xC0, 0x00, 0x3F, 0x80, 0x03, 0xE0, 0x00, 0x1D, 0xC0, 0x01, 0xE0, 0x00, 0x0E, 0xF0, 0x01,
    0xE0, 0x00, 0x07, 0x38, 0x01, 0xE0, 0x00, 0x03, 0x9C, 0x01, 0xE0, 0x00, 0x03, 0xCF, 0x00, 0xE0,
    0x00, 0x01, 0xC3, 0x80, 0x30, 0x00, 0x01, 0xE1, 0xE0, 0x00, 0x00, 0x00, 0xE0, 0x70, 0x00, 0x00,
    0x00, 0xF0, 0x3C, 0x00, 0x00, 0x00, 0xF0, 0x0F, 0x00, 0x00, 0x00, 0xF8, 0x03, 0xC0, 0x00, 0x00,
    0xF8, 0x00, 0xF8, 0x00, 0x00, 0xF8, 0x00, 0x3E, 0x00, 0x01, 0xF8, 0x00, 0x0F, 0xC0, 0x03, 0xF8,
    0x00, 0x03, 0xFF, 0xFF, 0xF0, 0x00, 0x00, 0x7F, 0xFF, 0xE0, 0x00, 0x00, 0x0F, 0xFF, 0xC0, 0x00,
    0x00, 0x00, 0x3E, 0x00, 0x00, 0x00,
};

static const EpdGlyph inter_14_regularGlyphs[] = {
    { 0, 0, 213, 0, 0, 0, 0 }, // U+0000
    { 0, 0, 128, 0, 0, 0, 0 }, // U+0020
    { 4, 23, 127, 2, 22, 12, 0 }, // !
    { 9, 9, 211, 2, 22, 11, 12 }, // "
    { 18, 22, 292, 0, 22, 50, 23 }, // #
    { 16, 29, 297, 1, 25, 58, 73 }, // $
    { 23, 23, 444, 2, 22, 67, 131 }, // %
    { 18, 23, 297, 1, 22, 52, 198 }, // &
    { 4, 9, 135, 2, 22, 5, 250 }, // '
    { 7, 28, 163, 2, 23, 25, 255 }, // (
    { 7, 28, 163, 1, 23, 25, 280 }, // )
    { 12, 13, 230, 1, 22, 20, 305 }, // *
    { 15, 15, 305, 2, 16, 29, 325 }, // +
    { 5, 9, 127, 1, 4, 6, 354 }, // ,
    { 11, 4, 211, 1, 11, 6, 360 }, // -
    { 4, 5, 127, 2, 4, 3, 366 }, // .
    { 10, 27, 165, 0, 23, 34, 369 }, // /
    { 16, 23, 293, 1, 22, 46, 403 }, // 0
    { 9, 22, 185, 1, 22, 25, 449 }, // 1
    { 15, 22, 280, 1, 22, 42, 474 }, // 2
    { 16, 23, 286, 1, 22, 46, 516 }, // 3
    { 17, 22, 299, 1, 22, 47, 562 }, // 4
    { 15, 23, 275, 1, 22, 44, 609 }, // 5
    { 16, 23, 286, 1, 22, 46, 653 }, // 6
    { 14, 22, 259, 1, 22, 39, 699 }, // 7
    { 16, 23, 285, 1, 22, 46, 738 }, // 8
    { 16, 23, 286, 1, 22, 46, 784 }, // 9
    { 4, 16, 127, 2, 15, 8, 830 }, // :
    { 6, 20, 133, 1, 15, 15, 838 }, // ;
    { 14, 16, 305, 2, 16, 28, 853 }, // <
    { 13, 9, 305, 3, 13, 15, 881 }, // =
    { 14, 16, 305, 3, 16, 28, 896 }, // >
    { 13, 23, 240, 1, 22, 38, 924 }, // ?
    { 26, 27, 452, 1, 21, 88, 962 }, // @
    { 20, 22, 318, 0, 22, 55, 1050 }, // A
    { 16, 22, 304, 2, 22, 44, 1105 }, // B
    { 19, 23, 340, 1, 22, 55, 1149 }, // C
    { 18, 22, 333, 2, 22, 50, 1204 }, // D
    { 14, 22, 278, 2, 22, 39, 1254 }, // E
    { 14, 22, 272, 2, 22, 39, 1293 }, // F
    { 19, 23, 347, 1, 22, 55, 1332 }, // G
    { 17, 22, 343, 2, 22, 47, 1387 }, // H
    { 4, 22, 122, 2, 22, 11, 1434 }, // I
    { 13, 23, 263, 1, 22, 38, 1445 }, // J
    { 17, 22, 310, 2, 22, 47, 1483 }, // K
    { 14, 22, 261, 2, 22, 39, 1530 }, // L
    { 22, 22, 417, 2, 22, 61, 1569 }, // M
    { 18, 22, 347, 2, 22, 50, 1630 }, // N
    { 20, 23, 355, 1, 22, 58, 1680 }, // O
    { 16, 22, 295, 2, 22, 44, 1738 }, // P
    { 20, 24, 355, 1, 22, 60, 1782 }, // Q
    { 16, 22, 299, 2, 22, 44, 1842 }, // R
    { 16, 23, 297, 1, 22, 46, 1886 }, // S
    { 17, 22, 298, 1, 22, 47, 1932 }, // T
    { 17, 23, 343, 2, 22, 49, 1979 }, // U
    { 20, 22, 318, 0, 22, 55, 2028 }, // V
    { 28, 22, 456, 0, 22, 77, 2083 }, // W
    { 19, 22, 315, 0, 22, 53, 2160 }, // X
    { 19, 22, 313, 0, 22, 53, 2213 }, // Y
    { 16, 22, 292, 1, 22, 44, 2266 }, // Z
    { 6, 28, 163, 3, 23, 21, 2310 }, // [
    { 10, 27, 165, 0, 23, 34, 2331 }, // <backslash>
    { 7, 28, 163, 1, 23, 25, 2365 }, // ]
    { 12, 10, 217, 1, 21, 15, 2390 }, // ^
    { 14, 3, 213, 0, 0, 6, 2405 }, // _
    { 6, 5, 142, 1, 22, 4, 2411 }, // `
    { 13, 17, 258, 1, 16, 28, 2415 }, // a
    { 15, 23, 281, 2, 22, 44, 2443 }, // b
    { 15, 17, 262, 1, 16, 32, 2487 }, // c
    { 15, 23, 281, 1, 22, 44, 2519 }, // d
    { 15, 17, 267, 1, 16, 32, 2563 }, // e
    { 10, 22, 166, 0, 22, 28, 2595 }, // f
    { 15, 23, 281, 1, 16, 44, 2623 }, // g
    { 13, 22, 271, 2, 22, 36, 2667 }, // h
    { 5, 22, 109, 1, 22, 14, 2703 }, // i
    { 7, 28, 109, -1, 22, 25, 2717 }, // j
    { 14, 22, 252, 2, 22, 39, 2742 }, // k
    { 3, 22, 109, 2, 22, 9, 2781 }, // l
    { 22, 17, 405, 2, 17, 47, 2790 }, // m
    { 13, 16, 271, 2, 16, 26, 2837 }, // n
    { 15, 17, 275, 1, 16, 32, 2863 }, // o
    { 15, 22, 281, 2, 16, 42, 2895 }, // p
    { 15, 22, 281, 1, 16, 42, 2937 }, // q
    { 8, 16, 170, 2, 16, 16, 2979 }, // r
    { 13, 17, 241, 1, 16, 28, 2995 }, // s
    { 9, 21, 151, 0, 20, 24, 3023 }, // t
    { 13, 17, 271, 2, 16, 28, 3047 }, // u
    { 16, 16, 257, 0, 16, 32, 3075 }, // v
    { 23, 16, 375, 0, 16, 46, 3107 }, // w
    { 15, 16, 251, 0, 16, 30, 3153 }, // x
    { 16, 23, 257, 0, 16, 46, 3183 }, // y
    { 13, 16, 250, 1, 16, 26, 3229 }, // z
    { 10, 28, 195, 1, 23, 35, 3255 }, // {
    { 3, 36, 151, 3, 29, 14, 3290 }, // |
    { 10, 28, 195, 1, 23, 35, 3304 }, // }
    { 15, 7, 305, 2, 12, 14, 3339 }, // ~
    { 0, 0, 128, 0, 0, 0, 3353 }, // U+00A0
    { 4, 23, 128, 2, 17, 12, 3353 }, // U+00A1
    { 15, 22, 262, 1, 22, 42, 3365 }, // U+00A2
    { 16, 22, 282, 1, 22, 44, 3407 }, // U+00A3
    { 19, 19, 335, 1, 18, 46, 3451 }, // U+00A4
    { 16, 22, 253, 0, 22, 44, 3497 }, // U+00A5
    { 4, 26, 122, 2, 22, 13, 3541 }, // U+00A6
    { 14, 27, 262, 1, 22, 48, 3554 }, // U+00A7
    { 11, 4, 271, 3, 22, 6, 3602 }, // U+00A8
    { 23, 23, 423, 2, 22, 67, 3608 }, // U+00A9
    { 12, 13, 209, 0, 22, 20, 3675 }, // U+00AA
    { 15, 14, 266, 1, 16, 27, 3695 }, // U+00AB
    { 13, 7, 305, 3, 11, 12, 3722 }, // U+00AC
    { 17, 18, 307, 1, 22, 39, 3734 }, // U+00AE
    { 9, 3, 216, 2, 21, 4, 3773 }, // U+00AF
    { 11, 11, 209, 1, 22, 16, 3777 }, // U+00B0
    { 15, 16, 305, 2, 16, 30, 3793 }, // U+00B1
    { 11, 13, 200, 1, 25, 18, 3823 }, // U+00B2
    { 11, 13, 204, 1, 25, 18, 3841 }, // U+00B3
    { 5, 5, 142, 2, 22, 4, 3859 }, // U+00B4
    { 15, 22, 270, 2, 16, 42, 3863 }, // U+00B5
    { 14, 22, 277, 1, 22, 39, 3905 }, // U+00B6
    { 4, 5, 127, 2, 12, 3, 3944 }, // U+00B7
    { 6, 7, 122, 2, 1, 6, 3947 }, // U+00B8
    { 6, 13, 137, 1, 25, 10, 3953 }, // U+00B9
    { 12, 13, 221, 1, 22, 20, 3963 }, // U+00BA
    { 15, 14, 266, 1, 16, 27, 3983 }, // U+00BB
    { 21, 22, 366, 1, 22, 58, 4010 }, // U+00BC
    { 22, 22, 386, 1, 22, 61, 4068 }, // U+00BD
    { 24, 22, 404, 1, 22, 66, 4129 }, // U+00BE
    { 13, 22, 240, 1, 16, 36, 4195 }, // U+00BF
    { 20, 28, 318, 0, 28, 70, 4231 }, // U+00C0
    { 20, 28, 318, 0, 28, 70, 4301 }, // U+00C1
    { 20, 28, 318, 0, 28, 70, 4371 }, // U+00C2
    { 20, 28, 318, 0, 28, 70, 4441 }, // U+00C3
    { 20, 28, 318, 0, 28, 70, 4511 }, // U+00C4
    { 20, 30, 318, 0, 30, 75, 4581 }, // U+00C5
    { 28, 22, 461, 0, 22, 77, 4656 }, // U+00C6
    { 19, 28, 340, 1, 22, 67, 4733 }, // U+00C7
    { 14, 28, 278, 2, 28, 49, 4800 }, // U+00C8
    { 14, 28, 278, 2, 28, 49, 4849 }, // U+00C9
    { 14, 28, 278, 2, 28, 49, 4898 }, // U+00CA
    { 14, 28, 278, 2, 28, 49, 4947 }, // U+00CB
    { 6, 28, 122, 0, 28, 21, 4996 }, // U+00CC
    { 6, 28, 122, 2, 28, 21, 5017 }, // U+00CD
    { 10, 28, 122, -1, 28, 35, 5038 }, // U+00CE
    { 10, 28, 122, -1, 28, 35, 5073 }, // U+00CF
    { 20, 22, 342, 0, 22, 55, 5108 }, // U+00D0
    { 18, 28, 347, 2, 28, 63, 5163 }, // U+00D1
    { 20, 29, 355, 1, 28, 73, 5226 }, // U+00D2
    { 20, 29, 355, 1, 28, 73, 5299 }, // U+00D3
    { 20, 29, 355, 1, 28, 73, 5372 }, // U+00D4
    { 20, 29, 355, 1, 28, 73, 5445 }, // U+00D5
    { 20, 29, 355, 1, 28, 73, 5518 }, // U+00D6
    { 15, 14, 305, 2, 15, 27, 5591 }, // U+00D7
    { 20, 23, 355, 1, 22, 58, 5618 }, // U+00D8
    { 17, 29, 343, 2, 28, 62, 5676 }, // U+00D9
    { 17, 29, 343, 2, 28, 62, 5738 }, // U+00DA
    { 17, 29, 343, 2, 28, 62, 5800 }, // U+00DB
    { 17, 29, 343, 2, 28, 62, 5862 }, // U+00DC
    { 19, 28, 313, 0, 28, 67, 5924 }, // U+00DD
    { 15, 22, 293, 2, 22, 42, 5991 }, // U+00DE
    { 15, 22, 284, 2, 22, 42, 6033 }, // U+00DF
    { 13, 23, 258, 1, 22, 38, 6075 }, // U+00E0
    { 13, 23, 258, 1, 22, 38, 6113 }, // U+00E1
    { 13, 23, 258, 1, 22, 38, 6151 }, // U+00E2
    { 13, 23, 258, 1, 22, 38, 6189 }, // U+00E3
    { 13, 23, 258, 1, 22, 38, 6227 }, // U+00E4
    { 13, 25, 258, 1, 24, 41, 6265 }, // U+00E5
    { 25, 17, 423, 1, 16, 54, 6306 }, // U+00E6
    { 15, 22, 262, 1, 16, 42, 6360 }, // U+00E7
    { 15, 23, 267, 1, 22, 44, 6402 }, // U+00E8
    { 15, 23, 267, 1, 22, 44, 6446 }, // U+00E9
    { 15, 23, 267, 1, 22, 44, 6490 }, // U+00EA
    { 15, 23, 267, 1, 22, 44, 6534 }, // U+00EB
    { 6, 22, 109, -1, 22, 17, 6578 }, // U+00EC
    { 6, 22, 109, 2, 22, 17, 6595 }, // U+00ED
    { 10, 22, 109, -2, 22, 28, 6612 }, // U+00EE
    { 11, 22, 109, -2, 22, 31, 6640 }, // U+00EF
    { 15, 24, 268, 1, 23, 45, 6671 }, // U+00F0
    { 13, 22, 271, 2, 22, 36, 6716 }, // U+00F1
    { 15, 23, 275, 1, 22, 44, 6752 }, // U+00F2
    { 15, 23, 275, 1, 22, 44, 6796 }, // U+00F3
    { 15, 23, 275, 1, 22, 44, 6840 }, // U+00F4
    { 15, 23, 275, 1, 22, 44, 6884 }, // U+00F5
    { 15, 23, 275, 1, 22, 44, 6928 }, // U+00F6
    { 15, 15, 305, 2, 16, 29, 6972 }, // U+00F7
    { 16, 18, 275, 1, 17, 36, 7001 }, // U+00F8
    { 13, 23, 271, 2, 22, 38, 7037 }, // U+00F9
    { 13, 23, 271, 2, 22, 38, 7075 }, // U+00FA
    { 13, 23, 271, 2, 22, 38, 7113 }, // U+00FB
    { 13, 23, 271, 2, 22, 38, 7151 }, // U+00FC
    { 16, 29, 257, 0, 22, 58, 7189 }, // U+00FD
    { 15, 28, 281, 2, 22, 53, 7247 }, // U+00FE
    { 16, 29, 257, 0, 22, 58, 7300 }, // U+00FF
    { 20, 27, 318, 0, 27, 68, 7358 }, // U+0100
    { 13, 22, 258, 1, 21, 36, 7426 }, // U+0101
    { 20, 28, 318, 0, 28, 70, 7462 }, // U+0102
    { 13, 23, 258, 1, 22, 38, 7532 }, // U+0103
    { 20, 29, 318, 0, 22, 73, 7570 }, // U+0104
    { 14, 23, 258, 1, 16, 41, 7643 }, // U+0105
    { 19, 29, 340, 1, 28, 69, 7684 }, // U+0106
    { 15, 23, 262, 1, 22, 44, 7753 }, // U+0107
    { 19, 29, 340, 1, 28, 69, 7797 }, // U+0108
    { 15, 23, 262, 1, 22, 44, 7866 }, // U+0109
    { 19, 29, 340, 1, 28, 69, 7910 }, // U+010A
    { 15, 23, 262, 1, 22, 44, 7979 }, // U+010B
    { 19, 29, 340, 1, 28, 69, 8023 }, // U+010C
    { 15, 23, 262, 1, 22, 44, 8092 }, // U+010D
    { 18, 28, 333, 2, 28, 63, 8136 }, // U+010E
    { 19, 24, 327, 1, 23, 57, 8199 }, // U+010F
    { 20, 22, 342, 0, 22, 55, 8256 }, // U+0110
    { 17, 23, 281, 1, 22, 49, 8311 }, // U+0111
    { 14, 27, 278, 2, 27, 48, 8360 }, // U+0112
    { 15, 22, 267, 1, 21, 42, 8408 }, // U+0113
    { 14, 28, 278, 2, 28, 49, 8450 }, // U+0114
    { 15, 23, 267, 1, 22, 44, 8499 }, // U+0115
    { 14, 28, 278, 2, 28, 49, 8543 }, // U+0116
    { 15, 23, 267, 1, 22, 44, 8592 }, // U+0117
    { 15, 29, 278, 2, 22, 55, 8636 }, // U+0118
    { 15, 23, 267, 1, 16, 44, 8691 }, // U+0119
    { 14, 28, 278, 2, 28, 49, 8735 }, // U+011A
    { 15, 23, 267, 1, 22, 44, 8784 }, // U+011B
    { 19, 29, 347, 1, 28, 69, 8828 }, // U+011C
    { 15, 29, 281, 1, 22, 55, 8897 }, // U+011D
    { 19, 29, 347, 1, 28, 69, 8952 }, // U+011E
    { 15, 29, 281, 1, 22, 55, 9021 }, // U+011F
    { 19, 29, 347, 1, 28, 69, 9076 }, // U+0120
    { 15, 29, 281, 1, 22, 55, 9145 }, // U+0121
    { 19, 30, 347, 1, 22, 72, 9200 }, // U+0122
    { 15, 31, 281, 1, 24, 59, 9272 }, // U+0123
    { 17, 28, 343, 2, 28, 60, 9331 }, // U+0124
    { 17, 28, 271, -2, 28, 60, 9391 }, // U+0125
    { 21, 22, 358, 1, 22, 58, 9451 }, // U+0126
    { 15, 22, 271, 0, 22, 42, 9509 }, // U+0127
    { 9, 28, 122, -1, 28, 32, 9551 }, // U+0128
    { 9, 22, 109, -1, 22, 25, 9583 }, // U+0129
    { 9, 27, 122, -1, 27, 31, 9608 }, // U+012A
    { 9, 21, 109, -1, 21, 24, 9639 }, // U+012B
    { 9, 28, 122, -1, 28, 32, 9663 }, // U+012C
    { 9, 22, 109, -1, 22, 25, 9695 }, // U+012D
    { 6, 29, 122, 0, 22, 22, 9720 }, // U+012E
    { 7, 29, 109, -1, 22, 26, 9742 }, // U+012F
    { 4, 28, 122, 2, 28, 14, 9768 }, // U+0130
    { 3, 16, 109, 2, 16, 6, 9782 }, // U+0131
    { 20, 23, 384, 2, 22, 58, 9788 }, // U+0132
    { 12, 28, 219, 1, 22, 42, 9846 }, // U+0133
    { 17, 29, 263, 1, 28, 62, 9888 }, // U+0134
    { 10, 28, 109, -2, 22, 35, 9950 }, // U+0135
    { 17, 30, 310, 2, 22, 64, 9985 }, // U+0136
    { 14, 30, 252, 2, 22, 53, 10049 }, // U+0137
    { 13, 16, 241, 2, 16, 26, 10102 }, // U+0138
    { 14, 28, 261, 2, 28, 49, 10128 }, // U+0139
    { 6, 28, 109, 2, 28, 21, 10177 }, // U+013A
    { 14, 30, 261, 2, 22, 53, 10198 }, // U+013B
    { 5, 30, 109, 0, 22, 19, 10251 }, // U+013C
    { 14, 23, 261, 2, 23, 41, 10270 }, // U+013D
    { 8, 23, 155, 2, 23, 23, 10311 }, // U+013E
    { 14, 22, 259, 2, 22, 39, 10334 }, // U+013F
    { 9, 22, 165, 2, 22, 25, 10373 }, // U+0140
    { 16, 22, 274, 0, 22, 44, 10398 }, // U+0141
    { 9, 22, 109, -1, 22, 25, 10442 }, // U+0142
    { 18, 28, 347, 2, 28, 63, 10467 }, // U+0143
    { 13, 22, 271, 2, 22, 36, 10530 }, // U+0144
    { 18, 30, 347, 2, 22, 68, 10566 }, // U+0145
    { 13, 24, 271, 2, 16, 39, 10634 }, // U+0146
    { 18, 28, 347, 2, 28, 63, 10673 }, // U+0147
    { 13, 22, 271, 2, 22, 36, 10736 }, // U+0148
    { 18, 29, 347, 2, 22, 66, 10772 }, // U+014A
    { 13, 23, 271, 2, 16, 38, 10838 }, // U+014B
    { 20, 28, 355, 1, 27, 70, 10876 }, // U+014C
    { 15, 22, 275, 1, 21, 42, 10946 }, // U+014D
    { 20, 29, 355, 1, 28, 73, 10988 }, // U+014E
    { 15, 23, 275, 1, 22, 44, 11061 }, // U+014F
    { 20, 29, 355, 1, 28, 73, 11105 }, // U+0150
    { 15, 23, 275, 1, 22, 44, 11178 }, // U+0151
    { 27, 22, 467, 1, 22, 75, 11222 }, // U+0152
    { 27, 17, 459, 1, 16, 58, 11297 }, // U+0153
    { 16, 28, 299, 2, 28, 56, 11355 }, // U+0154
    { 8, 22, 170, 2, 22, 22, 11411 }, // U+0155
    { 16, 30, 299, 2, 22, 60, 11433 }, // U+0156
    { 10, 24, 170, 0, 16, 30, 11493 }, // U+0157
    { 16, 28, 299, 2, 28, 56, 11523 }, // U+0158
    { 10, 22, 170, 1, 22, 28, 11579 }, // U+0159
    { 16, 29, 297, 1, 28, 58, 11607 }, // U+015A
    { 13, 23, 241, 1, 22, 38, 11665 }, // U+015B
    { 16, 29, 297, 1, 28, 58, 11703 }, // U+015C
    { 13, 23, 241, 1, 22, 38, 11761 }, // U+015D
    { 16, 28, 297, 1, 22, 56, 11799 }, // U+015E
    { 13, 22, 241, 1, 16, 36, 11855 }, // U+015F
    { 16, 29, 297, 1, 28, 58, 11891 }, // U+0160
    { 13, 23, 241, 1, 22, 38, 11949 }, // U+0161
    { 17, 28, 298, 1, 22, 60, 11987 }, // U+0162
    { 10, 26, 151, 0, 20, 33, 12047 }, // U+0163
    { 17, 28, 298, 1, 28, 60, 12080 }, // U+0164
    { 10, 25, 174, 0, 24, 32, 12140 }, // U+0165
    { 17, 22, 298, 1, 22, 47, 12172 }, // U+0166
    { 9, 21, 151, 0, 20, 24, 12219 }, // U+0167
    { 17, 29, 343, 2, 28, 62, 12243 }, // U+0168
    { 13, 23, 271, 2, 22, 38, 12305 }, // U+0169
    { 17, 28, 343, 2, 27, 60, 12343 }, // U+016A
    { 13, 22, 271, 2, 21, 36, 12403 }, // U+016B
    { 17, 29, 343, 2, 28, 62, 12439 }, // U+016C
    { 13, 23, 271, 2, 22, 38, 12501 }, // U+016D
    { 17, 31, 343, 2, 30, 66, 12539 }, // U+016E
    { 13, 25, 271, 2, 24, 41, 12605 }, // U+016F
    { 17, 29, 343, 2, 28, 62, 12646 }, // U+0170
    { 13, 23, 271, 2, 22, 38, 12708 }, // U+0171
    { 17, 29, 343, 2, 22, 62, 12746 }, // U+0172
    { 14, 23, 271, 2, 16, 41, 12808 }, // U+0173
    { 28, 28, 456, 0, 28, 98, 12849 }, // U+0174
    { 23, 22, 375, 0, 22, 64, 12947 }, // U+0175
    { 19, 28, 313, 0, 28, 67, 13011 }, // U+0176
    { 16, 29, 257, 0, 22, 58, 13078 }, // U+0177
    { 19, 28, 313, 0, 28, 67, 13136 }, // U+0178
    { 16, 28, 292, 1, 28, 56, 13203 }, // U+0179
    { 13, 22, 250, 1, 22, 36, 13259 }, // U+017A
    { 16, 28, 292, 1, 28, 56, 13295 }, // U+017B
    { 13, 22, 250, 1, 22, 36, 13351 }, // U+017C
    { 16, 28, 292, 1, 28, 56, 13387 }, // U+017D
    { 13, 22, 250, 1, 22, 36, 13443 }, // U+017E
    { 7, 22, 140, 2, 22, 20, 13479 }, // U+017F
    { 20, 26, 354, 1, 25, 65, 13499 }, // U+01A0
    { 16, 21, 273, 1, 20, 42, 13564 }, // U+01A1
    { 20, 26, 342, 2, 25, 65, 13606 }, // U+01AF
    { 16, 21, 287, 2, 20, 42, 13671 }, // U+01B0
    { 33, 22, 584, 2, 22, 91, 13713 }, // U+01C5
    { 31, 23, 531, 1, 22, 90, 13804 }, // U+01C6
    { 29, 23, 523, 2, 22, 84, 13894 }, // U+01C7
    { 20, 28, 370, 2, 22, 70, 13978 }, // U+01C8
    { 11, 28, 219, 2, 22, 39, 14048 }, // U+01C9
    { 34, 23, 610, 2, 22, 98, 14087 }, // U+01CA
    { 25, 28, 456, 2, 22, 88, 14185 }, // U+01CB
    { 21, 28, 381, 2, 22, 74, 14273 }, // U+01CC
    { 20, 28, 318, 0, 28, 70, 14347 }, // U+01CD
    { 13, 23, 258, 1, 22, 38, 14417 }, // U+01CE
    { 10, 28, 122, -1, 28, 35, 14455 }, // U+01CF
    { 10, 22, 109, -2, 22, 28, 14490 }, // U+01D0
    { 20, 29, 355, 1, 28, 73, 14518 }, // U+01D1
    { 15, 23, 275, 1, 22, 44, 14591 }, // U+01D2
    { 17, 29, 343, 2, 28, 62, 14635 }, // U+01D3
    { 13, 23, 271, 2, 22, 38, 14697 }, // U+01D4
    { 17, 33, 343, 2, 32, 71, 14735 }, // U+01D5
    { 13, 27, 271, 2, 26, 44, 14806 }, // U+01D6
    { 17, 34, 343, 2, 33, 73, 14850 }, // U+01D7
    { 13, 28, 271, 2, 27, 46, 14923 }, // U+01D8
    { 17, 34, 343, 2, 33, 73, 14969 }, // U+01D9
    { 13, 28, 271, 2, 27, 46, 15042 }, // U+01DA
    { 17, 34, 343, 2, 33, 73, 15088 }, // U+01DB
    { 13, 28, 271, 2, 27, 46, 15161 }, // U+01DC
    { 15, 18, 267, 1, 17, 34, 15207 }, // U+01DD
    { 20, 32, 318, 0, 32, 80, 15241 }, // U+01DE
    { 13, 27, 258, 1, 26, 44, 15321 }, // U+01DF
    { 20, 32, 318, 0, 32, 80, 15365 }, // U+01E0
    { 13, 27, 258, 1, 26, 44, 15445 }, // U+01E1
    { 28, 27, 461, 0, 27, 95, 15489 }, // U+01E2
    { 25, 22, 423, 1, 21, 69, 15584 }, // U+01E3
    { 20, 23, 347, 1, 22, 58, 15653 }, // U+01E4
    { 18, 23, 310, 1, 16, 52, 15711 }, // U+01E5
    { 19, 29, 347, 1, 28, 69, 15763 }, // U+01E6
    { 15, 29, 281, 1, 22, 55, 15832 }, // U+01E7
    { 17, 28, 310, 2, 28, 60, 15887 }, // U+01E8
    { 18, 28, 252, -2, 28, 63, 15947 }, // U+01E9
    { 20, 29, 355, 1, 22, 73, 16010 }, // U+01EA
    { 15, 23, 275, 1, 16, 44, 16083 }, // U+01EB
    { 20, 34, 355, 1, 27, 85, 16127 }, // U+01EC
    { 15, 28, 275, 1, 21, 53, 16212 }, // U+01ED
    { 18, 35, 315, 1, 28, 79, 16265 }, // U+01EE
    { 16, 28, 286, 1, 22, 56, 16344 }, // U+01EF
    { 10, 28, 109, -2, 22, 35, 16400 }, // U+01F0
    { 36, 22, 625, 2, 22, 99, 16435 }, // U+01F1
    { 33, 22, 584, 2, 22, 91, 16534 }, // U+01F2
    { 31, 23, 531, 1, 22, 90, 16625 }, // U+01F3
    { 19, 29, 347, 1, 28, 69, 16715 }, // U+01F4
    { 15, 29, 281, 1, 22, 55, 16784 }, // U+01F5
    { 28, 23, 513, 2, 22, 81, 16839 }, // U+01F6
    { 16, 28, 293, 1, 22, 56, 16920 }, // U+01F7
    { 18, 28, 347, 2, 28, 63, 16976 }, // U+01F8
    { 13, 22, 271, 2, 22, 36, 17039 }, // U+01F9
    { 20, 33, 318, 0, 33, 83, 17075 }, // U+01FA
    { 13, 29, 258, 1, 28, 48, 17158 }, // U+01FB
    { 28, 28, 461, 0, 28, 98, 17206 }, // U+01FC
    { 25, 23, 423, 1, 22, 72, 17304 }, // U+01FD
    { 20, 29, 355, 1, 28, 73, 17376 }, // U+01FE
    { 16, 23, 275, 1, 22, 46, 17449 }, // U+01FF
    { 20, 28, 318, 0, 28, 70, 17495 }, // U+0200
    { 13, 23, 258, 1, 22, 38, 17565 }, // U+0201
    { 20, 29, 318, 0, 29, 73, 17603 }, // U+0202
    { 13, 24, 258, 1, 23, 39, 17676 }, // U+0203
    { 14, 28, 278, 2, 28, 49, 17715 }, // U+0204
    { 15, 23, 267, 1, 22, 44, 17764 }, // U+0205
    { 14, 29, 278, 2, 29, 51, 17808 }, // U+0206
    { 15, 24, 267, 1, 23, 45, 17859 }, // U+0207
    { 11, 28, 122, -3, 28, 39, 17904 }, // U+0208
    { 11, 22, 109, -4, 22, 31, 17943 }, // U+0209
    { 10, 29, 122, -1, 29, 37, 17974 }, // U+020A
    { 9, 23, 109, -1, 23, 26, 18011 }, // U+020B
    { 20, 29, 355, 1, 28, 73, 18037 }, // U+020C
    { 15, 23, 275, 1, 22, 44, 18110 }, // U+020D
    { 20, 30, 355, 1, 29, 75, 18154 }, // U+020E
    { 15, 24, 275, 1, 23, 45, 18229 }, // U+020F
    { 16, 28, 299, 2, 28, 56, 18274 }, // U+0210
    { 11, 22, 170, -1, 22, 31, 18330 }, // U+0211
    { 16, 29, 299, 2, 29, 58, 18361 }, // U+0212
    { 10, 23, 170, 1, 23, 29, 18419 }, // U+0213
    { 17, 29, 343, 2, 28, 62, 18448 }, // U+0214
    { 13, 23, 271, 2, 22, 38, 18510 }, // U+0215
    { 17, 30, 343, 2, 29, 64, 18548 }, // U+0216
    { 13, 24, 271, 2, 23, 39, 18612 }, // U+0217
    { 16, 30, 297, 1, 22, 60, 18651 }, // U+0218
    { 13, 24, 241, 1, 16, 39, 18711 }, // U+0219
    { 17, 30, 298, 1, 22, 64, 18750 }, // U+021A
    { 9, 28, 151, 0, 20, 32, 18814 }, // U+021B
    { 16, 29, 292, 1, 22, 58, 18846 }, // U+021C
    { 13, 24, 250, 1, 17, 39, 18904 }, // U+021D
    { 17, 28, 343, 2, 28, 60, 18943 }, // U+021E
    { 17, 28, 271, -2, 28, 60, 19003 }, // U+021F
    { 6, 5, 0, 1, 22, 4, 19063 }, // U+0300
    { 5, 5, 0, 2, 22, 4, 19067 }, // U+0301
    { 10, 4, 0, 1, 22, 5, 19071 }, // U+0302
    { 9, 4, 0, 3, 22, 5, 19076 }, // U+0303
    { 9, 3, 0, 2, 21, 4, 19081 }, // U+0304
    { 9, 5, 0, 1, 22, 6, 19085 }, // U+0306
    { 5, 4, 0, 1, 22, 3, 19091 }, // U+0307
    { 11, 4, 0, 3, 22, 6, 19094 }, // U+0308
    { 5, 5, 0, 1, 22, 4, 19100 }, // U+0309
    { 8, 8, 0, 0, 24, 8, 19104 }, // U+030A
    { 10, 4, 0, 1, 22, 5, 19112 }, // U+030C
    { 11, 5, 0, 1, 22, 7, 19117 }, // U+030F
    { 5, 9, 0, 5, 15, 6, 19124 }, // U+0313
    { 5, 9, 0, 5, 15, 6, 19130 }, // U+0315
    { 5, 7, 0, -6, 21, 5, 19136 }, // U+031B
    { 5, 4, 109, 1, -2, 3, 19141 }, // U+0323
    { 5, 6, 0, -12, -2, 4, 19144 }, // U+0326
    { 6, 7, 0, 2, 1, 6, 19148 }, // U+0327
    { 6, 8, 0, 1, 1, 6, 19154 }, // U+0328
    { 10, 4, 0, 1, -2, 5, 19160 }, // U+032C
    { 13, 20, 0, -15, 18, 33, 19165 }, // U+0337
    { 17, 24, 0, -17, 23, 51, 19198 }, // U+0338
    { 10, 4, 0, -13, 22, 5, 19249 }, // U+0342
    { 5, 7, 0, 0, 19, 5, 19254 }, // U+0343
    { 11, 6, 0, -14, 23, 9, 19259 }, // U+0346
    { 10, 6, 0, -14, -4, 8, 19268 }, // U+0347
    { 7, 7, 0, -11, 0, 7, 19276 }, // U+0348
    { 7, 7, 0, -12, -1, 7, 19283 }, // U+0349
    { 11, 7, 0, -14, 23, 10, 19290 }, // U+034A
    { 12, 11, 0, -15, 27, 17, 19300 }, // U+034B
    { 11, 7, 0, -14, 24, 10, 19317 }, // U+034C
    { 13, 7, 0, -15, -1, 12, 19327 }, // U+034D
    { 7, 7, 0, -12, -1, 7, 19339 }, // U+034E
    { 0, 0, 0, 0, 0, 0, 19346 }, // U+034F
    { 12, 11, 0, -14, 29, 17, 19346 }, // U+0350
    { 4, 7, 0, -10, 22, 4, 19363 }, // U+0351
    { 9, 9, 0, -13, 25, 11, 19367 }, // U+0352
    { 7, 8, 0, -11, 0, 7, 19378 }, // U+0353
    { 8, 7, 0, -11, -1, 7, 19385 }, // U+0354
    { 8, 7, 0, -11, -1, 7, 19392 }, // U+0355
    { 16, 7, 0, -14, -1, 14, 19399 }, // U+0356
    { 5, 8, 0, 0, 24, 5, 19413 }, // U+0357
    { 5, 4, 0, 1, 22, 3, 19418 }, // U+0358
    { 7, 7, 0, -12, -1, 7, 19421 }, // U+0359
    { 12, 7, 0, -14, 0, 11, 19428 }, // U+035A
    { 6, 8, 0, -11, 24, 6, 19439 }, // U+035B
    { 21, 6, 0, -11, -1, 16, 19445 }, // U+035C
    { 21, 6, 0, -11, 22, 16, 19461 }, // U+035D
    { 18, 3, 0, -17, 22, 7, 19477 }, // U+035E
    { 18, 3, 0, -17, -2, 7, 19484 }, // U+035F
    { 28, 5, 0, -14, 22, 18, 19491 }, // U+0360
    { 21, 6, 0, -11, 22, 16, 19509 }, // U+0361
    { 22, 7, 0, -10, -1, 20, 19525 }, // U+0362
    { 8, 10, 0, -12, 26, 10, 19545 }, // U+0363
    { 8, 10, 0, -12, 26, 10, 19555 }, // U+0364
    { 3, 11, 0, -10, 28, 5, 19565 }, // U+0365
    { 8, 10, 0, -12, 26, 10, 19570 }, // U+0366
    { 8, 9, 0, -12, 25, 9, 19580 }, // U+0367
    { 8, 10, 0, -12, 26, 10, 19589 }, // U+0368
    { 8, 13, 0, -12, 29, 13, 19599 }, // U+0369
    { 8, 12, 0, -12, 29, 12, 19612 }, // U+036A
    { 12, 9, 0, -14, 26, 14, 19624 }, // U+036B
    { 6, 9, 0, -11, 26, 7, 19638 }, // U+036C
    { 6, 10, 0, 0, 27, 8, 19645 }, // U+036D
    { 8, 8, 0, -12, 25, 8, 19653 }, // U+036E
    { 9, 8, 0, -12, 25, 9, 19661 }, // U+036F
    { 14, 28, 278, 2, 28, 49, 19670 }, // U+0400
    { 14, 28, 278, 2, 28, 49, 19719 }, // U+0401
    { 22, 24, 389, 1, 22, 66, 19768 }, // U+0402
    { 14, 28, 266, 2, 28, 49, 19834 }, // U+0403
    { 19, 23, 340, 1, 22, 55, 19883 }, // U+0404
    { 16, 23, 297, 1, 22, 46, 19938 }, // U+0405
    { 4, 22, 122, 2, 22, 11, 19984 }, // U+0406
    { 10, 28, 122, -1, 28, 35, 19995 }, // U+0407
    { 13, 23, 263, 1, 22, 38, 20030 }, // U+0408
    { 30, 22, 516, 1, 22, 83, 20068 }, // U+0409
    { 30, 22, 522, 2, 22, 83, 20151 }, // U+040A
    { 23, 22, 409, 1, 22, 64, 20234 }, // U+040B
    { 17, 28, 310, 2, 28, 60, 20298 }, // U+040C
    { 18, 28, 347, 2, 28, 63, 20358 }, // U+040D
    { 18, 28, 289, 0, 28, 63, 20421 }, // U+040E
    { 17, 27, 333, 2, 22, 58, 20484 }, // U+040F
    { 20, 22, 318, 0, 22, 55, 20542 }, // U+0410
    { 16, 22, 298, 2, 22, 44, 20597 }, // U+0411
    { 16, 22, 304, 2, 22, 44, 20641 }, // U+0412
    { 14, 22, 266, 2, 22, 39, 20685 }, // U+0413
    { 22, 27, 377, 1, 22, 75, 20724 }, // U+0414
    { 14, 22, 278, 2, 22, 39, 20799 }, // U+0415
    { 28, 22, 444, 0, 22, 77, 20838 }, // U+0416
    { 16, 23, 286, 1, 22, 46, 20915 }, // U+0417
    { 18, 22, 347, 2, 22, 50, 20961 }, // U+0418
    { 18, 28, 347, 2, 28, 63, 21011 }, // U+0419
    { 17, 22, 310, 2, 22, 47, 21074 }, // U+041A
    { 19, 22, 345, 1, 22, 53, 21121 }, // U+041B
    { 22, 22, 417, 2, 22, 61, 21174 }, // U+041C
    { 17, 22, 343, 2, 22, 47, 21235 }, // U+041D
    { 20, 23, 355, 1, 22, 58, 21282 }, // U+041E
    { 17, 22, 343, 2, 22, 47, 21340 }, // U+041F
    { 16, 22, 295, 2, 22, 44, 21387 }, // U+0420
    { 19, 23, 340, 1, 22, 55, 21431 }, // U+0421
    { 17, 22, 298, 1, 22, 47, 21486 }, // U+0422
    { 18, 22, 289, 0, 22, 50, 21533 }, // U+0423
    { 22, 25, 385, 1, 23, 69, 21583 }, // U+0424
    { 19, 22, 315, 0, 22, 53, 21652 }, // U+0425
    { 19, 27, 333, 2, 22, 65, 21705 }, // U+0426
    { 16, 22, 323, 2, 22, 44, 21770 }, // U+0427
    { 24, 22, 443, 2, 22, 66, 21814 }, // U+0428
    { 26, 27, 449, 2, 22, 88, 21880 }, // U+0429
    { 22, 22, 377, 1, 22, 61, 21968 }, // U+042A
    { 21, 22, 405, 2, 22, 58, 22029 }, // U+042B
    { 16, 22, 300, 2, 22, 44, 22087 }, // U+042C
    { 19, 23, 340, 1, 22, 55, 22131 }, // U+042D
    { 26, 23, 472, 2, 22, 75, 22186 }, // U+042E
    { 17, 22, 299, 0, 22, 47, 22261 }, // U+042F
    { 13, 17, 258, 1, 16, 28, 22308 }, // U+0430
    { 15, 23, 272, 1, 22, 44, 22336 }, // U+0431
    { 13, 16, 260, 2, 16, 26, 22380 }, // U+0432
    { 11, 16, 202, 2, 16, 22, 22406 }, // U+0433
    { 18, 21, 284, 0, 16, 48, 22428 }, // U+0434
    { 15, 17, 267, 1, 16, 32, 22476 }, // U+0435
    { 23, 16, 374, 0, 16, 46, 22508 }, // U+0436
    { 12, 17, 228, 1, 16, 26, 22554 }, // U+0437
    { 13, 16, 272, 2, 16, 26, 22580 }, // U+0438
    { 13, 22, 272, 2, 22, 36, 22606 }, // U+0439
    { 14, 16, 249, 2, 16, 28, 22642 }, // U+043A
    { 15, 16, 266, 0, 16, 30, 22670 }, // U+043B
    { 19, 16, 355, 2, 16, 38, 22700 }, // U+043C
    { 13, 16, 271, 2, 16, 26, 22738 }, // U+043D
    { 15, 17, 275, 1, 16, 32, 22764 }, // U+043E
    { 13, 16, 271, 2, 16, 26, 22796 }, // U+043F
    { 15, 22, 281, 2, 16, 42, 22822 }, // U+0440
    { 15, 17, 262, 1, 16, 32, 22864 }, // U+0441
    { 14, 16, 217, 0, 16, 28, 22896 }, // U+0442
    { 16, 23, 257, 0, 16, 46, 22924 }, // U+0443
    { 18, 28, 317, 1, 22, 63, 22970 }, // U+0444
    { 15, 16, 251, 0, 16, 30, 23033 }, // U+0445
    { 15, 21, 276, 2, 16, 40, 23063 }, // U+0446
    { 13, 16, 266, 2, 16, 26, 23103 }, // U+0447
    { 20, 16, 380, 2, 16, 40, 23129 }, // U+0448
    { 22, 21, 386, 2, 16, 58, 23169 }, // U+0449
    { 18, 16, 298, 0, 16, 36, 23227 }, // U+044A
    { 17, 16, 338, 2, 16, 34, 23263 }, // U+044B
    { 13, 16, 257, 2, 16, 26, 23297 }, // U+044C
    { 14, 17, 262, 1, 16, 30, 23323 }, // U+044D
    { 21, 17, 387, 2, 16, 45, 23353 }, // U+044E
    { 14, 16, 255, 0, 16, 28, 23398 }, // U+044F
    { 15, 23, 267, 1, 22, 44, 23426 }, // U+0450
    { 15, 23, 267, 1, 22, 44, 23470 }, // U+0451
    { 15, 29, 271, 0, 22, 55, 23514 }, // U+0452
    { 11, 22, 202, 2, 22, 31, 23569 }, // U+0453
    { 15, 17, 262, 1, 16, 32, 23600 }, // U+0454
    { 13, 17, 241, 1, 16, 28, 23632 }, // U+0455
    { 5, 22, 109, 1, 22, 14, 23660 }, // U+0456
    { 11, 22, 109, -2, 22, 31, 23674 }, // U+0457
    { 7, 28, 109, -1, 22, 25, 23705 }, // U+0458
    { 26, 16, 428, 0, 16, 52, 23730 }, // U+0459
    { 23, 16, 416, 2, 16, 46, 23782 }, // U+045A
    { 15, 22, 271, 0, 22, 42, 23828 }, // U+045B
    { 14, 22, 249, 2, 22, 39, 23870 }, // U+045C
    { 13, 22, 272, 2, 22, 36, 23909 }, // U+045D
    { 16, 29, 257, 0, 22, 58, 23945 }, // U+045E
    { 13, 21, 271, 2, 16, 35, 24003 }, // U+045F
    { 22, 23, 414, 2, 22, 64, 24038 }, // U+0460
    { 20, 17, 372, 2, 16, 43, 24102 }, // U+0461
    { 19, 22, 320, 0, 22, 53, 24145 }, // U+0462
    { 17, 22, 284, 0, 22, 47, 24198 }, // U+0463
    { 25, 23, 443, 2, 22, 72, 24245 }, // U+0464
    { 20, 17, 361, 2, 16, 43, 24317 }, // U+0465
    { 20, 22, 318, 0, 22, 55, 24360 }, // U+0466
    { 16, 16, 264, 0, 16, 32, 24415 }, // U+0467
    { 25, 22, 434, 2, 22, 69, 24447 }, // U+0468
    { 20, 16, 359, 2, 16, 40, 24516 }, // U+0469
    { 21, 22, 394, 2, 22, 58, 24556 }, // U+046A
    { 18, 16, 324, 1, 16, 36, 24614 }, // U+046B
    { 30, 22, 531, 2, 22, 83, 24650 }, // U+046C
    { 25, 16, 445, 2, 16, 50, 24733 }, // U+046D
    { 14, 35, 250, 1, 28, 62, 24783 }, // U+046E
    { 12, 28, 239, 1, 22, 42, 24845 }, // U+046F
    { 21, 22, 407, 2, 22, 58, 24887 }, // U+0470
    { 19, 26, 359, 2, 20, 62, 24945 }, // U+0471
    { 20, 23, 355, 1, 22, 58, 25007 }, // U+0472
    { 15, 17, 275, 1, 16, 32, 25065 }, // U+0473
    { 20, 22, 325, 0, 22, 55, 25097 }, // U+0474
    { 17, 16, 273, 0, 16, 34, 25152 }, // U+0475
    { 20, 28, 325, 0, 28, 70, 25186 }, // U+0476
    { 17, 22, 273, 0, 22, 47, 25256 }, // U+0477
    { 37, 29, 612, 1, 22, 135, 25303 }, // U+0478
    { 31, 23, 523, 1, 16, 90, 25438 }, // U+0479
    { 18, 22, 330, 1, 22, 50, 25528 }, // U+0480
    { 14, 21, 260, 1, 16, 37, 25578 }, // U+0481
    { 16, 20, 291, 1, 20, 40, 25615 }, // U+0482
    { 11, 6, 0, -14, 22, 9, 25655 }, // U+0483
    { 12, 5, 0, -14, 23, 8, 25664 }, // U+0484
    { 4, 6, 0, -10, 24, 3, 25672 }, // U+0485
    { 4, 6, 0, -9, 24, 3, 25675 }, // U+0486
    { 12, 5, 0, -14, 23, 8, 25678 }, // U+0487
    { 29, 26, 0, -22, 21, 95, 25686 }, // U+0488
    { 28, 28, 0, -22, 22, 98, 25781 }, // U+0489
    { 21, 33, 347, 2, 28, 87, 25879 }, // U+048A
    { 16, 27, 272, 2, 22, 54, 25966 }, // U+048B
    { 19, 22, 320, 0, 22, 53, 26020 }, // U+048C
    { 17, 20, 284, 0, 20, 43, 26073 }, // U+048D
    { 16, 22, 293, 2, 22, 44, 26116 }, // U+048E
    { 15, 22, 281, 2, 16, 42, 26160 }, // U+048F
    { 14, 26, 266, 2, 26, 46, 26202 }, // U+0490
    { 11, 20, 202, 2, 20, 28, 26248 }, // U+0491
    { 17, 22, 266, -1, 22, 47, 26276 }, // U+0492
    { 13, 16, 202, 0, 16, 26, 26323 }, // U+0493
    { 16, 24, 301, 2, 22, 48, 26349 }, // U+0494
    { 13, 21, 250, 2, 16, 35, 26397 }, // U+0495
    { 29, 27, 452, 0, 22, 98, 26432 }, // U+0496
    { 24, 21, 383, 0, 16, 63, 26530 }, // U+0497
    { 16, 28, 286, 1, 22, 56, 26593 }, // U+0498
    { 12, 22, 228, 1, 16, 33, 26649 }, // U+0499
    { 18, 27, 327, 2, 22, 61, 26682 }, // U+049A
    { 15, 21, 259, 2, 16, 40, 26743 }, // U+049B
    { 17, 22, 307, 2, 22, 47, 26783 }, // U+049C
    { 15, 16, 269, 2, 16, 30, 26830 }, // U+049D
    { 23, 22, 387, 1, 22, 64, 26860 }, // U+04A0
    { 18, 16, 290, 0, 16, 36, 26924 }, // U+04A1
    { 20, 27, 350, 2, 22, 68, 26960 }, // U+04A2
    { 15, 21, 277, 2, 16, 40, 27028 }, // U+04A3
    { 26, 22, 456, 2, 22, 72, 27068 }, // U+04A4
    { 18, 16, 315, 2, 16, 36, 27140 }, // U+04A5
    { 29, 24, 514, 2, 22, 87, 27176 }, // U+04A6
    { 24, 21, 427, 2, 16, 63, 27263 }, // U+04A7
    { 27, 23, 456, 1, 22, 78, 27326 }, // U+04A8
    { 21, 17, 361, 1, 16, 45, 27404 }, // U+04A9
    { 19, 28, 340, 1, 22, 67, 27449 }, // U+04AA
    { 15, 22, 262, 1, 16, 42, 27516 }, // U+04AB
    { 17, 27, 298, 1, 22, 58, 27558 }, // U+04AC
    { 14, 21, 217, 0, 16, 37, 27616 }, // U+04AD
    { 19, 22, 313, 0, 22, 53, 27653 }, // U+04AE
    { 16, 22, 257, 0, 16, 44, 27706 }, // U+04AF
    { 19, 22, 313, 0, 22, 53, 27750 }, // U+04B0
    { 16, 22, 257, 0, 16, 44, 27803 }, // U+04B1
    { 21, 27, 323, 0, 22, 71, 27847 }, // U+04B2
    { 17, 21, 261, 0, 16, 45, 27918 }, // U+04B3
    { 25, 27, 424, 1, 22, 85, 27963 }, // U+04B4
    { 19, 21, 306, 0, 16, 50, 28048 }, // U+04B5
    { 18, 27, 330, 2, 22, 61, 28098 }, // U+04B6
    { 15, 21, 272, 2, 16, 40, 28159 }, // U+04B7
    { 16, 22, 323, 2, 22, 44, 28199 }, // U+04B8
    { 13, 16, 266, 2, 16, 26, 28243 }, // U+04B9
    { 17, 22, 323, 2, 22, 47, 28269 }, // U+04BA
    { 13, 22, 271, 2, 22, 36, 28316 }, // U+04BB
    { 23, 23, 391, 0, 22, 67, 28352 }, // U+04BC
    { 20, 17, 330, 0, 16, 43, 28419 }, // U+04BD
    { 23, 27, 391, 0, 22, 78, 28462 }, // U+04BE
    { 20, 22, 330, 0, 16, 55, 28540 }, // U+04BF
    { 4, 22, 122, 2, 22, 11, 28595 }, // U+04C0
    { 28, 28, 444, 0, 28, 98, 28606 }, // U+04C1
    { 23, 22, 374, 0, 22, 64, 28704 }, // U+04C2
    { 17, 27, 315, 2, 22, 58, 28768 }, // U+04C3
    { 14, 20, 270, 2, 16, 35, 28826 }, // U+04C4
    { 21, 27, 345, 1, 22, 71, 28861 }, // U+04C5
    { 18, 21, 266, 0, 16, 48, 28932 }, // U+04C6
    { 17, 29, 343, 2, 22, 62, 28980 }, // U+04C7
    { 13, 23, 271, 2, 16, 38, 29042 }, // U+04C8
    { 20, 27, 343, 2, 22, 68, 29080 }, // U+04C9
    { 16, 21, 271, 2, 16, 42, 29148 }, // U+04CA
    { 18, 27, 330, 2, 22, 61, 29190 }, // U+04CB
    { 15, 21, 272, 2, 16, 40, 29251 }, // U+04CC
    { 25, 27, 417, 2, 22, 85, 29291 }, // U+04CD
    { 21, 21, 355, 2, 16, 56, 29376 }, // U+04CE
    { 3, 22, 109, 2, 22, 9, 29432 }, // U+04CF
    { 20, 28, 318, 0, 28, 70, 29441 }, // U+04D0
    { 13, 23, 258, 1, 22, 38, 29511 }, // U+04D1
    { 20, 28, 318, 0, 28, 70, 29549 }, // U+04D2
    { 13, 23, 258, 1, 22, 38, 29619 }, // U+04D3
    { 28, 22, 461, 0, 22, 77, 29657 }, // U+04D4
    { 25, 17, 423, 1, 16, 54, 29734 }, // U+04D5
    { 14, 28, 278, 2, 28, 49, 29788 }, // U+04D6
    { 15, 23, 267, 1, 22, 44, 29837 }, // U+04D7
    { 20, 23, 346, 1, 22, 58, 29881 }, // U+04D8
    { 15, 18, 267, 1, 17, 34, 29939 }, // U+04D9
    { 20, 29, 346, 1, 28, 73, 29973 }, // U+04DA
    { 15, 23, 267, 1, 22, 44, 30046 }, // U+04DB
    { 28, 28, 444, 0, 28, 98, 30090 }, // U+04DC
    { 23, 22, 374, 0, 22, 64, 30188 }, // U+04DD
    { 16, 29, 286, 1, 28, 58, 30252 }, // U+04DE
    { 12, 23, 228, 1, 22, 35, 30310 }, // U+04DF
    { 16, 23, 286, 1, 22, 46, 30345 }, // U+04E0
    { 16, 23, 286, 1, 17, 46, 30391 }, // U+04E1
    { 18, 27, 347, 2, 27, 61, 30437 }, // U+04E2
    { 13, 21, 272, 2, 21, 35, 30498 }, // U+04E3
    { 18, 28, 347, 2, 28, 63, 30533 }, // U+04E4
    { 13, 22, 272, 2, 22, 36, 30596 }, // U+04E5
    { 20, 29, 355, 1, 28, 73, 30632 }, // U+04E6
    { 15, 23, 275, 1, 22, 44, 30705 }, // U+04E7
    { 20, 23, 355, 1, 22, 58, 30749 }, // U+04E8
    { 15, 17, 275, 1, 16, 32, 30807 }, // U+04E9
    { 20, 29, 355, 1, 28, 73, 30839 }, // U+04EA
    { 15, 23, 275, 1, 22, 44, 30912 }, // U+04EB
    { 19, 29, 340, 1, 28, 69, 30956 }, // U+04EC
    { 14, 23, 262, 1, 22, 41, 31025 }, // U+04ED
    { 18, 27, 289, 0, 27, 61, 31066 }, // U+04EE
    { 16, 28, 257, 0, 21, 56, 31127 }, // U+04EF
    { 18, 28, 289, 0, 28, 63, 31183 }, // U+04F0
    { 16, 29, 257, 0, 22, 58, 31246 }, // U+04F1
    { 18, 28, 289, 0, 28, 63, 31304 }, // U+04F2
    { 16, 29, 257, 0, 22, 58, 31367 }, // U+04F3
    { 16, 28, 323, 2, 28, 56, 31425 }, // U+04F4
    { 13, 22, 266, 2, 22, 36, 31481 }, // U+04F5
    { 14, 27, 266, 2, 22, 48, 31517 }, // U+04F6
    { 11, 21, 202, 2, 16, 29, 31565 }, // U+04F7
    { 21, 28, 405, 2, 28, 74, 31594 }, // U+04F8
    { 17, 22, 338, 2, 22, 47, 31668 }, // U+04F9
    { 16, 29, 274, 0, 22, 58, 31715 }, // U+04FA
    { 13, 23, 202, 0, 16, 38, 31773 }, // U+04FB
    { 21, 29, 326, 0, 22, 77, 31811 }, // U+04FC
    { 15, 23, 239, 0, 16, 44, 31888 }, // U+04FD
    { 19, 22, 315, 0, 22, 53, 31932 }, // U+04FE
    { 15, 16, 251, 0, 16, 30, 31985 }, // U+04FF
    { 20, 28, 318, 0, 22, 70, 32015 }, // U+1EA0
    { 13, 22, 258, 1, 16, 36, 32085 }, // U+1EA1
    { 20, 28, 318, 0, 28, 70, 32121 }, // U+1EA2
    { 13, 23, 258, 1, 22, 38, 32191 }, // U+1EA3
    { 20, 33, 318, 0, 33, 83, 32229 }, // U+1EA4
    { 14, 28, 258, 1, 27, 49, 32312 }, // U+1EA5
    { 20, 33, 318, 0, 33, 83, 32361 }, // U+1EA6
    { 13, 28, 258, 1, 27, 46, 32444 }, // U+1EA7
    { 20, 33, 318, 0, 33, 83, 32490 }, // U+1EA8
    { 13, 28, 258, 1, 27, 46, 32573 }, // U+1EA9
    { 20, 33, 318, 0, 33, 83, 32619 }, // U+1EAA
    { 13, 28, 258, 1, 27, 46, 32702 }, // U+1EAB
    { 20, 34, 318, 0, 28, 85, 32748 }, // U+1EAC
    { 13, 28, 258, 1, 22, 46, 32833 }, // U+1EAD
    { 20, 33, 318, 0, 33, 83, 32879 }, // U+1EAE
    { 13, 28, 258, 1, 27, 46, 32962 }, // U+1EAF
    { 20, 33, 318, 0, 33, 83, 33008 }, // U+1EB0
    { 13, 28, 258, 1, 27, 46, 33091 }, // U+1EB1
    { 20, 33, 318, 0, 33, 83, 33137 }, // U+1EB2
    { 13, 28, 258, 1, 27, 46, 33220 }, // U+1EB3
    { 20, 33, 318, 0, 33, 83, 33266 }, // U+1EB4
    { 13, 28, 258, 1, 27, 46, 33349 }, // U+1EB5
    { 20, 34, 318, 0, 28, 85, 33395 }, // U+1EB6
    { 13, 28, 258, 1, 22, 46, 33480 }, // U+1EB7
    { 14, 28, 278, 2, 22, 49, 33526 }, // U+1EB8
    { 15, 22, 267, 1, 16, 42, 33575 }, // U+1EB9
    { 14, 28, 278, 2, 28, 49, 33617 }, // U+1EBA
    { 15, 23, 267, 1, 22, 44, 33666 }, // U+1EBB
    { 14, 28, 278, 2, 28, 49, 33710 }, // U+1EBC
    { 15, 23, 267, 1, 22, 44, 33759 }, // U+1EBD
    { 14, 33, 278, 2, 33, 58, 33803 }, // U+1EBE
    { 15, 28, 267, 1, 27, 53, 33861 }, // U+1EBF
    { 14, 33, 278, 2, 33, 58, 33914 }, // U+1EC0
    { 15, 28, 267, 1, 27, 53, 33972 }, // U+1EC1
    { 14, 33, 278, 2, 33, 58, 34025 }, // U+1EC2
    { 15, 28, 267, 1, 27, 53, 34083 }, // U+1EC3
    { 14, 33, 278, 2, 33, 58, 34136 }, // U+1EC4
    { 15, 28, 267, 1, 27, 53, 34194 }, // U+1EC5
    { 14, 34, 278, 2, 28, 60, 34247 }, // U+1EC6
    { 15, 28, 267, 1, 22, 53, 34307 }, // U+1EC7
    { 5, 28, 122, 1, 28, 18, 34360 }, // U+1EC8
    { 5, 22, 109, 1, 22, 14, 34378 }, // U+1EC9
    { 4, 28, 122, 2, 22, 14, 34392 }, // U+1ECA
    { 5, 28, 109, 1, 22, 18, 34406 }, // U+1ECB
    { 20, 28, 355, 1, 22, 70, 34424 }, // U+1ECC
    { 15, 22, 275, 1, 16, 42, 34494 }, // U+1ECD
    { 20, 29, 355, 1, 28, 73, 34536 }, // U+1ECE
    { 15, 23, 275, 1, 22, 44, 34609 }, // U+1ECF
    { 20, 34, 355, 1, 33, 85, 34653 }, // U+1ED0
    { 15, 28, 275, 1, 27, 53, 34738 }, // U+1ED1
    { 20, 34, 355, 1, 33, 85, 34791 }, // U+1ED2
    { 15, 28, 275, 1, 27, 53, 34876 }, // U+1ED3
    { 20, 34, 355, 1, 33, 85, 34929 }, // U+1ED4
    { 15, 28, 275, 1, 27, 53, 35014 }, // U+1ED5
    { 20, 34, 355, 1, 33, 85, 35067 }, // U+1ED6
    { 15, 28, 275, 1, 27, 53, 35152 }, // U+1ED7
    { 20, 34, 355, 1, 28, 85, 35205 }, // U+1ED8
    { 15, 28, 275, 1, 22, 53, 35290 }, // U+1ED9
    { 20, 29, 354, 1, 28, 73, 35343 }, // U+1EDA
    { 16, 23, 273, 1, 22, 46, 35416 }, // U+1EDB
    { 20, 29, 354, 1, 28, 73, 35462 }, // U+1EDC
    { 16, 23, 273, 1, 22, 46, 35535 }, // U+1EDD
    { 20, 29, 354, 1, 28, 73, 35581 }, // U+1EDE
    { 16, 23, 273, 1, 22, 46, 35654 }, // U+1EDF
    { 20, 29, 354, 1, 28, 73, 35700 }, // U+1EE0
    { 16, 23, 273, 1, 22, 46, 35773 }, // U+1EE1
    { 20, 31, 354, 1, 25, 78, 35819 }, // U+1EE2
    { 16, 26, 273, 1, 20, 52, 35897 }, // U+1EE3
    { 17, 28, 343, 2, 22, 60, 35949 }, // U+1EE4
    { 13, 22, 271, 2, 16, 36, 36009 }, // U+1EE5
    { 17, 29, 343, 2, 28, 62, 36045 }, // U+1EE6
    { 13, 23, 271, 2, 22, 38, 36107 }, // U+1EE7
    { 20, 29, 342, 2, 28, 73, 36145 }, // U+1EE8
    { 16, 23, 287, 2, 22, 46, 36218 }, // U+1EE9
    { 20, 29, 342, 2, 28, 73, 36264 }, // U+1EEA
    { 16, 23, 287, 2, 22, 46, 36337 }, // U+1EEB
    { 20, 29, 342, 2, 28, 73, 36383 }, // U+1EEC
    { 16, 23, 287, 2, 22, 46, 36456 }, // U+1EED
    { 20, 29, 342, 2, 28, 73, 36502 }, // U+1EEE
    { 16, 23, 287, 2, 22, 46, 36575 }, // U+1EEF
    { 20, 31, 342, 2, 25, 78, 36621 }, // U+1EF0
    { 16, 26, 287, 2, 20, 52, 36699 }, // U+1EF1
    { 19, 28, 313, 0, 28, 67, 36751 }, // U+1EF2
    { 16, 29, 257, 0, 22, 58, 36818 }, // U+1EF3
    { 19, 28, 313, 0, 22, 67, 36876 }, // U+1EF4
    { 16, 23, 257, 0, 16, 46, 36943 }, // U+1EF5
    { 19, 28, 313, 0, 28, 67, 36989 }, // U+1EF6
    { 16, 29, 257, 0, 22, 58, 37056 }, // U+1EF7
    { 19, 28, 313, 0, 28, 67, 37114 }, // U+1EF8
    { 16, 29, 257, 0, 22, 58, 37181 }, // U+1EF9
    { 0, 0, 255, 0, 0, 0, 37239 }, // U+2000
    { 0, 0, 509, 0, 0, 0, 37239 }, // U+2001
    { 0, 0, 233, 0, 0, 0, 37239 }, // U+2002
    { 0, 0, 467, 0, 0, 0, 37239 }, // U+2003
    { 0, 0, 156, 0, 0, 0, 37239 }, // U+2004
    { 0, 0, 117, 0, 0, 0, 37239 }, // U+2005
    { 0, 0, 77, 0, 0, 0, 37239 }, // U+2006
    { 0, 0, 302, 0, 0, 0, 37239 }, // U+2007
    { 0, 0, 127, 0, 0, 0, 37239 }, // U+2008
    { 0, 0, 82, 0, 0, 0, 37239 }, // U+2009
    { 0, 0, 39, 0, 0, 0, 37239 }, // U+200A
    { 0, 0, 0, 0, 0, 0, 37239 }, // U+200B
    { 10, 4, 164, 0, 11, 5, 37239 }, // U+2010
    { 10, 4, 164, 0, 11, 5, 37244 }, // U+2011
    { 17, 3, 302, 1, 11, 7, 37249 }, // U+2012
    { 15, 4, 233, 0, 11, 8, 37256 }, // U+2013
    { 30, 4, 467, 0, 11, 15, 37264 }, // U+2014
    { 30, 4, 467, 0, 11, 15, 37279 }, // U+2015
    { 8, 36, 220, 3, 29, 36, 37294 }, // U+2016
    { 15, 6, 208, -1, 0, 12, 37330 }, // U+2017
    { 5, 9, 114, 2, 22, 6, 37342 }, // U+2018
    { 5, 9, 114, 2, 22, 6, 37348 }, // U+2019
    { 5, 9, 106, 1, 4, 6, 37354 }, // U+201A
    { 5, 9, 114, 1, 22, 6, 37360 }, // U+201B
    { 10, 9, 195, 2, 22, 12, 37366 }, // U+201C
    { 10, 9, 195, 2, 22, 12, 37378 }, // U+201D
    { 10, 9, 186, 1, 4, 12, 37390 }, // U+201E
    { 10, 9, 195, 1, 22, 12, 37402 }, // U+201F
    { 12, 17, 226, 1, 22, 26, 37414 }, // U+2020
    { 12, 22, 226, 1, 22, 33, 37440 }, // U+2021
    { 10, 10, 256, 3, 13, 13, 37473 }, // U+2022
    { 9, 11, 256, 4, 14, 13, 37486 }, // U+2023
    { 4, 5, 127, 2, 4, 3, 37499 }, // U+2024
    { 12, 5, 255, 2, 4, 8, 37502 }, // U+2025
    { 20, 5, 382, 2, 4, 13, 37510 }, // U+2026
    { 4, 5, 127, 2, 12, 3, 37523 }, // U+2027
    { 0, 0, 82, 0, 0, 0, 37526 }, // U+202F
    { 33, 23, 607, 2, 22, 95, 37526 }, // U+2030
    { 44, 23, 770, 2, 22, 127, 37621 }, // U+2031
    { 4, 9, 100, 1, 22, 5, 37748 }, // U+2032
    { 11, 9, 200, 1, 22, 13, 37753 }, // U+2033
    { 17, 9, 299, 1, 22, 20, 37766 }, // U+2034
    { 4, 9, 100, 1, 22, 5, 37786 }, // U+2035
    { 11, 9, 200, 1, 22, 13, 37791 }, // U+2036
    { 17, 9, 299, 1, 22, 20, 37804 }, // U+2037
    { 11, 7, 209, 1, -1, 10, 37824 }, // U+2038
    { 9, 14, 173, 1, 16, 16, 37834 }, // U+2039
    { 9, 14, 173, 1, 16, 16, 37850 }, // U+203A
    { 17, 17, 294, 1, 18, 37, 37866 }, // U+203B
    { 12, 23, 254, 2, 22, 35, 37903 }, // U+203C
    { 13, 23, 235, 1, 22, 38, 37938 }, // U+203D
    { 14, 3, 249, 1, 25, 6, 37976 }, // U+203E
    { 23, 6, 378, 0, -1, 18, 37982 }, // U+203F
    { 23, 7, 378, 0, 23, 21, 38000 }, // U+2040
    { 11, 17, 207, 1, 9, 24, 38021 }, // U+2041
    { 19, 18, 334, 1, 19, 43, 38045 }, // U+2042
    { 8, 3, 256, 4, 10, 3, 38088 }, // U+2043
    { 18, 22, 83, -6, 22, 50, 38091 }, // U+2044
    { 6, 28, 163, 3, 23, 21, 38141 }, // U+2045
    { 7, 28, 163, 1, 23, 25, 38162 }, // U+2046
    { 28, 23, 480, 1, 22, 81, 38187 }, // U+2047
    { 20, 23, 367, 1, 22, 58, 38268 }, // U+2048
    { 20, 23, 367, 2, 22, 58, 38326 }, // U+2049
    { 11, 22, 202, 1, 16, 31, 38384 }, // U+204A
    { 14, 22, 277, 2, 22, 39, 38415 }, // U+204B
    { 14, 13, 273, 1, 15, 23, 38454 }, // U+204C
    { 14, 13, 273, 2, 15, 23, 38477 }, // U+204D
    { 12, 13, 230, 1, 11, 20, 38500 }, // U+204E
    { 5, 21, 133, 2, 16, 14, 38520 }, // U+204F
    { 23, 30, 376, 0, 23, 87, 38534 }, // U+2050
    { 12, 28, 249, 3, 22, 42, 38621 }, // U+2051
    { 19, 22, 333, 1, 22, 53, 38663 }, // U+2052
    { 19, 6, 335, 1, 13, 15, 38716 }, // U+2053
    { 23, 6, 378, 0, -1, 18, 38731 }, // U+2054
    { 13, 13, 252, 1, 14, 22, 38749 }, // U+2055
    { 23, 9, 398, 1, 22, 26, 38771 }, // U+2057
    { 0, 0, 128, 0, 0, 0, 38797 }, // U+205F
    { 11, 13, 210, 1, 25, 18, 38797 }, // U+2070
    { 4, 13, 90, 1, 25, 7, 38815 }, // U+2071
    { 11, 13, 209, 1, 25, 18, 38822 }, // U+2074
    { 11, 13, 200, 1, 25, 18, 38840 }, // U+2075
    { 11, 13, 202, 1, 25, 18, 38858 }, // U+2076
    { 10, 13, 184, 1, 25, 17, 38876 }, // U+2077
    { 11, 13, 204, 1, 25, 18, 38893 }, // U+2078
    { 11, 13, 202, 1, 25, 18, 38911 }, // U+2079
    { 10, 8, 199, 1, 22, 10, 38929 }, // U+207A
    { 10, 3, 199, 1, 20, 4, 38939 }, // U+207B
    { 9, 6, 199, 2, 21, 7, 38943 }, // U+207C
    { 6, 16, 121, 1, 26, 12, 38950 }, // U+207D
    { 5, 16, 121, 1, 26, 10, 38962 }, // U+207E
    { 10, 10, 197, 1, 22, 13, 38972 }, // U+207F
    { 11, 13, 210, 1, 8, 18, 38985 }, // U+2080
    { 6, 13, 137, 1, 8, 10, 39003 }, // U+2081
    { 11, 13, 200, 1, 8, 18, 39013 }, // U+2082
    { 11, 13, 204, 1, 8, 18, 39031 }, // U+2083
    { 11, 13, 209, 1, 8, 18, 39049 }, // U+2084
    { 11, 13, 200, 1, 8, 18, 39067 }, // U+2085
    { 11, 13, 202, 1, 8, 18, 39085 }, // U+2086
    { 10, 13, 184, 1, 8, 17, 39103 }, // U+2087
    { 11, 13, 204, 1, 8, 18, 39120 }, // U+2088
    { 11, 13, 202, 1, 8, 18, 39138 }, // U+2089
    { 10, 8, 199, 1, 5, 10, 39156 }, // U+208A
    { 10, 3, 199, 1, 3, 4, 39166 }, // U+208B
    { 9, 6, 199, 2, 4, 7, 39170 }, // U+208C
    { 6, 16, 121, 1, 9, 12, 39177 }, // U+208D
    { 5, 16, 121, 1, 9, 10, 39189 }, // U+208E
    { 9, 10, 183, 1, 5, 12, 39199 }, // U+2090
    { 10, 10, 189, 1, 5, 13, 39211 }, // U+2091
    { 10, 10, 194, 1, 5, 13, 39224 }, // U+2092
    { 11, 10, 182, 0, 5, 14, 39237 }, // U+2093
    { 11, 13, 207, 1, 6, 18, 39251 }, // U+2094
    { 10, 13, 197, 1, 8, 17, 39269 }, // U+2095
    { 10, 13, 181, 1, 8, 17, 39286 }, // U+2096
    { 4, 13, 90, 1, 8, 7, 39303 }, // U+2097
    { 16, 10, 284, 1, 5, 20, 39310 }, // U+2098
    { 10, 10, 197, 1, 5, 13, 39330 }, // U+2099
    { 11, 13, 199, 1, 5, 18, 39343 }, // U+209A
    { 9, 10, 176, 1, 5, 12, 39361 }, // U+209B
    { 7, 12, 114, 0, 7, 11, 39373 }, // U+209C
    { 17, 23, 336, 2, 22, 49, 39384 }, // U+20A0
    { 19, 27, 340, 1, 24, 65, 39433 }, // U+20A1
    { 19, 23, 337, 1, 22, 55, 39498 }, // U+20A2
    { 17, 22, 280, -1, 22, 47, 39553 }, // U+20A3
    { 16, 22, 282, 1, 22, 44, 39600 }, // U+20A4
    { 21, 21, 397, 2, 19, 56, 39644 }, // U+20A5
    { 22, 22, 356, 0, 22, 61, 39700 }, // U+20A6
    { 25, 23, 439, 2, 22, 72, 39761 }, // U+20A7
    { 29, 23, 518, 2, 22, 84, 39833 }, // U+20A8
    { 28, 22, 442, 0, 22, 77, 39917 }, // U+20A9
    { 20, 16, 377, 2, 16, 40, 39994 }, // U+20AA
    { 17, 28, 281, 1, 22, 60, 40034 }, // U+20AB
    { 18, 23, 308, 0, 22, 52, 40094 }, // U+20AC
    { 20, 22, 328, 0, 22, 55, 40146 }, // U+20AD
    { 17, 22, 298, 1, 22, 47, 40201 }, // U+20AE
    { 38, 30, 642, 1, 24, 143, 40248 }, // U+20AF
    { 19, 22, 307, 0, 22, 53, 40391 }, // U+20B1
    { 19, 28, 347, 1, 25, 67, 40444 }, // U+20B2
    { 20, 22, 318, 0, 22, 55, 40511 }, // U+20B3
    { 16, 23, 291, 1, 22, 46, 40566 }, // U+20B4
    { 19, 29, 340, 1, 25, 69, 40612 }, // U+20B5
    { 17, 22, 298, 1, 22, 47, 40681 }, // U+20B8
    { 15, 22, 249, 0, 22, 42, 40728 }, // U+20B9
    { 15, 23, 274, 1, 22, 44, 40770 }, // U+20BA
    { 17, 16, 335, 2, 16, 34, 40814 }, // U+20BC
    { 19, 22, 323, 0, 22, 53, 40848 }, // U+20BD
    { 17, 22, 335, 2, 22, 47, 40901 }, // U+20BE
    { 16, 27, 304, 2, 24, 54, 40948 }, // U+20BF
    { 23, 19, 442, 2, 19, 55, 41002 }, // U+2190
    { 20, 22, 386, 2, 22, 55, 41057 }, // U+2191
    { 22, 19, 442, 3, 19, 53, 41112 }, // U+2192
    { 20, 23, 386, 2, 22, 58, 41165 }, // U+2193
    { 35, 19, 623, 2, 19, 84, 41223 }, // U+2194
    { 20, 34, 386, 2, 26, 85, 41307 }, // U+2195
    { 17, 17, 357, 3, 16, 37, 41392 }, // U+2196
    { 16, 17, 357, 3, 16, 34, 41429 }, // U+2197
    { 16, 16, 357, 3, 16, 32, 41463 }, // U+2198
    { 17, 16, 357, 3, 16, 34, 41495 }, // U+2199
    { 29, 22, 531, 2, 22, 80, 41529 }, // U+21A9
    { 29, 22, 531, 2, 22, 80, 41609 }, // U+21AA
    { 24, 22, 457, 2, 22, 66, 41689 }, // U+21B0
    { 24, 22, 457, 2, 22, 66, 41755 }, // U+21B1
    { 24, 19, 457, 2, 22, 57, 41821 }, // U+21B3
    { 20, 23, 386, 2, 22, 58, 41878 }, // U+21B4
    { 24, 19, 457, 2, 22, 57, 41936 }, // U+21B5
    { 22, 27, 442, 3, 27, 75, 41993 }, // U+21BA
    { 22, 27, 442, 3, 27, 75, 42068 }, // U+21BB
    { 23, 20, 442, 2, 19, 58, 42143 }, // U+21D0
    { 22, 20, 442, 3, 19, 55, 42201 }, // U+21D2
    { 35, 20, 623, 2, 19, 88, 42256 }, // U+21D4
    { 13, 23, 280, 2, 23, 38, 42344 }, // U+21DE
    { 13, 23, 280, 2, 22, 38, 42382 }, // U+21DF
    { 25, 13, 470, 2, 17, 41, 42420 }, // U+21E4
    { 25, 13, 470, 2, 17, 41, 42461 }, // U+21E5
    { 26, 23, 477, 2, 23, 75, 42502 }, // U+21E7
    { 26, 28, 477, 2, 23, 91, 42577 }, // U+21EA
    { 15, 23, 292, 2, 22, 44, 42668 }, // U+2202
    { 18, 18, 316, 1, 17, 41, 42712 }, // U+2205
    { 19, 22, 314, 0, 22, 53, 42753 }, // U+2206
    { 17, 26, 334, 2, 22, 56, 42806 }, // U+220F
    { 17, 26, 292, 1, 22, 56, 42862 }, // U+2211
    { 15, 3, 305, 2, 10, 6, 42918 }, // U+2212
    { 18, 22, 291, 0, 22, 50, 42924 }, // U+221A
    { 25, 12, 433, 1, 15, 38, 42974 }, // U+221E
    { 11, 30, 168, -1, 23, 42, 43012 }, // U+222B
    { 4, 17, 127, 2, 19, 9, 43054 }, // U+2236
    { 15, 13, 305, 2, 15, 25, 43063 }, // U+2248
    { 13, 16, 305, 3, 16, 26, 43088 }, // U+2260
    { 15, 17, 305, 2, 17, 32, 43114 }, // U+2264
    { 15, 17, 305, 2, 17, 32, 43146 }, // U+2265
    { 41, 41, 649, 0, 31, 211, 43178 }, // U+2295
    { 41, 41, 649, 0, 31, 211, 43389 }, // U+2296
    { 41, 41, 649, 0, 31, 211, 43600 }, // U+2297
    { 41, 41, 649, 0, 31, 211, 43811 }, // U+2298
};

static const EpdUnicodeInterval inter_14_regularIntervals[] = {
    { 0x0, 0x0, 0x0 },
    { 0x20, 0x7E, 0x1 },
    { 0xA0, 0xAC, 0x60 },
    { 0xAE, 0xFF, 0x6D },
    { 0x100, 0x148, 0xBF },
    { 0x14A, 0x17F, 0x108 },
    { 0x1A0, 0x1A1, 0x13E },
    { 0x1AF, 0x1B0, 0x140 },
    { 0x1C5, 0x21F, 0x142 },
    { 0x300, 0x304, 0x19D },
    { 0x306, 0x30A, 0x1A2 },
    { 0x30C, 0x30C, 0x1A7 },
    { 0x30F, 0x30F, 0x1A8 },
    { 0x313, 0x313, 0x1A9 },
    { 0x315, 0x315, 0x1AA },
    { 0x31B, 0x31B, 0x1AB },
    { 0x323, 0x323, 0x1AC },
    { 0x326, 0x328, 0x1AD },
    { 0x32C, 0x32C, 0x1B0 },
    { 0x337, 0x338, 0x1B1 },
    { 0x342, 0x343, 0x1B3 },
    { 0x346, 0x36F, 0x1B5 },
    { 0x400, 0x479, 0x1DF },
    { 0x480, 0x49D, 0x259 },
    { 0x4A0, 0x4FF, 0x277 },
    { 0x1EA0, 0x1EF9, 0x2D7 },
    { 0x2000, 0x200B, 0x331 },
    { 0x2010, 0x2027, 0x33D },
    { 0x202F, 0x2055, 0x355 },
    { 0x2057, 0x2057, 0x37C },
    { 0x205F, 0x205F, 0x37D },
    { 0x2070, 0x2071, 0x37E },
    { 0x2074, 0x208E, 0x380 },
    { 0x2090, 0x209C, 0x39B },
    { 0x20A0, 0x20AF, 0x3A8 },
    { 0x20B1, 0x20B5, 0x3B8 },
    { 0x20B8, 0x20BA, 0x3BD },
    { 0x20BC, 0x20BF, 0x3C0 },
    { 0x2190, 0x2199, 0x3C4 },
    { 0x21A9, 0x21AA, 0x3CE },
    { 0x21B0, 0x21B1, 0x3D0 },
    { 0x21B3, 0x21B5, 0x3D2 },
    { 0x21BA, 0x21BB, 0x3D5 },
    { 0x21D0, 0x21D0, 0x3D7 },
    { 0x21D2, 0x21D2, 0x3D8 },
    { 0x21D4, 0x21D4, 0x3D9 },
    { 0x21DE, 0x21DF, 0x3DA },
    { 0x21E4, 0x21E5, 0x3DC },
    { 0x21E7, 0x21E7, 0x3DE },
    { 0x21EA, 0x21EA, 0x3DF },
    { 0x2202, 0x2202, 0x3E0 },
    { 0x2205, 0x2206, 0x3E1 },
    { 0x220F, 0x220F, 0x3E3 },
    { 0x2211, 0x2212, 0x3E4 },
    { 0x221A, 0x221A, 0x3E6 },
    { 0x221E, 0x221E, 0x3E7 },
    { 0x222B, 0x222B, 0x3E8 },
    { 0x2236, 0x2236, 0x3E9 },
    { 0x2248, 0x2248, 0x3EA },
    { 0x2260, 0x2260, 0x3EB },
    { 0x2264, 0x2265, 0x3EC },
    { 0x2295, 0x2298, 0x3EE },
};

static const EpdKernClassEntry inter_14_regularKernLeftClasses[] = {
    { 0x0022, 1 }, // "
    { 0x0024, 2 }, // $
    { 0x0025, 3 }, // %
    { 0x0026, 4 }, // &
    { 0x0027, 1 }, // '
    { 0x0028, 5 }, // (
    { 0x0029, 6 }, // )
    { 0x002A, 7 }, // *
    { 0x002B, 8 }, // +
    { 0x002C, 9 }, // ,
    { 0x002D, 8 }, // -
    { 0x002E, 9 }, // .
    { 0x002F, 10 }, // /
    { 0x0030, 11 }, // 0
    { 0x0031, 12 }, // 1
    { 0x0032, 13 }, // 2
    { 0x0033, 14 }, // 3
    { 0x0034, 15 }, // 4
    { 0x0035, 16 }, // 5
    { 0x0036, 17 }, // 6
    { 0x0037, 18 }, // 7
    { 0x0038, 14 }, // 8
    { 0x0039, 11 }, // 9
    { 0x003A, 19 }, // :
    { 0x003B, 19 }, // ;
    { 0x003D, 20 }, // =
    { 0x003E, 21 }, // >
    { 0x003F, 22 }, // ?
    { 0x0040, 23 }, // @
    { 0x0041, 24 }, // A
    { 0x0042, 25 }, // B
    { 0x0043, 26 }, // C
    { 0x0044, 23 }, // D
    { 0x0045, 27 }, // E
    { 0x0046, 28 }, // F
    { 0x0047, 29 }, // G
    { 0x0048, 12 }, // H
    { 0x0049, 12 }, // I
    { 0x004A, 30 }, // J
    { 0x004B, 31 }, // K
    { 0x004C, 32 }, // L
    { 0x004D, 12 }, // M
    { 0x004E, 12 }, // N
    { 0x004F, 23 }, // O
    { 0x0050, 33 }, // P
    { 0x0051, 23 }, // Q
    { 0x0052, 34 }, // R
    { 0x0053, 2 }, // S
    { 0x0054, 35 }, // T
    { 0x0055, 30 }, // U
    { 0x0056, 36 }, // V
    { 0x0057, 37 }, // W
    { 0x0058, 38 }, // X
    { 0x0059, 39 }, // Y
    { 0x005A, 40 }, // Z
    { 0x005B, 41 }, // [
    { 0x005C, 42 }, // <backslash>
    { 0x005D, 6 }, // ]
    { 0x005E, 7 }, // ^
    { 0x005F, 43 }, // _
    { 0x0061, 44 }, // a
    { 0x0062, 45 }, // b
    { 0x0063, 45 }, // c
    { 0x0064, 12 }, // d
    { 0x0065, 45 }, // e
    { 0x0066, 46 }, // f
    { 0x0067, 47 }, // g
    { 0x0068, 44 }, // h
    { 0x0069, 48 }, // i
    { 0x006A, 48 }, // j
    { 0x006B, 49 }, // k
    { 0x006C, 12 }, // l
    { 0x006D, 44 }, // m
    { 0x006E, 44 }, // n
    { 0x006F, 45 }, // o
    { 0x0070, 45 }, // p
    { 0x0071, 47 }, // q
    { 0x0072, 50 }, // r
    { 0x0073, 51 }, // s
    { 0x0074, 52 }, // t
    { 0x0075, 53 }, // u
    { 0x0076, 54 }, // v
    { 0x0077, 55 }, // w
    { 0x0078, 56 }, // x
    { 0x0079, 54 }, // y
    { 0x007A, 57 }, // z
    { 0x007B, 5 }, // {
    { 0x007C, 12 }, // |
    { 0x007D, 6 }, // }
    { 0x007E, 58 }, // ~
    { 0x00A1, 59 }, // U+00A1
    { 0x00A2, 45 }, // U+00A2
    { 0x00A5, 60 }, // U+00A5
    { 0x00A9, 23 }, // U+00A9
    { 0x00AA, 61 }, // U+00AA
    { 0x00AB, 62 }, // U+00AB
    { 0x00AC, 47 }, // U+00AC
    { 0x00AE, 63 }, // U+00AE
    { 0x00B0, 7 }, // U+00B0
    { 0x00B1, 20 }, // U+00B1
    { 0x00B2, 64 }, // U+00B2
    { 0x00B5, 65 }, // U+00B5
    { 0x00B6, 12 }, // U+00B6
    { 0x00B7, 66 }, // U+00B7
    { 0x00BA, 61 }, // U+00BA
    { 0x00BB, 67 }, // U+00BB
    { 0x00BF, 68 }, // U+00BF
    { 0x00C0, 24 }, // U+00C0
    { 0x00C1, 24 }, // U+00C1
    { 0x00C2, 24 }, // U+00C2
    { 0x00C3, 24 }, // U+00C3
    { 0x00C4, 24 }, // U+00C4
    { 0x00C5, 24 }, // U+00C5
    { 0x00C6, 27 }, // U+00C6
    { 0x00C7, 26 }, // U+00C7
    { 0x00C8, 27 }, // U+00C8
    { 0x00C9, 27 }, // U+00C9
    { 0x00CA, 27 }, // U+00CA
    { 0x00CB, 27 }, // U+00CB
    { 0x00CC, 12 }, // U+00CC
    { 0x00CD, 12 }, // U+00CD
    { 0x00CE, 69 }, // U+00CE
    { 0x00CF, 69 }, // U+00CF
    { 0x00D0, 23 }, // U+00D0
    { 0x00D1, 12 }, // U+00D1
    { 0x00D2, 23 }, // U+00D2
    { 0x00D3, 23 }, // U+00D3
    { 0x00D4, 23 }, // U+00D4
    { 0x00D5, 23 }, // U+00D5
    { 0x00D6, 23 }, // U+00D6
    { 0x00D7, 70 }, // U+00D7
    { 0x00D8, 23 }, // U+00D8
    { 0x00D9, 30 }, // U+00D9
    { 0x00DA, 30 }, // U+00DA
    { 0x00DB, 30 }, // U+00DB
    { 0x00DC, 30 }, // U+00DC
    { 0x00DD, 39 }, // U+00DD
    { 0x00DE, 71 }, // U+00DE
    { 0x00DF, 72 }, // U+00DF
    { 0x00E0, 44 }, // U+00E0
    { 0x00E1, 44 }, // U+00E1
    { 0x00E2, 44 }, // U+00E2
    { 0x00E3, 44 }, // U+00E3
    { 0x00E4, 44 }, // U+00E4
    { 0x00E5, 44 }, // U+00E5
    { 0x00E6, 73 }, // U+00E6
    { 0x00E7, 45 }, // U+00E7
    { 0x00E8, 45 }, // U+00E8
    { 0x00E9, 45 }, // U+00E9
    { 0x00EA, 45 }, // U+00EA
    { 0x00EB, 45 }, // U+00EB
    { 0x00EC, 48 }, // U+00EC
    { 0x00ED, 48 }, // U+00ED
    { 0x00EE, 74 }, // U+00EE
    { 0x00EF, 75 }, // U+00EF
    { 0x00F0, 45 }, // U+00F0
    { 0x00F1, 76 }, // U+00F1
    { 0x00F2, 45 }, // U+00F2
    { 0x00F3, 45 }, // U+00F3
    { 0x00F4, 45 }, // U+00F4
    { 0x00F5, 77 }, // U+00F5
    { 0x00F6, 77 }, // U+00F6
    { 0x00F7, 8 }, // U+00F7
    { 0x00F8, 45 }, // U+00F8
    { 0x00F9, 53 }, // U+00F9
    { 0x00FA, 53 }, // U+00FA
    { 0x00FB, 53 }, // U+00FB
    { 0x00FC, 53 }, // U+00FC
    { 0x00FD, 54 }, // U+00FD
    { 0x00FE, 45 }, // U+00FE
    { 0x00FF, 54 }, // U+00FF
    { 0x0100, 24 }, // U+0100
    { 0x0101, 78 }, // U+0101
    { 0x0102, 24 }, // U+0102
    { 0x0103, 44 }, // U+0103
    { 0x0104, 24 }, // U+0104
    { 0x0105, 44 }, // U+0105
    { 0x0106, 26 }, // U+0106
    { 0x0107, 45 }, // U+0107
    { 0x0108, 26 }, // U+0108
    { 0x0109, 45 }, // U+0109
    { 0x010A, 26 }, // U+010A
    { 0x010B, 45 }, // U+010B
    { 0x010C, 26 }, // U+010C
    { 0x010D, 45 }, // U+010D
    { 0x010E, 23 }, // U+010E
    { 0x010F, 79 }, // U+010F
    { 0x0111, 80 }, // U+0111
    { 0x0112, 27 }, // U+0112
    { 0x0113, 45 }, // U+0113
    { 0x0114, 27 }, // U+0114
    { 0x0115, 45 }, // U+0115
    { 0x0116, 27 }, // U+0116
    { 0x0117, 45 }, // U+0117
    { 0x0118, 27 }, // U+0118
    { 0x0119, 45 }, // U+0119
    { 0x011A, 27 }, // U+011A
    { 0x011B, 45 }, // U+011B
    { 0x011C, 29 }, // U+011C
    { 0x011D, 47 }, // U+011D
    { 0x011E, 29 }, // U+011E
    { 0x011F, 47 }, // U+011F
    { 0x0120, 29 }, // U+0120
    { 0x0121, 47 }, // U+0121
    { 0x0122, 29 }, // U+0122
    { 0x0123, 47 }, // U+0123
    { 0x0124, 12 }, // U+0124
    { 0x0125, 44 }, // U+0125
    { 0x0126, 12 }, // U+0126
    { 0x0127, 44 }, // U+0127
    { 0x0128, 69 }, // U+0128
    { 0x0129, 81 }, // U+0129
    { 0x012A, 69 }, // U+012A
    { 0x012B, 82 }, // U+012B
    { 0x012C, 69 }, // U+012C
    { 0x012D, 83 }, // U+012D
    { 0x012E, 12 }, // U+012E
    { 0x012F, 48 }, // U+012F
    { 0x0130, 12 }, // U+0130
    { 0x0131, 48 }, // U+0131
    { 0x0133, 48 }, // U+0133
    { 0x0134, 30 }, // U+0134
    { 0x0135, 84 }, // U+0135
    { 0x0136, 31 }, // U+0136
    { 0x0137, 49 }, // U+0137
    { 0x0138, 49 }, // U+0138
    { 0x0139, 85 }, // U+0139
    { 0x013A, 86 }, // U+013A
    { 0x013B, 32 }, // U+013B
    { 0x013C, 12 }, // U+013C
    { 0x013D, 87 }, // U+013D
    { 0x013E, 12 }, // U+013E
    { 0x013F, 88 }, // U+013F
    { 0x0140, 89 }, // U+0140
    { 0x0141, 90 }, // U+0141
    { 0x0142, 91 }, // U+0142
    { 0x0143, 12 }, // U+0143
    { 0x0144, 44 }, // U+0144
    { 0x0145, 12 }, // U+0145
    { 0x0146, 44 }, // U+0146
    { 0x0147, 12 }, // U+0147
    { 0x0148, 44 }, // U+0148
    { 0x014A, 12 }, // U+014A
    { 0x014C, 23 }, // U+014C
    { 0x014D, 45 }, // U+014D
    { 0x014E, 23 }, // U+014E
    { 0x014F, 45 }, // U+014F
    { 0x0150, 23 }, // U+0150
    { 0x0151, 45 }, // U+0151
    { 0x0152, 27 }, // U+0152
    { 0x0153, 45 }, // U+0153
    { 0x0154, 34 }, // U+0154
    { 0x0155, 50 }, // U+0155
    { 0x0156, 34 }, // U+0156
    { 0x0157, 50 }, // U+0157
    { 0x0158, 34 }, // U+0158
    { 0x0159, 50 }, // U+0159
    { 0x015A, 2 }, // U+015A
    { 0x015B, 51 }, // U+015B
    { 0x015C, 2 }, // U+015C
    { 0x015D, 51 }, // U+015D
    { 0x015E, 2 }, // U+015E
    { 0x015F, 51 }, // U+015F
    { 0x0160, 2 }, // U+0160
    { 0x0161, 51 }, // U+0161
    { 0x0162, 92 }, // U+0162
    { 0x0163, 52 }, // U+0163
    { 0x0164, 93 }, // U+0164
    { 0x0165, 52 }, // U+0165
    { 0x0166, 94 }, // U+0166
    { 0x0167, 52 }, // U+0167
    { 0x0168, 30 }, // U+0168
    { 0x0169, 53 }, // U+0169
    { 0x016A, 30 }, // U+016A
    { 0x016B, 53 }, // U+016B
    { 0x016C, 30 }, // U+016C
    { 0x016D, 53 }, // U+016D
    { 0x016E, 30 }, // U+016E
    { 0x016F, 53 }, // U+016F
    { 0x0170, 30 }, // U+0170
    { 0x0171, 53 }, // U+0171
    { 0x0172, 30 }, // U+0172
    { 0x0173, 53 }, // U+0173
    { 0x0174, 37 }, // U+0174
    { 0x0175, 55 }, // U+0175
    { 0x0176, 39 }, // U+0176
    { 0x0177, 54 }, // U+0177
    { 0x0178, 39 }, // U+0178
    { 0x0179, 40 }, // U+0179
    { 0x017A, 57 }, // U+017A
    { 0x017B, 40 }, // U+017B
    { 0x017C, 57 }, // U+017C
    { 0x017D, 40 }, // U+017D
    { 0x017E, 57 }, // U+017E
    { 0x017F, 95 }, // U+017F
    { 0x01A0, 96 }, // U+01A0
    { 0x01A1, 97 }, // U+01A1
    { 0x01AF, 98 }, // U+01AF
    { 0x01B0, 99 }, // U+01B0
    { 0x01C5, 100 }, // U+01C5
    { 0x01C6, 57 }, // U+01C6
    { 0x01C8, 48 }, // U+01C8
    { 0x01C9, 48 }, // U+01C9
    { 0x01CB, 48 }, // U+01CB
    { 0x01CC, 48 }, // U+01CC
    { 0x01CD, 24 }, // U+01CD
    { 0x01CE, 44 }, // U+01CE
    { 0x01CF, 86 }, // U+01CF
    { 0x01D0, 101 }, // U+01D0
    { 0x01D1, 23 }, // U+01D1
    { 0x01D2, 45 }, // U+01D2
    { 0x01D3, 30 }, // U+01D3
    { 0x01D4, 53 }, // U+01D4
    { 0x01D5, 30 }, // U+01D5
    { 0x01D6, 53 }, // U+01D6
    { 0x01D7, 30 }, // U+01D7
    { 0x01D8, 53 }, // U+01D8
    { 0x01D9, 30 }, // U+01D9
    { 0x01DA, 53 }, // U+01DA
    { 0x01DB, 30 }, // U+01DB
    { 0x01DC, 53 }, // U+01DC
    { 0x01DD, 102 }, // U+01DD
    { 0x01DE, 24 }, // U+01DE
    { 0x01DF, 44 }, // U+01DF
    { 0x01E0, 24 }, // U+01E0
    { 0x01E1, 44 }, // U+01E1
    { 0x01E2, 27 }, // U+01E2
    { 0x01E3, 73 }, // U+01E3
    { 0x01E4, 29 }, // U+01E4
    { 0x01E5, 47 }, // U+01E5
    { 0x01E6, 29 }, // U+01E6
    { 0x01E7, 47 }, // U+01E7
    { 0x01E8, 31 }, // U+01E8
    { 0x01E9, 49 }, // U+01E9
    { 0x01EA, 23 }, // U+01EA
    { 0x01EB, 45 }, // U+01EB
    { 0x01EC, 23 }, // U+01EC
    { 0x01ED, 45 }, // U+01ED
    { 0x01F0, 48 }, // U+01F0
    { 0x01F1, 103 }, // U+01F1
    { 0x01F2, 57 }, // U+01F2
    { 0x01F3, 57 }, // U+01F3
    { 0x01F4, 29 }, // U+01F4
    { 0x01F5, 47 }, // U+01F5
    { 0x01F6, 104 }, // U+01F6
    { 0x01F8, 12 }, // U+01F8
    { 0x01F9, 44 }, // U+01F9
    { 0x01FA, 24 }, // U+01FA
    { 0x01FB, 44 }, // U+01FB
    { 0x01FC, 27 }, // U+01FC
    { 0x01FD, 73 }, // U+01FD
    { 0x01FE, 23 }, // U+01FE
    { 0x01FF, 45 }, // U+01FF
    { 0x0200, 24 }, // U+0200
    { 0x0201, 44 }, // U+0201
    { 0x0202, 24 }, // U+0202
    { 0x0203, 44 }, // U+0203
    { 0x0204, 27 }, // U+0204
    { 0x0205, 45 }, // U+0205
    { 0x0206, 27 }, // U+0206
    { 0x0207, 45 }, // U+0207
    { 0x0208, 105 }, // U+0208
    { 0x0209, 106 }, // U+0209
    { 0x020A, 69 }, // U+020A
    { 0x020B, 107 }, // U+020B
    { 0x020C, 23 }, // U+020C
    { 0x020D, 45 }, // U+020D
    { 0x020E, 23 }, // U+020E
    { 0x020F, 45 }, // U+020F
    { 0x0210, 34 }, // U+0210
    { 0x0211, 50 }, // U+0211
    { 0x0212, 34 }, // U+0212
    { 0x0213, 50 }, // U+0213
    { 0x0214, 30 }, // U+0214
    { 0x0215, 53 }, // U+0215
    { 0x0216, 30 }, // U+0216
    { 0x0217, 53 }, // U+0217
    { 0x0218, 2 }, // U+0218
    { 0x0219, 51 }, // U+0219
    { 0x021A, 35 }, // U+021A
    { 0x021B, 52 }, // U+021B
    { 0x021E, 12 }, // U+021E
    { 0x021F, 44 }, // U+021F
    { 0x0400, 27 }, // U+0400
    { 0x0401, 27 }, // U+0401
    { 0x0402, 45 }, // U+0402
    { 0x0403, 35 }, // U+0403
    { 0x0404, 97 }, // U+0404
    { 0x0405, 2 }, // U+0405
    { 0x0406, 12 }, // U+0406
    { 0x0407, 69 }, // U+0407
    { 0x0408, 30 }, // U+0408
    { 0x0409, 45 }, // U+0409
    { 0x040A, 45 }, // U+040A
    { 0x040B, 44 }, // U+040B
    { 0x040C, 31 }, // U+040C
    { 0x040D, 12 }, // U+040D
    { 0x040F, 12 }, // U+040F
    { 0x0410, 24 }, // U+0410
    { 0x0411, 25 }, // U+0411
    { 0x0412, 25 }, // U+0412
    { 0x0413, 35 }, // U+0413
    { 0x0414, 108 }, // U+0414
    { 0x0415, 27 }, // U+0415
    { 0x0416, 109 }, // U+0416
    { 0x0417, 14 }, // U+0417
    { 0x0418, 12 }, // U+0418
    { 0x0419, 12 }, // U+0419
    { 0x041A, 31 }, // U+041A
    { 0x041B, 12 }, // U+041B
    { 0x041C, 12 }, // U+041C
    { 0x041D, 12 }, // U+041D
    { 0x041E, 23 }, // U+041E
    { 0x041F, 12 }, // U+041F
    { 0x0420, 33 }, // U+0420
    { 0x0421, 26 }, // U+0421
    { 0x0422, 35 }, // U+0422
    { 0x0423, 39 }, // U+0423
    { 0x0424, 110 }, // U+0424
    { 0x0425, 38 }, // U+0425
    { 0x0426, 108 }, // U+0426
    { 0x0427, 12 }, // U+0427
    { 0x0428, 12 }, // U+0428
    { 0x0429, 108 }, // U+0429
    { 0x042A, 45 }, // U+042A
    { 0x042B, 12 }, // U+042B
    { 0x042C, 45 }, // U+042C
    { 0x042D, 23 }, // U+042D
    { 0x042E, 111 }, // U+042E
    { 0x0430, 44 }, // U+0430
    { 0x0432, 51 }, // U+0432
    { 0x0433, 50 }, // U+0433
    { 0x0434, 112 }, // U+0434
    { 0x0435, 45 }, // U+0435
    { 0x0436, 56 }, // U+0436
    { 0x0437, 44 }, // U+0437
    { 0x0438, 44 }, // U+0438
    { 0x0439, 44 }, // U+0439
    { 0x043A, 49 }, // U+043A
    { 0x043B, 44 }, // U+043B
    { 0x043C, 44 }, // U+043C
    { 0x043D, 44 }, // U+043D
    { 0x043E, 45 }, // U+043E
    { 0x043F, 44 }, // U+043F
    { 0x0440, 45 }, // U+0440
    { 0x0441, 45 }, // U+0441
    { 0x0442, 113 }, // U+0442
    { 0x0443, 54 }, // U+0443
    { 0x0444, 45 }, // U+0444
    { 0x0445, 56 }, // U+0445
    { 0x0446, 112 }, // U+0446
    { 0x0447, 44 }, // U+0447
    { 0x0448, 44 }, // U+0448
    { 0x0449, 112 }, // U+0449
    { 0x044A, 114 }, // U+044A
    { 0x044B, 48 }, // U+044B
    { 0x044C, 114 }, // U+044C
    { 0x044D, 45 }, // U+044D
    { 0x044E, 45 }, // U+044E
    { 0x044F, 44 }, // U+044F
    { 0x0450, 45 }, // U+0450
    { 0x0451, 45 }, // U+0451
    { 0x0452, 44 }, // U+0452
    { 0x0453, 50 }, // U+0453
    { 0x0454, 45 }, // U+0454
    { 0x0455, 51 }, // U+0455
    { 0x0456, 48 }, // U+0456
    { 0x0457, 75 }, // U+0457
    { 0x0458, 48 }, // U+0458
    { 0x0459, 114 }, // U+0459
    { 0x045A, 114 }, // U+045A
    { 0x045B, 44 }, // U+045B
    { 0x045C, 49 }, // U+045C
    { 0x045D, 44 }, // U+045D
    { 0x045E, 54 }, // U+045E
    { 0x045F, 53 }, // U+045F
    { 0x0460, 12 }, // U+0460
    { 0x0462, 45 }, // U+0462
    { 0x0463, 45 }, // U+0463
    { 0x0464, 26 }, // U+0464
    { 0x0465, 45 }, // U+0465
    { 0x0466, 24 }, // U+0466
    { 0x0467, 24 }, // U+0467
    { 0x0468, 24 }, // U+0468
    { 0x046E, 25 }, // U+046E
    { 0x0472, 23 }, // U+0472
    { 0x0473, 45 }, // U+0473
    { 0x0474, 36 }, // U+0474
    { 0x0475, 54 }, // U+0475
    { 0x0476, 36 }, // U+0476
    { 0x0477, 54 }, // U+0477
    { 0x0479, 46 }, // U+0479
    { 0x0481, 45 }, // U+0481
    { 0x048A, 12 }, // U+048A
    { 0x048B, 52 }, // U+048B
    { 0x048C, 45 }, // U+048C
    { 0x048D, 45 }, // U+048D
    { 0x048E, 33 }, // U+048E
    { 0x048F, 45 }, // U+048F
    { 0x0490, 35 }, // U+0490
    { 0x0491, 50 }, // U+0491
    { 0x0492, 35 }, // U+0492
    { 0x0493, 50 }, // U+0493
    { 0x0497, 56 }, // U+0497
    { 0x0498, 14 }, // U+0498
    { 0x049A, 31 }, // U+049A
    { 0x049B, 49 }, // U+049B
    { 0x049C, 31 }, // U+049C
    { 0x049D, 49 }, // U+049D
    { 0x04A0, 31 }, // U+04A0
    { 0x04A1, 49 }, // U+04A1
    { 0x04A2, 52 }, // U+04A2
    { 0x04A3, 52 }, // U+04A3
    { 0x04A4, 35 }, // U+04A4
    { 0x04A5, 50 }, // U+04A5
    { 0x04A6, 45 }, // U+04A6
    { 0x04A7, 114 }, // U+04A7
    { 0x04A9, 73 }, // U+04A9
    { 0x04AA, 26 }, // U+04AA
    { 0x04AB, 45 }, // U+04AB
    { 0x04AC, 35 }, // U+04AC
    { 0x04AD, 50 }, // U+04AD
    { 0x04AE, 39 }, // U+04AE
    { 0x04AF, 54 }, // U+04AF
    { 0x04B0, 115 }, // U+04B0
    { 0x04B1, 54 }, // U+04B1
    { 0x04B3, 56 }, // U+04B3
    { 0x04B5, 112 }, // U+04B5
    { 0x04B7, 52 }, // U+04B7
    { 0x04B9, 44 }, // U+04B9
    { 0x04BA, 44 }, // U+04BA
    { 0x04BB, 44 }, // U+04BB
    { 0x04BD, 45 }, // U+04BD
    { 0x04BF, 73 }, // U+04BF
    { 0x04C0, 12 }, // U+04C0
    { 0x04C1, 38 }, // U+04C1
    { 0x04C3, 25 }, // U+04C3
    { 0x04C4, 44 }, // U+04C4
    { 0x04C6, 52 }, // U+04C6
    { 0x04C7, 12 }, // U+04C7
    { 0x04C8, 44 }, // U+04C8
    { 0x04C9, 52 }, // U+04C9
    { 0x04CA, 52 }, // U+04CA
    { 0x04CC, 44 }, // U+04CC
    { 0x04CD, 12 }, // U+04CD
    { 0x04CE, 52 }, // U+04CE
    { 0x04CF, 12 }, // U+04CF
    { 0x04D0, 24 }, // U+04D0
    { 0x04D1, 44 }, // U+04D1
    { 0x04D2, 24 }, // U+04D2
    { 0x04D3, 44 }, // U+04D3
    { 0x04D4, 27 }, // U+04D4
    { 0x04D5, 73 }, // U+04D5
    { 0x04D6, 27 }, // U+04D6
    { 0x04D7, 45 }, // U+04D7
    { 0x04D9, 45 }, // U+04D9
    { 0x04DA, 23 }, // U+04DA
    { 0x04DB, 45 }, // U+04DB
    { 0x04DC, 38 }, // U+04DC
    { 0x04E0, 14 }, // U+04E0
    { 0x04E2, 12 }, // U+04E2
    { 0x04E3, 44 }, // U+04E3
    { 0x04E4, 12 }, // U+04E4
    { 0x04E5, 44 }, // U+04E5
    { 0x04E6, 23 }, // U+04E6
    { 0x04E7, 45 }, // U+04E7
    { 0x04E8, 23 }, // U+04E8
    { 0x04E9, 45 }, // U+04E9
    { 0x04EA, 23 }, // U+04EA
    { 0x04EB, 45 }, // U+04EB
    { 0x04ED, 45 }, // U+04ED
    { 0x04EF, 54 }, // U+04EF
    { 0x04F1, 54 }, // U+04F1
    { 0x04F3, 54 }, // U+04F3
    { 0x04F5, 44 }, // U+04F5
    { 0x04F6, 35 }, // U+04F6
    { 0x04F7, 50 }, // U+04F7
    { 0x04F9, 44 }, // U+04F9
    { 0x04FA, 35 }, // U+04FA
    { 0x04FB, 50 }, // U+04FB
    { 0x04FC, 38 }, // U+04FC
    { 0x04FD, 56 }, // U+04FD
    { 0x04FE, 38 }, // U+04FE
    { 0x04FF, 56 }, // U+04FF
    { 0x1EA0, 24 }, // U+1EA0
    { 0x1EA1, 44 }, // U+1EA1
    { 0x1EA2, 24 }, // U+1EA2
    { 0x1EA3, 44 }, // U+1EA3
    { 0x1EA4, 24 }, // U+1EA4
    { 0x1EA5, 44 }, // U+1EA5
    { 0x1EA6, 24 }, // U+1EA6
    { 0x1EA7, 44 }, // U+1EA7
    { 0x1EA8, 24 }, // U+1EA8
    { 0x1EA9, 44 }, // U+1EA9
    { 0x1EAA, 24 }, // U+1EAA
    { 0x1EAB, 44 }, // U+1EAB
    { 0x1EAC, 24 }, // U+1EAC
    { 0x1EAD, 44 }, // U+1EAD
    { 0x1EAE, 24 }, // U+1EAE
    { 0x1EAF, 44 }, // U+1EAF
    { 0x1EB0, 24 }, // U+1EB0
    { 0x1EB1, 44 }, // U+1EB1
    { 0x1EB2, 24 }, // U+1EB2
    { 0x1EB3, 44 }, // U+1EB3
    { 0x1EB4, 24 }, // U+1EB4
    { 0x1EB5, 44 }, // U+1EB5
    { 0x1EB6, 24 }, // U+1EB6
    { 0x1EB7, 44 }, // U+1EB7
    { 0x1EB8, 27 }, // U+1EB8
    { 0x1EB9, 45 }, // U+1EB9
    { 0x1EBA, 27 }, // U+1EBA
    { 0x1EBB, 45 }, // U+1EBB
    { 0x1EBC, 27 }, // U+1EBC
    { 0x1EBD, 45 }, // U+1EBD
    { 0x1EBE, 27 }, // U+1EBE
    { 0x1EBF, 45 }, // U+1EBF
    { 0x1EC0, 27 }, // U+1EC0
    { 0x1EC1, 45 }, // U+1EC1
    { 0x1EC2, 27 }, // U+1EC2
    { 0x1EC3, 45 }, // U+1EC3
    { 0x1EC4, 27 }, // U+1EC4
    { 0x1EC5, 45 }, // U+1EC5
    { 0x1EC6, 27 }, // U+1EC6
    { 0x1EC7, 45 }, // U+1EC7
    { 0x1EC8, 12 }, // U+1EC8
    { 0x1EC9, 106 }, // U+1EC9
    { 0x1ECA, 12 }, // U+1ECA
    { 0x1ECB, 116 }, // U+1ECB
    { 0x1ECC, 23 }, // U+1ECC
    { 0x1ECD, 45 }, // U+1ECD
    { 0x1ECE, 23 }, // U+1ECE
    { 0x1ECF, 45 }, // U+1ECF
    { 0x1ED0, 23 }, // U+1ED0
    { 0x1ED1, 45 }, // U+1ED1
    { 0x1ED2, 23 }, // U+1ED2
    { 0x1ED3, 45 }, // U+1ED3
    { 0x1ED4, 23 }, // U+1ED4
    { 0x1ED5, 117 }, // U+1ED5
    { 0x1ED6, 23 }, // U+1ED6
    { 0x1ED7, 45 }, // U+1ED7
    { 0x1ED8, 23 }, // U+1ED8
    { 0x1ED9, 45 }, // U+1ED9
    { 0x1EDA, 23 }, // U+1EDA
    { 0x1EDB, 45 }, // U+1EDB
    { 0x1EDC, 23 }, // U+1EDC
    { 0x1EDD, 45 }, // U+1EDD
    { 0x1EDE, 23 }, // U+1EDE
    { 0x1EDF, 45 }, // U+1EDF
    { 0x1EE0, 23 }, // U+1EE0
    { 0x1EE1, 45 }, // U+1EE1
    { 0x1EE2, 23 }, // U+1EE2
    { 0x1EE3, 45 }, // U+1EE3
    { 0x1EE4, 30 }, // U+1EE4
    { 0x1EE5, 53 }, // U+1EE5
    { 0x1EE6, 30 }, // U+1EE6
    { 0x1EE7, 53 }, // U+1EE7
    { 0x1EE8, 118 }, // U+1EE8
    { 0x1EE9, 53 }, // U+1EE9
    { 0x1EEA, 118 }, // U+1EEA
    { 0x1EEB, 53 }, // U+1EEB
    { 0x1EEC, 118 }, // U+1EEC
    { 0x1EED, 99 }, // U+1EED
    { 0x1EEE, 118 }, // U+1EEE
    { 0x1EEF, 53 }, // U+1EEF
    { 0x1EF0, 118 }, // U+1EF0
    { 0x1EF1, 53 }, // U+1EF1
    { 0x1EF2, 39 }, // U+1EF2
    { 0x1EF3, 54 }, // U+1EF3
    { 0x1EF4, 119 }, // U+1EF4
    { 0x1EF5, 54 }, // U+1EF5
    { 0x1EF6, 119 }, // U+1EF6
    { 0x1EF7, 54 }, // U+1EF7
    { 0x1EF8, 119 }, // U+1EF8
    { 0x1EF9, 54 }, // U+1EF9
    { 0x2018, 120 }, // U+2018
    { 0x2019, 121 }, // U+2019
    { 0x201A, 122 }, // U+201A
    { 0x201C, 120 }, // U+201C
    { 0x201D, 121 }, // U+201D
    { 0x201E, 122 }, // U+201E
    { 0x2020, 61 }, // U+2020
    { 0x2021, 61 }, // U+2021
    { 0x2022, 123 }, // U+2022
    { 0x2023, 123 }, // U+2023
    { 0x2026, 124 }, // U+2026
    { 0x2034, 121 }, // U+2034
    { 0x2039, 62 }, // U+2039
    { 0x203A, 67 }, // U+203A
    { 0x203D, 22 }, // U+203D
    { 0x2043, 123 }, // U+2043
    { 0x204B, 33 }, // U+204B
    { 0x204C, 44 }, // U+204C
    { 0x204D, 123 }, // U+204D
    { 0x204F, 19 }, // U+204F
    { 0x2071, 125 }, // U+2071
    { 0x2074, 126 }, // U+2074
    { 0x2077, 127 }, // U+2077
    { 0x207A, 128 }, // U+207A
    { 0x207B, 128 }, // U+207B
    { 0x2080, 129 }, // U+2080
    { 0x2081, 129 }, // U+2081
    { 0x2082, 129 }, // U+2082
    { 0x2083, 129 }, // U+2083
    { 0x2084, 129 }, // U+2084
    { 0x2085, 130 }, // U+2085
    { 0x2086, 129 }, // U+2086
    { 0x2087, 131 }, // U+2087
    { 0x2088, 129 }, // U+2088
    { 0x2089, 129 }, // U+2089
    { 0x208A, 129 }, // U+208A
    { 0x208B, 129 }, // U+208B
    { 0x208C, 129 }, // U+208C
    { 0x208D, 129 }, // U+208D
    { 0x208E, 129 }, // U+208E
    { 0x2090, 129 }, // U+2090
    { 0x2091, 129 }, // U+2091
    { 0x2092, 129 }, // U+2092
    { 0x2093, 129 }, // U+2093
    { 0x2095, 129 }, // U+2095
    { 0x2096, 129 }, // U+2096
    { 0x2097, 129 }, // U+2097
    { 0x2098, 129 }, // U+2098
    { 0x2099, 129 }, // U+2099
    { 0x209A, 129 }, // U+209A
    { 0x209B, 129 }, // U+209B
    { 0x209C, 129 }, // U+209C
    { 0x20A1, 26 }, // U+20A1
    { 0x20A7, 52 }, // U+20A7
    { 0x20A8, 51 }, // U+20A8
    { 0x20A9, 132 }, // U+20A9
    { 0x20AC, 133 }, // U+20AC
    { 0x20AF, 45 }, // U+20AF
    { 0x20B2, 29 }, // U+20B2
    { 0x20B5, 26 }, // U+20B5
    { 0x20BD, 134 }, // U+20BD
    { 0x20BF, 25 }, // U+20BF
    { 0x2190, 8 }, // U+2190
    { 0x21D0, 20 }, // U+21D0
    { 0x2206, 24 }, // U+2206
    { 0x2212, 8 }, // U+2212
    { 0x221E, 88 }, // U+221E
    { 0x2248, 20 }, // U+2248
    { 0x2260, 20 }, // U+2260
    { 0x2264, 20 }, // U+2264
    { 0x2265, 20 }, // U+2265
};

static const EpdKernClassEntry inter_14_regularKernRightClasses[] = {
    { 0x0022, 1 }, // "
    { 0x0023, 2 }, // #
    { 0x0024, 3 }, // $
    { 0x0025, 4 }, // %
    { 0x0026, 5 }, // &
    { 0x0027, 1 }, // '
    { 0x0029, 6 }, // )
    { 0x002A, 7 }, // *
    { 0x002B, 8 }, // +
    { 0x002C, 9 }, // ,
    { 0x002D, 10 }, // -
    { 0x002E, 11 }, // .
    { 0x002F, 12 }, // /
    { 0x0030, 13 }, // 0
    { 0x0031, 14 }, // 1
    { 0x0032, 15 }, // 2
    { 0x0033, 16 }, // 3
    { 0x0034, 17 }, // 4
    { 0x0035, 18 }, // 5
    { 0x0036, 13 }, // 6
    { 0x0037, 19 }, // 7
    { 0x0038, 20 }, // 8
    { 0x0039, 21 }, // 9
    { 0x003A, 22 }, // :
    { 0x003B, 22 }, // ;
    { 0x003C, 23 }, // <
    { 0x003D, 24 }, // =
    { 0x003F, 25 }, // ?
    { 0x0040, 26 }, // @
    { 0x0041, 27 }, // A
    { 0x0042, 28 }, // B
    { 0x0043, 29 }, // C
    { 0x0044, 28 }, // D
    { 0x0045, 28 }, // E
    { 0x0046, 28 }, // F
    { 0x0047, 29 }, // G
    { 0x0048, 28 }, // H
    { 0x0049, 28 }, // I
    { 0x004A, 30 }, // J
    { 0x004B, 28 }, // K
    { 0x004C, 28 }, // L
    { 0x004D, 28 }, // M
    { 0x004E, 28 }, // N
    { 0x004F, 29 }, // O
    { 0x0050, 28 }, // P
    { 0x0051, 29 }, // Q
    { 0x0052, 28 }, // R
    { 0x0053, 3 }, // S
    { 0x0054, 31 }, // T
    { 0x0055, 32 }, // U
    { 0x0056, 33 }, // V
    { 0x0057, 34 }, // W
    { 0x0058, 35 }, // X
    { 0x0059, 36 }, // Y
    { 0x005A, 37 }, // Z
    { 0x005C, 33 }, // <backslash>
    { 0x005D, 6 }, // ]
    { 0x005E, 38 }, // ^
    { 0x005F, 39 }, // _
    { 0x0061, 40 }, // a
    { 0x0062, 28 }, // b
    { 0x0063, 41 }, // c
    { 0x0064, 41 }, // d
    { 0x0065, 41 }, // e
    { 0x0066, 42 }, // f
    { 0x0067, 41 }, // g
    { 0x0068, 28 }, // h
    { 0x0069, 43 }, // i
    { 0x006A, 44 }, // j
    { 0x006B, 28 }, // k
    { 0x006C, 28 }, // l
    { 0x006D, 45 }, // m
    { 0x006E, 45 }, // n
    { 0x006F, 41 }, // o
    { 0x0070, 45 }, // p
    { 0x0071, 41 }, // q
    { 0x0072, 45 }, // r
    { 0x0073, 46 }, // s
    { 0x0074, 47 }, // t
    { 0x0075, 48 }, // u
    { 0x0076, 49 }, // v
    { 0x0077, 50 }, // w
    { 0x0078, 51 }, // x
    { 0x0079, 49 }, // y
    { 0x007A, 52 }, // z
    { 0x007C, 28 }, // |
    { 0x007D, 6 }, // }
    { 0x007E, 53 }, // ~
    { 0x00A2, 41 }, // U+00A2
    { 0x00A5, 54 }, // U+00A5
    { 0x00A9, 29 }, // U+00A9
    { 0x00AA, 55 }, // U+00AA
    { 0x00AB, 56 }, // U+00AB
    { 0x00AC, 57 }, // U+00AC
    { 0x00AE, 58 }, // U+00AE
    { 0x00B0, 59 }, // U+00B0
    { 0x00B1, 24 }, // U+00B1
    { 0x00B2, 60 }, // U+00B2
    { 0x00B5, 61 }, // U+00B5
    { 0x00B6, 62 }, // U+00B6
    { 0x00B7, 63 }, // U+00B7
    { 0x00B9, 64 }, // U+00B9
    { 0x00BA, 55 }, // U+00BA
    { 0x00BB, 65 }, // U+00BB
    { 0x00BF, 66 }, // U+00BF
    { 0x00C0, 27 }, // U+00C0
    { 0x00C1, 27 }, // U+00C1
    { 0x00C2, 27 }, // U+00C2
    { 0x00C3, 27 }, // U+00C3
    { 0x00C4, 27 }, // U+00C4
    { 0x00C5, 27 }, // U+00C5
    { 0x00C6, 27 }, // U+00C6
    { 0x00C7, 29 }, // U+00C7
    { 0x00C8, 28 }, // U+00C8
    { 0x00C9, 28 }, // U+00C9
    { 0x00CA, 28 }, // U+00CA
    { 0x00CB, 28 }, // U+00CB
    { 0x00CC, 28 }, // U+00CC
    { 0x00CD, 28 }, // U+00CD
    { 0x00CE, 67 }, // U+00CE
    { 0x00CF, 67 }, // U+00CF
    { 0x00D0, 68 }, // U+00D0
    { 0x00D1, 28 }, // U+00D1
    { 0x00D2, 29 }, // U+00D2
    { 0x00D3, 29 }, // U+00D3
    { 0x00D4, 29 }, // U+00D4
    { 0x00D5, 29 }, // U+00D5
    { 0x00D6, 29 }, // U+00D6
    { 0x00D7, 69 }, // U+00D7
    { 0x00D8, 29 }, // U+00D8
    { 0x00D9, 32 }, // U+00D9
    { 0x00DA, 32 }, // U+00DA
    { 0x00DB, 32 }, // U+00DB
    { 0x00DC, 32 }, // U+00DC
    { 0x00DD, 36 }, // U+00DD
    { 0x00DE, 28 }, // U+00DE
    { 0x00DF, 28 }, // U+00DF
    { 0x00E0, 40 }, // U+00E0
    { 0x00E1, 40 }, // U+00E1
    { 0x00E2, 40 }, // U+00E2
    { 0x00E3, 70 }, // U+00E3
    { 0x00E4, 71 }, // U+00E4
    { 0x00E5, 40 }, // U+00E5
    { 0x00E6, 40 }, // U+00E6
    { 0x00E7, 41 }, // U+00E7
    { 0x00E8, 41 }, // U+00E8
    { 0x00E9, 41 }, // U+00E9
    { 0x00EA, 41 }, // U+00EA
    { 0x00EB, 72 }, // U+00EB
    { 0x00EC, 73 }, // U+00EC
    { 0x00ED, 74 }, // U+00ED
    { 0x00EE, 75 }, // U+00EE
    { 0x00EF, 76 }, // U+00EF
    { 0x00F0, 41 }, // U+00F0
    { 0x00F1, 45 }, // U+00F1
    { 0x00F2, 41 }, // U+00F2
    { 0x00F3, 41 }, // U+00F3
    { 0x00F4, 41 }, // U+00F4
    { 0x00F5, 77 }, // U+00F5
    { 0x00F6, 72 }, // U+00F6
    { 0x00F7, 8 }, // U+00F7
    { 0x00F8, 41 }, // U+00F8
    { 0x00F9, 48 }, // U+00F9
    { 0x00FA, 48 }, // U+00FA
    { 0x00FB, 48 }, // U+00FB
    { 0x00FC, 78 }, // U+00FC
    { 0x00FD, 49 }, // U+00FD
    { 0x00FE, 28 }, // U+00FE
    { 0x00FF, 79 }, // U+00FF
    { 0x0100, 27 }, // U+0100
    { 0x0101, 80 }, // U+0101
    { 0x0102, 27 }, // U+0102
    { 0x0103, 40 }, // U+0103
    { 0x0104, 27 }, // U+0104
    { 0x0105, 40 }, // U+0105
    { 0x0106, 29 }, // U+0106
    { 0x0107, 41 }, // U+0107
    { 0x0108, 29 }, // U+0108
    { 0x0109, 41 }, // U+0109
    { 0x010A, 29 }, // U+010A
    { 0x010B, 41 }, // U+010B
    { 0x010C, 29 }, // U+010C
    { 0x010D, 41 }, // U+010D
    { 0x010E, 28 }, // U+010E
    { 0x010F, 41 }, // U+010F
    { 0x0110, 81 }, // U+0110
    { 0x0111, 41 }, // U+0111
    { 0x0112, 28 }, // U+0112
    { 0x0113, 41 }, // U+0113
    { 0x0114, 28 }, // U+0114
    { 0x0115, 41 }, // U+0115
    { 0x0116, 28 }, // U+0116
    { 0x0117, 41 }, // U+0117
    { 0x0118, 28 }, // U+0118
    { 0x0119, 41 }, // U+0119
    { 0x011A, 28 }, // U+011A
    { 0x011B, 41 }, // U+011B
    { 0x011C, 29 }, // U+011C
    { 0x011D, 41 }, // U+011D
    { 0x011E, 29 }, // U+011E
    { 0x011F, 41 }, // U+011F
    { 0x0120, 29 }, // U+0120
    { 0x0121, 41 }, // U+0121
    { 0x0122, 29 }, // U+0122
    { 0x0123, 41 }, // U+0123
    { 0x0124, 28 }, // U+0124
    { 0x0125, 28 }, // U+0125
    { 0x0126, 28 }, // U+0126
    { 0x0127, 82 }, // U+0127
    { 0x0128, 67 }, // U+0128
    { 0x0129, 83 }, // U+0129
    { 0x012A, 67 }, // U+012A
    { 0x012B, 84 }, // U+012B
    { 0x012C, 67 }, // U+012C
    { 0x012D, 76 }, // U+012D
    { 0x012E, 28 }, // U+012E
    { 0x012F, 43 }, // U+012F
    { 0x0130, 28 }, // U+0130
    { 0x0131, 43 }, // U+0131
    { 0x0133, 43 }, // U+0133
    { 0x0134, 30 }, // U+0134
    { 0x0135, 85 }, // U+0135
    { 0x0136, 28 }, // U+0136
    { 0x0137, 28 }, // U+0137
    { 0x0138, 45 }, // U+0138
    { 0x0139, 28 }, // U+0139
    { 0x013A, 28 }, // U+013A
    { 0x013B, 28 }, // U+013B
    { 0x013C, 28 }, // U+013C
    { 0x013D, 28 }, // U+013D
    { 0x013E, 28 }, // U+013E
    { 0x0140, 28 }, // U+0140
    { 0x0141, 28 }, // U+0141
    { 0x0142, 28 }, // U+0142
    { 0x0143, 28 }, // U+0143
    { 0x0144, 45 }, // U+0144
    { 0x0145, 28 }, // U+0145
    { 0x0146, 45 }, // U+0146
    { 0x0147, 28 }, // U+0147
    { 0x0148, 45 }, // U+0148
    { 0x014A, 28 }, // U+014A
    { 0x014B, 45 }, // U+014B
    { 0x014C, 29 }, // U+014C
    { 0x014D, 86 }, // U+014D
    { 0x014E, 29 }, // U+014E
    { 0x014F, 41 }, // U+014F
    { 0x0150, 29 }, // U+0150
    { 0x0151, 41 }, // U+0151
    { 0x0152, 29 }, // U+0152
    { 0x0153, 41 }, // U+0153
    { 0x0154, 28 }, // U+0154
    { 0x0155, 45 }, // U+0155
    { 0x0156, 28 }, // U+0156
    { 0x0157, 45 }, // U+0157
    { 0x0158, 28 }, // U+0158
    { 0x0159, 45 }, // U+0159
    { 0x015A, 3 }, // U+015A
    { 0x015B, 46 }, // U+015B
    { 0x015C, 3 }, // U+015C
    { 0x015D, 46 }, // U+015D
    { 0x015E, 3 }, // U+015E
    { 0x015F, 46 }, // U+015F
    { 0x0160, 3 }, // U+0160
    { 0x0161, 46 }, // U+0161
    { 0x0162, 87 }, // U+0162
    { 0x0163, 47 }, // U+0163
    { 0x0164, 88 }, // U+0164
    { 0x0165, 47 }, // U+0165
    { 0x0166, 89 }, // U+0166
    { 0x0167, 47 }, // U+0167
    { 0x0168, 32 }, // U+0168
    { 0x0169, 90 }, // U+0169
    { 0x016A, 32 }, // U+016A
    { 0x016B, 48 }, // U+016B
    { 0x016C, 32 }, // U+016C
    { 0x016D, 48 }, // U+016D
    { 0x016E, 32 }, // U+016E
    { 0x016F, 48 }, // U+016F
    { 0x0170, 32 }, // U+0170
    { 0x0171, 48 }, // U+0171
    { 0x0172, 32 }, // U+0172
    { 0x0173, 48 }, // U+0173
    { 0x0174, 34 }, // U+0174
    { 0x0175, 50 }, // U+0175
    { 0x0176, 36 }, // U+0176
    { 0x0177, 49 }, // U+0177
    { 0x0178, 36 }, // U+0178
    { 0x0179, 37 }, // U+0179
    { 0x017A, 52 }, // U+017A
    { 0x017B, 37 }, // U+017B
    { 0x017C, 52 }, // U+017C
    { 0x017D, 37 }, // U+017D
    { 0x017E, 52 }, // U+017E
    { 0x017F, 28 }, // U+017F
    { 0x01A0, 29 }, // U+01A0
    { 0x01A1, 41 }, // U+01A1
    { 0x01AF, 32 }, // U+01AF
    { 0x01B0, 48 }, // U+01B0
    { 0x01C5, 91 }, // U+01C5
    { 0x01C6, 41 }, // U+01C6
    { 0x01C8, 28 }, // U+01C8
    { 0x01C9, 28 }, // U+01C9
    { 0x01CB, 28 }, // U+01CB
    { 0x01CC, 45 }, // U+01CC
    { 0x01CD, 27 }, // U+01CD
    { 0x01CE, 40 }, // U+01CE
    { 0x01CF, 28 }, // U+01CF
    { 0x01D0, 92 }, // U+01D0
    { 0x01D1, 29 }, // U+01D1
    { 0x01D2, 41 }, // U+01D2
    { 0x01D3, 32 }, // U+01D3
    { 0x01D4, 48 }, // U+01D4
    { 0x01D5, 32 }, // U+01D5
    { 0x01D6, 48 }, // U+01D6
    { 0x01D7, 32 }, // U+01D7
    { 0x01D8, 48 }, // U+01D8
    { 0x01D9, 32 }, // U+01D9
    { 0x01DA, 48 }, // U+01DA
    { 0x01DB, 32 }, // U+01DB
    { 0x01DC, 48 }, // U+01DC
    { 0x01DD, 86 }, // U+01DD
    { 0x01DE, 27 }, // U+01DE
    { 0x01DF, 40 }, // U+01DF
    { 0x01E0, 27 }, // U+01E0
    { 0x01E1, 40 }, // U+01E1
    { 0x01E2, 27 }, // U+01E2
    { 0x01E3, 40 }, // U+01E3
    { 0x01E4, 29 }, // U+01E4
    { 0x01E5, 41 }, // U+01E5
    { 0x01E6, 29 }, // U+01E6
    { 0x01E7, 41 }, // U+01E7
    { 0x01E8, 28 }, // U+01E8
    { 0x01E9, 28 }, // U+01E9
    { 0x01EA, 29 }, // U+01EA
    { 0x01EB, 41 }, // U+01EB
    { 0x01EC, 29 }, // U+01EC
    { 0x01ED, 41 }, // U+01ED
    { 0x01EF, 47 }, // U+01EF
    { 0x01F0, 44 }, // U+01F0
    { 0x01F2, 28 }, // U+01F2
    { 0x01F3, 86 }, // U+01F3
    { 0x01F4, 29 }, // U+01F4
    { 0x01F5, 41 }, // U+01F5
    { 0x01F6, 91 }, // U+01F6
    { 0x01F8, 28 }, // U+01F8
    { 0x01F9, 45 }, // U+01F9
    { 0x01FA, 27 }, // U+01FA
    { 0x01FB, 40 }, // U+01FB
    { 0x01FC, 27 }, // U+01FC
    { 0x01FD, 40 }, // U+01FD
    { 0x01FE, 29 }, // U+01FE
    { 0x01FF, 41 }, // U+01FF
    { 0x0200, 27 }, // U+0200
    { 0x0201, 40 }, // U+0201
    { 0x0202, 27 }, // U+0202
    { 0x0203, 40 }, // U+0203
    { 0x0204, 28 }, // U+0204
    { 0x0205, 41 }, // U+0205
    { 0x0206, 28 }, // U+0206
    { 0x0207, 41 }, // U+0207
    { 0x0208, 67 }, // U+0208
    { 0x0209, 93 }, // U+0209
    { 0x020A, 67 }, // U+020A
    { 0x020B, 94 }, // U+020B
    { 0x020C, 29 }, // U+020C
    { 0x020D, 41 }, // U+020D
    { 0x020E, 29 }, // U+020E
    { 0x020F, 41 }, // U+020F
    { 0x0210, 28 }, // U+0210
    { 0x0211, 45 }, // U+0211
    { 0x0212, 28 }, // U+0212
    { 0x0213, 45 }, // U+0213
    { 0x0214, 32 }, // U+0214
    { 0x0215, 48 }, // U+0215
    { 0x0216, 32 }, // U+0216
    { 0x0217, 48 }, // U+0217
    { 0x0218, 3 }, // U+0218
    { 0x0219, 46 }, // U+0219
    { 0x021A, 31 }, // U+021A
    { 0x021B, 47 }, // U+021B
    { 0x021E, 28 }, // U+021E
    { 0x021F, 28 }, // U+021F
    { 0x0400, 28 }, // U+0400
    { 0x0401, 28 }, // U+0401
    { 0x0402, 31 }, // U+0402
    { 0x0403, 28 }, // U+0403
    { 0x0404, 29 }, // U+0404
    { 0x0405, 3 }, // U+0405
    { 0x0406, 28 }, // U+0406
    { 0x0407, 67 }, // U+0407
    { 0x0408, 30 }, // U+0408
    { 0x0409, 95 }, // U+0409
    { 0x040A, 28 }, // U+040A
    { 0x040B, 31 }, // U+040B
    { 0x040C, 28 }, // U+040C
    { 0x040D, 28 }, // U+040D
    { 0x040F, 28 }, // U+040F
    { 0x0410, 27 }, // U+0410
    { 0x0411, 28 }, // U+0411
    { 0x0412, 28 }, // U+0412
    { 0x0413, 28 }, // U+0413
    { 0x0414, 96 }, // U+0414
    { 0x0415, 28 }, // U+0415
    { 0x0416, 97 }, // U+0416
    { 0x0417, 98 }, // U+0417
    { 0x0418, 91 }, // U+0418
    { 0x0419, 28 }, // U+0419
    { 0x041A, 28 }, // U+041A
    { 0x041B, 95 }, // U+041B
    { 0x041C, 28 }, // U+041C
    { 0x041D, 28 }, // U+041D
    { 0x041E, 29 }, // U+041E
    { 0x041F, 28 }, // U+041F
    { 0x0420, 28 }, // U+0420
    { 0x0421, 29 }, // U+0421
    { 0x0422, 31 }, // U+0422
    { 0x0423, 33 }, // U+0423
    { 0x0424, 99 }, // U+0424
    { 0x0425, 35 }, // U+0425
    { 0x0426, 28 }, // U+0426
    { 0x0427, 100 }, // U+0427
    { 0x0428, 28 }, // U+0428
    { 0x0429, 28 }, // U+0429
    { 0x042A, 101 }, // U+042A
    { 0x042B, 28 }, // U+042B
    { 0x042C, 28 }, // U+042C
    { 0x042D, 29 }, // U+042D
    { 0x042E, 28 }, // U+042E
    { 0x0430, 40 }, // U+0430
    { 0x0431, 13 }, // U+0431
    { 0x0432, 45 }, // U+0432
    { 0x0433, 45 }, // U+0433
    { 0x0434, 102 }, // U+0434
    { 0x0435, 41 }, // U+0435
    { 0x0436, 51 }, // U+0436
    { 0x0437, 41 }, // U+0437
    { 0x0438, 45 }, // U+0438
    { 0x0439, 45 }, // U+0439
    { 0x043A, 45 }, // U+043A
    { 0x043B, 103 }, // U+043B
    { 0x043C, 45 }, // U+043C
    { 0x043D, 45 }, // U+043D
    { 0x043E, 41 }, // U+043E
    { 0x043F, 45 }, // U+043F
    { 0x0440, 45 }, // U+0440
    { 0x0441, 41 }, // U+0441
    { 0x0442, 104 }, // U+0442
    { 0x0443, 49 }, // U+0443
    { 0x0444, 41 }, // U+0444
    { 0x0445, 51 }, // U+0445
    { 0x0446, 45 }, // U+0446
    { 0x0447, 105 }, // U+0447
    { 0x0448, 45 }, // U+0448
    { 0x0449, 45 }, // U+0449
    { 0x044A, 106 }, // U+044A
    { 0x044B, 43 }, // U+044B
    { 0x044C, 45 }, // U+044C
    { 0x044D, 41 }, // U+044D
    { 0x044E, 45 }, // U+044E
    { 0x044F, 107 }, // U+044F
    { 0x0450, 41 }, // U+0450
    { 0x0451, 41 }, // U+0451
    { 0x0452, 28 }, // U+0452
    { 0x0453, 45 }, // U+0453
    { 0x0454, 41 }, // U+0454
    { 0x0455, 46 }, // U+0455
    { 0x0456, 43 }, // U+0456
    { 0x0457, 76 }, // U+0457
    { 0x0458, 44 }, // U+0458
    { 0x0459, 103 }, // U+0459
    { 0x045A, 45 }, // U+045A
    { 0x045B, 28 }, // U+045B
    { 0x045C, 45 }, // U+045C
    { 0x045D, 45 }, // U+045D
    { 0x045E, 49 }, // U+045E
    { 0x045F, 48 }, // U+045F
    { 0x0460, 28 }, // U+0460
    { 0x0463, 47 }, // U+0463
    { 0x0464, 28 }, // U+0464
    { 0x0465, 45 }, // U+0465
    { 0x0466, 27 }, // U+0466
    { 0x0467, 27 }, // U+0467
    { 0x0468, 28 }, // U+0468
    { 0x046C, 28 }, // U+046C
    { 0x046E, 28 }, // U+046E
    { 0x0472, 29 }, // U+0472
    { 0x0473, 41 }, // U+0473
    { 0x0474, 33 }, // U+0474
    { 0x0475, 49 }, // U+0475
    { 0x0476, 33 }, // U+0476
    { 0x0477, 49 }, // U+0477
    { 0x0478, 29 }, // U+0478
    { 0x0479, 41 }, // U+0479
    { 0x0481, 41 }, // U+0481
    { 0x048A, 91 }, // U+048A
    { 0x048B, 45 }, // U+048B
    { 0x048D, 47 }, // U+048D
    { 0x048E, 28 }, // U+048E
    { 0x048F, 45 }, // U+048F
    { 0x0490, 28 }, // U+0490
    { 0x0491, 45 }, // U+0491
    { 0x0493, 47 }, // U+0493
    { 0x0494, 28 }, // U+0494
    { 0x0495, 45 }, // U+0495
    { 0x0497, 51 }, // U+0497
    { 0x049A, 28 }, // U+049A
    { 0x049B, 45 }, // U+049B
    { 0x049C, 28 }, // U+049C
    { 0x049D, 45 }, // U+049D
    { 0x04A0, 31 }, // U+04A0
    { 0x04A1, 47 }, // U+04A1
    { 0x04A2, 28 }, // U+04A2
    { 0x04A3, 45 }, // U+04A3
    { 0x04A4, 28 }, // U+04A4
    { 0x04A5, 45 }, // U+04A5
    { 0x04A6, 28 }, // U+04A6
    { 0x04A7, 45 }, // U+04A7
    { 0x04A9, 41 }, // U+04A9
    { 0x04AA, 29 }, // U+04AA
    { 0x04AB, 41 }, // U+04AB
    { 0x04AC, 31 }, // U+04AC
    { 0x04AD, 47 }, // U+04AD
    { 0x04AE, 36 }, // U+04AE
    { 0x04AF, 49 }, // U+04AF
    { 0x04B0, 108 }, // U+04B0
    { 0x04B1, 49 }, // U+04B1
    { 0x04B2, 35 }, // U+04B2
    { 0x04B3, 51 }, // U+04B3
    { 0x04B4, 31 }, // U+04B4
    { 0x04B5, 47 }, // U+04B5
    { 0x04B7, 40 }, // U+04B7
    { 0x04B9, 40 }, // U+04B9
    { 0x04BA, 28 }, // U+04BA
    { 0x04BB, 28 }, // U+04BB
    { 0x04BD, 47 }, // U+04BD
    { 0x04C0, 28 }, // U+04C0
    { 0x04C1, 35 }, // U+04C1
    { 0x04C3, 28 }, // U+04C3
    { 0x04C4, 45 }, // U+04C4
    { 0x04C6, 103 }, // U+04C6
    { 0x04C7, 91 }, // U+04C7
    { 0x04C8, 45 }, // U+04C8
    { 0x04C9, 28 }, // U+04C9
    { 0x04CA, 45 }, // U+04CA
    { 0x04CD, 28 }, // U+04CD
    { 0x04CE, 45 }, // U+04CE
    { 0x04CF, 28 }, // U+04CF
    { 0x04D0, 27 }, // U+04D0
    { 0x04D1, 40 }, // U+04D1
    { 0x04D2, 27 }, // U+04D2
    { 0x04D3, 40 }, // U+04D3
    { 0x04D4, 27 }, // U+04D4
    { 0x04D5, 40 }, // U+04D5
    { 0x04D6, 28 }, // U+04D6
    { 0x04D7, 41 }, // U+04D7
    { 0x04D9, 41 }, // U+04D9
    { 0x04DA, 29 }, // U+04DA
    { 0x04DB, 41 }, // U+04DB
    { 0x04DC, 35 }, // U+04DC
    { 0x04E1, 47 }, // U+04E1
    { 0x04E2, 28 }, // U+04E2
    { 0x04E3, 45 }, // U+04E3
    { 0x04E4, 28 }, // U+04E4
    { 0x04E5, 45 }, // U+04E5
    { 0x04E6, 29 }, // U+04E6
    { 0x04E7, 41 }, // U+04E7
    { 0x04E8, 29 }, // U+04E8
    { 0x04E9, 41 }, // U+04E9
    { 0x04EA, 29 }, // U+04EA
    { 0x04EB, 41 }, // U+04EB
    { 0x04ED, 41 }, // U+04ED
    { 0x04EF, 49 }, // U+04EF
    { 0x04F1, 49 }, // U+04F1
    { 0x04F3, 49 }, // U+04F3
    { 0x04F7, 45 }, // U+04F7
    { 0x04F9, 45 }, // U+04F9
    { 0x04FB, 47 }, // U+04FB
    { 0x04FC, 35 }, // U+04FC
    { 0x04FD, 51 }, // U+04FD
    { 0x04FE, 35 }, // U+04FE
    { 0x04FF, 51 }, // U+04FF
    { 0x1EA0, 27 }, // U+1EA0
    { 0x1EA1, 40 }, // U+1EA1
    { 0x1EA2, 27 }, // U+1EA2
    { 0x1EA3, 40 }, // U+1EA3
    { 0x1EA4, 27 }, // U+1EA4
    { 0x1EA5, 40 }, // U+1EA5
    { 0x1EA6, 27 }, // U+1EA6
    { 0x1EA7, 40 }, // U+1EA7
    { 0x1EA8, 27 }, // U+1EA8
    { 0x1EA9, 40 }, // U+1EA9
    { 0x1EAA, 27 }, // U+1EAA
    { 0x1EAB, 40 }, // U+1EAB
    { 0x1EAC, 27 }, // U+1EAC
    { 0x1EAD, 40 }, // U+1EAD
    { 0x1EAE, 27 }, // U+1EAE
    { 0x1EAF, 40 }, // U+1EAF
    { 0x1EB0, 27 }, // U+1EB0
    { 0x1EB1, 40 }, // U+1EB1
    { 0x1EB2, 27 }, // U+1EB2
    { 0x1EB3, 40 }, // U+1EB3
    { 0x1EB4, 27 }, // U+1EB4
    { 0x1EB5, 40 }, // U+1EB5
    { 0x1EB6, 27 }, // U+1EB6
    { 0x1EB7, 40 }, // U+1EB7
    { 0x1EB8, 28 }, // U+1EB8
    { 0x1EB9, 41 }, // U+1EB9
    { 0x1EBA, 28 }, // U+1EBA
    { 0x1EBB, 41 }, // U+1EBB
    { 0x1EBC, 28 }, // U+1EBC
    { 0x1EBD, 41 }, // U+1EBD
    { 0x1EBE, 28 }, // U+1EBE
    { 0x1EBF, 41 }, // U+1EBF
    { 0x1EC0, 28 }, // U+1EC0
    { 0x1EC1, 41 }, // U+1EC1
    { 0x1EC2, 28 }, // U+1EC2
    { 0x1EC3, 41 }, // U+1EC3
    { 0x1EC4, 28 }, // U+1EC4
    { 0x1EC5, 41 }, // U+1EC5
    { 0x1EC6, 28 }, // U+1EC6
    { 0x1EC7, 41 }, // U+1EC7
    { 0x1EC8, 28 }, // U+1EC8
    { 0x1EC9, 43 }, // U+1EC9
    { 0x1ECA, 28 }, // U+1ECA
    { 0x1ECB, 43 }, // U+1ECB
    { 0x1ECC, 29 }, // U+1ECC
    { 0x1ECD, 41 }, // U+1ECD
    { 0x1ECE, 29 }, // U+1ECE
    { 0x1ECF, 41 }, // U+1ECF
    { 0x1ED0, 29 }, // U+1ED0
    { 0x1ED1, 41 }, // U+1ED1
    { 0x1ED2, 29 }, // U+1ED2
    { 0x1ED3, 41 }, // U+1ED3
    { 0x1ED4, 29 }, // U+1ED4
    { 0x1ED5, 41 }, // U+1ED5
    { 0x1ED6, 29 }, // U+1ED6
    { 0x1ED7, 41 }, // U+1ED7
    { 0x1ED8, 29 }, // U+1ED8
    { 0x1ED9, 41 }, // U+1ED9
    { 0x1EDA, 29 }, // U+1EDA
    { 0x1EDB, 41 }, // U+1EDB
    { 0x1EDC, 29 }, // U+1EDC
    { 0x1EDD, 41 }, // U+1EDD
    { 0x1EDE, 29 }, // U+1EDE
    { 0x1EDF, 41 }, // U+1EDF
    { 0x1EE0, 29 }, // U+1EE0
    { 0x1EE1, 41 }, // U+1EE1
    { 0x1EE2, 29 }, // U+1EE2
    { 0x1EE3, 41 }, // U+1EE3
    { 0x1EE4, 32 }, // U+1EE4
    { 0x1EE5, 48 }, // U+1EE5
    { 0x1EE6, 32 }, // U+1EE6
    { 0x1EE7, 48 }, // U+1EE7
    { 0x1EE8, 32 }, // U+1EE8
    { 0x1EE9, 48 }, // U+1EE9
    { 0x1EEA, 32 }, // U+1EEA
    { 0x1EEB, 48 }, // U+1EEB
    { 0x1EEC, 32 }, // U+1EEC
    { 0x1EED, 48 }, // U+1EED
    { 0x1EEE, 32 }, // U+1EEE
    { 0x1EEF, 48 }, // U+1EEF
    { 0x1EF0, 32 }, // U+1EF0
    { 0x1EF1, 48 }, // U+1EF1
    { 0x1EF2, 36 }, // U+1EF2
    { 0x1EF3, 49 }, // U+1EF3
    { 0x1EF4, 109 }, // U+1EF4
    { 0x1EF5, 49 }, // U+1EF5
    { 0x1EF6, 109 }, // U+1EF6
    { 0x1EF7, 49 }, // U+1EF7
    { 0x1EF8, 109 }, // U+1EF8
    { 0x1EF9, 49 }, // U+1EF9
    { 0x2018, 110 }, // U+2018
    { 0x2019, 111 }, // U+2019
    { 0x201A, 112 }, // U+201A
    { 0x201B, 113 }, // U+201B
    { 0x201C, 110 }, // U+201C
    { 0x201D, 111 }, // U+201D
    { 0x201E, 112 }, // U+201E
    { 0x201F, 114 }, // U+201F
    { 0x2020, 55 }, // U+2020
    { 0x2021, 55 }, // U+2021
    { 0x2022, 115 }, // U+2022
    { 0x2023, 115 }, // U+2023
    { 0x2026, 116 }, // U+2026
    { 0x2034, 117 }, // U+2034
    { 0x2039, 56 }, // U+2039
    { 0x203A, 65 }, // U+203A
    { 0x203D, 25 }, // U+203D
    { 0x2043, 115 }, // U+2043
    { 0x2044, 118 }, // U+2044
    { 0x204A, 47 }, // U+204A
    { 0x204B, 28 }, // U+204B
    { 0x204C, 115 }, // U+204C
    { 0x204D, 45 }, // U+204D
    { 0x204F, 22 }, // U+204F
    { 0x2074, 119 }, // U+2074
    { 0x2077, 120 }, // U+2077
    { 0x2079, 121 }, // U+2079
    { 0x207E, 122 }, // U+207E
    { 0x207F, 123 }, // U+207F
    { 0x2080, 124 }, // U+2080
    { 0x2081, 124 }, // U+2081
    { 0x2082, 124 }, // U+2082
    { 0x2083, 124 }, // U+2083
    { 0x2084, 125 }, // U+2084
    { 0x2086, 124 }, // U+2086
    { 0x2087, 126 }, // U+2087
    { 0x2088, 124 }, // U+2088
    { 0x2089, 124 }, // U+2089
    { 0x208A, 124 }, // U+208A
    { 0x208B, 124 }, // U+208B
    { 0x208C, 124 }, // U+208C
    { 0x208D, 124 }, // U+208D
    { 0x208E, 124 }, // U+208E
    { 0x2091, 124 }, // U+2091
    { 0x2092, 124 }, // U+2092
    { 0x2093, 124 }, // U+2093
    { 0x2095, 124 }, // U+2095
    { 0x2096, 124 }, // U+2096
    { 0x2097, 124 }, // U+2097
    { 0x2098, 124 }, // U+2098
    { 0x2099, 124 }, // U+2099
    { 0x209A, 124 }, // U+209A
    { 0x209B, 124 }, // U+209B
    { 0x209C, 124 }, // U+209C
    { 0x20A1, 29 }, // U+20A1
    { 0x20A7, 28 }, // U+20A7
    { 0x20A8, 28 }, // U+20A8
    { 0x20A9, 54 }, // U+20A9
    { 0x20AB, 41 }, // U+20AB
    { 0x20B2, 29 }, // U+20B2
    { 0x20B4, 127 }, // U+20B4
    { 0x20B5, 29 }, // U+20B5
    { 0x20B8, 128 }, // U+20B8
    { 0x20BF, 28 }, // U+20BF
    { 0x2192, 8 }, // U+2192
    { 0x21D2, 24 }, // U+21D2
    { 0x2206, 27 }, // U+2206
    { 0x2212, 8 }, // U+2212
    { 0x221E, 129 }, // U+221E
    { 0x222B, 44 }, // U+222B
    { 0x2236, 22 }, // U+2236
    { 0x2248, 24 }, // U+2248
    { 0x2260, 24 }, // U+2260
    { 0x2264, 24 }, // U+2264
    { 0x2265, 24 }, // U+2265
};

static const int8_t inter_14_regularKernMatrix[] = {
       0,    0,    0,    0,  -16,    0,    0,    0,  -38,    0,  -38,    0,    0,    0,    0,    0,  -29,    0,    0,    0,    0,    0,    0,    0,    0,    0,  -37,    0,    0,  -77,    0,    0,    0,    0,    0,    0,    0,    0,    0,    0,  -10,    0,    0,    0,    0,   -4,    0,    0,    0,    0,    0,    0,    0,    0,    0,    0,    0,    0,    0,    0,    0,    0,    0,    0,    0,    0,    0,    0,    0,    0,    0,  -10,    0,    0,    0,    0,  -10,    0,    0,    0,    0,    0,    0,    0,    0,  -10,    0,    0,    0,    0,    0,    0,    0,    0,  -21,  -21,    0,    0,    0,    0,    0,    0,    0,    0,    0,    0,   -4,    0,    0,    0,    0,    0,    0,    0,    0,  -38,    0,    0,    0,    0,    0,    0,    0,    0,    0,    0,    0,    0,    0,
       0,    0,    0,    0,    0,    0,    0,    0,    0,    0,    0,    0,    0,    0,    0,    0,    0,    0,    0,    0,    0,    0,    0,    0,    0,    0,    0,    0,    0,    0,   -3,    0,    0,    0,   -5,    0,    0,    0,    0,    0,    0,    0,    0,    0,    0,    0,    0,    0,    0,    0,    0,    0,    0,    0,    0,    0,    0,    0,    0,    0,    0,    0,    0,    0,    0,    0,    0,    0,    0,    0,    0,    0,    0,    0,    0,   21,    0,    0,    0,    0,    0,    0,   21,   21,    0,    0,   -3,   -3,   -3,    0,    0,    0,    0,   21,    0,    0,   -5,    0,    0,    0,   -3,    0,    0,    0,    0,    0,    0,    0,    0,    0,    0,    0,    0,    0,    0,    0,    0,    0,    0,    0,    0,    0,    0,    0,  -30,    0,    0,    0,    0,
       0,    0,    0,    0,    0,    0,    0,    0,    0,    0,    0,    0,    0,    0,    0,    0,    0,    0,    0,    0,    0,    0,    0,    0,    0,    0,    0,    0,    0,    0,    0,    0,    0,    0,    0,    0,    0,    0,    0,    0,    0,    0,    0,    0,    0,    0,    0,    0,    0,    0,    0,    0,    0,    0,    0,    0,    0,    0,    0,    0,    0,    0,    0,    0,    0,    0,    0,    0,    0,    0,    0,    0,    0,    0,    0,    0,    0,    0,    0,    0,    0,    0,    0,    0,    0,    0,    0,    0,    0,    0,    0,    0,    0,    0,    0,    0,    0,    0,    0,    0,    0,    0,    0,    0,    0,    0,    0,    0,    0,  -29,  -32,    0,    0,    0,    0,    0,  -32,    0,    0,    0,    0,    0,    0,    0,    0,    0,    0,    0,    0,
     -16,    0,    0,    0,    0,    0,    0,    0,    0,    0,    0,    0,    0,    0,    0,    0,    0,    0,    0,    0,    0,    0,    0,    0,    0,    0,    0,    0,    0,    0,  -26,    0,  -29,  -18,    0,  -34,    0,    0,    0,    0,    0,    0,    0,    0,    0,    0,    0,    0,  -16,  -16,    0,    0,    0,    0,  -18,    0,    0,  -10,    0,    0,    0,    0,    0,    0,    0,    0,    0,    0,    0,    0,    0,    0,    0,    0,    0,    0,    0,    0,  -16,    0,    0,    0,    0,    0,    0,    0,  -26,  -26,  -26,    0,    0,    0,    0,    0,    0,    0,    0,    0,    0,    0,  -26,    0,    0,    0,    0,    0,    0,  -34,  -34,  -42,    0,    0,    0,    0,    0,    0,    0,    0,    0,    0,    0,    0,    0,    0,    0,    0,    0,    0,    0,
       0,    0,    0,    0,    0,    0,    0,    0,    0,    0,    0,    0,    0,    0,    0,    0,    0,    0,    0,    0,    0,    0,    0,    0,    0,    0,    0,    0,    0,    0,    0,    0,    0,    0,    0,    0,    0,    0,    0,    0,   -5,    0,    0,   13,    0,    0,    0,    0,    0,    0,    0,    0,    0,    0,    0,    0,    0,    0,    0,    0,    0,    0,    0,    0,    0,    0,    0,    0,    0,    0,    0,   -5,    0,    0,    0,    0,   -5,    0,    0,    0,    0,    0,    0,    0,   13,   -5,    0,    0,    0,    0,    0,    0,   66,    0,    0,    0,    0,    0,    0,    0,    0,    0,    0,    0,    0,    0,    0,    0,    0,    0,    0,    0,    0,    0,    0,    0,    0,    0,    0,    0,    0,    0,    0,    0,    0,    0,    0,    0,    0,
       0,    0,    0,    0,    0,    0,    0,    0,    0,    0,    0,    0,    0,    0,    0,    0,    0,    0,    0,    0,    0,    0,    0,    0,    0,    0,    0,    0,    0,    0,    0,    0,    0,    0,    0,    0,    0,    0,    0,    0,    0,    0,    0,    0,    0,    0,    0,    0,    0,    0,    0,    0,    0,    0,    0,    0,    0,    0,    0,    0,    0,    0,    0,    0,    0,    0,    0,    0,    0,    0,    0,    0,    0,    0,    0,    0,    0,    0,    0,    0,    0,    0,    0,    0,    0,    0,    0,    0,    0,    0,    0,    0,    3,    0,    0,    0,    0,    0,    0,    0,    0,    0,    0,    0,    0,    0,    0,    0,    0,  -16,    0,    0,    0,    0,    0,    0,    0,    0,    0,    0,    0,    0,    0,    0,    0,    0,    0,    0,    0,
       0,    0,    0,    0,  -16,    0,    0,    0,  -64,    0,  -64,    0,    0,    0,    0,    0,  -21,    0,    0,    0,    0,    0,    0,    0,    0,   -4,  -37,    0,   -4,  -45,    0,    0,    0,    0,    0,    0,    0,    0,  -32,    0,    0,    0,    0,    0,    0,    0,    0,    0,    0,    0,    0,    0,    0,    0,    0,    0,    0,    0,    0,    0,    0,    0,    0,    0,    0,    0,    0,    0,    0,    0,    0,    0,    0,    0,    0,    0,    0,    0,    0,    0,    0,    0,    0,    0,    0,    0,    0,    0,    0,    0,    0,    0,    0,    0,  -16,  -16,    0,    0,   -4,    0,    0,    0,    0,    0,    0,    0,    0,    0,    0,    0,    0,    0,    0,    0,    0,  -64,    0,    0,    0,    0,    0,    0,    0,    0,    0,    0,    0,    0,    0,
       0,    0,    0,    0,    0,    0,    0,    0,    0,    0,    0,    0,    0,    0,  -16,   -5,    0,    0,  -10,    0,    0,    0,    0,    0,    0,    0,  -16,    0,    0,  -21,  -34,    0,  -24,  -24,  -18,  -37,    0,    0,    0,    0,    0,    0,    0,    0,    0,    0,    0,    0,   -1,    0,  -10,    0,    0,    0,    0,    0,    0,    0,    0,    0,    0,   -8,    0,    0,    0,    0,    0,    0,    0,    0,    0,    0,    0,    0,    0,    0,    0,    0,   -1,    0,    0,    0,    0,    0,    0,    0,  -50,  -50,  -34,    0,    0,    0,    0,    0,    0,    0,  -68,  -29,    0,    0,  -66,    0,    0,    0,    0,    0,    0,  -37,  -37,  -29,    0,    0,    0,    0,    0,    0,    0,    0,    0,    0,    0,    0,    0,    0,    0,    0,    0,    0,    0,
     -38,    0,    0,    0,    0,    0,    0,    0,    0,    0,    0,    0,  -12,  -41,    0,  -11,    0,   -7,   -7,   -9,   -3,    0,    0,    0,  -46,  -21,    0,    0,  -21,    0,  -16,    0,    0,    0,    0,  -16,    0,    0,    0,    0,    0,    0,    0,    0,    0,    0,    0,    0,    0,    0,    0,    0,    0,    0,    0,    0,    0,    0,    0,    0,    0,  -25,    0,    0,    0,    0,    0,    0,    0,    0,    0,    0,    0,    0,    0,    0,    0,    0,    0,    0,    0,    0,    0,    0,    0,    0,  -16,  -16,  -16,    0,    0,    0,    0,    0,    0,    0,    0,  -11,  -21,    0,  -16,    0,    0,    0,  -21,    0,    0,  -16,  -31,    0,  -26,    0,  -64,  -64,    0,    0,  -26,    0,    0,    0,    0,    0,    0,    0,    0,    0,    0,    0,    0,
       0,    0,    0,    0,    0,    0,    0,    0,  -18,    0,  -18,    0,    0,    0,    0,    0,    0,    0,    0,    0,    0,    0,    0,    0,    0,    0,  -11,    0,    0,  -29,    0,    0,    0,    0,    0,    0,    0,    0,    0,    0,    0,    0,    0,    0,    0,    0,    0,    0,    0,    0,    0,    0,    0,    0,    0,    0,    0,    0,    0,    0,    0,    0,    0,    0,    0,    0,    0,    0,    0,    0,    0,    0,    0,    0,    0,    0,    0,    0,    0,    0,    0,    0,    0,    0,    0,    0,    0,    0,    0,    0,    0,    0,   31,    0,    0,    0,    0,    0,    0,    0,    0,    0,    0,    0,    0,    0,    0,    0,    0,    0,    0,    0,    0,    0,    0,  -18,    0,    0,    0,    0,    0,    0,    0,    0,    0,    0,    0,    0,    0,
       0,    0,    0,    0,    0,    0,    0,    0,  -12,    0,  -12,    0,    0,    0,    0,    0,    0,    0,   -9,    0,    0,    0,    0,    0,    0,    0,   -3,    0,    0,    0,    0,    0,   -6,    0,  -16,  -16,    0,    0,  -21,    0,    0,    0,    0,    0,    0,    0,    7,    0,    0,    0,    0,    0,    0,    0,    0,    0,    0,    0,    0,    0,    0,    0,    0,    0,    0,    0,    0,    0,    0,    0,    0,    0,    0,    0,    0,    0,    0,    0,    0,    0,    0,    0,    0,    0,    0,    0,    0,    0,    0,    0,    0,    0,    0,    0,    0,    0,  -16,    0,    0,    0,    0,    0,    0,    7,    0,    7,    0,  -16,  -16,  -21,    0,  -24,    0,    0,    0,  -12,    0,    0,    0,    0,    0,    0,    0,    0,    0,    0,    0,    0,    0,
       0,    0,    0,    0,    0,    0,    0,    0,    0,    0,    0,    0,    0,    0,    0,    0,    0,    0,    0,    0,    0,    0,    0,    0,    0,    0,    0,    0,    0,    0,    0,    0,    0,    0,    0,    0,    0,    0,    0,    0,    0,    0,    0,    0,    0,    0,    6,    0,    2,    0,    0,    0,    0,    0,    0,    0,    0,    0,    0,    0,    0,    0,    0,    0,    0,    0,    0,   16,    0,    0,    0,    0,    0,    0,    0,   29,    0,    0,    2,    0,   16,    0,   29,   29,    0,    0,    0,    0,    0,    0,    0,    0,   22,   29,    0,    0,    0,    0,    0,    0,    0,    0,    0,    6,    0,    6,    0,    0,    0,    0,    0,    0,    0,    0,    0,    0,    0,    0,    0,    0,    0,    0,    0,    0,    0,    0,    0,    0,    0,
       0,    0,    0,    0,    0,    0,    0,    0,    0,    0,    0,    0,    0,    0,    0,    0,   -7,    0,    0,    0,    0,    0,    0,    0,    0,    0,    0,    0,    0,    0,    0,    0,    0,    0,    0,    0,    0,    0,    0,    0,    0,    0,    0,    0,    0,    0,    0,    0,    0,    0,    0,    0,    0,    0,    0,    0,    0,    0,    0,    0,    0,    0,    0,    0,    0,    0,    0,    0,    0,    0,    0,    0,    0,    0,    0,    0,    0,    0,    0,    0,    0,    0,    0,    0,    0,    0,    0,    0,    0,    0,    0,    0,    0,    0,    0,    0,    0,    0,    0,    0,    0,    0,    0,    0,    0,    0,    0,    0,    0,    0,    0,    0,    0,    0,    0,    0,    0,    0,    0,    0,    0,    0,    0,    0,    0,    0,    0,    0,    0,
       0,    0,    0,    0,    0,    0,   -8,    0,  -10,    0,  -10,    0,    0,    0,    0,    0,    0,    0,    0,    0,    0,    0,    0,    0,    0,    0,    0,    0,    0,    0,    0,    0,    0,    0,   -9,    0,    0,   -8,    0,    0,    0,    0,    0,    0,    0,    0,    0,    0,    0,    0,    0,    0,    0,    0,    0,  -16,    0,    0,   -8,    0,    0,    0,    0,    0,    0,    0,    0,    0,    0,    0,    0,    0,    0,    0,    0,    0,    0,    0,    0,    0,    0,    0,    0,    0,    0,    0,    0,    0,    0,    0,    0,    0,    0,    0,    0,    0,   -9,    0,    0,    0,    0,    0,    0,    0,    0,    0,    0,    0,    0,    0,    0,  -24,    0,    0,    0,  -10,    0,    0,    0,    0,    0,    0,    0,    0,    0,    0,    0,    0,    0,
       0,    0,    0,    0,    0,    0,  -12,    0,  -16,    0,  -16,    0,    0,  -11,    0,    0,    0,    0,   -4,    0,    0,    0,    0,    0,    0,    0,    0,    0,    0,    0,    0,    0,    0,    0,    0,    0,    0,  -12,    0,    0,    0,    0,    0,    0,    0,    0,   -2,    0,    0,    0,    0,    0,    0,    0,    0,    0,    0,   -3,  -12,    0,    0,  -18,    0,    0,    0,    0,    0,    0,    0,    0,    0,    0,    0,    0,    0,    0,    0,    0,    0,    0,    0,    0,    0,    0,    0,    0,    0,    0,    0,    0,    0,    0,    0,    0,    0,    0,    0,    0,    0,    0,    0,    0,    0,   -2,    0,   -2,    0,    0,    0,    0,    0,    0,    0,    0,    0,  -16,    0,    0,    0,    0,    0,    0,    0,    0,    0,    0,    0,    0,    0,
       0,    0,    0,    0,    0,    0,   -2,    0,  -13,    0,  -13,    0,    0,   -2,    0,    0,    0,    0,    0,    0,    0,    0,    0,    0,    0,    0,    0,    0,    0,    0,    0,    0,    0,    0,    0,    0,    0,   -2,    0,    0,    0,    0,    0,    0,    0,    0,   -2,    0,    0,    0,    0,    0,    0,    0,    0,    0,    0,   -3,   -2,    0,    0,    0,    0,    0,    0,    0,    0,    0,    0,    0,    0,    0,    0,    0,    0,    0,    0,    0,    0,    0,    0,    0,    0,    0,    0,    0,    0,    0,    0,    0,    0,    0,    0,    0,    0,    0,    0,    0,    0,    0,    0,    0,    0,   -2,    0,   -2,    0,    0,    0,    0,    0,    0,    0,    0,    0,  -13,    0,    0,    0,    0,    0,    0,    0,    0,    0,    0,    0,    0,    0,
       0,    0,    0,    0,    0,    0,    0,    0,  -15,    0,  -15,    0,    0,    0,    0,    0,    0,    0,    0,    0,    0,    0,    0,    0,    0,    0,    0,    0,    0,    0,    0,    0,    0,    0,    0,    0,    0,    0,  -21,    0,    0,    0,    0,    0,    0,    0,    0,    0,    0,    0,    0,    0,    0,    0,    0,    0,    0,    0,    0,    0,    0,    0,    0,    0,    0,    0,    0,    0,    0,    0,    0,    0,    0,    0,    0,    0,    0,    0,    0,    0,    0,    0,    0,    0,    0,    0,    0,    0,    0,    0,    0,    0,    0,    0,    0,    0,    0,    0,    0,    0,    0,    0,    0,    0,    0,    0,    0,    0,    0,    0,    0,  -21,    0,    0,    0,  -15,    0,    0,    0,    0,    0,    0,    0,    0,    0,    0,    0,    0,    0,
       0,  -26,    0,    1,  -21,    0,    2,    0,  -58,    0,  -58,    0,   -7,    0,    0,   -8,  -27,   -5,    9,   -7,   -5,  -16,  -42,    0,    0,    0,  -50,    0,    0,  -45,    0,    0,    0,    0,    0,    0,    0,    2,  -74,  -21,  -24,    0,    0,    0,  -24,  -21,    0,    0,    0,    0,    0,    0,    0,    0,    0,  -29,    0,    0,    2,    0,    0,    0,    0,    0,    0,    0,    0,    0,    0,  -21,  -21,  -24,    0,    0,    0,   42,  -24,    0,    0,  -21,    0,    0,   42,   42,    0,  -24,    0,    0,    0,    0,    0,    0,    0,   42,  -48,  -48,    0,   -8,    0,    0,    0,    0,    0,    0,    0,    0,  -21,    0,    0,    0,    0,  -66,    0,    0,    0,  -58,    0,    0,    0,    0,    0,    0,    0,    0,  -42,    0,    0,    0,    0,
       0,    0,    0,    0,    0,    0,    0,    0,    0,    0,    0,    0,    0,    0,    0,    0,    0,    0,    0,    0,    0,    0,    0,    0,    0,    0,    0,    0,    0,    0,  -16,    0,  -29,    0,    0,    0,    0,    0,    0,    0,    0,    0,    0,    0,    0,    0,    0,    0,    0,    0,    0,    0,    0,    0,    0,    0,    0,    0,    0,    0,    0,    0,    0,    0,    0,    0,    0,    0,    0,    0,    0,    0,    0,    0,    0,    0,    0,    0,    0,    0,    0,    0,    0,    0,    0,    0,  -16,  -16,  -16,    0,    0,    0,    0,    0,    0,    0,    0,    0,    0,    0,  -39,    0,    0,    0,    0,    0,    0,    0,    0,  -21,    0,    0,    0,    0,    0,    0,    0,    0,    0,    0,    0,    0,    0,    0,    0,    0,    0,    0,    0,
       0,    0,    0,    0,    0,    0,    0,    0,    0,    0,    0,    0,    0,    0,    0,    0,    0,    0,    0,    0,    0,    0,    0,    0,    0,    0,  -24,    0,    0,    0,  -21,    0,  -32,  -29,  -24,  -45,    0,    0,    0,    0,    0,    0,    0,    0,    0,    0,    0,    0,  -18,    0,  -16,    0,    0,    0,    0,    0,    0,    0,    0,    0,    0,    0,    0,    0,    0,    0,    0,    0,    0,    0,    0,    0,    0,    0,    0,    0,    0,    0,  -18,    0,    0,    0,    0,    0,    0,    0,  -21,  -21,  -21,    0,    0,    0,    0,    0,    0,    0,  -24,    0,    0,    0,  -21,    0,    0,    0,    0,    0,    0,  -45,  -45,  -26,    0,    0,    0,    0,    0,    0,    0,    0,    0,    0,    0,    0,    0,    0,    0,    0,    0,  -18,    0,
       0,    0,    0,    0,    0,    0,    0,    0,    0,    0,    0,    0,    0,    0,    0,    0,    0,    0,  -34,    0,    0,    0,    0,    0,    0,    0,    0,    0,    0,    0,  -37,    0,  -34,  -34,  -26,  -42,  -29,    0,    0,    0,    0,    0,    0,    0,    0,    0,    0,    0,    0,    0,    0,    0,    0,    0,    0,    0,    0,    0,    0,    0,    0,    0,    0,    0,    0,    0,    0,    0,    0,    0,    0,    0,    0,    0,    0,    0,    0,    0,    0,    0,    0,    0,    0,    0,    0,    0,  -37,  -37,  -37,    0,    0,    0,    0,    0,  -16,  -16,  -24,    0,    0,    0,  -34,    0,    0,    0,    0,    0,    0,  -42,  -42,  -45,    0,    0,    0,    0,    0,    0,    0,    0,    0,    0,    0,    0,    0,    0,    0,    0,    0,  -34,    0,
       0,    0,    0,    0,    0,    0,    0,    0,    0,    0,    0,    0,    0,    0,    0,    0,    0,    0,    0,    0,    0,    0,    0,    0,    0,    0,  -29,    0,    0,    0,    0,    0,    0,    0,    0,    0,    0,    0,    0,    0,    0,    0,    0,    0,    0,    0,    0,    0,    0,    0,    0,    0,    0,    0,    0,    0,    0,    0,    0,    0,    0,    0,    0,    0,    0,    0,    0,    0,    0,    0,    0,    0,    0,    0,    0,    0,    0,    0,    0,    0,    0,    0,    0,    0,    0,    0,    0,    0,    0,    0,    0,    0,    0,    0,    0,    0,    0,    0,    0,    0,    0,    0,    0,    0,    0,    0,    0,    0,    0,    0,    0,    0,    0,    0,    0,    0,    0,    0,    0,    0,    0,    0,    0,    0,    0,    0,    0,    0,    0,
       0,    0,    0,    0,    0,    0,    0,    0,  -21,    0,  -21,  -18,    0,    0,    0,    0,    0,    0,    0,    0,    0,    0,    0,    0,    0,    0,  -15,    0,    0,    0,  -15,    0,  -16,   -2,  -18,  -18,    0,    0,  -18,    0,    0,    0,    0,    0,    0,    0,    0,    0,    0,    0,    0,    0,    0,    0,    0,    0,    0,   -3,    0,    0,    0,    0,    0,    0,    0,    0,    0,    0,    0,    0,    0,    0,    0,    0,    0,    0,    0,    0,    0,    0,    0,    0,    0,    0,    0,    0,  -15,  -15,  -15,    0,    0,    0,    0,    0,    0,    0,  -42,    0,    0,    0,  -31,    0,    0,    0,    0,    0,    0,  -18,  -18,  -16,    0,  -18,    0,    0,    0,  -21,    0,    0,    0,    0,    0,    0,    0,  -18,  -46,    0,    0,    0,    0,
     -37,    0,    0,    0,    0,    0,  -37,  -16,    0,  -16,    0,    9,   -3,  -20,    0,    0,    0,    0,    0,    0,    0,    0,    0,  -24,  -29,  -15,    6,    0,  -15,    0,  -41,  -11,  -35,  -27,    0,  -38,    0,  -37,    0,    0,   -2,    0,    2,    0,    0,    0,  -10,    0,  -32,  -32,    0,    0,  -16,    0,  -34,  -16,  -16,  -33,  -37,    0,    0,  -23,  -16,    0,  -16,    0,    0,    0,  -16,    0,    0,   -2,    2,    2,    2,    0,   -2,    0,  -32,    0,    0,    0,    0,    0,    0,   -2,  -41,  -41,  -67,    0,    0,    2,    0,    0,    0,    0,    0,    0,  -15,    0,  -41,    0,    0,  -10,  -33,  -10,    0,  -38,  -38,  -61,  -48,    0,    0,    0,  -16,    0,  -48,   -3,    0,    0,    0,    0,    0,    0,    0,    0,    0,  -24,    0,
       0,    0,    0,    0,    0,    0,    0,    0,    0,    0,    0,    0,    0,    0,    0,    0,    0,    0,    0,    0,    0,    0,    0,    0,    0,    0,    0,    0,    0,    0,  -25,    0,    0,    0,    0,    0,    0,    0,    0,    0,    0,    0,    0,    0,    0,    0,    0,    0,    0,    0,    0,    0,    0,    0,    0,    0,    0,    0,    0,    0,    0,    0,    0,    0,    0,    0,    0,    0,    0,    0,    0,    0,    0,    0,    0,   16,    0,    0,    0,    0,    0,    0,   16,   16,    0,    0,  -25,  -25,  -25,    0,    0,    0,    0,   16,    0,    0,    0,    0,    0,    0,  -25,    0,    0,    0,    0,    0,    0,    0,    0,  -23,    0,    0,    0,    0,    0,    0,    0,    0,    0,    0,    0,    0,    0,    0,    0,    0,    0,    0,    0,
       0,    0,    0,    0,    0,    0,    0,    0,    0,    0,    0,    0,    0,    0,    0,    0,    0,    0,    0,    0,    0,    0,    0,    0,    0,    0,   -9,    0,    0,    0,    0,    0,    0,    0,   -3,    0,    0,    0,  -18,    0,    0,    0,    0,    0,    0,    0,    0,    0,    0,    0,    0,    0,    0,    0,    0,    0,    0,    0,    0,    0,    0,    0,    0,    0,    0,    0,    0,    0,    0,    0,    0,    0,    0,    0,    0,   16,    0,    0,    0,    0,    0,    0,   16,   16,    0,    0,    0,    0,    0,    0,    0,    0,    0,   16,    0,    0,   -3,    0,    0,    0,    0,    0,    0,    0,    0,    0,    0,    0,    0,    0,    0,    0,    0,    0,    0,    0,    0,    0,    0,    0,    0,    0,    0,    0,    0,    0,    0,    0,    0,
       0,    0,    0,    0,    0,    0,    0,    0,    0,    0,    0,    0,    0,    0,    0,    0,    0,    0,    0,    0,    0,    0,    0,    0,    0,    0,    0,    0,    0,    0,    0,    0,    0,    0,    0,    0,    0,    0,    0,    0,    0,    0,    0,    0,    0,    0,    0,    0,    0,    0,    0,    0,    0,    0,    0,    0,    0,    0,    0,    0,    0,    0,    0,    0,    0,    0,    0,    0,    0,    0,    0,    0,    0,    0,    0,   34,    0,    0,    0,    0,    0,    0,   34,   34,    0,    0,    0,    0,    0,    0,    0,    0,   26,   34,    0,    0,    0,    0,    0,    0,    0,    0,    0,    0,    0,    0,    0,    0,    0,    0,    0,    0,    0,    0,    0,    0,    0,    0,    0,    0,    0,    0,    0,    0,    0,    0,    0,    0,    0,
       0,    0,    0,    0,    0,    0,    0,    0,  -18,    0,  -34,   -1,    0,    0,    0,    0,    0,    0,    0,    0,    0,    0,    0,    0,    0,   -1,  -42,    0,   -1,  -32,    0,    0,    0,    0,    0,    0,    0,    0,  -16,  -10,  -15,    0,    0,    0,  -12,    0,    0,  -16,  -16,    0,    0,  -16,    0,    0,    0,    0,    0,    0,    0,    0,  -16,    0,    0,    0,    0,    0,    0,    0,    0,  -10,  -10,  -15,    0,    0,    0,    0,  -15,  -16,  -16,  -10,    0,    0,    0,    0,    0,  -15,    0,    0,    0,  -16,    0,    0,   54,    0,    0,    0,    0,    0,   -1,    0,    0,    0,    0,    0,    0,    0,    0,    0,    0,    0,    0,  -56,    0,    0,    0,  -58,    0,    0,    0,    0,    0,    0,    0,    0,  -26,    0,    0,    0,    0,
       0,    0,    0,    0,    0,    0,    0,    0,    0,    0,    0,    0,    0,    0,    0,    0,    0,    0,    0,    0,    0,    0,    0,    0,    0,    0,  -10,    0,    0,    0,  -14,    0,  -10,    0,   -3,  -10,    0,    0,    0,    0,    0,    0,    0,    0,    0,    0,    0,    0,    0,    0,    0,    0,    0,    0,    0,    0,    0,    0,    0,    0,    0,    0,    0,    0,    0,    0,    0,    0,    0,    0,    0,    0,    0,    0,    0,   16,    0,    0,    0,    0,    0,    0,   16,   16,    0,    0,  -14,  -14,  -14,    0,    0,    0,   10,   16,    0,    0,   -3,    0,    0,    0,  -14,    0,    0,    0,    0,    0,    0,  -10,  -10,    0,    0,    0,    0,    0,    0,    0,    0,    0,    0,    0,    0,    0,    0,    0,    0,    0,    0,    0,    0,
       0,    0,    0,    0,    0,    0,    0,    0,  -16,    0,  -16,  -26,    0,    0,    0,    0,    0,    0,    0,    0,    0,    0,    0,    0,    0,    0,  -11,    0,    0,    0,    0,    0,    0,    0,    0,    0,    0,    0,  -24,    0,    0,    0,    0,    0,    0,    0,    0,    0,    0,    0,    0,    0,    0,    0,    0,    0,    0,    0,    0,    0,    0,    0,    0,    0,    0,    0,    0,    0,    0,    0,    0,    0,    0,    0,    0,    0,    0,    0,    0,    0,    0,    0,    0,    0,    0,    0,    0,    0,    0,    0,    0,    0,   22,    0,    0,    0,    0,    0,    0,    0,    0,    0,    0,    0,    0,    0,    0,    0,    0,    0,    0,  -37,    0,    0,    0,  -16,    0,    0,    0,    0,    0,    0,    0,    0,    0,    0,    0,    0,    0,
       0,    0,   -5,    0,    0,    0,    0,  -50,    0,  -50,    0,    0,    0,    0,    0,    0,    0,    0,    0,    0,    0,    0,  -32,  -16,    0,  -16,    0,    0,  -16,    0,    0,    0,    0,    0,    0,    0,    0,    0,    0,    0,  -18,    0,    6,    0,    0,    0,    0,  -16,  -18,  -29,    0,    0,  -50,    0,    0,  -24,  -74,   -7,    0,    0,  -16,    0,  -72,    0,    0,    0,    0,    0,  -16,    0,    0,  -18,    6,    6,    6,   40,  -18,  -16,  -18,    0,    0,    0,   40,   40,    0,  -18,    0,    0,    0,  -16,    0,    6,   40,   40,    0,    0,    0,    0,  -16,    0,    0,    0,    0,    0,  -48,    0,    0,    0,    0,    0,    0,    0,    0,    0,  -16,    0,    0,    0,    0,    0,    0,    0,    0,    0,    0,    0,    0,    0,  -16,
     -42,    0,    0,    0,    0,    0,  -79,  -40,    0,  -63,    0,    0,    0,  -21,    0,    0,    0,    0,    0,    0,    0,    0,    0,    0,   -8,  -13,    0,    0,  -13,    0,  -45,    0,  -32,    0,    0,  -26,    0,  -61,    0,    0,    0,    0,    0,    0,    0,    0,  -10,    0,  -32,    0,    0,    0,  -58,    0,  -45,  -29, -100,  -38,  -82,    0,    0,  -41,  -69,    0,    0,    0,    0,    0,  -16,    0,    0,    0,    0,    0,    0,    0,    0,    0,  -32,    0,    0,    0,    0,    0,    0,    0,  -45,  -45,  -45,    0,    0,    0,    0,    0,    0,    0,    0,    0,  -13,    0,  -45,    0,    0,  -10,  -70,  -10,    0,  -26,  -53,  -40,  -18,    0,  -21,  -21,  -16,    0,  -50,    0,    0,    0,    0,    0,    0,    0,    0,    0,    0,    0,    0,
       0,    0,    0,    0,  -16,    0,    0,  -21,  -18,  -21,  -34,    0,    0,    0,    0,    0,    0,    0,    0,    0,    0,    0,    0,    0,    0,    0,  -34,    0,    0,  -45,   -1,    0,    0,    0,    0,    0,    0,    0,    0,   -3,   -5,    0,    0,    0,   -1,    0,    0,    0,    0,    0,    0,    0,  -21,    0,    0,    0,  -21,    0,    0,    0,    0,    0,  -21,    0,    0,    0,    0,    0,    0,   -3,   -3,   -5,    0,    0,    0,    0,   -5,    0,    0,   -3,    0,    0,    0,    0,    0,   -5,   -1,   -1,   -1,    0,    0,    0,    0,    0,    0,    0,    0,    0,    0,    0,   -1,    0,    0,    0,    0,    0,    0,    0,    0,    0,    0,  -66,    0,    0,    0,  -63,    0,    0,    0,    0,    0,    0,    0,    0,  -37,    0,    0,    0,    0,
       0,    0,    0,    0,    0,    0,    0,    0,    0,    0,    0,    0,    0,    0,    0,    0,    0,    0,    0,    0,    0,    0,    0,    0,    0,    0,    0,    0,    0,    0,   -2,    0,   -8,    0,    0,  -11,    0,    0,    0,   -3,   -7,    0,    0,    0,    0,    0,    0,    0,    0,    0,    0,    0,    0,    0,    0,    0,    0,    0,    0,    0,    0,    0,    0,    0,    0,    0,    0,    0,    0,   -3,   -3,   -7,    0,    0,    0,   21,   -7,    0,    0,   -3,    0,    0,   21,   21,    0,   -7,   -2,   -2,   -2,    0,    0,    0,    0,   21,    0,    0,    0,    0,    0,    0,   -2,    0,    0,    0,    0,    0,    0,  -11,  -11,    0,    0,    0,    0,    0,    0,    0,    0,    0,    0,    0,    0,    0,    0,    0,    0,    0,    0,    0,    0,
       0,    0,    0,    0,  -16,    0,    0,  -34,  -16,  -34,  -16,  -61,  -16,    0,    0,    0,  -32,    0,  -37,    0,    0,  -16,  -37,  -16,    0,  -15,  -41,    0,  -15,  -42,    0,    0,    0,    0,    0,    7,    0,    0,  -26,  -38,  -41,   -2,    0,    0,  -30,  -39,  -38,  -36,  -34,  -34,  -33,  -27,  -34,    0,    0,  -61,  -34,    0,    0,    0,  -84,    0,  -71,    0,  -24,    0,    0,    0,  -16,  -57,  -57,  -64,    0,    0,    0,   42,  -64,  -64,  -50,  -38,    0,    0,   42,   42,    0,  -41,    0,    0,    0,  -55,    0,    0,   59,   42,  -62,  -62,    0,    0,  -15,    0,    0,    0,    0,  -38,  -29,  -38,  -39,    7,    7,    0,    0,  -56,    0,    0,  -16,  -55,    0,    0,    0,    0,    0,    0,    0,    0,  -58,    0,    0,    0,    0,
       0,    0,    0,    0,  -24,    0,    0,  -24,  -45,  -24,  -45,  -22,   -6,    0,    0,    0,  -16,    0,    0,    0,    0,  -29,  -34,  -29,    0,  -31,  -35,    0,  -16,  -45,    0,    0,    8,    0,    0,    0,    0,    0,  -37,  -25,  -26,    0,    0,    0,   -4,  -21,    0,    0,    0,    0,    0,    0,  -24,    0,    0,  -26,  -53,    0,    0,    0,    0,    0,  -42,    0,    0,    0,    0,    0,  -18,  -25,  -44,  -26,    0,    0,    0,   40,  -47,    0,    0,  -25,    0,    0,   40,   40,    0,  -26,    0,    0,    0,    0,    0,    0,   18,   40,  -57,  -57,    0,    0,  -16,    0,    0,    0,    0,    0,   -8,    0,  -21,    0,    0,    0,    0,  -53,    0,    0,  -18,  -45,    0,    0,    0,    0,    0,    0,    0,  -62,  -72,    0,    0,    0,    0,
       0,    0,    0,    0,  -24,    0,    0,  -24,  -45,  -24,  -45,    0,    0,    0,    0,    0,  -16,    0,    0,    0,    0,  -24,  -34,  -29,    0,   -2,  -27,    0,   -2,  -29,    0,    0,    0,   10,    0,    0,    0,    0,    0,  -24,  -24,    0,    0,    0,  -14,  -16,    0,    0,    0,    0,    0,    0,  -24,    0,    0,  -26,  -24,    0,    0,    0,    0,    0,  -39,    0,    0,    0,    0,    0,    0,  -24,  -24,  -24,    0,    0,    0,    0,  -24,    0,    0,  -24,    0,    0,    0,    0,    0,  -24,    0,    0,    0,    0,    0,    0,   40,    0,    0,    0,    0,    0,   -2,    0,    0,    0,    0,    0,  -14,    0,  -16,    0,    0,    0,    0,  -50,    0,    0,    0,  -45,    0,    0,    0,    0,    0,    0,    0,  -41,  -50,    0,    0,    0,    0,
       0,    0,   -5,    0,    0,    0,    0,  -18,    0,  -18,    0,    0,  -16,    0,    0,   -9,  -18,    0,    0,   -9,    0,    0,  -26,  -24,    0,  -18,    0,    0,  -18,    0,  -14,    0,    0,    0,    0,    0,    0,    0,    0,  -26,  -13,    0,    0,    0,    0,    0,    0,    0,    0,    0,    0,    0,  -33,    0,    0,  -18,  -41,   -3,    0,    0,    0,    0,  -39,    0,    0,    0,    0,    0,  -21,  -26,  -26,  -13,    0,    0,    0,    0,  -13,    0,    0,  -26,    0,    0,    0,    0,    0,  -13,  -14,  -14,  -14,    0,    0,    0,   40,    0,    0,    0,    0,   -9,  -42,  -16,  -14,    0,    0,  -29,  -37,    0,    0,    0,    0,    0,    0,    0,    0,    0,  -21,    0,    0,    0,    0,    0,    0,    0,    0,    0,    0,    0,  -16,    0,    0,
       0,    0,    0,    0,  -29,    0,    0,  -37,  -16,  -37,  -16,    0,    0,    0,    0,    0,  -32,    0,    0,    0,    0,  -29,  -48,  -45,    0,  -18,  -38,    0,  -18,  -16,    7,    0,    0,    0,    0,    0,    0,    0,    0,  -36,  -38,    0,  -13,    0,  -21,  -32,    0,  -18,    0,    0,    0,    0,  -37,    0,    0,  -42,  -61,   -4,    0,    0,  -18,    0,  -61,    0,  -29,    0,    0,    0,  -40,  -68,  -58,  -38,  -13,  -26,  -13,    0,  -38,  -18,    0,  -59,    0,    0,    0,    0,    0,  -64,    7,    7,    7,  -18,    0,  -13,   40,    0,    0,    0,    0,    0,  -18,    0,    7,    0,    0,    0,  -26,    0,  -32,    0,    0,    0,    0,  -50,    0,    0,  -18,  -61,    0,    0,    0,    0,    0,    0,    0,  -70,  -82,    0,    0,    0,  -16,
       0,    0,    0,    0,    0,    0,    0,  -18,    0,  -18,    0,    0,    0,    0,    0,    0,    0,    0,    0,    0,    0,    0,  -29,    0,    0,  -16,    0,    0,  -16,    0,    0,    0,    0,    0,    0,    0,    0,    0,    0,    0,    0,    0,    0,    0,    0,    0,    0,    0,    0,    0,    0,    0,  -18,    0,    0,  -16,  -18,    0,    0,    0,    0,    0,  -34,    0,    0,    0,    0,    0,    0,    0,    0,    0,    0,    0,    0,   40,    0,    0,    0,    0,    0,    0,   40,   40,    0,    0,    0,    0,    0,    0,    0,    0,   16,   40,    0,    0,    0,    0,  -16,    0,    0,    0,    0,    0,  -14,    0,    0,    0,    0,    0,    0,    0,    0,    0,    0,    0,    0,    0,    0,    0,    0,    0,    0,    0,    0,    0,    0,    0,    0,
       0,    0,    0,    0,    0,    0,    0,    0,    0,    0,    0,    0,    0,    0,    0,    0,    0,    0,    0,    0,    0,    0,    0,    0,    0,    0,    0,    0,    0,    0,    0,    0,    0,    0,    0,    0,    0,    0,    0,    0,   -5,    0,    0,   13,    0,    0,    0,    0,    0,    0,    0,    0,    0,    0,    0,    0,    0,    0,    0,    0,    0,    0,    0,    0,    0,    0,    0,    0,    0,    0,    0,   -5,    0,    0,    0,    0,   -5,    0,    0,    0,    0,    0,    0,    0,   13,   -5,    0,    0,    0,    0,    0,    0,   40,    0,    0,    0,    0,    0,    0,    0,    0,    0,    0,    0,    0,    0,    0,    0,    0,    0,    0,    0,    0,    0,    0,    0,    0,    0,    0,    0,    0,    0,    0,    0,    0,    0,    0,    0,    0,
     -37,    0,    0,    0,    0,    0,  -37,  -16,    0,  -16,    0,    9,   -3,  -20,    0,    0,    0,    0,    0,    0,    0,    0,    0,  -24,  -29,  -15,    6,    0,  -15,    0,  -59,  -11,  -57,  -53,    0,  -38,    0,  -37,    0,    0,   -2,    0,    2,    0,    0,    0,  -10,    0,  -55,  -32,    0,    0,  -16,    0,  -34,  -16,  -16,  -33,  -37,    0,    0,  -23,  -16,    0,  -16,    0,    0,    0,  -16,    0,    0,   -2,    2,    2,    2,    0,   -2,    0,  -55,    0,    0,    0,    0,    0,    0,   -2,  -59,  -59,  -59,    0,    0,    2,    0,    0,    0,    0,    0,    0,  -15,    0,  -59,    0,    0,  -10,  -33,  -10,    0,  -38,  -38,  -81,  -74,    0,    0,    0,  -16,    0,  -74,   -3,    0,    0,    0,    0,    0,    0,    0,    0,    0,  -24,    0,
       0,    0,    0,    0,    0,    0,  -32,    0,    0,    0,    0,    0,  -21,  -50,    0,  -21,  -26,  -21,    0,  -21,  -21,    0,    0,    0,    0,  -18,    0,   12,  -18,    0,  -26,  -18,  -37,    0,    0,    0,    0,  -32,    0,    0,    0,    0,   12,   45,   12,    0,    0,    0,  -37,    0,    0,    0,    0,    0,    0,    0,    0,    0,  -32,    0,    0,  -21,    0,    0,    0,    0,    0,    0,    0,    0,    0,    0,   12,   12,   12,    0,    0,    0,  -37,    0,    0,   12,    0,    0,   45,    0,  -26,  -26,  -26,    0,   12,   12,    0,    0,   26,   26,    0,  -21,  -18,  -50,  -24,   21,   21,    0,   -5,    0,    0,    0,    0,  -18,    0,    0,    0,    0,    0,    0,    0,    0,    0,    0,    0,    0,    0,    0,    0,    0,    0,  -24,    0,
      -5,    0,    0,    0,    0,    0,    0,    0,    0,    0,    0,    0,    0,  -18,    0,    0,    0,    0,    0,    0,    0,    0,    0,    0,    0,    0,    0,    0,    0,    0,  -35,    0,  -24,  -24,    0,  -34,    0,    0,    0,    0,    0,    0,    0,    0,    0,    0,    0,    0,   -8,    0,    0,    0,    0,    0,    0,    0,    0,   -4,    0,    0,    0,    0,    0,    0,    0,    0,    0,    0,    0,    0,    0,    0,    0,    0,    0,    0,    0,    0,   -8,    0,    0,    0,    0,    0,    0,    0,  -35,  -35,  -35,    0,    0,    0,    0,    0,    0,    0,    0,    0,    0,    0,  -35,    0,    0,    0,    0,    0,    0,  -34,  -34,  -21,  -11,    0,    0,    0,    0,    0,  -11,    0,    0,    0,    0,    0,    0,    0,    0,    0,    0,    0,    0,
     -10,    0,    0,    0,    0,   -5,    0,    0,    0,    0,    0,    0,    0,  -16,    0,    0,    0,    0,    0,    0,    0,    0,    0,    0,    0,    0,  -14,    0,    0,    0,  -41,    0,  -26,  -24,  -13,  -41,    0,    0,    0,    4,    0,    0,    0,    0,    0,    0,    0,    0,   -9,   -8,  -11,   -7,    0,    0,  -16,    0,    0,   -4,    0,    0,    0,    0,    0,    0,    0,    0,    0,    0,    0,    4,    4,    0,    0,    0,    0,    0,    0,    0,   -9,    4,    0,    0,    0,    0,    0,    0,  -41,  -41,  -41,    0,    0,    0,   16,    0,    0,    0,  -13,    0,    0,    0,  -41,    0,    0,    0,   -5,    0,    0,  -81,  -41,  -29,  -11,    0,    0,    0,    0,    0,  -11,    0,    0,    0,    0,    0,    0,    0,    0,    0,    0,    0,    0,
       0,    0,    0,    0,    0,    0,    0,  -13,  -26,  -13,  -26,  -13,    0,    0,    0,    0,  -29,    0,    0,    0,    0,    0,    0,    0,    0,    0,  -16,    0,    0,  -29,    0,    0,    0,    0,    0,    5,    0,    0,   -7,   -7,  -12,  -17,    0,    0,    0,  -10,  -16,    0,    0,    8,    0,    0,  -13,    0,    0,  -18,  -13,    0,    0,    0,    0,    0,  -13,    0,    0,    0,    0,    0,  -10,   -7,   -7,  -12,    0,    0,    0,   47,  -12,    0,    0,   -7,    0,    0,   47,   66,    0,  -12,    0,    0,    0,    0,    0,    0,   21,   63,  -32,  -32,    0,    0,    0,    0,    0,    0,    0,  -16,    0,  -16,  -10,    5,    5,    0,    0,  -42,    0,    0,  -10,  -26,    0,    0,    0,    0,    0,    0,    0,    0,  -18,    0,    0,    0,    0,
       0,    0,    0,    0,    0,    0,    0,    0,    0,    0,    0,    0,    0,    0,    0,    0,    0,    0,    0,    0,    0,    0,    0,    0,    0,    0,    0,    0,    0,    0,  -24,    0,    0,    0,    0,    0,    0,    0,    0,    0,    0,    0,    0,    0,    0,    0,    0,    0,    0,    0,    0,    0,    0,    0,    0,    0,    0,    0,    0,    0,    0,    0,    0,    0,    0,    0,    0,    0,    0,    0,    0,    0,    0,    0,    0,    0,    0,    0,    0,    0,    0,    0,    0,    0,    0,    0,  -24,  -24,  -24,    0,    0,    0,    0,    0,    0,    0,    0,    0,    0,    0,  -24,    0,    0,    0,    0,    0,    0,    0,    0,    0,    0,    0,    0,    0,    0,    0,    0,    0,    0,    0,    0,    0,    0,    0,    0,    0,    0,    0,    0,
       0,    0,    0,    0,    0,    3,    0,    0,    0,    0,    0,    0,    0,    0,    0,    0,    0,    0,    0,    0,    0,    0,    0,    0,    0,    0,    0,    0,    0,    0,    0,    0,    0,    0,    0,    0,    0,    0,    0,    0,    0,    0,    0,    0,    0,    0,    1,    0,    0,    0,    0,    0,    0,    3,    0,    0,    0,    0,    0,    0,    0,    0,    0,    0,    0,    0,    0,    0,    0,    0,    0,    0,    0,    0,    0,   33,    0,    0,    0,    0,    0,    0,   48,   33,    0,    0,    0,    0,    0,    0,    0,    0,   39,   48,    0,    0,    0,    0,    0,    0,    0,    0,    0,    1,    0,    1,    0,    0,    0,    0,    0,    0,    0,    0,    0,    0,    0,    0,    0,    0,    0,    0,    0,    0,    0,    0,    0,    0,    0,
       0,    0,    0,    0,    0,    0,    0,  -21,    0,  -21,    0,    0,    0,    0,    0,    0,  -21,    0,    0,    0,    0,    0,  -40,    0,    0,    0,    0,    0,    0,    0,  -26,    0,    0,    0,    0,    0,    0,    0,    0,    0,  -10,    0,    0,    0,    0,    0,    0,    0,    0,    0,    0,    0,  -21,    0,    0,  -24,  -53,    0,    0,    0,    0,    0,  -21,    0,    0,    0,    0,    0,    0,    0,    0,  -10,    0,    0,    0,    0,  -10,    0,    0,    0,    0,    0,    0,    0,    0,  -10,  -26,  -26,  -26,    0,    0,    0,    0,    0,    0,    0,    0,    0,    0,    0,  -26,    0,    0,    0,    0,    0,    0,    0,    0,    0,    0,    0,    0,    0,    0,    0,    0,    0,    0,    0,    0,    0,    0,    0,    0,    0,    0,    0,    0,
       0,    0,    0,    0,    0,    0,    0,  -18,  -29,  -18,  -29,  -16,    0,    0,    0,    0,    0,    0,    0,    0,    0,    0,  -18,    0,    0,    0,  -18,    5,    0,  -26,  -26,    0,    0,    0,    0,    0,  -16,    0,    0,   -2,   -7,    7,    4,    6,    6,    0,    7,    0,    7,    4,    6,    0,  -18,    0,    0,    0,  -34,    0,    0,    0,    0,    0,  -18,    0,    0,    0,    0,    0,    0,   -2,   -2,   -7,    4,    4,    4,   12,   -7,    0,    7,   -2,    0,    5,   12,   12,    6,   -7,  -26,  -26,  -26,    0,    5,    4,    0,   12,    0,    0,    0,    0,    0,    0,  -26,  -11,  -11,    7,    0,    7,    0,    0,    0,  -18,    7,  -37,    0,    0,    0,  -29,    7,    0,    0,    0,    0,    0,    0,    0,  -24,    0,    0,    0,    0,
      -3,    0,    0,    0,    0,    0,    0,    0,    0,    0,    0,    0,    0,    0,    0,    0,    0,    0,    0,    0,    0,    0,    0,    0,    0,    0,    0,    0,    0,    0,  -34,    0,  -21,  -16,    0,  -34,    0,    0,    0,    0,    0,    0,    0,    0,    0,    0,    1,    0,   -2,    0,    0,    0,    0,    0,    0,    0,    0,   -4,    0,    0,    0,    0,    0,    0,    0,    0,    0,    0,    0,    0,    0,    0,    0,    0,    0,    0,    0,    0,   -2,    0,    0,    0,    0,    0,    0,    0,  -34,  -34,  -34,    0,    0,    0,    0,    0,    0,    0,    0,    0,    0,    0,  -34,    0,    0,    1,   -1,    1,    0,  -34,  -34,  -24,    0,   -5,    0,    0,    0,    0,    0,    0,    0,    0,    0,    0,    0,    0,    0,    0,    0,    0,    0,
       0,    0,    0,    0,    0,    0,    0,   -9,    0,   -9,    0,    0,    0,    0,    0,    0,   -7,    0,    0,    0,    0,    0,  -13,    0,    0,    0,    0,    0,    0,    0,  -16,    0,   -5,   -5,    0,   -7,    0,    0,    0,    3,   -5,  -10,    0,    5,    0,   -5,   -4,    0,   10,    8,    0,    0,   -9,    0,    0,    0,   -9,    0,    0,    0,    0,    0,   -9,    0,    0,    0,    0,    0,   -5,    3,    3,   -5,    0,    0,    0,    0,   -5,    0,   10,    3,    0,    0,    0,    0,    5,   -5,  -16,  -16,  -16,    0,    0,    0,   21,    0,    0,    0,    0,    0,    0,    0,  -16,    0,    0,   -4,    0,   -4,   -5,   -7,   -7,  -18,    3,    0,    0,    0,   -5,    0,    3,    0,    0,    0,    0,    0,    0,    0,   16,    0,    0,    0,    0,
       0,    0,    0,    0,    0,    0,    0,  -18,    0,  -18,    0,  -16,    0,    0,    0,    0,    0,    0,    0,    0,    0,    0,  -18,    0,    0,    0,    0,    0,    0,    0,  -24,    0,    0,    0,    0,  -26,    0,    0,  -16,    0,    0,    0,    0,    0,    0,    0,    0,    0,    0,    0,    0,    0,  -18,    0,    0,    0,  -34,    0,    0,    0,    0,    0,  -18,    0,    0,    0,    0,    0,    0,    0,    0,    0,    0,    0,    0,    0,    0,    0,    0,    0,    3,    0,    0,    0,    0,    0,  -24,  -58,  -24,    0,    0,    0,    0,    0,    0,    0,    0,    0,    0,    0,  -24,    0,    0,    0,    0,    0,    0,  -26,  -26,  -18,    7,    0,    0,    0,    0,    0,    7,    0,    0,    0,    0,    0,    0,    0,  -29,    0,    0,    0,    0,
       0,    0,    0,    0,    0,    0,    0,  -15,  -23,  -15,  -23,  -26,    0,    0,    0,    0,    0,    0,    0,    0,    0,    0,  -16,  -18,    0,    0,  -32,    2,    0,  -29,  -16,    0,    0,    0,    0,  -16,    0,    0,  -37,   -3,   -9,    7,    0,    0,    0,   -1,    7,    0,    0,    0,    0,    0,  -15,    0,    0,  -18,  -15,    0,    0,    0,    0,    0,  -15,    0,    0,    0,    0,    0,    0,   -3,   -3,   -9,    0,    0,    0,    0,   -9,    0,    0,   -3,    0,    2,    0,    0,    0,   -9,  -16,  -45,  -16,    0,    2,    0,    3,    0,    0,    0,    0,    0,    0,    0,  -16,  -21,  -21,    7,    0,    7,   -1,  -16,  -16,    0,    4,  -37,    0,    0,    0,  -57,    4,    0,    0,    0,    0,    0,    0,    0,  -24,    0,    0,    0,    0,
       0,    0,    0,    0,  -16,    0,    0,    0,  -34,    0,  -34,    0,    0,    0,    0,    0,    0,    0,    0,    0,    0,    0,    0,    0,    0,    0,  -32,    0,    0,  -26,  -24,    0,    0,    0,    0,    0,  -16,    0,    0,    0,   -8,    0,    0,    0,    0,    0,    0,    0,    0,    0,    0,    0,    0,    0,    0,  -16,    0,    0,    0,    0,    0,    0,    0,    0,    0,    0,    0,    0,    0,    0,    0,   -8,    0,    0,    0,    0,   -8,    0,    0,    0,    0,    0,    0,    0,    0,   -8,  -24,  -24,  -24,    0,    0,    0,    0,    0,    0,    0,    0,    0,    0,    0,  -24,    0,    0,    0,    0,    0,    0,    0,    0,    0,    4,  -37,    0,    0,    0,  -34,    4,    0,    0,    0,    0,    0,    0,    0,    0,    0,    0,    0,    0,
       0,    0,    0,    0,    0,    0,    0,  -10,    0,  -10,    0,    0,    0,    0,    0,    0,    0,    0,    0,    0,    0,    0,    0,  -16,    0,    0,    0,    0,    0,    0,  -29,    0,    0,    0,    0,    0,    0,    0,    0,   -1,  -11,    9,    0,    0,    0,    0,    9,    0,    0,    0,    0,    0,  -10,    0,    0,  -16,  -10,    0,    0,    0,    0,    0,  -10,    0,    0,    0,    0,    0,    0,   -1,   -1,  -11,    0,    0,    0,    0,  -11,    0,    0,   -1,    0,    0,    0,    0,    0,  -11,  -29,  -29,  -29,    0,    0,    0,    0,    0,    0,    0,    0,    0,    0,    0,  -29,    0,    0,    9,    0,    9,    0,    0,    0,    0,    0,    0,    0,    0,    0,    0,    0,    0,    0,    0,    0,    0,    0,    0,    0,    0,    0,    0,    0,
       0,    0,    0,    0,    0,    0,    0,    0,    0,    0,    0,    0,    0,    0,    0,    0,    0,    0,    0,    0,    0,    0,    0,    0,    0,    0,    0,    0,    0,    0,  -16,    0,    0,    0,    0,    0,    0,    0,    0,    0,   -7,    0,    0,    0,    0,    0,    0,    0,    0,    0,    0,    0,    0,    0,    0,    0,    0,    0,    0,    0,    0,    0,    0,    0,    0,    0,    0,    0,    0,    0,    0,   -7,    0,    0,    0,    0,   -7,    0,    0,    0,    0,    0,    0,    0,    0,   -7,  -16,  -16,  -16,    0,    0,    0,    0,    0,    0,    0,    0,    0,    0,    0,  -16,    0,    0,    0,    0,    0,    0,    0,    0,    0,    0,    0,    0,    0,    0,    0,    0,    0,    0,    0,    0,    0,    0,    0,    0,    0,    0,    0,    0,
       0,    0,    0,    0,    0,    0,    0,    0,    0,    0,    0,    0,    0,    0,  -16,   -5,    0,    0,  -10,    0,    0,    0,    0,    0,    0,    0,  -16,    0,    0,  -21,  -34,    0,  -24,  -24,  -33,  -37,    0,    0,    0,    0,    0,    0,    0,    0,    0,    0,    0,    0,   -1,    0,  -10,    0,    0,    0,    0,    0,    0,    0,    0,    0,    0,   -8,    0,    0,    0,    0,    0,    0,    0,    0,    0,    0,    0,    0,    0,    0,    0,    0,   -1,    0,    0,    0,    0,    0,    0,    0,  -50,  -50,  -34,    0,    0,    0,    0,    0,    0,    0,  -33,  -29,    0,    0,  -66,    0,    0,    0,    0,    0,    0,  -37,  -37,  -29,    0,    0,    0,    0,    0,    0,    0,    0,    0,    0,    0,    0,    0,    0,    0,    0,    0,    0,    0,
       0,    0,    0,    0,    0,    0,    0,    0,    0,    0,    0,    0,    0,    0,    0,    0,    0,    0,    0,    0,    0,    0,    0,    0,    0,    0,    0,    0,    0,    0,  -32,    0,  -16,    0,    0,  -32,    0,    0,    0,    0,    0,    0,    0,    0,    0,    0,    0,    0,    0,    0,    0,    0,    0,    0,    0,    0,    0,    0,    0,    0,    0,    0,    0,    0,    0,    0,    0,    0,    0,    0,    0,    0,    0,    0,    0,    0,    0,    0,    0,    0,    0,    0,    0,    0,    0,    0,  -32,  -32,  -32,    0,    0,    0,    0,    0,    0,    0,    0,    0,    0,    0,  -32,    0,    0,    0,    0,    0,    0,  -32,  -32,  -16,    0,    0,    0,    0,    0,    0,    0,    0,    0,    0,    0,    0,    0,    0,    0,    0,    0,    0,    0,
       0,    0,    0,    0,    0,    0,    0,    0,    0,    0,    0,    0,    0,    0,    0,    0,    0,    0,    0,    0,    0,    0,    0,    0,    0,    0,    0,    0,    0,    0,    0,    0,    0,    0,    0,    0,    0,    0,    0,    0,    0,    0,   16,    0,    0,    0,    0,    0,    0,    0,    0,    0,    0,    0,    0,    0,    0,    0,    0,    0,    0,    0,    0,    0,    0,    0,    0,    0,    0,    0,    0,    0,   16,   16,   16,    0,    0,    0,    0,    0,    0,    0,    0,    0,    0,    0,    0,    0,    0,    0,    0,   16,   21,    0,    0,    0,    0,    0,    0,    0,    0,    0,    0,    0,    0,    0,    0,    0,    0,    0,    0,    0,    0,    0,    0,    0,    0,    0,    0,    0,    0,    0,    0,    0,    0,    0,    0,    0,    0,
       0,    0,    0,    0,  -18,    0,    0,    0,    0,    0,    0,    0,    0,    0,    0,    0,    0,    0,    0,    0,    0,    0,    0,    0,    0,    0,  -34,    0,    0,  -34,    0,    0,    0,    0,    0,    0,    0,    0,    0,    0,  -16,    0,    0,    0,    0,    0,    0,    0,    0,    0,    0,    0,    0,    0,    0,    0,    0,    0,    0,    0,    0,    0,    0,    0,    0,    0,    0,    0,    0,    0,    0,  -16,    0,    0,    0,    0,  -16,    0,    0,    0,    0,    0,    0,    0,    0,  -16,    0,    0,    0,    0,    0,    0,    0,    0,    0,    0,    0,    0,    0,    0,    0,    0,    0,    0,    0,    0,    0,    0,    0,    0,    0,    0,    0,    0,    0,    0,    0,    0,    0,    0,    0,    0,    0,    0,    0,    0,    0,    0,    0,
       0,    0,    0,    0,    0,    0,    0,    0,    0,    0,    0,    0,    0,    0,    0,    0,    0,    0,    0,    0,    0,    0,    0,    0,    0,    0,  -16,    0,    0,    0,  -24,    0,    0,    0,    0,  -29,    0,    0,    0,    0,    0,    0,    0,    0,    0,    0,    0,    0,    0,    0,    0,    0,    0,    0,    0,    0,    0,    0,    0,    0,    0,    0,    0,    0,    0,    0,    0,    0,    0,    0,    0,    0,    0,    0,    0,    0,    0,    0,    0,    0,    0,    0,    0,    0,    0,    0,  -24,  -24,  -24,    0,    0,    0,    0,    0,    0,    0,    0,    0,    0,    0,  -55,    0,    0,    0,    0,    0,    0,  -29,  -29,    0,    0,    0,    0,    0,    0,    0,    0,    0,    0,    0,    0,    0,    0,    0,    0,    0,    0,    0,    0,
       0,    0,    0,    0,  -16,    0,    0,    0,    0,    0,    0,    0,    0,    0,    0,    0,  -23,    0,    0,    0,    0,    0,    0,    0,    0,   -3,  -33,    0,   -3,  -33,    0,    0,    0,    0,   -3,   -4,    0,    0,    0,   -5,  -13,    0,    0,    0,    0,   -5,    0,    0,    0,    0,    0,    0,    0,    0,    0,    0,    0,    0,    0,    0,    0,    0,    0,    0,    0,    0,    0,    0,    0,   -5,   -5,  -13,    0,    0,    0,    0,  -13,    0,    0,   -5,    0,    0,    0,    0,    0,  -13,    0,    0,    0,    0,    0,    0,    0,    0,    0,    0,   -3,    0,   -3,    0,    0,    0,    0,    0,    0,    0,   -5,   -4,   -4,    0,    0,    0,    0,    0,    0,    0,    0,    0,    0,    0,    0,    0,    0,    0,    0,    0,    0,    0,    0,
       0,    0,    0,    0,    0,    0,    0,    0,    0,    0,    0,    0,    0,    0,    0,    0,    0,    0,    0,    0,    0,    0,    0,    0,    0,    0,    0,    0,    0,    0,    0,    0,    0,    0,    0,    0,    0,    0,    0,    0,    0,    0,    0,    0,    0,    0,    0,    0,    0,    0,    0,    0,    0,    0,    0,    0,    0,    0,    0,    0,    0,    0,    0,    0,    0,    0,    0,    0,    0,    0,    0,    0,    0,    0,    0,    0,    0,    0,    0,    0,    0,    0,    0,    0,    0,    0,    0,    0,    0,    0,    0,    0,    0,    0,    0,    0,    0,    0,    0,    0,    0,    0,    0,    0,    0,    0,    0,    0,    0,    0,    0,    0,    0,    0,    0,    0,    0,    0,   -5,    0,    0,    0,    0,    0,    0,    0,    0,    0,    0,
       0,    0,    0,    0,    0,    0,    0,  -18,    0,  -18,    0,  -16,    0,    0,    0,    0,    0,    0,    0,    0,    0,    0,  -18,    0,    0,    0,    0,    0,    0,    0,  -24,    0,    0,    0,    0,  -26,    0,    0,  -16,    0,    0,    0,    0,    0,    0,    0,    0,    0,    0,    0,    0,    0,  -18,    0,    0,    0,  -34,    0,    0,    0,    0,    0,  -18,    0,    0,    0,    0,    0,    0,    0,    0,    0,    0,    0,    0,    0,    0,    0,    0,    0,    3,    0,    0,    0,    0,    0,  -24,  -58,  -24,    0,    0,    0,    0,    0,    0,    0,    0,    0,    0,    0,  -24,    0,    0,    0,    0,    0,    0,  -26,  -26,  -42,    7,    0,    0,    0,    0,    0,    7,    0,    0,    0,    0,    0,    0,    0,  -29,    0,    0,    0,    0,
       0,    0,    0,    0,    0,    0,    0,    0,    0,    0,    0,    0,    0,    0,  -16,   -5,    0,    0,  -10,    0,    0,    0,    0,    0,    0,    0,  -16,    0,    0,  -21,  -71,    0,  -42,  -24,  -39,  -61,    0,    0,    0,    0,    0,    0,    0,    0,    0,    0,    0,    0,   -1,    0,  -10,    0,    0,    0,    0,    0,    0,    0,    0,    0,    0,   -8,    0,    0,    0,    0,    0,    0,    0,    0,    0,    0,    0,    0,    0,    0,    0,    0,   -1,    0,    0,    0,    0,    0,    0,    0,  -71,  -71,  -71,    0,    0,    0,    0,    0,    0,    0,  -39,  -29,    0,    0,  -71,    0,    0,    0,    0,    0,    0,  -61,  -61,  -29,    0,    0,    0,    0,    0,    0,    0,    0,    0,    0,    0,    0,    0,    0,    0,    0,    0,    0,    0,
       0,    0,    0,    0,    0,    0,    0,    0,    0,    0,    0,    0,    0,  -18,  -24,  -21,    0,    0,  -24,  -16,    0,    0,    0,    0,    0,    0,  -16,    0,    0,    0,  -61,    0,  -29,  -26,  -18,  -42,  -16,    0,    0,    0,    0,    0,    0,    0,    0,    0,    0,    0,  -16,  -16,  -16,    0,    0,    0,    0,    0,    0,    0,    0,    0,    0,    0,    0,    0,    0,    0,    0,    0,    0,    0,    0,    0,    0,    0,    0,    0,    0,    0,  -16,    0,    0,    0,    0,    0,    0,    0,  -61,  -61,  -61,    0,    0,    0,    0,    0,  -16,  -16,  -42,  -21,    0,    0,  -93,    0,    0,    0,    0,    0,    0,  -42,  -42,  -40,    0,    0,    0,    0,    0,    0,    0,    0,    0,    0,    0,    0,    0,    0,    0,    0,    0,    0,    0,
       0,    0,    0,    0,    0,    0,    0,    0,    0,    0,    0,    0,    0,    0,    0,    0,    0,    0,    0,    0,    0,    0,    0,    0,    0,    0,    0,    0,    0,    0,  -32,    0,  -39,  -34,    0,    0,    0,    0,    0,    0,    0,    0,    0,    0,    0,    0,    0,    0,    0,    0,    0,    0,    0,    0,    0,    0,    0,    0,    0,    0,    0,    0,    0,    0,    0,    0,    0,    0,    0,    0,    0,    0,    0,    0,    0,    0,    0,    0,    0,    0,    0,    0,    0,    0,    0,    0,  -32,  -32,  -32,    0,    0,    0,    0,    0,    0,    0,    0,    0,    0,    0,  -32,    0,    0,    0,    0,    0,    0,    0,    0,  -29,  -16,    0,    0,    0,    0,    0,  -16,    0,    0,    0,    0,    0,    0,    0,    0,    0,    0,    0,    0,
       0,    0,    0,    0,    0,    0,    0,    0,    0,    0,    0,    0,    0,    0,    0,    0,    0,    0,    0,    0,    0,    0,    0,    0,    0,    0,    0,    0,    0,    0,    0,    0,    0,    0,    0,    0,    0,    0,    0,    0,    0,    0,    0,    0,    0,    0,    0,    0,    0,    0,    0,    0,    0,    0,    0,    0,    0,    0,    0,    0,    0,    0,    0,    0,    0,    0,    0,    0,    0,    0,    0,    0,    0,    0,    0,   10,    0,    0,    0,    0,    0,    0,   10,   10,    0,    0,    0,    0,    0,    0,    0,    0,   18,   10,    0,    0,    0,    0,    0,    0,    0,    0,    0,    0,    0,    0,    0,    0,    0,    0,    0,    0,    0,    0,    0,    0,    0,    0,    0,    0,    0,    0,    0,    0,    0,    0,    0,    0,    0,
       0,    0,    0,    0,    0,    0,    0,    0,    0,    0,    0,    0,    0,    0,    0,    0,    0,    0,    0,    0,    0,    0,    0,    0,    0,    0,  -16,    0,    0,    0,  -42,    0,  -18,    0,  -21,  -21,    0,    0,    0,    0,    0,    0,    0,    0,    0,    0,    0,    0,    0,    0,    0,    0,    0,    0,    0,    0,    0,    0,    0,    0,    0,    0,    0,    0,    0,    0,    0,    0,    0,    0,    0,    0,    0,    0,    0,    0,    0,    0,    0,    0,    0,    0,    0,    0,    0,    0,  -42,  -42,  -42,    0,    0,    0,    0,    0,    0,    0,  -21,    0,    0,    0,  -42,    0,    0,    0,    0,    0,    0,  -21,  -21,    0,    0,    0,    0,    0,    0,    0,    0,    0,    0,    0,    0,    0,    0,    0,    0,    0,    0,  -16,    0,
       0,    0,    0,    0,    0,    0,    0,    0,  -48,    0,  -48,    0,    0,    0,    0,    0,    0,    0,    0,    0,    0,    0,    0,    0,    0,    0,  -18,    0,    0,  -18,  -26,    0,  -24,    0,    0,    0,  -18,    0,    0,    0,    0,    0,    0,    0,    0,    0,    0,    0,    0,    0,    0,    0,    0,    0,    0,    0,    0,    0,    0,    0,    0,    0,    0,    0,    0,    0,    0,    0,    0,    0,    0,    0,    0,    0,    0,    0,    0,    0,    0,    0,    0,    0,    0,    0,    0,    0,  -26,  -26,  -26,    0,    0,    0,    0,    0,    0,    0,    0,    0,    0,    0,  -26,    0,    0,    0,    0,    0,    0,    0,    0,  -26,    0,  -58,    0,    0,    0,  -48,    0,    0,    0,    0,    0,    0,    0,    0,    0,    0,    0,    0,    0,
       0,    0,    0,    0,    0,    0,    0,    0,    0,    0,    0,    0,    0,    0,    0,    0,    0,    0,    0,    0,    0,    0,    0,    0,    0,    0,    0,    0,    0,    0,  -25,    0,    0,    0,    0,    0,    0,    0,    0,    0,    0,    0,    0,    0,    0,    0,    0,    0,    0,    0,    0,    0,    0,    0,    0,    0,    0,    0,    0,    0,    0,    0,    0,    0,    0,    0,    0,    0,    0,    0,    0,    0,    0,    0,    0,   16,    0,    0,    0,    0,    0,    0,   16,   16,    0,    0,  -25,  -25,  -25,    0,    0,    0,    0,   16,    0,    0,    0,    0,    0,    0,  -25,    0,    0,    0,    0,    0,    0,    0,    0,  -54,    0,    0,    0,    0,    0,    0,    0,    0,    0,    0,    0,    0,    0,    0,    0,    0,    0,    0,    0,
       0,    0,    0,    0,    0,    0,    0,    0,    0,    0,    0,    0,    0,    0,    0,    0,    0,    0,    0,    0,    0,    0,    0,    0,    0,    0,    0,    0,    0,    0,  -37,    0,    0,    0,    0,    0,    0,    0,    0,    0,    0,    0,    0,    0,    0,    0,    0,    0,    0,    0,    0,    0,    0,    0,    0,    0,    0,    0,    0,    0,    0,    0,    0,    0,    0,    0,    0,    0,    0,    0,    0,    0,    0,    0,    0,    0,    0,    0,    0,    0,    0,    0,    0,    0,    0,    0,  -37,  -37,  -37,    0,    0,    0,    0,    0,    0,    0,    0,    0,    0,    0,  -37,    0,    0,    0,    0,    0,    0,    0,    0,    0,    0,    0,    0,    0,    0,    0,    0,    0,    0,    0,    0,    0,    0,    0,    0,    0,    0,    0,    0,
       0,    0,    0,    0,    0,    3,    0,    0,    0,    0,    0,    0,    0,    0,    0,    0,    0,    0,    0,    0,    0,    0,    0,    0,    0,    0,    0,    0,    0,    0,    0,    0,    0,    0,    0,    0,    0,    0,    0,    0,    0,    0,    0,    0,    0,    0,    1,    0,    0,    0,    0,    0,    0,    3,    0,    0,    0,    0,    0,    0,    0,    0,    0,    0,    0,    0,    0,    0,    0,    0,    0,    0,    0,    0,    0,   48,    0,    0,    0,    0,    0,    0,   51,   48,    0,    0,    0,    0,    0,    0,    0,    0,   34,   48,    0,    0,    0,    0,    0,    0,    0,    0,    0,    1,    0,    1,    0,    0,    0,    0,    0,    0,    0,    0,    0,    0,    0,    0,    0,    0,    0,    0,    0,    0,    0,    0,    0,    0,    0,
       0,    0,    0,    0,    0,    0,    0,    0,    0,    0,    0,    0,    0,   21,    0,    0,    0,    0,   42,    0,    0,    0,    0,    0,    0,    0,    0,   29,    0,    0,   42,    0,   40,    0,    0,    0,   42,    0,    0,    0,    0,   18,   33,   32,   12,    0,   24,    0,    0,    0,    0,    0,    0,    0,    0,    0,    0,    0,    0,    0,    0,    0,    0,    0,    0,    0,   10,    0,    0,    0,    0,    0,   48,   33,   48,   80,    0,    0,    0,    0,    0,   29,   80,   80,   48,    0,   42,   42,   42,    0,   64,   48,   24,   80,    0,    0,    0,    0,    0,    0,   42,    0,    0,   24,    0,   24,    0,    0,    0,    0,    0,    0,    0,    0,    0,    0,    0,    0,    0,    0,    0,    0,    0,    0,    0,    0,    0,    0,    0,
      -5,    0,    0,    0,    0,    0,    0,    0,    0,    0,    0,    0,    0,  -18,    0,    0,    0,    0,    0,    0,    0,    0,    0,    0,    0,    0,    0,    0,    0,    0,  -59,    0,  -24,  -24,    0,  -34,    0,    0,    0,    0,    0,    0,    0,    0,    0,    0,    0,    0,   -8,    0,    0,    0,    0,    0,    0,    0,    0,   -4,    0,    0,    0,    0,    0,    0,    0,    0,    0,    0,    0,    0,    0,    0,    0,    0,    0,    0,    0,    0,   -8,    0,    0,    0,    0,    0,    0,    0,  -59,  -59,  -59,    0,    0,    0,    0,    0,    0,    0,    0,    0,    0,    0,  -59,    0,    0,    0,    0,    0,    0,  -34,  -34,  -21,  -11,    0,    0,    0,    0,    0,  -11,    0,    0,    0,    0,    0,    0,    0,    0,    0,    0,    0,    0,
     -10,    0,    0,    0,    0,   -5,    0,    0,    0,    0,    0,    0,    0,  -16,    0,    0,    0,    0,    0,    0,    0,    0,    0,    0,    0,    0,  -14,    0,    0,    0,  -65,    0,  -26,  -24,  -13,  -41,    0,    0,    0,    4,    0,    0,    0,    0,    0,    0,    0,    0,   -9,   -8,  -11,   -7,    0,    0,  -16,    0,    0,   -4,    0,    0,    0,    0,    0,    0,    0,    0,    0,    0,    0,    4,    4,    0,    0,    0,    0,    0,    0,    0,   -9,    4,    0,    0,    0,    0,    0,    0,  -65,  -65,  -65,    0,    0,    0,   16,    0,    0,    0,  -13,    0,    0,    0,  -65,    0,    0,    0,   -5,    0,    0,  -81,  -41,  -29,  -11,    0,    0,    0,    0,    0,  -11,    0,    0,    0,    0,    0,    0,    0,    0,    0,    0,    0,    0,
      -5,    0,    0,    0,    0,    0,    0,    0,    0,    0,    0,    0,    0,  -18,    0,    0,    0,    0,    0,    0,    0,    0,    0,    0,    0,    0,    0,    0,    0,    0,  -69,    0,  -24,  -24,    0,  -34,    0,    0,    0,    0,    0,    0,    0,    0,    0,    0,    0,    0,   -8,    0,    0,    0,    0,    0,    0,    0,    0,   -4,    0,    0,    0,    0,    0,    0,    0,    0,    0,    0,    0,    0,    0,    0,    0,    0,    0,    0,    0,    0,   -8,    0,    0,    0,    0,    0,    0,    0,  -69,  -69,  -69,    0,    0,    0,    0,    0,    0,    0,    0,    0,    0,    0,  -69,    0,    0,    0,    0,    0,    0,  -34,  -34,  -21,  -11,    0,    0,    0,    0,    0,  -11,    0,    0,    0,    0,    0,    0,    0,    0,    0,    0,    0,    0,
      16,    0,    0,    0,    0,   46,   26,    0,    0,    0,    0,    0,    0,   21,    0,    0,    0,    0,   21,    0,    0,    0,    0,    0,    0,    0,    0,   16,    0,    0,   18,    0,    0,    0,    0,    0,    0,   26,    0,    0,    0,    0,   18,   12,   12,    0,    0,    0,    0,    0,    0,    0,    0,    0,   19,    0,    0,    8,   26,    0,    0,    0,    0,    0,    0,    0,    0,    0,    0,    0,    0,    0,   18,   18,   41,   23,    0,    0,    0,    0,    0,   16,   23,   23,   12,    0,   18,   18,   18,    0,   16,   42,   21,   23,    0,    0,    0,    0,    0,    0,   18,    0,    0,    0,    0,    0,    0,    0,    0,   16,    0,    0,    0,    0,    0,    0,    0,    0,    0,    0,    0,    0,    0,    0,  -18,    0,    0,    0,    0,
       0,    0,    0,    0,    0,    0,    0,    0,    0,    0,    0,    0,    0,    0,    0,    0,    0,    0,    0,    0,    0,    0,    0,    0,    0,    0,    0,   16,    0,    0,   16,    0,    0,    0,    0,    0,    0,    0,    0,    0,    0,    0,   16,   18,    0,    0,    0,    0,    0,    0,    0,    0,    0,    0,    0,    0,    0,    0,    0,    0,    0,    0,    0,    0,    0,    0,    0,    0,    0,    0,    0,    0,   16,   16,   18,   18,    0,    0,    0,    0,    0,   18,   18,   18,   18,    0,   16,   16,   16,    0,   16,   16,   18,   18,    0,    0,    0,    0,    0,    0,   16,    0,    0,    0,    0,    0,    0,    0,    0,    0,    0,    0,    0,    0,    0,    0,    0,    0,    0,    0,    0,    0,    0,    0,    0,    0,    0,    0,    0,
       0,    0,    0,    0,    0,    0,    0,    0,    0,    0,    0,    0,    0,   21,    0,    0,    0,    0,   42,    0,    0,    0,    0,    0,    0,    0,    0,   29,    0,    0,   42,    0,   40,    0,    0,    0,   42,    0,    0,    0,    0,   18,   51,   48,   12,    0,   24,    0,    0,    0,    0,    0,    0,    0,    0,    0,    0,    0,    0,    0,    0,    0,    0,    0,    0,    0,   10,    0,    0,    0,    0,    0,   51,   51,   51,   80,    0,    0,    0,    0,    0,   29,   80,   80,   48,    0,   42,   42,   42,    0,   64,   51,   50,   80,    0,    0,    0,    0,    0,    0,   42,    0,    0,   24,    0,   24,    0,    0,    0,    0,    0,    0,    0,    0,    0,    0,    0,    0,    0,    0,    0,    0,    0,    0,    0,    0,    0,    0,    0,
       0,    0,    0,    0,    0,    0,    0,    0,    0,    0,    0,    0,    0,   21,    0,    0,    0,    0,   42,    0,    0,    0,    0,    0,    0,    0,    0,   29,    0,    0,   42,    0,   40,    0,    0,    0,   42,    0,    0,    0,    0,   18,   51,   51,   12,    0,   24,    0,    0,    0,    0,    0,    0,    0,    0,    0,    0,    0,    0,    0,    0,    0,    0,    0,    0,    0,   10,    0,    0,    0,    0,    0,   51,   51,   51,   80,    0,    0,    0,    0,    0,   29,   80,   80,   51,    0,   42,   42,   42,    0,   64,   51,   24,   80,    0,    0,    0,    0,    0,    0,   42,    0,    0,   24,    0,   24,    0,    0,    0,    0,    0,    0,    0,    0,    0,    0,    0,    0,    0,    0,    0,    0,    0,    0,    0,    0,    0,    0,    0,
       0,    0,    0,    0,    0,    0,    0,    0,    0,    0,    0,    0,    0,   21,    0,    0,    0,    0,   42,    0,    0,    0,    0,    0,    0,    0,    0,   29,    0,    0,   42,    0,   40,    0,    0,    0,   42,    0,    0,    0,    0,   18,   51,   32,   12,    0,   24,    0,    0,    0,    0,    0,    0,    0,    0,    0,    0,    0,    0,    0,    0,    0,    0,    0,    0,    0,   10,    0,    0,    0,    0,    0,   51,   51,   51,   80,    0,    0,    0,    0,    0,   29,   80,   80,   48,    0,   42,   42,   42,    0,   64,   51,   24,   80,    0,    0,    0,    0,    0,    0,   42,    0,    0,   24,    0,   24,    0,    0,    0,    0,    0,    0,    0,    0,    0,    0,    0,    0,    0,    0,    0,    0,    0,    0,    0,    0,    0,    0,    0,
       0,    0,    0,    0,    0,    3,    0,    0,    0,    0,    0,    0,    0,    0,    0,    0,    0,    0,    0,    0,    0,    0,    0,    0,    0,    0,    0,    0,    0,    0,    0,    0,    0,    0,    0,    0,    0,    0,    0,    0,    0,    0,    0,    0,    0,    0,    1,    0,    0,    0,    0,    0,    0,    3,    0,    0,    0,    0,    0,    0,    0,    0,    0,    0,    0,    0,    0,    0,    0,    0,    0,    0,    0,    0,    0,   48,    0,    0,    0,    0,    0,    0,   51,   48,    0,    0,    0,    0,    0,    0,    0,    0,   34,   51,    0,    0,    0,    0,    0,    0,    0,    0,    0,    1,    0,    1,    0,    0,    0,    0,    0,    0,    0,    0,    0,    0,    0,    0,    0,    0,    0,    0,    0,    0,    0,    0,    0,    0,    0,
     -42,    0,    0,    0,    0,    0,  -82,  -63,    0,  -63,    0,    0,    0,  -21,    0,    0,    0,    0,    0,    0,    0,    0,    0,    0,   -8,  -13,    0,    0,  -13,    0,  -45,    0,  -32,    0,    0,  -26,    0,  -82,    0,    0,    0,    0,    0,    0,    0,    0,  -10,    0,  -32,    0,    0,    0,  -61,    0,  -45,  -29,  -63,  -38,  -82,    0,    0,  -41,  -63,    0,    0,    0,    0,    0,  -16,    0,    0,    0,    0,    0,    0,    0,    0,    0,  -32,    0,    0,    0,    0,    0,    0,    0,  -45,  -45,  -45,    0,    0,    0,    0,    0,    0,    0,    0,    0,  -13,    0,  -45,    0,    0,  -10,  -70,  -10,    0,  -26,  -53,  -40,  -18,    0,  -21,  -21,  -16,    0,  -50,    0,    0,    0,    0,    0,    0,    0,    0,    0,    0,    0,    0,
       0,    0,    0,    0,    0,    0,    0,    0,    0,    0,    0,    0,    0,    0,    0,    0,    0,    0,    0,    0,    0,    0,    0,    0,    0,    0,    0,    0,    0,    0,    0,    0,    0,    0,    0,    0,    0,    0,    0,    0,    0,    0,    0,    0,    0,    0,    6,    0,    2,    0,    0,    0,    0,    0,    0,    0,    0,    0,    0,    0,    0,    0,    0,    0,    0,    0,    0,   16,    0,    0,    0,    0,    0,    0,    0,   29,    0,    0,    2,    0,   16,    0,   29,   29,    0,    0,    0,    0,    0,    0,    0,    0,   41,   29,    0,    0,    0,    0,    0,    0,    0,    0,    0,    6,    0,    6,    0,    0,    0,    0,    0,    0,    0,    0,    0,    0,    0,    0,    0,    0,    0,    0,    0,    0,    0,    0,    0,    0,    0,
     -42,    0,    0,    0,    0,    0,  -79,  -58,    0,  -58,    0,    0,    0,  -21,    0,    0,    0,    0,    0,    0,    0,    0,    0,    0,   -8,  -13,    0,    0,  -13,    0,  -45,    0,  -32,    0,    0,  -26,    0,  -61,    0,    0,    0,    0,    0,    0,    0,    0,  -10,    0,  -32,    0,    0,    0,  -55,    0,  -45,  -29,  -58,  -38,  -82,    0,    0,  -41,  -58,    0,    0,    0,    0,    0,  -16,    0,    0,    0,    0,    0,    0,    0,    0,    0,  -32,    0,    0,    0,    0,    0,    0,    0,  -45,  -45,  -45,    0,    0,    0,    0,    0,    0,    0,    0,    0,  -13,    0,  -45,    0,    0,  -10,  -70,  -10,    0,  -26,  -53,  -40,  -18,    0,  -21,  -21,  -16,    0,  -50,    0,    0,    0,    0,    0,    0,    0,    0,    0,    0,    0,    0,
       0,    0,    0,    0,    0,    0,    0,    0,    0,    0,    0,    0,    0,    0,    0,    0,    0,    0,    0,    0,    0,    0,    0,    0,    0,    0,    0,    0,    0,    0,    0,    0,    0,    0,    0,  -16,    0,    0,    0,    0,    0,    0,    0,    0,    0,    0,    0,    0,    0,    0,    0,    0,    0,    0,    0,    0,    0,    0,    0,    0,    0,    0,    0,    0,    0,    0,    0,    0,    0,    0,    0,    0,    0,    0,    0,    0,    0,    0,    0,    0,    0,    0,    0,    0,    0,    0,    0,    0,    0,    0,    0,    0,    0,    0,    0,    0,    0,    0,    0,    0,    0,    0,    0,    0,    0,    0,    0,  -16,  -16,    0,    0,    0,    0,    0,    0,    0,    0,    0,    0,    0,    0,    0,    0,    0,    0,    0,    0,    0,    0,
       0,    0,    0,    0,    0,    0,    0,    0,    0,    0,    0,    0,    0,    0,    0,    0,    0,    0,    0,    0,    0,    0,    0,    0,    0,    0,    0,    0,    0,    0,    0,    0,    0,    0,    0,    0,    0,    0,    0,    0,    0,    0,    0,    0,    0,    0,    6,    0,    2,    0,    0,    0,    0,    0,    0,    0,    0,    0,    0,    0,    0,    0,    0,    0,    0,    0,    0,   31,    0,    0,    0,    0,    0,    0,    0,   29,    0,    0,    2,    0,   16,    0,   29,   29,    0,    0,    0,    0,    0,    0,    0,    0,   22,   29,    0,    0,    0,    0,    0,    0,    0,    0,    0,    6,    0,    6,    0,    0,    0,    0,    0,    0,    0,    0,    0,    0,    0,    0,    0,    0,    0,    0,    0,    0,    0,    0,    0,    0,    0,
     -42,    0,    0,    0,    0,    0,  -77,  -40,    0,  -63,    0,    0,    0,  -21,    0,    0,    0,    0,    0,    0,    0,    0,    0,    0,   -8,  -13,    0,    0,  -13,    0,  -45,    0,  -32,    0,    0,  -53,    0,  -77,    0,    0,    0,    0,    0,    0,    0,    0,  -10,    0,  -32,    0,    0,    0,  -58,    0,  -45,  -29, -100,  -38,  -77,    0,    0,  -41,  -69,    0,    0,    0,    0,    0,  -16,    0,    0,    0,    0,    0,    0,    0,    0,    0,  -32,    0,    0,    0,    0,    0,    0,    0,  -45,  -45,  -45,    0,    0,    0,    0,    0,    0,    0,    0,    0,  -13,    0,  -45,    0,    0,  -10,  -70,  -10,    0,  -53,  -53,  -40,  -34,    0,  -21,  -21,  -16,    0,  -34,    0,    0,    0,    0,    0,    0,    0,    0,    0,    0,    0,    0,
       0,    0,    0,    0,    0,    0,    0,    0,    0,    0,    0,    0,    0,    0,    0,    0,    0,    0,    0,    0,    0,    0,    0,    0,    0,    0,    0,    0,    0,    0,    0,    0,    0,    0,    0,    0,    0,    0,    0,    0,    0,    0,    0,    0,    0,    0,   15,    0,    2,    0,    0,    0,    0,    0,    0,    0,    0,    0,    0,    0,    0,    0,    0,    0,    0,    0,    0,   31,    0,    0,    0,    0,    0,    0,    0,   29,    0,    0,    2,    0,   16,    0,   29,   29,    0,    0,    0,    0,    0,    0,    0,    0,   22,   29,    0,    0,    0,    0,    0,    0,    0,    0,    0,   15,    0,   15,    0,    0,    0,    0,    0,    0,    0,    0,    0,    0,    0,    0,    0,    0,    0,    0,    0,    0,    0,    0,    0,    0,    0,
       0,    0,    0,    0,  -16,    0,    0,  -50,  -16,  -50,  -16,  -61,  -16,    0,    0,    0,  -32,    0,  -37,    0,    0,  -16,  -37,  -16,    0,  -15,  -41,    0,  -15,  -42,    0,    0,    0,    0,    0,    7,    0,    0,  -26,  -38,  -41,   -2,    0,    0,  -30,  -39,  -38,  -52,  -34,  -34,  -66,  -43,  -50,    0,    0,  -61,  -50,    0,    0,    0,  -52,    0,  -50,    0,  -24,    0,    0,    0,  -16,  -57,  -57,  -64,    0,    0,    0,   42,  -64,  -52,  -50,  -38,    0,    0,   42,   42,    0,  -41,    0,    0,    0,  -52,    0,    0,   59,   42,  -62,  -62,    0,    0,  -15,    0,    0,    0,    0,  -38,  -29,  -38,  -39,    7,    7,    0,    0,  -56,    0,    0,  -16,  -55,    0,    0,    0,    0,    0,    0,    0,    0,  -58,    0,    0,    0,    0,
       0,    0,    0,    0,  -16,    0,    0,  -50,  -16,  -50,  -16,  -61,  -16,    0,    0,    0,  -32,    0,  -37,    0,    0,  -16,  -37,  -16,    0,  -15,  -41,    0,  -15,  -42,    0,    0,    0,    0,    0,    7,    0,    0,  -26,  -38,  -41,   -2,    0,    0,  -30,  -39,  -38,  -36,  -34,  -34,  -33,  -27,  -50,    0,    0,  -61,  -50,    0,    0,    0,  -84,    0,  -50,    0,  -24,    0,    0,    0,  -16,  -57,  -57,  -64,    0,    0,    0,   42,  -64,  -64,  -50,  -38,    0,    0,   42,   42,    0,  -41,    0,    0,    0,  -55,    0,    0,   59,   42,  -62,  -62,    0,    0,  -15,    0,    0,    0,    0,  -38,  -29,  -38,  -39,    7,    7,    0,    0,  -56,    0,    0,  -16,  -55,    0,    0,    0,    0,    0,    0,    0,    0,  -58,    0,    0,    0,    0,
       0,    0,    0,    0,  -16,    0,    0,  -34,  -16,  -34,  -16,  -61,  -16,    0,    0,    0,  -32,    0,  -37,    0,    0,  -16,  -37,  -16,    0,  -15,  -67,    0,  -15,  -98,    0,    0,    0,    0,    0,    7,    0,    0,  -26,  -38,  -41,   -2,    0,    0,  -30,  -39,  -38,  -36,  -34,  -34,  -33,  -27,  -34,    0,    0,  -61,  -34,    0,    0,    0,  -84,    0,  -71,    0,  -24,    0,    0,    0,  -16,  -57,  -57,  -64,    0,    0,    0,   42,  -64,  -64,  -50,  -38,    0,    0,   42,   42,    0,  -41,    0,    0,    0,  -55,    0,    0,   59,   42,  -62,  -62,    0,    0,  -15,    0,    0,    0,    0,  -38,  -29,  -38,  -39,    7,    7,    0,    0,  -56,    0,    0,  -16,  -55,    0,    0,    0,    0,    0,    0,    0,    0,  -93,    0,    0,    0,    0,
       0,    0,    0,    0,    0,    0,    0,    0,    0,    0,    0,    0,    0,    0,    0,    0,    0,    0,    0,    0,    0,    0,    0,    0,    0,    0,    0,    0,    0,    0,    0,    0,    0,    0,    0,    0,    0,    0,    0,  -25,  -29,  -14,    0,    0,  -25,  -25,  -13,  -25,  -25,  -25,  -25,  -25,    0,    0,    0,    0,    0,    0,    0,    0,  -25,    0,    0,    0,    0,    0,    0,    0,    0,  -25,  -25,  -29,    0,    0,    0,    0,  -29,  -25,  -25,  -25,    0,    0,    0,    0,    0,  -29,    0,    0,    0,  -25,    0,    0,    0,    0,    0,    0,    0,    0,    0,    0,    0,    0,    0,  -13,    0,  -13,  -25,    0,    0,    0,    0,    0,    0,    0,    0,    0,    0,    0,    0,    0,    0,    0,    0,    0,    0,    0,    0,    0,    0,
       0,    0,    0,    0,    0,    0,    0,    0,  -21,    0,  -21,    0,    0,    0,    0,    0,    0,    0,    0,    0,    0,    0,    0,    0,    0,    0,  -16,    0,    0,    0,    0,    0,    0,    0,    0,    0,    0,    0,    0,    0,    0,    0,    0,    0,    0,    0,    0,    0,    0,    0,    0,    0,    0,    0,    0,    0,    0,    0,    0,    0,    0,    0,    0,    0,    0,    0,    0,    0,    0,    0,    0,    0,    0,    0,    0,    0,    0,    0,    0,    0,    0,    0,    0,    0,    0,    0,    0,    0,    0,    0,    0,    0,    0,    0,    0,    0,    0,    0,    0,    0,    0,    0,    0,    0,    0,    0,    0,    0,    0,    0,    0,    0,    0,    0,    0,  -21,    0,    0,    0,    0,    0,    0,    0,    0,    0,    0,    0,    0,    0,
       0,    0,    0,    0,    0,    0,    0,    0,  -21,    0,  -21,    0,    0,    0,    0,    0,    0,    0,    0,    0,    0,    0,    0,    0,    0,    0,    0,    0,    0,    0,    0,    0,    0,    0,    0,    0,    0,    0,    0,    0,    0,    0,    0,    0,    0,    0,    0,    0,    0,    0,    0,    0,    0,    0,    0,    0,    0,    0,    0,    0,    0,    0,    0,    0,    0,    0,    0,    0,    0,    0,    0,    0,    0,    0,    0,    0,    0,    0,    0,    0,    0,    0,    0,    0,    0,    0,    0,    0,    0,    0,    0,    0,    0,    0,    0,    0,    0,    0,    0,    0,    0,    0,    0,    0,    0,    0,    0,    0,    0,    0,    0,    0,    0,    0,    0,  -21,    0,    0,    0,    0,    0,    0,    0,    0,    0,    0,    0,    0,    0,
       0,    0,    0,    0,    0,    0,    0,    0,    0,    0,    0,    0,    0,    0,    0,    0,    0,    0,    0,    0,    0,    0,    0,    0,    0,    0,    0,    0,    0,    0,   19,    0,    0,    0,    0,    0,    0,    0,    0,    0,    0,    0,    0,    0,    0,    0,    0,    0,    0,    0,    0,    0,    0,    0,    0,    0,    0,    0,    0,    0,    0,    0,    0,    0,    0,    0,    0,    0,    0,    0,    0,    0,    0,    0,    0,    0,    0,    0,    0,    0,    0,    0,    0,    0,    0,    0,   19,   19,   19,    0,    0,    0,    0,    0,    0,    0,    0,    0,    0,    0,   19,    0,    0,    0,    0,    0,    0,    0,    0,    0,    0,    0,    0,    0,    0,    0,    0,    0,    0,    0,    0,    0,    0,    0,    0,    0,    0,    0,    0,
       0,    0,    0,    0,    0,    0,    0,    0,    0,    0,    0,    0,    0,    0,    0,    0,    0,    0,    0,    0,    0,    0,    0,    0,    0,    0,    0,    0,    0,    0,    0,    0,    0,    0,    0,    0,    0,    0,    0,    0,  -17,    0,    0,    0,    0,    0,   14,    0,    7,    0,    0,    0,    0,    0,    0,    0,    0,    0,    0,    0,    0,    0,    0,    0,    0,    0,    0,    0,    0,    0,    0,  -17,    0,    0,    0,    0,  -17,    0,    7,    0,    0,    0,    0,    0,    0,  -17,    0,    0,    0,    0,    0,    0,    0,    0,    0,    0,    0,    0,    0,    0,    0,    0,    0,   14,    0,   14,    0,    0,    0,    0,    0,    0,    0,    0,    0,    0,    0,    0,    0,    0,    0,    0,    0,    0,    0,    0,    0,    0,    0,
       0,    0,    0,    0,    0,    0,    0,    0,    0,    0,    0,    0,    0,    0,    0,    0,    0,    0,    0,    0,    0,    0,    0,    0,    0,    0,    0,    0,    0,    0,  -34,    0,    0,    0,    0,    0,    0,    0,    0,    0,   -7,    0,    0,    0,    0,    0,    0,    0,    0,    0,    0,    0,    0,    0,    0,    0,    0,    0,    0,    0,    0,    0,    0,    0,    0,    0,    0,    0,    0,    0,    0,   -7,    0,    0,    0,    0,   -7,    0,    0,    0,    0,    0,    0,    0,    0,   -7,  -34,  -34,  -34,    0,    0,    0,    0,    0,    0,    0,    0,    0,    0,    0,  -34,    0,    0,    0,    0,    0,    0,    0,    0,    0,    0,    0,    0,    0,    0,    0,    0,    0,    0,    0,    0,    0,    0,    0,    0,    0,    0,    0,    0,
       0,    0,    0,    0,    0,    3,    0,    0,    0,    0,    0,    0,    0,    0,    0,    0,    0,    0,    0,    0,    0,    0,    0,    0,    0,    0,    0,    0,    0,    0,    0,    0,    0,    0,    0,    0,    0,    0,    0,    0,    0,    0,    0,    0,    0,    0,    1,    0,    0,    0,    0,    0,    0,    3,    0,    0,    0,    0,    0,    0,    0,    0,    0,    0,    0,    0,    0,    0,    0,    0,    0,    0,    0,    0,    0,   48,    0,    0,    0,    0,    0,    0,   48,   48,    0,    0,    0,    0,    0,    0,    0,    0,   55,   48,    0,    0,    0,    0,    0,    0,    0,    0,    0,    1,    0,    1,    0,    0,    0,    0,    0,    0,    0,    0,    0,    0,    0,    0,    0,    0,    0,    0,    0,    0,    0,    0,    0,    0,    0,
     -10,    0,    0,    0,    0,   -5,    0,    0,    0,    0,    0,    0,    0,  -16,    0,    0,    0,    0,    0,    0,    0,    0,    0,    0,    0,    0,  -14,    0,    0,    0,  -78,    0,  -26,  -24,  -13,  -41,    0,    0,    0,    4,    0,    0,    0,    0,    0,    0,    0,    0,   -9,   -8,  -11,   -7,    0,    0,  -16,    0,    0,   -4,    0,    0,    0,    0,    0,    0,    0,    0,    0,    0,    0,    4,    4,    0,    0,    0,    0,    0,    0,    0,   -9,    4,    0,    0,    0,    0,    0,    0,  -78,  -78,  -78,    0,    0,    0,   16,    0,    0,    0,  -13,    0,    0,    0,  -78,    0,    0,    0,   -5,    0,    0,  -81,  -41,  -29,  -11,    0,    0,    0,    0,    0,  -11,    0,    0,    0,    0,    0,    0,    0,    0,    0,    0,    0,    0,
       0,    0,    0,    0,    0,    0,    0,    0,    0,    0,    0,    0,    0,    0,    0,    0,    0,    0,    0,    0,    0,    0,    0,    0,    0,    0,    0,    0,    0,    0,    0,    0,    0,    0,    0,    0,    0,    0,    0,    0,    0,    0,    0,    0,    0,    0,    0,    0,    0,    0,    0,    0,    0,    0,    0,    0,    0,    0,    0,    0,    0,    0,    0,    0,    0,    0,    0,    0,    0,    0,    0,    0,    0,    0,    0,    0,    0,    0,    0,    0,    0,    0,    0,    0,    0,    0,    0,    0,    0,    0,    0,    0,   16,    0,    0,    0,    0,    0,    0,    0,    0,    0,    0,    0,    0,    0,    0,    0,    0,    0,    0,    0,    0,    0,    0,    0,    0,    0,    0,    0,    0,    0,    0,    0,    0,    0,    0,    0,    0,
       0,    0,    0,    0,    0,    0,    0,  -18,    0,  -18,    0,  -16,    0,    0,    0,    0,    0,    0,    0,    0,    0,    0,  -18,    0,    0,    0,    0,    0,    0,    0,  -45,    0,    0,    0,    0,  -26,    0,    0,  -16,    0,    0,    0,    0,    0,    0,    0,    0,    0,    0,    0,    0,    0,  -18,    0,    0,    0,  -34,    0,    0,    0,    0,    0,  -18,    0,    0,    0,    0,    0,    0,    0,    0,    0,    0,    0,    0,    0,    0,    0,    0,    0,    3,    0,    0,    0,    0,    0,  -45,  -45,  -45,    0,    0,    0,    0,    0,    0,    0,    0,    0,    0,    0,  -45,    0,    0,    0,    0,    0,    0,  -26,  -26,  -18,    7,    0,    0,    0,    0,    0,    7,    0,    0,    0,    0,    0,    0,    0,  -29,    0,    0,    0,    0,
       0,    0,    0,    0,    0,    0,    0,    0,    0,    0,    0,    0,    0,    0,    0,    0,    0,    0,    0,    0,    0,    0,    0,    0,    0,    0,    0,    0,    0,    0,    0,    0,    0,    0,    0,    0,    0,    0,    0,    0,    0,    0,    0,    0,    0,    0,    0,    0,    0,    0,    0,    0,    0,    0,    0,    0,    0,    0,    0,    0,    0,    0,    0,    0,    0,    0,    0,    0,    0,    0,    0,    0,    0,    0,    0,   10,    0,    0,    0,    0,    0,    0,   10,   10,    0,    0,    0,    0,    0,    0,    0,    0,   34,   10,    0,    0,    0,    0,    0,    0,    0,    0,    0,    0,    0,    0,    0,    0,    0,    0,    0,    0,    0,    0,    0,    0,    0,    0,    0,    0,    0,    0,    0,    0,    0,    0,    0,    0,    0,
       0,    0,    0,    0,    0,    3,    0,    0,    0,    0,    0,    0,    0,    0,    0,    0,    0,    0,    0,    0,    0,    0,    0,    0,    0,    0,    0,    0,    0,    0,    0,    0,    0,    0,    0,    0,    0,    0,    0,    0,    0,    0,    0,    0,    0,    0,    1,    0,    0,    0,    0,    0,    0,    3,    0,    0,    0,    0,    0,    0,    0,    0,    0,    0,    0,    0,    0,    0,    0,    0,    0,    0,    0,    0,    0,   48,    0,    0,    0,    0,    0,    0,   48,   48,    0,    0,    0,    0,    0,    0,    0,    0,   39,   48,    0,    0,    0,    0,    0,    0,    0,    0,    0,    1,    0,    1,    0,    0,    0,    0,    0,    0,    0,    0,    0,    0,    0,    0,    0,    0,    0,    0,    0,    0,    0,    0,    0,    0,    0,
       0,    0,    0,    0,    0,    0,    0,    0,    0,    0,    0,    0,    0,   21,    0,    0,    0,    0,   42,    0,    0,    0,    0,    0,    0,    0,    0,   29,    0,    0,   42,    0,   40,    0,    0,    0,   42,    0,    0,    0,    0,   18,   48,   51,   12,    0,   24,    0,    0,    0,    0,    0,    0,    0,    0,    0,    0,    0,    0,    0,    0,    0,    0,    0,    0,    0,   10,    0,    0,    0,    0,    0,   48,   48,   48,   80,    0,    0,    0,    0,    0,   29,   80,   80,   51,    0,   42,   42,   42,    0,   64,   48,   45,   99,    0,    0,    0,    0,    0,    0,   42,    0,    0,   24,    0,   24,    0,    0,    0,    0,    0,    0,    0,    0,    0,    0,    0,    0,    0,    0,    0,    0,    0,    0,    0,    0,    0,    0,    0,
       0,    0,    0,    0,    0,    0,    0,    0,    0,    0,    0,    0,    0,    0,    0,    0,    0,    0,    0,    0,    0,    0,    0,    0,    0,    0,    0,    0,    0,    0,  -16,    0,    0,    0,    0,    0,    0,    0,   29,    0,    0,    0,    0,    0,    0,    0,    0,    0,    0,    0,    0,    0,    0,    0,    0,    0,    0,    0,    0,    0,    0,    0,    0,    0,    0,    0,    0,    0,    0,    0,    0,    0,    0,    0,    0,    0,    0,    0,    0,    0,    0,    0,    0,    0,    0,    0,  -16,  -16,  -16,    0,    0,    0,    0,    0,   12,   12,    0,    0,    0,    0,  -16,    0,    0,    0,    0,    0,    0,    0,    0,    0,    0,    0,    0,    0,    0,    0,    0,    0,    0,    0,    0,    0,    0,    0,    0,    0,    0,    0,    0,
       0,    0,   -5,    0,    0,    0,    0,  -68,    0,  -68,    0,    0,  -16,    0,    0,   -9,  -18,    0,    0,   -9,    0,    0,  -24,  -24,    0,  -18,    0,    0,  -18,    0,  -14,    0,    0,    0,    0,    0,    0,    0,    0,  -26,  -13,    0,    0,    0,    0,    0,    0,    0,    0,    0,    0,    0,  -68,    0,    0,  -42,  -68,   -3,    0,    0,    0,    0,  -68,    0,    0,    0,    0,    0,  -21,  -26,  -26,  -13,    0,    0,    0,    0,  -13,    0,    0,  -26,    0,    0,    0,    0,    0,  -13,  -14,  -14,  -14,    0,    0,    0,   40,    0,    0,    0,    0,   -9,  -42,  -16,  -14,    0,    0,  -29,  -37,    0,    0,    0,    0,    0,    0,    0,    0,    0,  -21,    0,    0,    0,    0,    0,    0,    0,    0,    0,    0,    0,  -16,    0,    0,
       0,    0,    0,    0,    0,    0,    0,    0,  -21,    0,  -21,  -18,    0,    0,    0,    0,    0,    0,    0,    0,    0,    0,    0,    0,    0,    0,  -15,    0,    0,    0,  -15,    0,  -16,   -2,  -18,  -18,    0,    0,  -18,    0,    0,    0,    0,    0,    0,    0,    0,    0,    0,    0,    0,    0,    0,    0,    0,    0,    0,   -3,    0,    0,    0,    0,    0,    0,    0,    0,    0,    0,    0,    0,    0,    0,    0,    0,    0,    0,    0,    0,    0,    0,    0,    0,    0,    0,    0,    0,  -15,  -15,  -15,    0,    0,    0,    0,    0,    0,    0,  -42,    0,    0,    0,  -31,    0,    0,    0,    0,    0,    0,  -18,  -18,  -16,    0,  -42,    0,    0,    0,  -21,    0,    0,    0,    0,    0,    0,    0,  -18,  -46,    0,    0,    0,    0,
       0,    0,    0,    0,    0,    0,    0,    0,  -21,    0,  -21,    0,    0,    0,    0,    0,    0,    0,    0,    0,    0,    0,    0,    0,    0,    0,    0,    0,    0,    0,    0,    0,    0,    0,    0,    0,    0,    0,  -18,    0,    0,    0,    0,    0,    0,    0,    0,    0,    0,    0,    0,    0,    0,    0,    0,    0,    0,    0,    0,    0,    0,    0,    0,    0,    0,    0,    0,    0,    0,    0,    0,    0,    0,    0,    0,    0,    0,    0,    0,    0,    0,    0,    0,    0,    0,    0,    0,    0,    0,    0,    0,    0,    0,    0,    0,    0,    0,    0,    0,    0,    0,    0,    0,    0,    0,    0,    0,    0,    0,    0,    0,  -16,    0,    0,    0,  -21,    0,    0,    0,    0,    0,    0,    0,    0,    0,    0,    0,    0,    0,
     -13,    0,    0,    0,    0,    0,  -13,  -13,    7,  -13,    7,    0,   -5,    0,    0,    0,  -11,    0,    0,   -5,    0,    0,    0,    0,    0,    0,    0,    0,    0,    0,    0,    0,    0,    0,    0,    0,    0,  -13,    0,    0,   -6,  -11,    0,    0,    0,    0,  -11,    0,   -9,  -11,    0,    0,  -13,    0,    0,    0,  -13,    0,  -13,    0,    0,  -11,  -13,    0,    0,    0,    0,    0,    0,    0,    0,   -6,    0,    0,    0,    0,   -6,    0,   -9,    0,    0,    0,    0,    0,    0,   -6,    0,    0,    0,    0,    0,    0,    0,    0,    0,    0,    0,    0,    0,    0,    0,    0,    0,  -11,   -7,  -11,    0,    0,    0,    0,  -13,    0,    0,    0,    0,    7,  -13,    0,    0,    0,    0,    0,    0,    0,    0,    0,    0,    0,    0,
       0,    0,    0,    0,    0,    0,    0,  -18,  -58,  -18,  -58,  -16,    0,    0,    0,    0,    0,    0,    0,    0,    0,    0,  -18,    0,    0,    0,  -18,    5,    0,  -26,  -26,    0,    0,    0,    0,    0,  -16,    0,    0,   -2,   -7,    7,    4,    6,    6,    0,    7,    0,    7,    4,    6,    0,  -18,    0,    0,    0,  -34,    0,    0,    0,    0,    0,  -18,    0,    0,    0,    0,    0,    0,   -2,   -2,   -7,    4,    4,    4,   12,   -7,    0,    7,   -2,    0,    5,   12,   12,    6,   -7,  -26,  -26,  -26,    0,    5,    4,    0,   12,    0,    0,    0,    0,    0,    0,  -26,  -11,  -11,    7,    0,    7,    0,    0,    0,  -18,    7,  -71,    0,    0,    0,  -58,    7,    0,    0,    0,    0,    0,    0,    0,  -24,    0,    0,    0,    0,
       0,    0,    0,    0,    0,  -13,    0,    0,    0,    0,    0,    0,    0,    0,    0,    0,    0,    0,    0,    0,    0,    0,    0,    0,    0,    0,    0,    0,    0,    0,  -46,    0,  -46,    0,  -13,  -80,    0,    0,    0,    0,    0,    0,    0,    0,    0,    0,  -12,    0,  -13,  -13,  -10,    0,    0,    0,  -26,    0,    0,    0,    0,    0,    0,    0,    0,    0,    0,    0,    0,    0,    0,    0,    0,    0,    0,    0,    0,    0,    0,    0,  -13,    0,    0,    0,    0,    0,    0,    0,  -46,  -46,  -46,    0,    0,    0,    0,    0,    0,    0,  -13,    0,    0,    0,  -46,    0,    0,  -12,    0,  -54,    0,  -80,  -80,  -33,    0,    0,    0,    0,    0,    0,    0,    0,    0,    0,    0,    0,    0,    0,    0,    0,    0,    0,    0,
       0,    0,    0,    0,  -29,    0,    0,  -37,  -16,  -37,  -16,    0,    0,    0,    0,    0,  -32,    0,    0,    0,    0,  -29,  -48,  -45,    0,  -18,  -38,    0,  -18,  -16,    7,    0,    0,    0,    0,    0,    0,    0,    0,  -36,  -75,    0,  -13,    0,  -21,  -32,    0,  -18,    0,    0,    0,    0,  -37,    0,    0,  -42,  -61,   -4,    0,    0,  -18,    0,  -61,    0,  -29,    0,    0,    0,  -40,  -68,  -58,  -75,  -13,  -26,  -13,    0,  -75,  -18,    0,  -59,    0,    0,    0,    0,    0,  -75,    7,    7,    7,  -18,    0,  -13,   40,    0,    0,    0,    0,    0,  -18,    0,    7,    0,    0,    0,  -26,    0,  -32,    0,    0,    0,    0,  -50,    0,    0,  -18,  -61,    0,    0,    0,    0,    0,    0,    0,  -70,  -82,    0,    0,    0,  -16,
       0,    0,    0,    0,    0,    3,    0,    0,    0,    0,    0,    0,    0,    0,    0,    0,    0,    0,    0,    0,    0,    0,    0,    0,    0,    0,    0,    0,    0,    0,    0,    0,    0,    0,    0,    0,    0,    0,    0,    0,    0,    0,    0,    0,    0,    0,    1,    0,    0,    0,    0,    0,    0,    3,    0,    0,    0,    0,    0,    0,    0,    0,    0,    0,    0,    0,    0,    0,    0,    0,    0,    0,    0,    0,    0,   33,    0,    0,    0,    0,    0,    0,   48,   33,    0,    0,    0,    0,    0,    0,    0,    0,   34,   48,    0,    0,    0,    0,    0,    0,    0,    0,    0,    1,    0,    1,    0,    0,    0,    0,    0,    0,    0,    0,    0,    0,    0,    0,    0,    0,    0,    0,    0,    0,    0,    0,    0,    0,    0,
     -10,    0,    0,    0,    0,   -5,    0,    0,    0,    0,    0,    0,    0,  -16,    0,    0,    0,    0,    0,    0,    0,    0,    0,    0,    0,    0,  -14,    0,    0,    0,  -41,    0,  -26,  -24,  -13,  -41,    0,    0,    0,    4,    0,    0,    0,    0,    0,    0,    0,    0,   -9,   -8,  -11,   -7,    0,    0,  -16,    0,    0,   -4,    0,    0,    0,    0,    0,    0,    0,    0,    0,    0,    0,    4,    4,    0,    0,    0,    0,    0,    0,    0,   -9,    4,    0,    0,    0,    0,    0,    0,  -41,  -41,  -41,    0,    0,    0,   33,    0,    0,    0,  -13,    0,    0,    0,  -41,    0,    0,    0,   -5,    0,    0,  -81,  -41,  -29,  -11,    0,    0,    0,    0,    0,  -11,    0,    0,    0,    0,    0,    0,    0,    0,    0,    0,    0,    0,
       0,    0,    0,    0,    0,    0,    0,    0,  -16,    0,  -16,    0,    0,    0,    0,    0,    0,    0,    0,    0,    0,    0,    0,    0,    0,    0,    0,    0,    0,    0,    0,    0,    0,    0,    0,    0,    0,    0,    0,    0,    0,    0,    0,    0,    0,    0,    0,    0,    0,    0,    0,    0,    0,    0,    0,    0,    0,    0,    0,    0,    0,    0,    0,    0,    0,    0,    0,    0,    0,    0,    0,    0,    0,    0,    0,    0,    0,    0,    0,    0,    0,    0,    0,    0,    0,    0,    0,    0,    0,    0,    0,    0,   18,    0,    0,    0,    0,    0,    0,    0,    0,    0,    0,    0,    0,    0,    0,    0,    0,    0,    0,    0,    0,    0,    0,  -16,    0,    0,    0,    0,    0,    0,    0,    0,    0,    0,    0,    0,    0,
       0,    0,    0,    0,  -29,    0,    0,  -37,  -31,  -37,  -31,    0,    0,    0,    0,    0,  -32,    0,    0,    0,    0,  -29,  -48,  -45,    0,  -18,  -38,    0,  -18,  -16,    7,    0,    0,    0,    0,    0,    0,    0,    0,  -36,  -38,    0,  -13,    0,  -21,  -32,    0,  -18,    0,    0,    0,    0,  -37,    0,    0,  -42,  -61,   -4,    0,    0,  -18,    0,  -61,    0,  -29,    0,    0,    0,  -40,  -68,  -58,  -38,  -13,  -26,  -13,    0,  -38,  -18,    0,  -59,    0,    0,    0,    0,    0,  -64,    7,    7,    7,  -18,    0,  -13,   40,    0,    0,    0,    0,    0,  -18,    0,    7,    0,    0,    0,  -26,    0,  -32,    0,    0,    0,    0,  -50,    0,    0,  -18,  -31,    0,    0,    0,    0,    0,    0,    0,  -70,  -82,    0,    0,    0,  -16,
       0,    0,    0,    0,  -29,    0,    0,    0,  -40,    0,  -40,  -45,    0,    0,    0,    0,  -29,    0,    0,    0,    0,    0,    0,    0,    0,    0,  -45,    0,    0,  -69,    0,    0,    0,    0,    0,    0,    0,    0,    0,    0,  -19,    0,    0,    0,    0,  -11,    0,    0,    0,    0,    0,    0,    0,    0,    0,    0,    0,    0,    0,    0,    0,    0,    0,    0,    0,  -29,    0,    0,    0,    0,    0,  -19,    0,    0,    0,    0,  -19,    0,    0,    0,    0,    0,    0,    0,    0,  -19,    0,    0,    0,    0,    0,    0,    0,    0,  -29,  -53,    0,    0,    0,    0,    0,  -66,  -40,    0,    0,    0,  -11,    0,    0,    0,    0,  -29,    0,    0,    0,  -40,    0,    0,    0,    0,    0,    0,    0,    0,    0,    0,    0,    0,    0,
       0,  -58,    0,    0,  -32,    0,    0,  -29,  -46,  -29,  -46,  -66,  -21,    0,    0,    0,  -45,    0,  -29,  -18,    0,  -26,  -45,  -26,    0,  -26,  -64,    0,  -26,  -58,    0,    0,    0,    0,    0,    0,    0,    0,  -18,  -26,  -29,    0,    0,    0,  -10,  -36,    7,  -18,    7,    0,    0,    0,  -50,    0,    0,  -40,  -29,    0,    0,    0,  -40,   -5,  -29,    0,    0,  -32,    0,    0,    0,  -26,  -26,  -29,    0,    0,    0,    0,  -29,  -18,    7,  -26,    0,    0,    0,    0,    0,  -29,    0,    0,    0,  -18,    0,    0,    0,    0,  -24,  -42,    0,    0,  -26,    0,    0,  -56,  -29,    7,    0,    7,  -51,    0,    0,    0,    0,    0,    0,    0,    0,  -46,    0,    0,    0,    0,    0,    0,    0,    0,    0,    0,    0,    0,    0,
       0,    0,    0,    0,    0,    0,    0,    0,    0,    0,    0,    0,    0,  -32,    0,    0,    0,    0,    0,    0,    0,    0,    0,    0,    0,    0,    0,    0,    0,    0,  -45,    0,  -42,  -29,    0,  -50,    0,    0,    0,  -16,    0,    0,    0,    0,    0,    0,    0,    0,  -24,    0,    0,    0,    0,    0,    0,    0,    0,    0,    0,    0,    0,    0,    0,    0,    0,    0,    0,    0,    0,  -16,  -16,    0,    0,    0,    0,    0,    0,    0,  -24,  -16,    0,    0,    0,    0,    0,    0,  -45,  -45,  -45,    0,    0,    0,    0,    0,   24,   24,    0,    0,    0,  -29,  -69,   29,   29,  -24,    0,    0,    0,  -50,  -50,  -58,  -45,    0,    0,    0,    0,    0,  -45,    0,    0,    0,    0,    0,    0,    0,    0,    0,    0,    0,    0,
       0,    0,    0,    0,    0,    0,    0,    0,    0,    0,    0,    0,    0,    0,    0,    0,    0,    0,    0,    0,    0,    0,    0,    0,    0,    0,  -16,    0,    0,    0,  -16,    0,  -18,    0,  -21,  -21,    0,    0,    0,    0,    0,    0,    0,    0,    0,    0,    0,    0,    0,    0,    0,    0,    0,    0,    0,    0,    0,    0,    0,    0,    0,    0,    0,    0,    0,    0,    0,    0,    0,    0,    0,    0,    0,    0,    0,    0,    0,    0,    0,    0,    0,    0,    0,    0,    0,    0,  -16,  -16,  -16,    0,    0,    0,    0,    0,    0,    0,  -21,    0,    0,    0,  -50,    0,    0,    0,    0,    0,    0,  -21,  -21,    0,    0,    0,    0,    0,    0,    0,    0,    0,    0,    0,    0,    0,    0,    0,    0,    0,    0,  -16,    0,
     -38,    0,    0,    0,    0,    0,    0,    0,    0,    0,    0,    0,  -12,  -41,    0,  -11,    0,   -7,   -7,   -9,   -3,    0,    0,    0,  -46,  -21,    0,    0,  -21,    0,  -16,    0,    0,    0,    0,  -16,    0,    0,    0,    0,    0,    0,    0,    0,    0,    0,    0,    0,    0,    0,    0,    0,    0,    0,    0,    0,    0,    0,    0,    0,    0,  -25,    0,    0,    0,    0,    0,    0,    0,    0,    0,    0,    0,    0,    0,    0,    0,    0,    0,    0,    0,    0,    0,    0,    0,    0,  -16,  -16,  -16,    0,    0,    0,    0,    0,    0,    0,    0,  -11,  -21,    0,  -16,    0,    0,    0,  -21,    0,    0,  -16,  -31,    0,  -26,    0,  -64,  -85,    0,    0,  -26,    0,    0,    0,    0,    0,    0,    0,    0,    0,    0,    0,    0,
       0,    0,    0,    0,    0,    0,    0,    0,    0,    0,    0,    0,    0,    0,    0,    0,    0,    0,    0,    0,    0,    0,    0,    0,    0,    0,    0,    0,    0,    0,    0,    0,    0,    0,    0,    0,    0,    0,    0,    0,    0,    0,    0,    0,    0,    0,    0,    0,    0,    0,    0,    0,    0,    0,    0,    0,    0,    0,    0,    0,    0,    0,    0,    0,    0,    0,    0,    0,    0,    0,    0,    0,    0,    0,    0,    0,    0,    0,    0,    0,    0,    0,    0,    0,    0,    0,    0,    0,    0,    0,    0,    0,    0,    0,    0,    0,    0,    0,    0,    0,    0,    0,    0,    0,    0,    0,    0,    0,    0,    0,    0,    0,    0,    0,    0,    0,    0,    0,    0,    0,    0,   10,    0,    0,    0,    0,    0,    0,    0,
       0,    0,    0,    0,    0,    0,    0,    0,    0,    0,    0,    0,    0,    0,    0,    0,    0,    0,    0,    0,    0,    0,    0,    0,    0,    0,    0,    0,    0,    0,    0,    0,    0,    0,    0,    0,    0,    0,    0,    0,    0,    0,    0,    0,    0,    0,    0,    0,    0,    0,    0,    0,    0,    0,    0,    0,    0,    0,    0,    0,    0,    0,    0,   -3,    0,    0,    0,    0,    0,    0,    0,    0,    0,    0,    0,    0,    0,    0,    0,    0,    0,    0,    0,    0,    0,    0,    0,    0,    0,    0,    0,    0,    0,    0,    0,    0,    0,    0,    0,    0,    0,    0,    0,    0,    0,    0,    0,    0,    0,    0,    0,    0,    0,    0,    0,    0,    0,    0,    0,   -7,    0,    0,    0,    0,    0,    0,    0,    0,    0,
       0,    0,    0,    0,    0,    0,    0,    0,    0,    0,    0,    0,    0,    0,    0,    0,    0,    0,    0,    0,    0,    0,    0,    0,    0,    0,    0,    0,    0,    0,    0,    0,    0,    0,    0,    0,    0,    0,    0,    0,    0,    0,    0,    0,    0,    0,    0,    0,    0,    0,    0,    0,    0,    0,    0,    0,    0,    0,    0,    0,    0,    0,    0,    0,    0,    0,    0,    0,    0,    0,    0,    0,    0,    0,    0,    0,    0,    0,    0,    0,    0,    0,    0,    0,    0,    0,    0,    0,    0,    0,    0,    0,    0,    0,    0,    0,    0,    0,    0,    0,    0,    0,    0,    0,    0,    0,    0,    0,    0,    0,    0,    0,    0,    0,    0,    0,    0,    0,  -25,    6,   -3,    0,  -15,    0,    0,    0,    0,    0,    0,
       0,    0,    0,    0,    0,    0,    0,    0,    0,    0,    0,    0,    0,    0,    0,    0,    0,    0,    0,    0,    0,    0,    0,    0,    0,    0,    0,    0,    0,    0,    0,    0,    0,    0,    0,    0,    0,    0,    0,    0,    0,    0,    0,    0,    0,    0,    0,    0,    0,    0,    0,    0,    0,    0,    0,    0,    0,    0,    0,  -10,    0,    0,    0,    0,    0,    0,    0,    0,    0,    0,    0,    0,    0,    0,    0,    0,    0,    0,    0,    0,    0,    0,    0,    0,    0,    0,    0,    0,    0,    0,    0,    0,    0,    0,    0,    0,    0,    0,    0,    0,    0,    0,    0,    0,    0,    0,    0,    0,    0,    0,    0,    0,    0,    0,    0,    0,    0,    0,    0,   -7,    0,    0,    0,    0,    0,    0,    0,    0,    0,
       0,    0,    0,    0,    0,    0,    0,    0,    0,    0,    0,    0,    0,  -42,    0,    0,    0,    0,    0,    0,    0,    0,    0,    0,    0,  -18,    0,    0,  -18,    0,  -58,    0,  -62,  -41,    0,  -70,    0,    0,    0,    0,    0,    0,    0,    6,    0,    0,    0,    0,  -24,    0,    0,    0,    0,    0,    0,    0,    0,    0,    0,    0,    0,    0,    0,    0,    0,    0,    0,    0,    0,    0,    0,    0,    0,    0,    0,    0,    0,    0,  -24,    0,    0,    0,    0,    0,    6,    0,  -58,  -58,  -93,    0,    0,    0,    0,    0,    0,    0,    0,    0,  -18,  -18,  -74,    0,    0,    0,    0,    0,    0,  -70,  -70,    0,    0,    0,    0,    0,    0,    0,    0,    0,    0,    0,    0,    0,    0,    0,  -12,   -7,    0,    0,    0,
       0,    0,    0,    0,    0,    0,    0,    0,    0,    0,    0,    0,    0,    0,    0,    0,    0,    0,    0,    0,    0,    0,    0,    0,    0,    0,    0,    0,    0,    0,    0,    0,    0,    0,    0,    0,    0,    0,    0,    0,    0,    0,    0,    0,    0,    0,    0,    0,    0,    0,    0,    0,    0,    0,    0,    0,    0,    0,    0,    0,    0,    0,    0,    0,    0,    0,    0,    0,    0,    0,    0,    0,    0,    0,    0,    0,    0,    0,    0,    0,    0,    0,    0,    0,    0,    0,    0,    0,    0,    0,    0,    0,    0,    0,    0,    0,    0,    0,    0,    0,    0,    0,    0,    0,    0,    0,    0,    0,    0,    0,    0,    0,    0,    0,    0,    0,    0,    0,    0,    0,    0,    0,    0,   -7,    0,    0,    0,    0,    0,
       0,    0,    0,    0,    0,    0,    0,    0,    0,    0,    0,    0,    0,    0,    0,    0,    0,    0,    0,    0,    0,    0,    0,    0,    0,    0,    0,    0,    0,    0,    0,    0,    0,    0,    0,    0,    0,    0,    0,    0,    0,    0,    0,    0,    0,    0,    0,    0,    0,    0,    0,    0,    0,    0,    0,    0,    0,    0,    0,    0,    0,    0,    0,    0,    0,    0,    0,    0,    0,    0,    0,    0,    0,    0,    0,    0,    0,    0,    0,    0,    0,    0,    0,    0,    0,    0,    0,    0,    0,    0,    0,    0,    0,    0,    0,    0,    0,    0,    0,    0,    0,    0,    0,    0,    0,    0,    0,    0,    0,    0,    0,    0,    0,    0,    0,    0,    0,    0,    0,    0,    0,    0,    0,    0,  -23,    0,    0,    0,    0,
       0,    0,    0,    0,    0,    0,    0,    0,    0,    0,    0,    0,    0,    0,    0,    0,    0,    0,    0,    0,    0,    0,    0,    0,    0,    0,    0,    0,    0,    0,    0,    0,    0,    0,    0,    0,    0,    0,    0,    0,    0,    0,    0,    0,    0,    0,    0,    0,    0,    0,    0,    0,    0,    0,    0,    0,    0,    0,    0,    0,    0,    0,    0,    0,    0,    0,    0,    0,    0,    0,    0,    0,    0,    0,    0,    0,    0,    0,    0,    0,    0,    0,    0,    0,    0,    0,    0,    0,    0,    0,    0,    0,   18,    0,    0,    0,    0,    0,    0,    0,    0,    0,    0,    0,    0,    0,    0,    0,    0,    0,    0,    0,    0,    0,    0,    0,    0,    0,    0,    0,    0,    0,    0,    0,    0,    0,    0,    0,    0,
       0,    0,    0,    0,    0,    0,    0,    0,    0,    0,    0,    0,   -2,    0,    0,    0,    0,    0,    0,    0,    0,    0,    0,    0,    0,    0,    0,    0,    0,    0,    0,    0,    0,    0,    0,    0,    0,    0,    0,    0,    0,    0,    0,    0,    0,    0,    0,    0,    0,    0,    0,    0,    0,    0,    0,    0,    0,    0,    0,    0,    0,    0,    0,    0,    0,    0,    0,    0,    0,    0,    0,    0,    0,    0,    0,    0,    0,    0,    0,    0,    0,    0,    0,    0,    0,    0,    0,    0,    0,    0,    0,    0,    0,    0,    0,    0,    0,    0,    0,    0,    0,    0,    0,    0,    0,    0,    0,    0,    0,    0,    0,    0,    0,    0,    0,    0,    0,    0,    0,    0,    0,    0,    0,    0,    0,    0,    0,    0,    0,
       0,    0,    0,    0,    0,    0,    0,    0,  -32,    0,  -32,  -18,    0,    0,    0,    0,    0,    0,    0,    0,    0,    0,    0,    0,    0,    0,    0,    0,    0,    0,    0,    0,    0,    0,    0,    0,    0,    0,  -24,    0,    0,    0,    0,    0,    0,    0,    0,    0,    0,    0,    0,    0,    0,    0,    0,    0,    0,    0,    0,    0,    0,    0,    0,    0,    0,    0,    0,    0,    0,    0,    0,    0,    0,    0,    0,    0,    0,    0,    0,    0,    0,    0,    0,    0,    0,    0,    0,    0,    0,    0,    0,    0,    0,    0,    0,    0,    0,    0,    0,    0,    0,    0,    0,    0,    0,    0,    0,    0,    0,    0,    0,    0,    0,    0,    0,  -32,    0,    0,    0,    0,    0,    0,    0,    0,    0,    0,    0,    0,    0,
};

static constexpr EpdFontData inter_14_regular = {
    inter_14_regularBitmaps,
    inter_14_regularGlyphs,
    inter_14_regularIntervals,
    62,
    35,
    29,
    -8,
    false,
    nullptr,
    0,
    nullptr,
    inter_14_regularKernLeftClasses,
    inter_14_regularKernRightClasses,
    inter_14_regularKernMatrix,
    745,
    746,
    134,
    129,
    nullptr,
    0,
};
