/**
 * generated by fontconvert.py
 * name: inter_14_ipa_fallback
 * size: 14
 * mode: 1-bit
 * Command used: /mnt/data/inkMOD-v1.1.4_STORAGE_IPA_FINAL/lib/EpdFont/scripts/fontconvert.py inter_14_ipa_fallback 14 /mnt/data/inkMOD-v1.1.4_STORAGE_IPA_FINAL/lib/EpdFont/builtinFonts/source/Inter/Inter-Regular.ttf --additional-intervals 0x0250,0x02FF --additional-intervals 0x1D00,0x1DBF
 */
#pragma once
#include "EpdFontData.h"

static const uint8_t inter_14_ipa_fallbackBitmaps[48863] = {
    0x6F, 0xFF, 0xFF, 0xFF, 0xFF, 0xFF, 0xFF, 0xFE, 0x00, 0x6F, 0xFF, 0x00, 0x63, 0x3B, 0xDD, 0xEE,
    0xF7, 0x7B, 0xB9, 0xDC, 0xEE, 0x73, 0x00, 0x03, 0x03, 0x00, 0xC1, 0xC0, 0x70, 0x70, 0x1C, 0x1C,
    0x07, 0x06, 0x01, 0xC3, 0x83, 0xFF, 0xFD, 0xFF, 0xFF, 0x7F, 0xFF, 0xC3, 0x83, 0x80, 0xE0, 0xC0,
    0x38, 0x70, 0x0E, 0x1C, 0x03, 0x87, 0x0F, 0xFF, 0xFB, 0xFF, 0xFE, 0x7F, 0xFF, 0x07, 0x0E, 0x01,
    0xC3, 0x80, 0x70, 0xE0, 0x38, 0x38, 0x0E, 0x0E, 0x00, 0x01, 0x80, 0x01, 0xC0, 0x01, 0xC0, 0x03,
    0xE0, 0x1F, 0xF8, 0x3F, 0xFC, 0x3D, 0xFE, 0x79, 0xCF, 0x71, 0xCF, 0x71, 0xC7, 0x71, 0xC0, 0x7D,
    0xC0, 0x3F, 0xC0, 0x1F, 0xF0, 0x0F, 0xFC, 0x01, 0xFE, 0x01, 0xFF, 0x01, 0xCF, 0x01, 0xC7, 0xF1,
    0xC7, 0xF1, 0xC7, 0x79, 0xCF, 0x7F, 0xFE, 0x3F, 0xFE, 0x1F, 0xF8, 0x03, 0xE0, 0x01, 0xC0, 0x01,
    0xC0, 0x00, 0x80, 0x1E, 0x00, 0x30, 0x7F, 0x00, 0xE1, 0xFE, 0x03, 0xC3, 0x8E, 0x07, 0x07, 0x1C,
    0x1C, 0x0E, 0x38, 0x78, 0x1C, 0x70, 0xE0, 0x39, 0xC3, 0x80, 0x7F, 0x8E, 0x00, 0x7E, 0x3C, 0x00,
    0x30, 0x70, 0x00, 0x01, 0xC0, 0x00, 0x07, 0x87, 0x00, 0x0E, 0x3F, 0x80, 0x38, 0x7F, 0x80, 0xF1,
    0xC7, 0x01, 0xC3, 0x8E, 0x07, 0x07, 0x1C, 0x1E, 0x0E, 0x38, 0x38, 0x1C, 0x70, 0xE0, 0x1F, 0xE3,
    0xC0, 0x3F, 0x80, 0x00, 0x1C, 0x00, 0x07, 0x80, 0x07, 0xF8, 0x01, 0xFF, 0x00, 0xF1, 0xE0, 0x38,
    0x78, 0x0E, 0x1E, 0x03, 0x87, 0x80, 0xF3, 0xC0, 0x1F, 0xF0, 0x07, 0xF8, 0x00, 0xF8, 0x00, 0x7E,
    0x00, 0x3F, 0xC7, 0x1E, 0x79, 0xCF, 0x1E, 0x73, 0xC3, 0xDC, 0xE0, 0x7F, 0x3C, 0x0F, 0x8F, 0x03,
    0xE1, 0xF3, 0xFC, 0x3F, 0xFF, 0x07, 0xFD, 0xE0, 0x78, 0x00, 0x67, 0x77, 0x77, 0x77, 0x70, 0x0E,
    0x1C, 0x70, 0xE3, 0xC7, 0x0E, 0x3C, 0x78, 0xE1, 0xC3, 0x87, 0x0E, 0x1C, 0x38, 0x70, 0xE1, 0xC3,
    0x87, 0x87, 0x0E, 0x1E, 0x1C, 0x3C, 0x38, 0x00, 0xE1, 0xE1, 0xC3, 0xC3, 0x87, 0x0F, 0x1E, 0x1C,
    0x38, 0x70, 0xF1, 0xE3, 0xC7, 0x8F, 0x1E, 0x38, 0x70, 0xE3, 0xC7, 0x8E, 0x3C, 0x70, 0xE3, 0x80,
    0x00, 0x06, 0x00, 0x70, 0x07, 0x06, 0x67, 0xFF, 0xF7, 0xFE, 0x1F, 0x83, 0xFC, 0x7F, 0xFF, 0x6F,
    0x47, 0x20, 0x70, 0x07, 0x00, 0x01, 0x00, 0x07, 0x00, 0x0E, 0x00, 0x1C, 0x00, 0x38, 0x00, 0x70,
    0x3F, 0xFF, 0xFF, 0xFF, 0xFF, 0xFE, 0x07, 0x00, 0x0E, 0x00, 0x1C, 0x00, 0x38, 0x00, 0x70, 0x00,
    0xE0, 0x00, 0x3B, 0xDE, 0xE7, 0x39, 0x9C, 0xE0, 0x7F, 0xCF, 0xFD, 0xFF, 0xBF, 0xE0, 0x6F, 0xFF,
    0x00, 0x01, 0xC0, 0x70, 0x1C, 0x0E, 0x03, 0x80, 0xE0, 0x78, 0x1C, 0x07, 0x01, 0xC0, 0xE0, 0x38,
    0x0E, 0x03, 0x81, 0xC0, 0x70, 0x1C, 0x07, 0x03, 0x80, 0xE0, 0x38, 0x1E, 0x07, 0x01, 0xC0, 0x70,
    0x38, 0x06, 0x00, 0x03, 0xC0, 0x0F, 0xF0, 0x1F, 0xF8, 0x3E, 0x3C, 0x38, 0x1E, 0x78, 0x0E, 0x70,
    0x0E, 0x70, 0x0F, 0xF0, 0x07, 0xF0, 0x07, 0xF0, 0x07, 0xF0, 0x07, 0xF0, 0x07, 0xF0, 0x07, 0xF0,
    0x0F, 0x70, 0x0F, 0x70, 0x0E, 0x78, 0x1E, 0x3C, 0x1E, 0x3E, 0x7C, 0x1F, 0xF8, 0x0F, 0xF0, 0x01,
    0xC0, 0x07, 0x0F, 0x8F, 0xCF, 0xEF, 0x77, 0x3B, 0x1C, 0x0E, 0x07, 0x03, 0x81, 0xC0, 0xE0, 0x70,
    0x38, 0x1C, 0x0E, 0x07, 0x03, 0x81, 0xC0, 0xE0, 0x70, 0x38, 0x07, 0xC0, 0x3F, 0xE0, 0xFF, 0xE1,
    0xE3, 0xE7, 0x81, 0xCE, 0x03, 0xDC, 0x07, 0x80, 0x0F, 0x00, 0x1C, 0x00, 0x78, 0x00, 0xE0, 0x03,
    0xC0, 0x0F, 0x00, 0x3C, 0x00, 0xF0, 0x03, 0xC0, 0x0F, 0x00, 0x3C, 0x00, 0xF0, 0x03, 0xFF, 0xF7,
    0xFF, 0xEF, 0xFF, 0xC0, 0x07, 0xE0, 0x1F, 0xF0, 0x3F, 0xFC, 0x3C, 0x3C, 0x78, 0x1E, 0x70, 0x1E,
    0x70, 0x1E, 0x00, 0x1E, 0x00, 0x1C, 0x00, 0x7C, 0x03, 0xF8, 0x03, 0xF8, 0x03, 0xFC, 0x00, 0x1E,
    0x00, 0x0E, 0x00, 0x0F, 0xF0, 0x0F, 0xF0, 0x0E, 0x78, 0x1E, 0x7E, 0x7E, 0x3F, 0xFC, 0x1F, 0xF0,
    0x03, 0xC0, 0x00, 0x38, 0x00, 0x3E, 0x00, 0x3F, 0x00, 0x1F, 0x80, 0x1F, 0xC0, 0x1F, 0xE0, 0x0E,
    0xF0, 0x0F, 0x78, 0x07, 0x3C, 0x07, 0x1E, 0x07, 0x8F, 0x03, 0x87, 0x83, 0x83, 0xC3, 0xC1, 0xE1,
    0xC0, 0xF1, 0xFF, 0xFF, 0xFF, 0xFF, 0xFF, 0xFF, 0x80, 0x0F, 0x00, 0x07, 0x80, 0x03, 0xC0, 0x01,
    0xE0, 0x3F, 0xF8, 0x7F, 0xF8, 0xFF, 0xF3, 0xFF, 0xC7, 0x80, 0x0F, 0x00, 0x1C, 0x00, 0x38, 0x00,
    0x77, 0xE0, 0xFF, 0xF1, 0xFF, 0xE3, 0xC1, 0xE0, 0x01, 0xC0, 0x03, 0xC0, 0x03, 0x80, 0x07, 0xF0,
    0x1F, 0xE0, 0x3D, 0xE0, 0xF3, 0xF7, 0xE3, 0xFF, 0x83, 0xFE, 0x00, 0xE0, 0x00, 0x03, 0xE0, 0x0F,
    0xF8, 0x1F, 0xFC, 0x3E, 0x3E, 0x38, 0x1E, 0x78, 0x0E, 0x70, 0x00, 0x70, 0x00, 0x73, 0xF0, 0xFF,
    0xF8, 0xFF, 0xFC, 0xFC, 0x3E, 0xF8, 0x1E, 0xF0, 0x0E, 0xF0, 0x0F, 0x70, 0x0F, 0x70, 0x0E, 0x78,
    0x0E, 0x78, 0x1E, 0x3E, 0x7C, 0x1F, 0xF8, 0x0F, 0xF0, 0x01, 0xC0, 0xFF, 0xFF, 0xFF, 0xFF, 0xFF,
    0xDF, 0xFF, 0x00, 0x3C, 0x00, 0xE0, 0x07, 0x80, 0x1C, 0x00, 0xF0, 0x03, 0x80, 0x1E, 0x00, 0x70,
    0x03, 0xC0, 0x0E, 0x00, 0x78, 0x01, 0xC0, 0x0F, 0x00, 0x38, 0x01, 0xE0, 0x07, 0x00, 0x3C, 0x00,
    0xE0, 0x00, 0x07, 0xC0, 0x1F, 0xF0, 0x3F, 0xF8, 0x3C, 0x3C, 0x78, 0x1C, 0x70, 0x1E, 0x70, 0x1E,
    0x78, 0x1E, 0x38, 0x1C, 0x3E, 0xFC, 0x1F, 0xF8, 0x1F, 0xF8, 0x3F, 0xFC, 0x78, 0x1E, 0x70, 0x0E,
    0xF0, 0x0E, 0xF0, 0x0F, 0xF0, 0x0E, 0x78, 0x1E, 0x7E, 0x7E, 0x3F, 0xFC, 0x1F, 0xF0, 0x03, 0xC0,
    0x07, 0xC0, 0x1F, 0xF0, 0x3F, 0xF8, 0x7C, 0x7C, 0x78, 0x1C, 0x70, 0x1E, 0xF0, 0x0E, 0xF0, 0x0E,
    0xF0, 0x0E, 0x70, 0x1F, 0x78, 0x1F, 0x7C, 0x7F, 0x3F, 0xFF, 0x1F, 0xEE, 0x07, 0xCE, 0x00, 0x0E,
    0x70, 0x0E, 0x70, 0x1C, 0x78, 0x3C, 0x7E, 0xF8, 0x3F, 0xF8, 0x1F, 0xE0, 0x03, 0x80, 0x6F, 0xFF,
    0x00, 0x00, 0x00, 0x06, 0xFF, 0xF0, 0x39, 0xE7, 0xDE, 0x10, 0x00, 0x00, 0x00, 0x00, 0x0E, 0x79,
    0xE7, 0x1C, 0x71, 0x8E, 0x38, 0x00, 0x0C, 0x00, 0xF0, 0x0F, 0xC0, 0xFE, 0x0F, 0xE0, 0xFE, 0x0F,
    0xE0, 0x3E, 0x00, 0xFC, 0x01, 0xFC, 0x01, 0xFC, 0x01, 0xFC, 0x01, 0xFC, 0x01, 0xF0, 0x01, 0xC0,
    0x01, 0xFF, 0xFF, 0xFF, 0xFF, 0xFE, 0x00, 0x00, 0x00, 0x00, 0x03, 0xFF, 0xFF, 0xFF, 0xFF, 0xF8,
    0xC0, 0x03, 0xC0, 0x0F, 0xC0, 0x1F, 0xC0, 0x1F, 0xC0, 0x1F, 0xC0, 0x1F, 0xC0, 0x1F, 0x00, 0xFC,
    0x0F, 0xE0, 0xFE, 0x0F, 0xE0, 0xFE, 0x03, 0xE0, 0x0E, 0x00, 0x20, 0x00, 0x0F, 0x81, 0xFF, 0x1F,
    0xFD, 0xF1, 0xEF, 0x07, 0xF0, 0x1F, 0x80, 0xE0, 0x0F, 0x00, 0x70, 0x0F, 0x80, 0xF8, 0x0F, 0x80,
    0x70, 0x07, 0x80, 0x3C, 0x01, 0xC0, 0x00, 0x00, 0x00, 0x01, 0x80, 0x1E, 0x00, 0xF0, 0x07, 0x80,
    0x10, 0x00, 0x00, 0x3F, 0x80, 0x00, 0x7F, 0xFC, 0x00, 0x7F, 0xFF, 0x80, 0x3F, 0x01, 0xF0, 0x1F,
    0x00, 0x1E, 0x0F, 0x00, 0x03, 0xC3, 0x81, 0xC0, 0x79, 0xE1, 0xFF, 0x8E, 0x70, 0xFF, 0xE3, 0x9C,
    0x78, 0x78, 0x77, 0x1C, 0x0E, 0x1F, 0xC7, 0x03, 0x87, 0xE1, 0xC0, 0xE1, 0xF8, 0xE0, 0x38, 0x7E,
    0x1C, 0x0E, 0x1F, 0xC7, 0x03, 0x87, 0x71, 0xC0, 0xE1, 0xDC, 0x78, 0x78, 0xE7, 0x0F, 0xFF, 0xF9,
    0xE1, 0xFD, 0xFC, 0x38, 0x1E, 0x3E, 0x0F, 0x00, 0x00, 0x01, 0xE0, 0x00, 0x00, 0x3E, 0x00, 0xC0,
    0x07, 0xFF, 0xF0, 0x00, 0x7F, 0xFC, 0x00, 0x07, 0xFC, 0x00, 0x00, 0xE0, 0x00, 0x0F, 0x00, 0x01,
    0xF0, 0x00, 0x1F, 0x80, 0x01, 0xF8, 0x00, 0x3F, 0xC0, 0x03, 0x9C, 0x00, 0x39, 0xC0, 0x07, 0x9E,
    0x00, 0x70, 0xE0, 0x0F, 0x0E, 0x00, 0xF0, 0xF0, 0x0E, 0x07, 0x01, 0xFF, 0xF8, 0x1F, 0xFF, 0x81,
    0xFF, 0xF8, 0x3C, 0x03, 0xC3, 0x80, 0x3C, 0x38, 0x01, 0xC7, 0x80, 0x1E, 0x70, 0x00, 0xEF, 0x00,
    0x0E, 0x7F, 0x80, 0xFF, 0xF0, 0xFF, 0xFC, 0xFF, 0xFC, 0xF0, 0x1E, 0xF0, 0x1E, 0xF0, 0x0E, 0xF0,
    0x0E, 0xF0, 0x1E, 0xF0, 0x7C, 0xFF, 0xF8, 0xFF, 0xF8, 0xFF, 0xFE, 0xF0, 0x1E, 0xF0, 0x0F, 0xF0,
    0x0F, 0xF0, 0x0F, 0xF0, 0x0F, 0xF0, 0x1E, 0xFF, 0xFE, 0xFF, 0xFC, 0xFF, 0xF8, 0x01, 0xF8, 0x00,
    0xFF, 0xC0, 0x3F, 0xFE, 0x0F, 0xC7, 0xC3, 0xC0, 0x3C, 0x70, 0x03, 0xDE, 0x00, 0x7B, 0x80, 0x07,
    0x70, 0x00, 0x1E, 0x00, 0x03, 0xC0, 0x00, 0x78, 0x00, 0x0F, 0x00, 0x01, 0xE0, 0x00, 0x1C, 0x00,
    0x03, 0x80, 0x07, 0x78, 0x01, 0xE7, 0x80, 0x38, 0xF8, 0x1F, 0x0F, 0xFF, 0xC0, 0xFF, 0xF0, 0x0F,
    0xFC, 0x00, 0x3C, 0x00, 0x7F, 0x80, 0x3F, 0xFC, 0x0F, 0xFF, 0xC3, 0xFF, 0xF8, 0xF0, 0x1F, 0x3C,
    0x03, 0xCF, 0x00, 0x7B, 0xC0, 0x0E, 0xF0, 0x03, 0xBC, 0x00, 0xEF, 0x00, 0x3F, 0xC0, 0x0F, 0xF0,
    0x03, 0xFC, 0x00, 0xEF, 0x00, 0x3B, 0xC0, 0x1E, 0xF0, 0x07, 0xBC, 0x03, 0xCF, 0x01, 0xF3, 0xFF,
    0xF8, 0xFF, 0xFC, 0x3F, 0xFC, 0x00, 0x7F, 0xFF, 0xFF, 0xFF, 0xFF, 0xFF, 0xFE, 0xF0, 0x03, 0xC0,
    0x0F, 0x00, 0x3C, 0x00, 0xF0, 0x03, 0xC0, 0x0F, 0xFF, 0xBF, 0xFE, 0xFF, 0xFB, 0xC0, 0x0F, 0x00,
    0x3C, 0x00, 0xF0, 0x03, 0xC0, 0x0F, 0x00, 0x3F, 0xFF, 0xFF, 0xFF, 0xFF, 0xF0, 0x7F, 0xFB, 0xFF,
    0xFF, 0xFF, 0xFF, 0xFE, 0xF0, 0x03, 0xC0, 0x0F, 0x00, 0x3C, 0x00, 0xF0, 0x03, 0xC0, 0x0F, 0xFF,
    0xBF, 0xFE, 0xFF, 0xFB, 0xC0, 0x0F, 0x00, 0x3C, 0x00, 0xF0, 0x03, 0xC0, 0x0F, 0x00, 0x3C, 0x00,
    0xF0, 0x03, 0xC0, 0x00, 0x01, 0xF8, 0x00, 0xFF, 0xC0, 0x3F, 0xFC, 0x0F, 0xC7, 0xC3, 0xC0, 0x3C,
    0x70, 0x03, 0xDE, 0x00, 0x7B, 0x80, 0x07, 0x70, 0x00, 0x1E, 0x00, 0x03, 0xC0, 0x00, 0x78, 0x1F,
    0xFF, 0x03, 0xFF, 0xE0, 0x7F, 0xDC, 0x00, 0x3B, 0x80, 0x07, 0x78, 0x01, 0xE7, 0x80, 0x3C, 0xF8,
    0x0F, 0x0F, 0xFF, 0xC0, 0xFF, 0xF0, 0x0F, 0xFC, 0x00, 0x3C, 0x00, 0x60, 0x03, 0xF8, 0x01, 0xFC,
    0x00, 0xFE, 0x00, 0x7F, 0x00, 0x3F, 0x80, 0x1F, 0xC0, 0x0F, 0xE0, 0x07, 0xF0, 0x03, 0xF8, 0x01,
    0xFF, 0xFF, 0xFF, 0xFF, 0xFF, 0xFF, 0xFF, 0x80, 0x1F, 0xC0, 0x0F, 0xE0, 0x07, 0xF0, 0x03, 0xF8,
    0x01, 0xFC, 0x00, 0xFE, 0x00, 0x7F, 0x00, 0x3F, 0x80, 0x1C, 0x6F, 0xFF, 0xFF, 0xFF, 0xFF, 0xFF,
    0xFF, 0xFF, 0xFF, 0xFF, 0xFF, 0x00, 0x38, 0x01, 0xC0, 0x0E, 0x00, 0x70, 0x03, 0x80, 0x1C, 0x00,
    0xE0, 0x07, 0x00, 0x38, 0x01, 0xC0, 0x0E, 0x00, 0x70, 0x03, 0x80, 0x1F, 0x80, 0xFC, 0x07, 0xE0,
    0x3F, 0x81, 0xFC, 0x1E, 0xFB, 0xF7, 0xFF, 0x0F, 0xF0, 0x1C, 0x00, 0x60, 0x07, 0x78, 0x07, 0xBC,
    0x07, 0xDE, 0x07, 0xCF, 0x07, 0xC7, 0x87, 0xC3, 0xC7, 0xC1, 0xE7, 0xC0, 0xF3, 0xC0, 0x7B, 0xC0,
    0x3F, 0xE0, 0x1F, 0xF8, 0x0F, 0xFC, 0x07, 0xCF, 0x03, 0xC3, 0xC1, 0xE1, 0xE0, 0xF0, 0x78, 0x78,
    0x1E, 0x3C, 0x07, 0x9E, 0x03, 0xCF, 0x00, 0xF7, 0x80, 0x3C, 0x60, 0x03, 0xC0, 0x0F, 0x00, 0x3C,
    0x00, 0xF0, 0x03, 0xC0, 0x0F, 0x00, 0x3C, 0x00, 0xF0, 0x03, 0xC0, 0x0F, 0x00, 0x3C, 0x00, 0xF0,
    0x03, 0xC0, 0x0F, 0x00, 0x3C, 0x00, 0xF0, 0x03, 0xC0, 0x0F, 0x00, 0x3F, 0xFE, 0xFF, 0xFB, 0xFF,
    0xE0, 0x70, 0x00, 0x3F, 0xE0, 0x01, 0xFF, 0x80, 0x07, 0xFF, 0x00, 0x3F, 0xFC, 0x00, 0xFF, 0xF0,
    0x03, 0xFF, 0xE0, 0x1F, 0xFB, 0x80, 0x77, 0xEF, 0x03, 0xDF, 0x9C, 0x0E, 0x7E, 0x70, 0x39, 0xF9,
    0xE1, 0xE7, 0xE3, 0x87, 0x1F, 0x8F, 0x1C, 0x7E, 0x3C, 0xF1, 0xF8, 0x73, 0x87, 0xE1, 0xFE, 0x1F,
    0x83, 0xF0, 0x7E, 0x0F, 0xC1, 0xF8, 0x3F, 0x07, 0xE0, 0x78, 0x1F, 0x81, 0xE0, 0x70, 0x70, 0x01,
    0xBC, 0x00, 0xFF, 0x80, 0x3F, 0xF0, 0x0F, 0xFC, 0x03, 0xFF, 0x80, 0xFE, 0xF0, 0x3F, 0xBC, 0x0F,
    0xE7, 0x83, 0xFC, 0xF0, 0xFF, 0x3C, 0x3F, 0xC7, 0x8F, 0xF0, 0xE3, 0xFC, 0x3C, 0xFF, 0x07, 0xBF,
    0xC0, 0xEF, 0xF0, 0x3F, 0xFC, 0x07, 0xFF, 0x01, 0xFF, 0xC0, 0x3F, 0xF0, 0x07, 0xFC, 0x01, 0xF0,
    0x01, 0xF8, 0x00, 0x7F, 0xE0, 0x0F, 0xFF, 0x01, 0xF8, 0xF8, 0x3C, 0x03, 0xC3, 0x80, 0x1E, 0x78,
    0x01, 0xE7, 0x00, 0x0E, 0x70, 0x00, 0xFF, 0x00, 0x0F, 0xF0, 0x00, 0x7F, 0x00, 0x07, 0xF0, 0x00,
    0x7F, 0x00, 0x0F, 0x70, 0x00, 0xF7, 0x00, 0x0E, 0x78, 0x01, 0xE3, 0xC0, 0x1E, 0x3E, 0x07, 0xC1,
    0xFF, 0xF8, 0x0F, 0xFF, 0x00, 0x7F, 0xE0, 0x00, 0xF0, 0x00, 0x7F, 0x80, 0xFF, 0xF0, 0xFF, 0xFC,
    0xFF, 0xFC, 0xF0, 0x1E, 0xF0, 0x0E, 0xF0, 0x0E, 0xF0, 0x0E, 0xF0, 0x0E, 0xF0, 0x0E, 0xF0, 0x1E,
    0xFF, 0xFC, 0xFF, 0xF8, 0xFF, 0xF0, 0xFF, 0x80, 0xF0, 0x00, 0xF0, 0x00, 0xF0, 0x00, 0xF0, 0x00,
    0xF0, 0x00, 0xF0, 0x00, 0xF0, 0x00, 0x01, 0xF8, 0x00, 0x7F, 0xE0, 0x0F, 0xFF, 0x01, 0xF8, 0xF8,
    0x3C, 0x03, 0xC3, 0x80, 0x1E, 0x78, 0x01, 0xE7, 0x00, 0x0E, 0x70, 0x00, 0xFF, 0x00, 0x0F, 0xF0,
    0x00, 0x7F, 0x00, 0x07, 0xF0, 0x00, 0x7F, 0x00, 0x0F, 0x70, 0x00, 0xF7, 0x07, 0x8E, 0x78, 0x39,
    0xE3, 0xC3, 0xDE, 0x3E, 0x1F, 0xC1, 0xFF, 0xF8, 0x0F, 0xFF, 0x00, 0x7F, 0xF8, 0x00, 0xF3, 0xC0,
    0x00, 0x1E, 0x7F, 0x80, 0xFF, 0xF0, 0xFF, 0xFC, 0xFF, 0xFC, 0xF0, 0x1E, 0xF0, 0x0E, 0xF0, 0x0E,
    0xF0, 0x0E, 0xF0, 0x0E, 0xF0, 0x1E, 0xF0, 0x3E, 0xFF, 0xFC, 0xFF, 0xF8, 0xFF, 0xF0, 0xF0, 0xF0,
    0xF0, 0x78, 0xF0, 0x78, 0xF0, 0x3C, 0xF0, 0x3C, 0xF0, 0x1E, 0xF0, 0x1E, 0xF0, 0x0F, 0x03, 0xE0,
    0x1F, 0xF8, 0x3F, 0xFC, 0x3C, 0x3E, 0x78, 0x0F, 0x70, 0x0F, 0x70, 0x07, 0x70, 0x00, 0x7C, 0x00,
    0x3F, 0x00, 0x1F, 0xF0, 0x0F, 0xFC, 0x01, 0xFE, 0x00, 0x3F, 0x00, 0x0F, 0x00, 0x07, 0xF0, 0x07,
    0xF0, 0x07, 0x78, 0x0F, 0x7E, 0x7E, 0x3F, 0xFE, 0x1F, 0xF8, 0x03, 0xE0, 0xFF, 0xFF, 0x7F, 0xFF,
    0xFF, 0xFF, 0xEF, 0xFF, 0xE0, 0x1C, 0x00, 0x0E, 0x00, 0x07, 0x00, 0x03, 0x80, 0x01, 0xC0, 0x00,
    0xE0, 0x00, 0x70, 0x00, 0x38, 0x00, 0x1C, 0x00, 0x0E, 0x00, 0x07, 0x00, 0x03, 0x80, 0x01, 0xC0,
    0x00, 0xE0, 0x00, 0x70, 0x00, 0x38, 0x00, 0x1C, 0x00, 0x0E, 0x00, 0xE0, 0x03, 0xF0, 0x01, 0xF8,
    0x00, 0xFC, 0x00, 0x7E, 0x00, 0x3F, 0x00, 0x1F, 0x80, 0x0F, 0xC0, 0x07, 0xE0, 0x03, 0xF0, 0x01,
    0xF8, 0x00, 0xFC, 0x00, 0x7E, 0x00, 0x3F, 0x00, 0x1F, 0x80, 0x0F, 0xE0, 0x07, 0xF0, 0x03, 0xB8,
    0x03, 0xDE, 0x03, 0xC7, 0xFF, 0xE1, 0xFF, 0xE0, 0x7F, 0xE0, 0x07, 0x80, 0x60, 0x00, 0xE7, 0x00,
    0x0E, 0x70, 0x01, 0xE7, 0x80, 0x1E, 0x38, 0x01, 0xC3, 0xC0, 0x3C, 0x3C, 0x03, 0xC1, 0xC0, 0x38,
    0x1E, 0x07, 0x81, 0xE0, 0x70, 0x0E, 0x07, 0x00, 0xF0, 0xF0, 0x07, 0x0E, 0x00, 0x70, 0xE0, 0x07,
    0x9E, 0x00, 0x39, 0xC0, 0x03, 0x9C, 0x00, 0x3F, 0xC0, 0x01, 0xF8, 0x00, 0x1F, 0x80, 0x00, 0xF0,
    0x00, 0x0F, 0x00, 0x60, 0x07, 0x00, 0x7F, 0x00, 0xF0, 0x07, 0x70, 0x0F, 0x80, 0xF7, 0x00, 0xF8,
    0x0F, 0x78, 0x1F, 0x80, 0xE3, 0x81, 0xF8, 0x0E, 0x38, 0x1F, 0xC1, 0xE3, 0x81, 0xDC, 0x1C, 0x3C,
    0x3D, 0xC1, 0xC1, 0xC3, 0x9C, 0x3C, 0x1C, 0x39, 0xE3, 0xC1, 0xE3, 0x8E, 0x38, 0x1E, 0x78, 0xE3,
    0x80, 0xE7, 0x0E, 0x78, 0x0E, 0x70, 0x77, 0x00, 0xFF, 0x07, 0x70, 0x07, 0xE0, 0x77, 0x00, 0x7E,
    0x07, 0xF0, 0x07, 0xE0, 0x3E, 0x00, 0x7E, 0x03, 0xE0, 0x03, 0xC0, 0x3E, 0x00, 0x3C, 0x03, 0xE0,
    0x70, 0x00, 0xCF, 0x00, 0x3C, 0xF0, 0x0F, 0x0F, 0x03, 0xC1, 0xE0, 0x70, 0x1E, 0x1E, 0x01, 0xE7,
    0x80, 0x3C, 0xE0, 0x03, 0xFC, 0x00, 0x3F, 0x00, 0x07, 0xC0, 0x00, 0x78, 0x00, 0x1F, 0x80, 0x07,
    0xF8, 0x00, 0xEF, 0x00, 0x3C, 0xF0, 0x0F, 0x0F, 0x03, 0xC1, 0xE0, 0x78, 0x1E, 0x1E, 0x01, 0xE7,
    0x80, 0x3C, 0xF0, 0x03, 0xC0, 0x70, 0x00, 0xEF, 0x00, 0x3D, 0xE0, 0x0F, 0x1E, 0x01, 0xE1, 0xC0,
    0x78, 0x3C, 0x0E, 0x03, 0xC3, 0xC0, 0x78, 0xF0, 0x07, 0x9E, 0x00, 0x77, 0x80, 0x0F, 0xE0, 0x00,
    0xFC, 0x00, 0x0F, 0x00, 0x01, 0xE0, 0x00, 0x3C, 0x00, 0x07, 0x80, 0x00, 0xF0, 0x00, 0x1E, 0x00,
    0x03, 0xC0, 0x00, 0x78, 0x00, 0x0F, 0x00, 0x01, 0xE0, 0x00, 0x7F, 0xFF, 0xFF, 0xFF, 0xFF, 0xFF,
    0x7F, 0xFF, 0x00, 0x1E, 0x00, 0x3C, 0x00, 0x38, 0x00, 0x78, 0x00, 0xF0, 0x00, 0xE0, 0x01, 0xE0,
    0x03, 0xC0, 0x07, 0x80, 0x07, 0x80, 0x0F, 0x00, 0x1E, 0x00, 0x1C, 0x00, 0x3C, 0x00, 0x78, 0x00,
    0x7F, 0xFF, 0xFF, 0xFF, 0xFF, 0xFF, 0xFF, 0xFF, 0xF8, 0xE3, 0x8E, 0x38, 0xE3, 0x8E, 0x38, 0xE3,
    0x8E, 0x38, 0xE3, 0x8E, 0x38, 0xE3, 0x8E, 0x38, 0xFB, 0xFF, 0xC0, 0x60, 0x38, 0x07, 0x01, 0xC0,
    0x70, 0x1E, 0x03, 0x80, 0xE0, 0x38, 0x07, 0x01, 0xC0, 0x70, 0x1C, 0x03, 0x80, 0xE0, 0x38, 0x0F,
    0x01, 0xC0, 0x70, 0x1C, 0x07, 0x80, 0xE0, 0x38, 0x0E, 0x01, 0xC0, 0x70, 0x0C, 0xFD, 0xFF, 0xF8,
    0xF1, 0xE3, 0xC7, 0x8F, 0x1E, 0x3C, 0x78, 0xF1, 0xE3, 0xC7, 0x8F, 0x1E, 0x3C, 0x78, 0xF1, 0xE3,
    0xC7, 0x8F, 0x7F, 0xFF, 0xF8, 0x00, 0x0F, 0x01, 0xF0, 0x1F, 0x81, 0xF8, 0x3B, 0xC3, 0x9C, 0x71,
    0xC7, 0x0E, 0xE0, 0xEE, 0x07, 0xFF, 0xFF, 0xFF, 0xFF, 0xFF, 0x80, 0x71, 0xE3, 0x87, 0x0C, 0x1F,
    0xE1, 0xFF, 0x9F, 0xFE, 0xE0, 0xF7, 0x03, 0x80, 0x1C, 0x0F, 0xE7, 0xFF, 0x7F, 0xFF, 0xE1, 0xFC,
    0x0F, 0xC0, 0x7E, 0x07, 0xFC, 0x7D, 0xFF, 0xE7, 0xF7, 0x0E, 0x00, 0xE0, 0x01, 0xC0, 0x03, 0x80,
    0x07, 0x00, 0x0E, 0x00, 0x1C, 0x00, 0x3B, 0xF8, 0x7F, 0xF8, 0xFF, 0xF9, 0xF0, 0x7B, 0xC0, 0xF7,
    0x00, 0xEE, 0x01, 0xDC, 0x03, 0xF8, 0x07, 0xF0, 0x0E, 0xE0, 0x1D, 0xE0, 0x3B, 0xC0, 0xF7, 0xE7,
    0xCF, 0xFF, 0x1D, 0xFC, 0x00, 0xE0, 0x00, 0x0F, 0xE0, 0x3F, 0xE0, 0xFF, 0xE3, 0xC1, 0xE7, 0x01,
    0xDE, 0x00, 0x38, 0x00, 0x70, 0x00, 0xE0, 0x01, 0xC0, 0x03, 0xC0, 0x03, 0x80, 0xE7, 0x83, 0xCF,
    0x8F, 0x8F, 0xFE, 0x0F, 0xF8, 0x03, 0x80, 0x00, 0x0C, 0x00, 0x3C, 0x00, 0x78, 0x00, 0xF0, 0x01,
    0xE0, 0x03, 0xC3, 0xF7, 0x9F, 0xFF, 0x3F, 0xFE, 0xF0, 0x7D, 0xC0, 0x7F, 0x80, 0xFE, 0x01, 0xFC,
    0x01, 0xF8, 0x03, 0xF0, 0x0F, 0xF0, 0x1F, 0xE0, 0x3D, 0xE0, 0xFB, 0xE3, 0xF3, 0xFF, 0xE3, 0xFD,
    0xC1, 0xE0, 0x00, 0x0F, 0xE0, 0x3F, 0xE0, 0xFF, 0xE3, 0xC1, 0xE7, 0x01, 0xDE, 0x03, 0xFF, 0xFF,
    0xFF, 0xFF, 0xFF, 0xFF, 0xC0, 0x03, 0xC0, 0x03, 0x80, 0xC7, 0x81, 0xCF, 0x8F, 0x8F, 0xFE, 0x0F,
    0xF8, 0x03, 0xC0, 0x07, 0xC3, 0xF1, 0xFC, 0x70, 0x1C, 0x07, 0x0F, 0xFF, 0xFF, 0xFF, 0xC7, 0x01,
    0xC0, 0x70, 0x1C, 0x07, 0x01, 0xC0, 0x70, 0x1C, 0x07, 0x01, 0xC0, 0x70, 0x1C, 0x07, 0x00, 0x0F,
    0xCE, 0x7F, 0xDC, 0xFF, 0xFB, 0xC1, 0xF7, 0x01, 0xFE, 0x03, 0xF8, 0x07, 0xF0, 0x07, 0xE0, 0x0F,
    0xC0, 0x3F, 0xC0, 0x7B, 0x80, 0xF7, 0x83, 0xE7, 0xFF, 0xCF, 0xFB, 0x87, 0xE7, 0x00, 0x0E, 0x00,
    0x3D, 0xC0, 0x73, 0xE3, 0xE3, 0xFF, 0x83, 0xFE, 0x00, 0xE0, 0x00, 0xE0, 0x07, 0x00, 0x38, 0x01,
    0xC0, 0x0E, 0x00, 0x70, 0x03, 0xBF, 0x9F, 0xFE, 0xFF, 0xF7, 0x83, 0xFC, 0x0F, 0xC0, 0x7E, 0x03,
    0xF0, 0x1F, 0x80, 0xFC, 0x07, 0xE0, 0x3F, 0x01, 0xF8, 0x0F, 0xC0, 0x7E, 0x03, 0xF0, 0x1C, 0x77,
    0xBC, 0xE0, 0x01, 0xCE, 0x73, 0x9C, 0xE7, 0x39, 0xCE, 0x73, 0x9C, 0xE7, 0x38, 0x1C, 0x78, 0xF0,
    0xE0, 0x00, 0x07, 0x0E, 0x1C, 0x38, 0x70, 0xE1, 0xC3, 0x87, 0x0E, 0x1C, 0x38, 0x70, 0xE1, 0xC3,
    0x87, 0x0E, 0x1D, 0xFB, 0xE7, 0x80, 0xE0, 0x03, 0x80, 0x0E, 0x00, 0x38, 0x00, 0xE0, 0x03, 0x80,
    0x0E, 0x07, 0xB8, 0x3C, 0xE1, 0xE3, 0x8F, 0x0E, 0x78, 0x3B, 0xC0, 0xFE, 0x03, 0xF8, 0x0F, 0xF0,
    0x3D, 0xE0, 0xE7, 0xC3, 0x8F, 0x0E, 0x1E, 0x38, 0x3C, 0xE0, 0x7B, 0x81, 0xE0, 0xFF, 0xFF, 0xFF,
    0xFF, 0xFF, 0xFF, 0xFF, 0xFF, 0xC0, 0x00, 0x00, 0x03, 0xBF, 0x1F, 0x8F, 0xFE, 0xFF, 0x3F, 0xFF,
    0xFE, 0xF0, 0xF8, 0x3B, 0x81, 0xE0, 0xEE, 0x07, 0x03, 0xF8, 0x1C, 0x0F, 0xE0, 0x70, 0x3F, 0x81,
    0xC0, 0xFE, 0x07, 0x03, 0xF8, 0x1C, 0x0F, 0xE0, 0x70, 0x3F, 0x81, 0xC0, 0xFE, 0x07, 0x03, 0xF8,
    0x1C, 0x0F, 0xE0, 0x70, 0x3C, 0xEF, 0xE7, 0xFF, 0xBF, 0xFD, 0xE0, 0xFF, 0x03, 0xF0, 0x1F, 0x80,
    0xFC, 0x07, 0xE0, 0x3F, 0x01, 0xF8, 0x0F, 0xC0, 0x7E, 0x03, 0xF0, 0x1F, 0x80, 0xFC, 0x07, 0x0F,
    0xE0, 0x3F, 0xE0, 0xFF, 0xE3, 0xC1, 0xE7, 0x01, 0xFE, 0x03, 0xF8, 0x03, 0xF0, 0x07, 0xE0, 0x0F,
    0xC0, 0x1F, 0xC0, 0x3B, 0x80, 0xF7, 0x83, 0xCF, 0x8F, 0x8F, 0xFE, 0x0F, 0xF8, 0x03, 0x80, 0xEF,
    0xE1, 0xFF, 0xE3, 0xFF, 0xE7, 0xC1, 0xEF, 0x03, 0xDC, 0x03, 0xB8, 0x07, 0x70, 0x0F, 0xE0, 0x1F,
    0xC0, 0x3B, 0x80, 0x77, 0x80, 0xEF, 0x03, 0xDF, 0x9F, 0x3F, 0xFC, 0x77, 0xF0, 0xE3, 0x81, 0xC0,
    0x03, 0x80, 0x07, 0x00, 0x0E, 0x00, 0x1C, 0x00, 0x00, 0x0F, 0xCE, 0x7F, 0xDC, 0xFF, 0xFB, 0xC1,
    0xF7, 0x01, 0xFE, 0x03, 0xF8, 0x07, 0xF0, 0x07, 0xE0, 0x0F, 0xC0, 0x3F, 0xC0, 0x7F, 0x80, 0xF7,
    0x83, 0xEF, 0x8F, 0xCF, 0xFF, 0x8F, 0xFF, 0x07, 0x9E, 0x00, 0x3C, 0x00, 0x78, 0x00, 0xF0, 0x01,
    0xE0, 0x01, 0xC0, 0xEF, 0xFF, 0xFF, 0xF0, 0xE0, 0xE0, 0xE0, 0xE0, 0xE0, 0xE0, 0xE0, 0xE0, 0xE0,
    0xE0, 0xE0, 0xE0, 0x1F, 0xC1, 0xFF, 0x1F, 0xFC, 0xE0, 0xF7, 0x03, 0x38, 0x01, 0xF8, 0x07, 0xF8,
    0x1F, 0xF0, 0x1F, 0xC0, 0x1E, 0xC0, 0x7F, 0x07, 0xBC, 0x7D, 0xFF, 0xC7, 0xFC, 0x07, 0x00, 0x3C,
    0x1E, 0x0F, 0x07, 0x8F, 0xFF, 0xFF, 0xFE, 0x78, 0x3C, 0x1E, 0x0F, 0x07, 0x83, 0xC1, 0xE0, 0xF0,
    0x78, 0x3C, 0x0F, 0x07, 0xE1, 0xF0, 0x30, 0xE0, 0x3F, 0x01, 0xF8, 0x0F, 0xC0, 0x7E, 0x03, 0xF0,
    0x1F, 0x80, 0xFC, 0x07, 0xE0, 0x3F, 0x01, 0xF8, 0x0F, 0xC0, 0x7F, 0x07, 0xFE, 0xFD, 0xFF, 0xE7,
    0xF7, 0x0E, 0x00, 0x70, 0x0F, 0x70, 0x0E, 0x78, 0x1E, 0x38, 0x1E, 0x38, 0x1C, 0x3C, 0x3C, 0x1C,
    0x38, 0x1C, 0x38, 0x1E, 0x78, 0x0E, 0x70, 0x0F, 0x70, 0x07, 0xE0, 0x07, 0xE0, 0x07, 0xE0, 0x03,
    0xC0, 0x03, 0xC0, 0x70, 0x3C, 0x1E, 0xE0, 0x78, 0x3D, 0xE1, 0xF0, 0x73, 0xC3, 0xE0, 0xE3, 0x87,
    0xE3, 0xC7, 0x0F, 0xC7, 0x0F, 0x3B, 0x8E, 0x0E, 0x77, 0x3C, 0x1C, 0xE7, 0x70, 0x39, 0x8E, 0xE0,
    0x3F, 0x1D, 0xC0, 0x7E, 0x1F, 0x80, 0xFC, 0x3E, 0x00, 0xF0, 0x7C, 0x01, 0xE0, 0xF8, 0x03, 0xC0,
    0xE0, 0x78, 0x1E, 0x70, 0x78, 0xF0, 0xF0, 0xF3, 0xC0, 0xE7, 0x01, 0xFC, 0x01, 0xF8, 0x01, 0xE0,
    0x03, 0xC0, 0x0F, 0xC0, 0x3F, 0x80, 0x73, 0x81, 0xE7, 0x87, 0x87, 0x9E, 0x0F, 0x3C, 0x0F, 0x70,
    0x0F, 0x70, 0x0E, 0x78, 0x1E, 0x38, 0x1E, 0x38, 0x1C, 0x3C, 0x3C, 0x1C, 0x38, 0x1C, 0x38, 0x1E,
    0x78, 0x0E, 0x70, 0x0F, 0x70, 0x07, 0xE0, 0x07, 0xE0, 0x07, 0xE0, 0x03, 0xC0, 0x03, 0xC0, 0x03,
    0xC0, 0x03, 0x80, 0x07, 0x80, 0x3F, 0x00, 0x3F, 0x00, 0x3E, 0x00, 0x00, 0x00, 0x7F, 0xFB, 0xFF,
    0xDF, 0xFE, 0x01, 0xE0, 0x0E, 0x00, 0xF0, 0x0F, 0x00, 0xF0, 0x07, 0x00, 0x78, 0x07, 0x80, 0x78,
    0x07, 0x80, 0x3F, 0xFF, 0xFF, 0xFF, 0xFF, 0x01, 0xC1, 0xF0, 0xFC, 0x3C, 0x0E, 0x03, 0x80, 0xE0,
    0x38, 0x0E, 0x03, 0x80, 0xE0, 0x78, 0x7C, 0x1E, 0x07, 0xC0, 0xF0, 0x1E, 0x03, 0x80, 0xE0, 0x38,
    0x0E, 0x03, 0x80, 0xE0, 0x38, 0x0F, 0x81, 0xF0, 0x3C, 0x00, 0x1F, 0xFF, 0xFF, 0xFF, 0xFF, 0xFF,
    0xFF, 0xFF, 0xFF, 0xFF, 0xFF, 0xFF, 0xFF, 0xF0, 0xE0, 0x3E, 0x0F, 0xC0, 0x70, 0x1C, 0x07, 0x01,
    0xC0, 0x70, 0x1C, 0x07, 0x01, 0xE0, 0x38, 0x0F, 0xC1, 0xF0, 0xFC, 0x3C, 0x1E, 0x07, 0x81, 0xC0,
    0x70, 0x1C, 0x07, 0x01, 0xC0, 0x70, 0x7C, 0x3E, 0x0F, 0x00, 0x00, 0x00, 0x00, 0x7C, 0x1D, 0xFE,
    0x3F, 0xFE, 0xFE, 0x3F, 0xDC, 0x1F, 0x80, 0x1C, 0x00, 0x0F, 0xFF, 0xE0, 0x06, 0xFF, 0xFF, 0xFF,
    0xFF, 0xFF, 0xFF, 0xFF, 0xF0, 0x01, 0x00, 0x07, 0x00, 0x0E, 0x00, 0x3F, 0x01, 0xFF, 0x07, 0xFF,
    0x1E, 0xEF, 0x39, 0xCE, 0xF3, 0x99, 0xE7, 0x03, 0x8E, 0x07, 0x1C, 0x0E, 0x38, 0x1E, 0x70, 0x3C,
    0xE7, 0x3D, 0xCE, 0x7F, 0xFC, 0x7F, 0xF0, 0x7F, 0xC0, 0x3E, 0x00, 0x38, 0x00, 0x70, 0x00, 0x01,
    0xE0, 0x07, 0xF8, 0x0F, 0xFC, 0x1E, 0x3E, 0x3C, 0x0E, 0x3C, 0x0E, 0x38, 0x0E, 0x38, 0x00, 0x38,
    0x00, 0x38, 0x00, 0xFF, 0xF0, 0xFF, 0xF0, 0xFF, 0xF0, 0x3C, 0x00, 0x3C, 0x00, 0x3C, 0x00, 0x3C,
    0x00, 0x3C, 0x0E, 0x38, 0x0E, 0xFF, 0xFE, 0xFF, 0xFE, 0xFF, 0xFC, 0x61, 0xF0, 0x8E, 0xFF, 0xB9,
    0xFF, 0xFF, 0x1F, 0x07, 0xC3, 0xC0, 0x78, 0xF0, 0x07, 0x1C, 0x00, 0x73, 0x80, 0x0E, 0x70, 0x01,
    0xCE, 0x00, 0x39, 0xC0, 0x07, 0x38, 0x00, 0xE7, 0x00, 0x3C, 0xF0, 0x07, 0x0F, 0x01, 0xE3, 0xF9,
    0xFE, 0xFF, 0xFF, 0xCC, 0xFF, 0xB8, 0x03, 0x80, 0x00, 0xE0, 0x06, 0xF0, 0x0F, 0x70, 0x1E, 0x78,
    0x1E, 0x38, 0x3C, 0x3C, 0x3C, 0x1C, 0x38, 0x1E, 0x78, 0x0E, 0x70, 0x0F, 0xF0, 0x07, 0xE0, 0x3F,
    0xFC, 0x3F, 0xFC, 0x3F, 0xFC, 0x03, 0xC0, 0x3F, 0xFC, 0x3F, 0xFC, 0x3F, 0xFC, 0x03, 0xC0, 0x03,
    0xC0, 0x03, 0xC0, 0x03, 0xC0, 0x6E, 0xEE, 0xEE, 0xEE, 0xEE, 0xE0, 0x00, 0x00, 0xEE, 0xEE, 0xEE,
    0xEE, 0xEE, 0x07, 0xC0, 0x7F, 0x83, 0xFF, 0x0F, 0x1E, 0x38, 0x38, 0xE0, 0xC3, 0xC0, 0x07, 0x80,
    0x3F, 0x81, 0xFF, 0x07, 0x3F, 0x38, 0x3E, 0xE0, 0x3D, 0xC0, 0x77, 0x81, 0xCF, 0x87, 0x1F, 0xBC,
    0x3F, 0xE0, 0x3E, 0x00, 0x3C, 0x00, 0x79, 0xC0, 0xE7, 0x07, 0x9F, 0x3E, 0x3F, 0xF0, 0x7F, 0x80,
    0x78, 0x00, 0x71, 0xDE, 0x79, 0xC7, 0x38, 0xE0, 0x00, 0xFC, 0x00, 0x07, 0xFF, 0x00, 0x3F, 0xFF,
    0x00, 0xFC, 0x3F, 0x03, 0xE0, 0x0F, 0x07, 0x8F, 0x8F, 0x1E, 0x7F, 0xCE, 0x39, 0xFF, 0x9E, 0xF3,
    0xC7, 0x9D, 0xCF, 0x07, 0x3B, 0x9C, 0x00, 0x7F, 0x38, 0x00, 0xFE, 0x70, 0x39, 0xDC, 0xF0, 0x73,
    0xBC, 0xF1, 0xE7, 0x39, 0xFF, 0x9E, 0x79, 0xFE, 0x38, 0x78, 0xF8, 0xF0, 0xF8, 0x07, 0xC0, 0xFF,
    0xFF, 0x00, 0x7F, 0xFC, 0x00, 0x7F, 0xE0, 0x00, 0x1E, 0x00, 0x00, 0x0F, 0x83, 0xFE, 0x7F, 0xE7,
    0x0F, 0x00, 0x70, 0xFF, 0x3F, 0xF7, 0xF7, 0x70, 0x77, 0x0F, 0x7B, 0xF7, 0xFF, 0x3F, 0x70, 0x03,
    0x9E, 0x0F, 0x38, 0x3C, 0xF0, 0xF3, 0xC3, 0xCF, 0x0F, 0x3C, 0x1C, 0xF0, 0x79, 0xE0, 0x79, 0xE0,
    0x7B, 0xC0, 0x73, 0xC0, 0xF3, 0xC0, 0xF3, 0xC0, 0xF3, 0xC0, 0xFF, 0xF7, 0xFF, 0xBF, 0xFC, 0x00,
    0xE0, 0x07, 0x00, 0x38, 0x01, 0xC0, 0x03, 0xE0, 0x07, 0xFC, 0x07, 0xFF, 0x87, 0x83, 0xC7, 0x80,
    0x73, 0xBF, 0x9F, 0x9F, 0xCF, 0xCE, 0x67, 0xE7, 0xF3, 0xF3, 0xF1, 0xF9, 0xDC, 0xFC, 0xEE, 0x77,
    0x73, 0x73, 0xC0, 0x78, 0xF8, 0xF8, 0x3F, 0xF8, 0x07, 0xF0, 0x00, 0x00, 0x00, 0xFF, 0xFF, 0xC0,
    0x00, 0x0E, 0x07, 0xF1, 0xFF, 0x38, 0xEE, 0x0F, 0xC1, 0xDC, 0x3B, 0xDE, 0x7F, 0xC7, 0xF0, 0x10,
    0x00, 0x03, 0x80, 0x07, 0x00, 0x0E, 0x00, 0x1C, 0x0F, 0xFF, 0xFF, 0xFF, 0xDF, 0xFF, 0x81, 0xC0,
    0x03, 0x80, 0x07, 0x00, 0x0E, 0x00, 0x00, 0x07, 0xFF, 0xDF, 0xFF, 0xFF, 0xFF, 0x80, 0x00, 0x1E,
    0x0F, 0xF1, 0xFF, 0x70, 0xEE, 0x1C, 0x07, 0x81, 0xE0, 0x78, 0x1E, 0x0F, 0x83, 0xFF, 0x7F, 0xEF,
    0xFC, 0x1E, 0x07, 0xF1, 0xFF, 0x78, 0xE0, 0x1C, 0x1F, 0x83, 0xE0, 0x7E, 0x01, 0xFE, 0x3F, 0xFF,
    0x3F, 0xE1, 0xF0, 0x3B, 0x9D, 0xCC, 0x00, 0xE0, 0x39, 0xC0, 0x73, 0x80, 0xE7, 0x01, 0xCE, 0x03,
    0x9C, 0x07, 0x38, 0x0E, 0x70, 0x1C, 0xE0, 0x39, 0xC0, 0x73, 0x80, 0xE7, 0x01, 0xCF, 0x07, 0x9F,
    0xBF, 0xFF, 0xFF, 0xF7, 0xEF, 0xE2, 0x01, 0xC0, 0x03, 0x80, 0x07, 0x00, 0x0E, 0x00, 0x1C, 0x00,
    0x00, 0x03, 0xFC, 0x7F, 0xF3, 0xFF, 0xDF, 0xFF, 0x7F, 0x9F, 0xFE, 0x7F, 0xF9, 0xFF, 0xE7, 0xFF,
    0x9F, 0xFE, 0x77, 0xF9, 0xDF, 0xE7, 0x3F, 0x9C, 0x7E, 0x70, 0x11, 0xC0, 0x07, 0x00, 0x1C, 0x00,
    0x70, 0x01, 0xC0, 0x07, 0x00, 0x1C, 0x00, 0x70, 0x6F, 0xFF, 0x00, 0x61, 0x8F, 0xBE, 0x1B, 0xEF,
    0x80, 0x1D, 0xFF, 0xFF, 0x9C, 0x71, 0xC7, 0x1C, 0x71, 0xC7, 0x1C, 0x1F, 0x03, 0xFC, 0x7F, 0xEF,
    0x0F, 0xE0, 0x7E, 0x07, 0xE0, 0x7E, 0x07, 0xE0, 0x7F, 0x0F, 0x7F, 0xE3, 0xFC, 0x1F, 0x80, 0xE3,
    0x81, 0xE7, 0x81, 0xE7, 0x81, 0xE7, 0x81, 0xEF, 0x01, 0xCF, 0x03, 0xCF, 0x03, 0xCE, 0x0F, 0x3C,
    0x3C, 0xF0, 0xF3, 0xC1, 0xCF, 0x07, 0x9C, 0x1E, 0x78, 0x00, 0x38, 0x00, 0xC7, 0xC0, 0x0E, 0x3E,
    0x00, 0xF1, 0xF0, 0x07, 0x0B, 0x80, 0x70, 0x1C, 0x07, 0x80, 0xE0, 0x38, 0x07, 0x03, 0x80, 0x38,
    0x3C, 0x01, 0xC1, 0xC0, 0x0E, 0x1C, 0x3C, 0x71, 0xC3, 0xE0, 0x1E, 0x1F, 0x00, 0xE1, 0xF8, 0x0E,
    0x0F, 0xC0, 0xF0, 0xEE, 0x07, 0x0E, 0x70, 0x70, 0x73, 0x87, 0x87, 0xFE, 0x38, 0x3F, 0xF3, 0x80,
    0x07, 0x3C, 0x00, 0x38, 0x38, 0x00, 0xC3, 0xE0, 0x07, 0x0F, 0x80, 0x3C, 0x3E, 0x00, 0xE0, 0xB8,
    0x07, 0x00, 0xE0, 0x3C, 0x03, 0x80, 0xE0, 0x0E, 0x07, 0x00, 0x38, 0x3C, 0x00, 0xE0, 0xE0, 0x03,
    0x87, 0x1F, 0x0E, 0x38, 0xFE, 0x01, 0xE3, 0xFC, 0x07, 0x1C, 0x70, 0x38, 0x01, 0xC1, 0xE0, 0x0E,
    0x07, 0x00, 0x78, 0x38, 0x03, 0xC1, 0xE0, 0x1E, 0x07, 0x00, 0xF0, 0x38, 0x03, 0xFD, 0xE0, 0x1F,
    0xF0, 0x3E, 0x00, 0x38, 0x7F, 0x00, 0x78, 0xFF, 0x80, 0x70, 0xE3, 0x80, 0xE0, 0x03, 0x81, 0xE0,
    0x1F, 0x01, 0xC0, 0x1F, 0x03, 0x80, 0x07, 0x87, 0x80, 0x03, 0x87, 0x00, 0xE3, 0x8E, 0x00, 0xFF,
    0x9C, 0x3C, 0x7F, 0x3C, 0x3C, 0x08, 0x38, 0x7C, 0x00, 0x70, 0x7C, 0x00, 0xF0, 0xFC, 0x00, 0xE1,
    0xDC, 0x01, 0xC1, 0xDC, 0x03, 0xC3, 0x9C, 0x03, 0x83, 0xFE, 0x07, 0x03, 0xFE, 0x0F, 0x00, 0x1C,
    0x0E, 0x00, 0x1C, 0x07, 0x80, 0x3C, 0x01, 0xE0, 0x07, 0x00, 0x00, 0x00, 0x00, 0x0E, 0x00, 0xF0,
    0x07, 0x80, 0x3C, 0x03, 0xC0, 0x7C, 0x07, 0xC0, 0x3C, 0x03, 0xC0, 0x1C, 0x00, 0xE0, 0x3F, 0x83,
    0xFC, 0x1E, 0xFF, 0xE3, 0xFE, 0x0F, 0xE0, 0x03, 0xC0, 0x00, 0x1C, 0x00, 0x01, 0xE0, 0x00, 0x0E,
    0x00, 0x00, 0x60, 0x00, 0x00, 0x00, 0x00, 0xE0, 0x00, 0x0F, 0x00, 0x01, 0xF0, 0x00, 0x1F, 0x80,
    0x01, 0xF8, 0x00, 0x3F, 0xC0, 0x03, 0x9C, 0x00, 0x39, 0xC0, 0x07, 0x9E, 0x00, 0x70, 0xE0, 0x0F,
    0x0E, 0x00, 0xF0, 0xF0, 0x0E, 0x07, 0x01, 0xFF, 0xF8, 0x1F, 0xFF, 0x81, 0xFF, 0xF8, 0x3C, 0x03,
    0xC3, 0x80, 0x3C, 0x38, 0x01, 0xC7, 0x80, 0x1E, 0x70, 0x00, 0xEF, 0x00, 0x0E, 0x00, 0x3C, 0x00,
    0x03, 0x80, 0x00, 0x70, 0x00, 0x07, 0x00, 0x00, 0x60, 0x00, 0x00, 0x00, 0x00, 0xE0, 0x00, 0x0F,
    0x00, 0x01, 0xF0, 0x00, 0x1F, 0x80, 0x01, 0xF8, 0x00, 0x3F, 0xC0, 0x03, 0x9C, 0x00, 0x39, 0xC0,
    0x07, 0x9E, 0x00, 0x70, 0xE0, 0x0F, 0x0E, 0x00, 0xF0, 0xF0, 0x0E, 0x07, 0x01, 0xFF, 0xF8, 0x1F,
    0xFF, 0x81, 0xFF, 0xF8, 0x3C, 0x03, 0xC3, 0x80, 0x3C, 0x38, 0x01, 0xC7, 0x80, 0x1E, 0x70, 0x00,
    0xEF, 0x00, 0x0E, 0x00, 0xF0, 0x00, 0x1F, 0x80, 0x03, 0xFC, 0x00, 0x79, 0xE0, 0x00, 0x00, 0x00,
    0x00, 0x00, 0x00, 0xE0, 0x00, 0x0F, 0x00, 0x01, 0xF0, 0x00, 0x1F, 0x80, 0x01, 0xF8, 0x00, 0x3F,
    0xC0, 0x03, 0x9C, 0x00, 0x39, 0xC0, 0x07, 0x9E, 0x00, 0x70, 0xE0, 0x0F, 0x0E, 0x00, 0xF0, 0xF0,
    0x0E, 0x07, 0x01, 0xFF, 0xF8, 0x1F, 0xFF, 0x81, 0xFF, 0xF8, 0x3C, 0x03, 0xC3, 0x80, 0x3C, 0x38,
    0x01, 0xC7, 0x80, 0x1E, 0x70, 0x00, 0xEF, 0x00, 0x0E, 0x01, 0xCC, 0x00, 0x3F, 0xC0, 0x03, 0xFC,
    0x00, 0x33, 0x80, 0x00, 0x00, 0x00, 0x00, 0x00, 0x00, 0xE0, 0x00, 0x0F, 0x00, 0x01, 0xF0, 0x00,
    0x1F, 0x80, 0x01, 0xF8, 0x00, 0x3F, 0xC0, 0x03, 0x9C, 0x00, 0x39, 0xC0, 0x07, 0x9E, 0x00, 0x70,
    0xE0, 0x0F, 0x0E, 0x00, 0xF0, 0xF0, 0x0E, 0x07, 0x01, 0xFF, 0xF8, 0x1F, 0xFF, 0x81, 0xFF, 0xF8,
    0x3C, 0x03, 0xC3, 0x80, 0x3C, 0x38, 0x01, 0xC7, 0x80, 0x1E, 0x70, 0x00, 0xEF, 0x00, 0x0E, 0x03,
    0x1C, 0x00, 0x79, 0xE0, 0x07, 0x9E, 0x00, 0x30, 0xC0, 0x00, 0x00, 0x00, 0x00, 0x00, 0x00, 0xE0,
    0x00, 0x0F, 0x00, 0x01, 0xF0, 0x00, 0x1F, 0x80, 0x01, 0xF8, 0x00, 0x3F, 0xC0, 0x03, 0x9C, 0x00,
    0x39, 0xC0, 0x07, 0x9E, 0x00, 0x70, 0xE0, 0x0F, 0x0E, 0x00, 0xF0, 0xF0, 0x0E, 0x07, 0x01, 0xFF,
    0xF8, 0x1F, 0xFF, 0x81, 0xFF, 0xF8, 0x3C, 0x03, 0xC3, 0x80, 0x3C, 0x38, 0x01, 0xC7, 0x80, 0x1E,
    0x70, 0x00, 0xEF, 0x00, 0x0E, 0x00, 0x00, 0x00, 0x1F, 0x80, 0x03, 0xF8, 0x00, 0x39, 0xC0, 0x03,
    0x9C, 0x00, 0x39, 0xC0, 0x01, 0xF8, 0x00, 0x0F, 0x00, 0x00, 0xE0, 0x00, 0x0F, 0x00, 0x01, 0xF0,
    0x00, 0x1F, 0x80, 0x01, 0xF8, 0x00, 0x3F, 0xC0, 0x03, 0x9C, 0x00, 0x39, 0xC0, 0x07, 0x9E, 0x00,
    0x70, 0xE0, 0x0F, 0x0E, 0x00, 0xF0, 0xF0, 0x0E, 0x07, 0x01, 0xFF, 0xF8, 0x1F, 0xFF, 0x81, 0xFF,
    0xF8, 0x3C, 0x03, 0xC3, 0x80, 0x3C, 0x38, 0x01, 0xC7, 0x80, 0x1E, 0x70, 0x00, 0xEF, 0x00, 0x0E,
    0x00, 0x1F, 0xFF, 0xE0, 0x03, 0xFF, 0xFE, 0x00, 0x3F, 0xFF, 0xE0, 0x07, 0x3F, 0xFE, 0x00, 0x73,
    0x80, 0x00, 0x0F, 0x38, 0x00, 0x00, 0xE3, 0x80, 0x00, 0x1E, 0x38, 0x00, 0x01, 0xC3, 0x80, 0x00,
    0x3C, 0x38, 0x00, 0x03, 0x83, 0xFF, 0xE0, 0x78, 0x3F, 0xFE, 0x07, 0x03, 0xFF, 0xE0, 0xFF, 0xF8,
    0x00, 0x0F, 0xFF, 0x80, 0x01, 0xFF, 0xF8, 0x00, 0x1C, 0x03, 0x80, 0x03, 0xC0, 0x38, 0x00, 0x3C,
    0x03, 0x80, 0x07, 0x80, 0x3F, 0xFE, 0x78, 0x03, 0xFF, 0xEF, 0x00, 0x3F, 0xFE, 0x01, 0xF8, 0x00,
    0xFF, 0xC0, 0x3F, 0xFE, 0x0F, 0xC7, 0xC3, 0xC0, 0x3C, 0x70, 0x03, 0xDE, 0x00, 0x7B, 0x80, 0x07,
    0x70, 0x00, 0x1E, 0x00, 0x03, 0xC0, 0x00, 0x78, 0x00, 0x0F, 0x00, 0x01, 0xE0, 0x00, 0x1C, 0x00,
    0x03, 0x80, 0x07, 0x78, 0x01, 0xE7, 0x80, 0x38, 0xF8, 0x1F, 0x0F, 0xFF, 0xC0, 0xFF, 0xF0, 0x0F,
    0xFC, 0x00, 0x3C, 0x00, 0x03, 0xC0, 0x00, 0x7C, 0x00, 0x03, 0x80, 0x03, 0xF0, 0x00, 0x7C, 0x00,
    0x1E, 0x00, 0x38, 0x00, 0x70, 0x01, 0xC0, 0x03, 0x00, 0x00, 0x07, 0xFF, 0xFF, 0xFF, 0xFF, 0xFF,
    0xFF, 0xEF, 0x00, 0x3C, 0x00, 0xF0, 0x03, 0xC0, 0x0F, 0x00, 0x3C, 0x00, 0xFF, 0xFB, 0xFF, 0xEF,
    0xFF, 0xBC, 0x00, 0xF0, 0x03, 0xC0, 0x0F, 0x00, 0x3C, 0x00, 0xF0, 0x03, 0xFF, 0xFF, 0xFF, 0xFF,
    0xFF, 0x01, 0xE0, 0x07, 0x00, 0x3C, 0x00, 0xE0, 0x03, 0x00, 0x00, 0x07, 0xFF, 0xFF, 0xFF, 0xFF,
    0xFF, 0xFF, 0xEF, 0x00, 0x3C, 0x00, 0xF0, 0x03, 0xC0, 0x0F, 0x00, 0x3C, 0x00, 0xFF, 0xFB, 0xFF,
    0xEF, 0xFF, 0xBC, 0x00, 0xF0, 0x03, 0xC0, 0x0F, 0x00, 0x3C, 0x00, 0xF0, 0x03, 0xFF, 0xFF, 0xFF,
    0xFF, 0xFF, 0x07, 0x80, 0x3F, 0x01, 0xFE, 0x0F, 0x3C, 0x00, 0x00, 0x00, 0x07, 0xFF, 0xFF, 0xFF,
    0xFF, 0xFF, 0xFF, 0xEF, 0x00, 0x3C, 0x00, 0xF0, 0x03, 0xC0, 0x0F, 0x00, 0x3C, 0x00, 0xFF, 0xFB,
    0xFF, 0xEF, 0xFF, 0xBC, 0x00, 0xF0, 0x03, 0xC0, 0x0F, 0x00, 0x3C, 0x00, 0xF0, 0x03, 0xFF, 0xFF,
    0xFF, 0xFF, 0xFF, 0x1C, 0x70, 0xF3, 0xC3, 0xCF, 0x06, 0x18, 0x00, 0x00, 0x00, 0x07, 0xFF, 0xFF,
    0xFF, 0xFF, 0xFF, 0xFF, 0xEF, 0x00, 0x3C, 0x00, 0xF0, 0x03, 0xC0, 0x0F, 0x00, 0x3C, 0x00, 0xFF,
    0xFB, 0xFF, 0xEF, 0xFF, 0xBC, 0x00, 0xF0, 0x03, 0xC0, 0x0F, 0x00, 0x3C, 0x00, 0xF0, 0x03, 0xFF,
    0xFF, 0xFF, 0xFF, 0xFF, 0xF1, 0xC7, 0x0E, 0x18, 0x01, 0x8F, 0x3C, 0xF3, 0xCF, 0x3C, 0xF3, 0xCF,
    0x3C, 0xF3, 0xCF, 0x3C, 0xF3, 0xCF, 0x3C, 0xF3, 0xCF, 0x3C, 0xE7, 0x1C, 0x60, 0x06, 0x3C, 0xF3,
    0xCF, 0x3C, 0xF3, 0xCF, 0x3C, 0xF3, 0xCF, 0x3C, 0xF3, 0xCF, 0x3C, 0xF3, 0xCF, 0x3C, 0x1E, 0x0F,
    0xC7, 0x7B, 0xCE, 0x00, 0x00, 0x00, 0xC0, 0x78, 0x1E, 0x07, 0x81, 0xE0, 0x78, 0x1E, 0x07, 0x81,
    0xE0, 0x78, 0x1E, 0x07, 0x81, 0xE0, 0x78, 0x1E, 0x07, 0x81, 0xE0, 0x78, 0x1E, 0x07, 0x81, 0xE0,
    0x78, 0xE3, 0xBC, 0xFF, 0x3D, 0x86, 0x00, 0x00, 0x00, 0xC0, 0x78, 0x1E, 0x07, 0x81, 0xE0, 0x78,
    0x1E, 0x07, 0x81, 0xE0, 0x78, 0x1E, 0x07, 0x81, 0xE0, 0x78, 0x1E, 0x07, 0x81, 0xE0, 0x78, 0x1E,
    0x07, 0x81, 0xE0, 0x78, 0x1F, 0xE0, 0x01, 0xFF, 0xE0, 0x1F, 0xFF, 0x01, 0xFF, 0xF8, 0x1C, 0x03,
    0xC1, 0xC0, 0x1E, 0x1C, 0x00, 0xE1, 0xC0, 0x0F, 0x1C, 0x00, 0xF1, 0xC0, 0x07, 0xFF, 0xF0, 0x7F,
    0xFF, 0x07, 0xFF, 0xF0, 0x71, 0xC0, 0x07, 0x1C, 0x00, 0xF1, 0xC0, 0x0F, 0x1C, 0x01, 0xE1, 0xC0,
    0x1E, 0x1C, 0x07, 0xC1, 0xFF, 0xF8, 0x1F, 0xFF, 0x01, 0xFF, 0xC0, 0x03, 0x98, 0x01, 0xFE, 0x00,
    0xFF, 0x80, 0x19, 0xC0, 0x00, 0x00, 0x00, 0x00, 0x07, 0x00, 0x1B, 0xC0, 0x0F, 0xF8, 0x03, 0xFF,
    0x00, 0xFF, 0xC0, 0x3F, 0xF8, 0x0F, 0xEF, 0x03, 0xFB, 0xC0, 0xFE, 0x78, 0x3F, 0xCF, 0x0F, 0xF3,
    0xC3, 0xFC, 0x78, 0xFF, 0x0E, 0x3F, 0xC3, 0xCF, 0xF0, 0x7B, 0xFC, 0x0E, 0xFF, 0x03, 0xFF, 0xC0,
    0x7F, 0xF0, 0x1F, 0xFC, 0x03, 0xFF, 0x00, 0x7F, 0xC0, 0x1F, 0x03, 0xC0, 0x00, 0x1C, 0x00, 0x00,
    0xE0, 0x00, 0x0E, 0x00, 0x00, 0x60, 0x00, 0x00, 0x00, 0x01, 0xF8, 0x00, 0x7F, 0xE0, 0x0F, 0xFF,
    0x01, 0xF8, 0xF8, 0x3C, 0x03, 0xC3, 0x80, 0x1E, 0x78, 0x01, 0xE7, 0x00, 0x0E, 0x70, 0x00, 0xFF,
    0x00, 0x0F, 0xF0, 0x00, 0x7F, 0x00, 0x07, 0xF0, 0x00, 0x7F, 0x00, 0x0F, 0x70, 0x00, 0xF7, 0x00,
    0x0E, 0x78, 0x01, 0xE3, 0xC0, 0x1E, 0x3E, 0x07, 0xC1, 0xFF, 0xF8, 0x0F, 0xFF, 0x00, 0x7F, 0xE0,
    0x00, 0xF0, 0x00, 0x00, 0x3C, 0x00, 0x03, 0x80, 0x00, 0x78, 0x00, 0x07, 0x00, 0x00, 0x60, 0x00,
    0x00, 0x00, 0x01, 0xF8, 0x00, 0x7F, 0xE0, 0x0F, 0xFF, 0x01, 0xF8, 0xF8, 0x3C, 0x03, 0xC3, 0x80,
    0x1E, 0x78, 0x01, 0xE7, 0x00, 0x0E, 0x70, 0x00, 0xFF, 0x00, 0x0F, 0xF0, 0x00, 0x7F, 0x00, 0x07,
    0xF0, 0x00, 0x7F, 0x00, 0x0F, 0x70, 0x00, 0xF7, 0x00, 0x0E, 0x78, 0x01, 0xE3, 0xC0, 0x1E, 0x3E,
    0x07, 0xC1, 0xFF, 0xF8, 0x0F, 0xFF, 0x00, 0x7F, 0xE0, 0x00, 0xF0, 0x00, 0x00, 0xF0, 0x00, 0x1F,
    0x80, 0x03, 0xDC, 0x00, 0x79, 0xE0, 0x00, 0x00, 0x00, 0x00, 0x00, 0x01, 0xF8, 0x00, 0x7F, 0xE0,
    0x0F, 0xFF, 0x01, 0xF8, 0xF8, 0x3C, 0x03, 0xC3, 0x80, 0x1E, 0x78, 0x01, 0xE7, 0x00, 0x0E, 0x70,
    0x00, 0xFF, 0x00, 0x0F, 0xF0, 0x00, 0x7F, 0x00, 0x07, 0xF0, 0x00, 0x7F, 0x00, 0x0F, 0x70, 0x00,
    0xF7, 0x00, 0x0E, 0x78, 0x01, 0xE3, 0xC0, 0x1E, 0x3E, 0x07, 0xC1, 0xFF, 0xF8, 0x0F, 0xFF, 0x00,
    0x7F, 0xE0, 0x00, 0xF0, 0x00, 0x01, 0xCC, 0x00, 0x3F, 0xC0, 0x03, 0xFC, 0x00, 0x31, 0x80, 0x00,
    0x00, 0x00, 0x00, 0x00, 0x01, 0xF8, 0x00, 0x7F, 0xE0, 0x0F, 0xFF, 0x01, 0xF8, 0xF8, 0x3C, 0x03,
    0xC3, 0x80, 0x1E, 0x78, 0x01, 0xE7, 0x00, 0x0E, 0x70, 0x00, 0xFF, 0x00, 0x0F, 0xF0, 0x00, 0x7F,
    0x00, 0x07, 0xF0, 0x00, 0x7F, 0x00, 0x0F, 0x70, 0x00, 0xF7, 0x00, 0x0E, 0x78, 0x01, 0xE3, 0xC0,
    0x1E, 0x3E, 0x07, 0xC1, 0xFF, 0xF8, 0x0F, 0xFF, 0x00, 0x7F, 0xE0, 0x00, 0xF0, 0x00, 0x03, 0x8E,
    0x00, 0x79, 0xE0, 0x07, 0x9E, 0x00, 0x30, 0xC0, 0x00, 0x00, 0x00, 0x00, 0x00, 0x01, 0xF8, 0x00,
    0x7F, 0xE0, 0x0F, 0xFF, 0x01, 0xF8, 0xF8, 0x3C, 0x03, 0xC3, 0x80, 0x1E, 0x78, 0x01, 0xE7, 0x00,
    0x0E, 0x70, 0x00, 0xFF, 0x00, 0x0F, 0xF0, 0x00, 0x7F, 0x00, 0x07, 0xF0, 0x00, 0x7F, 0x00, 0x0F,
    0x70, 0x00, 0xF7, 0x00, 0x0E, 0x78, 0x01, 0xE3, 0xC0, 0x1E, 0x3E, 0x07, 0xC1, 0xFF, 0xF8, 0x0F,
    0xFF, 0x00, 0x7F, 0xE0, 0x00, 0xF0, 0x00, 0x30, 0x0C, 0xF0, 0x39, 0xF0, 0xF1, 0xF3, 0xC1, 0xFF,
    0x01, 0xFC, 0x01, 0xF0, 0x03, 0xF0, 0x0F, 0xF0, 0x3D, 0xF0, 0xF1, 0xF3, 0xC1, 0xE7, 0x01, 0xC4,
    0x01, 0x00, 0x01, 0xF8, 0xC0, 0x7F, 0xFE, 0x0F, 0xFF, 0xC1, 0xF8, 0xFC, 0x3C, 0x07, 0xC3, 0x80,
    0x7E, 0x78, 0x0F, 0xE7, 0x01, 0xEE, 0x70, 0x3C, 0xFF, 0x03, 0x8F, 0xF0, 0x78, 0x7F, 0x0F, 0x07,
    0xF1, 0xE0, 0x7F, 0x1C, 0x0F, 0x73, 0xC0, 0xF7, 0x78, 0x0E, 0x7F, 0x01, 0xE3, 0xF0, 0x1E, 0x3E,
    0x07, 0xC3, 0xFF, 0xF8, 0x3F, 0xFF, 0x07, 0xFF, 0xE0, 0x30, 0xF0, 0x00, 0x07, 0x00, 0x01, 0xC0,
    0x00, 0xE0, 0x00, 0x38, 0x00, 0x0C, 0x00, 0x00, 0x03, 0x80, 0x0F, 0xC0, 0x07, 0xE0, 0x03, 0xF0,
    0x01, 0xF8, 0x00, 0xFC, 0x00, 0x7E, 0x00, 0x3F, 0x00, 0x1F, 0x80, 0x0F, 0xC0, 0x07, 0xE0, 0x03,
    0xF0, 0x01, 0xF8, 0x00, 0xFC, 0x00, 0x7E, 0x00, 0x3F, 0x80, 0x1F, 0xC0, 0x0E, 0xE0, 0x0F, 0x78,
    0x0F, 0x1F, 0xFF, 0x87, 0xFF, 0x81, 0xFF, 0x80, 0x1E, 0x00, 0x00, 0x78, 0x00, 0x38, 0x00, 0x38,
    0x00, 0x1C, 0x00, 0x0C, 0x00, 0x00, 0x03, 0x80, 0x0F, 0xC0, 0x07, 0xE0, 0x03, 0xF0, 0x01, 0xF8,
    0x00, 0xFC, 0x00, 0x7E, 0x00, 0x3F, 0x00, 0x1F, 0x80, 0x0F, 0xC0, 0x07, 0xE0, 0x03, 0xF0, 0x01,
    0xF8, 0x00, 0xFC, 0x00, 0x7E, 0x00, 0x3F, 0x80, 0x1F, 0xC0, 0x0E, 0xE0, 0x0F, 0x78, 0x0F, 0x1F,
    0xFF, 0x87, 0xFF, 0x81, 0xFF, 0x80, 0x1E, 0x00, 0x01, 0xE0, 0x01, 0xF8, 0x01, 0xDE, 0x01, 0xE7,
    0x00, 0x00, 0x00, 0x00, 0x03, 0x80, 0x0F, 0xC0, 0x07, 0xE0, 0x03, 0xF0, 0x01, 0xF8, 0x00, 0xFC,
    0x00, 0x7E, 0x00, 0x3F, 0x00, 0x1F, 0x80, 0x0F, 0xC0, 0x07, 0xE0, 0x03, 0xF0, 0x01, 0xF8, 0x00,
    0xFC, 0x00, 0x7E, 0x00, 0x3F, 0x80, 0x1F, 0xC0, 0x0E, 0xE0, 0x0F, 0x78, 0x0F, 0x1F, 0xFF, 0x87,
    0xFF, 0x81, 0xFF, 0x80, 0x1E, 0x00, 0x0E, 0x38, 0x07, 0x9E, 0x03, 0xCF, 0x01, 0xC7, 0x00, 0x00,
    0x00, 0x00, 0x03, 0x80, 0x0F, 0xC0, 0x07, 0xE0, 0x03, 0xF0, 0x01, 0xF8, 0x00, 0xFC, 0x00, 0x7E,
    0x00, 0x3F, 0x00, 0x1F, 0x80, 0x0F, 0xC0, 0x07, 0xE0, 0x03, 0xF0, 0x01, 0xF8, 0x00, 0xFC, 0x00,
    0x7E, 0x00, 0x3F, 0x80, 0x1F, 0xC0, 0x0E, 0xE0, 0x0F, 0x78, 0x0F, 0x1F, 0xFF, 0x87, 0xFF, 0x81,
    0xFF, 0x80, 0x1E, 0x00, 0x00, 0x3C, 0x00, 0x07, 0x00, 0x01, 0xC0, 0x00, 0x38, 0x00, 0x06, 0x00,
    0x00, 0x00, 0x1C, 0x00, 0x3B, 0xC0, 0x0F, 0x78, 0x03, 0xC7, 0x80, 0x78, 0x70, 0x1E, 0x0F, 0x03,
    0x80, 0xF0, 0xF0, 0x1E, 0x3C, 0x01, 0xE7, 0x80, 0x1D, 0xE0, 0x03, 0xF8, 0x00, 0x3F, 0x00, 0x03,
    0xC0, 0x00, 0x78, 0x00, 0x0F, 0x00, 0x01, 0xE0, 0x00, 0x3C, 0x00, 0x07, 0x80, 0x00, 0xF0, 0x00,
    0x1E, 0x00, 0x03, 0xC0, 0x00, 0x78, 0x00, 0xE0, 0x01, 0xC0, 0x03, 0x80, 0x07, 0x00, 0x0E, 0x00,
    0x1F, 0xFC, 0x3F, 0xFC, 0x7F, 0xFC, 0xE0, 0x3D, 0xC0, 0x3B, 0x80, 0x77, 0x00, 0xEE, 0x01, 0xDC,
    0x07, 0xB8, 0x3F, 0x7F, 0xFC, 0xFF, 0xF1, 0xFF, 0x03, 0x80, 0x07, 0x00, 0x0E, 0x00, 0x1C, 0x00,
    0x00, 0x0F, 0x80, 0x7F, 0xC1, 0xFF, 0xC3, 0xC7, 0xCF, 0x07, 0x9C, 0x07, 0x38, 0x0E, 0x70, 0x1C,
    0xE0, 0x79, 0xC1, 0xE3, 0x9F, 0x87, 0x3F, 0x8E, 0x7F, 0x9C, 0x07, 0xB8, 0x07, 0x70, 0x0F, 0xE0,
    0x1F, 0xC0, 0x3B, 0x80, 0xF7, 0x3F, 0xEE, 0x7F, 0x9C, 0xFC, 0x00, 0x1E, 0x00, 0x70, 0x03, 0xC0,
    0x0E, 0x00, 0x30, 0x00, 0x00, 0x7F, 0x87, 0xFE, 0x7F, 0xFB, 0x83, 0xDC, 0x0E, 0x00, 0x70, 0x3F,
    0x9F, 0xFD, 0xFF, 0xFF, 0x87, 0xF0, 0x3F, 0x01, 0xF8, 0x1F, 0xF1, 0xF7, 0xFF, 0x9F, 0xDC, 0x38,
    0x00, 0x01, 0xE0, 0x0E, 0x00, 0xE0, 0x07, 0x00, 0x30, 0x00, 0x00, 0x7F, 0x87, 0xFE, 0x7F, 0xFB,
    0x83, 0xDC, 0x0E, 0x00, 0x70, 0x3F, 0x9F, 0xFD, 0xFF, 0xFF, 0x87, 0xF0, 0x3F, 0x01, 0xF8, 0x1F,
    0xF1, 0xF7, 0xFF, 0x9F, 0xDC, 0x38, 0x00, 0x07, 0x80, 0x7E, 0x07, 0x78, 0x79, 0xE0, 0x00, 0x00,
    0x00, 0x7F, 0x87, 0xFE, 0x7F, 0xFB, 0x83, 0xDC, 0x0E, 0x00, 0x70, 0x3F, 0x9F, 0xFD, 0xFF, 0xFF,
    0x87, 0xF0, 0x3F, 0x01, 0xF8, 0x1F, 0xF1, 0xF7, 0xFF, 0x9F, 0xDC, 0x38, 0x00, 0x0E, 0x60, 0xFF,
    0x0F, 0xF8, 0x33, 0x80, 0x00, 0x00, 0x00, 0x7F, 0x87, 0xFE, 0x7F, 0xFB, 0x83, 0xDC, 0x0E, 0x00,
    0x70, 0x3F, 0x9F, 0xFD, 0xFF, 0xFF, 0x87, 0xF0, 0x3F, 0x01, 0xF8, 0x1F, 0xF1, 0xF7, 0xFF, 0x9F,
    0xDC, 0x38, 0x00, 0x38, 0xE1, 0xE7, 0x8F, 0x3C, 0x30, 0xC0, 0x00, 0x00, 0x00, 0x7F, 0x87, 0xFE,
    0x7F, 0xFB, 0x83, 0xDC, 0x0E, 0x00, 0x70, 0x3F, 0x9F, 0xFD, 0xFF, 0xFF, 0x87, 0xF0, 0x3F, 0x01,
    0xF8, 0x1F, 0xF1, 0xF7, 0xFF, 0x9F, 0xDC, 0x38, 0x00, 0x07, 0x80, 0x7E, 0x07, 0x38, 0x39, 0xC1,
    0xCE, 0x0F, 0xE0, 0x3F, 0x00, 0x60, 0x1F, 0xE1, 0xFF, 0x9F, 0xFE, 0xE0, 0xF7, 0x03, 0x80, 0x1C,
    0x0F, 0xE7, 0xFF, 0x7F, 0xFF, 0xE1, 0xFC, 0x0F, 0xC0, 0x7E, 0x07, 0xFC, 0x7D, 0xFF, 0xE7, 0xF7,
    0x0E, 0x00, 0x1F, 0xC3, 0xF8, 0x1F, 0xFB, 0xFE, 0x1F, 0xFF, 0xFF, 0x8E, 0x0F, 0xC1, 0xE7, 0x03,
    0xC0, 0x70, 0x01, 0xC0, 0x38, 0x0F, 0xFF, 0xFC, 0x7F, 0xFF, 0xFF, 0x7F, 0xFF, 0xFF, 0xFC, 0x1C,
    0x00, 0x3C, 0x0E, 0x00, 0x1C, 0x07, 0x80, 0xCE, 0x07, 0xC0, 0xF7, 0xC7, 0xF8, 0xF9, 0xFF, 0xBF,
    0xF8, 0x7F, 0x8F, 0xF8, 0x0F, 0x00, 0xE0, 0x00, 0x0F, 0xE0, 0x3F, 0xE0, 0xFF, 0xE3, 0xC1, 0xE7,
    0x01, 0xDE, 0x00, 0x38, 0x00, 0x70, 0x00, 0xE0, 0x01, 0xC0, 0x03, 0xC0, 0x03, 0x80, 0xE7, 0x83,
    0xCF, 0x8F, 0x8F, 0xFE, 0x0F, 0xF8, 0x03, 0x80, 0x07, 0x80, 0x0F, 0x80, 0x03, 0x00, 0x3E, 0x00,
    0x7C, 0x00, 0x0E, 0x00, 0x1E, 0x00, 0x1C, 0x00, 0x1C, 0x00, 0x30, 0x00, 0x00, 0x03, 0xF8, 0x0F,
    0xF8, 0x3F, 0xF8, 0xF0, 0x79, 0xC0, 0x77, 0x80, 0xFF, 0xFF, 0xFF, 0xFF, 0xFF, 0xFF, 0xF0, 0x00,
    0xF0, 0x00, 0xE0, 0x31, 0xE0, 0x73, 0xE3, 0xE3, 0xFF, 0x83, 0xFE, 0x00, 0xF0, 0x00, 0x00, 0xE0,
    0x03, 0xC0, 0x07, 0x00, 0x1C, 0x00, 0x30, 0x00, 0x00, 0x03, 0xF8, 0x0F, 0xF8, 0x3F, 0xF8, 0xF0,
    0x79, 0xC0, 0x77, 0x80, 0xFF, 0xFF, 0xFF, 0xFF, 0xFF, 0xFF, 0xF0, 0x00, 0xF0, 0x00, 0xE0, 0x31,
    0xE0, 0x73, 0xE3, 0xE3, 0xFF, 0x83, 0xFE, 0x00, 0xF0, 0x00, 0x07, 0xC0, 0x1F, 0x80, 0x3B, 0x80,
    0xE3, 0x80, 0x00, 0x00, 0x00, 0x03, 0xF8, 0x0F, 0xF8, 0x3F, 0xF8, 0xF0, 0x79, 0xC0, 0x77, 0x80,
    0xFF, 0xFF, 0xFF, 0xFF, 0xFF, 0xFF, 0xF0, 0x00, 0xF0, 0x00, 0xE0, 0x31, 0xE0, 0x73, 0xE3, 0xE3,
    0xFF, 0x83, 0xFE, 0x00, 0xF0, 0x00, 0x1C, 0x70, 0x79, 0xE0, 0xF3, 0xC0, 0xE3, 0x80, 0x00, 0x00,
    0x00, 0x03, 0xF8, 0x0F, 0xF8, 0x3F, 0xF8, 0xF0, 0x79, 0xC0, 0x77, 0x80, 0xFF, 0xFF, 0xFF, 0xFF,
    0xFF, 0xFF, 0xF0, 0x00, 0xF0, 0x00, 0xE0, 0x31, 0xE0, 0x73, 0xE3, 0xE3, 0xFF, 0x83, 0xFE, 0x00,
    0xF0, 0x00, 0x71, 0xE3, 0x87, 0x18, 0x01, 0xC7, 0x1C, 0x71, 0xC7, 0x1C, 0x71, 0xC7, 0x1C, 0x71,
    0xC7, 0x1C, 0x70, 0x39, 0xE7, 0x38, 0xC0, 0x0E, 0x38, 0xE3, 0x8E, 0x38, 0xE3, 0x8E, 0x38, 0xE3,
    0x8E, 0x38, 0xE3, 0x80, 0x1F, 0x0F, 0xC3, 0xB9, 0xC7, 0x00, 0x00, 0x00, 0xE0, 0x38, 0x0E, 0x03,
    0x80, 0xE0, 0x38, 0x0E, 0x03, 0x80, 0xE0, 0x38, 0x0E, 0x03, 0x80, 0xE0, 0x38, 0x0E, 0x03, 0x80,
    0x71, 0xDE, 0x79, 0xCF, 0x38, 0xE0, 0x00, 0x00, 0x03, 0x80, 0x70, 0x0E, 0x01, 0xC0, 0x38, 0x07,
    0x00, 0xE0, 0x1C, 0x03, 0x80, 0x70, 0x0E, 0x01, 0xC0, 0x38, 0x07, 0x00, 0xE0, 0x1C, 0x00, 0x08,
    0x00, 0x1C, 0x20, 0x7F, 0xE0, 0x3F, 0x80, 0x7E, 0x03, 0xFC, 0x03, 0x1C, 0x00, 0x3C, 0x0F, 0xF8,
    0x7F, 0xF8, 0xFF, 0xF3, 0xC1, 0xE7, 0x01, 0xFE, 0x03, 0xF8, 0x07, 0xF0, 0x07, 0xE0, 0x0F, 0xE0,
    0x3F, 0xC0, 0x73, 0xC1, 0xE7, 0xC7, 0x87, 0xFF, 0x07, 0xFC, 0x01, 0xC0, 0x1C, 0x61, 0xFF, 0x0F,
    0xF0, 0x63, 0x80, 0x00, 0x00, 0x03, 0xBF, 0x9F, 0xFE, 0xFF, 0xF7, 0x83, 0xFC, 0x0F, 0xC0, 0x7E,
    0x03, 0xF0, 0x1F, 0x80, 0xFC, 0x07, 0xE0, 0x3F, 0x01, 0xF8, 0x0F, 0xC0, 0x7E, 0x03, 0xF0, 0x1C,
    0x0E, 0x00, 0x1E, 0x00, 0x1C, 0x00, 0x1C, 0x00, 0x18, 0x00, 0x00, 0x03, 0xF8, 0x0F, 0xF8, 0x3F,
    0xF8, 0xF0, 0x79, 0xC0, 0x7F, 0x80, 0xFE, 0x00, 0xFC, 0x01, 0xF8, 0x03, 0xF0, 0x07, 0xF0, 0x0E,
    0xE0, 0x3D, 0xE0, 0xF3, 0xE3, 0xE3, 0xFF, 0x83, 0xFE, 0x00, 0xE0, 0x00, 0x00, 0xE0, 0x03, 0xC0,
    0x07, 0x00, 0x1C, 0x00, 0x18, 0x00, 0x00, 0x03, 0xF8, 0x0F, 0xF8, 0x3F, 0xF8, 0xF0, 0x79, 0xC0,
    0x7F, 0x80, 0xFE, 0x00, 0xFC, 0x01, 0xF8, 0x03, 0xF0, 0x07, 0xF0, 0x0E, 0xE0, 0x3D, 0xE0, 0xF3,
    0xE3, 0xE3, 0xFF, 0x83, 0xFE, 0x00, 0xE0, 0x00, 0x07, 0xC0, 0x0F, 0xC0, 0x3B, 0x80, 0xE3, 0x80,
    0x00, 0x00, 0x00, 0x03, 0xF8, 0x0F, 0xF8, 0x3F, 0xF8, 0xF0, 0x79, 0xC0, 0x7F, 0x80, 0xFE, 0x00,
    0xFC, 0x01, 0xF8, 0x03, 0xF0, 0x07, 0xF0, 0x0E, 0xE0, 0x3D, 0xE0, 0xF3, 0xE3, 0xE3, 0xFF, 0x83,
    0xFE, 0x00, 0xE0, 0x00, 0x0E, 0x30, 0x1F, 0xE0, 0x7F, 0xC0, 0xC7, 0x00, 0x00, 0x00, 0x00, 0x03,
    0xF8, 0x0F, 0xF8, 0x3F, 0xF8, 0xF0, 0x79, 0xC0, 0x7F, 0x80, 0xFE, 0x00, 0xFC, 0x01, 0xF8, 0x03,
    0xF0, 0x07, 0xF0, 0x0E, 0xE0, 0x3D, 0xE0, 0xF3, 0xE3, 0xE3, 0xFF, 0x83, 0xFE, 0x00, 0xE0, 0x00,
    0x1C, 0x70, 0x3C, 0xF0, 0x79, 0xC0, 0xE3, 0x80, 0x00, 0x00, 0x00, 0x03, 0xF8, 0x0F, 0xF8, 0x3F,
    0xF8, 0xF0, 0x79, 0xC0, 0x7F, 0x80, 0xFE, 0x00, 0xFC, 0x01, 0xF8, 0x03, 0xF0, 0x07, 0xF0, 0x0E,
    0xE0, 0x3D, 0xE0, 0xF3, 0xE3, 0xE3, 0xFF, 0x83, 0xFE, 0x00, 0xE0, 0x00, 0x03, 0x80, 0x0F, 0x80,
    0x1F, 0x00, 0x1C, 0x00, 0x10, 0x00, 0x00, 0x1F, 0xFF, 0x3F, 0xFF, 0x7F, 0xFE, 0x00, 0x00, 0x00,
    0x00, 0x1C, 0x00, 0x7C, 0x00, 0xF8, 0x00, 0xE0, 0x00, 0x00, 0x04, 0x0F, 0xEE, 0x1F, 0xFE, 0x3F,
    0xFC, 0x78, 0x3C, 0x70, 0x7E, 0xF0, 0xFE, 0xE1, 0xEE, 0xE3, 0xCE, 0xE7, 0x8E, 0xE7, 0x0E, 0xFE,
    0x0E, 0x7C, 0x1E, 0x7C, 0x3C, 0x7C, 0x7C, 0xFF, 0xF8, 0xFF, 0xF0, 0x43, 0x80, 0x1C, 0x00, 0xF0,
    0x03, 0x80, 0x0E, 0x00, 0x60, 0x00, 0x03, 0x80, 0xFC, 0x07, 0xE0, 0x3F, 0x01, 0xF8, 0x0F, 0xC0,
    0x7E, 0x03, 0xF0, 0x1F, 0x80, 0xFC, 0x07, 0xE0, 0x3F, 0x01, 0xFC, 0x1F, 0xFB, 0xF7, 0xFF, 0x9F,
    0xDC, 0x38, 0x00, 0x01, 0xC0, 0x1E, 0x00, 0xE0, 0x0E, 0x00, 0x60, 0x00, 0x03, 0x80, 0xFC, 0x07,
    0xE0, 0x3F, 0x01, 0xF8, 0x0F, 0xC0, 0x7E, 0x03, 0xF0, 0x1F, 0x80, 0xFC, 0x07, 0xE0, 0x3F, 0x01,
    0xFC, 0x1F, 0xFB, 0xF7, 0xFF, 0x9F, 0xDC, 0x38, 0x00, 0x0F, 0x80, 0xFC, 0x07, 0x70, 0x71, 0xC0,
    0x00, 0x00, 0x03, 0x80, 0xFC, 0x07, 0xE0, 0x3F, 0x01, 0xF8, 0x0F, 0xC0, 0x7E, 0x03, 0xF0, 0x1F,
    0x80, 0xFC, 0x07, 0xE0, 0x3F, 0x01, 0xFC, 0x1F, 0xFB, 0xF7, 0xFF, 0x9F, 0xDC, 0x38, 0x00, 0x38,
    0xE3, 0xCF, 0x0E, 0x38, 0x71, 0xC0, 0x00, 0x00, 0x03, 0x80, 0xFC, 0x07, 0xE0, 0x3F, 0x01, 0xF8,
    0x0F, 0xC0, 0x7E, 0x03, 0xF0, 0x1F, 0x80, 0xFC, 0x07, 0xE0, 0x3F, 0x01, 0xFC, 0x1F, 0xFB, 0xF7,
    0xFF, 0x9F, 0xDC, 0x38, 0x00, 0x00, 0xF0, 0x00, 0xE0, 0x01, 0xE0, 0x01, 0xC0, 0x01, 0x80, 0x00,
    0x00, 0x70, 0x0F, 0x70, 0x0E, 0x78, 0x1E, 0x38, 0x1E, 0x38, 0x1C, 0x3C, 0x3C, 0x1C, 0x38, 0x1C,
    0x38, 0x1E, 0x78, 0x0E, 0x70, 0x0F, 0x70, 0x07, 0xE0, 0x07, 0xE0, 0x07, 0xE0, 0x03, 0xC0, 0x03,
    0xC0, 0x03, 0xC0, 0x03, 0x80, 0x07, 0x80, 0x3F, 0x00, 0x3F, 0x00, 0x3E, 0x00, 0x00, 0x00, 0xE0,
    0x01, 0xC0, 0x03, 0x80, 0x07, 0x00, 0x0E, 0x00, 0x1C, 0x00, 0x3B, 0xF8, 0x7F, 0xF8, 0xFF, 0xF9,
    0xF0, 0x7B, 0xC0, 0xF7, 0x00, 0xEE, 0x01, 0xDC, 0x03, 0xF8, 0x07, 0xF0, 0x0E, 0xE0, 0x1D, 0xE0,
    0x3B, 0xC0, 0xF7, 0xE7, 0xCF, 0xFF, 0x1D, 0xFC, 0x38, 0xE0, 0x70, 0x00, 0xE0, 0x01, 0xC0, 0x03,
    0x80, 0x07, 0x00, 0x00, 0x0C, 0x30, 0x1E, 0x78, 0x1E, 0x78, 0x0C, 0x30, 0x00, 0x00, 0x00, 0x00,
    0x70, 0x0F, 0x70, 0x0E, 0x78, 0x1E, 0x38, 0x1E, 0x38, 0x1C, 0x3C, 0x3C, 0x1C, 0x38, 0x1C, 0x38,
    0x1E, 0x78, 0x0E, 0x70, 0x0F, 0x70, 0x07, 0xE0, 0x07, 0xE0, 0x07, 0xE0, 0x03, 0xC0, 0x03, 0xC0,
    0x03, 0xC0, 0x03, 0x80, 0x07, 0x80, 0x3F, 0x00, 0x3F, 0x00, 0x3E, 0x00, 0x00, 0x00, 0x03, 0xFC,
    0x00, 0x3F, 0xC0, 0x00, 0x00, 0x00, 0x00, 0x00, 0x00, 0x00, 0x00, 0x0E, 0x00, 0x00, 0xF0, 0x00,
    0x1F, 0x00, 0x01, 0xF8, 0x00, 0x1F, 0x80, 0x03, 0xFC, 0x00, 0x39, 0xC0, 0x03, 0x9C, 0x00, 0x79,
    0xE0, 0x07, 0x0E, 0x00, 0xF0, 0xE0, 0x0F, 0x0F, 0x00, 0xE0, 0x70, 0x1F, 0xFF, 0x81, 0xFF, 0xF8,
    0x1F, 0xFF, 0x83, 0xC0, 0x3C, 0x38, 0x03, 0xC3, 0x80, 0x1C, 0x78, 0x01, 0xE7, 0x00, 0x0E, 0xF0,
    0x00, 0xE0, 0x1F, 0xE0, 0xFF, 0x00, 0x00, 0x00, 0x00, 0x00, 0x0F, 0xF0, 0xFF, 0xCF, 0xFF, 0x70,
    0x7B, 0x81, 0xC0, 0x0E, 0x07, 0xF3, 0xFF, 0xBF, 0xFF, 0xF0, 0xFE, 0x07, 0xE0, 0x3F, 0x03, 0xFE,
    0x3E, 0xFF, 0xF3, 0xFB, 0x87, 0x00, 0x03, 0x0C, 0x00, 0x39, 0xC0, 0x03, 0xFC, 0x00, 0x1F, 0x80,
    0x00, 0x00, 0x00, 0x00, 0x00, 0x00, 0xE0, 0x00, 0x0F, 0x00, 0x01, 0xF0, 0x00, 0x1F, 0x80, 0x01,
    0xF8, 0x00, 0x3F, 0xC0, 0x03, 0x9C, 0x00, 0x39, 0xC0, 0x07, 0x9E, 0x00, 0x70, 0xE0, 0x0F, 0x0E,
    0x00, 0xF0, 0xF0, 0x0E, 0x07, 0x01, 0xFF, 0xF8, 0x1F, 0xFF, 0x81, 0xFF, 0xF8, 0x3C, 0x03, 0xC3,
    0x80, 0x3C, 0x38, 0x01, 0xC7, 0x80, 0x1E, 0x70, 0x00, 0xEF, 0x00, 0x0E, 0x38, 0x60, 0xE7, 0x07,
    0xF8, 0x1F, 0x80, 0x00, 0x00, 0x00, 0x7F, 0x87, 0xFE, 0x7F, 0xFB, 0x83, 0xDC, 0x0E, 0x00, 0x70,
    0x3F, 0x9F, 0xFD, 0xFF, 0xFF, 0x87, 0xF0, 0x3F, 0x01, 0xF8, 0x1F, 0xF1, 0xF7, 0xFF, 0x9F, 0xDC,
    0x38, 0x00, 0x00, 0xE0, 0x00, 0x0F, 0x00, 0x01, 0xF0, 0x00, 0x1F, 0x80, 0x01, 0xF8, 0x00, 0x3F,
    0xC0, 0x03, 0x9C, 0x00, 0x39, 0xC0, 0x07, 0x9E, 0x00, 0x70, 0xE0, 0x0F, 0x0E, 0x00, 0xF0, 0xF0,
    0x0E, 0x07, 0x01, 0xFF, 0xF8, 0x1F, 0xFF, 0x81, 0xFF, 0xF8, 0x3C, 0x03, 0xC3, 0x80, 0x3C, 0x38,
    0x01, 0xC7, 0x80, 0x1E, 0x70, 0x00, 0xEF, 0x00, 0x0E, 0x00, 0x01, 0xE0, 0x00, 0x1C, 0x00, 0x03,
    0x80, 0x00, 0x3C, 0x00, 0x03, 0xF0, 0x00, 0x1F, 0x00, 0x00, 0x40, 0x1F, 0xE0, 0xFF, 0xC7, 0xFF,
    0x9C, 0x1E, 0x70, 0x38, 0x00, 0xE0, 0x3F, 0x8F, 0xFE, 0x7F, 0xFB, 0xF0, 0xEF, 0x03, 0xB8, 0x0E,
    0xE0, 0x7B, 0xE3, 0xE7, 0xFF, 0x8F, 0xEE, 0x0E, 0x78, 0x03, 0xC0, 0x0E, 0x00, 0x3E, 0x00, 0xFC,
    0x01, 0xF0, 0x00, 0x00, 0x00, 0x3C, 0x00, 0x07, 0x00, 0x01, 0xE0, 0x00, 0x38, 0x00, 0x06, 0x00,
    0x00, 0x00, 0x00, 0x7E, 0x00, 0x3F, 0xF0, 0x0F, 0xFF, 0x83, 0xF1, 0xF0, 0xF0, 0x0F, 0x1C, 0x00,
    0xF7, 0x80, 0x1E, 0xE0, 0x01, 0xDC, 0x00, 0x07, 0x80, 0x00, 0xF0, 0x00, 0x1E, 0x00, 0x03, 0xC0,
    0x00, 0x78, 0x00, 0x07, 0x00, 0x00, 0xE0, 0x01, 0xDE, 0x00, 0x79, 0xE0, 0x0E, 0x3E, 0x07, 0xC3,
    0xFF, 0xF0, 0x3F, 0xFC, 0x03, 0xFF, 0x00, 0x0F, 0x00, 0x00, 0xE0, 0x03, 0xC0, 0x07, 0x00, 0x1C,
    0x00, 0x18, 0x00, 0x00, 0x03, 0xF8, 0x0F, 0xF8, 0x3F, 0xF8, 0xF0, 0x79, 0xC0, 0x77, 0x80, 0x0E,
    0x00, 0x1C, 0x00, 0x38, 0x00, 0x70, 0x00, 0xF0, 0x00, 0xE0, 0x39, 0xE0, 0xF3, 0xE3, 0xE3, 0xFF,
    0x83, 0xFE, 0x00, 0xE0, 0x00, 0x00, 0xF0, 0x00, 0x3F, 0x00, 0x0F, 0xF0, 0x03, 0xCF, 0x00, 0x00,
    0x00, 0x00, 0x00, 0x00, 0x7E, 0x00, 0x3F, 0xF0, 0x0F, 0xFF, 0x83, 0xF1, 0xF0, 0xF0, 0x0F, 0x1C,
    0x00, 0xF7, 0x80, 0x1E, 0xE0, 0x01, 0xDC, 0x00, 0x07, 0x80, 0x00, 0xF0, 0x00, 0x1E, 0x00, 0x03,
    0xC0, 0x00, 0x78, 0x00, 0x07, 0x00, 0x00, 0xE0, 0x01, 0xDE, 0x00, 0x79, 0xE0, 0x0E, 0x3E, 0x07,
    0xC3, 0xFF, 0xF0, 0x3F, 0xFC, 0x03, 0xFF, 0x00, 0x0F, 0x00, 0x07, 0xC0, 0x0F, 0xC0, 0x3B, 0x80,
    0xE3, 0x80, 0x00, 0x00, 0x00, 0x03, 0xF8, 0x0F, 0xF8, 0x3F, 0xF8, 0xF0, 0x79, 0xC0, 0x77, 0x80,
    0x0E, 0x00, 0x1C, 0x00, 0x38, 0x00, 0x70, 0x00, 0xF0, 0x00, 0xE0, 0x39, 0xE0, 0xF3, 0xE3, 0xE3,
    0xFF, 0x83, 0xFE, 0x00, 0xE0, 0x00, 0x00, 0x70, 0x00, 0x1E, 0x00, 0x03, 0xC0, 0x00, 0x30, 0x00,
    0x00, 0x00, 0x00, 0x00, 0x00, 0x7E, 0x00, 0x3F, 0xF0, 0x0F, 0xFF, 0x83, 0xF1, 0xF0, 0xF0, 0x0F,
    0x1C, 0x00, 0xF7, 0x80, 0x1E, 0xE0, 0x01, 0xDC, 0x00, 0x07, 0x80, 0x00, 0xF0, 0x00, 0x1E, 0x00,
    0x03, 0xC0, 0x00, 0x78, 0x00, 0x07, 0x00, 0x00, 0xE0, 0x01, 0xDE, 0x00, 0x79, 0xE0, 0x0E, 0x3E,
    0x07, 0xC3, 0xFF, 0xF0, 0x3F, 0xFC, 0x03, 0xFF, 0x00, 0x0F, 0x00, 0x03, 0x80, 0x07, 0x80, 0x0F,
    0x00, 0x1C, 0x00, 0x00, 0x00, 0x00, 0x03, 0xF8, 0x0F, 0xF8, 0x3F, 0xF8, 0xF0, 0x79, 0xC0, 0x77,
    0x80, 0x0E, 0x00, 0x1C, 0x00, 0x38, 0x00, 0x70, 0x00, 0xF0, 0x00, 0xE0, 0x39, 0xE0, 0xF3, 0xE3,
    0xE3, 0xFF, 0x83, 0xFE, 0x00, 0xE0, 0x00, 0x07, 0x9E, 0x00, 0x7F, 0x80, 0x07, 0xE0, 0x00, 0x78,
    0x00, 0x00, 0x00, 0x00, 0x00, 0x00, 0x7E, 0x00, 0x3F, 0xF0, 0x0F, 0xFF, 0x83, 0xF1, 0xF0, 0xF0,
    0x0F, 0x1C, 0x00, 0xF7, 0x80, 0x1E, 0xE0, 0x01, 0xDC, 0x00, 0x07, 0x80, 0x00, 0xF0, 0x00, 0x1E,
    0x00, 0x03, 0xC0, 0x00, 0x78, 0x00, 0x07, 0x00, 0x00, 0xE0, 0x01, 0xDE, 0x00, 0x79, 0xE0, 0x0E,
    0x3E, 0x07, 0xC3, 0xFF, 0xF0, 0x3F, 0xFC, 0x03, 0xFF, 0x00, 0x0F, 0x00, 0x1C, 0x70, 0x1D, 0xC0,
    0x1F, 0x80, 0x3E, 0x00, 0x00, 0x00, 0x00, 0x03, 0xF8, 0x0F, 0xF8, 0x3F, 0xF8, 0xF0, 0x79, 0xC0,
    0x77, 0x80, 0x0E, 0x00, 0x1C, 0x00, 0x38, 0x00, 0x70, 0x00, 0xF0, 0x00, 0xE0, 0x39, 0xE0, 0xF3,
    0xE3, 0xE3, 0xFF, 0x83, 0xFE, 0x00, 0xE0, 0x00, 0x3C, 0xE0, 0x07, 0x78, 0x00, 0xFC, 0x00, 0x1E,
    0x00, 0x00, 0x00, 0x00, 0x00, 0x07, 0xF8, 0x03, 0xFF, 0xC0, 0xFF, 0xFC, 0x3F, 0xFF, 0x8F, 0x01,
    0xF3, 0xC0, 0x3C, 0xF0, 0x07, 0xBC, 0x00, 0xEF, 0x00, 0x3B, 0xC0, 0x0E, 0xF0, 0x03, 0xFC, 0x00,
    0xFF, 0x00, 0x3F, 0xC0, 0x0E, 0xF0, 0x03, 0xBC, 0x01, 0xEF, 0x00, 0x7B, 0xC0, 0x3C, 0xF0, 0x1F,
    0x3F, 0xFF, 0x8F, 0xFF, 0xC3, 0xFF, 0xC0, 0x00, 0x00, 0xE0, 0x01, 0x9C, 0x00, 0x7B, 0x80, 0x0F,
    0x70, 0x01, 0xEE, 0x00, 0x3D, 0xC0, 0x07, 0x90, 0x7E, 0xF0, 0x3F, 0xFE, 0x07, 0xFF, 0xC1, 0xE0,
    0xF8, 0x38, 0x0F, 0x0F, 0x01, 0xE1, 0xC0, 0x3C, 0x38, 0x03, 0x87, 0x00, 0x70, 0xE0, 0x1E, 0x1E,
    0x03, 0xC3, 0xC0, 0x78, 0x3C, 0x1F, 0x07, 0xC7, 0xE0, 0x7F, 0xFC, 0x07, 0xFB, 0x80, 0x3C, 0x00,
    0x1F, 0xE0, 0x01, 0xFF, 0xE0, 0x1F, 0xFF, 0x01, 0xFF, 0xF8, 0x1C, 0x03, 0xC1, 0xC0, 0x1E, 0x1C,
    0x00, 0xE1, 0xC0, 0x0F, 0x1C, 0x00, 0xF1, 0xC0, 0x07, 0xFF, 0xF0, 0x7F, 0xFF, 0x07, 0xFF, 0xF0,
    0x71, 0xC0, 0x07, 0x1C, 0x00, 0xF1, 0xC0, 0x0F, 0x1C, 0x01, 0xE1, 0xC0, 0x1E, 0x1C, 0x07, 0xC1,
    0xFF, 0xF8, 0x1F, 0xFF, 0x01, 0xFF, 0xC0, 0x00, 0x0C, 0x00, 0x0F, 0x00, 0x7F, 0xE0, 0x3F, 0xF0,
    0x1F, 0xF8, 0x00, 0xF0, 0x3F, 0x78, 0x7F, 0xFC, 0x3F, 0xFE, 0x3C, 0x1F, 0x1C, 0x07, 0x9E, 0x03,
    0xCE, 0x01, 0xE7, 0x00, 0x73, 0x80, 0x39, 0xC0, 0x3C, 0xF0, 0x1E, 0x78, 0x0F, 0x1E, 0x0F, 0x8F,
    0x8F, 0xC3, 0xFF, 0xE0, 0xFF, 0x70, 0x1E, 0x00, 0x1F, 0xE0, 0x7F, 0x80, 0x00, 0x00, 0x00, 0x00,
    0x01, 0xFF, 0xFF, 0xFF, 0xFF, 0xFF, 0xFF, 0xFB, 0xC0, 0x0F, 0x00, 0x3C, 0x00, 0xF0, 0x03, 0xC0,
    0x0F, 0x00, 0x3F, 0xFE, 0xFF, 0xFB, 0xFF, 0xEF, 0x00, 0x3C, 0x00, 0xF0, 0x03, 0xC0, 0x0F, 0x00,
    0x3C, 0x00, 0xFF, 0xFF, 0xFF, 0xFF, 0xFF, 0xC0, 0x1F, 0xF0, 0x3F, 0xE0, 0x00, 0x00, 0x00, 0x00,
    0x00, 0x01, 0xFC, 0x07, 0xFC, 0x1F, 0xFC, 0x78, 0x3C, 0xE0, 0x3B, 0xC0, 0x7F, 0xFF, 0xFF, 0xFF,
    0xFF, 0xFF, 0xF8, 0x00, 0x78, 0x00, 0x70, 0x18, 0xF0, 0x39, 0xF1, 0xF1, 0xFF, 0xC1, 0xFF, 0x00,
    0x78, 0x00, 0x18, 0x70, 0x73, 0x81, 0xFE, 0x03, 0xF0, 0x00, 0x00, 0x00, 0x07, 0xFF, 0xFF, 0xFF,
    0xFF, 0xFF, 0xFF, 0xEF, 0x00, 0x3C, 0x00, 0xF0, 0x03, 0xC0, 0x0F, 0x00, 0x3C, 0x00, 0xFF, 0xFB,
    0xFF, 0xEF, 0xFF, 0xBC, 0x00, 0xF0, 0x03, 0xC0, 0x0F, 0x00, 0x3C, 0x00, 0xF0, 0x03, 0xFF, 0xFF,
    0xFF, 0xFF, 0xFF, 0x1C, 0x70, 0x38, 0xE0, 0x3F, 0x80, 0x3E, 0x00, 0x00, 0x00, 0x00, 0x03, 0xF8,
    0x0F, 0xF8, 0x3F, 0xF8, 0xF0, 0x79, 0xC0, 0x77, 0x80, 0xFF, 0xFF, 0xFF, 0xFF, 0xFF, 0xFF, 0xF0,
    0x00, 0xF0, 0x00, 0xE0, 0x31, 0xE0, 0x73, 0xE3, 0xE3, 0xFF, 0x83, 0xFE, 0x00, 0xF0, 0x00, 0x03,
    0x80, 0x1E, 0x00, 0x78, 0x00, 0xC0, 0x00, 0x00, 0x00, 0x07, 0xFF, 0xFF, 0xFF, 0xFF, 0xFF, 0xFF,
    0xEF, 0x00, 0x3C, 0x00, 0xF0, 0x03, 0xC0, 0x0F, 0x00, 0x3C, 0x00, 0xFF, 0xFB, 0xFF, 0xEF, 0xFF,
    0xBC, 0x00, 0xF0, 0x03, 0xC0, 0x0F, 0x00, 0x3C, 0x00, 0xF0, 0x03, 0xFF, 0xFF, 0xFF, 0xFF, 0xFF,
    0x03, 0x80, 0x0F, 0x00, 0x1E, 0x00, 0x1C, 0x00, 0x00, 0x00, 0x00, 0x03, 0xF8, 0x0F, 0xF8, 0x3F,
    0xF8, 0xF0, 0x79, 0xC0, 0x77, 0x80, 0xFF, 0xFF, 0xFF, 0xFF, 0xFF, 0xFF, 0xF0, 0x00, 0xF0, 0x00,
    0xE0, 0x31, 0xE0, 0x73, 0xE3, 0xE3, 0xFF, 0x83, 0xFE, 0x00, 0xF0, 0x00, 0x7F, 0xFD, 0xFF, 0xFB,
    0xFF, 0xF7, 0xFF, 0xCF, 0x00, 0x1E, 0x00, 0x3C, 0x00, 0x78, 0x00, 0xF0, 0x01, 0xE0, 0x03, 0xFF,
    0xE7, 0xFF, 0xCF, 0xFF, 0x9E, 0x00, 0x3C, 0x00, 0x78, 0x00, 0xF0, 0x01, 0xE0, 0x03, 0xC0, 0x07,
    0xFF, 0xEF, 0xFF, 0xDF, 0xFF, 0x80, 0x0F, 0x00, 0x38, 0x00, 0x70, 0x01, 0xE8, 0x01, 0xF0, 0x03,
    0xF0, 0x00, 0x80, 0x0F, 0xE0, 0x3F, 0xE0, 0xFF, 0xE3, 0xC1, 0xE7, 0x01, 0xDE, 0x03, 0xFF, 0xFF,
    0xFF, 0xFF, 0xFF, 0xFF, 0xC0, 0x03, 0xC0, 0x03, 0x80, 0xC7, 0x81, 0xCF, 0x8F, 0x8F, 0xFE, 0x0F,
    0xFC, 0x03, 0xF0, 0x01, 0xC0, 0x03, 0x80, 0x07, 0x00, 0x0F, 0xC0, 0x0F, 0x80, 0x04, 0x00, 0x3C,
    0xF0, 0x7F, 0x80, 0xFC, 0x01, 0xE0, 0x00, 0x00, 0x00, 0x07, 0xFF, 0xFF, 0xFF, 0xFF, 0xFF, 0xFF,
    0xEF, 0x00, 0x3C, 0x00, 0xF0, 0x03, 0xC0, 0x0F, 0x00, 0x3C, 0x00, 0xFF, 0xFB, 0xFF, 0xEF, 0xFF,
    0xBC, 0x00, 0xF0, 0x03, 0xC0, 0x0F, 0x00, 0x3C, 0x00, 0xF0, 0x03, 0xFF, 0xFF, 0xFF, 0xFF, 0xFF,
    0x1C, 0x70, 0x1D, 0xC0, 0x3F, 0x00, 0x3C, 0x00, 0x00, 0x00, 0x00, 0x03, 0xF8, 0x0F, 0xF8, 0x3F,
    0xF8, 0xF0, 0x79, 0xC0, 0x77, 0x80, 0xFF, 0xFF, 0xFF, 0xFF, 0xFF, 0xFF, 0xF0, 0x00, 0xF0, 0x00,
    0xE0, 0x31, 0xE0, 0x73, 0xE3, 0xE3, 0xFF, 0x83, 0xFE, 0x00, 0xF0, 0x00, 0x00, 0xF0, 0x00, 0x3F,
    0x00, 0x0F, 0xF0, 0x03, 0xCF, 0x00, 0x00, 0x00, 0x00, 0x00, 0x00, 0x7E, 0x00, 0x3F, 0xF0, 0x0F,
    0xFF, 0x03, 0xF1, 0xF0, 0xF0, 0x0F, 0x1C, 0x00, 0xF7, 0x80, 0x1E, 0xE0, 0x01, 0xDC, 0x00, 0x07,
    0x80, 0x00, 0xF0, 0x00, 0x1E, 0x07, 0xFF, 0xC0, 0xFF, 0xF8, 0x1F, 0xF7, 0x00, 0x0E, 0xE0, 0x01,
    0xDE, 0x00, 0x79, 0xE0, 0x0F, 0x3E, 0x03, 0xC3, 0xFF, 0xF0, 0x3F, 0xFC, 0x03, 0xFF, 0x00, 0x0F,
    0x00, 0x07, 0xC0, 0x1F, 0x80, 0x3B, 0x80, 0xE3, 0x80, 0x00, 0x00, 0x00, 0x03, 0xF3, 0x9F, 0xF7,
    0x3F, 0xFE, 0xF0, 0x7D, 0xC0, 0x7F, 0x80, 0xFE, 0x01, 0xFC, 0x01, 0xF8, 0x03, 0xF0, 0x0F, 0xF0,
    0x1E, 0xE0, 0x3D, 0xE0, 0xF9, 0xFF, 0xF3, 0xFE, 0xE1, 0xF9, 0xC0, 0x03, 0x80, 0x0F, 0x70, 0x1C,
    0xF8, 0xF8, 0xFF, 0xE0, 0xFF, 0x80, 0x38, 0x00, 0x03, 0x0C, 0x00, 0x73, 0x80, 0x0F, 0xF0, 0x00,
    0xFC, 0x00, 0x00, 0x00, 0x00, 0x00, 0x00, 0x7E, 0x00, 0x3F, 0xF0, 0x0F, 0xFF, 0x03, 0xF1, 0xF0,
    0xF0, 0x0F, 0x1C, 0x00, 0xF7, 0x80, 0x1E, 0xE0, 0x01, 0xDC, 0x00, 0x07, 0x80, 0x00, 0xF0, 0x00,
    0x1E, 0x07, 0xFF, 0xC0, 0xFF, 0xF8, 0x1F, 0xF7, 0x00, 0x0E, 0xE0, 0x01, 0xDE, 0x00, 0x79, 0xE0,
    0x0F, 0x3E, 0x03, 0xC3, 0xFF, 0xF0, 0x3F, 0xFC, 0x03, 0xFF, 0x00, 0x0F, 0x00, 0x1C, 0x70, 0x38,
    0xE0, 0x3F, 0x80, 0x3E, 0x00, 0x00, 0x00, 0x00, 0x03, 0xF3, 0x9F, 0xF7, 0x3F, 0xFE, 0xF0, 0x7D,
    0xC0, 0x7F, 0x80, 0xFE, 0x01, 0xFC, 0x01, 0xF8, 0x03, 0xF0, 0x0F, 0xF0, 0x1E, 0xE0, 0x3D, 0xE0,
    0xF9, 0xFF, 0xF3, 0xFE, 0xE1, 0xF9, 0xC0, 0x03, 0x80, 0x0F, 0x70, 0x1C, 0xF8, 0xF8, 0xFF, 0xE0,
    0xFF, 0x80, 0x38, 0x00, 0x00, 0x70, 0x00, 0x1E, 0x00, 0x03, 0xC0, 0x00, 0x30, 0x00, 0x00, 0x00,
    0x00, 0x00, 0x00, 0x7E, 0x00, 0x3F, 0xF0, 0x0F, 0xFF, 0x03, 0xF1, 0xF0, 0xF0, 0x0F, 0x1C, 0x00,
    0xF7, 0x80, 0x1E, 0xE0, 0x01, 0xDC, 0x00, 0x07, 0x80, 0x00, 0xF0, 0x00, 0x1E, 0x07, 0xFF, 0xC0,
    0xFF, 0xF8, 0x1F, 0xF7, 0x00, 0x0E, 0xE0, 0x01, 0xDE, 0x00, 0x79, 0xE0, 0x0F, 0x3E, 0x03, 0xC3,
    0xFF, 0xF0, 0x3F, 0xFC, 0x03, 0xFF, 0x00, 0x0F, 0x00, 0x03, 0x80, 0x0F, 0x80, 0x1E, 0x00, 0x1C,
    0x00, 0x00, 0x00, 0x00, 0x03, 0xF3, 0x9F, 0xF7, 0x3F, 0xFE, 0xF0, 0x7D, 0xC0, 0x7F, 0x80, 0xFE,
    0x01, 0xFC, 0x01, 0xF8, 0x03, 0xF0, 0x0F, 0xF0, 0x1E, 0xE0, 0x3D, 0xE0, 0xF9, 0xFF, 0xF3, 0xFE,
    0xE1, 0xF9, 0xC0, 0x03, 0x80, 0x0F, 0x70, 0x1C, 0xF8, 0xF8, 0xFF, 0xE0, 0xFF, 0x80, 0x38, 0x00,
    0x01, 0xF8, 0x00, 0xFF, 0xC0, 0x3F, 0xFC, 0x0F, 0xC7, 0xC3, 0xC0, 0x3C, 0x70, 0x03, 0xDE, 0x00,
    0x7B, 0x80, 0x07, 0x70, 0x00, 0x1E, 0x00, 0x03, 0xC0, 0x00, 0x78, 0x1F, 0xFF, 0x03, 0xFF, 0xE0,
    0x7F, 0xDC, 0x00, 0x3B, 0x80, 0x07, 0x78, 0x01, 0xE7, 0x80, 0x3C, 0xF8, 0x0F, 0x0F, 0xFF, 0xC0,
    0xFF, 0xF0, 0x0F, 0xFC, 0x00, 0x3C, 0x00, 0x07, 0x00, 0x00, 0xE0, 0x00, 0x1C, 0x00, 0x03, 0x80,
    0x00, 0xE0, 0x00, 0x1C, 0x00, 0x00, 0x00, 0x00, 0x00, 0x80, 0x03, 0x80, 0x0F, 0x00, 0x1C, 0x00,
    0x38, 0x00, 0x70, 0x00, 0xE0, 0x00, 0x00, 0x0F, 0xCE, 0x7F, 0xDC, 0xFF, 0xFB, 0xC1, 0xF7, 0x01,
    0xFE, 0x03, 0xF8, 0x07, 0xF0, 0x07, 0xE0, 0x0F, 0xC0, 0x3F, 0xC0, 0x7B, 0x80, 0xF7, 0x83, 0xE7,
    0xFF, 0xCF, 0xFB, 0x87, 0xE7, 0x00, 0x0E, 0x00, 0x3D, 0xC0, 0x73, 0xE3, 0xE3, 0xFF, 0x83, 0xFE,
    0x00, 0xE0, 0x00, 0x01, 0xE0, 0x01, 0xF8, 0x01, 0xDE, 0x01, 0xC7, 0x00, 0x00, 0x00, 0x00, 0x01,
    0x80, 0x0F, 0xE0, 0x07, 0xF0, 0x03, 0xF8, 0x01, 0xFC, 0x00, 0xFE, 0x00, 0x7F, 0x00, 0x3F, 0x80,
    0x1F, 0xC0, 0x0F, 0xE0, 0x07, 0xFF, 0xFF, 0xFF, 0xFF, 0xFF, 0xFF, 0xFE, 0x00, 0x7F, 0x00, 0x3F,
    0x80, 0x1F, 0xC0, 0x0F, 0xE0, 0x07, 0xF0, 0x03, 0xF8, 0x01, 0xFC, 0x00, 0xFE, 0x00, 0x70, 0x1F,
    0x00, 0x1F, 0x80, 0x0E, 0xE0, 0x0E, 0x38, 0x00, 0x00, 0x00, 0x00, 0x00, 0x38, 0x00, 0x1C, 0x00,
    0x0E, 0x00, 0x07, 0x00, 0x03, 0x80, 0x01, 0xC0, 0x00, 0xEF, 0xE0, 0x7F, 0xF8, 0x3F, 0xFC, 0x1E,
    0x0F, 0x0F, 0x03, 0x87, 0x01, 0xC3, 0x80, 0xE1, 0xC0, 0x70, 0xE0, 0x38, 0x70, 0x1C, 0x38, 0x0E,
    0x1C, 0x07, 0x0E, 0x03, 0x87, 0x01, 0xC3, 0x80, 0xE1, 0xC0, 0x70, 0x38, 0x00, 0xC1, 0xC0, 0x0F,
    0x0E, 0x00, 0x78, 0x70, 0x03, 0xC3, 0x80, 0x1E, 0x7F, 0xFF, 0xFB, 0xFF, 0xFF, 0xDF, 0xFF, 0xFE,
    0x38, 0x01, 0xE1, 0xC0, 0x0F, 0x0F, 0xFF, 0xF8, 0x7F, 0xFF, 0xC3, 0xFF, 0xFE, 0x1C, 0x00, 0xF0,
    0xE0, 0x07, 0x87, 0x00, 0x3C, 0x38, 0x01, 0xE1, 0xC0, 0x0F, 0x0E, 0x00, 0x78, 0x70, 0x03, 0xC3,
    0x80, 0x1E, 0x1C, 0x00, 0xF0, 0x38, 0x00, 0x70, 0x03, 0xFF, 0x07, 0xFE, 0x0F, 0xF8, 0x07, 0x00,
    0x0E, 0xFE, 0x1F, 0xFE, 0x3F, 0xFC, 0x78, 0x3C, 0xF0, 0x39, 0xC0, 0x73, 0x80, 0xE7, 0x01, 0xCE,
    0x03, 0x9C, 0x07, 0x38, 0x0E, 0x70, 0x1C, 0xE0, 0x39, 0xC0, 0x73, 0x80, 0xE7, 0x01, 0xC0, 0x39,
    0xBF, 0xFF, 0xFC, 0xE0, 0x00, 0x00, 0x30, 0x3C, 0x1E, 0x0F, 0x07, 0x83, 0xC1, 0xE0, 0xF0, 0x78,
    0x3C, 0x1E, 0x0F, 0x07, 0x83, 0xC1, 0xE0, 0xF0, 0x78, 0x3C, 0x1E, 0x0F, 0x07, 0x83, 0xC0, 0x71,
    0xFF, 0xFF, 0xD8, 0xE0, 0x00, 0x00, 0x70, 0x38, 0x1C, 0x0E, 0x07, 0x03, 0x81, 0xC0, 0xE0, 0x70,
    0x38, 0x1C, 0x0E, 0x07, 0x03, 0x81, 0xC0, 0xE0, 0xFF, 0xFF, 0xC0, 0x00, 0x00, 0x00, 0x60, 0x78,
    0x3C, 0x1E, 0x0F, 0x07, 0x83, 0xC1, 0xE0, 0xF0, 0x78, 0x3C, 0x1E, 0x0F, 0x07, 0x83, 0xC1, 0xE0,
    0xF0, 0x78, 0x3C, 0x1E, 0x0F, 0x07, 0x80, 0xFF, 0xFF, 0xC0, 0x00, 0x00, 0x00, 0xE0, 0x70, 0x38,
    0x1C, 0x0E, 0x07, 0x03, 0x81, 0xC0, 0xE0, 0x70, 0x38, 0x1C, 0x0E, 0x07, 0x03, 0x81, 0xC0, 0xE1,
    0xB9, 0xDF, 0xC7, 0xE0, 0x00, 0x00, 0x30, 0x3C, 0x1E, 0x0F, 0x07, 0x83, 0xC1, 0xE0, 0xF0, 0x78,
    0x3C, 0x1E, 0x0F, 0x07, 0x83, 0xC1, 0xE0, 0xF0, 0x78, 0x3C, 0x1E, 0x0F, 0x07, 0x83, 0xC0, 0xE3,
    0xF1, 0xDF, 0xC7, 0xC0, 0x00, 0x00, 0x70, 0x38, 0x1C, 0x0E, 0x07, 0x03, 0x81, 0xC0, 0xE0, 0x70,
    0x38, 0x1C, 0x0E, 0x07, 0x03, 0x81, 0xC0, 0xE0, 0x18, 0xF3, 0xCF, 0x3C, 0xF3, 0xCF, 0x3C, 0xF3,
    0xCF, 0x3C, 0xF3, 0xCF, 0x3C, 0xF3, 0xCF, 0x3C, 0xF7, 0xBC, 0xE3, 0x8F, 0xDF, 0x10, 0x1C, 0x78,
    0xF0, 0xE0, 0x00, 0x07, 0x0E, 0x1C, 0x38, 0x70, 0xE1, 0xC3, 0x87, 0x0E, 0x1C, 0x38, 0x70, 0xE1,
    0xC3, 0x8F, 0x38, 0x71, 0xE9, 0xF3, 0xF0, 0x80, 0xEF, 0xF6, 0x00, 0x6F, 0xFF, 0xFF, 0xFF, 0xFF,
    0xFF, 0xFF, 0xFF, 0xFF, 0xFF, 0xFF, 0xFF, 0xFF, 0xFF, 0xFF, 0xFF, 0xFF, 0x60, 0x00, 0x7F, 0x00,
    0x07, 0xF0, 0x00, 0x7F, 0x00, 0x07, 0xF0, 0x00, 0x7F, 0x00, 0x07, 0xF0, 0x00, 0x7F, 0x00, 0x07,
    0xF0, 0x00, 0x7F, 0x00, 0x07, 0xF0, 0x00, 0x7F, 0x00, 0x07, 0xF0, 0x00, 0x7F, 0x00, 0x07, 0xF1,
    0xC0, 0x7F, 0x1C, 0x07, 0xF1, 0xC0, 0x7F, 0x1C, 0x0F, 0xF1, 0xE0, 0xFF, 0x1F, 0xBE, 0xF0, 0xFF,
    0xCF, 0x07, 0xF8, 0x00, 0x0E, 0x00, 0x70, 0xEF, 0x1E, 0xF1, 0xE7, 0x0E, 0x00, 0x00, 0x00, 0x70,
    0xE7, 0x0E, 0x70, 0xE7, 0x0E, 0x70, 0xE7, 0x0E, 0x70, 0xE7, 0x0E, 0x70, 0xE7, 0x0E, 0x70, 0xE7,
    0x0E, 0x70, 0xE7, 0x0E, 0x70, 0xE7, 0x0E, 0x00, 0xE0, 0x0E, 0x01, 0xE0, 0x7E, 0x07, 0xC0, 0x78,
    0x00, 0x3C, 0x00, 0x3F, 0x00, 0x3B, 0x80, 0x38, 0xE0, 0x00, 0x00, 0x00, 0x00, 0x00, 0xE0, 0x00,
    0x70, 0x00, 0x38, 0x00, 0x1C, 0x00, 0x0E, 0x00, 0x07, 0x00, 0x03, 0x80, 0x01, 0xC0, 0x00, 0xE0,
    0x00, 0x70, 0x00, 0x38, 0x00, 0x1C, 0x00, 0x0E, 0x00, 0x07, 0x0E, 0x03, 0x87, 0x01, 0xC3, 0x80,
    0xE1, 0xE0, 0x70, 0xF0, 0x78, 0x3E, 0xFC, 0x1F, 0xFC, 0x03, 0xFC, 0x00, 0x70, 0x00, 0x1F, 0x0F,
    0xC3, 0xB9, 0xC7, 0x00, 0x00, 0x00, 0xE0, 0x38, 0x0E, 0x03, 0x80, 0xE0, 0x38, 0x0E, 0x03, 0x80,
    0xE0, 0x38, 0x0E, 0x03, 0x80, 0xE0, 0x38, 0x0E, 0x03, 0x80, 0xE0, 0x38, 0x0E, 0x1F, 0x87, 0xC1,
    0xE0, 0x60, 0x07, 0x78, 0x07, 0xBC, 0x07, 0xDE, 0x07, 0xCF, 0x07, 0xC7, 0x87, 0xC3, 0xC7, 0xC1,
    0xE7, 0xC0, 0xF3, 0xC0, 0x7B, 0xC0, 0x3F, 0xE0, 0x1F, 0xF8, 0x0F, 0xFC, 0x07, 0xCF, 0x03, 0xC3,
    0xC1, 0xE1, 0xE0, 0xF0, 0x78, 0x78, 0x1E, 0x3C, 0x07, 0x9E, 0x03, 0xCF, 0x00, 0xF7, 0x80, 0x3C,
    0x00, 0x00, 0x07, 0x00, 0x03, 0x80, 0x01, 0xC0, 0x00, 0xE0, 0x00, 0xE0, 0x00, 0x70, 0x00, 0x00,
    0x00, 0xE0, 0x03, 0x80, 0x0E, 0x00, 0x38, 0x00, 0xE0, 0x03, 0x80, 0x0E, 0x07, 0xB8, 0x3C, 0xE1,
    0xE3, 0x8F, 0x0E, 0x78, 0x3B, 0xC0, 0xFE, 0x03, 0xF8, 0x0F, 0xF0, 0x3D, 0xE0, 0xE7, 0xC3, 0x8F,
    0x0E, 0x1E, 0x38, 0x3C, 0xE0, 0x7B, 0x81, 0xE0, 0x00, 0x01, 0x80, 0x0F, 0x00, 0x38, 0x00, 0xE0,
    0x03, 0x80, 0x1C, 0x00, 0x00, 0x00, 0xE0, 0x7F, 0x07, 0xB8, 0x79, 0xC3, 0x8E, 0x3C, 0x73, 0xC3,
    0xBC, 0x1F, 0xC0, 0xFE, 0x07, 0xF8, 0x3B, 0xC1, 0xCF, 0x0E, 0x3C, 0x70, 0xF3, 0x83, 0xDC, 0x0F,
    0x3C, 0x00, 0xE0, 0x07, 0x00, 0x1C, 0x00, 0x60, 0x00, 0x00, 0x06, 0x00, 0x3C, 0x00, 0xF0, 0x03,
    0xC0, 0x0F, 0x00, 0x3C, 0x00, 0xF0, 0x03, 0xC0, 0x0F, 0x00, 0x3C, 0x00, 0xF0, 0x03, 0xC0, 0x0F,
    0x00, 0x3C, 0x00, 0xF0, 0x03, 0xC0, 0x0F, 0x00, 0x3C, 0x00, 0xF0, 0x03, 0xFF, 0xEF, 0xFF, 0xBF,
    0xFE, 0x39, 0xE7, 0x38, 0xC0, 0x0E, 0x38, 0xE3, 0x8E, 0x38, 0xE3, 0x8E, 0x38, 0xE3, 0x8E, 0x38,
    0xE3, 0x8E, 0x38, 0xE3, 0x8E, 0x38, 0x60, 0x03, 0xC0, 0x0F, 0x00, 0x3C, 0x00, 0xF0, 0x03, 0xC0,
    0x0F, 0x00, 0x3C, 0x00, 0xF0, 0x03, 0xC0, 0x0F, 0x00, 0x3C, 0x00, 0xF0, 0x03, 0xC0, 0x0F, 0x00,
    0x3C, 0x00, 0xF0, 0x03, 0xC0, 0x0F, 0x00, 0x3F, 0xFE, 0xFF, 0xFB, 0xFF, 0xE0, 0x00, 0x01, 0xC0,
    0x07, 0x00, 0x1C, 0x00, 0xE0, 0x03, 0x80, 0x0E, 0x00, 0x00, 0x00, 0x39, 0xCE, 0x73, 0x9C, 0xE7,
    0x39, 0xCE, 0x73, 0x9C, 0xE7, 0x39, 0xCE, 0x73, 0x9C, 0x07, 0x3B, 0x9C, 0xE6, 0x00, 0x01, 0x81,
    0x8F, 0x0F, 0x38, 0x3C, 0xE0, 0xF3, 0x83, 0xCE, 0x0F, 0x10, 0x3C, 0x00, 0xF0, 0x03, 0xC0, 0x0F,
    0x00, 0x3C, 0x00, 0xF0, 0x03, 0xC0, 0x0F, 0x00, 0x3C, 0x00, 0xF0, 0x03, 0xC0, 0x0F, 0x00, 0x3C,
    0x00, 0xFF, 0xFB, 0xFF, 0xEF, 0xFF, 0x80, 0x06, 0xEF, 0xEE, 0xEE, 0xEE, 0xEE, 0xE4, 0xE0, 0xE0,
    0xE0, 0xE0, 0xE0, 0xE0, 0xE0, 0xE0, 0xE0, 0xE0, 0xE0, 0xE0, 0xE0, 0xE0, 0xE0, 0xE0, 0x60, 0x03,
    0xC0, 0x0F, 0x00, 0x3C, 0x00, 0xF0, 0x03, 0xC0, 0x0F, 0x00, 0x3C, 0x00, 0xF3, 0xC3, 0xCF, 0x0F,
    0x3C, 0x3C, 0x60, 0xF0, 0x03, 0xC0, 0x0F, 0x00, 0x3C, 0x00, 0xF0, 0x03, 0xC0, 0x0F, 0x00, 0x3F,
    0xFE, 0xFF, 0xFB, 0xFF, 0xE0, 0xE0, 0x70, 0x38, 0x1C, 0x0E, 0x07, 0x03, 0x81, 0xC0, 0xE0, 0x73,
    0xBB, 0xDD, 0xFE, 0xF7, 0x13, 0x81, 0xC0, 0xE0, 0x70, 0x38, 0x1C, 0x0E, 0x07, 0x00, 0x1C, 0x00,
    0x1C, 0x00, 0x1C, 0x00, 0x1C, 0x00, 0x1C, 0x00, 0x1C, 0x00, 0x1C, 0x70, 0x1D, 0xF0, 0x1F, 0xE0,
    0x1F, 0xC0, 0x3F, 0x00, 0x7E, 0x00, 0xFC, 0x00, 0xFC, 0x00, 0x9C, 0x00, 0x1C, 0x00, 0x1C, 0x00,
    0x1C, 0x00, 0x1C, 0x00, 0x1F, 0xFF, 0x1F, 0xFF, 0x1F, 0xFF, 0x1C, 0x0E, 0x07, 0x03, 0x81, 0xC0,
    0xE0, 0x74, 0x3E, 0x1F, 0x1F, 0x3F, 0x1F, 0x8D, 0xC0, 0xE0, 0x70, 0x38, 0x1C, 0x0E, 0x07, 0x03,
    0x81, 0xC0, 0xE0, 0x00, 0x78, 0x00, 0x1C, 0x00, 0x0E, 0x00, 0x03, 0x80, 0x00, 0xC0, 0x00, 0x00,
    0x07, 0x00, 0x1B, 0xC0, 0x0F, 0xF8, 0x03, 0xFF, 0x00, 0xFF, 0xC0, 0x3F, 0xF8, 0x0F, 0xEF, 0x03,
    0xFB, 0xC0, 0xFE, 0x78, 0x3F, 0xCF, 0x0F, 0xF3, 0xC3, 0xFC, 0x78, 0xFF, 0x0E, 0x3F, 0xC3, 0xCF,
    0xF0, 0x7B, 0xFC, 0x0E, 0xFF, 0x03, 0xFF, 0xC0, 0x7F, 0xF0, 0x1F, 0xFC, 0x03, 0xFF, 0x00, 0x7F,
    0xC0, 0x1F, 0x01, 0xC0, 0x1E, 0x00, 0xE0, 0x0E, 0x00, 0x60, 0x00, 0x03, 0xBF, 0x9F, 0xFE, 0xFF,
    0xF7, 0x83, 0xFC, 0x0F, 0xC0, 0x7E, 0x03, 0xF0, 0x1F, 0x80, 0xFC, 0x07, 0xE0, 0x3F, 0x01, 0xF8,
    0x0F, 0xC0, 0x7E, 0x03, 0xF0, 0x1C, 0x70, 0x01, 0xBC, 0x00, 0xFF, 0x80, 0x3F, 0xF0, 0x0F, 0xFC,
    0x03, 0xFF, 0x80, 0xFE, 0xF0, 0x3F, 0xBC, 0x0F, 0xE7, 0x83, 0xFC, 0xF0, 0xFF, 0x3C, 0x3F, 0xC7,
    0x8F, 0xF0, 0xE3, 0xFC, 0x3C, 0xFF, 0x07, 0xBF, 0xC0, 0xEF, 0xF0, 0x3F, 0xFC, 0x07, 0xFF, 0x01,
    0xFF, 0xC0, 0x3F, 0xF0, 0x07, 0xFC, 0x01, 0xF0, 0x00, 0x00, 0x07, 0x00, 0x01, 0xC0, 0x00, 0x70,
    0x00, 0x1C, 0x00, 0x0E, 0x00, 0x03, 0x80, 0x00, 0x00, 0x00, 0xEF, 0xE7, 0xFF, 0xBF, 0xFD, 0xE0,
    0xFF, 0x03, 0xF0, 0x1F, 0x80, 0xFC, 0x07, 0xE0, 0x3F, 0x01, 0xF8, 0x0F, 0xC0, 0x7E, 0x03, 0xF0,
    0x1F, 0x80, 0xFC, 0x07, 0x00, 0x00, 0x38, 0x01, 0xC0, 0x1E, 0x00, 0xE0, 0x07, 0x00, 0x38, 0x00,
    0x00, 0x0F, 0x3C, 0x01, 0xDE, 0x00, 0x3F, 0x00, 0x07, 0x80, 0x00, 0x00, 0x00, 0x00, 0x07, 0x00,
    0x1B, 0xC0, 0x0F, 0xF8, 0x03, 0xFF, 0x00, 0xFF, 0xC0, 0x3F, 0xF8, 0x0F, 0xEF, 0x03, 0xFB, 0xC0,
    0xFE, 0x78, 0x3F, 0xCF, 0x0F, 0xF3, 0xC3, 0xFC, 0x78, 0xFF, 0x0E, 0x3F, 0xC3, 0xCF, 0xF0, 0x7B,
    0xFC, 0x0E, 0xFF, 0x03, 0xFF, 0xC0, 0x7F, 0xF0, 0x1F, 0xFC, 0x03, 0xFF, 0x00, 0x7F, 0xC0, 0x1F,
    0x38, 0xE0, 0xEE, 0x03, 0xE0, 0x1F, 0x00, 0x00, 0x00, 0x03, 0xBF, 0x9F, 0xFE, 0xFF, 0xF7, 0x83,
    0xFC, 0x0F, 0xC0, 0x7E, 0x03, 0xF0, 0x1F, 0x80, 0xFC, 0x07, 0xE0, 0x3F, 0x01, 0xF8, 0x0F, 0xC0,
    0x7E, 0x03, 0xF0, 0x1C, 0x70, 0x01, 0xBC, 0x00, 0xFF, 0x80, 0x3F, 0xF0, 0x0F, 0xFC, 0x03, 0xFF,
    0x80, 0xFE, 0xF0, 0x3F, 0xBC, 0x0F, 0xE7, 0x83, 0xFC, 0xF0, 0xFF, 0x3C, 0x3F, 0xC7, 0x8F, 0xF0,
    0xE3, 0xFC, 0x3C, 0xFF, 0x07, 0xBF, 0xC0, 0xEF, 0xF0, 0x3F, 0xFC, 0x07, 0xFF, 0x01, 0xFF, 0xC0,
    0x3F, 0xF0, 0x07, 0xFC, 0x01, 0xF0, 0x00, 0x3C, 0x00, 0x0F, 0x00, 0x03, 0xC0, 0x03, 0xF0, 0x01,
    0xF8, 0x00, 0x7C, 0x00, 0x00, 0x00, 0xEF, 0xE7, 0xFF, 0xBF, 0xFD, 0xE0, 0xFF, 0x03, 0xF0, 0x1F,
    0x80, 0xFC, 0x07, 0xE0, 0x3F, 0x01, 0xF8, 0x0F, 0xC0, 0x7E, 0x03, 0xF0, 0x1F, 0x80, 0xFC, 0x07,
    0x00, 0x38, 0x01, 0xC0, 0x0E, 0x03, 0xF0, 0x1F, 0x80, 0xF8, 0x00, 0x00, 0x03, 0xFC, 0x00, 0x3F,
    0xC0, 0x00, 0x00, 0x00, 0x00, 0x00, 0x00, 0x00, 0x00, 0x1F, 0x80, 0x07, 0xFE, 0x00, 0xFF, 0xF0,
    0x1F, 0x8F, 0x83, 0xC0, 0x3C, 0x38, 0x01, 0xE7, 0x80, 0x1E, 0x70, 0x00, 0xE7, 0x00, 0x0F, 0xF0,
    0x00, 0xFF, 0x00, 0x07, 0xF0, 0x00, 0x7F, 0x00, 0x07, 0xF0, 0x00, 0xF7, 0x00, 0x0F, 0x70, 0x00,
    0xE7, 0x80, 0x1E, 0x3C, 0x01, 0xE3, 0xE0, 0x7C, 0x1F, 0xFF, 0x80, 0xFF, 0xF0, 0x07, 0xFE, 0x00,
    0x0F, 0x00, 0x1F, 0xF0, 0x3F, 0xE0, 0x00, 0x00, 0x00, 0x00, 0x00, 0x01, 0xFC, 0x07, 0xFC, 0x1F,
    0xFC, 0x78, 0x3C, 0xE0, 0x3F, 0xC0, 0x7F, 0x00, 0x7E, 0x00, 0xFC, 0x01, 0xF8, 0x03, 0xF8, 0x07,
    0x70, 0x1E, 0xF0, 0x79, 0xF1, 0xF1, 0xFF, 0xC1, 0xFF, 0x00, 0x70, 0x00, 0x03, 0x0E, 0x00, 0x39,
    0xC0, 0x03, 0xFC, 0x00, 0x1F, 0x80, 0x00, 0x00, 0x00, 0x00, 0x00, 0x01, 0xF8, 0x00, 0x7F, 0xE0,
    0x0F, 0xFF, 0x01, 0xF8, 0xF8, 0x3C, 0x03, 0xC3, 0x80, 0x1E, 0x78, 0x01, 0xE7, 0x00, 0x0E, 0x70,
    0x00, 0xFF, 0x00, 0x0F, 0xF0, 0x00, 0x7F, 0x00, 0x07, 0xF0, 0x00, 0x7F, 0x00, 0x0F, 0x70, 0x00,
    0xF7, 0x00, 0x0E, 0x78, 0x01, 0xE3, 0xC0, 0x1E, 0x3E, 0x07, 0xC1, 0xFF, 0xF8, 0x0F, 0xFF, 0x00,
    0x7F, 0xE0, 0x00, 0xF0, 0x00, 0x1C, 0x70, 0x38, 0xE0, 0x3F, 0x80, 0x3E, 0x00, 0x00, 0x00, 0x00,
    0x03, 0xF8, 0x0F, 0xF8, 0x3F, 0xF8, 0xF0, 0x79, 0xC0, 0x7F, 0x80, 0xFE, 0x00, 0xFC, 0x01, 0xF8,
    0x03, 0xF0, 0x07, 0xF0, 0x0E, 0xE0, 0x3D, 0xE0, 0xF3, 0xE3, 0xE3, 0xFF, 0x83, 0xFE, 0x00, 0xE0,
    0x00, 0x01, 0xCF, 0x00, 0x3D, 0xE0, 0x03, 0x9C, 0x00, 0x3B, 0x80, 0x03, 0x30, 0x00, 0x00, 0x00,
    0x01, 0xF8, 0x00, 0x7F, 0xE0, 0x0F, 0xFF, 0x01, 0xF8, 0xF8, 0x3C, 0x03, 0xC3, 0x80, 0x1E, 0x78,
    0x01, 0xE7, 0x00, 0x0E, 0x70, 0x00, 0xFF, 0x00, 0x0F, 0xF0, 0x00, 0x7F, 0x00, 0x07, 0xF0, 0x00,
    0x7F, 0x00, 0x0F, 0x70, 0x00, 0xF7, 0x00, 0x0E, 0x78, 0x01, 0xE3, 0xC0, 0x1E, 0x3E, 0x07, 0xC1,
    0xFF, 0xF8, 0x0F, 0xFF, 0x00, 0x7F, 0xE0, 0x00, 0xF0, 0x00, 0x0F, 0x78, 0x1C, 0xE0, 0x7B, 0xC0,
    0xE7, 0x01, 0x8C, 0x00, 0x00, 0x03, 0xF8, 0x0F, 0xF8, 0x3F, 0xF8, 0xF0, 0x79, 0xC0, 0x7F, 0x80,
    0xFE, 0x00, 0xFC, 0x01, 0xF8, 0x03, 0xF0, 0x07, 0xF0, 0x0E, 0xE0, 0x3D, 0xE0, 0xF3, 0xE3, 0xE3,
    0xFF, 0x83, 0xFE, 0x00, 0xE0, 0x00, 0x00, 0x7F, 0xFF, 0xC0, 0x7F, 0xFF, 0xFC, 0x3F, 0xFF, 0xFF,
    0x8F, 0xFF, 0xFF, 0xE3, 0xE0, 0x70, 0x00, 0x78, 0x0E, 0x00, 0x1E, 0x01, 0xC0, 0x03, 0x80, 0x38,
    0x00, 0x70, 0x07, 0x00, 0x1E, 0x00, 0xE0, 0x03, 0xC0, 0x1F, 0xFF, 0x78, 0x03, 0xFF, 0xEF, 0x00,
    0x7F, 0xFD, 0xE0, 0x0E, 0x00, 0x1C, 0x01, 0xC0, 0x03, 0x80, 0x38, 0x00, 0x78, 0x07, 0x00, 0x07,
    0x80, 0xE0, 0x00, 0xF8, 0x1C, 0x00, 0x0F, 0xFF, 0xFF, 0xF0, 0xFF, 0xFF, 0xFE, 0x07, 0xFF, 0xFF,
    0xC0, 0x0F, 0xE0, 0xFE, 0x03, 0xFE, 0x3F, 0xE0, 0xFF, 0xEF, 0xFE, 0x3C, 0x1F, 0xC1, 0xE7, 0x01,
    0xF0, 0x1D, 0xE0, 0x3E, 0x03, 0xF8, 0x03, 0xFF, 0xFF, 0x00, 0x7F, 0xFF, 0xE0, 0x0F, 0xFF, 0xFC,
    0x01, 0xC0, 0x03, 0xC0, 0x3C, 0x00, 0x38, 0x0F, 0x80, 0xC7, 0x83, 0xF8, 0x1C, 0xF8, 0xFF, 0x8F,
    0x8F, 0xFE, 0xFF, 0xE0, 0xFF, 0x8F, 0xF8, 0x03, 0x80, 0x3C, 0x00, 0x01, 0xE0, 0x01, 0xC0, 0x01,
    0xC0, 0x03, 0x80, 0x03, 0x00, 0x00, 0x00, 0x7F, 0x80, 0xFF, 0xF0, 0xFF, 0xFC, 0xFF, 0xFC, 0xF0,
    0x1E, 0xF0, 0x0E, 0xF0, 0x0E, 0xF0, 0x0E, 0xF0, 0x0E, 0xF0, 0x1E, 0xF0, 0x3E, 0xFF, 0xFC, 0xFF,
    0xF8, 0xFF, 0xF0, 0xF0, 0xF0, 0xF0, 0x78, 0xF0, 0x78, 0xF0, 0x3C, 0xF0, 0x3C, 0xF0, 0x1E, 0xF0,
    0x1E, 0xF0, 0x0F, 0x0F, 0x0E, 0x1C, 0x1C, 0x18, 0x00, 0xEF, 0xFF, 0xFF, 0xF0, 0xE0, 0xE0, 0xE0,
    0xE0, 0xE0, 0xE0, 0xE0, 0xE0, 0xE0, 0xE0, 0xE0, 0xE0, 0x7F, 0x80, 0xFF, 0xF0, 0xFF, 0xFC, 0xFF,
    0xFC, 0xF0, 0x1E, 0xF0, 0x0E, 0xF0, 0x0E, 0xF0, 0x0E, 0xF0, 0x0E, 0xF0, 0x1E, 0xF0, 0x3E, 0xFF,
    0xFC, 0xFF, 0xF8, 0xFF, 0xF0, 0xF0, 0xF0, 0xF0, 0x78, 0xF0, 0x78, 0xF0, 0x3C, 0xF0, 0x3C, 0xF0,
    0x1E, 0xF0, 0x1E, 0xF0, 0x0F, 0x00, 0x00, 0x03, 0x80, 0x03, 0x80, 0x07, 0x80, 0x07, 0x00, 0x07,
    0x00, 0x07, 0x00, 0x00, 0x00, 0x3B, 0xCF, 0xF3, 0xFC, 0xF0, 0x38, 0x0E, 0x03, 0x80, 0xE0, 0x38,
    0x0E, 0x03, 0x80, 0xE0, 0x38, 0x0E, 0x03, 0x80, 0xE0, 0x00, 0x0E, 0x03, 0x81, 0xC0, 0x70, 0x1C,
    0x06, 0x00, 0x00, 0x1C, 0xF0, 0x1E, 0xE0, 0x0F, 0xC0, 0x07, 0x80, 0x00, 0x00, 0x00, 0x00, 0x7F,
    0x80, 0xFF, 0xF0, 0xFF, 0xFC, 0xFF, 0xFC, 0xF0, 0x1E, 0xF0, 0x0E, 0xF0, 0x0E, 0xF0, 0x0E, 0xF0,
    0x0E, 0xF0, 0x1E, 0xF0, 0x3E, 0xFF, 0xFC, 0xFF, 0xF8, 0xFF, 0xF0, 0xF0, 0xF0, 0xF0, 0x78, 0xF0,
    0x78, 0xF0, 0x3C, 0xF0, 0x3C, 0xF0, 0x1E, 0xF0, 0x1E, 0xF0, 0x0F, 0xF3, 0xDF, 0xE3, 0xF0, 0x78,
    0x00, 0x00, 0x07, 0x79, 0xFE, 0x7F, 0x9E, 0x07, 0x01, 0xC0, 0x70, 0x1C, 0x07, 0x01, 0xC0, 0x70,
    0x1C, 0x07, 0x01, 0xC0, 0x70, 0x1C, 0x00, 0x00, 0xF0, 0x00, 0xE0, 0x00, 0xE0, 0x01, 0xC0, 0x01,
    0x80, 0x00, 0x00, 0x03, 0xE0, 0x1F, 0xF8, 0x3F, 0xFC, 0x3C, 0x3E, 0x78, 0x0F, 0x70, 0x0F, 0x70,
    0x07, 0x70, 0x00, 0x7C, 0x00, 0x3F, 0x00, 0x1F, 0xF0, 0x0F, 0xFC, 0x01, 0xFE, 0x00, 0x3F, 0x00,
    0x0F, 0x00, 0x07, 0xF0, 0x07, 0xF0, 0x07, 0x78, 0x0F, 0x7E, 0x7E, 0x3F, 0xFE, 0x1F, 0xF8, 0x03,
    0xE0, 0x01, 0xE0, 0x1E, 0x00, 0xE0, 0x07, 0x00, 0x30, 0x00, 0x00, 0x7F, 0x07, 0xFC, 0x7F, 0xF3,
    0x83, 0xDC, 0x0C, 0xE0, 0x07, 0xE0, 0x1F, 0xE0, 0x7F, 0xC0, 0x7F, 0x00, 0x7B, 0x01, 0xFC, 0x1E,
    0xF1, 0xF7, 0xFF, 0x1F, 0xF0, 0x1C, 0x00, 0x03, 0xC0, 0x07, 0xE0, 0x0F, 0x70, 0x0E, 0x78, 0x00,
    0x00, 0x00, 0x00, 0x03, 0xE0, 0x1F, 0xF8, 0x3F, 0xFC, 0x3C, 0x3E, 0x78, 0x0F, 0x70, 0x0F, 0x70,
    0x07, 0x70, 0x00, 0x7C, 0x00, 0x3F, 0x00, 0x1F, 0xF0, 0x0F, 0xFC, 0x01, 0xFE, 0x00, 0x3F, 0x00,
    0x0F, 0x00, 0x07, 0xF0, 0x07, 0xF0, 0x07, 0x78, 0x0F, 0x7E, 0x7E, 0x3F, 0xFE, 0x1F, 0xF8, 0x03,
    0xE0, 0x07, 0x80, 0x7E, 0x07, 0x78, 0x71, 0xC0, 0x00, 0x00, 0x00, 0x7F, 0x07, 0xFC, 0x7F, 0xF3,
    0x83, 0xDC, 0x0C, 0xE0, 0x07, 0xE0, 0x1F, 0xE0, 0x7F, 0xC0, 0x7F, 0x00, 0x7B, 0x01, 0xFC, 0x1E,
    0xF1, 0xF7, 0xFF, 0x1F, 0xF0, 0x1C, 0x00, 0x03, 0xE0, 0x1F, 0xF8, 0x3F, 0xFC, 0x3C, 0x3E, 0x78,
    0x0F, 0x70, 0x0F, 0x70, 0x07, 0x70, 0x00, 0x7C, 0x00, 0x3F, 0x00, 0x1F, 0xF0, 0x0F, 0xFC, 0x01,
    0xFE, 0x00, 0x3F, 0x00, 0x0F, 0x00, 0x07, 0xF0, 0x07, 0xF0, 0x07, 0x78, 0x0F, 0x7E, 0x7E, 0x3F,
    0xFE, 0x1F, 0xF8, 0x03, 0xE0, 0x01, 0xE0, 0x01, 0xF0, 0x00, 0x70, 0x03, 0xF0, 0x03, 0xE0, 0x1F,
    0xC1, 0xFF, 0x1F, 0xFC, 0xE0, 0xF7, 0x03, 0x38, 0x01, 0xF8, 0x07, 0xF8, 0x1F, 0xF0, 0x1F, 0xC0,
    0x1E, 0xC0, 0x7F, 0x07, 0xBC, 0x7D, 0xFF, 0xC7, 0xFC, 0x07, 0x00, 0x3E, 0x01, 0xF0, 0x01, 0x80,
    0x7C, 0x03, 0xE0, 0x0E, 0x78, 0x0F, 0x70, 0x07, 0xE0, 0x03, 0xC0, 0x00, 0x00, 0x00, 0x00, 0x03,
    0xE0, 0x1F, 0xF8, 0x3F, 0xFC, 0x3C, 0x3E, 0x78, 0x0F, 0x70, 0x0F, 0x70, 0x07, 0x70, 0x00, 0x7C,
    0x00, 0x3F, 0x00, 0x1F, 0xF0, 0x0F, 0xFC, 0x01, 0xFE, 0x00, 0x3F, 0x00, 0x0F, 0x00, 0x07, 0xF0,
    0x07, 0xF0, 0x07, 0x78, 0x0F, 0x7E, 0x7E, 0x3F, 0xFE, 0x1F, 0xF8, 0x03, 0xE0, 0x38, 0xE0, 0xEE,
    0x03, 0xF0, 0x0F, 0x00, 0x00, 0x00, 0x00, 0x7F, 0x07, 0xFC, 0x7F, 0xF3, 0x83, 0xDC, 0x0C, 0xE0,
    0x07, 0xE0, 0x1F, 0xE0, 0x7F, 0xC0, 0x7F, 0x00, 0x7B, 0x01, 0xFC, 0x1E, 0xF1, 0xF7, 0xFF, 0x1F,
    0xF0, 0x1C, 0x00, 0xFF, 0xFF, 0x7F, 0xFF, 0xFF, 0xFF, 0xEF, 0xFF, 0xE0, 0x1C, 0x00, 0x0E, 0x00,
    0x07, 0x00, 0x03, 0x80, 0x01, 0xC0, 0x00, 0xE0, 0x00, 0x70, 0x00, 0x38, 0x00, 0x1C, 0x00, 0x0E,
    0x00, 0x07, 0x00, 0x03, 0x80, 0x01, 0xC0, 0x00, 0xE0, 0x00, 0x70, 0x00, 0x38, 0x00, 0x1C, 0x00,
    0x0E, 0x00, 0x06, 0x00, 0x03, 0xC0, 0x01, 0xF0, 0x00, 0x38, 0x00, 0xFC, 0x00, 0x7C, 0x00, 0x3C,
    0x0F, 0x03, 0xC0, 0xF0, 0xFF, 0xBF, 0xEF, 0xF8, 0xF0, 0x3C, 0x0F, 0x03, 0xC0, 0xF0, 0x3C, 0x0F,
    0x03, 0xC0, 0xF0, 0x3C, 0x07, 0x81, 0xF8, 0x3E, 0x07, 0x01, 0xE0, 0x7C, 0x07, 0x0F, 0xC3, 0xE0,
    0x0E, 0x78, 0x07, 0xB8, 0x01, 0xF8, 0x00, 0x78, 0x00, 0x00, 0x00, 0x00, 0x03, 0xFF, 0xFD, 0xFF,
    0xFF, 0xFF, 0xFF, 0xBF, 0xFF, 0x80, 0x70, 0x00, 0x38, 0x00, 0x1C, 0x00, 0x0E, 0x00, 0x07, 0x00,
    0x03, 0x80, 0x01, 0xC0, 0x00, 0xE0, 0x00, 0x70, 0x00, 0x38, 0x00, 0x1C, 0x00, 0x0E, 0x00, 0x07,
    0x00, 0x03, 0x80, 0x01, 0xC0, 0x00, 0xE0, 0x00, 0x70, 0x00, 0x38, 0x00, 0x01, 0x80, 0x70, 0x1C,
    0x06, 0x3D, 0x8F, 0x63, 0xD0, 0xF0, 0xFF, 0xBF, 0xEF, 0xF8, 0xF0, 0x3C, 0x0F, 0x03, 0xC0, 0xF0,
    0x3C, 0x0F, 0x03, 0xC0, 0xF0, 0x3C, 0x07, 0x81, 0xF8, 0x3E, 0x03, 0x00, 0xFF, 0xFF, 0x7F, 0xFF,
    0xFF, 0xFF, 0xEF, 0xFF, 0xE0, 0x1C, 0x00, 0x0E, 0x00, 0x07, 0x00, 0x03, 0x80, 0x01, 0xC0, 0x00,
    0xE0, 0x0F, 0xFF, 0x07, 0xFF, 0x83, 0xFF, 0xC0, 0x0E, 0x00, 0x07, 0x00, 0x03, 0x80, 0x01, 0xC0,
    0x00, 0xE0, 0x00, 0x70, 0x00, 0x38, 0x00, 0x1C, 0x00, 0x0E, 0x00, 0x3C, 0x1E, 0x0F, 0x07, 0x8F,
    0xFF, 0xFF, 0xFE, 0x78, 0x3C, 0x7F, 0xFF, 0xFF, 0xF3, 0xC1, 0xE0, 0xF0, 0x78, 0x3C, 0x0F, 0x07,
    0xE1, 0xF0, 0x30, 0x03, 0x18, 0x03, 0xFC, 0x03, 0xFE, 0x01, 0xCE, 0x00, 0x00, 0x00, 0x00, 0x03,
    0x80, 0x0F, 0xC0, 0x07, 0xE0, 0x03, 0xF0, 0x01, 0xF8, 0x00, 0xFC, 0x00, 0x7E, 0x00, 0x3F, 0x00,
    0x1F, 0x80, 0x0F, 0xC0, 0x07, 0xE0, 0x03, 0xF0, 0x01, 0xF8, 0x00, 0xFC, 0x00, 0x7E, 0x00, 0x3F,
    0x80, 0x1F, 0xC0, 0x0E, 0xE0, 0x0F, 0x78, 0x0F, 0x1F, 0xFF, 0x87, 0xFF, 0x81, 0xFF, 0x80, 0x1E,
    0x00, 0x1C, 0x61, 0xFF, 0x0F, 0xF0, 0x63, 0x80, 0x00, 0x00, 0x03, 0x80, 0xFC, 0x07, 0xE0, 0x3F,
    0x01, 0xF8, 0x0F, 0xC0, 0x7E, 0x03, 0xF0, 0x1F, 0x80, 0xFC, 0x07, 0xE0, 0x3F, 0x01, 0xFC, 0x1F,
    0xFB, 0xF7, 0xFF, 0x9F, 0xDC, 0x38, 0x00, 0x0F, 0xF8, 0x07, 0xFC, 0x00, 0x00, 0x00, 0x00, 0x00,
    0x00, 0x07, 0x00, 0x1F, 0x80, 0x0F, 0xC0, 0x07, 0xE0, 0x03, 0xF0, 0x01, 0xF8, 0x00, 0xFC, 0x00,
    0x7E, 0x00, 0x3F, 0x00, 0x1F, 0x80, 0x0F, 0xC0, 0x07, 0xE0, 0x03, 0xF0, 0x01, 0xF8, 0x00, 0xFC,
    0x00, 0x7F, 0x00, 0x3F, 0x80, 0x1D, 0xC0, 0x1E, 0xF0, 0x1E, 0x3F, 0xFF, 0x0F, 0xFF, 0x03, 0xFF,
    0x00, 0x3C, 0x00, 0x3F, 0xE1, 0xFF, 0x00, 0x00, 0x00, 0x00, 0x00, 0x70, 0x1F, 0x80, 0xFC, 0x07,
    0xE0, 0x3F, 0x01, 0xF8, 0x0F, 0xC0, 0x7E, 0x03, 0xF0, 0x1F, 0x80, 0xFC, 0x07, 0xE0, 0x3F, 0x83,
    0xFF, 0x7E, 0xFF, 0xF3, 0xFB, 0x87, 0x00, 0x0E, 0x18, 0x03, 0x9C, 0x01, 0xFC, 0x00, 0x7C, 0x00,
    0x00, 0x00, 0x00, 0x03, 0x80, 0x0F, 0xC0, 0x07, 0xE0, 0x03, 0xF0, 0x01, 0xF8, 0x00, 0xFC, 0x00,
    0x7E, 0x00, 0x3F, 0x00, 0x1F, 0x80, 0x0F, 0xC0, 0x07, 0xE0, 0x03, 0xF0, 0x01, 0xF8, 0x00, 0xFC,
    0x00, 0x7E, 0x00, 0x3F, 0x80, 0x1F, 0xC0, 0x0E, 0xE0, 0x0F, 0x78, 0x0F, 0x1F, 0xFF, 0x87, 0xFF,
    0x81, 0xFF, 0x80, 0x1E, 0x00, 0x38, 0xE1, 0xC7, 0x07, 0xF0, 0x1F, 0x00, 0x00, 0x00, 0x03, 0x80,
    0xFC, 0x07, 0xE0, 0x3F, 0x01, 0xF8, 0x0F, 0xC0, 0x7E, 0x03, 0xF0, 0x1F, 0x80, 0xFC, 0x07, 0xE0,
    0x3F, 0x01, 0xFC, 0x1F, 0xFB, 0xF7, 0xFF, 0x9F, 0xDC, 0x38, 0x00, 0x00, 0x00, 0x01, 0xF0, 0x01,
    0xFC, 0x00, 0xE7, 0x00, 0x63, 0x80, 0x39, 0xC0, 0x1F, 0xC0, 0x07, 0xC0, 0xE0, 0x03, 0xF0, 0x01,
    0xF8, 0x00, 0xFC, 0x00, 0x7E, 0x00, 0x3F, 0x00, 0x1F, 0x80, 0x0F, 0xC0, 0x07, 0xE0, 0x03, 0xF0,
    0x01, 0xF8, 0x00, 0xFC, 0x00, 0x7E, 0x00, 0x3F, 0x00, 0x1F, 0x80, 0x0F, 0xE0, 0x07, 0xF0, 0x03,
    0xB8, 0x03, 0xDE, 0x03, 0xC7, 0xFF, 0xE1, 0xFF, 0xE0, 0x7F, 0xE0, 0x07, 0x80, 0x0F, 0x80, 0xFE,
    0x07, 0x70, 0x71, 0xC1, 0x8C, 0x0F, 0xE0, 0x3E, 0x00, 0x40, 0xE0, 0x3F, 0x01, 0xF8, 0x0F, 0xC0,
    0x7E, 0x03, 0xF0, 0x1F, 0x80, 0xFC, 0x07, 0xE0, 0x3F, 0x01, 0xF8, 0x0F, 0xC0, 0x7F, 0x07, 0xFE,
    0xFD, 0xFF, 0xE7, 0xF7, 0x0E, 0x00, 0x07, 0x9C, 0x03, 0x9C, 0x01, 0xDE, 0x01, 0xCE, 0x00, 0xC6,
    0x00, 0x00, 0x03, 0x80, 0x0F, 0xC0, 0x07, 0xE0, 0x03, 0xF0, 0x01, 0xF8, 0x00, 0xFC, 0x00, 0x7E,
    0x00, 0x3F, 0x00, 0x1F, 0x80, 0x0F, 0xC0, 0x07, 0xE0, 0x03, 0xF0, 0x01, 0xF8, 0x00, 0xFC, 0x00,
    0x7E, 0x00, 0x3F, 0x80, 0x1F, 0xC0, 0x0E, 0xE0, 0x0F, 0x78, 0x0F, 0x1F, 0xFF, 0x87, 0xFF, 0x81,
    0xFF, 0x80, 0x1E, 0x00, 0x1E, 0xF0, 0xE7, 0x0F, 0x70, 0x73, 0x83, 0x18, 0x00, 0x03, 0x80, 0xFC,
    0x07, 0xE0, 0x3F, 0x01, 0xF8, 0x0F, 0xC0, 0x7E, 0x03, 0xF0, 0x1F, 0x80, 0xFC, 0x07, 0xE0, 0x3F,
    0x01, 0xFC, 0x1F, 0xFB, 0xF7, 0xFF, 0x9F, 0xDC, 0x38, 0x00, 0xE0, 0x03, 0xF0, 0x01, 0xF8, 0x00,
    0xFC, 0x00, 0x7E, 0x00, 0x3F, 0x00, 0x1F, 0x80, 0x0F, 0xC0, 0x07, 0xE0, 0x03, 0xF0, 0x01, 0xF8,
    0x00, 0xFC, 0x00, 0x7E, 0x00, 0x3F, 0x00, 0x1F, 0x80, 0x0F, 0xE0, 0x07, 0xF0, 0x03, 0xB8, 0x03,
    0xDE, 0x03, 0xE7, 0xFF, 0xE1, 0xFF, 0xE0, 0x7F, 0xE0, 0x07, 0xC0, 0x03, 0x80, 0x03, 0x80, 0x01,
    0xE0, 0x00, 0xFC, 0x00, 0x3E, 0x00, 0x04, 0x00, 0xE0, 0x3B, 0x80, 0xEE, 0x03, 0xB8, 0x0E, 0xE0,
    0x3B, 0x80, 0xEE, 0x03, 0xB8, 0x0E, 0xE0, 0x3B, 0x80, 0xEE, 0x03, 0xB8, 0x0E, 0xF0, 0x7B, 0xF7,
    0xE7, 0xFF, 0x8F, 0xEE, 0x0E, 0x78, 0x03, 0xC0, 0x0E, 0x00, 0x3A, 0x00, 0xFC, 0x03, 0xF0, 0x01,
    0x00, 0x00, 0x0F, 0x00, 0x00, 0x01, 0xF8, 0x00, 0x00, 0x3D, 0xC0, 0x00, 0x03, 0x9E, 0x00, 0x00,
    0x00, 0x00, 0x00, 0x00, 0x00, 0x00, 0x60, 0x07, 0x00, 0x7F, 0x00, 0xF0, 0x07, 0x70, 0x0F, 0x80,
    0xF7, 0x00, 0xF8, 0x0F, 0x78, 0x1F, 0x80, 0xE3, 0x81, 0xF8, 0x0E, 0x38, 0x1F, 0xC1, 0xE3, 0x81,
    0xDC, 0x1C, 0x3C, 0x3D, 0xC1, 0xC1, 0xC3, 0x9C, 0x3C, 0x1C, 0x39, 0xE3, 0xC1, 0xE3, 0x8E, 0x38,
    0x1E, 0x78, 0xE3, 0x80, 0xE7, 0x0E, 0x78, 0x0E, 0x70, 0x77, 0x00, 0xFF, 0x07, 0x70, 0x07, 0xE0,
    0x77, 0x00, 0x7E, 0x07, 0xF0, 0x07, 0xE0, 0x3E, 0x00, 0x7E, 0x03, 0xE0, 0x03, 0xC0, 0x3E, 0x00,
    0x3C, 0x03, 0xE0, 0x00, 0x3C, 0x00, 0x00, 0xFC, 0x00, 0x03, 0xBC, 0x00, 0x0E, 0x38, 0x00, 0x00,
    0x00, 0x00, 0x00, 0x00, 0x1C, 0x0F, 0x07, 0xB8, 0x1E, 0x0F, 0x78, 0x7C, 0x1C, 0xF0, 0xF8, 0x38,
    0xE1, 0xF8, 0xF1, 0xC3, 0xF1, 0xC3, 0xCE, 0xE3, 0x83, 0x9D, 0xCF, 0x07, 0x39, 0xDC, 0x0E, 0x63,
    0xB8, 0x0F, 0xC7, 0x70, 0x1F, 0x87, 0xE0, 0x3F, 0x0F, 0x80, 0x3C, 0x1F, 0x00, 0x78, 0x3E, 0x00,
    0xF0, 0x38, 0x00, 0x00, 0xF0, 0x00, 0x3F, 0x00, 0x0E, 0xF0, 0x03, 0xCE, 0x00, 0x00, 0x00, 0x00,
    0x00, 0x1C, 0x00, 0x3B, 0xC0, 0x0F, 0x78, 0x03, 0xC7, 0x80, 0x78, 0x70, 0x1E, 0x0F, 0x03, 0x80,
    0xF0, 0xF0, 0x1E, 0x3C, 0x01, 0xE7, 0x80, 0x1D, 0xE0, 0x03, 0xF8, 0x00, 0x3F, 0x00, 0x03, 0xC0,
    0x00, 0x78, 0x00, 0x0F, 0x00, 0x01, 0xE0, 0x00, 0x3C, 0x00, 0x07, 0x80, 0x00, 0xF0, 0x00, 0x1E,
    0x00, 0x03, 0xC0, 0x00, 0x78, 0x00, 0x03, 0xC0, 0x07, 0xE0, 0x0F, 0xF0, 0x1E, 0x78, 0x00, 0x00,
    0x00, 0x00, 0x70, 0x0F, 0x70, 0x0E, 0x78, 0x1E, 0x38, 0x1E, 0x38, 0x1C, 0x3C, 0x3C, 0x1C, 0x38,
    0x1C, 0x38, 0x1E, 0x78, 0x0E, 0x70, 0x0F, 0x70, 0x07, 0xE0, 0x07, 0xE0, 0x07, 0xE0, 0x03, 0xC0,
    0x03, 0xC0, 0x03, 0xC0, 0x03, 0x80, 0x07, 0x80, 0x3F, 0x00, 0x3F, 0x00, 0x3E, 0x00, 0x00, 0x00,
    0x07, 0x1C, 0x00, 0xF3, 0xC0, 0x1E, 0x78, 0x01, 0x86, 0x00, 0x00, 0x00, 0x00, 0x00, 0x1C, 0x00,
    0x3B, 0xC0, 0x0F, 0x78, 0x03, 0xC7, 0x80, 0x78, 0x70, 0x1E, 0x0F, 0x03, 0x80, 0xF0, 0xF0, 0x1E,
    0x3C, 0x01, 0xE7, 0x80, 0x1D, 0xE0, 0x03, 0xF8, 0x00, 0x3F, 0x00, 0x03, 0xC0, 0x00, 0x78, 0x00,
    0x0F, 0x00, 0x01, 0xE0, 0x00, 0x3C, 0x00, 0x07, 0x80, 0x00, 0xF0, 0x00, 0x1E, 0x00, 0x03, 0xC0,
    0x00, 0x78, 0x00, 0x00, 0xF0, 0x00, 0xE0, 0x01, 0xE0, 0x01, 0xC0, 0x01, 0x80, 0x00, 0x00, 0x7F,
    0xFF, 0xFF, 0xFF, 0xFF, 0xFF, 0x7F, 0xFF, 0x00, 0x1E, 0x00, 0x3C, 0x00, 0x38, 0x00, 0x78, 0x00,
    0xF0, 0x00, 0xE0, 0x01, 0xE0, 0x03, 0xC0, 0x07, 0x80, 0x07, 0x80, 0x0F, 0x00, 0x1E, 0x00, 0x1C,
    0x00, 0x3C, 0x00, 0x78, 0x00, 0x7F, 0xFF, 0xFF, 0xFF, 0xFF, 0xFF, 0x01, 0xE0, 0x1E, 0x00, 0xE0,
    0x07, 0x00, 0x30, 0x00, 0x01, 0xFF, 0xEF, 0xFF, 0x7F, 0xF8, 0x07, 0x80, 0x38, 0x03, 0xC0, 0x3C,
    0x03, 0xC0, 0x1C, 0x01, 0xE0, 0x1E, 0x01, 0xE0, 0x1E, 0x00, 0xFF, 0xFF, 0xFF, 0xFF, 0xFC, 0x01,
    0xC0, 0x03, 0xC0, 0x03, 0xC0, 0x01, 0x80, 0x00, 0x00, 0x00, 0x00, 0x7F, 0xFF, 0xFF, 0xFF, 0xFF,
    0xFF, 0x7F, 0xFF, 0x00, 0x1E, 0x00, 0x3C, 0x00, 0x38, 0x00, 0x78, 0x00, 0xF0, 0x00, 0xE0, 0x01,
    0xE0, 0x03, 0xC0, 0x07, 0x80, 0x07, 0x80, 0x0F, 0x00, 0x1E, 0x00, 0x1C, 0x00, 0x3C, 0x00, 0x78,
    0x00, 0x7F, 0xFF, 0xFF, 0xFF, 0xFF, 0xFF, 0x07, 0x00, 0x3C, 0x01, 0xE0, 0x0E, 0x00, 0x00, 0x00,
    0x01, 0xFF, 0xEF, 0xFF, 0x7F, 0xF8, 0x07, 0x80, 0x38, 0x03, 0xC0, 0x3C, 0x03, 0xC0, 0x1C, 0x01,
    0xE0, 0x1E, 0x01, 0xE0, 0x1E, 0x00, 0xFF, 0xFF, 0xFF, 0xFF, 0xFC, 0x1E, 0x78, 0x0F, 0xF0, 0x07,
    0xE0, 0x03, 0xC0, 0x00, 0x00, 0x00, 0x00, 0x7F, 0xFF, 0xFF, 0xFF, 0xFF, 0xFF, 0x7F, 0xFF, 0x00,
    0x1E, 0x00, 0x3C, 0x00, 0x38, 0x00, 0x78, 0x00, 0xF0, 0x00, 0xE0, 0x01, 0xE0, 0x03, 0xC0, 0x07,
    0x80, 0x07, 0x80, 0x0F, 0x00, 0x1E, 0x00, 0x1C, 0x00, 0x3C, 0x00, 0x78, 0x00, 0x7F, 0xFF, 0xFF,
    0xFF, 0xFF, 0xFF, 0x38, 0xE0, 0xEF, 0x03, 0xF0, 0x0F, 0x00, 0x00, 0x00, 0x01, 0xFF, 0xEF, 0xFF,
    0x7F, 0xF8, 0x07, 0x80, 0x38, 0x03, 0xC0, 0x3C, 0x03, 0xC0, 0x1C, 0x01, 0xE0, 0x1E, 0x01, 0xE0,
    0x1E, 0x00, 0xFF, 0xFF, 0xFF, 0xFF, 0xFC, 0x3E, 0xFF, 0xFF, 0x0E, 0x1C, 0x38, 0x70, 0xE1, 0xC3,
    0x87, 0x0E, 0x1C, 0x38, 0x70, 0xE1, 0xC3, 0x87, 0x0E, 0x1C, 0x00, 0x00, 0x00, 0x70, 0x00, 0x07,
    0x00, 0x00, 0x70, 0x1F, 0xFF, 0x07, 0xFF, 0xF0, 0xFF, 0xFE, 0x1F, 0x8F, 0x83, 0xC0, 0x3C, 0x38,
    0x01, 0xE7, 0x80, 0x1E, 0x70, 0x00, 0xE7, 0x00, 0x0F, 0xF0, 0x00, 0xFF, 0x00, 0x07, 0xF0, 0x00,
    0x7F, 0x00, 0x07, 0xF0, 0x00, 0xF7, 0x00, 0x0F, 0x70, 0x00, 0xE7, 0x80, 0x1E, 0x3C, 0x01, 0xE3,
    0xE0, 0x7C, 0x1F, 0xFF, 0x80, 0xFF, 0xF0, 0x07, 0xFE, 0x00, 0x0F, 0x00, 0x00, 0x06, 0x00, 0x0F,
    0x00, 0x0F, 0x00, 0x0F, 0x0F, 0xFE, 0x1F, 0xFE, 0x3F, 0xF8, 0x78, 0x3C, 0x70, 0x1E, 0xF0, 0x1E,
    0xE0, 0x0E, 0xE0, 0x0E, 0xE0, 0x0E, 0xE0, 0x0E, 0xF0, 0x0E, 0x70, 0x1E, 0x78, 0x3C, 0x7C, 0x7C,
    0x3F, 0xF8, 0x1F, 0xF0, 0x03, 0x80, 0x00, 0x00, 0x70, 0x00, 0x07, 0x00, 0x00, 0x7E, 0x00, 0x3F,
    0xE0, 0x03, 0xFE, 0x00, 0x3E, 0xE0, 0x03, 0x8E, 0x00, 0x38, 0xE0, 0x03, 0x8E, 0x00, 0x38, 0xE0,
    0x03, 0x8E, 0x00, 0x38, 0xE0, 0x03, 0x8E, 0x00, 0x38, 0xE0, 0x03, 0x8E, 0x00, 0x38, 0xE0, 0x03,
    0x8E, 0x00, 0x38, 0xF0, 0x03, 0x8F, 0x00, 0x38, 0x70, 0x07, 0x87, 0x80, 0xF0, 0x3F, 0xFF, 0x01,
    0xFF, 0xE0, 0x0F, 0xFC, 0x00, 0x1E, 0x00, 0x00, 0x06, 0x00, 0x07, 0x00, 0x07, 0x00, 0x07, 0xE0,
    0x3F, 0xE0, 0x3E, 0xE0, 0x38, 0xE0, 0x38, 0xE0, 0x38, 0xE0, 0x38, 0xE0, 0x38, 0xE0, 0x38, 0xE0,
    0x38, 0xE0, 0x38, 0xE0, 0x38, 0xE0, 0x38, 0xF0, 0x78, 0xFD, 0xF8, 0x7F, 0xF8, 0x3F, 0xB8, 0x0E,
    0x00, 0x7F, 0x80, 0x03, 0x8E, 0x7F, 0xF8, 0x00, 0xEE, 0x3F, 0xFF, 0x00, 0x3E, 0x1F, 0xFF, 0xC0,
    0x1F, 0x0F, 0x01, 0xF0, 0x00, 0x07, 0x80, 0x78, 0x00, 0x03, 0xC0, 0x1E, 0x3F, 0xFF, 0xE0, 0x07,
    0x1F, 0xFF, 0xF0, 0x03, 0x8F, 0xFF, 0xF8, 0x01, 0xC0, 0x07, 0xBC, 0x00, 0xF0, 0x03, 0x9E, 0x00,
    0x78, 0x03, 0xCF, 0x00, 0x3C, 0x03, 0xC7, 0x80, 0x1C, 0x03, 0xC3, 0xC0, 0x0E, 0x03, 0xC1, 0xE0,
    0x0F, 0x01, 0xC0, 0xF0, 0x07, 0x81, 0xE0, 0x78, 0x07, 0x81, 0xE0, 0x3C, 0x07, 0xC1, 0xE0, 0x1F,
    0xFF, 0xC0, 0xFF, 0xFF, 0xFF, 0xC0, 0xFF, 0xFF, 0xFF, 0x80, 0x7F, 0xFC, 0x00, 0x0C, 0x0E, 0x78,
    0x00, 0x3C, 0x1E, 0xE0, 0x00, 0x78, 0x1F, 0x80, 0x00, 0xF0, 0x1E, 0x00, 0x01, 0xE0, 0x00, 0x00,
    0x03, 0xC0, 0x00, 0x03, 0xF7, 0x8F, 0xFF, 0x9F, 0xFF, 0x1F, 0xFF, 0x3F, 0xFE, 0x3F, 0xFC, 0xF0,
    0x7C, 0x00, 0x79, 0xC0, 0x78, 0x01, 0xE7, 0x80, 0xF0, 0x07, 0x8E, 0x01, 0xE0, 0x0F, 0x1C, 0x01,
    0xC0, 0x3C, 0x38, 0x03, 0x80, 0xF0, 0x70, 0x0F, 0x03, 0xC0, 0xF0, 0x1E, 0x07, 0x01, 0xE0, 0x3C,
    0x1E, 0x01, 0xE0, 0xF8, 0x78, 0x03, 0xE3, 0xF1, 0xFF, 0xF3, 0xFF, 0xE3, 0xFF, 0xE3, 0xFD, 0xC7,
    0xFF, 0xC1, 0xE0, 0x00, 0x00, 0x00, 0x60, 0x00, 0x00, 0x37, 0x80, 0x00, 0x03, 0xFC, 0x00, 0x00,
    0x1F, 0xE0, 0x00, 0x00, 0xFF, 0x00, 0x00, 0x07, 0xF8, 0x00, 0x00, 0x3F, 0xC0, 0x00, 0x01, 0xFE,
    0x00, 0x00, 0x0F, 0xF0, 0x00, 0x00, 0x7F, 0x80, 0x00, 0x03, 0xFC, 0x00, 0x00, 0x1F, 0xE0, 0x00,
    0x00, 0xFF, 0x00, 0x00, 0x07, 0xF8, 0x00, 0x00, 0x3F, 0xC0, 0x03, 0x01, 0xFE, 0x00, 0x3C, 0x0F,
    0xF0, 0x01, 0xE0, 0x7F, 0x80, 0x0F, 0x03, 0xFC, 0x00, 0x38, 0x3D, 0xFF, 0xF1, 0xF3, 0xEF, 0xFF,
    0x87, 0xFE, 0x7F, 0xFC, 0x1F, 0xE0, 0x00, 0x00, 0x3C, 0x00, 0x60, 0x00, 0xEF, 0x00, 0x0F, 0xF0,
    0x00, 0xFF, 0x00, 0x0E, 0xF0, 0x00, 0x0F, 0x00, 0x00, 0xF0, 0x00, 0xEF, 0x00, 0x0E, 0xF0, 0x00,
    0xEF, 0x00, 0x0E, 0xF0, 0x00, 0xEF, 0x00, 0x0E, 0xF0, 0x00, 0xEF, 0x00, 0x0E, 0xF0, 0x00, 0xEF,
    0x00, 0x0E, 0xF0, 0x00, 0xEF, 0x00, 0x0E, 0xF0, 0x00, 0xEF, 0xFF, 0x8E, 0xFF, 0xF8, 0xEF, 0xFF,
    0x8E, 0x00, 0x00, 0xE0, 0x00, 0x0E, 0x00, 0x00, 0xE0, 0x00, 0x3E, 0x00, 0x07, 0xC0, 0x00, 0x78,
    0xE1, 0xDC, 0x7B, 0x8F, 0x70, 0xEE, 0x01, 0xC0, 0x38, 0x77, 0x0E, 0xE1, 0xDC, 0x3B, 0x87, 0x70,
    0xEE, 0x1D, 0xC3, 0xB8, 0x77, 0x0E, 0xE1, 0xDC, 0x3B, 0x87, 0x70, 0xEE, 0x1D, 0xC3, 0x80, 0x70,
    0x0E, 0x03, 0xC1, 0xF8, 0x3E, 0x07, 0x80, 0x70, 0x01, 0x80, 0x01, 0xFC, 0x00, 0xF0, 0x00, 0x7F,
    0x80, 0x3C, 0x00, 0x1F, 0xF0, 0x0F, 0x00, 0x07, 0xFC, 0x03, 0xC0, 0x01, 0xFF, 0x80, 0xF0, 0x00,
    0x7E, 0xF0, 0x3C, 0x00, 0x1F, 0xBC, 0x0F, 0x00, 0x07, 0xE7, 0x83, 0xC0, 0x01, 0xFC, 0xF0, 0xF0,
    0x00, 0x7F, 0x3C, 0x3C, 0x00, 0x1F, 0xC7, 0x8F, 0x00, 0x07, 0xF0, 0xE3, 0xC0, 0x01, 0xFC, 0x3C,
    0xF0, 0x00, 0x7F, 0x07, 0xBC, 0x70, 0x1F, 0xC0, 0xEF, 0x1C, 0x07, 0xF0, 0x3F, 0xC7, 0x01, 0xFC,
    0x07, 0xF1, 0xC0, 0xFF, 0x01, 0xFC, 0x78, 0x3F, 0xC0, 0x3F, 0x1F, 0xBE, 0xF0, 0x07, 0xC3, 0xFF,
    0xBC, 0x01, 0xF0, 0x7F, 0x80, 0x00, 0x00, 0x03, 0x80, 0x70, 0x01, 0x83, 0xF8, 0x01, 0xE3, 0xFE,
    0x00, 0xF1, 0xFF, 0x80, 0x78, 0x6F, 0xC0, 0x3C, 0x07, 0xF0, 0x1E, 0x03, 0xBC, 0x0F, 0x1F, 0xDE,
    0x07, 0x8F, 0xE7, 0x83, 0xC7, 0xF9, 0xE1, 0xE3, 0xFC, 0xF0, 0xF1, 0xFE, 0x3C, 0x78, 0xFF, 0x0E,
    0x3C, 0x7F, 0x87, 0x9E, 0x3F, 0xC1, 0xEF, 0x1F, 0xE0, 0x77, 0x8F, 0xF0, 0x3F, 0xC7, 0xF8, 0x0F,
    0xE3, 0xFC, 0x07, 0xF1, 0xFE, 0x01, 0xF8, 0xFF, 0x00, 0x7C, 0x7F, 0x80, 0x3E, 0x3C, 0x00, 0x00,
    0x1E, 0x00, 0x00, 0x0F, 0x00, 0x00, 0x07, 0x80, 0x00, 0x0F, 0x80, 0x00, 0x07, 0xC0, 0x00, 0x03,
    0xC0, 0x00, 0x00, 0x70, 0x00, 0x07, 0x80, 0x00, 0x3C, 0x00, 0x00, 0xE0, 0x00, 0x00, 0x00, 0x00,
    0x03, 0xBF, 0x81, 0xDF, 0xFE, 0x0E, 0xFF, 0xF0, 0x77, 0x83, 0xC3, 0xBC, 0x0E, 0x1D, 0xC0, 0x70,
    0xEE, 0x03, 0x87, 0x70, 0x1C, 0x3B, 0x80, 0xE1, 0xDC, 0x07, 0x0E, 0xE0, 0x38, 0x77, 0x01, 0xC3,
    0xB8, 0x0E, 0x1D, 0xC0, 0x70, 0xEE, 0x03, 0x87, 0x70, 0x1C, 0x38, 0x00, 0x01, 0xC0, 0x00, 0x0E,
    0x00, 0x00, 0xF0, 0x00, 0x1F, 0x80, 0x00, 0xF8, 0x00, 0x07, 0x80, 0x07, 0x9E, 0x00, 0x3F, 0xC0,
    0x01, 0xF8, 0x00, 0x0F, 0x00, 0x00, 0x00, 0x00, 0x00, 0x00, 0x00, 0xE0, 0x00, 0x0F, 0x00, 0x01,
    0xF0, 0x00, 0x1F, 0x80, 0x01, 0xF8, 0x00, 0x3F, 0xC0, 0x03, 0x9C, 0x00, 0x39, 0xC0, 0x07, 0x9E,
    0x00, 0x70, 0xE0, 0x0F, 0x0E, 0x00, 0xF0, 0xF0, 0x0E, 0x07, 0x01, 0xFF, 0xF8, 0x1F, 0xFF, 0x81,
    0xFF, 0xF8, 0x3C, 0x03, 0xC3, 0x80, 0x3C, 0x38, 0x01, 0xC7, 0x80, 0x1E, 0x70, 0x00, 0xEF, 0x00,
    0x0E, 0x3C, 0xF0, 0xEF, 0x03, 0xF0, 0x0F, 0x00, 0x00, 0x00, 0x00, 0x7F, 0x87, 0xFE, 0x7F, 0xFB,
    0x83, 0xDC, 0x0E, 0x00, 0x70, 0x3F, 0x9F, 0xFD, 0xFF, 0xFF, 0x87, 0xF0, 0x3F, 0x01, 0xF8, 0x1F,
    0xF1, 0xF7, 0xFF, 0x9F, 0xDC, 0x38, 0x00, 0xF3, 0x9D, 0xE3, 0xF0, 0x78, 0x00, 0x00, 0x00, 0xC0,
    0x78, 0x1E, 0x07, 0x81, 0xE0, 0x78, 0x1E, 0x07, 0x81, 0xE0, 0x78, 0x1E, 0x07, 0x81, 0xE0, 0x78,
    0x1E, 0x07, 0x81, 0xE0, 0x78, 0x1E, 0x07, 0x81, 0xE0, 0x78, 0x71, 0xCE, 0xE3, 0xF0, 0x7C, 0x00,
    0x00, 0x00, 0xE0, 0x38, 0x0E, 0x03, 0x80, 0xE0, 0x38, 0x0E, 0x03, 0x80, 0xE0, 0x38, 0x0E, 0x03,
    0x80, 0xE0, 0x38, 0x0E, 0x03, 0x80, 0x07, 0x9E, 0x00, 0x3F, 0xC0, 0x01, 0xF8, 0x00, 0x0F, 0x00,
    0x00, 0x00, 0x00, 0x00, 0x00, 0x01, 0xF8, 0x00, 0x7F, 0xE0, 0x0F, 0xFF, 0x01, 0xF8, 0xF8, 0x3C,
    0x03, 0xC3, 0x80, 0x1E, 0x78, 0x01, 0xE7, 0x00, 0x0E, 0x70, 0x00, 0xFF, 0x00, 0x0F, 0xF0, 0x00,
    0x7F, 0x00, 0x07, 0xF0, 0x00, 0x7F, 0x00, 0x0F, 0x70, 0x00, 0xF7, 0x00, 0x0E, 0x78, 0x01, 0xE3,
    0xC0, 0x1E, 0x3E, 0x07, 0xC1, 0xFF, 0xF8, 0x0F, 0xFF, 0x00, 0x7F, 0xE0, 0x00, 0xF0, 0x00, 0x1C,
    0x70, 0x1D, 0xC0, 0x1F, 0x80, 0x3E, 0x00, 0x00, 0x00, 0x00, 0x03, 0xF8, 0x0F, 0xF8, 0x3F, 0xF8,
    0xF0, 0x79, 0xC0, 0x7F, 0x80, 0xFE, 0x00, 0xFC, 0x01, 0xF8, 0x03, 0xF0, 0x07, 0xF0, 0x0E, 0xE0,
    0x3D, 0xE0, 0xF3, 0xE3, 0xE3, 0xFF, 0x83, 0xFE, 0x00, 0xE0, 0x00, 0x0F, 0x38, 0x03, 0xBC, 0x00,
    0xFC, 0x00, 0x3C, 0x00, 0x00, 0x00, 0x00, 0x03, 0x80, 0x0F, 0xC0, 0x07, 0xE0, 0x03, 0xF0, 0x01,
    0xF8, 0x00, 0xFC, 0x00, 0x7E, 0x00, 0x3F, 0x00, 0x1F, 0x80, 0x0F, 0xC0, 0x07, 0xE0, 0x03, 0xF0,
    0x01, 0xF8, 0x00, 0xFC, 0x00, 0x7E, 0x00, 0x3F, 0x80, 0x1F, 0xC0, 0x0E, 0xE0, 0x0F, 0x78, 0x0F,
    0x1F, 0xFF, 0x87, 0xFF, 0x81, 0xFF, 0x80, 0x1E, 0x00, 0x38, 0xE0, 0xEE, 0x03, 0xE0, 0x1F, 0x00,
    0x00, 0x00, 0x03, 0x80, 0xFC, 0x07, 0xE0, 0x3F, 0x01, 0xF8, 0x0F, 0xC0, 0x7E, 0x03, 0xF0, 0x1F,
    0x80, 0xFC, 0x07, 0xE0, 0x3F, 0x01, 0xFC, 0x1F, 0xFB, 0xF7, 0xFF, 0x9F, 0xDC, 0x38, 0x00, 0x00,
    0x00, 0x07, 0xFC, 0x03, 0xFE, 0x00, 0x00, 0x00, 0x61, 0x80, 0x79, 0xE0, 0x3C, 0xF0, 0x1C, 0x70,
    0x00, 0x00, 0x00, 0x00, 0x38, 0x00, 0xFC, 0x00, 0x7E, 0x00, 0x3F, 0x00, 0x1F, 0x80, 0x0F, 0xC0,
    0x07, 0xE0, 0x03, 0xF0, 0x01, 0xF8, 0x00, 0xFC, 0x00, 0x7E, 0x00, 0x3F, 0x00, 0x1F, 0x80, 0x0F,
    0xC0, 0x07, 0xE0, 0x03, 0xF8, 0x01, 0xFC, 0x00, 0xEE, 0x00, 0xF7, 0x80, 0xF1, 0xFF, 0xF8, 0x7F,
    0xF8, 0x1F, 0xF8, 0x01, 0xE0, 0x00, 0x00, 0x01, 0xFF, 0x0F, 0xF8, 0x00, 0x01, 0x04, 0x1C, 0x71,
    0xF7, 0xC7, 0x1C, 0x00, 0x00, 0x00, 0x38, 0x0F, 0xC0, 0x7E, 0x03, 0xF0, 0x1F, 0x80, 0xFC, 0x07,
    0xE0, 0x3F, 0x01, 0xF8, 0x0F, 0xC0, 0x7E, 0x03, 0xF0, 0x1F, 0xC1, 0xFF, 0xBF, 0x7F, 0xF9, 0xFD,
    0xC3, 0x80, 0x00, 0x78, 0x00, 0x38, 0x00, 0x38, 0x00, 0x1C, 0x00, 0x0C, 0x00, 0x30, 0xC0, 0x3C,
    0xF0, 0x1E, 0x78, 0x0E, 0x38, 0x00, 0x00, 0x00, 0x00, 0x1C, 0x00, 0x7E, 0x00, 0x3F, 0x00, 0x1F,
    0x80, 0x0F, 0xC0, 0x07, 0xE0, 0x03, 0xF0, 0x01, 0xF8, 0x00, 0xFC, 0x00, 0x7E, 0x00, 0x3F, 0x00,
    0x1F, 0x80, 0x0F, 0xC0, 0x07, 0xE0, 0x03, 0xF0, 0x01, 0xFC, 0x00, 0xFE, 0x00, 0x77, 0x00, 0x7B,
    0xC0, 0x78, 0xFF, 0xFC, 0x3F, 0xFC, 0x0F, 0xFC, 0x00, 0xF0, 0x00, 0x01, 0xC0, 0x1E, 0x00, 0xE0,
    0x0F, 0x00, 0x70, 0x08, 0x20, 0xE3, 0x8F, 0xBE, 0x38, 0xE0, 0x00, 0x00, 0x01, 0xC0, 0x7E, 0x03,
    0xF0, 0x1F, 0x80, 0xFC, 0x07, 0xE0, 0x3F, 0x01, 0xF8, 0x0F, 0xC0, 0x7E, 0x03, 0xF0, 0x1F, 0x80,
    0xFE, 0x0F, 0xFD, 0xFB, 0xFF, 0xCF, 0xEE, 0x1C, 0x00, 0x0E, 0x38, 0x03, 0x9C, 0x01, 0xFC, 0x00,
    0x7C, 0x00, 0x1C, 0x00, 0x30, 0xC0, 0x3C, 0xF0, 0x1E, 0x78, 0x0E, 0x38, 0x00, 0x00, 0x00, 0x00,
    0x1C, 0x00, 0x7E, 0x00, 0x3F, 0x00, 0x1F, 0x80, 0x0F, 0xC0, 0x07, 0xE0, 0x03, 0xF0, 0x01, 0xF8,
    0x00, 0xFC, 0x00, 0x7E, 0x00, 0x3F, 0x00, 0x1F, 0x80, 0x0F, 0xC0, 0x07, 0xE0, 0x03, 0xF0, 0x01,
    0xFC, 0x00, 0xFE, 0x00, 0x77, 0x00, 0x7B, 0xC0, 0x78, 0xFF, 0xFC, 0x3F, 0xFC, 0x0F, 0xFC, 0x00,
    0xF0, 0x00, 0x38, 0xE1, 0xEF, 0x07, 0xF0, 0x1F, 0x00, 0x70, 0x08, 0x20, 0xE3, 0x8F, 0xBE, 0x38,
    0xE0, 0x00, 0x00, 0x01, 0xC0, 0x7E, 0x03, 0xF0, 0x1F, 0x80, 0xFC, 0x07, 0xE0, 0x3F, 0x01, 0xF8,
    0x0F, 0xC0, 0x7E, 0x03, 0xF0, 0x1F, 0x80, 0xFE, 0x0F, 0xFD, 0xFB, 0xFF, 0xCF, 0xEE, 0x1C, 0x00,
    0x07, 0x00, 0x03, 0xC0, 0x00, 0xE0, 0x00, 0x38, 0x00, 0x1C, 0x00, 0x30, 0xC0, 0x3C, 0xF0, 0x1E,
    0x78, 0x0E, 0x38, 0x00, 0x00, 0x00, 0x00, 0x1C, 0x00, 0x7E, 0x00, 0x3F, 0x00, 0x1F, 0x80, 0x0F,
    0xC0, 0x07, 0xE0, 0x03, 0xF0, 0x01, 0xF8, 0x00, 0xFC, 0x00, 0x7E, 0x00, 0x3F, 0x00, 0x1F, 0x80,
    0x0F, 0xC0, 0x07, 0xE0, 0x03, 0xF0, 0x01, 0xFC, 0x00, 0xFE, 0x00, 0x77, 0x00, 0x7B, 0xC0, 0x78,
    0xFF, 0xFC, 0x3F, 0xFC, 0x0F, 0xFC, 0x00, 0xF0, 0x00, 0x1C, 0x00, 0xE0, 0x03, 0x80, 0x1C, 0x00,
    0x60, 0x08, 0x20, 0xE3, 0x8F, 0xBE, 0x38, 0xE0, 0x00, 0x00, 0x01, 0xC0, 0x7E, 0x03, 0xF0, 0x1F,
    0x80, 0xFC, 0x07, 0xE0, 0x3F, 0x01, 0xF8, 0x0F, 0xC0, 0x7E, 0x03, 0xF0, 0x1F, 0x80, 0xFE, 0x0F,
    0xFD, 0xFB, 0xFF, 0xCF, 0xEE, 0x1C, 0x00, 0x00, 0x00, 0x3F, 0xC0, 0xFF, 0xC3, 0xFF, 0xCF, 0x03,
    0xCE, 0x03, 0x80, 0x07, 0x00, 0x0F, 0xFF, 0xFF, 0xFF, 0xFF, 0xFF, 0xFF, 0x00, 0xEF, 0x01, 0xCE,
    0x07, 0x9F, 0x3E, 0x1F, 0xF8, 0x1F, 0xE0, 0x07, 0x00, 0x00, 0x00, 0x00, 0x3F, 0xC0, 0x03, 0xFC,
    0x00, 0x00, 0x00, 0x03, 0x0C, 0x00, 0x79, 0xE0, 0x07, 0x9E, 0x00, 0x79, 0xE0, 0x00, 0x00, 0x00,
    0x00, 0x00, 0x00, 0xE0, 0x00, 0x0F, 0x00, 0x01, 0xF0, 0x00, 0x1F, 0x80, 0x01, 0xF8, 0x00, 0x3F,
    0xC0, 0x03, 0x9C, 0x00, 0x39, 0xC0, 0x07, 0x9E, 0x00, 0x70, 0xE0, 0x0F, 0x0E, 0x00, 0xF0, 0xF0,
    0x0E, 0x07, 0x01, 0xFF, 0xF8, 0x1F, 0xFF, 0x81, 0xFF, 0xF8, 0x3C, 0x03, 0xC3, 0x80, 0x3C, 0x38,
    0x01, 0xC7, 0x80, 0x1E, 0x70, 0x00, 0xEF, 0x00, 0x0E, 0x00, 0x00, 0xFF, 0x07, 0xF8, 0x00, 0x01,
    0x86, 0x1E, 0x78, 0xF3, 0xC7, 0x9E, 0x00, 0x00, 0x00, 0x07, 0xF8, 0x7F, 0xE7, 0xFF, 0xB8, 0x3D,
    0xC0, 0xE0, 0x07, 0x03, 0xF9, 0xFF, 0xDF, 0xFF, 0xF8, 0x7F, 0x03, 0xF0, 0x1F, 0x81, 0xFF, 0x1F,
    0x7F, 0xF9, 0xFD, 0xC3, 0x80, 0x00, 0x00, 0x00, 0x3F, 0xC0, 0x03, 0xFC, 0x00, 0x00, 0x00, 0x00,
    0x60, 0x00, 0x0F, 0x00, 0x00, 0xF0, 0x00, 0x0F, 0x00, 0x00, 0x00, 0x00, 0x00, 0x00, 0x00, 0xE0,
    0x00, 0x0F, 0x00, 0x01, 0xF0, 0x00, 0x1F, 0x80, 0x01, 0xF8, 0x00, 0x3F, 0xC0, 0x03, 0x9C, 0x00,
    0x39, 0xC0, 0x07, 0x9E, 0x00, 0x70, 0xE0, 0x0F, 0x0E, 0x00, 0xF0, 0xF0, 0x0E, 0x07, 0x01, 0xFF,
    0xF8, 0x1F, 0xFF, 0x81, 0xFF, 0xF8, 0x3C, 0x03, 0xC3, 0x80, 0x3C, 0x38, 0x01, 0xC7, 0x80, 0x1E,
    0x70, 0x00, 0xEF, 0x00, 0x0E, 0x00, 0x00, 0xFF, 0x07, 0xF8, 0x00, 0x00, 0x30, 0x03, 0xC0, 0x1E,
    0x00, 0xF0, 0x00, 0x00, 0x00, 0x07, 0xF8, 0x7F, 0xE7, 0xFF, 0xB8, 0x3D, 0xC0, 0xE0, 0x07, 0x03,
    0xF9, 0xFF, 0xDF, 0xFF, 0xF8, 0x7F, 0x03, 0xF0, 0x1F, 0x81, 0xFF, 0x1F, 0x7F, 0xF9, 0xFD, 0xC3,
    0x80, 0x00, 0x01, 0xFE, 0x00, 0x00, 0x1F, 0xE0, 0x00, 0x00, 0x00, 0x00, 0x00, 0x00, 0x00, 0x00,
    0x00, 0x00, 0x00, 0x01, 0xFF, 0xFE, 0x00, 0x3F, 0xFF, 0xE0, 0x03, 0xFF, 0xFE, 0x00, 0x73, 0xFF,
    0xE0, 0x07, 0x38, 0x00, 0x00, 0xF3, 0x80, 0x00, 0x0E, 0x38, 0x00, 0x01, 0xE3, 0x80, 0x00, 0x1C,
    0x38, 0x00, 0x03, 0xC3, 0x80, 0x00, 0x38, 0x3F, 0xFE, 0x07, 0x83, 0xFF, 0xE0, 0x70, 0x3F, 0xFE,
    0x0F, 0xFF, 0x80, 0x00, 0xFF, 0xF8, 0x00, 0x1F, 0xFF, 0x80, 0x01, 0xC0, 0x38, 0x00, 0x3C, 0x03,
    0x80, 0x03, 0xC0, 0x38, 0x00, 0x78, 0x03, 0xFF, 0xE7, 0x80, 0x3F, 0xFE, 0xF0, 0x03, 0xFF, 0xE0,
    0x00, 0xFF, 0x00, 0x00, 0x7F, 0x80, 0x00, 0x00, 0x00, 0x00, 0x00, 0x00, 0x00, 0x00, 0x00, 0x00,
    0xFE, 0x1F, 0xC0, 0xFF, 0xDF, 0xF0, 0xFF, 0xFF, 0xFC, 0x70, 0x7E, 0x0F, 0x38, 0x1E, 0x03, 0x80,
    0x0E, 0x01, 0xC0, 0x7F, 0xFF, 0xE3, 0xFF, 0xFF, 0xFB, 0xFF, 0xFF, 0xFF, 0xE0, 0xE0, 0x01, 0xE0,
    0x70, 0x00, 0xE0, 0x3C, 0x06, 0x70, 0x3E, 0x07, 0xBE, 0x3F, 0xC7, 0xCF, 0xFD, 0xFF, 0xC3, 0xFC,
    0x7F, 0xC0, 0x78, 0x07, 0x00, 0x01, 0xF8, 0x00, 0x7F, 0xE0, 0x0F, 0xFF, 0x01, 0xF8, 0xF8, 0x3C,
    0x03, 0xC3, 0x80, 0x1E, 0x78, 0x01, 0xE7, 0x00, 0x0E, 0x70, 0x00, 0x0F, 0x00, 0x00, 0xF0, 0x00,
    0x0F, 0x03, 0xFE, 0xF0, 0x3F, 0xEF, 0x03, 0xFE, 0x70, 0x00, 0xE7, 0x01, 0xFF, 0x78, 0x3F, 0xF3,
    0xC3, 0xFF, 0x3E, 0x03, 0xC1, 0xFF, 0xF8, 0x0F, 0xFF, 0x00, 0x7F, 0xE0, 0x00, 0xF0, 0x00, 0x0F,
    0xCE, 0x0F, 0xFB, 0x83, 0xFF, 0xE1, 0xE0, 0xF8, 0x70, 0x1E, 0x3C, 0x07, 0x8E, 0x01, 0xE3, 0x83,
    0xFF, 0xE0, 0xFF, 0xF8, 0x1F, 0xFF, 0x01, 0xE1, 0xC0, 0x78, 0x78, 0x3E, 0x0F, 0xFF, 0x83, 0xFE,
    0xE0, 0x3F, 0x38, 0x00, 0x0E, 0x00, 0x07, 0x87, 0x01, 0xC1, 0xF1, 0xF0, 0x3F, 0xF8, 0x07, 0xFC,
    0x00, 0x38, 0x00, 0x07, 0x9E, 0x00, 0x7F, 0x80, 0x07, 0xE0, 0x00, 0x78, 0x00, 0x00, 0x00, 0x00,
    0x00, 0x00, 0x7E, 0x00, 0x3F, 0xF0, 0x0F, 0xFF, 0x03, 0xF1, 0xF0, 0xF0, 0x0F, 0x1C, 0x00, 0xF7,
    0x80, 0x1E, 0xE0, 0x01, 0xDC, 0x00, 0x07, 0x80, 0x00, 0xF0, 0x00, 0x1E, 0x07, 0xFF, 0xC0, 0xFF,
    0xF8, 0x1F, 0xF7, 0x00, 0x0E, 0xE0, 0x01, 0xDE, 0x00, 0x79, 0xE0, 0x0F, 0x3E, 0x03, 0xC3, 0xFF,
    0xF0, 0x3F, 0xFC, 0x03, 0xFF, 0x00, 0x0F, 0x00, 0x1C, 0x70, 0x1D, 0xC0, 0x3F, 0x00, 0x3E, 0x00,
    0x00, 0x00, 0x00, 0x03, 0xF3, 0x9F, 0xF7, 0x3F, 0xFE, 0xF0, 0x7D, 0xC0, 0x7F, 0x80, 0xFE, 0x01,
    0xFC, 0x01, 0xF8, 0x03, 0xF0, 0x0F, 0xF0, 0x1E, 0xE0, 0x3D, 0xE0, 0xF9, 0xFF, 0xF3, 0xFE, 0xE1,
    0xF9, 0xC0, 0x03, 0x80, 0x0F, 0x70, 0x1C, 0xF8, 0xF8, 0xFF, 0xE0, 0xFF, 0x80, 0x38, 0x00, 0x1E,
    0x78, 0x07, 0xF8, 0x01, 0xF8, 0x00, 0x78, 0x00, 0x00, 0x00, 0x00, 0x01, 0x80, 0x1D, 0xE0, 0x1E,
    0xF0, 0x1F, 0x78, 0x1F, 0x3C, 0x1F, 0x1E, 0x1F, 0x0F, 0x1F, 0x07, 0x9F, 0x03, 0xCF, 0x01, 0xEF,
    0x00, 0xFF, 0x80, 0x7F, 0xE0, 0x3F, 0xF0, 0x1F, 0x3C, 0x0F, 0x0F, 0x07, 0x87, 0x83, 0xC1, 0xE1,
    0xE0, 0x78, 0xF0, 0x1E, 0x78, 0x0F, 0x3C, 0x03, 0xDE, 0x00, 0xF0, 0x71, 0xC0, 0x0E, 0xE0, 0x03,
    0xF0, 0x00, 0x78, 0x00, 0x00, 0x00, 0x00, 0x00, 0x00, 0xE0, 0x00, 0x38, 0x00, 0x0E, 0x00, 0x03,
    0x80, 0x00, 0xE0, 0x00, 0x38, 0x00, 0x0E, 0x07, 0x83, 0x83, 0xC0, 0xE1, 0xE0, 0x38, 0xF0, 0x0E,
    0x78, 0x03, 0xBC, 0x00, 0xFE, 0x00, 0x3F, 0x80, 0x0F, 0xF0, 0x03, 0xDE, 0x00, 0xE7, 0xC0, 0x38,
    0xF0, 0x0E, 0x1E, 0x03, 0x83, 0xC0, 0xE0, 0x78, 0x38, 0x1E, 0x01, 0xF8, 0x00, 0x7F, 0xE0, 0x0F,
    0xFF, 0x01, 0xF8, 0xF8, 0x3C, 0x03, 0xC3, 0x80, 0x1E, 0x78, 0x01, 0xE7, 0x00, 0x0E, 0x70, 0x00,
    0xFF, 0x00, 0x0F, 0xF0, 0x00, 0x7F, 0x00, 0x07, 0xF0, 0x00, 0x7F, 0x00, 0x0F, 0x70, 0x00, 0xF7,
    0x00, 0x0E, 0x78, 0x01, 0xE3, 0xC0, 0x1E, 0x3E, 0x07, 0xC1, 0xFF, 0xF8, 0x0F, 0xFF, 0x00, 0x7F,
    0xE0, 0x00, 0xF8, 0x00, 0x0F, 0x00, 0x01, 0xE0, 0x00, 0x1E, 0x80, 0x01, 0xF8, 0x00, 0x0F, 0xC0,
    0x00, 0x20, 0x00, 0x0F, 0xE0, 0x3F, 0xE0, 0xFF, 0xE3, 0xC1, 0xE7, 0x01, 0xFE, 0x03, 0xF8, 0x03,
    0xF0, 0x07, 0xE0, 0x0F, 0xC0, 0x1F, 0xC0, 0x3B, 0x80, 0xF7, 0x83, 0xCF, 0x8F, 0x8F, 0xFE, 0x0F,
    0xF8, 0x03, 0xC0, 0x0F, 0x00, 0x1C, 0x00, 0x38, 0x00, 0x7E, 0x00, 0x7C, 0x00, 0x20, 0x00, 0x03,
    0xFC, 0x00, 0x3F, 0xC0, 0x00, 0x00, 0x00, 0x00, 0x00, 0x00, 0x00, 0x00, 0x1F, 0x80, 0x07, 0xFE,
    0x00, 0xFF, 0xF0, 0x1F, 0x8F, 0x83, 0xC0, 0x3C, 0x38, 0x01, 0xE7, 0x80, 0x1E, 0x70, 0x00, 0xE7,
    0x00, 0x0F, 0xF0, 0x00, 0xFF, 0x00, 0x07, 0xF0, 0x00, 0x7F, 0x00, 0x07, 0xF0, 0x00, 0xF7, 0x00,
    0x0F, 0x70, 0x00, 0xE7, 0x80, 0x1E, 0x3C, 0x01, 0xE3, 0xE0, 0x7C, 0x1F, 0xFF, 0x80, 0xFF, 0xF0,
    0x07, 0xFE, 0x00, 0x0F, 0x80, 0x00, 0xF0, 0x00, 0x1E, 0x00, 0x01, 0xE8, 0x00, 0x1F, 0x80, 0x00,
    0xFC, 0x00, 0x02, 0x00, 0x1F, 0xF0, 0x3F, 0xE0, 0x00, 0x00, 0x00, 0x00, 0x00, 0x01, 0xFC, 0x07,
    0xFC, 0x1F, 0xFC, 0x78, 0x3C, 0xE0, 0x3F, 0xC0, 0x7F, 0x00, 0x7E, 0x00, 0xFC, 0x01, 0xF8, 0x03,
    0xF8, 0x07, 0x70, 0x1E, 0xF0, 0x79, 0xF1, 0xF1, 0xFF, 0xC1, 0xFF, 0x00, 0x78, 0x01, 0xE0, 0x03,
    0x80, 0x07, 0x00, 0x0F, 0xC0, 0x0F, 0x80, 0x04, 0x00, 0x0F, 0x38, 0x01, 0xDE, 0x00, 0x3F, 0x00,
    0x07, 0x80, 0x00, 0x00, 0x00, 0x00, 0x03, 0xFF, 0xF9, 0xFF, 0xFE, 0x7F, 0xFF, 0x8F, 0xFF, 0xC0,
    0x01, 0xE0, 0x00, 0xF0, 0x00, 0x78, 0x00, 0x3E, 0x00, 0x1F, 0x00, 0x0F, 0x80, 0x03, 0xE0, 0x00,
    0xFE, 0x00, 0x3F, 0xE0, 0x00, 0xFC, 0x00, 0x0F, 0x00, 0x01, 0xE0, 0x00, 0x78, 0x00, 0x0E, 0x00,
    0x03, 0x80, 0x00, 0xF0, 0x00, 0x3B, 0x80, 0x0E, 0xF0, 0x07, 0xBC, 0x01, 0xE7, 0x80, 0xF0, 0xFF,
    0xF8, 0x1F, 0xFE, 0x03, 0xFE, 0x00, 0x1C, 0x00, 0x1E, 0x78, 0x0F, 0xF0, 0x07, 0xE0, 0x03, 0xC0,
    0x00, 0x00, 0x3F, 0xFC, 0x7F, 0xFE, 0x7F, 0xFE, 0x3F, 0xFC, 0x00, 0x78, 0x00, 0xF0, 0x00, 0xF0,
    0x01, 0xE0, 0x03, 0xC0, 0x07, 0x80, 0x07, 0xF8, 0x07, 0xFC, 0x00, 0x3E, 0x00, 0x1E, 0x00, 0x0E,
    0x00, 0x0F, 0xF0, 0x0F, 0xF0, 0x0E, 0x78, 0x1E, 0x7E, 0x7E, 0x3F, 0xFC, 0x1F, 0xF0, 0x03, 0xC0,
    0x71, 0xCE, 0xE3, 0xF0, 0x78, 0x00, 0x00, 0x00, 0xE0, 0x38, 0x0E, 0x03, 0x80, 0xE0, 0x38, 0x0E,
    0x03, 0x80, 0xE0, 0x38, 0x0E, 0x03, 0x80, 0xE0, 0x38, 0x0E, 0x03, 0x80, 0xE0, 0x38, 0x0E, 0x1F,
    0x87, 0xC1, 0xE0, 0x7F, 0x80, 0x07, 0xFF, 0xEF, 0xFF, 0x00, 0xFF, 0xFF, 0xFF, 0xFC, 0x0F, 0xFF,
    0xFF, 0xFF, 0xE0, 0x7F, 0xFE, 0xF0, 0x1F, 0x00, 0x01, 0xEF, 0x00, 0xF0, 0x00, 0x3C, 0xF0, 0x07,
    0x80, 0x07, 0x8F, 0x00, 0x38, 0x00, 0x78, 0xF0, 0x03, 0x80, 0x0F, 0x0F, 0x00, 0x38, 0x01, 0xE0,
    0xF0, 0x03, 0xC0, 0x1C, 0x0F, 0x00, 0x3C, 0x03, 0xC0, 0xF0, 0x03, 0xC0, 0x78, 0x0F, 0x00, 0x38,
    0x07, 0x00, 0xF0, 0x03, 0x80, 0xF0, 0x0F, 0x00, 0x78, 0x1E, 0x00, 0xF0, 0x07, 0x83, 0xC0, 0x0F,
    0x00, 0xF0, 0x3C, 0x00, 0xF0, 0x1F, 0x07, 0x80, 0x0F, 0xFF, 0xE0, 0xFF, 0xFF, 0xFF, 0xFC, 0x0F,
    0xFF, 0xFF, 0xFF, 0x00, 0xFF, 0xFF, 0x7F, 0x80, 0x00, 0x00, 0x7F, 0xF8, 0x00, 0x00, 0x3F, 0xFF,
    0x00, 0x00, 0x1F, 0xFF, 0xC0, 0x00, 0x0F, 0x01, 0xF0, 0x00, 0x07, 0x80, 0x78, 0x00, 0x03, 0xC0,
    0x1E, 0x3F, 0xFF, 0xE0, 0x07, 0x1F, 0xFF, 0xF0, 0x03, 0x8F, 0xFF, 0xF8, 0x01, 0xC0, 0x07, 0xBC,
    0x00, 0xF0, 0x03, 0x9E, 0x00, 0x78, 0x03, 0xCF, 0x00, 0x3C, 0x03, 0xC7, 0x80, 0x1C, 0x03, 0xC3,
    0xC0, 0x0E, 0x03, 0xC1, 0xE0, 0x0F, 0x01, 0xC0, 0xF0, 0x07, 0x81, 0xE0, 0x78, 0x07, 0x81, 0xE0,
    0x3C, 0x07, 0xC1, 0xE0, 0x1F, 0xFF, 0xC0, 0xFF, 0xFF, 0xFF, 0xC0, 0xFF, 0xFF, 0xFF, 0x80, 0x7F,
    0xFC, 0x00, 0x0C, 0x00, 0x00, 0x00, 0x3C, 0x00, 0x00, 0x00, 0x78, 0x00, 0x00, 0x00, 0xF0, 0x00,
    0x00, 0x01, 0xE0, 0x00, 0x00, 0x03, 0xC0, 0x00, 0x03, 0xF7, 0x8F, 0xFF, 0x9F, 0xFF, 0x1F, 0xFF,
    0x3F, 0xFE, 0x3F, 0xFC, 0xF0, 0x7C, 0x00, 0x79, 0xC0, 0x78, 0x01, 0xE7, 0x80, 0xF0, 0x07, 0x8E,
    0x01, 0xE0, 0x0F, 0x1C, 0x01, 0xC0, 0x3C, 0x38, 0x03, 0x80, 0xF0, 0x70, 0x0F, 0x03, 0xC0, 0xF0,
    0x1E, 0x07, 0x01, 0xE0, 0x3C, 0x1E, 0x01, 0xE0, 0xF8, 0x78, 0x03, 0xE3, 0xF1, 0xFF, 0xF3, 0xFF,
    0xE3, 0xFF, 0xE3, 0xFD, 0xC7, 0xFF, 0xC1, 0xE0, 0x00, 0x00, 0x00, 0x00, 0x3C, 0x00, 0x07, 0x00,
    0x01, 0xE0, 0x00, 0x38, 0x00, 0x06, 0x00, 0x00, 0x00, 0x00, 0x7E, 0x00, 0x3F, 0xF0, 0x0F, 0xFF,
    0x03, 0xF1, 0xF0, 0xF0, 0x0F, 0x1C, 0x00, 0xF7, 0x80, 0x1E, 0xE0, 0x01, 0xDC, 0x00, 0x07, 0x80,
    0x00, 0xF0, 0x00, 0x1E, 0x07, 0xFF, 0xC0, 0xFF, 0xF8, 0x1F, 0xF7, 0x00, 0x0E, 0xE0, 0x01, 0xDE,
    0x00, 0x79, 0xE0, 0x0F, 0x3E, 0x03, 0xC3, 0xFF, 0xF0, 0x3F, 0xFC, 0x03, 0xFF, 0x00, 0x0F, 0x00,
    0x00, 0xE0, 0x03, 0xC0, 0x07, 0x00, 0x1C, 0x00, 0x30, 0x00, 0x00, 0x03, 0xF3, 0x9F, 0xF7, 0x3F,
    0xFE, 0xF0, 0x7D, 0xC0, 0x7F, 0x80, 0xFE, 0x01, 0xFC, 0x01, 0xF8, 0x03, 0xF0, 0x0F, 0xF0, 0x1E,
    0xE0, 0x3D, 0xE0, 0xF9, 0xFF, 0xF3, 0xFE, 0xE1, 0xF9, 0xC0, 0x03, 0x80, 0x0F, 0x70, 0x1C, 0xF8,
    0xF8, 0xFF, 0xE0, 0xFF, 0x80, 0x38, 0x00, 0x60, 0x03, 0x80, 0x0F, 0x00, 0x38, 0x00, 0xF0, 0x03,
    0x80, 0x0F, 0x00, 0x38, 0x00, 0xF0, 0x03, 0x80, 0x0F, 0x00, 0x38, 0x00, 0xF0, 0x03, 0x80, 0x7F,
    0x00, 0x38, 0x07, 0xF0, 0x03, 0x80, 0x7F, 0x00, 0x38, 0x07, 0xFF, 0xFF, 0x80, 0x7F, 0xFF, 0xF8,
    0x07, 0xFF, 0xFF, 0x80, 0x7F, 0x00, 0x38, 0x07, 0xF0, 0x03, 0x80, 0x7F, 0x00, 0x38, 0x07, 0xF0,
    0x03, 0x80, 0x7F, 0x00, 0x3C, 0x07, 0xF0, 0x03, 0xC0, 0xFF, 0x00, 0x1F, 0xFE, 0xF0, 0x00, 0xFF,
    0xEF, 0x00, 0x07, 0xF8, 0x00, 0x00, 0x0E, 0x00, 0x77, 0xC0, 0xFF, 0xF8, 0xFF, 0xFC, 0xFC, 0x7E,
    0xF0, 0x1E, 0xF0, 0x0F, 0xF0, 0x0F, 0xF0, 0x0F, 0xF0, 0x0F, 0xF0, 0x0F, 0xF0, 0x0F, 0xF0, 0x0F,
    0xF0, 0x0F, 0xF0, 0x0F, 0xF0, 0x0E, 0xF0, 0x1E, 0xF0, 0x3E, 0xF0, 0x3C, 0xF0, 0x78, 0xF0, 0xF8,
    0xF3, 0xF0, 0xFF, 0xC0, 0xFF, 0x80, 0xFE, 0x00, 0xF0, 0x00, 0xF0, 0x00, 0xF0, 0x00, 0xF0, 0x00,
    0x07, 0x80, 0x00, 0xE0, 0x00, 0x3C, 0x00, 0x07, 0x00, 0x00, 0xC0, 0x00, 0x00, 0x07, 0x00, 0x1B,
    0xC0, 0x0F, 0xF8, 0x03, 0xFF, 0x00, 0xFF, 0xC0, 0x3F, 0xF8, 0x0F, 0xEF, 0x03, 0xFB, 0xC0, 0xFE,
    0x78, 0x3F, 0xCF, 0x0F, 0xF3, 0xC3, 0xFC, 0x78, 0xFF, 0x0E, 0x3F, 0xC3, 0xCF, 0xF0, 0x7B, 0xFC,
    0x0E, 0xFF, 0x03, 0xFF, 0xC0, 0x7F, 0xF0, 0x1F, 0xFC, 0x03, 0xFF, 0x00, 0x7F, 0xC0, 0x1F, 0x1C,
    0x00, 0xF0, 0x03, 0x80, 0x0E, 0x00, 0x60, 0x00, 0x03, 0xBF, 0x9F, 0xFE, 0xFF, 0xF7, 0x83, 0xFC,
    0x0F, 0xC0, 0x7E, 0x03, 0xF0, 0x1F, 0x80, 0xFC, 0x07, 0xE0, 0x3F, 0x01, 0xF8, 0x0F, 0xC0, 0x7E,
    0x03, 0xF0, 0x1C, 0x00, 0x1C, 0x00, 0x03, 0x80, 0x00, 0x70, 0x00, 0x06, 0x00, 0x01, 0xF8, 0x00,
    0x3F, 0x80, 0x03, 0x9C, 0x00, 0x39, 0xC0, 0x03, 0x9C, 0x00, 0x1F, 0x80, 0x00, 0xF0, 0x00, 0x0E,
    0x00, 0x00, 0xF0, 0x00, 0x1F, 0x00, 0x01, 0xF8, 0x00, 0x1F, 0x80, 0x03, 0xFC, 0x00, 0x39, 0xC0,
    0x03, 0x9C, 0x00, 0x79, 0xE0, 0x07, 0x0E, 0x00, 0xF0, 0xE0, 0x0F, 0x0F, 0x00, 0xE0, 0x70, 0x1F,
    0xFF, 0x81, 0xFF, 0xF8, 0x1F, 0xFF, 0x83, 0xC0, 0x3C, 0x38, 0x03, 0xC3, 0x80, 0x1C, 0x78, 0x01,
    0xE7, 0x00, 0x0E, 0xF0, 0x00, 0xE0, 0x00, 0xC0, 0x0E, 0x00, 0xE0, 0x06, 0x00, 0x78, 0x07, 0xE0,
    0x73, 0x83, 0x9C, 0x1C, 0xE0, 0xFE, 0x03, 0xF0, 0x06, 0x01, 0xFE, 0x1F, 0xF9, 0xFF, 0xEE, 0x0F,
    0x70, 0x38, 0x01, 0xC0, 0xFE, 0x7F, 0xF7, 0xFF, 0xFE, 0x1F, 0xC0, 0xFC, 0x07, 0xE0, 0x7F, 0xC7,
    0xDF, 0xFE, 0x7F, 0x70, 0xE0, 0x00, 0x00, 0x00, 0x1E, 0x00, 0x00, 0x01, 0xC0, 0x00, 0x00, 0x38,
    0x00, 0x00, 0x03, 0x80, 0x00, 0x00, 0x30, 0x00, 0x00, 0x00, 0x00, 0x00, 0x1F, 0xFF, 0xE0, 0x03,
    0xFF, 0xFE, 0x00, 0x3F, 0xFF, 0xE0, 0x07, 0x3F, 0xFE, 0x00, 0x73, 0x80, 0x00, 0x0F, 0x38, 0x00,
    0x00, 0xE3, 0x80, 0x00, 0x1E, 0x38, 0x00, 0x01, 0xC3, 0x80, 0x00, 0x3C, 0x38, 0x00, 0x03, 0x83,
    0xFF, 0xE0, 0x78, 0x3F, 0xFE, 0x07, 0x03, 0xFF, 0xE0, 0xFF, 0xF8, 0x00, 0x0F, 0xFF, 0x80, 0x01,
    0xFF, 0xF8, 0x00, 0x1C, 0x03, 0x80, 0x03, 0xC0, 0x38, 0x00, 0x3C, 0x03, 0x80, 0x07, 0x80, 0x3F,
    0xFE, 0x78, 0x03, 0xFF, 0xEF, 0x00, 0x3F, 0xFE, 0x00, 0x0F, 0x00, 0x00, 0x07, 0x00, 0x00, 0x07,
    0x80, 0x00, 0x03, 0x80, 0x00, 0x01, 0x80, 0x00, 0x00, 0x00, 0x00, 0x7F, 0x0F, 0xE0, 0x7F, 0xEF,
    0xF8, 0x7F, 0xFF, 0xFE, 0x38, 0x3F, 0x07, 0x9C, 0x0F, 0x01, 0xC0, 0x07, 0x00, 0xE0, 0x3F, 0xFF,
    0xF1, 0xFF, 0xFF, 0xFD, 0xFF, 0xFF, 0xFF, 0xF0, 0x70, 0x00, 0xF0, 0x38, 0x00, 0x70, 0x1E, 0x03,
    0x38, 0x1F, 0x03, 0xDF, 0x1F, 0xE3, 0xE7, 0xFE, 0xFF, 0xE1, 0xFE, 0x3F, 0xE0, 0x3C, 0x03, 0x80,
    0x00, 0x3C, 0x00, 0x03, 0x80, 0x00, 0x78, 0x00, 0x07, 0x00, 0x00, 0x60, 0x00, 0x00, 0x00, 0x01,
    0xF8, 0xC0, 0x7F, 0xFE, 0x0F, 0xFF, 0xC1, 0xF8, 0xFC, 0x3C, 0x07, 0xC3, 0x80, 0x7E, 0x78, 0x0F,
    0xE7, 0x01, 0xEE, 0x70, 0x3C, 0xFF, 0x03, 0x8F, 0xF0, 0x78, 0x7F, 0x0F, 0x07, 0xF1, 0xE0, 0x7F,
    0x1C, 0x0F, 0x73, 0xC0, 0xF7, 0x78, 0x0E, 0x7F, 0x01, 0xE3, 0xF0, 0x1E, 0x3E, 0x07, 0xC3, 0xFF,
    0xF8, 0x3F, 0xFF, 0x07, 0xFF, 0xE0, 0x30, 0xF0, 0x00, 0x00, 0xE0, 0x01, 0xE0, 0x01, 0xC0, 0x03,
    0x80, 0x01, 0x80, 0x00, 0x04, 0x0F, 0xEE, 0x1F, 0xFE, 0x3F, 0xFC, 0x78, 0x3C, 0x70, 0x7E, 0xF0,
    0xFE, 0xE1, 0xEE, 0xE3, 0xCE, 0xE7, 0x8E, 0xE7, 0x0E, 0xFE, 0x0E, 0x7C, 0x1E, 0x7C, 0x3C, 0x7C,
    0x7C, 0xFF, 0xF8, 0xFF, 0xF0, 0x43, 0x80, 0x1E, 0x70, 0x00, 0xF7, 0x80, 0x07, 0x38, 0x00, 0x3B,
    0x80, 0x01, 0x98, 0x00, 0x00, 0x00, 0x00, 0xE0, 0x00, 0x0F, 0x00, 0x01, 0xF0, 0x00, 0x1F, 0x80,
    0x01, 0xF8, 0x00, 0x3F, 0xC0, 0x03, 0x9C, 0x00, 0x39, 0xC0, 0x07, 0x9E, 0x00, 0x70, 0xE0, 0x0F,
    0x0E, 0x00, 0xF0, 0xF0, 0x0E, 0x07, 0x01, 0xFF, 0xF8, 0x1F, 0xFF, 0x81, 0xFF, 0xF8, 0x3C, 0x03,
    0xC3, 0x80, 0x3C, 0x38, 0x01, 0xC7, 0x80, 0x1E, 0x70, 0x00, 0xEF, 0x00, 0x0E, 0xF3, 0x83, 0xDC,
    0x0E, 0x70, 0x3B, 0x80, 0xCC, 0x00, 0x00, 0x7F, 0x87, 0xFE, 0x7F, 0xFB, 0x83, 0xDC, 0x0E, 0x00,
    0x70, 0x3F, 0x9F, 0xFD, 0xFF, 0xFF, 0x87, 0xF0, 0x3F, 0x01, 0xF8, 0x1F, 0xF1, 0xF7, 0xFF, 0x9F,
    0xDC, 0x38, 0x00, 0x00, 0x60, 0x00, 0x1F, 0x80, 0x03, 0xFC, 0x00, 0x39, 0xC0, 0x07, 0x0E, 0x00,
    0x00, 0x00, 0x00, 0x00, 0x00, 0x0E, 0x00, 0x00, 0xF0, 0x00, 0x1F, 0x00, 0x01, 0xF8, 0x00, 0x1F,
    0x80, 0x03, 0xFC, 0x00, 0x39, 0xC0, 0x03, 0x9C, 0x00, 0x79, 0xE0, 0x07, 0x0E, 0x00, 0xF0, 0xE0,
    0x0F, 0x0F, 0x00, 0xE0, 0x70, 0x1F, 0xFF, 0x81, 0xFF, 0xF8, 0x1F, 0xFF, 0x83, 0xC0, 0x3C, 0x38,
    0x03, 0xC3, 0x80, 0x1C, 0x78, 0x01, 0xE7, 0x00, 0x0E, 0xF0, 0x00, 0xE0, 0x03, 0x00, 0x7E, 0x07,
    0xF8, 0x71, 0xC3, 0x86, 0x00, 0x00, 0x00, 0x03, 0xFC, 0x3F, 0xF3, 0xFF, 0xDC, 0x1E, 0xE0, 0x70,
    0x03, 0x81, 0xFC, 0xFF, 0xEF, 0xFF, 0xFC, 0x3F, 0x81, 0xF8, 0x0F, 0xC0, 0xFF, 0x8F, 0xBF, 0xFC,
    0xFE, 0xE1, 0xC0, 0x73, 0x81, 0xEF, 0x03, 0x9C, 0x07, 0x78, 0x0C, 0xC0, 0x00, 0x07, 0xFF, 0xFF,
    0xFF, 0xFF, 0xFF, 0xFF, 0xEF, 0x00, 0x3C, 0x00, 0xF0, 0x03, 0xC0, 0x0F, 0x00, 0x3C, 0x00, 0xFF,
    0xFB, 0xFF, 0xEF, 0xFF, 0xBC, 0x00, 0xF0, 0x03, 0xC0, 0x0F, 0x00, 0x3C, 0x00, 0xF0, 0x03, 0xFF,
    0xFF, 0xFF, 0xFF, 0xFF, 0x7B, 0xC0, 0x73, 0x80, 0xF7, 0x00, 0xE7, 0x00, 0xC6, 0x00, 0x00, 0x03,
    0xF8, 0x0F, 0xF8, 0x3F, 0xF8, 0xF0, 0x79, 0xC0, 0x77, 0x80, 0xFF, 0xFF, 0xFF, 0xFF, 0xFF, 0xFF,
    0xF0, 0x00, 0xF0, 0x00, 0xE0, 0x31, 0xE0, 0x73, 0xE3, 0xE3, 0xFF, 0x83, 0xFE, 0x00, 0xF0, 0x00,
    0x03, 0x00, 0x3F, 0x01, 0xFE, 0x07, 0x38, 0x38, 0x70, 0x00, 0x00, 0x00, 0x1F, 0xFF, 0xFF, 0xFF,
    0xFF, 0xFF, 0xFF, 0xBC, 0x00, 0xF0, 0x03, 0xC0, 0x0F, 0x00, 0x3C, 0x00, 0xF0, 0x03, 0xFF, 0xEF,
    0xFF, 0xBF, 0xFE, 0xF0, 0x03, 0xC0, 0x0F, 0x00, 0x3C, 0x00, 0xF0, 0x03, 0xC0, 0x0F, 0xFF, 0xFF,
    0xFF, 0xFF, 0xFC, 0x03, 0x00, 0x1F, 0x80, 0x7F, 0x80, 0xE3, 0x81, 0x87, 0x00, 0x00, 0x00, 0x00,
    0x07, 0xF0, 0x1F, 0xF0, 0x7F, 0xF1, 0xE0, 0xF3, 0x80, 0xEF, 0x01, 0xFF, 0xFF, 0xFF, 0xFF, 0xFF,
    0xFF, 0xE0, 0x01, 0xE0, 0x01, 0xC0, 0x63, 0xC0, 0xE7, 0xC7, 0xC7, 0xFF, 0x07, 0xFC, 0x01, 0xE0,
    0xF3, 0x8E, 0x70, 0xE7, 0x0E, 0xE1, 0x8C, 0x00, 0x00, 0xC0, 0x3C, 0x07, 0x80, 0xF0, 0x1E, 0x03,
    0xC0, 0x78, 0x0F, 0x01, 0xE0, 0x3C, 0x07, 0x80, 0xF0, 0x1E, 0x03, 0xC0, 0x78, 0x0F, 0x01, 0xE0,
    0x3C, 0x07, 0x80, 0xF0, 0x1E, 0x03, 0xC0, 0x7B, 0xC7, 0x38, 0xF7, 0x0E, 0x70, 0xC6, 0x00, 0x00,
    0xE0, 0x1C, 0x03, 0x80, 0x70, 0x0E, 0x01, 0xC0, 0x38, 0x07, 0x00, 0xE0, 0x1C, 0x03, 0x80, 0x70,
    0x0E, 0x01, 0xC0, 0x38, 0x07, 0x00, 0x0C, 0x0F, 0xC7, 0xFB, 0x8E, 0xE1, 0x80, 0x00, 0x00, 0x30,
    0x1E, 0x07, 0x81, 0xE0, 0x78, 0x1E, 0x07, 0x81, 0xE0, 0x78, 0x1E, 0x07, 0x81, 0xE0, 0x78, 0x1E,
    0x07, 0x81, 0xE0, 0x78, 0x1E, 0x07, 0x81, 0xE0, 0x78, 0x1E, 0x00, 0x18, 0x3F, 0x3F, 0xDC, 0x7C,
    0x38, 0x00, 0x00, 0x38, 0x1C, 0x0E, 0x07, 0x03, 0x81, 0xC0, 0xE0, 0x70, 0x38, 0x1C, 0x0E, 0x07,
    0x03, 0x81, 0xC0, 0xE0, 0x70, 0x0E, 0x70, 0x00, 0xF7, 0x80, 0x07, 0x38, 0x00, 0x39, 0xC0, 0x01,
    0x98, 0x00, 0x00, 0x00, 0x01, 0xF8, 0x00, 0x7F, 0xE0, 0x0F, 0xFF, 0x01, 0xF8, 0xF8, 0x3C, 0x03,
    0xC3, 0x80, 0x1E, 0x78, 0x01, 0xE7, 0x00, 0x0E, 0x70, 0x00, 0xFF, 0x00, 0x0F, 0xF0, 0x00, 0x7F,
    0x00, 0x07, 0xF0, 0x00, 0x7F, 0x00, 0x0F, 0x70, 0x00, 0xF7, 0x00, 0x0E, 0x78, 0x01, 0xE3, 0xC0,
    0x1E, 0x3E, 0x07, 0xC1, 0xFF, 0xF8, 0x0F, 0xFF, 0x00, 0x7F, 0xE0, 0x00, 0xF0, 0x00, 0x7B, 0xC0,
    0x73, 0x80, 0x77, 0x80, 0xE7, 0x00, 0xC6, 0x00, 0x00, 0x03, 0xF8, 0x0F, 0xF8, 0x3F, 0xF8, 0xF0,
    0x79, 0xC0, 0x7F, 0x80, 0xFE, 0x00, 0xFC, 0x01, 0xF8, 0x03, 0xF0, 0x07, 0xF0, 0x0E, 0xE0, 0x3D,
    0xE0, 0xF3, 0xE3, 0xE3, 0xFF, 0x83, 0xFE, 0x00, 0xE0, 0x00, 0x00, 0x60, 0x00, 0x1F, 0x80, 0x03,
    0xFC, 0x00, 0x38, 0xE0, 0x03, 0x0E, 0x00, 0x00, 0x00, 0x00, 0x00, 0x00, 0x1F, 0x80, 0x07, 0xFE,
    0x00, 0xFF, 0xF0, 0x1F, 0x8F, 0x83, 0xC0, 0x3C, 0x38, 0x01, 0xE7, 0x80, 0x1E, 0x70, 0x00, 0xE7,
    0x00, 0x0F, 0xF0, 0x00, 0xFF, 0x00, 0x07, 0xF0, 0x00, 0x7F, 0x00, 0x07, 0xF0, 0x00, 0xF7, 0x00,
    0x0F, 0x70, 0x00, 0xE7, 0x80, 0x1E, 0x3C, 0x01, 0xE3, 0xE0, 0x7C, 0x1F, 0xFF, 0x80, 0xFF, 0xF0,
    0x07, 0xFE, 0x00, 0x0F, 0x00, 0x01, 0x80, 0x0F, 0xC0, 0x3F, 0xC0, 0xE3, 0x81, 0xC3, 0x00, 0x00,
    0x00, 0x00, 0x07, 0xF0, 0x1F, 0xF0, 0x7F, 0xF1, 0xE0, 0xF3, 0x80, 0xFF, 0x01, 0xFC, 0x01, 0xF8,
    0x03, 0xF0, 0x07, 0xE0, 0x0F, 0xE0, 0x1D, 0xC0, 0x7B, 0xC1, 0xE7, 0xC7, 0xC7, 0xFF, 0x07, 0xFC,
    0x01, 0xC0, 0x73, 0x80, 0x79, 0xC0, 0x39, 0xC0, 0x1C, 0xE0, 0x0C, 0xC0, 0x00, 0x00, 0x7F, 0x80,
    0xFF, 0xF0, 0xFF, 0xFC, 0xFF, 0xFC, 0xF0, 0x1E, 0xF0, 0x0E, 0xF0, 0x0E, 0xF0, 0x0E, 0xF0, 0x0E,
    0xF0, 0x1E, 0xF0, 0x3E, 0xFF, 0xFC, 0xFF, 0xF8, 0xFF, 0xF0, 0xF0, 0xF0, 0xF0, 0x78, 0xF0, 0x78,
    0xF0, 0x3C, 0xF0, 0x3C, 0xF0, 0x1E, 0xF0, 0x1E, 0xF0, 0x0F, 0xF3, 0x8F, 0x78, 0xE7, 0x0E, 0xE0,
    0xCC, 0x00, 0x07, 0x78, 0xFF, 0x1F, 0xE3, 0xC0, 0x70, 0x0E, 0x01, 0xC0, 0x38, 0x07, 0x00, 0xE0,
    0x1C, 0x03, 0x80, 0x70, 0x0E, 0x01, 0xC0, 0x38, 0x00, 0x03, 0x00, 0x0F, 0xC0, 0x1F, 0xE0, 0x1C,
    0x70, 0x18, 0x70, 0x00, 0x00, 0x00, 0x00, 0x7F, 0x80, 0xFF, 0xF0, 0xFF, 0xFC, 0xFF, 0xFC, 0xF0,
    0x1E, 0xF0, 0x0E, 0xF0, 0x0E, 0xF0, 0x0E, 0xF0, 0x0E, 0xF0, 0x1E, 0xF0, 0x3E, 0xFF, 0xFC, 0xFF,
    0xF8, 0xFF, 0xF0, 0xF0, 0xF0, 0xF0, 0x78, 0xF0, 0x78, 0xF0, 0x3C, 0xF0, 0x3C, 0xF0, 0x1E, 0xF0,
    0x1E, 0xF0, 0x0F, 0x0C, 0x0F, 0xC7, 0xFB, 0x8E, 0xE1, 0xC0, 0x00, 0x01, 0xDE, 0x7F, 0x9F, 0xE7,
    0x81, 0xC0, 0x70, 0x1C, 0x07, 0x01, 0xC0, 0x70, 0x1C, 0x07, 0x01, 0xC0, 0x70, 0x1C, 0x07, 0x00,
    0x3D, 0xE0, 0x0E, 0x70, 0x03, 0x9C, 0x01, 0xEE, 0x00, 0x63, 0x00, 0x00, 0x03, 0x80, 0x0F, 0xC0,
    0x07, 0xE0, 0x03, 0xF0, 0x01, 0xF8, 0x00, 0xFC, 0x00, 0x7E, 0x00, 0x3F, 0x00, 0x1F, 0x80, 0x0F,
    0xC0, 0x07, 0xE0, 0x03, 0xF0, 0x01, 0xF8, 0x00, 0xFC, 0x00, 0x7E, 0x00, 0x3F, 0x80, 0x1F, 0xC0,
    0x0E, 0xE0, 0x0F, 0x78, 0x0F, 0x1F, 0xFF, 0x87, 0xFF, 0x81, 0xFF, 0x80, 0x1E, 0x00, 0xF7, 0x83,
    0x9C, 0x1E, 0xF0, 0x73, 0x81, 0x8C, 0x00, 0x03, 0x80, 0xFC, 0x07, 0xE0, 0x3F, 0x01, 0xF8, 0x0F,
    0xC0, 0x7E, 0x03, 0xF0, 0x1F, 0x80, 0xFC, 0x07, 0xE0, 0x3F, 0x01, 0xFC, 0x1F, 0xFB, 0xF7, 0xFF,
    0x9F, 0xDC, 0x38, 0x00, 0x00, 0xC0, 0x01, 0xF8, 0x01, 0xFE, 0x01, 0xC7, 0x00, 0xE1, 0x80, 0x00,
    0x00, 0x00, 0x01, 0xC0, 0x07, 0xE0, 0x03, 0xF0, 0x01, 0xF8, 0x00, 0xFC, 0x00, 0x7E, 0x00, 0x3F,
    0x00, 0x1F, 0x80, 0x0F, 0xC0, 0x07, 0xE0, 0x03, 0xF0, 0x01, 0xF8, 0x00, 0xFC, 0x00, 0x7E, 0x00,
    0x3F, 0x00, 0x1F, 0xC0, 0x0F, 0xE0, 0x07, 0x70, 0x07, 0xBC, 0x07, 0x8F, 0xFF, 0xC3, 0xFF, 0xC0,
    0xFF, 0xC0, 0x0F, 0x00, 0x07, 0x00, 0xFE, 0x07, 0xF0, 0x71, 0xC3, 0x0E, 0x00, 0x00, 0x00, 0x1C,
    0x07, 0xE0, 0x3F, 0x01, 0xF8, 0x0F, 0xC0, 0x7E, 0x03, 0xF0, 0x1F, 0x80, 0xFC, 0x07, 0xE0, 0x3F,
    0x01, 0xF8, 0x0F, 0xE0, 0xFF, 0xDF, 0xBF, 0xFC, 0xFE, 0xE1, 0xC0, 0x03, 0xE0, 0x1F, 0xF8, 0x3F,
    0xFC, 0x3C, 0x3E, 0x78, 0x0F, 0x70, 0x0F, 0x70, 0x07, 0x70, 0x00, 0x7C, 0x00, 0x3F, 0x00, 0x1F,
    0xF0, 0x0F, 0xFC, 0x01, 0xFE, 0x00, 0x3F, 0x00, 0x0F, 0x00, 0x07, 0xF0, 0x07, 0xF0, 0x07, 0x78,
    0x0F, 0x7E, 0x7E, 0x3F, 0xFE, 0x1F, 0xF8, 0x03, 0xE0, 0x01, 0xC0, 0x03, 0xC0, 0x03, 0x80, 0x03,
    0x80, 0x03, 0x80, 0x03, 0x00, 0x00, 0x00, 0x1F, 0xC1, 0xFF, 0x1F, 0xFC, 0xE0, 0xF7, 0x03, 0x38,
    0x01, 0xF8, 0x07, 0xF8, 0x1F, 0xF0, 0x1F, 0xC0, 0x1E, 0xC0, 0x7F, 0x07, 0xBC, 0x7D, 0xFF, 0xC7,
    0xFC, 0x07, 0x00, 0x38, 0x01, 0xC0, 0x0E, 0x00, 0xE0, 0x07, 0x00, 0x38, 0x00, 0x00, 0xFF, 0xFF,
    0x7F, 0xFF, 0xFF, 0xFF, 0xEF, 0xFF, 0xE0, 0x1C, 0x00, 0x0E, 0x00, 0x07, 0x00, 0x03, 0x80, 0x01,
    0xC0, 0x00, 0xE0, 0x00, 0x70, 0x00, 0x38, 0x00, 0x1C, 0x00, 0x0E, 0x00, 0x07, 0x00, 0x03, 0x80,
    0x01, 0xC0, 0x00, 0xE0, 0x00, 0x70, 0x00, 0x38, 0x00, 0x1C, 0x00, 0x0E, 0x00, 0x00, 0x00, 0x03,
    0x80, 0x03, 0xC0, 0x01, 0xC0, 0x00, 0xE0, 0x00, 0x70, 0x00, 0x30, 0x00, 0x00, 0x00, 0x3C, 0x1E,
    0x0F, 0x07, 0x8F, 0xFF, 0xFF, 0xFE, 0x78, 0x3C, 0x1E, 0x0F, 0x07, 0x83, 0xC1, 0xE0, 0xF0, 0x78,
    0x3C, 0x0F, 0x07, 0xE1, 0xF0, 0x30, 0x70, 0x38, 0x38, 0x1C, 0x0E, 0x06, 0x00, 0x00, 0x07, 0xE0,
    0x1F, 0xF8, 0x3F, 0xFC, 0x7E, 0x7E, 0x78, 0x1E, 0xF0, 0x0E, 0x70, 0x0F, 0x00, 0x0F, 0x00, 0x0E,
    0x00, 0x1E, 0x00, 0x3C, 0x00, 0x7C, 0x00, 0xFC, 0x07, 0xFE, 0x3F, 0xCE, 0x3F, 0x0F, 0x3C, 0x0F,
    0x00, 0x0F, 0x00, 0x0F, 0x00, 0x0F, 0x00, 0x1E, 0x00, 0x1E, 0x00, 0x3C, 0x00, 0xFC, 0x03, 0xF8,
    0x3F, 0xE0, 0x3F, 0x80, 0x3C, 0x00, 0x00, 0x00, 0x00, 0x00, 0xFF, 0x0F, 0xFC, 0xFF, 0xE7, 0x87,
    0xF8, 0x3C, 0x01, 0xE0, 0x0F, 0x00, 0xF0, 0x0F, 0x81, 0xFC, 0x7F, 0xF3, 0xF7, 0x9C, 0x3C, 0x00,
    0xE0, 0x0F, 0x00, 0x78, 0x03, 0xC0, 0x7C, 0x07, 0xC3, 0xFC, 0x1F, 0xC0, 0xF8, 0x04, 0x00, 0x0F,
    0x38, 0x03, 0xBC, 0x00, 0xFC, 0x00, 0x3C, 0x00, 0x00, 0x00, 0x00, 0x01, 0x80, 0x0F, 0xE0, 0x07,
    0xF0, 0x03, 0xF8, 0x01, 0xFC, 0x00, 0xFE, 0x00, 0x7F, 0x00, 0x3F, 0x80, 0x1F, 0xC0, 0x0F, 0xE0,
    0x07, 0xFF, 0xFF, 0xFF, 0xFF, 0xFF, 0xFF, 0xFE, 0x00, 0x7F, 0x00, 0x3F, 0x80, 0x1F, 0xC0, 0x0F,
    0xE0, 0x07, 0xF0, 0x03, 0xF8, 0x01, 0xFC, 0x00, 0xFE, 0x00, 0x70, 0x71, 0xC0, 0x1D, 0xC0, 0x0F,
    0xC0, 0x03, 0xC0, 0x00, 0x00, 0x00, 0x00, 0x00, 0x38, 0x00, 0x1C, 0x00, 0x0E, 0x00, 0x07, 0x00,
    0x03, 0x80, 0x01, 0xC0, 0x00, 0xEF, 0xE0, 0x7F, 0xF8, 0x3F, 0xFC, 0x1E, 0x0F, 0x0F, 0x03, 0x87,
    0x01, 0xC3, 0x80, 0xE1, 0xC0, 0x70, 0xE0, 0x38, 0x70, 0x1C, 0x38, 0x0E, 0x1C, 0x07, 0x0E, 0x03,
    0x87, 0x01, 0xC3, 0x80, 0xE1, 0xC0, 0x70, 0x00, 0x07, 0x7F, 0x3F, 0xFD, 0xFF, 0xFF, 0x03, 0xF0,
    0x1F, 0x80, 0xFC, 0x1F, 0xFF, 0xF7, 0xFF, 0x3F, 0xC1, 0xC0, 0x0E, 0x02, 0x70, 0x3F, 0xE7, 0xCF,
    0xFC, 0x3F, 0xC0, 0x30, 0x00, 0x0F, 0xCE, 0x7F, 0xDC, 0xFF, 0xFB, 0xC1, 0xF7, 0x01, 0xFE, 0x03,
    0xF8, 0x07, 0xF0, 0x07, 0xE0, 0x0F, 0xC0, 0x3F, 0xC0, 0x7F, 0x80, 0xF7, 0x83, 0xEF, 0x8F, 0xCF,
    0xFF, 0x8F, 0xF7, 0x07, 0x80, 0xEF, 0xE1, 0xFF, 0xE3, 0xFF, 0xE7, 0xC1, 0xEF, 0x03, 0xDC, 0x03,
    0xB8, 0x07, 0x70, 0x0F, 0xE0, 0x1F, 0xC0, 0x3B, 0x80, 0x77, 0x80, 0xEF, 0x03, 0xDF, 0x9F, 0x3F,
    0xFC, 0x77, 0xF0, 0x03, 0x80, 0x1C, 0x00, 0xF8, 0x03, 0xF0, 0x07, 0x00, 0x0E, 0x00, 0x1C, 0x00,
    0x3B, 0xF8, 0x7F, 0xF8, 0xFF, 0xF9, 0xF0, 0x73, 0xC0, 0xF7, 0x00, 0xEE, 0x01, 0xDC, 0x03, 0xB8,
    0x07, 0x70, 0x0E, 0xE0, 0x1D, 0xE0, 0x3B, 0xC0, 0xF7, 0xE3, 0xCF, 0xFF, 0x1D, 0xFC, 0x00, 0xE0,
    0x00, 0x00, 0x00, 0x7F, 0x03, 0xFE, 0x1F, 0xFC, 0xF0, 0x7B, 0xC1, 0xEE, 0x03, 0x80, 0x0F, 0x00,
    0x3C, 0x00, 0xF0, 0x03, 0xC0, 0x0F, 0xE0, 0x3B, 0xC1, 0xE7, 0xDF, 0x1F, 0xFC, 0x1F, 0xC0, 0x1C,
    0x00, 0x00, 0x0C, 0x00, 0x07, 0x80, 0x01, 0xE0, 0x00, 0x78, 0x00, 0x1E, 0x00, 0x07, 0x80, 0xFD,
    0xE0, 0xFF, 0xF8, 0x3F, 0xFE, 0x1E, 0x0F, 0x87, 0x01, 0xE3, 0xC0, 0x78, 0xE0, 0x1E, 0x38, 0x03,
    0x8E, 0x00, 0xE3, 0x80, 0x78, 0xF0, 0x1E, 0x3C, 0x07, 0x87, 0x83, 0xE1, 0xF1, 0xF8, 0x3F, 0xFE,
    0x07, 0xFF, 0x80, 0x79, 0xE0, 0x00, 0x78, 0x00, 0x1E, 0x00, 0x03, 0xE0, 0x00, 0xFC, 0x00, 0x1F,
    0x00, 0x00, 0x00, 0x00, 0x03, 0xC0, 0x01, 0xF0, 0x00, 0xFC, 0x00, 0x38, 0x00, 0x1E, 0x00, 0x07,
    0x80, 0xFD, 0xE0, 0xFF, 0xF8, 0x3F, 0xFE, 0x1E, 0x0F, 0x87, 0x01, 0xE3, 0xC0, 0x78, 0xE0, 0x1E,
    0x38, 0x03, 0x8E, 0x00, 0xE3, 0x80, 0x78, 0xF0, 0x1E, 0x3C, 0x07, 0x87, 0x83, 0xE1, 0xF1, 0xF8,
    0x3F, 0xFE, 0x07, 0xFB, 0x80, 0x78, 0x00, 0x00, 0x00, 0x7F, 0x03, 0xFE, 0x1F, 0xFC, 0x78, 0x7B,
    0xC1, 0xEF, 0x03, 0xFF, 0xFF, 0xFF, 0xFF, 0xFF, 0xF0, 0x03, 0xC0, 0x0F, 0x00, 0x39, 0x81, 0xEF,
    0x9F, 0x1F, 0xFC, 0x3F, 0xC0, 0x1C, 0x00, 0x00, 0x00, 0x3F, 0xC0, 0xFF, 0xC3, 0xFF, 0xCF, 0x03,
    0xCE, 0x03, 0x80, 0x07, 0x00, 0x0F, 0xFF, 0xFF, 0xFF, 0xFF, 0xFF, 0xFF, 0x00, 0xEF, 0x01, 0xCE,
    0x07, 0x9F, 0x3E, 0x1F, 0xF8, 0x1F, 0xE0, 0x07, 0x00, 0x1F, 0xE0, 0x01, 0xFF, 0x80, 0x1F, 0xFE,
    0x01, 0xE0, 0x78, 0x07, 0x01, 0xC0, 0x00, 0x0E, 0x40, 0x01, 0xFE, 0x07, 0xFF, 0xF8, 0xFF, 0xFF,
    0xC7, 0xF8, 0xFF, 0xB8, 0x07, 0x3F, 0xE0, 0x39, 0xF7, 0x03, 0xC0, 0x3E, 0x3C, 0x00, 0xFF, 0xC0,
    0x03, 0xFC, 0x00, 0x07, 0x80, 0x00, 0x1F, 0xC1, 0xFF, 0x9F, 0xFC, 0xE0, 0xFF, 0x03, 0xF8, 0x01,
    0xFC, 0x07, 0xF0, 0x3F, 0x83, 0xC0, 0x3C, 0x01, 0xC0, 0x7F, 0x03, 0xFC, 0x7D, 0xFF, 0xC7, 0xFC,
    0x07, 0x80, 0x1F, 0xC1, 0xFF, 0x9F, 0xFD, 0xE0, 0xF7, 0x03, 0x80, 0x3C, 0x1F, 0xC1, 0xFE, 0x0F,
    0xE0, 0x07, 0x80, 0x1F, 0xC0, 0x7F, 0x03, 0xBC, 0x7D, 0xFF, 0xC7, 0xFC, 0x07, 0x00, 0x1F, 0xC0,
    0x07, 0xFE, 0x01, 0xFF, 0xC0, 0x78, 0x3F, 0x87, 0x03, 0xF0, 0x00, 0xFE, 0x01, 0xFF, 0xC0, 0x7F,
    0x9F, 0x0F, 0xE3, 0xE0, 0x1E, 0x38, 0x01, 0xE0, 0x70, 0x1C, 0x0F, 0x03, 0x80, 0xF1, 0xF0, 0x1F,
    0xFC, 0x01, 0xFF, 0x00, 0x07, 0x00, 0x00, 0x0F, 0xE0, 0xFF, 0xC7, 0xFF, 0x9E, 0x0E, 0xF0, 0x3F,
    0xC0, 0xFE, 0x3F, 0xB9, 0xFC, 0xE7, 0xF3, 0x81, 0xEF, 0x03, 0xFC, 0x07, 0x70, 0x3D, 0xF1, 0xF3,
    0xFF, 0x87, 0xFC, 0x03, 0x80, 0x0E, 0x03, 0x80, 0xE0, 0x38, 0x0E, 0x1F, 0xFF, 0xFD, 0xFF, 0x0E,
    0x03, 0x80, 0xE0, 0x38, 0x0E, 0x03, 0x80, 0xE0, 0x38, 0x0E, 0x03, 0x80, 0xE1, 0xF8, 0x7C, 0x1E,
    0x00, 0x00, 0x03, 0xC0, 0x01, 0xF0, 0x00, 0xFC, 0x00, 0x38, 0x00, 0x0E, 0x00, 0x03, 0x80, 0xFC,
    0xE0, 0xFF, 0xF8, 0x3F, 0xFE, 0x1E, 0x0F, 0x87, 0x01, 0xE3, 0xC0, 0x78, 0xE0, 0x1E, 0x38, 0x03,
    0x8E, 0x00, 0xE3, 0x80, 0x78, 0xF0, 0x1E, 0x1C, 0x07, 0x87, 0x83, 0xE0, 0xFF, 0xF8, 0x3F, 0xEE,
    0x03, 0xF3, 0x80, 0x00, 0xE0, 0x00, 0x78, 0x70, 0x1C, 0x1F, 0x1F, 0x03, 0xFF, 0x80, 0x7F, 0xC0,
    0x03, 0x80, 0x00, 0x0F, 0xCE, 0x7F, 0xDC, 0xFF, 0xFB, 0xC1, 0xF7, 0x01, 0xFE, 0x03, 0xF8, 0x07,
    0xF0, 0x07, 0xE0, 0x0F, 0xC0, 0x3F, 0xC0, 0x7B, 0x80, 0xF7, 0x83, 0xE7, 0xFF, 0xCF, 0xFB, 0x87,
    0xE7, 0x00, 0x0E, 0x00, 0x3D, 0xC0, 0x73, 0xE3, 0xE3, 0xFF, 0x83, 0xFE, 0x00, 0xE0, 0x00, 0x0F,
    0xE0, 0xFF, 0xC7, 0xFF, 0x9E, 0x0F, 0xF0, 0x1F, 0x80, 0x7E, 0x00, 0x38, 0x00, 0xE1, 0xFF, 0x87,
    0xFE, 0x01, 0xFC, 0x07, 0x78, 0x3D, 0xFB, 0xE3, 0xFF, 0x87, 0xF8, 0x03, 0x00, 0x70, 0x07, 0xBC,
    0x07, 0x8E, 0x03, 0xC7, 0x83, 0xC1, 0xC1, 0xE0, 0xF1, 0xE0, 0x38, 0xF0, 0x1E, 0xF0, 0x07, 0x78,
    0x03, 0xF8, 0x00, 0xFC, 0x00, 0x7C, 0x00, 0x1E, 0x00, 0x1F, 0x00, 0x0F, 0x80, 0x0F, 0xE0, 0x07,
    0xF0, 0x03, 0xBC, 0x03, 0xDE, 0x01, 0xFF, 0x00, 0x7F, 0x80, 0x3F, 0x80, 0x07, 0x00, 0x00, 0x00,
    0x07, 0xC1, 0xF1, 0xFC, 0x7F, 0x7F, 0xDF, 0xE6, 0x7F, 0xC8, 0x07, 0xF0, 0x00, 0x7C, 0x00, 0x0F,
    0x80, 0x01, 0xF0, 0x00, 0x3E, 0x00, 0x0F, 0xE0, 0x01, 0xFC, 0x00, 0x7B, 0x80, 0x0F, 0x78, 0x01,
    0xFF, 0x00, 0x3F, 0xC0, 0x03, 0xF8, 0x00, 0x1C, 0x00, 0xE0, 0x3F, 0x01, 0xF8, 0x0F, 0xC0, 0x7E,
    0x03, 0xF0, 0x1F, 0x80, 0xFC, 0x07, 0xE0, 0x3F, 0x01, 0xF8, 0x0F, 0xC0, 0x7F, 0x07, 0xFE, 0xFD,
    0xFF, 0xE7, 0xF7, 0x0E, 0x38, 0x01, 0xC0, 0x0E, 0x00, 0x70, 0x03, 0x80, 0x1C, 0x1C, 0x03, 0xE0,
    0x3F, 0x01, 0xC0, 0x0E, 0x00, 0x70, 0x03, 0xBF, 0x9F, 0xFE, 0xFF, 0xF7, 0x83, 0xFC, 0x0F, 0xC0,
    0x7E, 0x03, 0xF0, 0x1F, 0x80, 0xFC, 0x07, 0xE0, 0x3F, 0x01, 0xF8, 0x0F, 0xC0, 0x7E, 0x03, 0xF0,
    0x1C, 0x1C, 0x03, 0xE0, 0x3F, 0x01, 0xC0, 0x0E, 0x00, 0x70, 0x03, 0xBF, 0x9F, 0xFE, 0xFF, 0xF7,
    0x83, 0xFC, 0x0F, 0xC0, 0x7E, 0x03, 0xF0, 0x1F, 0x80, 0xFC, 0x07, 0xE0, 0x3F, 0x01, 0xF8, 0x0F,
    0xC0, 0x7E, 0x03, 0xF0, 0x1C, 0x00, 0xE0, 0x07, 0x00, 0x38, 0x07, 0xC0, 0x7E, 0x03, 0xE0, 0x00,
    0x00, 0x0E, 0x03, 0xC0, 0x78, 0x07, 0x00, 0x00, 0x00, 0x03, 0x80, 0x70, 0x0E, 0x01, 0xC0, 0x38,
    0x07, 0x07, 0xFD, 0xFF, 0x9F, 0xF0, 0x70, 0x0E, 0x01, 0xC0, 0x38, 0x07, 0x00, 0xE0, 0x1C, 0x00,
    0xE3, 0x8E, 0x38, 0xE3, 0x8E, 0x38, 0xE3, 0x8E, 0x38, 0xE3, 0xEF, 0x9F, 0x00, 0x7F, 0xFF, 0xDF,
    0xE3, 0x81, 0xC0, 0xE0, 0x70, 0x38, 0x1C, 0x0E, 0x07, 0x03, 0x81, 0xC3, 0xFB, 0xFF, 0xFF, 0x1C,
    0x0E, 0x07, 0x03, 0x81, 0xC0, 0xE0, 0x70, 0x38, 0x1C, 0x3E, 0xFF, 0xFF, 0xED, 0xE0, 0xE0, 0x70,
    0x38, 0x1C, 0x0E, 0x07, 0x03, 0x81, 0xC0, 0xE0, 0x03, 0x80, 0x38, 0x03, 0x80, 0x38, 0x03, 0x80,
    0x38, 0x7F, 0x87, 0xF8, 0xFF, 0x8E, 0x38, 0xF3, 0x8F, 0xFF, 0x7F, 0xF1, 0xFF, 0x03, 0x80, 0x38,
    0x03, 0x80, 0x38, 0x03, 0x80, 0x38, 0x03, 0x80, 0x38, 0xE3, 0x8E, 0x38, 0xE3, 0x8E, 0x38, 0xE3,
    0x8E, 0x38, 0xE3, 0x8E, 0x38, 0xE3, 0x8E, 0x38, 0xE3, 0x8E, 0x38, 0xE3, 0xEF, 0xDF, 0x00, 0x60,
    0x01, 0xC0, 0x03, 0x80, 0x07, 0x00, 0x0E, 0x00, 0x1C, 0x00, 0x3F, 0xFF, 0xFF, 0xFF, 0xFF, 0xFF,
    0xC0, 0x7B, 0x81, 0xE7, 0x07, 0x8E, 0x1E, 0x1C, 0x78, 0x38, 0xE0, 0x73, 0xF8, 0xE7, 0xF9, 0xC0,
    0xFB, 0x80, 0x7F, 0x00, 0xFE, 0x00, 0xFC, 0x01, 0xC0, 0x03, 0x80, 0x0F, 0x08, 0x1E, 0x3C, 0xF8,
    0xFF, 0xE0, 0xFF, 0x80, 0x3C, 0x00, 0xE0, 0x70, 0x3B, 0x81, 0xC0, 0xFE, 0x07, 0x03, 0xF8, 0x1C,
    0x0F, 0xE0, 0x70, 0x3F, 0x81, 0xC0, 0xFE, 0x07, 0x03, 0xF8, 0x1C, 0x0F, 0xE0, 0x70, 0x3F, 0x81,
    0xC0, 0xFE, 0x07, 0x03, 0xF8, 0x1C, 0x0F, 0xE0, 0xF8, 0x3F, 0xE7, 0xF3, 0xF7, 0xFF, 0xFF, 0xCF,
    0xE7, 0xEF, 0x0E, 0x06, 0x00, 0xE0, 0x70, 0x3B, 0x81, 0xC0, 0xFE, 0x07, 0x03, 0xF8, 0x1C, 0x0F,
    0xE0, 0x70, 0x3F, 0x81, 0xC0, 0xFE, 0x07, 0x03, 0xF8, 0x1C, 0x0F, 0xE0, 0x70, 0x3F, 0x81, 0xC0,
    0xFE, 0x07, 0x03, 0xF8, 0x1C, 0x0F, 0xE0, 0xF8, 0x3F, 0xE7, 0xF3, 0xF7, 0xFF, 0xFF, 0xCF, 0xE7,
    0xEF, 0x0E, 0x06, 0x38, 0x00, 0x00, 0xE0, 0x00, 0x03, 0x80, 0x00, 0x0E, 0x00, 0x00, 0x38, 0x00,
    0x00, 0xE0, 0x00, 0x00, 0x03, 0xBF, 0x1F, 0x8F, 0xFE, 0xFF, 0x3F, 0xFF, 0xFE, 0xF0, 0xF8, 0x3B,
    0x81, 0xE0, 0xEE, 0x07, 0x03, 0xF8, 0x1C, 0x0F, 0xE0, 0x70, 0x3F, 0x81, 0xC0, 0xFE, 0x07, 0x03,
    0xF8, 0x1C, 0x0F, 0xE0, 0x70, 0x3F, 0x81, 0xC0, 0xFE, 0x07, 0x03, 0xF8, 0x1C, 0x0F, 0xE0, 0x70,
    0x3C, 0x00, 0x00, 0xF0, 0x00, 0x03, 0xC0, 0x00, 0x0F, 0x00, 0x00, 0xF8, 0x00, 0x07, 0xE0, 0x00,
    0x1F, 0x00, 0x00, 0x00, 0x1D, 0xFC, 0x1F, 0xFE, 0x1F, 0xFE, 0x1E, 0x0F, 0x1E, 0x07, 0x1C, 0x07,
    0x1C, 0x07, 0x1C, 0x07, 0x1C, 0x07, 0x1C, 0x07, 0x1C, 0x07, 0x1C, 0x07, 0x1C, 0x07, 0x1C, 0x07,
    0x1C, 0x07, 0x1C, 0x07, 0x1C, 0x00, 0x1C, 0x00, 0x1C, 0x00, 0xFC, 0x00, 0xFC, 0x00, 0xF8, 0x00,
    0x00, 0x00, 0xEF, 0xE0, 0xFF, 0xF0, 0xFF, 0xF0, 0xF0, 0x78, 0xF0, 0x38, 0xE0, 0x38, 0xE0, 0x38,
    0xE0, 0x38, 0xE0, 0x38, 0xE0, 0x38, 0xE0, 0x38, 0xE0, 0x38, 0xE0, 0x38, 0xE0, 0x38, 0xE0, 0x38,
    0xE0, 0x38, 0x00, 0x38, 0x00, 0x38, 0x00, 0x38, 0x00, 0x3F, 0x00, 0x3F, 0x00, 0x1F, 0x00, 0x00,
    0xF0, 0x1F, 0xE0, 0x7F, 0x81, 0xFF, 0x07, 0xFE, 0x1F, 0xB8, 0x7E, 0xF1, 0xF9, 0xE7, 0xE3, 0x9F,
    0x8F, 0x7E, 0x1D, 0xF8, 0x7F, 0xE0, 0xFF, 0x81, 0xFE, 0x07, 0xF8, 0x0F, 0x0F, 0xE0, 0x3F, 0xE0,
    0xFF, 0xE3, 0xC1, 0xE7, 0x01, 0xFE, 0x03, 0xF8, 0x03, 0xFF, 0xFF, 0xFF, 0xFF, 0xFF, 0xFF, 0xC0,
    0x3B, 0x80, 0xF7, 0x83, 0xCF, 0x8F, 0x8F, 0xFE, 0x0F, 0xF8, 0x03, 0x80, 0x0F, 0xFF, 0xFC, 0x7F,
    0xFF, 0xF3, 0xFF, 0xFF, 0xDE, 0x0E, 0x00, 0x70, 0x38, 0x03, 0xC0, 0xE0, 0x0E, 0x03, 0xC0, 0x38,
    0x0F, 0xFE, 0xE0, 0x3F, 0xFB, 0x80, 0xF0, 0x0F, 0x03, 0x80, 0x1C, 0x0E, 0x00, 0x78, 0x38, 0x00,
    0xFF, 0xFF, 0xE1, 0xFF, 0xFF, 0xC3, 0xFF, 0xFF, 0x00, 0x00, 0x00, 0x1F, 0xFC, 0x00, 0xFF, 0xFC,
    0x07, 0xFF, 0xF8, 0x3C, 0x01, 0xF1, 0xE0, 0x03, 0xC7, 0x80, 0x07, 0xBC, 0x1C, 0x1E, 0xF0, 0x78,
    0x3B, 0xC1, 0xE0, 0xEF, 0x07, 0x83, 0xBC, 0x1E, 0x0E, 0xF0, 0x78, 0x79, 0xE3, 0xE1, 0xE7, 0xDF,
    0xEF, 0x0F, 0xF7, 0xFC, 0x1F, 0xCF, 0xE0, 0x18, 0x0E, 0x00, 0x03, 0x80, 0x0F, 0x00, 0x1E, 0x00,
    0x3C, 0x00, 0x78, 0x00, 0xF0, 0x07, 0xF8, 0x1F, 0xF8, 0x7F, 0xF8, 0xFF, 0x7B, 0xDE, 0xF7, 0xBC,
    0xEE, 0x79, 0xFC, 0xF3, 0xF9, 0xE7, 0xF3, 0xCF, 0xF7, 0x9D, 0xEF, 0x79, 0xFE, 0xF3, 0xFF, 0xC3,
    0xFF, 0x03, 0xFC, 0x01, 0xE0, 0x03, 0xC0, 0x07, 0x80, 0x0F, 0x00, 0x1E, 0x00, 0x3C, 0x00, 0x03,
    0x81, 0xC0, 0xE0, 0x70, 0x38, 0x1C, 0x0E, 0x07, 0x03, 0x81, 0xC0, 0xE0, 0xF0, 0x7B, 0xFF, 0xFF,
    0xF7, 0x60, 0x00, 0x07, 0x07, 0x07, 0x07, 0x07, 0x07, 0x07, 0x07, 0x07, 0x07, 0x07, 0x07, 0x07,
    0x07, 0x07, 0x07, 0x07, 0x07, 0x0F, 0xFF, 0xFF, 0xFF, 0x60, 0x03, 0x80, 0x38, 0x03, 0x80, 0x38,
    0x03, 0x80, 0x38, 0x03, 0x80, 0x38, 0x03, 0x80, 0x38, 0x03, 0x80, 0x78, 0x07, 0x87, 0xF8, 0xFF,
    0x8F, 0xB8, 0x63, 0x80, 0x38, 0x03, 0x80, 0x3E, 0x03, 0xF0, 0x1F, 0x00, 0x00, 0x3F, 0x7F, 0xFF,
    0xF0, 0xE0, 0xE0, 0xE0, 0xE0, 0xE0, 0xE0, 0xE0, 0xE0, 0xE0, 0xE0, 0xE0, 0xE0, 0xF8, 0xFE, 0xFE,
    0x0F, 0x07, 0x07, 0x07, 0x07, 0x07, 0x07, 0x07, 0x07, 0x07, 0x07, 0x07, 0x07, 0xFF, 0xC3, 0xFF,
    0x8F, 0xFF, 0x38, 0x1E, 0xE0, 0x3B, 0x80, 0xEE, 0x07, 0xB8, 0x3E, 0xFF, 0xF3, 0xFF, 0x8E, 0x3C,
    0x38, 0x78, 0xE0, 0xF3, 0x81, 0xCE, 0x07, 0xB8, 0x0E, 0xE0, 0x3B, 0x81, 0xEE, 0x07, 0x38, 0x3C,
    0xE1, 0xE3, 0x87, 0x8F, 0xFC, 0x3F, 0xFC, 0xFF, 0xF3, 0x81, 0xEE, 0x03, 0xB8, 0x0E, 0xE0, 0x7B,
    0xFF, 0xCF, 0xFF, 0x3F, 0xF8, 0x1F, 0xC1, 0xFF, 0x1F, 0xFC, 0xE0, 0xF7, 0x03, 0x38, 0x01, 0xF8,
    0x07, 0xF8, 0x1F, 0xF0, 0x1F, 0xC0, 0x1E, 0xC0, 0x7F, 0x07, 0xFC, 0x7F, 0xFF, 0xDF, 0xFC, 0xE7,
    0x07, 0x00, 0x38, 0x01, 0xF8, 0x07, 0xC0, 0x3E, 0x00, 0x00, 0x00, 0x01, 0xE0, 0xFC, 0x1F, 0x87,
    0x80, 0xE0, 0x1C, 0x03, 0x80, 0x70, 0x0E, 0x01, 0xC0, 0x38, 0x07, 0x00, 0xE0, 0x1C, 0x03, 0x80,
    0x70, 0x0E, 0x01, 0xC0, 0x38, 0x07, 0x00, 0xE0, 0x1C, 0x03, 0x80, 0x70, 0x0E, 0x01, 0xC0, 0x78,
    0x7F, 0x0F, 0xC1, 0xF0, 0x00, 0x01, 0xE0, 0xFC, 0x1F, 0x87, 0x80, 0xE0, 0x1C, 0x03, 0x80, 0x70,
    0x0E, 0x01, 0xC0, 0x38, 0x07, 0x00, 0xE0, 0x1C, 0x03, 0x80, 0x70, 0x0E, 0x01, 0xC0, 0x38, 0x07,
    0x00, 0xE0, 0xFF, 0xBF, 0xF3, 0xFE, 0x0E, 0x01, 0xC0, 0x78, 0x7F, 0x0F, 0xC1, 0xF0, 0x00, 0x00,
    0x78, 0x03, 0xF0, 0x1F, 0xC0, 0xF0, 0x03, 0xC0, 0x0E, 0x00, 0x38, 0x00, 0xE0, 0x03, 0x80, 0x0E,
    0x00, 0x38, 0x00, 0xE0, 0x03, 0x80, 0x0E, 0x00, 0x38, 0x00, 0xE0, 0x03, 0x80, 0x0E, 0x00, 0x38,
    0x00, 0xE0, 0x03, 0x80, 0xFE, 0x07, 0xF8, 0x3F, 0xF0, 0xF3, 0xE3, 0x8F, 0xCF, 0xFF, 0x9F, 0xFC,
    0x3F, 0x20, 0xF8, 0x3F, 0x07, 0xE0, 0x38, 0x0E, 0x03, 0x80, 0xE0, 0x38, 0x0E, 0x03, 0x80, 0xE0,
    0x38, 0x0E, 0x1F, 0xE7, 0xFD, 0xFF, 0x0E, 0x03, 0x80, 0xE0, 0x38, 0x38, 0x1E, 0x0F, 0x07, 0x8F,
    0xFF, 0xFF, 0xFE, 0x78, 0x3C, 0x1E, 0x0F, 0x07, 0x83, 0xC1, 0xE0, 0xF0, 0x78, 0x3C, 0x1E, 0x0F,
    0x07, 0x83, 0xC1, 0xE0, 0xF0, 0x7E, 0x1F, 0x87, 0xC0, 0x00, 0x1C, 0x07, 0x03, 0x80, 0xE0, 0x70,
    0x1C, 0x0E, 0x03, 0x81, 0xC0, 0x70, 0x38, 0x0E, 0x3F, 0xFF, 0xF7, 0xFF, 0xFF, 0xFF, 0xFF, 0xC3,
    0x80, 0xE0, 0x70, 0x1C, 0x0E, 0x07, 0x81, 0xE0, 0xF0, 0x3E, 0x7E, 0x03, 0xFF, 0xC0, 0x3F, 0xB8,
    0x01, 0x80, 0x00, 0x00, 0x00, 0xF0, 0x0F, 0xF8, 0x1F, 0x7C, 0x1F, 0x3C, 0x3C, 0x3C, 0x1C, 0x38,
    0x1E, 0x78, 0x1E, 0x70, 0x0E, 0xF0, 0x0F, 0xF0, 0x0F, 0xF0, 0x0F, 0xF0, 0x0F, 0x78, 0x1F, 0x7E,
    0x7E, 0x3F, 0xFC, 0x1F, 0xF8, 0x03, 0xC0, 0x00, 0x07, 0x9F, 0xBC, 0xFF, 0xE3, 0xFF, 0x07, 0xF8,
    0x3F, 0xC1, 0xFE, 0x0F, 0xF0, 0x7F, 0x83, 0xFC, 0x1F, 0xE0, 0xF7, 0x07, 0xBC, 0x3D, 0xFF, 0xC7,
    0xFE, 0x1F, 0xE0, 0x38, 0x00, 0x03, 0xC0, 0x03, 0xC0, 0x07, 0xE0, 0x07, 0xE0, 0x07, 0xE0, 0x0F,
    0xF0, 0x0E, 0x70, 0x0E, 0x78, 0x1E, 0x38, 0x1C, 0x38, 0x3C, 0x3C, 0x38, 0x1C, 0x38, 0x1C, 0x78,
    0x1E, 0x70, 0x0E, 0x70, 0x0F, 0x07, 0x81, 0xC0, 0x0F, 0x03, 0xC0, 0x1E, 0x0F, 0x80, 0x7E, 0x1F,
    0x00, 0xFC, 0x3E, 0x01, 0xF8, 0xEE, 0x07, 0xF1, 0xDC, 0x0E, 0x73, 0xB8, 0x1C, 0xE6, 0x78, 0x79,
    0xDC, 0x70, 0xE3, 0xB8, 0xE1, 0xC3, 0xF1, 0xE3, 0x87, 0xC1, 0xCF, 0x0F, 0x83, 0x9C, 0x0F, 0x07,
    0x38, 0x1E, 0x0F, 0x00, 0x3C, 0x00, 0x7C, 0x00, 0xFC, 0x01, 0xE0, 0x01, 0xC0, 0x01, 0xC0, 0x03,
    0xC0, 0x03, 0xC0, 0x07, 0xE0, 0x07, 0xE0, 0x07, 0xE0, 0x0F, 0xF0, 0x0E, 0x70, 0x0E, 0x78, 0x1E,
    0x38, 0x1C, 0x38, 0x3C, 0x3C, 0x38, 0x1C, 0x38, 0x1C, 0x78, 0x1E, 0x70, 0x0E, 0x70, 0x0F, 0x70,
    0x0F, 0x78, 0x0E, 0x38, 0x1E, 0x3C, 0x3C, 0x1E, 0x38, 0x1E, 0x78, 0x0F, 0x70, 0x07, 0xF0, 0x07,
    0xE0, 0x03, 0xC0, 0x03, 0xC0, 0x03, 0xC0, 0x03, 0xC0, 0x03, 0xC0, 0x03, 0xC0, 0x03, 0xC0, 0x7F,
    0xF8, 0x7F, 0xF8, 0x7F, 0xF8, 0x00, 0xF0, 0x00, 0xE0, 0x01, 0xE0, 0x03, 0xC0, 0x07, 0x80, 0x07,
    0x00, 0x0F, 0x00, 0x1E, 0x00, 0x3C, 0x00, 0x78, 0x00, 0x7F, 0xF8, 0xFF, 0xF8, 0xFF, 0xF8, 0x00,
    0x38, 0x00, 0x38, 0x00, 0x38, 0x00, 0x3F, 0x00, 0x1F, 0x00, 0x1F, 0x00, 0x00, 0x3F, 0xFC, 0x7F,
    0xFE, 0x7F, 0xFE, 0x3F, 0xFC, 0x00, 0x78, 0x00, 0xF0, 0x00, 0xF0, 0x01, 0xE0, 0x03, 0xC0, 0x07,
    0x80, 0x07, 0xF8, 0x07, 0xFC, 0x00, 0x3E, 0x00, 0x1E, 0x00, 0x0E, 0x00, 0x0F, 0xF0, 0x0F, 0xF0,
    0x0E, 0x78, 0x1E, 0x7E, 0x7E, 0x3F, 0xFC, 0x1F, 0xF0, 0x03, 0xC0, 0x7F, 0xFC, 0x7F, 0xFE, 0x7F,
    0xFC, 0x00, 0x3C, 0x00, 0x78, 0x00, 0xF0, 0x01, 0xE0, 0x03, 0xC0, 0x07, 0x80, 0x07, 0xF0, 0x07,
    0xF8, 0x00, 0xFC, 0x00, 0x1C, 0x0E, 0x1E, 0x3F, 0x8E, 0x7F, 0xEE, 0xFB, 0xFE, 0xE0, 0x7C, 0xF0,
    0x3E, 0x7F, 0xFF, 0x3F, 0xFE, 0x1F, 0xE0, 0x0F, 0x80, 0xFF, 0x87, 0xFF, 0x1E, 0x3E, 0xF0, 0x7B,
    0x80, 0xE0, 0x03, 0xC0, 0x0F, 0x00, 0x3C, 0x00, 0xF0, 0x03, 0xC0, 0x0E, 0x00, 0x78, 0x03, 0xE0,
    0xFF, 0x03, 0xF8, 0x0F, 0x80, 0x3C, 0x00, 0xF0, 0x03, 0xC0, 0x0F, 0x00, 0x3C, 0x00, 0x07, 0xC0,
    0x7F, 0x83, 0xFF, 0x1F, 0x1E, 0x70, 0x3B, 0xC0, 0xFF, 0x00, 0x3C, 0x00, 0xF0, 0x03, 0xC0, 0x0F,
    0x00, 0x3C, 0x00, 0x70, 0x01, 0xF0, 0x03, 0xF8, 0x07, 0xE0, 0x0F, 0x80, 0x1E, 0x00, 0x78, 0x01,
    0xE0, 0x07, 0x80, 0x1E, 0x00, 0x07, 0x00, 0x1C, 0x00, 0x70, 0x01, 0xC0, 0x07, 0x00, 0x1E, 0x00,
    0x7E, 0x01, 0xFC, 0x00, 0xF8, 0x01, 0xE0, 0x03, 0x80, 0x0F, 0x00, 0x3C, 0x00, 0xF0, 0x03, 0xC0,
    0x0F, 0xE0, 0x3F, 0xC0, 0xEF, 0x07, 0x9F, 0x7C, 0x7F, 0xF0, 0x7F, 0x80, 0x70, 0x00, 0x00, 0x00,
    0x7F, 0x83, 0xFF, 0x1F, 0xFE, 0x78, 0x7B, 0xC0, 0xFF, 0x03, 0xFC, 0x00, 0xF0, 0x03, 0xC0, 0x0F,
    0x00, 0x3C, 0x00, 0xF0, 0x03, 0xC0, 0x0F, 0x00, 0x3C, 0x00, 0xF0, 0x03, 0xC0, 0x0F, 0x03, 0xDE,
    0x0E, 0x7C, 0xF8, 0xFF, 0xC1, 0xFE, 0x01, 0xE0, 0x01, 0xF8, 0x00, 0x7F, 0xE0, 0x0F, 0xFF, 0x01,
    0xF8, 0xF8, 0x3C, 0x03, 0xC3, 0x80, 0x1E, 0x78, 0x01, 0xE7, 0x00, 0x0E, 0x70, 0x00, 0xFF, 0x06,
    0x0F, 0xF0, 0xF0, 0x7F, 0x0F, 0x07, 0xF0, 0xF0, 0x7F, 0x02, 0x0F, 0x70, 0x00, 0xF7, 0x00, 0x0E,
    0x78, 0x01, 0xE3, 0xC0, 0x1E, 0x3E, 0x07, 0xC1, 0xFF, 0xF8, 0x0F, 0xFF, 0x00, 0x7F, 0xE0, 0x00,
    0xF0, 0x00, 0xFF, 0xC7, 0xFF, 0x3F, 0xFD, 0xC0, 0xFE, 0x07, 0xF0, 0x3B, 0xFF, 0xDF, 0xFC, 0xFF,
    0xF7, 0x03, 0xF8, 0x0F, 0xC0, 0x7E, 0x03, 0xFF, 0xFF, 0xFF, 0xDF, 0xFC, 0x1F, 0xC0, 0xFF, 0xC7,
    0xFF, 0x9C, 0x1E, 0xF0, 0x3F, 0xC0, 0xF7, 0xF1, 0xCF, 0xE7, 0x3F, 0x9D, 0xE0, 0x7F, 0x03, 0xF8,
    0x0F, 0xF0, 0x3B, 0xE3, 0xE7, 0xFF, 0x0F, 0xF8, 0x07, 0x00, 0x00, 0x0F, 0x00, 0x1F, 0x0F, 0xFF,
    0x3F, 0xFC, 0x7F, 0xFC, 0x78, 0x3C, 0xF0, 0x1C, 0xE0, 0x1C, 0xE0, 0x00, 0xE0, 0x00, 0xE1, 0xFC,
    0xE1, 0xFC, 0xE0, 0x1C, 0xF0, 0x1C, 0x78, 0x3C, 0x7E, 0xF8, 0x3F, 0xF8, 0x1F, 0xE0, 0x03, 0x00,
    0xE0, 0x3F, 0x01, 0xF8, 0x0F, 0xC0, 0x7E, 0x03, 0xF0, 0x1F, 0xFF, 0xFF, 0xFF, 0xFF, 0xFF, 0x01,
    0xF8, 0x0F, 0xC0, 0x7E, 0x03, 0xF0, 0x1F, 0x80, 0xFC, 0x07, 0x03, 0x80, 0x3C, 0x03, 0xC0, 0x38,
    0x00, 0x00, 0x00, 0x03, 0x80, 0x38, 0x03, 0x80, 0x38, 0x03, 0x80, 0x38, 0x03, 0x80, 0x38, 0x03,
    0x80, 0x38, 0x03, 0x80, 0x38, 0x03, 0x80, 0x38, 0x1F, 0xF7, 0xFF, 0x7F, 0xFF, 0x38, 0xF3, 0x8F,
    0xF8, 0x7F, 0x03, 0xE0, 0xF0, 0x1D, 0xE0, 0x73, 0xC1, 0xCF, 0x87, 0x1E, 0x1C, 0x3C, 0x70, 0x7B,
    0xC0, 0xFF, 0x03, 0xFC, 0x07, 0xF0, 0x3D, 0xC1, 0xE7, 0x0F, 0x1C, 0x78, 0x73, 0xC1, 0xDE, 0x07,
    0x00, 0x1C, 0x00, 0x70, 0x01, 0xC0, 0x07, 0x00, 0x1C, 0x00, 0x70, 0xE0, 0x1C, 0x03, 0x80, 0x70,
    0x0E, 0x01, 0xC0, 0x38, 0x07, 0x00, 0xE0, 0x1C, 0x03, 0x80, 0x70, 0x0E, 0x01, 0xFF, 0xFF, 0xFF,
    0xFF, 0x00, 0x03, 0xC0, 0x03, 0xF0, 0x00, 0xFC, 0x00, 0x78, 0x00, 0x1E, 0x00, 0x07, 0x80, 0xFD,
    0xE0, 0xFF, 0xF8, 0x3F, 0xFE, 0x1E, 0x0F, 0x87, 0x01, 0xE3, 0xC0, 0x78, 0xE0, 0x1E, 0x38, 0x03,
    0x8E, 0x00, 0xE3, 0x80, 0x78, 0xF0, 0x1E, 0x3C, 0x07, 0x87, 0x83, 0xE1, 0xF1, 0xF8, 0x3F, 0xFE,
    0x07, 0xFF, 0x80, 0x79, 0xE0, 0x00, 0x78, 0x00, 0x1E, 0x00, 0x07, 0x80, 0x01, 0xE0, 0x00, 0x38,
    0x0F, 0x80, 0xFF, 0x87, 0xFF, 0x1E, 0x3E, 0xF0, 0x7B, 0x80, 0xE0, 0x03, 0xC0, 0x0F, 0x00, 0x3C,
    0x00, 0xF0, 0x03, 0xC0, 0x0E, 0x00, 0x78, 0x03, 0xE0, 0xFF, 0x03, 0xF8, 0x0F, 0x81, 0xFF, 0x87,
    0xFE, 0x1F, 0xF8, 0x0F, 0x00, 0x3C, 0x00, 0x07, 0xC0, 0x7F, 0x83, 0xFF, 0x1F, 0x1E, 0x70, 0x3B,
    0xC0, 0xFF, 0x00, 0x3C, 0x00, 0xF0, 0x03, 0xC0, 0x0F, 0x00, 0x3C, 0x00, 0x70, 0x01, 0xF0, 0x03,
    0xF8, 0x07, 0xE0, 0x0F, 0x80, 0x1E, 0x03, 0xFF, 0x0F, 0xFC, 0x3F, 0xF0, 0x1E, 0x00, 0x00, 0x0C,
    0x00, 0x00, 0x00, 0xF0, 0x00, 0x00, 0x07, 0x80, 0x00, 0x00, 0x3C, 0x00, 0x00, 0x01, 0xE0, 0x00,
    0x00, 0x0F, 0x00, 0x00, 0x3F, 0x7F, 0xFF, 0xE7, 0xFF, 0xFF, 0xFF, 0x3F, 0xFF, 0xFF, 0xF3, 0xC1,
    0xF0, 0x07, 0x9C, 0x07, 0x80, 0x79, 0xE0, 0x3C, 0x03, 0x8E, 0x01, 0xE0, 0x38, 0x70, 0x07, 0x03,
    0xC3, 0x80, 0x38, 0x3C, 0x1C, 0x03, 0xC3, 0xC0, 0xF0, 0x1E, 0x1C, 0x07, 0x80, 0xF1, 0xE0, 0x1E,
    0x0F, 0x9E, 0x00, 0xF8, 0xFD, 0xFF, 0xE3, 0xFF, 0xEF, 0xFF, 0x8F, 0xF7, 0x7F, 0xFC, 0x1E, 0x00,
    0x00, 0x00, 0x00, 0x0C, 0x00, 0x00, 0x03, 0xC0, 0x00, 0x00, 0x78, 0x00, 0x00, 0x0F, 0x00, 0x00,
    0x01, 0xE0, 0x00, 0x00, 0x3C, 0x00, 0x03, 0xF7, 0xFF, 0xF1, 0xFF, 0xFF, 0xFE, 0x3F, 0xFF, 0xFF,
    0xCF, 0x07, 0xC0, 0xF1, 0xC0, 0x78, 0x3C, 0x78, 0x0F, 0x0F, 0x0E, 0x01, 0xE1, 0xC1, 0xC0, 0x1C,
    0x78, 0x38, 0x03, 0x9E, 0x07, 0x00, 0xF7, 0xE0, 0xF0, 0x1E, 0xFF, 0x1E, 0x03, 0xDF, 0xF1, 0xE0,
    0xF8, 0x1F, 0x3E, 0x3F, 0x00, 0xE3, 0xFF, 0xE0, 0x1E, 0x3F, 0xDC, 0x03, 0xC1, 0xE0, 0x00, 0x78,
    0x00, 0x70, 0x0F, 0x00, 0x0F, 0x03, 0xC0, 0x01, 0xFD, 0xF8, 0x00, 0x1F, 0xFE, 0x00, 0x00, 0xFF,
    0x00, 0x00, 0x03, 0x00, 0x38, 0x00, 0x03, 0xC0, 0x00, 0x3C, 0x00, 0x03, 0xC0, 0x00, 0xFF, 0xFF,
    0x8F, 0xFF, 0xFE, 0xFF, 0xFF, 0xE3, 0xCE, 0x0F, 0x3C, 0xE0, 0x63, 0xCE, 0x00, 0x3C, 0xFC, 0x03,
    0xC7, 0xF8, 0x3C, 0x3F, 0xE3, 0xC0, 0x7F, 0x3C, 0x00, 0xF3, 0xC0, 0x07, 0x3C, 0x00, 0x73, 0xFF,
    0xFF, 0x1F, 0xFF, 0xE0, 0xFF, 0xFC, 0x00, 0x02, 0x00, 0x0F, 0xC0, 0x0F, 0xC1, 0x8F, 0xE1, 0xE7,
    0x80, 0xF3, 0x80, 0x79, 0xC1, 0xFF, 0xE0, 0xFF, 0xF0, 0x7F, 0xF8, 0x07, 0x9C, 0x03, 0xCE, 0x01,
    0xE7, 0x00, 0xF3, 0x80, 0x79, 0xC0, 0x3C, 0xE0, 0x1E, 0x70, 0x0F, 0x38, 0x07, 0x9C, 0x03, 0xCE,
    0x01, 0xFF, 0x00, 0xFF, 0x80, 0x3F, 0xC0, 0x07, 0xE0, 0x00, 0x70, 0x00, 0x78, 0x01, 0xFC, 0x00,
    0xFC, 0x00, 0x7C, 0x00, 0x38, 0x00, 0x00, 0xF0, 0x00, 0x03, 0xC0, 0x00, 0x0F, 0x00, 0x00, 0xFF,
    0x8F, 0xE3, 0xFE, 0x7F, 0xCF, 0xFB, 0xFF, 0x8F, 0x1E, 0x0F, 0x3C, 0x70, 0x1C, 0xF3, 0xC0, 0x23,
    0xCE, 0x00, 0x0F, 0x38, 0x00, 0x3C, 0xE3, 0xF0, 0xF3, 0x9F, 0xE3, 0xCF, 0xFF, 0xCF, 0x3F, 0x87,
    0x3C, 0x7C, 0x3C, 0xFF, 0xF1, 0xE1, 0xFF, 0xFF, 0x83, 0xF7, 0xFC, 0x03, 0x03, 0x80, 0x07, 0xC0,
    0x00, 0x3F, 0x00, 0x01, 0xFC, 0x00, 0x07, 0x00, 0x00, 0x1C, 0x00, 0x00, 0x70, 0x00, 0x0F, 0xFF,
    0x7F, 0x3F, 0xFF, 0xFE, 0xFF, 0xFF, 0xFC, 0x71, 0xE0, 0xF1, 0xC7, 0x81, 0xC7, 0x1C, 0x07, 0x1C,
    0x70, 0x1C, 0x71, 0xC0, 0x71, 0xC7, 0x01, 0xC7, 0x1C, 0x07, 0x1C, 0x70, 0x1C, 0x71, 0xC0, 0x71,
    0xC7, 0x01, 0xC7, 0x1C, 0x07, 0x1C, 0x70, 0x1C, 0x71, 0xC0, 0x70, 0x00, 0x01, 0xC0, 0x00, 0x07,
    0x00, 0x00, 0x1C, 0x00, 0x03, 0xF0, 0x00, 0x0F, 0xC0, 0x00, 0x3E, 0x00, 0x00, 0x00, 0xE0, 0x00,
    0x38, 0x00, 0x0E, 0x00, 0x03, 0x80, 0x00, 0xE0, 0x00, 0x38, 0x00, 0x0E, 0x0F, 0xE3, 0x87, 0xFC,
    0xE3, 0xFF, 0xB8, 0xE0, 0xEE, 0x78, 0x1B, 0x8E, 0x00, 0xE3, 0xF0, 0x38, 0x7F, 0x8E, 0x0F, 0xFB,
    0x80, 0x7E, 0xE0, 0x03, 0xF8, 0x00, 0x7E, 0x00, 0x3F, 0xFF, 0xFE, 0x7F, 0xFF, 0x8F, 0xFF, 0x80,
    0xE0, 0x00, 0x38, 0x00, 0x0E, 0x00, 0x03, 0x80, 0x00, 0xE0, 0x00, 0x38, 0x00, 0x0F, 0xFF, 0xFF,
    0xFF, 0xFF, 0xFF, 0xFF, 0xB8, 0x01, 0xEE, 0x00, 0xF3, 0x80, 0x78, 0xE0, 0x3C, 0x38, 0x0F, 0x0E,
    0x07, 0x83, 0x83, 0xC0, 0xE1, 0xE0, 0x38, 0x78, 0x0E, 0x3C, 0x03, 0x9F, 0xFF, 0xE7, 0xFF, 0xF9,
    0xFF, 0xF0, 0xE7, 0x3F, 0x39, 0xDF, 0xDC, 0xFF, 0xE7, 0xDF, 0x1E, 0xF0, 0xF7, 0x87, 0x1C, 0x38,
    0xC0, 0x00, 0x00, 0x00, 0x00, 0x0E, 0x73, 0xF3, 0x9D, 0x9C, 0xCF, 0xFE, 0x7F, 0xF3, 0xEF, 0x0F,
    0x78, 0x7B, 0xC3, 0x8E, 0x00, 0xFF, 0xFF, 0xFF, 0xE0, 0x7E, 0x07, 0xE0, 0x7E, 0x07, 0xE0, 0x7E,
    0x07, 0xC0, 0x70, 0x00, 0x00, 0x00, 0x00, 0xFF, 0xFF, 0xFF, 0xFF, 0xFE, 0x07, 0xE0, 0x7E, 0x07,
    0xE0, 0x7E, 0x07, 0xE0, 0x70, 0xF0, 0x07, 0x7C, 0x03, 0xBF, 0x01, 0xC3, 0x80, 0xE1, 0xC0, 0x70,
    0xE0, 0x38, 0x70, 0x1C, 0x38, 0x0E, 0x1C, 0x07, 0x0E, 0x03, 0x87, 0x01, 0xC3, 0xC0, 0xE1, 0xE0,
    0xF0, 0x7D, 0xF8, 0x3F, 0xFC, 0x0F, 0xEE, 0x00, 0xC7, 0x00, 0x03, 0x80, 0x01, 0xC0, 0x00, 0xE0,
    0x00, 0x70, 0x00, 0x38, 0xF0, 0x07, 0x0F, 0x80, 0x70, 0xFC, 0x07, 0x01, 0xC0, 0x70, 0x1C, 0x07,
    0x01, 0xC0, 0x70, 0x1C, 0x07, 0x01, 0xC0, 0x70, 0x1C, 0x07, 0x01, 0xC0, 0x70, 0x1C, 0x07, 0x01,
    0xE0, 0x70, 0x1E, 0x0F, 0x00, 0xFB, 0xF0, 0x0F, 0xFF, 0x00, 0x7F, 0x70, 0x00, 0xC7, 0x00, 0x00,
    0x70, 0x00, 0x07, 0x00, 0x00, 0x7E, 0x00, 0x03, 0xF0, 0x00, 0x1E, 0x00, 0x00, 0x00, 0x60, 0x38,
    0x0E, 0x03, 0xBC, 0xFF, 0xBF, 0xFF, 0x1F, 0x87, 0xE1, 0xF8, 0x7E, 0x1F, 0x87, 0x61, 0xC0, 0x7C,
    0x0F, 0x81, 0xF0, 0x38, 0x07, 0x00, 0xFF, 0x1F, 0xF3, 0xFE, 0x71, 0xCE, 0x39, 0xC7, 0x38, 0xE7,
    0x1C, 0xE3, 0x9C, 0x73, 0x8E, 0x71, 0xC0, 0x38, 0xE1, 0x8E, 0x38, 0xE3, 0x8E, 0x38, 0xE3, 0x8E,
    0x39, 0xE7, 0x9C, 0xEF, 0xFF, 0xFF, 0x8E, 0x1C, 0x38, 0x70, 0xE0, 0xC0, 0x0E, 0x1C, 0x38, 0x70,
    0xE1, 0xC3, 0x87, 0x0F, 0xFF, 0xFF, 0xF0, 0x1E, 0x0F, 0x07, 0x83, 0xC1, 0xE0, 0xF0, 0x78, 0x3C,
    0x1E, 0x7F, 0x3F, 0x9F, 0xC1, 0xE0, 0xF8, 0x7C, 0x1E, 0x07, 0x00, 0xE1, 0xFC, 0x7B, 0x8F, 0x73,
    0xCF, 0xF9, 0xFF, 0x3F, 0xF7, 0x0E, 0xE1, 0xDF, 0xFB, 0xFE, 0x7F, 0x80, 0x61, 0xC7, 0x73, 0xC7,
    0x73, 0xCF, 0x7B, 0xEE, 0x3F, 0xEE, 0x3F, 0x7E, 0x3F, 0x7C, 0x1E, 0x7C, 0x1E, 0x3C, 0x0C, 0x38,
    0x70, 0xE7, 0x0E, 0x71, 0xE3, 0x9C, 0x39, 0xC1, 0xF8, 0x1F, 0x81, 0xF0, 0x0F, 0x00, 0xE0, 0x3E,
    0x07, 0xC0, 0x78, 0x00, 0x77, 0x77, 0x77, 0x77, 0x60, 0x70, 0xEE, 0x3D, 0xC7, 0xB8, 0x77, 0x0E,
    0xE1, 0xDC, 0x33, 0x86, 0x60, 0xC0, 0x01, 0xDE, 0xE7, 0x7B, 0xDE, 0xF0, 0x73, 0x9D, 0xEE, 0x73,
    0x9C, 0xC0, 0x63, 0x9C, 0xE7, 0x3C, 0xE7, 0x38, 0x63, 0x8E, 0x73, 0xB9, 0xC8, 0x7F, 0x6F, 0xC0,
    0x1F, 0x0F, 0xF1, 0xFF, 0x78, 0xEE, 0x1E, 0x03, 0xC0, 0x78, 0x0F, 0x01, 0xE0, 0x38, 0x07, 0x07,
    0xE0, 0xF8, 0x1C, 0x03, 0x80, 0x70, 0x0E, 0x00, 0x1F, 0x07, 0xF9, 0xFF, 0x38, 0xFF, 0x0F, 0xE0,
    0x3C, 0x07, 0x80, 0xF0, 0x1E, 0x01, 0xC0, 0x3F, 0x03, 0xE0, 0x1C, 0x03, 0x80, 0x70, 0x0E, 0x00,
    0x00, 0x60, 0x7C, 0x3F, 0xBF, 0xCF, 0xE1, 0xF0, 0x3F, 0xC1, 0xFE, 0x07, 0xE0, 0x3C, 0x00, 0x80,
    0xC0, 0x1F, 0x03, 0xF8, 0x1F, 0xE0, 0xFE, 0x07, 0xC7, 0xFB, 0xFC, 0xFC, 0x1E, 0x02, 0x00, 0x00,
    0x0E, 0x01, 0xC0, 0x7C, 0x0F, 0x83, 0xF8, 0x77, 0x0E, 0xE3, 0x8E, 0x71, 0xDE, 0x3F, 0x83, 0x80,
    0xE0, 0xFE, 0x3D, 0xC7, 0x38, 0xE3, 0xB8, 0x77, 0x0F, 0xE0, 0xF8, 0x1F, 0x01, 0xC0, 0x38, 0x00,
    0x1E, 0x0F, 0xC7, 0xFB, 0xCF, 0xF3, 0xDF, 0xE3, 0xF0, 0x78, 0xFF, 0xFF, 0xF8, 0xFF, 0xFF, 0xC0,
    0x00, 0x39, 0xE7, 0x38, 0x60, 0xF1, 0xC7, 0x8E, 0x18, 0xFF, 0xFF, 0xC0, 0xFF, 0xFF, 0xC0, 0x00,
    0xF1, 0xC7, 0x8E, 0x18, 0x39, 0xE7, 0x38, 0x60, 0x7B, 0xCC, 0x60, 0x00, 0x00, 0x00, 0x00, 0x00,
    0x19, 0xCF, 0x7B, 0xCC, 0x60, 0x63, 0x8E, 0x73, 0xB9, 0xC8, 0x7F, 0x6F, 0xC0, 0x30, 0x70, 0xE7,
    0xEF, 0xDF, 0x80, 0xFD, 0xFB, 0xF1, 0xC3, 0x87, 0x00, 0x38, 0x73, 0xF7, 0xE3, 0x87, 0x00, 0x00,
    0xFE, 0xFE, 0xE3, 0xF1, 0xDF, 0xC7, 0xC0, 0x00, 0x77, 0xBC, 0xE0, 0x3E, 0x7F, 0xF7, 0xE3, 0xE7,
    0x7F, 0x3E, 0x08, 0x11, 0xE7, 0x38, 0xE3, 0xF7, 0xC4, 0x73, 0xFF, 0xFF, 0xD8, 0xC0, 0x7B, 0xDC,
    0xEF, 0x7B, 0x9C, 0xC6, 0x00, 0x00, 0x1F, 0x0F, 0xE3, 0xF8, 0x0F, 0x83, 0xE0, 0x78, 0x62, 0x77,
    0x7F, 0x3E, 0x3E, 0x7F, 0x77, 0x22, 0xE0, 0xFE, 0x3D, 0xC7, 0x38, 0xE7, 0xBC, 0x77, 0x0E, 0xE1,
    0xFC, 0x1F, 0x03, 0xE0, 0x7C, 0x07, 0x01, 0xF0, 0x3E, 0x0F, 0xE1, 0xFC, 0x3F, 0x03, 0xE0, 0x6E,
    0xEE, 0xEE, 0xEE, 0xEE, 0xEE, 0x60, 0x3E, 0x3F, 0xBF, 0xFE, 0x0F, 0xF1, 0xFF, 0x8F, 0xFF, 0x7F,
    0x1F, 0x00, 0x70, 0xEF, 0x38, 0xEF, 0x0F, 0xC1, 0xF0, 0x3E, 0x0F, 0xE1, 0xDE, 0x71, 0xEC, 0x1C,
    0x1F, 0x8F, 0xF9, 0xFF, 0x78, 0xFE, 0x0F, 0xC0, 0x3C, 0x07, 0x80, 0x7E, 0x07, 0xC0, 0x38, 0x07,
    0x00, 0x7F, 0xFF, 0x7F, 0x0F, 0x0F, 0x0F, 0x0F, 0x0F, 0x0F, 0x0F, 0x0F, 0x0F, 0x0F, 0x0F, 0x0F,
    0x0F, 0x0F, 0x0F, 0x0F, 0x0F, 0x0F, 0x0F, 0x0F, 0x0F, 0x0F, 0x7F, 0xFF, 0x7F, 0x0F, 0x0F, 0x0F,
    0x0F, 0x0F, 0x0F, 0x0F, 0x0F, 0x0F, 0x0F, 0x0F, 0x0F, 0x0F, 0x0F, 0x0F, 0x0F, 0x0F, 0x0F, 0x0F,
    0x0F, 0x0F, 0x0F, 0x0F, 0x7F, 0xFF, 0xFF, 0x0F, 0x0F, 0x0F, 0x0F, 0x0F, 0x0F, 0x0F, 0x0F, 0x0F,
    0x0F, 0x0F, 0x0F, 0x0F, 0x0F, 0x0F, 0x0F, 0x0F, 0x0F, 0x0F, 0x0F, 0x0F, 0x0F, 0x0F, 0x7F, 0xFF,
    0xFF, 0x0F, 0x0F, 0x0F, 0x0F, 0x0F, 0x0F, 0x0F, 0x0F, 0x0F, 0x0F, 0x0F, 0x0F, 0x0F, 0x0F, 0x0F,
    0x0F, 0x0F, 0x0F, 0x0F, 0x0F, 0x0F, 0x0F, 0x7F, 0xFF, 0xFF, 0xE0, 0x70, 0x38, 0x1C, 0x0E, 0x07,
    0x03, 0x81, 0xC0, 0xE0, 0x70, 0x3F, 0xDF, 0xFF, 0xF8, 0xF0, 0xF0, 0xF0, 0xF0, 0xF0, 0xFF, 0xFF,
    0xFF, 0xF0, 0xF0, 0xF0, 0xF0, 0xF0, 0x60, 0xCE, 0x38, 0xFE, 0x0F, 0x80, 0xE0, 0xFF, 0xFF, 0xFC,
    0x00, 0x7F, 0xFF, 0xFE, 0xFF, 0x80, 0x73, 0x9C, 0xE7, 0x3B, 0xCE, 0xE7, 0xB9, 0xCE, 0x73, 0x9C,
    0xC6, 0x00, 0xE7, 0x67, 0x76, 0x3E, 0x3C, 0x3C, 0x18, 0x18, 0x3C, 0x3C, 0x3E, 0x76, 0x67, 0xE3,
    0x07, 0x1F, 0xFC, 0xF0, 0x7E, 0x1F, 0x03, 0xE0, 0xFC, 0x3F, 0x0F, 0x7F, 0xF8, 0xC0, 0x3C, 0x7E,
    0xE7, 0xE7, 0xF7, 0x7E, 0x3C, 0xF1, 0xC7, 0x8E, 0x18, 0x73, 0xC7, 0x38, 0xF7, 0x0E, 0x70, 0xC6,
    0x3D, 0xE7, 0x39, 0xCE, 0x3B, 0x86, 0x30, 0x38, 0xEF, 0xFF, 0xFF, 0xF3, 0xEC, 0x00, 0x6F, 0xFF,
    0x00, 0x00, 0x00, 0x00, 0x6F, 0xFF, 0x00, 0x7E, 0xFD, 0xF3, 0x87, 0x0C, 0x00, 0x7E, 0xFD, 0xF8,
    0x70, 0xE1, 0xC0, 0x60, 0xE1, 0xC3, 0xF7, 0xEF, 0xC0, 0x0E, 0x1C, 0x3B, 0xF7, 0xEF, 0xC0, 0xE0,
    0xFC, 0x1F, 0x83, 0xFF, 0xFF, 0xFF, 0xFF, 0xC0, 0xE0, 0x1C, 0x03, 0x80, 0x70, 0x0F, 0xFF, 0xFF,
    0xC0, 0x07, 0x00, 0xE0, 0x1C, 0x03, 0x80, 0x7F, 0xF7, 0xFF, 0x3C, 0x01, 0xE0, 0x0F, 0x00, 0x70,
    0x71, 0xE3, 0x87, 0x0C, 0x3B, 0x9D, 0xCC, 0x00, 0x1E, 0x0F, 0xC7, 0xFB, 0xCF, 0x73, 0xFF, 0xFF,
    0xD8, 0xC0, 0xFF, 0xFF, 0xC0, 0x00, 0xE3, 0xF1, 0xDF, 0xC7, 0xC0, 0x00, 0x77, 0xBC, 0xE0, 0x71,
    0xDE, 0x79, 0xC7, 0x38, 0xE0, 0xFF, 0xCE, 0x73, 0x00, 0x3E, 0x7F, 0xF7, 0xE3, 0xE7, 0x7F, 0x3E,
    0x08, 0xF3, 0xDF, 0xE3, 0xF0, 0x78, 0x73, 0xC7, 0x38, 0xF7, 0x0E, 0x70, 0xC6, 0x39, 0xCE, 0x73,
    0xBD, 0xEE, 0x60, 0x39, 0xCE, 0x73, 0xBD, 0xEE, 0x60, 0x03, 0xDE, 0xE7, 0x71, 0x80, 0x77, 0xBC,
    0xE0, 0x39, 0xCE, 0xE7, 0x30, 0x61, 0x8F, 0xBE, 0x1B, 0xEF, 0x80, 0x11, 0xE7, 0x38, 0xE3, 0xF7,
    0xC4, 0xF3, 0xDF, 0xE3, 0xF0, 0x78, 0x00, 0x30, 0x03, 0x80, 0x1C, 0x01, 0xC0, 0x0E, 0x00, 0xE0,
    0x07, 0x00, 0x70, 0x03, 0x80, 0x38, 0x01, 0xC0, 0x1C, 0x00, 0xE0, 0x06, 0x00, 0x70, 0x03, 0x00,
    0x38, 0x01, 0x80, 0x1C, 0x00, 0xC0, 0x00, 0x00, 0x00, 0x00, 0x01, 0xC0, 0x01, 0xC0, 0x00, 0xC0,
    0x00, 0xE0, 0x00, 0x60, 0x00, 0x70, 0x00, 0x70, 0x00, 0x30, 0x00, 0x38, 0x00, 0x18, 0x00, 0x1C,
    0x00, 0x1C, 0x00, 0x0C, 0x00, 0x0E, 0x00, 0x0E, 0x00, 0x06, 0x00, 0x07, 0x00, 0x03, 0x00, 0x03,
    0x80, 0x03, 0x80, 0x01, 0x80, 0x01, 0xC0, 0x01, 0xC0, 0x00, 0x39, 0x9F, 0xE7, 0xF9, 0x9C, 0x33,
    0x9C, 0xE6, 0x70, 0x00, 0xFF, 0xFF, 0xFF, 0x83, 0xF0, 0x7E, 0x0F, 0xC1, 0xC0, 0x7F, 0xDF, 0xF7,
    0xF9, 0xFE, 0x7F, 0xDF, 0xF0, 0xCD, 0xDF, 0xBF, 0x7E, 0xFD, 0xFB, 0x80, 0x7E, 0xFD, 0xF8, 0x70,
    0xE1, 0xC1, 0x80, 0x02, 0x07, 0xFD, 0xFF, 0xFF, 0xEE, 0xF8, 0xB8, 0x00, 0x00, 0x06, 0x00, 0xF0,
    0x0F, 0x00, 0xE6, 0x3E, 0xE7, 0xFE, 0x7F, 0xC6, 0x78, 0x0F, 0x00, 0xF0, 0x0E, 0x00, 0x3C, 0x6F,
    0xFF, 0xFF, 0x3E, 0x37, 0xFF, 0xEF, 0x98, 0x00, 0x1C, 0xC1, 0xC7, 0x1C, 0x1C, 0xFF, 0xF7, 0xFF,
    0x1C, 0x70, 0x73, 0x00, 0x10, 0x73, 0xFF, 0xFB, 0xA7, 0x0E, 0x00, 0xE0, 0x0F, 0x80, 0xFF, 0x03,
    0xFC, 0x07, 0xF0, 0x3F, 0x0F, 0xE7, 0xF8, 0xFE, 0x0F, 0x00, 0x40, 0x00, 0x37, 0x66, 0x77, 0x00,
    0x00, 0x3F, 0x9F, 0xFC, 0x7E, 0x38, 0xE0, 0x78, 0x38, 0x08, 0x00, 0x01, 0xDF, 0xFB, 0xE7, 0xDF,
    0xFB, 0xA2, 0x07, 0x3F, 0xFC, 0xF0, 0xFE, 0x1F, 0x03, 0xE0, 0xFC, 0x3F, 0x0F, 0x3F, 0xF8, 0xC0,
    0x60, 0x18, 0x7C, 0x3C, 0x3F, 0x3C, 0x07, 0xFE, 0x3F, 0x66, 0x78, 0x66, 0x60, 0xE7, 0x63, 0x8E,
    0x73, 0xB9, 0xC8, 0x77, 0xBC, 0xE0, 0x18, 0x23, 0xFB, 0xE3, 0x8D, 0x82, 0x00, 0x00, 0x07, 0xFE,
    0xFF, 0xEC, 0x67, 0xCE, 0x7F, 0xFE, 0x7B, 0xC0, 0x71, 0x86, 0x3F, 0xF8, 0x63, 0x84, 0x60, 0x00,
    0x1B, 0xC0, 0x03, 0xCF, 0xC0, 0xFC, 0x3F, 0xFF, 0xC0, 0x7F, 0xF0, 0x00, 0x18, 0x00, 0x60, 0x00,
    0x1B, 0xC0, 0x03, 0xCF, 0xC0, 0xFC, 0x3F, 0xFF, 0xC0, 0x7F, 0xF0, 0x00, 0x18, 0x00, 0xFF, 0xFF,
    0xBF, 0xFF, 0xEF, 0xFF, 0xF8, 0xFF, 0xFF, 0xBF, 0xFF, 0xEF, 0xFF, 0xF8, 0x1F, 0xE0, 0x00, 0x77,
    0xFF, 0xFF, 0x8F, 0x7F, 0xFF, 0xFF, 0xEE, 0x00, 0xFF, 0xFC, 0x40, 0x00, 0x00, 0x00, 0x00, 0x30,
    0x00, 0x3F, 0xFC, 0x07, 0xFF, 0xF8, 0x7C, 0x07, 0xE7, 0x80, 0x07, 0xB0, 0x00, 0x0C, 0x00, 0x01,
    0xC0, 0x00, 0x03, 0xC0, 0x00, 0x07, 0xBF, 0xFF, 0xFF, 0xFF, 0xFF, 0xFC, 0x00, 0x03, 0xC0, 0x00,
    0x1E, 0x00, 0x00, 0x7E, 0x7E, 0x67, 0x7F, 0xFF, 0xE7, 0xFF, 0x7F, 0x00, 0x00, 0x7C, 0x7E, 0xE7,
    0xFF, 0xFF, 0xE2, 0x7E, 0x7E, 0x00, 0x6C, 0x36, 0xDB, 0x6D, 0x80, 0x00, 0x7E, 0xFE, 0xE7, 0xC7,
    0xC7, 0xE7, 0xFE, 0x7E, 0x00, 0xE7, 0xE7, 0xE7, 0xE7, 0xE7, 0xE7, 0xFF, 0x7F, 0x00, 0x00, 0x7E,
    0xFE, 0xE7, 0xE0, 0xE0, 0xE6, 0xFE, 0x7E, 0x00, 0x07, 0x07, 0x07, 0x07, 0x7F, 0xFF, 0xE7, 0xC7,
    0xC7, 0xE7, 0xFF, 0x7F, 0x00, 0xE0, 0xE0, 0xE0, 0xE0, 0xFE, 0xFE, 0xE6, 0xE7, 0xE7, 0xE7, 0xE7,
    0xE7, 0x00, 0x0F, 0xFE, 0xFF, 0xFC, 0xE7, 0xC6, 0x7C, 0x67, 0xC6, 0x7C, 0x67, 0xC6, 0x70, 0x01,
    0xF7, 0xD8, 0x61, 0x86, 0x18, 0x60, 0x30, 0xCF, 0xFF, 0x30, 0xC3, 0x0C, 0x3C, 0xF0, 0xE7, 0xE6,
    0x6E, 0x7E, 0x7C, 0x3C, 0x3C, 0x18, 0x77, 0x3F, 0x8F, 0x83, 0x81, 0xE1, 0xF1, 0xDC, 0xEE, 0x1E,
    0x00, 0x38, 0x00, 0x70, 0x01, 0xC0, 0x03, 0x00, 0x00, 0x07, 0xFF, 0xFF, 0xFF, 0xFF, 0xFF, 0xFF,
    0xEF, 0x00, 0x3C, 0x00, 0xF0, 0x03, 0xC0, 0x0F, 0x00, 0x3C, 0x00, 0xFF, 0xFB, 0xFF, 0xEF, 0xFF,
    0xBC, 0x00, 0xF0, 0x03, 0xC0, 0x0F, 0x00, 0x3C, 0x00, 0xF0, 0x03, 0xFF, 0xFF, 0xFF, 0xFF, 0xFF,
    0x1C, 0x70, 0xF3, 0xC3, 0xCF, 0x06, 0x18, 0x00, 0x00, 0x00, 0x07, 0xFF, 0xFF, 0xFF, 0xFF, 0xFF,
    0xFF, 0xEF, 0x00, 0x3C, 0x00, 0xF0, 0x03, 0xC0, 0x0F, 0x00, 0x3C, 0x00, 0xFF, 0xFB, 0xFF, 0xEF,
    0xFF, 0xBC, 0x00, 0xF0, 0x03, 0xC0, 0x0F, 0x00, 0x3C, 0x00, 0xF0, 0x03, 0xFF, 0xFF, 0xFF, 0xFF,
    0xFF, 0xFF, 0xFF, 0x03, 0xFF, 0xFE, 0x0F, 0xFF, 0xF8, 0x1F, 0xFF, 0xC0, 0x01, 0xC0, 0x00, 0x07,
    0x00, 0x00, 0x1C, 0x00, 0x00, 0x70, 0x00, 0x01, 0xC0, 0x00, 0x07, 0x7F, 0x80, 0x1F, 0xFF, 0x00,
    0x7F, 0xFE, 0x01, 0xF0, 0x78, 0x07, 0x80, 0xF0, 0x1C, 0x01, 0xC0, 0x70, 0x07, 0x01, 0xC0, 0x1C,
    0x07, 0x00, 0x70, 0x1C, 0x03, 0xC0, 0x70, 0x1F, 0x01, 0xC7, 0xF8, 0x07, 0x1F, 0xC0, 0x00, 0x7E,
    0x00, 0x01, 0xC0, 0x01, 0xE0, 0x07, 0x00, 0x38, 0x00, 0xE0, 0x03, 0x00, 0x00, 0x07, 0xFF, 0xBF,
    0xFF, 0xFF, 0xFF, 0xFF, 0xEF, 0x00, 0x3C, 0x00, 0xF0, 0x03, 0xC0, 0x0F, 0x00, 0x3C, 0x00, 0xF0,
    0x03, 0xC0, 0x0F, 0x00, 0x3C, 0x00, 0xF0, 0x03, 0xC0, 0x0F, 0x00, 0x3C, 0x00, 0xF0, 0x03, 0xC0,
    0x0F, 0x00, 0x3C, 0x00, 0x01, 0xF8, 0x00, 0xFF, 0xC0, 0x3F, 0xFE, 0x0F, 0xC7, 0xC3, 0xC0, 0x3C,
    0x70, 0x03, 0xDE, 0x00, 0x7B, 0x80, 0x07, 0x70, 0x00, 0x1E, 0x00, 0x03, 0xFF, 0xE0, 0x7F, 0xFC,
    0x0F, 0xFF, 0x01, 0xE0, 0x00, 0x1C, 0x00, 0x03, 0x80, 0x07, 0x78, 0x01, 0xE7, 0x80, 0x38, 0xF8,
    0x1F, 0x0F, 0xFF, 0xC0, 0xFF, 0xF0, 0x0F, 0xFC, 0x00, 0x3C, 0x00, 0x03, 0xE0, 0x1F, 0xF8, 0x3F,
    0xFC, 0x3C, 0x3E, 0x78, 0x0F, 0x70, 0x0F, 0x70, 0x07, 0x70, 0x00, 0x7C, 0x00, 0x3F, 0x00, 0x1F,
    0xF0, 0x0F, 0xFC, 0x01, 0xFE, 0x00, 0x3F, 0x00, 0x0F, 0x00, 0x07, 0xF0, 0x07, 0xF0, 0x07, 0x78,
    0x0F, 0x7E, 0x7E, 0x3F, 0xFE, 0x1F, 0xF8, 0x03, 0xE0, 0x6F, 0xFF, 0xFF, 0xFF, 0xFF, 0xFF, 0xFF,
    0xFF, 0xFF, 0xFF, 0xFF, 0xE3, 0xBC, 0xFF, 0x3D, 0x86, 0x00, 0x00, 0x00, 0xC0, 0x78, 0x1E, 0x07,
    0x81, 0xE0, 0x78, 0x1E, 0x07, 0x81, 0xE0, 0x78, 0x1E, 0x07, 0x81, 0xE0, 0x78, 0x1E, 0x07, 0x81,
    0xE0, 0x78, 0x1E, 0x07, 0x81, 0xE0, 0x78, 0x00, 0x38, 0x01, 0xC0, 0x0E, 0x00, 0x70, 0x03, 0x80,
    0x1C, 0x00, 0xE0, 0x07, 0x00, 0x38, 0x01, 0xC0, 0x0E, 0x00, 0x70, 0x03, 0x80, 0x1F, 0x80, 0xFC,
    0x07, 0xE0, 0x3F, 0x81, 0xFC, 0x1E, 0xFB, 0xF7, 0xFF, 0x0F, 0xF0, 0x1C, 0x00, 0x07, 0xFF, 0xC0,
    0x00, 0x1F, 0xFF, 0x00, 0x00, 0xFF, 0xFC, 0x00, 0x03, 0xC0, 0x70, 0x00, 0x0F, 0x01, 0xC0, 0x00,
    0x3C, 0x07, 0x00, 0x00, 0xE0, 0x1C, 0x00, 0x03, 0x80, 0x70, 0x00, 0x0E, 0x01, 0xC0, 0x00, 0x38,
    0x07, 0xFF, 0x00, 0xE0, 0x1F, 0xFF, 0x03, 0x80, 0x7F, 0xFE, 0x0E, 0x01, 0xC0, 0x7C, 0x38, 0x07,
    0x00, 0xF0, 0xE0, 0x1C, 0x01, 0xC7, 0x80, 0x70, 0x07, 0x1E, 0x01, 0xC0, 0x1C, 0x70, 0x07, 0x00,
    0xF1, 0xC0, 0x1C, 0x07, 0xFF, 0x00, 0x7F, 0xFE, 0xF8, 0x01, 0xFF, 0xF3, 0xC0, 0x07, 0xFF, 0x80,
    0x60, 0x03, 0x80, 0x03, 0x80, 0x0E, 0x00, 0x0E, 0x00, 0x38, 0x00, 0x38, 0x00, 0xE0, 0x00, 0xE0,
    0x03, 0x80, 0x03, 0x80, 0x0E, 0x00, 0x0E, 0x00, 0x38, 0x00, 0x38, 0x00, 0xE0, 0x00, 0xE0, 0x03,
    0x80, 0x03, 0xFF, 0xFF, 0xFF, 0x0F, 0xFF, 0xFF, 0xFE, 0x3F, 0xFF, 0xFF, 0xFC, 0xE0, 0x03, 0x80,
    0x7B, 0x80, 0x0E, 0x00, 0xEE, 0x00, 0x38, 0x03, 0xF8, 0x00, 0xE0, 0x0F, 0xE0, 0x03, 0x80, 0x3F,
    0x80, 0x0E, 0x00, 0xEE, 0x00, 0x38, 0x07, 0xB8, 0x00, 0xFF, 0xFC, 0xE0, 0x03, 0xFF, 0xF3, 0x80,
    0x0F, 0xFF, 0x00, 0xFF, 0xFF, 0x81, 0xFF, 0xFF, 0x83, 0xFF, 0xFF, 0x03, 0xFF, 0xFC, 0x00, 0x1C,
    0x00, 0x00, 0x38, 0x00, 0x00, 0x70, 0x00, 0x00, 0xE0, 0x00, 0x01, 0xC0, 0x00, 0x03, 0xBF, 0xC0,
    0x07, 0xFF, 0xE0, 0x0F, 0xFF, 0xE0, 0x1F, 0x03, 0xC0, 0x38, 0x03, 0xC0, 0x70, 0x07, 0x80, 0xE0,
    0x0F, 0x01, 0xC0, 0x1E, 0x03, 0x80, 0x3C, 0x07, 0x00, 0x78, 0x0E, 0x00, 0xF0, 0x1C, 0x01, 0xE0,
    0x38, 0x03, 0xC0, 0x00, 0xE0, 0x00, 0xF0, 0x00, 0x70, 0x00, 0x70, 0x00, 0x18, 0x00, 0x00, 0x01,
    0x80, 0x1D, 0xE0, 0x1E, 0xF0, 0x1E, 0x78, 0x0F, 0x3C, 0x0F, 0x1E, 0x0F, 0x0F, 0x0F, 0x07, 0x87,
    0x83, 0xC7, 0x81, 0xE7, 0x80, 0xFF, 0x80, 0x7F, 0xC0, 0x3F, 0xF0, 0x1E, 0x3C, 0x0F, 0x1E, 0x07,
    0x87, 0x83, 0xC1, 0xE1, 0xE0, 0x78, 0xF0, 0x3C, 0x78, 0x0F, 0x3C, 0x03, 0xDE, 0x00, 0xF0, 0x07,
    0x80, 0x00, 0xE0, 0x00, 0x3C, 0x00, 0x07, 0x00, 0x00, 0xC0, 0x00, 0x00, 0x06, 0x00, 0x3B, 0xC0,
    0x1F, 0xF0, 0x07, 0xFC, 0x03, 0xFF, 0x01, 0xFF, 0xC0, 0x7F, 0xF0, 0x3F, 0xFC, 0x1E, 0xFF, 0x07,
    0xBF, 0xC3, 0xCF, 0xF0, 0xE3, 0xFC, 0x78, 0xFF, 0x3C, 0x3F, 0xCE, 0x0F, 0xF7, 0x83, 0xFB, 0xC0,
    0xFE, 0xF0, 0x3F, 0xF8, 0x0F, 0xFC, 0x03, 0xFF, 0x00, 0xFF, 0x80, 0x3F, 0xC0, 0x0F, 0x06, 0x18,
    0x01, 0xCE, 0x00, 0x7F, 0x80, 0x0F, 0xC0, 0x00, 0x00, 0x00, 0x00, 0x07, 0x00, 0x19, 0xC0, 0x0F,
    0x78, 0x03, 0x9E, 0x01, 0xE3, 0xC0, 0x70, 0xF0, 0x3C, 0x1C, 0x0E, 0x07, 0x87, 0x80, 0xE1, 0xE0,
    0x3C, 0x70, 0x07, 0x3C, 0x01, 0xEE, 0x00, 0x3B, 0x80, 0x0F, 0xE0, 0x03, 0xF0, 0x00, 0x7C, 0x00,
    0x1E, 0x00, 0x03, 0x80, 0x01, 0xE0, 0x07, 0xF0, 0x01, 0xF8, 0x00, 0x7C, 0x00, 0x60, 0x03, 0x78,
    0x03, 0xFC, 0x01, 0xFE, 0x00, 0xFF, 0x00, 0x7F, 0x80, 0x3F, 0xC0, 0x1F, 0xE0, 0x0F, 0xF0, 0x07,
    0xF8, 0x03, 0xFC, 0x01, 0xFE, 0x00, 0xFF, 0x00, 0x7F, 0x80, 0x3F, 0xC0, 0x1F, 0xE0, 0x0F, 0xF0,
    0x07, 0xF8, 0x03, 0xFC, 0x01, 0xFF, 0xFF, 0xFF, 0xFF, 0xFF, 0xFF, 0xFC, 0x07, 0x00, 0x03, 0x80,
    0x01, 0xC0, 0x00, 0xE0, 0x00, 0x70, 0x00, 0x00, 0xE0, 0x00, 0x0F, 0x00, 0x01, 0xF0, 0x00, 0x1F,
    0x80, 0x01, 0xF8, 0x00, 0x3F, 0xC0, 0x03, 0x9C, 0x00, 0x39, 0xC0, 0x07, 0x9E, 0x00, 0x70, 0xE0,
    0x0F, 0x0E, 0x00, 0xF0, 0xF0, 0x0E, 0x07, 0x01, 0xFF, 0xF8, 0x1F, 0xFF, 0x81, 0xFF, 0xF8, 0x3C,
    0x03, 0xC3, 0x80, 0x3C, 0x38, 0x01, 0xC7, 0x80, 0x1E, 0x70, 0x00, 0xEF, 0x00, 0x0E, 0x7F, 0xF8,
    0xFF, 0xFC, 0xFF, 0xFC, 0xFF, 0xF8, 0xF0, 0x00, 0xF0, 0x00, 0xF0, 0x00, 0xF0, 0x00, 0xF0, 0x00,
    0xFF, 0xC0, 0xFF, 0xF8, 0xFF, 0xFC, 0xF0, 0x7E, 0xF0, 0x1E, 0xF0, 0x0E, 0xF0, 0x0E, 0xF0, 0x0E,
    0xF0, 0x0E, 0xF0, 0x1E, 0xFF, 0xFC, 0xFF, 0xF8, 0xFF, 0xF0, 0x7F, 0x80, 0xFF, 0xF0, 0xFF, 0xFC,
    0xFF, 0xFC, 0xF0, 0x1E, 0xF0, 0x1E, 0xF0, 0x0E, 0xF0, 0x0E, 0xF0, 0x1E, 0xF0, 0x7C, 0xFF, 0xF8,
    0xFF, 0xF8, 0xFF, 0xFE, 0xF0, 0x1E, 0xF0, 0x0F, 0xF0, 0x0F, 0xF0, 0x0F, 0xF0, 0x0F, 0xF0, 0x1E,
    0xFF, 0xFE, 0xFF, 0xFC, 0xFF, 0xF8, 0x7F, 0xFB, 0xFF, 0xFF, 0xFF, 0xFF, 0xFE, 0xF0, 0x03, 0xC0,
    0x0F, 0x00, 0x3C, 0x00, 0xF0, 0x03, 0xC0, 0x0F, 0x00, 0x3C, 0x00, 0xF0, 0x03, 0xC0, 0x0F, 0x00,
    0x3C, 0x00, 0xF0, 0x03, 0xC0, 0x0F, 0x00, 0x3C, 0x00, 0xF0, 0x03, 0xC0, 0x00, 0x03, 0xFF, 0xE0,
    0x1F, 0xFF, 0x80, 0x7F, 0xFE, 0x01, 0xFF, 0xF8, 0x07, 0x00, 0xE0, 0x1C, 0x03, 0x80, 0x70, 0x0E,
    0x01, 0xC0, 0x38, 0x07, 0x00, 0xE0, 0x1C, 0x03, 0x80, 0x70, 0x0E, 0x03, 0xC0, 0x38, 0x0F, 0x00,
    0xE0, 0x3C, 0x03, 0x80, 0xE0, 0x0E, 0x03, 0x80, 0x38, 0x1E, 0x00, 0xE0, 0x78, 0x03, 0x83, 0xC0,
    0x0E, 0x3F, 0xFF, 0xFE, 0xFF, 0xFF, 0xFF, 0xFF, 0xFF, 0xFE, 0x00, 0x03, 0xF8, 0x00, 0x0F, 0xE0,
    0x00, 0x3F, 0x80, 0x00, 0xFE, 0x00, 0x03, 0xC0, 0x7F, 0xFF, 0xFF, 0xFF, 0xFF, 0xFF, 0xFE, 0xF0,
    0x03, 0xC0, 0x0F, 0x00, 0x3C, 0x00, 0xF0, 0x03, 0xC0, 0x0F, 0xFF, 0xBF, 0xFE, 0xFF, 0xFB, 0xC0,
    0x0F, 0x00, 0x3C, 0x00, 0xF0, 0x03, 0xC0, 0x0F, 0x00, 0x3F, 0xFF, 0xFF, 0xFF, 0xFF, 0xF0, 0x78,
    0x06, 0x01, 0xC7, 0x80, 0xF0, 0x3C, 0x3C, 0x0F, 0x03, 0xC1, 0xC0, 0xF0, 0x78, 0x1E, 0x0F, 0x07,
    0x80, 0xF0, 0xF0, 0xF0, 0x0F, 0x0F, 0x0E, 0x00, 0x78, 0xF1, 0xE0, 0x03, 0x8F, 0x3C, 0x00, 0x3C,
    0xF3, 0xC0, 0x01, 0xFF, 0xF8, 0x00, 0x1F, 0xFF, 0x80, 0x03, 0xFF, 0xFC, 0x00, 0x38, 0xF3, 0xC0,
    0x07, 0x8F, 0x1E, 0x00, 0xF0, 0xF0, 0xE0, 0x0F, 0x0F, 0x0F, 0x01, 0xE0, 0xF0, 0x78, 0x3C, 0x0F,
    0x07, 0x83, 0xC0, 0xF0, 0x3C, 0x78, 0x0F, 0x01, 0xC7, 0x00, 0xF0, 0x1E, 0x07, 0xE0, 0x1F, 0xF0,
    0x3F, 0xFC, 0x3C, 0x3C, 0x78, 0x1E, 0x70, 0x1E, 0x70, 0x1E, 0x00, 0x1E, 0x00, 0x1C, 0x00, 0x7C,
    0x03, 0xF8, 0x03, 0xF8, 0x03, 0xFC, 0x00, 0x1E, 0x00, 0x0E, 0x00, 0x0F, 0xF0, 0x0F, 0xF0, 0x0E,
    0x78, 0x1E, 0x7E, 0x7E, 0x3F, 0xFC, 0x1F, 0xF0, 0x03, 0xC0, 0x60, 0x03, 0xBC, 0x01, 0xFF, 0x00,
    0x7F, 0xC0, 0x3F, 0xF0, 0x1F, 0xFC, 0x07, 0xFF, 0x03, 0xFF, 0xC1, 0xEF, 0xF0, 0x7B, 0xFC, 0x3C,
    0xFF, 0x0E, 0x3F, 0xC7, 0x8F, 0xF3, 0xC3, 0xFC, 0xE0, 0xFF, 0x78, 0x3F, 0xBC, 0x0F, 0xEF, 0x03,
    0xFF, 0x80, 0xFF, 0xC0, 0x3F, 0xF0, 0x0F, 0xF8, 0x03, 0xFC, 0x00, 0xF0, 0x0E, 0x18, 0x01, 0xCE,
    0x00, 0x7F, 0x80, 0x0F, 0xC0, 0x00, 0x00, 0x00, 0x00, 0x06, 0x00, 0x3B, 0xC0, 0x1F, 0xF0, 0x07,
    0xFC, 0x03, 0xFF, 0x01, 0xFF, 0xC0, 0x7F, 0xF0, 0x3F, 0xFC, 0x1E, 0xFF, 0x07, 0xBF, 0xC3, 0xCF,
    0xF0, 0xE3, 0xFC, 0x78, 0xFF, 0x3C, 0x3F, 0xCE, 0x0F, 0xF7, 0x83, 0xFB, 0xC0, 0xFE, 0xF0, 0x3F,
    0xF8, 0x0F, 0xFC, 0x03, 0xFF, 0x00, 0xFF, 0x80, 0x3F, 0xC0, 0x0F, 0x60, 0x07, 0x78, 0x07, 0xBC,
    0x07, 0x9E, 0x03, 0xCF, 0x03, 0xC7, 0x83, 0xC3, 0xC3, 0xC1, 0xE1, 0xE0, 0xF1, 0xE0, 0x79, 0xE0,
    0x3F, 0xE0, 0x1F, 0xF0, 0x0F, 0xFC, 0x07, 0x8F, 0x03, 0xC7, 0x81, 0xE1, 0xE0, 0xF0, 0x78, 0x78,
    0x1E, 0x3C, 0x0F, 0x1E, 0x03, 0xCF, 0x00, 0xF7, 0x80, 0x3C, 0x07, 0xFF, 0xC0, 0xFF, 0xF8, 0x3F,
    0xFF, 0x07, 0xFF, 0xE0, 0xF0, 0x1C, 0x1E, 0x03, 0x83, 0xC0, 0x70, 0x70, 0x0E, 0x0E, 0x01, 0xC1,
    0xC0, 0x38, 0x38, 0x07, 0x07, 0x00, 0xE0, 0xE0, 0x1C, 0x1C, 0x03, 0x87, 0x80, 0x70, 0xF0, 0x0E,
    0x1E, 0x01, 0xC3, 0x80, 0x38, 0x70, 0x07, 0x7E, 0x00, 0xEF, 0x80, 0x1D, 0xE0, 0x03, 0x80, 0x70,
    0x00, 0x3F, 0xE0, 0x01, 0xFF, 0x80, 0x07, 0xFF, 0x00, 0x3F, 0xFC, 0x00, 0xFF, 0xF0, 0x03, 0xFF,
    0xE0, 0x1F, 0xFB, 0x80, 0x77, 0xEF, 0x03, 0xDF, 0x9C, 0x0E, 0x7E, 0x70, 0x39, 0xF9, 0xE1, 0xE7,
    0xE3, 0x87, 0x1F, 0x8F, 0x1C, 0x7E, 0x3C, 0xF1, 0xF8, 0x73, 0x87, 0xE1, 0xFE, 0x1F, 0x83, 0xF0,
    0x7E, 0x0F, 0xC1, 0xF8, 0x3F, 0x07, 0xE0, 0x78, 0x1F, 0x81, 0xE0, 0x70, 0x60, 0x03, 0xF8, 0x01,
    0xFC, 0x00, 0xFE, 0x00, 0x7F, 0x00, 0x3F, 0x80, 0x1F, 0xC0, 0x0F, 0xE0, 0x07, 0xF0, 0x03, 0xF8,
    0x01, 0xFF, 0xFF, 0xFF, 0xFF, 0xFF, 0xFF, 0xFF, 0x80, 0x1F, 0xC0, 0x0F, 0xE0, 0x07, 0xF0, 0x03,
    0xF8, 0x01, 0xFC, 0x00, 0xFE, 0x00, 0x7F, 0x00, 0x3F, 0x80, 0x1C, 0x01, 0xF8, 0x00, 0x7F, 0xE0,
    0x0F, 0xFF, 0x01, 0xF8, 0xF8, 0x3C, 0x03, 0xC3, 0x80, 0x1E, 0x78, 0x01, 0xE7, 0x00, 0x0E, 0x70,
    0x00, 0xFF, 0x00, 0x0F, 0xF0, 0x00, 0x7F, 0x00, 0x07, 0xF0, 0x00, 0x7F, 0x00, 0x0F, 0x70, 0x00,
    0xF7, 0x00, 0x0E, 0x78, 0x01, 0xE3, 0xC0, 0x1E, 0x3E, 0x07, 0xC1, 0xFF, 0xF8, 0x0F, 0xFF, 0x00,
    0x7F, 0xE0, 0x00, 0xF0, 0x00, 0x7F, 0xFF, 0xFF, 0xFF, 0xFF, 0xFF, 0xFF, 0xFF, 0xFF, 0x00, 0x3F,
    0x80, 0x1F, 0xC0, 0x0F, 0xE0, 0x07, 0xF0, 0x03, 0xF8, 0x01, 0xFC, 0x00, 0xFE, 0x00, 0x7F, 0x00,
    0x3F, 0x80, 0x1F, 0xC0, 0x0F, 0xE0, 0x07, 0xF0, 0x03, 0xF8, 0x01, 0xFC, 0x00, 0xFE, 0x00, 0x7F,
    0x00, 0x3F, 0x80, 0x1C, 0x7F, 0x80, 0xFF, 0xF0, 0xFF, 0xFC, 0xFF, 0xFC, 0xF0, 0x1E, 0xF0, 0x0E,
    0xF0, 0x0E, 0xF0, 0x0E, 0xF0, 0x0E, 0xF0, 0x0E, 0xF0, 0x1E, 0xFF, 0xFC, 0xFF, 0xF8, 0xFF, 0xF0,
    0xFF, 0x80, 0xF0, 0x00, 0xF0, 0x00, 0xF0, 0x00, 0xF0, 0x00, 0xF0, 0x00, 0xF0, 0x00, 0xF0, 0x00,
    0x01, 0xF8, 0x00, 0xFF, 0xC0, 0x3F, 0xFE, 0x0F, 0xC7, 0xC3, 0xC0, 0x3C, 0x70, 0x03, 0xDE, 0x00,
    0x7B, 0x80, 0x07, 0x70, 0x00, 0x1E, 0x00, 0x03, 0xC0, 0x00, 0x78, 0x00, 0x0F, 0x00, 0x01, 0xE0,
    0x00, 0x1C, 0x00, 0x03, 0x80, 0x07, 0x78, 0x01, 0xE7, 0x80, 0x38, 0xF8, 0x1F, 0x0F, 0xFF, 0xC0,
    0xFF, 0xF0, 0x0F, 0xFC, 0x00, 0x3C, 0x00, 0xFF, 0xFF, 0x7F, 0xFF, 0xFF, 0xFF, 0xEF, 0xFF, 0xE0,
    0x1C, 0x00, 0x0E, 0x00, 0x07, 0x00, 0x03, 0x80, 0x01, 0xC0, 0x00, 0xE0, 0x00, 0x70, 0x00, 0x38,
    0x00, 0x1C, 0x00, 0x0E, 0x00, 0x07, 0x00, 0x03, 0x80, 0x01, 0xC0, 0x00, 0xE0, 0x00, 0x70, 0x00,
    0x38, 0x00, 0x1C, 0x00, 0x0E, 0x00, 0x70, 0x01, 0x9C, 0x00, 0xF7, 0x80, 0x39, 0xE0, 0x1E, 0x3C,
    0x07, 0x0F, 0x03, 0xC1, 0xC0, 0xE0, 0x78, 0x78, 0x0E, 0x1E, 0x03, 0xC7, 0x00, 0x73, 0xC0, 0x1E,
    0xE0, 0x03, 0xB8, 0x00, 0xFE, 0x00, 0x3F, 0x00, 0x07, 0xC0, 0x01, 0xE0, 0x00, 0x38, 0x00, 0x1E,
    0x00, 0x7F, 0x00, 0x1F, 0x80, 0x07, 0xC0, 0x00, 0x00, 0x38, 0x00, 0x01, 0xE0, 0x00, 0x07, 0x80,
    0x00, 0xFF, 0xC0, 0x0F, 0xFF, 0xC0, 0x7F, 0xFF, 0x83, 0xF7, 0x9F, 0x1F, 0x1E, 0x3E, 0x78, 0x78,
    0x79, 0xC1, 0xE0, 0xEF, 0x07, 0x83, 0xFC, 0x1E, 0x0F, 0xF0, 0x78, 0x3F, 0xC1, 0xE0, 0xFF, 0x07,
    0x83, 0xDC, 0x1E, 0x0E, 0x78, 0x78, 0x78, 0xF1, 0xE3, 0xC3, 0xFF, 0xBF, 0x07, 0xFF, 0xF8, 0x07,
    0xFF, 0x80, 0x07, 0xF8, 0x00, 0x07, 0x80, 0x00, 0x1E, 0x00, 0x00, 0x30, 0x00, 0x70, 0x00, 0xCF,
    0x00, 0x3C, 0xF0, 0x0F, 0x0F, 0x03, 0xC1, 0xE0, 0x70, 0x1E, 0x1E, 0x01, 0xE7, 0x80, 0x3C, 0xE0,
    0x03, 0xFC, 0x00, 0x3F, 0x00, 0x07, 0xC0, 0x00, 0x78, 0x00, 0x1F, 0x80, 0x07, 0xF8, 0x00, 0xEF,
    0x00, 0x3C, 0xF0, 0x0F, 0x0F, 0x03, 0xC1, 0xE0, 0x78, 0x1E, 0x1E, 0x01, 0xE7, 0x80, 0x3C, 0xF0,
    0x03, 0xC0, 0x60, 0x03, 0x1E, 0x00, 0xF3, 0xC0, 0x1E, 0x78, 0x03, 0xCF, 0x00, 0x79, 0xE0, 0x0F,
    0x3C, 0x01, 0xE7, 0x80, 0x3C, 0xF0, 0x07, 0x9E, 0x00, 0xF3, 0xC0, 0x1E, 0x78, 0x03, 0xCF, 0x00,
    0x79, 0xE0, 0x0F, 0x3C, 0x01, 0xE7, 0x80, 0x3C, 0xF0, 0x07, 0x9E, 0x00, 0xF3, 0xC0, 0x1E, 0x7F,
    0xFF, 0xFF, 0xFF, 0xFF, 0xFF, 0xFF, 0xC0, 0x00, 0x38, 0x00, 0x07, 0x00, 0x00, 0xE0, 0x00, 0x1C,
    0x00, 0x03, 0x80, 0xE0, 0x07, 0xE0, 0x07, 0xE0, 0x07, 0xE0, 0x07, 0xE0, 0x07, 0xE0, 0x07, 0xE0,
    0x07, 0xE0, 0x07, 0xE0, 0x07, 0xF0, 0x07, 0xF8, 0x1F, 0x7F, 0xFF, 0x3F, 0xFF, 0x1F, 0xF7, 0x00,
    0x07, 0x00, 0x07, 0x00, 0x07, 0x00, 0x07, 0x00, 0x07, 0x00, 0x07, 0x00, 0x07, 0x00, 0x07, 0x60,
    0x18, 0x06, 0xF0, 0x3C, 0x0F, 0xF0, 0x3C, 0x0F, 0xF0, 0x3C, 0x0F, 0xF0, 0x3C, 0x0F, 0xF0, 0x3C,
    0x0F, 0xF0, 0x3C, 0x0F, 0xF0, 0x3C, 0x0F, 0xF0, 0x3C, 0x0F, 0xF0, 0x3C, 0x0F, 0xF0, 0x3C, 0x0F,
    0xF0, 0x3C, 0x0F, 0xF0, 0x3C, 0x0F, 0xF0, 0x3C, 0x0F, 0xF0, 0x3C, 0x0F, 0xF0, 0x3C, 0x0F, 0xF0,
    0x3C, 0x0F, 0xF0, 0x3C, 0x0F, 0xF0, 0x3C, 0x0F, 0xFF, 0xFF, 0xFF, 0xFF, 0xFF, 0xFF, 0xFF, 0xFF,
    0xFF, 0x60, 0x18, 0x06, 0x3C, 0x0F, 0x03, 0xCF, 0x03, 0xC0, 0xF3, 0xC0, 0xF0, 0x3C, 0xF0, 0x3C,
    0x0F, 0x3C, 0x0F, 0x03, 0xCF, 0x03, 0xC0, 0xF3, 0xC0, 0xF0, 0x3C, 0xF0, 0x3C, 0x0F, 0x3C, 0x0F,
    0x03, 0xCF, 0x03, 0xC0, 0xF3, 0xC0, 0xF0, 0x3C, 0xF0, 0x3C, 0x0F, 0x3C, 0x0F, 0x03, 0xCF, 0x03,
    0xC0, 0xF3, 0xC0, 0xF0, 0x3C, 0xF0, 0x3C, 0x0F, 0x3C, 0x0F, 0x03, 0xCF, 0x03, 0xC0, 0xF3, 0xFF,
    0xFF, 0xFE, 0xFF, 0xFF, 0xFF, 0xFF, 0xFF, 0xFF, 0xF0, 0x00, 0x00, 0x3C, 0x00, 0x00, 0x0F, 0x00,
    0x00, 0x03, 0xC0, 0x00, 0x00, 0xF0, 0x00, 0x00, 0x3C, 0xFF, 0x80, 0x03, 0xFE, 0x00, 0x0F, 0xF8,
    0x00, 0x00, 0xE0, 0x00, 0x03, 0x80, 0x00, 0x0E, 0x00, 0x00, 0x38, 0x00, 0x00, 0xE0, 0x00, 0x03,
    0x80, 0x00, 0x0F, 0xFF, 0x00, 0x3F, 0xFE, 0x00, 0xFF, 0xFC, 0x03, 0x80, 0x78, 0x0E, 0x00, 0xE0,
    0x38, 0x03, 0xC0, 0xE0, 0x0F, 0x03, 0x80, 0x3C, 0x0E, 0x00, 0xE0, 0x38, 0x07, 0x80, 0xFF, 0xFC,
    0x03, 0xFF, 0xF0, 0x0F, 0xFF, 0x00, 0x60, 0x00, 0x3F, 0x80, 0x01, 0xFC, 0x00, 0x0F, 0xE0, 0x00,
    0x7F, 0x00, 0x03, 0xF8, 0x00, 0x1F, 0xC0, 0x00, 0xFE, 0x00, 0x07, 0xF0, 0x00, 0x3F, 0xFF, 0x81,
    0xFF, 0xFF, 0x0F, 0xFF, 0xF8, 0x7F, 0x01, 0xE3, 0xF8, 0x07, 0x1F, 0xC0, 0x3C, 0xFE, 0x01, 0xE7,
    0xF0, 0x0F, 0x3F, 0x80, 0x71, 0xFC, 0x07, 0x8F, 0xFF, 0xFC, 0x7F, 0xFF, 0xC3, 0xFF, 0xF8, 0x1C,
    0x60, 0x00, 0xF0, 0x00, 0xF0, 0x00, 0xF0, 0x00, 0xF0, 0x00, 0xF0, 0x00, 0xF0, 0x00, 0xF0, 0x00,
    0xF0, 0x00, 0xFF, 0xF0, 0xFF, 0xFC, 0xFF, 0xFC, 0xF0, 0x1E, 0xF0, 0x0E, 0xF0, 0x0F, 0xF0, 0x0F,
    0xF0, 0x0F, 0xF0, 0x0E, 0xF0, 0x1E, 0xFF, 0xFE, 0xFF, 0xFC, 0xFF, 0xF0, 0x03, 0xF0, 0x01, 0xFF,
    0x80, 0x7F, 0xF8, 0x1F, 0x8F, 0x87, 0x80, 0x78, 0xE0, 0x07, 0xBC, 0x00, 0x77, 0x80, 0x0E, 0x00,
    0x01, 0xE0, 0x00, 0x3C, 0x07, 0xFF, 0x80, 0xFF, 0xF0, 0x1F, 0xFE, 0x00, 0x03, 0xC0, 0x00, 0x7F,
    0x80, 0x0E, 0xF0, 0x03, 0xCF, 0x00, 0x79, 0xF0, 0x1E, 0x1F, 0xFF, 0x81, 0xFF, 0xE0, 0x1F, 0xF8,
    0x00, 0x78, 0x00, 0x60, 0x03, 0xE0, 0x3C, 0x07, 0xFE, 0x0F, 0x03, 0xFF, 0xE3, 0xC1, 0xF8, 0xFC,
    0xF0, 0xF8, 0x0F, 0x3C, 0x3C, 0x01, 0xEF, 0x1E, 0x00, 0x3B, 0xC7, 0x80, 0x0F, 0xF1, 0xC0, 0x01,
    0xFC, 0x70, 0x00, 0x7F, 0xFC, 0x00, 0x1F, 0xFF, 0x00, 0x07, 0xFF, 0xC0, 0x01, 0xFC, 0x70, 0x00,
    0x7F, 0x1C, 0x00, 0x3F, 0xC7, 0x80, 0x0F, 0xF1, 0xE0, 0x03, 0xBC, 0x3C, 0x01, 0xEF, 0x07, 0x80,
    0xF3, 0xC1, 0xFF, 0xFC, 0xF0, 0x3F, 0xFE, 0x3C, 0x03, 0xFE, 0x00, 0x00, 0x1C, 0x00, 0x01, 0xFF,
    0x07, 0xFF, 0xC7, 0xFF, 0xE7, 0xFF, 0xF3, 0xC0, 0x7B, 0xC0, 0x3D, 0xE0, 0x1E, 0xF0, 0x0F, 0x78,
    0x07, 0x9C, 0x03, 0xCF, 0x01, 0xE3, 0xFF, 0xF0, 0xFF, 0xF8, 0x3F, 0xFC, 0x1C, 0x1E, 0x1E, 0x0F,
    0x0E, 0x07, 0x8F, 0x03, 0xCF, 0x01, 0xE7, 0x80, 0xF7, 0x80, 0x7B, 0xC0, 0x3C, 0x1F, 0xE1, 0xFF,
    0x9F, 0xFE, 0xE0, 0xF7, 0x03, 0x80, 0x1C, 0x0F, 0xE7, 0xFF, 0x7F, 0xFF, 0xE1, 0xFC, 0x0F, 0xC0,
    0x7E, 0x07, 0xFC, 0x7D, 0xFF, 0xE7, 0xF7, 0x0E, 0x00, 0x00, 0x18, 0x00, 0x38, 0x0F, 0xF0, 0x7F,
    0xC3, 0xFE, 0x07, 0x80, 0x1C, 0x00, 0x3B, 0xF8, 0xEF, 0xF9, 0xFF, 0xFB, 0xE0, 0xF7, 0x80, 0xFF,
    0x01, 0xFC, 0x01, 0xF8, 0x03, 0xF0, 0x07, 0xF0, 0x0E, 0xE0, 0x3D, 0xE0, 0x73, 0xE3, 0xE3, 0xFF,
    0x83, 0xFE, 0x00, 0xE0, 0x00, 0xFF, 0xC7, 0xFF, 0x3F, 0xFD, 0xC0, 0xFE, 0x07, 0xF0, 0x3B, 0xFF,
    0xDF, 0xFC, 0xFF, 0xF7, 0x03, 0xF8, 0x0F, 0xC0, 0x7E, 0x03, 0xFF, 0xFF, 0xFF, 0xDF, 0xFC, 0xFF,
    0xDF, 0xFB, 0xFF, 0x70, 0x0E, 0x01, 0xC0, 0x38, 0x07, 0x00, 0xE0, 0x1C, 0x03, 0x80, 0x70, 0x0E,
    0x01, 0xC0, 0x38, 0x07, 0x00, 0x0F, 0xFE, 0x03, 0xFF, 0x80, 0xFF, 0xE0, 0x38, 0x38, 0x0E, 0x0E,
    0x03, 0x83, 0x80, 0xE0, 0xE0, 0x38, 0x38, 0x1E, 0x0E, 0x07, 0x83, 0x81, 0xC0, 0xE0, 0x70, 0x38,
    0x3C, 0x0E, 0x3F, 0xFF, 0xEF, 0xFF, 0xFF, 0xFF, 0xFF, 0xE0, 0x03, 0xF8, 0x00, 0xFE, 0x00, 0x3F,
    0x80, 0x0F, 0xE0, 0x03, 0xC0, 0x0F, 0xE0, 0x3F, 0xE0, 0xFF, 0xE3, 0xC1, 0xE7, 0x01, 0xDE, 0x03,
    0xFF, 0xFF, 0xFF, 0xFF, 0xFF, 0xFF, 0xC0, 0x03, 0xC0, 0x03, 0x80, 0xC7, 0x81, 0xCF, 0x8F, 0x8F,
    0xFE, 0x0F, 0xF8, 0x03, 0xC0, 0x78, 0x38, 0x1E, 0xF0, 0x70, 0x78, 0xF0, 0xE1, 0xE0, 0xF1, 0xC7,
    0x80, 0xF3, 0x8E, 0x00, 0xE7, 0x3C, 0x00, 0xEE, 0xF0, 0x01, 0xFF, 0xC0, 0x03, 0xFF, 0x80, 0x07,
    0xFF, 0x80, 0x1E, 0xE7, 0x80, 0x79, 0xCF, 0x01, 0xE3, 0x8F, 0x07, 0x87, 0x0F, 0x0F, 0x0E, 0x0F,
    0x3C, 0x1C, 0x0F, 0x1F, 0x87, 0xFE, 0x7F, 0xEF, 0x0F, 0xE0, 0x70, 0x0F, 0x01, 0xE0, 0xFC, 0x0F,
    0xE0, 0x1F, 0x00, 0x70, 0x07, 0xE0, 0x7F, 0x9F, 0x7F, 0xE3, 0xFC, 0x06, 0x00, 0xE0, 0x3F, 0x03,
    0xF8, 0x1F, 0xC1, 0xFE, 0x1F, 0xF0, 0xFF, 0x8E, 0xFC, 0xF7, 0xE7, 0x3F, 0x71, 0xFF, 0x8F, 0xF8,
    0x7F, 0x83, 0xFC, 0x1F, 0xC0, 0xFC, 0x07, 0x38, 0xE1, 0xC7, 0x07, 0xF0, 0x1F, 0x00, 0x00, 0x00,
    0x03, 0x80, 0xFC, 0x0F, 0xE0, 0x7F, 0x07, 0xF8, 0x7F, 0xC3, 0xFE, 0x3B, 0xF3, 0xDF, 0x9C, 0xFD,
    0xC7, 0xFE, 0x3F, 0xE1, 0xFE, 0x0F, 0xF0, 0x7F, 0x03, 0xF0, 0x1C, 0xE0, 0x7B, 0x83, 0xEE, 0x0F,
    0x38, 0x78, 0xE3, 0xC3, 0x9E, 0x0E, 0xF0, 0x3F, 0xC0, 0xFF, 0x03, 0xFE, 0x0E, 0x78, 0x38, 0xF0,
    0xE1, 0xE3, 0x83, 0xCE, 0x0F, 0xB8, 0x1E, 0x1F, 0xFE, 0x3F, 0xFC, 0x7F, 0xF8, 0xF0, 0x71, 0xC0,
    0xE3, 0x81, 0xC7, 0x03, 0x8E, 0x07, 0x1C, 0x0E, 0x38, 0x1C, 0x70, 0x38, 0xE0, 0x73, 0xC0, 0xFF,
    0x01, 0xFE, 0x03, 0xF8, 0x07, 0xF0, 0x03, 0xDF, 0x00, 0xFB, 0xE0, 0x1F, 0x7E, 0x07, 0xEF, 0xC0,
    0xFD, 0xFC, 0x1F, 0xBB, 0x87, 0xF7, 0x70, 0xEE, 0xEF, 0x3D, 0xDC, 0xE7, 0x3B, 0x9E, 0xE7, 0x71,
    0xF8, 0xEE, 0x3F, 0x1D, 0xC3, 0xE3, 0xB8, 0x78, 0x77, 0x0F, 0x0E, 0xE0, 0x3F, 0x01, 0xF8, 0x0F,
    0xC0, 0x7E, 0x03, 0xF0, 0x1F, 0xFF, 0xFF, 0xFF, 0xFF, 0xFF, 0x01, 0xF8, 0x0F, 0xC0, 0x7E, 0x03,
    0xF0, 0x1F, 0x80, 0xFC, 0x07, 0x0F, 0xE0, 0x3F, 0xE0, 0xFF, 0xE3, 0xC1, 0xE7, 0x01, 0xFE, 0x03,
    0xF8, 0x03, 0xF0, 0x07, 0xE0, 0x0F, 0xC0, 0x1F, 0xC0, 0x3B, 0x80, 0xF7, 0x83, 0xCF, 0x8F, 0x8F,
    0xFE, 0x0F, 0xF8, 0x03, 0x80, 0xFF, 0xFF, 0xFF, 0xFF, 0xFF, 0xC0, 0x7E, 0x03, 0xF0, 0x1F, 0x80,
    0xFC, 0x07, 0xE0, 0x3F, 0x01, 0xF8, 0x0F, 0xC0, 0x7E, 0x03, 0xF0, 0x1F, 0x80, 0xFC, 0x07, 0xEF,
    0xE1, 0xFF, 0xE3, 0xFF, 0xE7, 0xC1, 0xEF, 0x03, 0xDC, 0x03, 0xB8, 0x07, 0x70, 0x0F, 0xE0, 0x1F,
    0xC0, 0x3B, 0x80, 0x77, 0x80, 0xEF, 0x03, 0xDF, 0x9F, 0x3F, 0xFC, 0x77, 0xF0, 0xE3, 0x81, 0xC0,
    0x03, 0x80, 0x07, 0x00, 0x0E, 0x00, 0x1C, 0x00, 0x00, 0x0F, 0xE0, 0x3F, 0xE0, 0xFF, 0xE3, 0xC1,
    0xE7, 0x01, 0xDE, 0x00, 0x38, 0x00, 0x70, 0x00, 0xE0, 0x01, 0xC0, 0x03, 0xC0, 0x03, 0x80, 0xE7,
    0x83, 0xCF, 0x8F, 0x8F, 0xFE, 0x0F, 0xF8, 0x03, 0x80, 0xFF, 0xFF, 0xFF, 0xFF, 0xFF, 0xC1, 0xC0,
    0x07, 0x00, 0x1C, 0x00, 0x70, 0x01, 0xC0, 0x07, 0x00, 0x1C, 0x00, 0x70, 0x01, 0xC0, 0x07, 0x00,
    0x1C, 0x00, 0x70, 0x01, 0xC0, 0x70, 0x0F, 0x70, 0x0E, 0x78, 0x1E, 0x38, 0x1E, 0x38, 0x1C, 0x3C,
    0x3C, 0x1C, 0x38, 0x1C, 0x38, 0x1E, 0x78, 0x0E, 0x70, 0x0F, 0x70, 0x07, 0xE0, 0x07, 0xE0, 0x07,
    0xE0, 0x03, 0xC0, 0x03, 0xC0, 0x03, 0xC0, 0x03, 0x80, 0x07, 0x80, 0x3F, 0x00, 0x3F, 0x00, 0x3E,
    0x00, 0x00, 0x00, 0x00, 0xC0, 0x00, 0x78, 0x00, 0x1E, 0x00, 0x07, 0x80, 0x01, 0xE0, 0x00, 0x78,
    0x00, 0xFF, 0xC0, 0x7F, 0xF8, 0x3F, 0xFF, 0x1E, 0x79, 0xE7, 0x1E, 0x3B, 0xC7, 0x8E, 0xE1, 0xE3,
    0xF8, 0x78, 0xFE, 0x1E, 0x3F, 0x87, 0x8F, 0xF1, 0xE3, 0xDC, 0x78, 0xE7, 0x9E, 0x79, 0xF7, 0xBC,
    0x3F, 0xFE, 0x07, 0xFF, 0x00, 0x3F, 0x00, 0x07, 0x80, 0x01, 0xE0, 0x00, 0x78, 0x00, 0x1E, 0x00,
    0x07, 0x80, 0x78, 0x1E, 0x70, 0x78, 0xF0, 0xF0, 0xF3, 0xC0, 0xE7, 0x01, 0xFC, 0x01, 0xF8, 0x01,
    0xE0, 0x03, 0xC0, 0x0F, 0xC0, 0x3F, 0x80, 0x73, 0x81, 0xE7, 0x87, 0x87, 0x9E, 0x0F, 0x3C, 0x0F,
    0xE0, 0x39, 0xC0, 0x73, 0x80, 0xE7, 0x01, 0xCE, 0x03, 0x9C, 0x07, 0x38, 0x0E, 0x70, 0x1C, 0xE0,
    0x39, 0xC0, 0x73, 0x80, 0xE7, 0x01, 0xCE, 0x03, 0x9F, 0xFF, 0xFF, 0xFF, 0xFF, 0xFF, 0x00, 0x0E,
    0x00, 0x1C, 0x00, 0x38, 0x00, 0x70, 0x00, 0xE0, 0xE0, 0x3F, 0x01, 0xF8, 0x0F, 0xC0, 0x7E, 0x03,
    0xF0, 0x1F, 0x80, 0xFE, 0x07, 0xFF, 0xFB, 0xFF, 0xCF, 0xFE, 0x00, 0x70, 0x03, 0x80, 0x1C, 0x00,
    0xE0, 0x07, 0xE0, 0xE0, 0x7E, 0x0F, 0x07, 0xE0, 0xF0, 0x7E, 0x0F, 0x07, 0xE0, 0xF0, 0x7E, 0x0F,
    0x07, 0xE0, 0xF0, 0x7E, 0x0F, 0x07, 0xE0, 0xF0, 0x7E, 0x0F, 0x07, 0xE0, 0xF0, 0x7E, 0x0F, 0x07,
    0xE0, 0xF0, 0x7F, 0xFF, 0xFF, 0xFF, 0xFF, 0xFF, 0xFF, 0xFF, 0xE0, 0xE0, 0x73, 0x83, 0xC1, 0xCE,
    0x0F, 0x07, 0x38, 0x3C, 0x1C, 0xE0, 0xF0, 0x73, 0x83, 0xC1, 0xCE, 0x0F, 0x07, 0x38, 0x3C, 0x1C,
    0xE0, 0xF0, 0x73, 0x83, 0xC1, 0xCE, 0x0F, 0x07, 0x38, 0x3C, 0x1C, 0xE0, 0xF0, 0x73, 0xFF, 0xFF,
    0xFF, 0xFF, 0xFF, 0xFF, 0xFF, 0xFF, 0x00, 0x00, 0x1C, 0x00, 0x00, 0x70, 0x00, 0x01, 0xC0, 0x00,
    0x07, 0x00, 0x00, 0x1C, 0xFF, 0x00, 0x3F, 0xC0, 0x0F, 0xF0, 0x00, 0x3C, 0x00, 0x0F, 0x00, 0x03,
    0xFC, 0x00, 0xFF, 0xE0, 0x3F, 0xFC, 0x0F, 0xFF, 0x83, 0xC0, 0xE0, 0xF0, 0x3C, 0x3C, 0x0F, 0x0F,
    0x03, 0x83, 0xFF, 0xE0, 0xFF, 0xF0, 0x3F, 0xF8, 0xE0, 0x03, 0xF0, 0x01, 0xF8, 0x00, 0xFC, 0x00,
    0x7E, 0x00, 0x3F, 0xF0, 0x1F, 0xFF, 0x8F, 0xFF, 0xE7, 0xFF, 0xFB, 0xF0, 0x3D, 0xF8, 0x0E, 0xFC,
    0x07, 0x7E, 0x07, 0xBF, 0xFF, 0x9F, 0xFF, 0xCF, 0xFF, 0x87, 0xE0, 0x07, 0x00, 0x38, 0x01, 0xC0,
    0x0E, 0x00, 0x7F, 0x03, 0xFF, 0x9F, 0xFE, 0xFF, 0xFF, 0x03, 0xF8, 0x0F, 0xC0, 0x7E, 0x07, 0xFF,
    0xFB, 0xFF, 0xDF, 0xF8, 0x1F, 0xC0, 0xFF, 0xC7, 0xFF, 0xBC, 0x1E, 0xE0, 0x3C, 0x00, 0x70, 0x01,
    0xC3, 0xFF, 0x0F, 0xFC, 0x3F, 0xF0, 0x01, 0xF8, 0x0F, 0xF0, 0x39, 0xE3, 0xE7, 0xFF, 0x07, 0xF8,
    0x07, 0x80, 0xE0, 0x3F, 0x87, 0x03, 0xFF, 0x38, 0x3F, 0xF9, 0xC3, 0xC1, 0xEE, 0x1C, 0x07, 0xF1,
    0xE0, 0x3F, 0x8F, 0x00, 0xFF, 0xF0, 0x07, 0xFF, 0x80, 0x3F, 0xFC, 0x01, 0xF8, 0xF0, 0x0F, 0xC3,
    0x80, 0xFE, 0x1E, 0x07, 0x70, 0x78, 0xFB, 0x83, 0xFF, 0x9C, 0x0F, 0xF8, 0x00, 0x0E, 0x00, 0x0F,
    0xFC, 0xFF, 0xF3, 0xFF, 0xDE, 0x07, 0x70, 0x1D, 0xC0, 0x77, 0x81, 0xDF, 0x07, 0x3F, 0xFC, 0x7F,
    0xF0, 0xF1, 0xC7, 0x87, 0x3C, 0x1C, 0xE0, 0x77, 0x81, 0xFC, 0x07, 0x0E, 0x00, 0x1E, 0x00, 0x1C,
    0x00, 0x1C, 0x00, 0x30, 0x00, 0x00, 0x03, 0xF8, 0x0F, 0xF8, 0x3F, 0xF8, 0xF0, 0x79, 0xC0, 0x77,
    0x80, 0xFF, 0xFF, 0xFF, 0xFF, 0xFF, 0xFF, 0xF0, 0x00, 0xF0, 0x00, 0xE0, 0x31, 0xE0, 0x73, 0xE3,
    0xE3, 0xFF, 0x83, 0xFE, 0x00, 0xF0, 0x00, 0x1C, 0x70, 0x79, 0xE0, 0xF3, 0xC0, 0xE3, 0x80, 0x00,
    0x00, 0x00, 0x03, 0xF8, 0x0F, 0xF8, 0x3F, 0xF8, 0xF0, 0x79, 0xC0, 0x77, 0x80, 0xFF, 0xFF, 0xFF,
    0xFF, 0xFF, 0xFF, 0xF0, 0x00, 0xF0, 0x00, 0xE0, 0x31, 0xE0, 0x73, 0xE3, 0xE3, 0xFF, 0x83, 0xFE,
    0x00, 0xF0, 0x00, 0x38, 0x00, 0x70, 0x03, 0xFE, 0x07, 0xFE, 0x0F, 0xF8, 0x07, 0x00, 0x0E, 0xFE,
    0x1F, 0xFE, 0x3F, 0xFC, 0x78, 0x3C, 0xF0, 0x39, 0xC0, 0x73, 0x80, 0xE7, 0x01, 0xCE, 0x03, 0x9C,
    0x07, 0x38, 0x0E, 0x70, 0x1C, 0xE0, 0x39, 0xC0, 0x73, 0x80, 0xE7, 0x01, 0xC0, 0x03, 0x80, 0x07,
    0x00, 0x0E, 0x00, 0x7C, 0x01, 0xF8, 0x03, 0xE0, 0x00, 0x00, 0x07, 0x80, 0xE0, 0x3C, 0x07, 0x00,
    0xC0, 0x00, 0x3F, 0xF7, 0xFE, 0xFF, 0xDC, 0x03, 0x80, 0x70, 0x0E, 0x01, 0xC0, 0x38, 0x07, 0x00,
    0xE0, 0x1C, 0x03, 0x80, 0x70, 0x0E, 0x01, 0xC0, 0x00, 0x0F, 0xE0, 0x3F, 0xE0, 0xFF, 0xE3, 0xC1,
    0xE7, 0x01, 0xDE, 0x00, 0x3C, 0x00, 0x7F, 0xE0, 0xFF, 0xC1, 0xFF, 0x83, 0xC0, 0x03, 0x80, 0xE7,
    0x83, 0xCF, 0x8F, 0x8F, 0xFE, 0x0F, 0xF8, 0x03, 0x80, 0x1F, 0xC1, 0xFF, 0x1F, 0xFC, 0xE0, 0xF7,
    0x03, 0x38, 0x01, 0xF8, 0x07, 0xF8, 0x1F, 0xF0, 0x1F, 0xC0, 0x1E, 0xC0, 0x7F, 0x07, 0xBC, 0x7D,
    0xFF, 0xC7, 0xFC, 0x07, 0x00, 0x77, 0xBC, 0xE0, 0x01, 0xCE, 0x73, 0x9C, 0xE7, 0x39, 0xCE, 0x73,
    0x9C, 0xE7, 0x38, 0x71, 0xDE, 0x79, 0xCF, 0x38, 0xE0, 0x00, 0x00, 0x03, 0x80, 0x70, 0x0E, 0x01,
    0xC0, 0x38, 0x07, 0x00, 0xE0, 0x1C, 0x03, 0x80, 0x70, 0x0E, 0x01, 0xC0, 0x38, 0x07, 0x00, 0xE0,
    0x1C, 0x00, 0x1C, 0x78, 0xF0, 0xE0, 0x00, 0x07, 0x0E, 0x1C, 0x38, 0x70, 0xE1, 0xC3, 0x87, 0x0E,
    0x1C, 0x38, 0x70, 0xE1, 0xC3, 0x87, 0x0E, 0x1D, 0xFB, 0xE7, 0x80, 0x0F, 0xFF, 0x00, 0x03, 0xFF,
    0xC0, 0x00, 0xFF, 0xF0, 0x00, 0x38, 0x3C, 0x00, 0x0E, 0x0F, 0x00, 0x03, 0x83, 0xFC, 0x01, 0xE0,
    0xFF, 0xE0, 0x78, 0x3F, 0xFE, 0x1E, 0x0F, 0xFF, 0x87, 0x83, 0xC0, 0xF1, 0xC0, 0xF0, 0x3C, 0x70,
    0x3C, 0x0F, 0x1C, 0x0F, 0x03, 0xFF, 0x03, 0xFF, 0xEF, 0x80, 0xFF, 0xF3, 0xC0, 0x3F, 0xF8, 0xE0,
    0x38, 0x01, 0xC0, 0x70, 0x03, 0x80, 0xE0, 0x07, 0x01, 0xC0, 0x0E, 0x03, 0x80, 0x1C, 0x07, 0x00,
    0x3F, 0xFF, 0xF0, 0x7F, 0xFF, 0xFC, 0xFF, 0xFF, 0xFD, 0xFF, 0xF0, 0xFF, 0x80, 0xE0, 0x7F, 0x01,
    0xC0, 0x7E, 0x03, 0x81, 0xFC, 0x07, 0xFF, 0xB8, 0x0F, 0xFF, 0x70, 0x1F, 0xFC, 0x38, 0x00, 0x70,
    0x03, 0xFF, 0x07, 0xFE, 0x0F, 0xF8, 0x07, 0x00, 0x0E, 0xFE, 0x1F, 0xFE, 0x3F, 0xFC, 0x78, 0x3C,
    0xF0, 0x39, 0xC0, 0x73, 0x80, 0xE7, 0x01, 0xCE, 0x03, 0x9C, 0x07, 0x38, 0x0E, 0x70, 0x1C, 0xE0,
    0x39, 0xC0, 0x73, 0x80, 0xE7, 0x01, 0xC0, 0x03, 0xC0, 0x0E, 0x00, 0x70, 0x01, 0xC0, 0x06, 0x00,
    0x00, 0x0E, 0x07, 0xB8, 0x3E, 0xE0, 0xF3, 0x87, 0x8E, 0x3C, 0x39, 0xE0, 0xEF, 0x03, 0xFC, 0x0F,
    0xF0, 0x3F, 0xE0, 0xE7, 0x83, 0x8F, 0x0E, 0x1E, 0x38, 0x3C, 0xE0, 0xFB, 0x81, 0xE0, 0x1C, 0x00,
    0xF0, 0x03, 0x80, 0x0E, 0x00, 0x60, 0x00, 0x03, 0x80, 0xFC, 0x0F, 0xE0, 0x7F, 0x07, 0xF8, 0x7F,
    0xC3, 0xFE, 0x3B, 0xF3, 0xDF, 0x9C, 0xFD, 0xC7, 0xFE, 0x3F, 0xE1, 0xFE, 0x0F, 0xF0, 0x7F, 0x03,
    0xF0, 0x1C, 0x0C, 0x30, 0x0E, 0x70, 0x0F, 0xF0, 0x07, 0xE0, 0x00, 0x00, 0x00, 0x00, 0x70, 0x0F,
    0x70, 0x0E, 0x78, 0x1E, 0x38, 0x1E, 0x38, 0x1C, 0x3C, 0x3C, 0x1C, 0x38, 0x1C, 0x38, 0x1E, 0x78,
    0x0E, 0x70, 0x0F, 0x70, 0x07, 0xE0, 0x07, 0xE0, 0x07, 0xE0, 0x03, 0xC0, 0x03, 0xC0, 0x03, 0xC0,
    0x03, 0x80, 0x07, 0x80, 0x3F, 0x00, 0x3F, 0x00, 0x3E, 0x00, 0x00, 0x00, 0xE0, 0x3F, 0x01, 0xF8,
    0x0F, 0xC0, 0x7E, 0x03, 0xF0, 0x1F, 0x80, 0xFC, 0x07, 0xE0, 0x3F, 0x01, 0xF8, 0x0F, 0xC0, 0x7E,
    0x03, 0xFF, 0xFF, 0xFF, 0xFF, 0xFF, 0x07, 0x00, 0x38, 0x01, 0xC0, 0x0E, 0x00, 0x70, 0x00, 0x60,
    0x30, 0x1B, 0xC1, 0xE0, 0xFF, 0x07, 0x83, 0xFC, 0x1E, 0x0F, 0xF0, 0x78, 0x3F, 0xC1, 0xE0, 0xFF,
    0x07, 0x83, 0xFC, 0x1E, 0x0F, 0xF0, 0x78, 0x3F, 0xC1, 0xE0, 0xFF, 0x07, 0x83, 0xFC, 0x1E, 0x0F,
    0xF0, 0x78, 0x3F, 0xC1, 0xE0, 0xFF, 0x07, 0x83, 0xFC, 0x1E, 0x0F, 0xF0, 0x78, 0x3F, 0xC1, 0xE0,
    0xFF, 0x07, 0x83, 0x9F, 0xFF, 0xFE, 0x7F, 0xFF, 0xF0, 0xFF, 0x3F, 0x80, 0x70, 0x38, 0x00, 0xE0,
    0xE0, 0xEE, 0x0E, 0x0F, 0xE0, 0xE0, 0xFE, 0x0E, 0x0F, 0xE0, 0xE0, 0xFE, 0x0E, 0x0F, 0xE0, 0xE0,
    0xFE, 0x0E, 0x0F, 0xE0, 0xE0, 0xFE, 0x0E, 0x0F, 0xE0, 0xE0, 0xFE, 0x0E, 0x0E, 0xE0, 0xF0, 0xEF,
    0xBF, 0xBE, 0x7F, 0xBF, 0xC3, 0xF1, 0xFC, 0x0C, 0x06, 0x00, 0x0C, 0x00, 0x03, 0xC0, 0x00, 0x78,
    0x00, 0x0F, 0x00, 0x0F, 0xFF, 0x01, 0xFF, 0xE0, 0x3F, 0xFC, 0x00, 0xF0, 0x00, 0x1E, 0x00, 0x03,
    0xFF, 0xC0, 0x7F, 0xFE, 0x0F, 0xFF, 0xE1, 0xE0, 0x3C, 0x3C, 0x03, 0xC7, 0x80, 0x78, 0xF0, 0x07,
    0x1E, 0x01, 0xE3, 0xC0, 0x3C, 0x78, 0x0F, 0x0F, 0xFF, 0xE1, 0xFF, 0xF8, 0x3F, 0xFC, 0x00, 0x0C,
    0x00, 0x0F, 0x00, 0x07, 0x80, 0x03, 0xC0, 0x01, 0xE0, 0x00, 0xF0, 0x03, 0xFF, 0xC1, 0xFF, 0xE0,
    0xFF, 0xE0, 0x0F, 0x00, 0x07, 0x80, 0x03, 0xFC, 0x01, 0xFF, 0xC0, 0xFF, 0xF8, 0x7F, 0xFC, 0x3C,
    0x0F, 0x1E, 0x07, 0x8F, 0x03, 0xC7, 0x81, 0xC3, 0xFF, 0xE1, 0xFF, 0xE0, 0xFF, 0xE0, 0x60, 0x07,
    0xC0, 0x78, 0x0F, 0xFC, 0x3C, 0x1F, 0xFF, 0x1E, 0x1F, 0x8F, 0xCF, 0x0F, 0x01, 0xE7, 0x8F, 0x00,
    0x7B, 0xC7, 0x00, 0x1D, 0xE7, 0x80, 0x0E, 0xF3, 0xC0, 0x00, 0x79, 0xC0, 0x00, 0x3F, 0xFF, 0xE0,
    0x1F, 0xFF, 0xF0, 0x0F, 0xFF, 0xF8, 0x07, 0x9C, 0x00, 0x03, 0xCF, 0x00, 0x01, 0xE7, 0x80, 0x0E,
    0xF1, 0xC0, 0x07, 0x78, 0xF0, 0x07, 0xBC, 0x3C, 0x07, 0x9E, 0x0F, 0xFF, 0xCF, 0x03, 0xFF, 0xC7,
    0x80, 0xFF, 0x80, 0x00, 0x0E, 0x00, 0xE0, 0x7F, 0x0E, 0x0F, 0xFC, 0xE1, 0xFF, 0xEE, 0x3C, 0x1E,
    0xE3, 0xC0, 0xEE, 0x38, 0x06, 0xE7, 0x80, 0x0F, 0xFF, 0xE0, 0xFF, 0xFE, 0x0F, 0xFF, 0xE0, 0xE3,
    0x80, 0x0E, 0x38, 0x0E, 0xE3, 0xC0, 0xEE, 0x1F, 0x3E, 0xE0, 0xFF, 0xCE, 0x07, 0xF8, 0x00, 0x1E,
    0x00, 0x00, 0xE0, 0x00, 0x0F, 0x00, 0x01, 0xF0, 0x00, 0x1F, 0x80, 0x01, 0xF8, 0x00, 0x3F, 0xC0,
    0x03, 0x9C, 0x00, 0x39, 0xC0, 0x07, 0x9E, 0x00, 0x70, 0xE0, 0x0F, 0x0E, 0x00, 0xF0, 0xF0, 0x0E,
    0x07, 0x01, 0xFF, 0xF8, 0x1F, 0xFF, 0x81, 0xFF, 0xF8, 0x3C, 0xF3, 0xC3, 0x8F, 0x3C, 0x38, 0xF1,
    0xC7, 0x8F, 0x1E, 0x70, 0xF0, 0xEF, 0x0F, 0x0E, 0x03, 0xC0, 0x03, 0xC0, 0x03, 0xE0, 0x07, 0xE0,
    0x07, 0xF0, 0x0F, 0x70, 0x0E, 0x70, 0x0E, 0x78, 0x1E, 0x78, 0x1F, 0xFC, 0x3F, 0xFC, 0x3B, 0xDC,
    0x39, 0xDE, 0x79, 0xCE, 0x71, 0xCF, 0x71, 0xCF, 0x60, 0x03, 0x80, 0x78, 0x03, 0xC0, 0x3C, 0x01,
    0xF0, 0x1E, 0x01, 0xF8, 0x0F, 0x00, 0xFC, 0x07, 0x80, 0x77, 0x03, 0xC0, 0x73, 0x81, 0xE0, 0x39,
    0xE0, 0xF0, 0x3C, 0x70, 0x78, 0x1C, 0x38, 0x3C, 0x0E, 0x1E, 0x1E, 0x0F, 0x07, 0x0F, 0x07, 0x03,
    0x87, 0xFF, 0xFF, 0xE3, 0xFF, 0xFF, 0xF1, 0xFF, 0xFF, 0xF8, 0xF0, 0xE7, 0x9E, 0x78, 0xF3, 0xC7,
    0x3C, 0x71, 0xE3, 0xDE, 0x78, 0xF1, 0xEF, 0x3C, 0x78, 0x77, 0x9C, 0x3C, 0x3C, 0xE0, 0x3C, 0x0E,
    0x03, 0xC0, 0xE0, 0x3E, 0x0E, 0x07, 0xE0, 0xE0, 0x7F, 0x0E, 0x0F, 0x70, 0xE0, 0xE7, 0x0E, 0x0E,
    0x78, 0xFF, 0xE7, 0x8F, 0xFF, 0xFC, 0xFF, 0xFF, 0xCE, 0x3B, 0xDC, 0xE3, 0x9D, 0xEE, 0x79, 0xCE,
    0xE7, 0x1C, 0xFE, 0xF1, 0xCF, 0x3F, 0xFF, 0xE1, 0xFF, 0xFF, 0x0F, 0xFF, 0xF0, 0x3C, 0x07, 0x80,
    0xE0, 0x78, 0x07, 0x83, 0x80, 0x1C, 0x3C, 0x00, 0xF1, 0xC0, 0x03, 0xDE, 0x00, 0x0F, 0xE0, 0x03,
    0xFF, 0xE0, 0x7F, 0xFF, 0xC7, 0xFF, 0xFF, 0x7C, 0x38, 0x7B, 0xC1, 0xC1, 0xFC, 0x0E, 0x0F, 0xE0,
    0x70, 0x7F, 0x03, 0x83, 0xF8, 0x1C, 0x1F, 0xC0, 0xE0, 0xFE, 0x07, 0x07, 0xF0, 0x38, 0x3C, 0x3F,
    0xFF, 0x8F, 0xFF, 0xC1, 0xFF, 0xF0, 0x38, 0x78, 0x0F, 0x1C, 0x01, 0xCF, 0x00, 0x7B, 0x80, 0x3F,
    0xF0, 0x3F, 0xFF, 0x1F, 0xFF, 0xE7, 0x9E, 0x7F, 0xC7, 0x8F, 0xE1, 0xE1, 0xF8, 0x78, 0x7E, 0x1E,
    0x1F, 0x87, 0x87, 0x60, 0x3F, 0xFF, 0xE3, 0xC0, 0xFF, 0xFF, 0xCF, 0x01, 0xFF, 0xFE, 0x3C, 0x07,
    0xC0, 0xF0, 0xF0, 0x0F, 0x03, 0xC3, 0xC0, 0x1C, 0x1E, 0x0F, 0x00, 0x78, 0x70, 0x3C, 0x00, 0xF3,
    0xC0, 0xF0, 0x01, 0xCE, 0x03, 0xC0, 0x07, 0xF8, 0x0F, 0xFF, 0xFF, 0xF8, 0x3F, 0xFF, 0xFF, 0xF8,
    0xFF, 0xFF, 0xFF, 0xF3, 0xC1, 0xE1, 0xE3, 0xEF, 0x07, 0x07, 0x87, 0xBC, 0x3C, 0x1E, 0x0E, 0xF0,
    0xF0, 0x78, 0x3B, 0xC3, 0xC1, 0xE0, 0xEF, 0x0F, 0x07, 0x83, 0xBC, 0x3C, 0x1E, 0x0E, 0xF0, 0xF0,
    0x78, 0x3B, 0xC3, 0xC1, 0xE0, 0xE0, 0xE0, 0xFF, 0xFE, 0x70, 0x3F, 0xFF, 0x38, 0x1F, 0xFF, 0x1C,
    0x07, 0x87, 0x0E, 0x01, 0xC7, 0x87, 0x00, 0xF3, 0x83, 0x80, 0x3B, 0xC1, 0xFF, 0xFF, 0xF0, 0xFF,
    0xFF, 0xFE, 0x7F, 0xFF, 0xFF, 0xB8, 0x78, 0xE3, 0xDC, 0x38, 0x70, 0xFE, 0x1C, 0x38, 0x7F, 0x0E,
    0x1C, 0x1F, 0x87, 0x0E, 0x0F, 0xC3, 0x87, 0x07, 0x18, 0x30, 0x71, 0xC0, 0xEE, 0x01, 0xF0, 0x03,
    0x80, 0x00, 0x03, 0xE0, 0x1F, 0xF0, 0x7F, 0xF0, 0xFF, 0xC0, 0x07, 0x80, 0x1E, 0x00, 0x78, 0x01,
    0xE0, 0x07, 0x80, 0x7C, 0x1F, 0xE0, 0x7F, 0x81, 0xFF, 0x00, 0x1E, 0x00, 0x78, 0x00, 0xE0, 0x03,
    0x80, 0x1E, 0x00, 0x78, 0x07, 0xE3, 0xFF, 0x1F, 0xF8, 0xFF, 0x03, 0xC0, 0x0F, 0x00, 0x1E, 0x00,
    0x7C, 0x00, 0xF0, 0x00, 0x80, 0x00, 0x79, 0xE3, 0xDC, 0x1F, 0x80, 0xF0, 0x00, 0x00, 0x00, 0x7F,
    0x87, 0xFE, 0x7F, 0xE0, 0x0F, 0x00, 0x70, 0x07, 0x01, 0xE3, 0xFE, 0x3F, 0xE1, 0xFF, 0x00, 0x70,
    0x07, 0x00, 0x70, 0xFF, 0x7F, 0xE7, 0xFC, 0xF0, 0x0E, 0x00, 0xE0, 0x0F, 0xC0, 0x7C, 0x03, 0xC0,
    0x60, 0x70, 0x3F, 0x03, 0x81, 0xF8, 0x1C, 0x0F, 0xC0, 0xE0, 0x7E, 0x07, 0x03, 0xF0, 0x38, 0x1F,
    0x81, 0xC0, 0xFC, 0x0E, 0x07, 0xF0, 0x70, 0x3F, 0x83, 0x81, 0xDC, 0x1C, 0x1E, 0xF0, 0xE0, 0xE3,
    0xC7, 0x1F, 0x1F, 0xFF, 0xF0, 0x3F, 0xFF, 0x00, 0x7F, 0xE0, 0x00, 0x70, 0x00, 0x03, 0x80, 0x00,
    0x1C, 0x00, 0x00, 0xE0, 0x00, 0x07, 0x00, 0x00, 0x38, 0x00, 0x00, 0xE0, 0x00, 0x1C, 0x00, 0x03,
    0x80, 0x00, 0x70, 0x0E, 0x0E, 0x1F, 0xC1, 0xC3, 0xF8, 0x38, 0x7F, 0x07, 0x0F, 0xE0, 0xE1, 0xFC,
    0x1C, 0x3F, 0x83, 0x87, 0xF0, 0x70, 0xFE, 0x0E, 0x1F, 0xC1, 0xC3, 0xF8, 0x38, 0x77, 0x87, 0x0E,
    0x78, 0xE3, 0xCF, 0xDD, 0xF0, 0xFF, 0xFC, 0x0F, 0xFF, 0x00, 0x3F, 0x00, 0x01, 0xC0, 0x00, 0x38,
    0x00, 0x07, 0x00, 0x00, 0xE0, 0x00, 0x1C, 0x00, 0x01, 0xF8, 0x00, 0x7F, 0xE0, 0x0F, 0xFF, 0x01,
    0xF8, 0xF8, 0x3C, 0x03, 0xC3, 0x80, 0x1E, 0x78, 0x01, 0xE7, 0x00, 0x0E, 0x70, 0x00, 0xFF, 0x00,
    0x0F, 0xFF, 0xFF, 0xFF, 0xFF, 0xFF, 0xFF, 0xFF, 0xFF, 0x00, 0x0F, 0x70, 0x00, 0xF7, 0x00, 0x0E,
    0x78, 0x01, 0xE3, 0xC0, 0x1E, 0x3E, 0x07, 0xC1, 0xFF, 0xF8, 0x0F, 0xFF, 0x00, 0x7F, 0xE0, 0x00,
    0xF0, 0x00, 0x0F, 0xE0, 0x3F, 0xE0, 0xFF, 0xE3, 0xC1, 0xE7, 0x01, 0xFE, 0x03, 0xFF, 0x83, 0xFF,
    0xFF, 0xFF, 0xFF, 0xE3, 0xFF, 0xC0, 0x3B, 0x80, 0xF7, 0x83, 0xCF, 0x8F, 0x8F, 0xFE, 0x0F, 0xF8,
    0x03, 0x80, 0x60, 0x00, 0x77, 0x00, 0x0F, 0x70, 0x01, 0xF7, 0x80, 0x1E, 0x38, 0x01, 0xC3, 0xC0,
    0x3C, 0x3C, 0x03, 0x81, 0xC0, 0x38, 0x1E, 0x07, 0x81, 0xE0, 0x70, 0x0E, 0x0F, 0x00, 0xF0, 0xF0,
    0x07, 0x0E, 0x00, 0x71, 0xE0, 0x07, 0x9C, 0x00, 0x39, 0xC0, 0x03, 0xBC, 0x00, 0x3F, 0x80, 0x01,
    0xF8, 0x00, 0x1F, 0x80, 0x01, 0xF0, 0x00, 0x0F, 0x00, 0x70, 0x07, 0xB8, 0x07, 0xDE, 0x07, 0xE7,
    0x03, 0x83, 0x83, 0xC1, 0xE1, 0xC0, 0x70, 0xE0, 0x38, 0xF0, 0x1E, 0x70, 0x07, 0x38, 0x03, 0xBC,
    0x01, 0xFC, 0x00, 0x7E, 0x00, 0x3E, 0x00, 0x0F, 0x00, 0x07, 0x80, 0x0E, 0x70, 0x00, 0xF7, 0x80,
    0x07, 0x38, 0x00, 0x39, 0xC0, 0x01, 0x98, 0x00, 0x00, 0x00, 0x60, 0x00, 0x77, 0x00, 0x0F, 0x70,
    0x01, 0xF7, 0x80, 0x1E, 0x38, 0x01, 0xC3, 0xC0, 0x3C, 0x3C, 0x03, 0x81, 0xC0, 0x38, 0x1E, 0x07,
    0x81, 0xE0, 0x70, 0x0E, 0x0F, 0x00, 0xF0, 0xF0, 0x07, 0x0E, 0x00, 0x71, 0xE0, 0x07, 0x9C, 0x00,
    0x39, 0xC0, 0x03, 0xBC, 0x00, 0x3F, 0x80, 0x01, 0xF8, 0x00, 0x1F, 0x80, 0x01, 0xF0, 0x00, 0x0F,
    0x00, 0x79, 0xC0, 0x1E, 0xE0, 0x07, 0x38, 0x01, 0xDC, 0x00, 0x66, 0x00, 0x00, 0x01, 0xC0, 0x1E,
    0xE0, 0x1F, 0x78, 0x1F, 0x9C, 0x0E, 0x0E, 0x0F, 0x07, 0x87, 0x01, 0xC3, 0x80, 0xE3, 0xC0, 0x79,
    0xC0, 0x1C, 0xE0, 0x0E, 0xF0, 0x07, 0xF0, 0x01, 0xF8, 0x00, 0xF8, 0x00, 0x3C, 0x00, 0x1E, 0x00,
    0x01, 0xF8, 0x00, 0x00, 0x00, 0x3F, 0xF0, 0x00, 0x00, 0x03, 0xFF, 0xC0, 0x00, 0x00, 0x3F, 0x1F,
    0x00, 0x00, 0x03, 0xC0, 0x3C, 0x00, 0x00, 0x1C, 0x00, 0xF0, 0x00, 0x01, 0xE0, 0x07, 0x8E, 0x01,
    0xEE, 0x00, 0x1C, 0x70, 0x0E, 0x70, 0x00, 0xF3, 0xC0, 0x77, 0x80, 0x07, 0x8E, 0x07, 0xBC, 0x00,
    0x1C, 0x78, 0x39, 0xE0, 0x00, 0xE1, 0xC1, 0xCF, 0x00, 0x07, 0x0E, 0x1E, 0x78, 0x00, 0x78, 0x78,
    0xE1, 0xC0, 0x03, 0xC1, 0xCF, 0x0E, 0x00, 0x1C, 0x0E, 0x70, 0x78, 0x01, 0xE0, 0x7B, 0x81, 0xE0,
    0x0F, 0x01, 0xFC, 0x0F, 0x81, 0xF0, 0x0F, 0xC0, 0x3F, 0xFF, 0x00, 0x3E, 0x00, 0xFF, 0xF0, 0x01,
    0xF0, 0x03, 0xFF, 0x00, 0x0F, 0x00, 0x03, 0xC0, 0x00, 0x78, 0x00, 0x00, 0x00, 0x03, 0x80, 0x00,
    0x00, 0x00, 0x1C, 0x00, 0x00, 0x00, 0x0F, 0xE0, 0x00, 0x00, 0x00, 0x7E, 0x00, 0x00, 0x00, 0x03,
    0xE0, 0x00, 0x00, 0x00, 0x00, 0x00, 0x00, 0x0F, 0xE0, 0xF0, 0x0E, 0x3F, 0xE1, 0xE0, 0x3C, 0xFF,
    0xE1, 0xC0, 0x7B, 0xC1, 0xE3, 0xC0, 0xE7, 0x01, 0xE3, 0x83, 0xDE, 0x03, 0xC7, 0x07, 0x38, 0x03,
    0x8F, 0x0E, 0x70, 0x07, 0x0E, 0x3C, 0xE0, 0x0E, 0x1C, 0x71, 0xC0, 0x1C, 0x3D, 0xE3, 0xC0, 0x38,
    0x3B, 0x83, 0x80, 0xF0, 0x77, 0x07, 0x83, 0xC0, 0x7E, 0x0F, 0x8F, 0x80, 0xF8, 0x0F, 0xFE, 0x01,
    0xF0, 0x0F, 0xF8, 0x01, 0xE0, 0x03, 0x80, 0x03, 0x80, 0x00, 0x00, 0x0F, 0x00, 0x00, 0x00, 0x1C,
    0x00, 0x00, 0x01, 0xF8, 0x00, 0x00, 0x07, 0xE0, 0x00, 0x00, 0x0F, 0x80, 0x00, 0x00, 0x00, 0x00,
    0x00, 0x01, 0xF8, 0x01, 0xFF, 0x81, 0xFF, 0xF0, 0xFC, 0x7E, 0x3C, 0x07, 0xDE, 0x00, 0xF7, 0x00,
    0x1D, 0xC0, 0x00, 0xF0, 0x00, 0x3C, 0x00, 0x0F, 0x00, 0x03, 0xC0, 0x00, 0xF0, 0x00, 0x1C, 0x00,
    0x77, 0x80, 0x1D, 0xE0, 0x0F, 0x3E, 0x07, 0xC7, 0xFF, 0xF0, 0xFF, 0xFC, 0x1F, 0xE7, 0x00, 0x01,
    0xC0, 0x00, 0x70, 0x0F, 0xE0, 0x7F, 0xC3, 0xFF, 0x9E, 0x0F, 0x70, 0x1F, 0xC0, 0x3E, 0x00, 0x38,
    0x00, 0xE0, 0x03, 0x80, 0x0F, 0x00, 0x1C, 0x00, 0x78, 0x01, 0xF0, 0x03, 0xF8, 0x07, 0xE0, 0x03,
    0x80, 0x0E, 0x00, 0x38, 0x00, 0xE0, 0x03, 0x80, 0x00, 0x00, 0x00, 0x0E, 0x00, 0x1C, 0x06, 0x3C,
    0x0F, 0xB8, 0x07, 0xF8, 0x03, 0xF0, 0x00, 0xFC, 0x00, 0xFE, 0x01, 0xCF, 0x63, 0xC6, 0xFB, 0x80,
    0x7F, 0x80, 0x1F, 0x00, 0x0F, 0xC0, 0x0F, 0xE0, 0x1C, 0xF0, 0x3C, 0x60, 0x38, 0x00, 0x78, 0x00,
    0x00, 0xFF, 0xFF, 0xFF, 0xFF, 0xFE, 0x00, 0x00, 0x00, 0x00, 0x80, 0x7E, 0x7F, 0xFF, 0xE7, 0x70,
    0x30, 0x6E, 0xE7, 0x72, 0x77, 0x7F, 0xE4, 0x18, 0x07, 0xF0, 0xFF, 0xFE, 0x3F, 0xC0, 0xF0, 0x00,
    0x0F, 0x00, 0x00, 0x00, 0xFC, 0x00, 0x00, 0x06, 0x60, 0x00, 0x00, 0x00, 0x00, 0x00, 0xF0, 0x00,
    0xF8, 0x0F, 0xC0, 0x0F, 0xE0, 0x66, 0x00, 0x77, 0x00, 0x00, 0x00, 0x00, 0x00, 0x00, 0x00, 0x00,
    0x00, 0x00, 0x00, 0x00, 0x00, 0x00, 0x00, 0xF0, 0x00, 0x03, 0xCF, 0xC0, 0x00, 0x3F, 0x67, 0x00,
    0x01, 0x98, 0x00, 0x00, 0x00, 0x00, 0x00, 0x00, 0x00, 0x00, 0x00, 0x00, 0x00, 0x00, 0x00, 0x00,
    0x01, 0x80, 0x01, 0x80, 0x3E, 0x00, 0x1F, 0x01, 0xB8, 0x01, 0xDC, 0x0C, 0xC0, 0x0C, 0x60, 0x00,
    0x08, 0x00, 0x00, 0x01, 0xF0, 0x00, 0x00, 0x1F, 0x80, 0x00, 0x00, 0xCC, 0x00, 0x00, 0x00, 0x00,
    0x00, 0x00, 0x00, 0x70, 0x00, 0x00, 0x07, 0x00, 0x00, 0x00, 0x60, 0x00, 0x04, 0x0E, 0x00, 0x00,
    0xE0, 0xE0, 0x30, 0x07, 0x00, 0x0F, 0x00, 0x70, 0x01, 0xE0, 0x03, 0x80, 0x1C, 0x00, 0x30, 0x00,
    0x00, 0x00, 0x00, 0x00, 0x00, 0x00, 0x00, 0x00, 0x00, 0x00, 0x00, 0x0F, 0xC0, 0x00, 0x38, 0x7C,
    0x00, 0x03, 0xE1, 0xC0, 0x00, 0x1E, 0x00, 0x00, 0x00, 0x00, 0x00, 0x00, 0x00, 0x00, 0x00, 0x00,
    0x00, 0x00, 0x00, 0x00, 0x01, 0x00, 0x1C, 0x00, 0x78, 0x01, 0xC0, 0x0F, 0x80, 0x0E, 0x01, 0xE0,
    0x70, 0x60, 0x00, 0x06, 0x06, 0x00, 0x00, 0xE0, 0x00, 0x00, 0x0E, 0x00, 0x00, 0x00, 0xC0, 0x00,
    0x0E, 0x18, 0x00, 0x39, 0xC0, 0x01, 0xFE, 0x00, 0x07, 0xE0, 0x00, 0x00, 0x00, 0x00, 0x00, 0x01,
    0x80, 0x0E, 0x1E, 0x00, 0xF8, 0xF0, 0x07, 0xC7, 0x80, 0x7E, 0x3C, 0x07, 0xF1, 0xE0, 0x3F, 0x8F,
    0x03, 0xFC, 0x78, 0x3D, 0xE3, 0xC1, 0xEF, 0x1E, 0x1E, 0x78, 0xF0, 0xE3, 0xC7, 0x8F, 0x1E, 0x3C,
    0xF0, 0xF1, 0xE7, 0x07, 0x8F, 0x78, 0x3C, 0x77, 0x81, 0xE3, 0xBC, 0x0F, 0x1F, 0xC0, 0x78, 0xFC,
    0x03, 0xC7, 0xE0, 0x1F, 0xBE, 0x00, 0xFD, 0xE0, 0x07, 0xE0, 0x00, 0x0F, 0x00, 0x00, 0x70, 0x00,
    0x03, 0x80, 0x00, 0x3C, 0x00, 0x01, 0xC0, 0x38, 0xE0, 0x38, 0xE0, 0x1F, 0xC0, 0x0F, 0x80, 0x00,
    0x00, 0x00, 0x00, 0xE0, 0x38, 0xE0, 0x78, 0xE0, 0x78, 0xE0, 0xF8, 0xE1, 0xF8, 0xE1, 0xF8, 0xE3,
    0xB8, 0xE7, 0xB8, 0xE7, 0x38, 0xEE, 0x38, 0xFE, 0x38, 0xFC, 0x38, 0xF8, 0x38, 0xF8, 0x3F, 0xF0,
    0x3F, 0xE0, 0x3E, 0x00, 0x0E, 0x00, 0x0E, 0x00, 0x1E, 0x00, 0x1C, 0x00, 0x1C, 0x0C, 0x00, 0x03,
    0xC0, 0x00, 0x78, 0x00, 0x0F, 0x00, 0x0F, 0xFF, 0x01, 0xFF, 0xE0, 0x3F, 0xFC, 0x00, 0xF0, 0x00,
    0x1E, 0x00, 0x03, 0xFF, 0xC0, 0x7F, 0xFE, 0x0F, 0xFF, 0xE1, 0xE0, 0x3C, 0x3C, 0x03, 0xC7, 0x80,
    0x78, 0xF0, 0x07, 0x1E, 0x01, 0xE3, 0xC0, 0x3C, 0x78, 0x0F, 0x0F, 0xFF, 0xE1, 0xFF, 0xF8, 0x3F,
    0xFC, 0x00, 0x0E, 0x00, 0x0F, 0x00, 0x07, 0x80, 0x03, 0xC0, 0x0F, 0xFF, 0x07, 0xFF, 0x83, 0xFF,
    0x80, 0x3C, 0x00, 0x1E, 0x00, 0x0F, 0xF0, 0x07, 0xFF, 0x03, 0xFF, 0xE1, 0xFF, 0xF0, 0xF0, 0x3C,
    0x78, 0x1E, 0x3C, 0x0F, 0x1E, 0x07, 0x0F, 0xFF, 0x87, 0xFF, 0x83, 0xFF, 0x80, 0x7F, 0x80, 0xFF,
    0xF0, 0xFF, 0xFC, 0xFF, 0xFC, 0xF0, 0x1E, 0xF0, 0x0E, 0xF0, 0x0E, 0xF0, 0x0E, 0xF0, 0x4E, 0xF0,
    0xEE, 0xF0, 0xFE, 0xFF, 0xFC, 0xFF, 0xF8, 0xFF, 0xF8, 0xFF, 0x9C, 0xF0, 0x1C, 0xF0, 0x00, 0xF0,
    0x00, 0xF0, 0x00, 0xF0, 0x00, 0xF0, 0x00, 0xF0, 0x00, 0xEF, 0xE1, 0xFF, 0xE3, 0xFF, 0xE7, 0xC1,
    0xEF, 0x03, 0xDC, 0x03, 0xB8, 0x07, 0x70, 0x0F, 0xE0, 0x1F, 0xC0, 0x3B, 0x81, 0x77, 0x87, 0xEF,
    0x0F, 0xDF, 0x9F, 0x3F, 0xFE, 0x77, 0xFE, 0xE3, 0x9D, 0xC0, 0x03, 0x80, 0x07, 0x00, 0x0E, 0x00,
    0x1C, 0x00, 0x00, 0x00, 0x1C, 0x00, 0xF0, 0x03, 0xC0, 0x0F, 0x7F, 0xFF, 0xFF, 0xFF, 0xFF, 0xFF,
    0xFE, 0xF0, 0x03, 0xC0, 0x0F, 0x00, 0x3C, 0x00, 0xF0, 0x03, 0xC0, 0x0F, 0x00, 0x3C, 0x00, 0xF0,
    0x03, 0xC0, 0x0F, 0x00, 0x3C, 0x00, 0xF0, 0x03, 0xC0, 0x0F, 0x00, 0x3C, 0x00, 0xF0, 0x03, 0xC0,
    0x00, 0x01, 0xC0, 0x38, 0x07, 0x00, 0xEF, 0xFD, 0xFF, 0xBF, 0xF7, 0x00, 0xE0, 0x1C, 0x03, 0x80,
    0x70, 0x0E, 0x01, 0xC0, 0x38, 0x07, 0x00, 0xE0, 0x1C, 0x03, 0x80, 0x70, 0x00, 0x0F, 0xFF, 0x0F,
    0xFF, 0xC7, 0xFF, 0xE3, 0xFF, 0xE1, 0xE0, 0x00, 0xF0, 0x00, 0x78, 0x00, 0x3C, 0x00, 0x1E, 0x00,
    0x0F, 0x00, 0x3F, 0xFE, 0x1F, 0xFF, 0x07, 0xFF, 0x80, 0xF0, 0x00, 0x78, 0x00, 0x3C, 0x00, 0x1E,
    0x00, 0x0F, 0x00, 0x07, 0x80, 0x03, 0xC0, 0x01, 0xE0, 0x00, 0xF0, 0x00, 0x3F, 0xF1, 0xFF, 0x8F,
    0xFC, 0x70, 0x03, 0x80, 0x1C, 0x00, 0xE0, 0x1F, 0xF8, 0xFF, 0xC7, 0xFC, 0x0E, 0x00, 0x70, 0x03,
    0x80, 0x1C, 0x00, 0xE0, 0x07, 0x00, 0x7F, 0xF8, 0xFF, 0xFC, 0xFF, 0xFC, 0xFF, 0xF8, 0xF0, 0x00,
    0xF0, 0x00, 0xF0, 0x00, 0xF0, 0x00, 0xF0, 0x00, 0xFF, 0xF0, 0xFF, 0xF8, 0xFF, 0xFC, 0xF8, 0x1E,
    0xF0, 0x0E, 0xF0, 0x0F, 0xF0, 0x0F, 0xF0, 0x0F, 0xF0, 0x0F, 0xF0, 0x0E, 0xF0, 0x1E, 0xF3, 0xFC,
    0xF3, 0xFC, 0x03, 0xF0, 0x03, 0xC0, 0xFF, 0xC7, 0xFE, 0x3F, 0xF1, 0xC0, 0x0E, 0x00, 0x70, 0x03,
    0x80, 0x1D, 0xF0, 0xFF, 0xE7, 0xFF, 0x3C, 0x3D, 0xC0, 0xEE, 0x07, 0xF0, 0x3F, 0x81, 0xFC, 0x0E,
    0x00, 0x70, 0x07, 0x83, 0xF8, 0x1F, 0x80, 0xF0, 0x00, 0x78, 0x06, 0x01, 0xC3, 0xC0, 0x78, 0x1E,
    0x0F, 0x03, 0xC0, 0xF0, 0x38, 0x1E, 0x0F, 0x01, 0xE0, 0xF0, 0x78, 0x07, 0x87, 0x87, 0x80, 0x3C,
    0x3C, 0x38, 0x00, 0xF1, 0xE3, 0xC0, 0x03, 0x8F, 0x3C, 0x00, 0x1E, 0x79, 0xE0, 0x00, 0x7F, 0xFE,
    0x00, 0x03, 0xFF, 0xF0, 0x00, 0x3F, 0xFF, 0xC0, 0x01, 0xC7, 0x9E, 0x00, 0x1E, 0x3C, 0x78, 0x01,
    0xE1, 0xE1, 0xC0, 0x0F, 0x0F, 0x0F, 0x00, 0xF0, 0x78, 0x3C, 0x0F, 0x03, 0xC1, 0xE0, 0x78, 0x1E,
    0x07, 0xE7, 0x80, 0xF0, 0x1F, 0xB8, 0x07, 0x80, 0xFC, 0x00, 0x00, 0x01, 0xE0, 0x00, 0x00, 0x0F,
    0x00, 0x00, 0x00, 0x78, 0x00, 0x00, 0x03, 0xC0, 0x00, 0x00, 0x1C, 0x78, 0x38, 0x1E, 0x78, 0x38,
    0x3C, 0x3C, 0x38, 0x78, 0x1E, 0x38, 0xF0, 0x0F, 0x38, 0xE0, 0x07, 0x39, 0xE0, 0x03, 0xBB, 0xC0,
    0x03, 0xFF, 0x80, 0x03, 0xFF, 0x80, 0x03, 0xFF, 0xC0, 0x07, 0xB9, 0xE0, 0x0F, 0x39, 0xE0, 0x1E,
    0x38, 0xF0, 0x3C, 0x38, 0x7F, 0x3C, 0x38, 0x3F, 0x78, 0x38, 0x1F, 0x00, 0x00, 0x07, 0x00, 0x00,
    0x07, 0x00, 0x00, 0x07, 0x00, 0x00, 0x07, 0x00, 0x00, 0x07, 0x07, 0xE0, 0x1F, 0xF0, 0x3F, 0xFC,
    0x3C, 0x3C, 0x78, 0x1E, 0x70, 0x1E, 0x70, 0x1E, 0x00, 0x1E, 0x00, 0x1C, 0x00, 0x7C, 0x03, 0xF8,
    0x03, 0xF8, 0x03, 0xFC, 0x00, 0x1E, 0x00, 0x0E, 0x00, 0x0F, 0xF0, 0x0F, 0xF0, 0x0E, 0x78, 0x1E,
    0x7E, 0x7E, 0x3F, 0xFC, 0x1F, 0xF0, 0x03, 0xC0, 0x01, 0xE0, 0x01, 0xF0, 0x00, 0x70, 0x03, 0xF0,
    0x03, 0xE0, 0x1F, 0x87, 0xFE, 0x7F, 0xEF, 0x0F, 0xE0, 0x70, 0x0F, 0x01, 0xE0, 0xFC, 0x0F, 0xE0,
    0x1F, 0x00, 0x70, 0x07, 0xE0, 0x7F, 0x9F, 0x7F, 0xE3, 0xFC, 0x06, 0x00, 0x78, 0x07, 0xC0, 0x1C,
    0x0F, 0xC0, 0xF8, 0x60, 0x07, 0x3C, 0x03, 0xCF, 0x01, 0xE3, 0xC0, 0x78, 0xF0, 0x3C, 0x3C, 0x1E,
    0x0F, 0x0F, 0x03, 0xC3, 0xC0, 0xF1, 0xE0, 0x3C, 0xF0, 0x0F, 0xF8, 0x03, 0xFE, 0x00, 0xFF, 0xC0,
    0x3C, 0x78, 0x0F, 0x1E, 0x03, 0xC3, 0xC0, 0xF0, 0x78, 0x3C, 0x0F, 0x0F, 0x03, 0xC3, 0xC0, 0x7F,
    0xF0, 0x0F, 0xFC, 0x01, 0xF0, 0x00, 0x1C, 0x00, 0x07, 0x00, 0x01, 0xC0, 0x00, 0x70, 0x00, 0x1C,
    0xE0, 0x79, 0xC1, 0xF3, 0x83, 0xC7, 0x0F, 0x0E, 0x3C, 0x1C, 0xF0, 0x3B, 0xC0, 0x7F, 0x80, 0xFF,
    0x01, 0xFF, 0x03, 0x9E, 0x07, 0x1E, 0x0E, 0x1E, 0x1C, 0x1F, 0xB8, 0x3F, 0xF0, 0x3F, 0x00, 0x1E,
    0x00, 0x3C, 0x00, 0x78, 0x00, 0xF0, 0x01, 0xE0, 0x60, 0x07, 0x78, 0x07, 0xBC, 0x03, 0xDE, 0x03,
    0xCF, 0x01, 0xE7, 0x81, 0xE3, 0xD8, 0xE1, 0xFE, 0xF0, 0xFF, 0x70, 0x7F, 0xF8, 0x3F, 0xF8, 0x1F,
    0xFC, 0x0F, 0xFF, 0x07, 0xFF, 0x83, 0xFD, 0xE1, 0xFE, 0xF0, 0xF6, 0x3C, 0x78, 0x0E, 0x3C, 0x07,
    0x9E, 0x01, 0xCF, 0x00, 0xF7, 0x80, 0x3C, 0xE0, 0x1F, 0xC0, 0x7B, 0x80, 0xE7, 0x03, 0xCE, 0xEF,
    0x1D, 0xDC, 0x3B, 0xF8, 0x7F, 0xE0, 0xFF, 0xC1, 0xFF, 0xC3, 0xBB, 0x87, 0x77, 0x8E, 0xE7, 0x9C,
    0x07, 0x38, 0x0F, 0x70, 0x0F, 0xFF, 0x80, 0x1D, 0xFF, 0x00, 0x7B, 0xFE, 0x01, 0xE0, 0x1C, 0x07,
    0x80, 0x38, 0x0F, 0x00, 0x70, 0x3C, 0x00, 0xE0, 0xF0, 0x01, 0xC3, 0xC0, 0x03, 0x87, 0x80, 0x07,
    0x1E, 0x00, 0x0F, 0xF8, 0x00, 0x1F, 0xF0, 0x00, 0x3F, 0xF0, 0x00, 0x71, 0xF0, 0x00, 0xE1, 0xE0,
    0x01, 0xC1, 0xE0, 0x03, 0x81, 0xE0, 0x07, 0x03, 0xE0, 0x0E, 0x03, 0xC0, 0x1C, 0x03, 0xC0, 0x38,
    0x03, 0xC0, 0x70, 0x07, 0xC0, 0xFF, 0x03, 0xFF, 0xC1, 0xEF, 0xF0, 0xF0, 0x3C, 0x7C, 0x0F, 0x1E,
    0x03, 0xCF, 0x00, 0xF7, 0x80, 0x3F, 0xC0, 0x0F, 0xF0, 0x03, 0xFE, 0x00, 0xF3, 0xC0, 0x3C, 0x78,
    0x0F, 0x1E, 0x03, 0xC3, 0xC0, 0xF0, 0x78, 0x3C, 0x0F, 0x60, 0x03, 0x8F, 0x00, 0x38, 0xF0, 0x03,
    0x8F, 0x00, 0x38, 0xF0, 0x03, 0x8F, 0x00, 0x38, 0xF0, 0x03, 0x8F, 0x00, 0x38, 0xF0, 0x03, 0x8F,
    0x00, 0x38, 0xFF, 0xFF, 0x8F, 0xFF, 0xF8, 0xFF, 0xFF, 0x8F, 0x00, 0x38, 0xF0, 0x03, 0x8F, 0x00,
    0x38, 0xF0, 0x03, 0x8F, 0x00, 0x38, 0xF0, 0x03, 0x8F, 0x00, 0x3E, 0xF0, 0x03, 0xEF, 0x00, 0x3E,
    0x00, 0x00, 0xE0, 0x00, 0x0E, 0x00, 0x00, 0xE0, 0x00, 0x0E, 0x00, 0x00, 0xE0, 0xE0, 0x39, 0xC0,
    0x73, 0x80, 0xE7, 0x01, 0xCE, 0x03, 0x9C, 0x07, 0x3F, 0xFE, 0x7F, 0xFC, 0xFF, 0xF9, 0xC0, 0x73,
    0x80, 0xE7, 0x01, 0xCE, 0x03, 0x9C, 0x07, 0xF8, 0x0F, 0xF0, 0x1F, 0x00, 0x0E, 0x00, 0x1C, 0x00,
    0x38, 0x00, 0x70, 0x00, 0xE0, 0x60, 0x03, 0xFF, 0xBC, 0x00, 0xFF, 0xFF, 0x00, 0x3F, 0xFF, 0xC0,
    0x0E, 0x00, 0xF0, 0x03, 0x80, 0x3C, 0x00, 0xE0, 0x0F, 0x00, 0x38, 0x03, 0xC0, 0x0E, 0x00, 0xF0,
    0x03, 0x80, 0x3C, 0x00, 0xE0, 0x0F, 0xFF, 0xF8, 0x03, 0xFF, 0xFE, 0x00, 0xFF, 0xFF, 0x80, 0x3C,
    0x00, 0xE0, 0x0F, 0x00, 0x38, 0x03, 0xC0, 0x0E, 0x00, 0xF0, 0x03, 0x80, 0x3C, 0x00, 0xE0, 0x0F,
    0x00, 0x38, 0x03, 0xC0, 0x0E, 0x00, 0xF0, 0x03, 0x80, 0x3C, 0x00, 0xE0, 0x00, 0xE0, 0x3F, 0xF8,
    0x0F, 0xFE, 0x03, 0xFB, 0x80, 0xE0, 0xE0, 0x38, 0x38, 0x0E, 0x0F, 0xFF, 0x83, 0xFF, 0xE0, 0xFF,
    0xF8, 0x38, 0x0E, 0x0E, 0x03, 0x83, 0x80, 0xE0, 0xE0, 0x38, 0x38, 0x0E, 0x0E, 0x03, 0x83, 0x80,
    0xE0, 0x7F, 0xFF, 0x80, 0x07, 0xFF, 0xFC, 0x00, 0x3F, 0xFF, 0xE0, 0x01, 0xFF, 0xFF, 0x00, 0x0F,
    0x00, 0x38, 0x00, 0x78, 0x01, 0xC0, 0x03, 0xC0, 0x0E, 0x00, 0x1E, 0x00, 0x70, 0x00, 0xF0, 0x03,
    0x80, 0x07, 0x80, 0x1D, 0xFC, 0x3C, 0x00, 0xFF, 0xF9, 0xE0, 0x07, 0xFF, 0xEF, 0x00, 0x3E, 0x0F,
    0x78, 0x01, 0xE0, 0x3F, 0xC0, 0x0E, 0x01, 0xFE, 0x00, 0x70, 0x07, 0xF0, 0x03, 0x80, 0x3F, 0x80,
    0x1C, 0x01, 0xFC, 0x00, 0xE0, 0x1F, 0xE0, 0x07, 0x01, 0xEF, 0x00, 0x38, 0xFF, 0x78, 0x01, 0xCF,
    0xF0, 0x00, 0x00, 0x7F, 0x00, 0x00, 0x01, 0xC0, 0xFF, 0xF8, 0x00, 0xFF, 0xF8, 0x00, 0xFF, 0xF8,
    0x00, 0xE0, 0x38, 0x00, 0xE0, 0x38, 0x00, 0xE0, 0x38, 0x00, 0xE0, 0x38, 0x00, 0xE0, 0x3F, 0xF0,
    0xE0, 0x3F, 0xF8, 0xE0, 0x3F, 0xFC, 0xE0, 0x38, 0x1E, 0xE0, 0x38, 0x0E, 0xE0, 0x38, 0x0F, 0xE0,
    0x38, 0x0F, 0xE0, 0x38, 0x0F, 0xE0, 0x38, 0x0E, 0x00, 0x00, 0x1E, 0x00, 0x00, 0x7C, 0x00, 0x00,
    0xFC, 0x00, 0x00, 0x70, 0x00, 0x00, 0x00, 0x01, 0xC0, 0x00, 0x00, 0xF8, 0x00, 0x00, 0x3F, 0x00,
    0x00, 0x0F, 0xC0, 0xFC, 0x03, 0xC0, 0x7F, 0xC0, 0x70, 0x1F, 0xFC, 0x1E, 0x07, 0xC3, 0xC3, 0x80,
    0xF0, 0x3C, 0x70, 0x1C, 0x07, 0x9E, 0x07, 0x80, 0x73, 0xC0, 0xF0, 0x0E, 0x78, 0x1E, 0x01, 0xCF,
    0x03, 0xC0, 0x79, 0xE0, 0x38, 0x0F, 0x1C, 0x07, 0x81, 0xC3, 0x80, 0xF0, 0x78, 0x78, 0x0F, 0x1E,
    0x07, 0x81, 0xF7, 0xC0, 0xF8, 0x1F, 0xF0, 0x0F, 0xFF, 0xFC, 0xE0, 0xFF, 0xFF, 0xFC, 0x07, 0xFF,
    0xFF, 0x80, 0x1E, 0x03, 0xC0, 0x0F, 0x00, 0x00, 0xF8, 0x00, 0x0F, 0xCF, 0xE0, 0xF0, 0xFF, 0x87,
    0x0F, 0xFE, 0x78, 0x78, 0xF3, 0xC3, 0x83, 0x9C, 0x3C, 0x1E, 0xE1, 0xE0, 0xF7, 0x0F, 0x07, 0xBC,
    0x38, 0x38, 0xE1, 0xE3, 0xC7, 0x87, 0xBC, 0x1F, 0x3F, 0xC8, 0xFF, 0xFF, 0xE1, 0xFF, 0xFF, 0x01,
    0xE0, 0xE0, 0x01, 0xF8, 0x00, 0xFF, 0xC0, 0x3F, 0xFE, 0x0F, 0xC7, 0xC3, 0xC0, 0x3C, 0x70, 0x03,
    0xDE, 0x00, 0x7B, 0x80, 0x07, 0x70, 0x00, 0x1E, 0x00, 0x03, 0xC0, 0x00, 0x78, 0x00, 0x0F, 0x00,
    0x01, 0xE0, 0x00, 0x1C, 0x00, 0x03, 0x80, 0x07, 0x78, 0x01, 0xE7, 0x80, 0x38, 0xF8, 0x1F, 0x0F,
    0xFF, 0xC0, 0xFF, 0xF0, 0x0F, 0xFC, 0x00, 0x3C, 0x00, 0x03, 0xC0, 0x00, 0x7C, 0x00, 0x03, 0x80,
    0x03, 0xF0, 0x00, 0x7C, 0x00, 0x0F, 0xE0, 0x3F, 0xE0, 0xFF, 0xE3, 0xC1, 0xE7, 0x01, 0xDE, 0x00,
    0x38, 0x00, 0x70, 0x00, 0xE0, 0x01, 0xC0, 0x03, 0xC0, 0x03, 0x80, 0xE7, 0x83, 0xCF, 0x8F, 0x8F,
    0xFE, 0x0F, 0xF8, 0x03, 0x80, 0x07, 0x80, 0x0F, 0x80, 0x03, 0x00, 0x3E, 0x00, 0x7C, 0x00, 0xFF,
    0xFF, 0x7F, 0xFF, 0xFF, 0xFF, 0xEF, 0xFF, 0xE0, 0x1C, 0x00, 0x0E, 0x00, 0x07, 0x00, 0x03, 0x80,
    0x01, 0xC0, 0x00, 0xE0, 0x00, 0x70, 0x00, 0x38, 0x00, 0x1C, 0x00, 0x0E, 0x00, 0x07, 0x00, 0x03,
    0x80, 0x01, 0xC0, 0x00, 0xE0, 0x00, 0x70, 0x00, 0x3E, 0x00, 0x1F, 0x00, 0x0F, 0x80, 0x01, 0xC0,
    0x00, 0xE0, 0x00, 0x70, 0x00, 0x38, 0x00, 0x1C, 0x00, 0xFF, 0xFF, 0xFF, 0xFF, 0xFF, 0xC1, 0xC0,
    0x07, 0x00, 0x1C, 0x00, 0x70, 0x01, 0xC0, 0x07, 0x00, 0x1C, 0x00, 0x70, 0x01, 0xC0, 0x07, 0x00,
    0x1F, 0x00, 0x7C, 0x01, 0xF0, 0x01, 0xC0, 0x07, 0x00, 0x1C, 0x00, 0x70, 0x01, 0xC0, 0x70, 0x00,
    0xEF, 0x00, 0x3D, 0xE0, 0x0F, 0x1E, 0x01, 0xE1, 0xC0, 0x78, 0x3C, 0x0E, 0x03, 0xC3, 0xC0, 0x78,
    0xF0, 0x07, 0x9E, 0x00, 0x77, 0x80, 0x0F, 0xE0, 0x00, 0xFC, 0x00, 0x0F, 0x00, 0x01, 0xE0, 0x00,
    0x3C, 0x00, 0x07, 0x80, 0x00, 0xF0, 0x00, 0x1E, 0x00, 0x03, 0xC0, 0x00, 0x78, 0x00, 0x0F, 0x00,
    0x01, 0xE0, 0x00, 0x70, 0x0F, 0x70, 0x0E, 0x78, 0x1E, 0x38, 0x1E, 0x38, 0x1C, 0x3C, 0x3C, 0x1C,
    0x38, 0x1C, 0x38, 0x1E, 0x78, 0x0E, 0x70, 0x0F, 0x70, 0x07, 0xE0, 0x07, 0xE0, 0x07, 0xE0, 0x03,
    0xC0, 0x03, 0xC0, 0x03, 0xC0, 0x03, 0xC0, 0x03, 0xC0, 0x03, 0xC0, 0x03, 0xC0, 0x03, 0xC0, 0x70,
    0x00, 0xEF, 0x00, 0x3D, 0xE0, 0x0F, 0x1E, 0x01, 0xE1, 0xC0, 0x78, 0x3C, 0x0E, 0x03, 0xC3, 0xC0,
    0x78, 0xF0, 0x07, 0x9E, 0x00, 0x77, 0x80, 0x0F, 0xE0, 0x00, 0xFC, 0x00, 0x0F, 0x00, 0x01, 0xE0,
    0x00, 0x3C, 0x00, 0x7F, 0xF8, 0x0F, 0xFF, 0x01, 0xFF, 0xE0, 0x03, 0xC0, 0x00, 0x78, 0x00, 0x0F,
    0x00, 0x01, 0xE0, 0x00, 0x70, 0x0F, 0x70, 0x0E, 0x78, 0x1E, 0x38, 0x1E, 0x38, 0x1C, 0x3C, 0x3C,
    0x1C, 0x38, 0x1C, 0x38, 0x1E, 0x78, 0x0E, 0x70, 0x0F, 0x70, 0x07, 0xE0, 0x07, 0xE0, 0x07, 0xE0,
    0x03, 0xC0, 0x03, 0xC0, 0x1F, 0xF8, 0x1F, 0xF8, 0x1F, 0xF8, 0x03, 0xC0, 0x03, 0xC0, 0x03, 0xC0,
    0x70, 0x00, 0xC3, 0xC0, 0x0F, 0x0F, 0x00, 0xF0, 0x3C, 0x0F, 0x01, 0xE0, 0x70, 0x07, 0x87, 0x80,
    0x1E, 0x78, 0x00, 0xF3, 0x80, 0x03, 0xFC, 0x00, 0x0F, 0xC0, 0x00, 0x7C, 0x00, 0x01, 0xE0, 0x00,
    0x1F, 0x80, 0x01, 0xFE, 0x00, 0x0E, 0xF0, 0x00, 0xF3, 0xC0, 0x0F, 0x0F, 0x00, 0xF0, 0x78, 0x07,
    0x81, 0xE0, 0x78, 0x07, 0xE7, 0x80, 0x3F, 0x3C, 0x00, 0xF8, 0x00, 0x01, 0xC0, 0x00, 0x0E, 0x00,
    0x00, 0x70, 0x00, 0x03, 0x80, 0x00, 0x1C, 0x78, 0x1E, 0x1C, 0x1E, 0x0F, 0x0F, 0x03, 0xCF, 0x00,
    0xE7, 0x00, 0x7F, 0x00, 0x1F, 0x80, 0x07, 0x80, 0x03, 0xC0, 0x03, 0xF0, 0x03, 0xF8, 0x01, 0xCE,
    0x01, 0xE7, 0x81, 0xE1, 0xF9, 0xE0, 0xFE, 0xF0, 0x3F, 0x00, 0x07, 0x80, 0x03, 0xC0, 0x01, 0xE0,
    0x00, 0xF0, 0x00, 0x78, 0xFF, 0xFF, 0x0E, 0x7F, 0xFF, 0xC7, 0x3F, 0xFF, 0xE3, 0x80, 0x78, 0x01,
    0xC0, 0x1C, 0x00, 0xE0, 0x0E, 0x00, 0x70, 0x07, 0x00, 0x38, 0x03, 0x80, 0x1C, 0x01, 0xC0, 0x0E,
    0x00, 0xE0, 0x07, 0x00, 0x70, 0x03, 0x80, 0x38, 0x01, 0xC0, 0x1C, 0x00, 0xE0, 0x0E, 0x00, 0x70,
    0x07, 0x00, 0x38, 0x03, 0x80, 0x1C, 0x01, 0xC0, 0x0E, 0x00, 0xE0, 0x07, 0x00, 0x70, 0x03, 0x80,
    0x3F, 0xFF, 0xF0, 0x1F, 0xFF, 0xF8, 0x0F, 0xFF, 0xFC, 0x00, 0x00, 0x0E, 0x00, 0x00, 0x07, 0x00,
    0x00, 0x03, 0x80, 0x00, 0x01, 0xC0, 0x00, 0x00, 0xE0, 0xFF, 0xE3, 0x9F, 0xFC, 0x73, 0xFF, 0x8E,
    0x07, 0x01, 0xC0, 0xE0, 0x38, 0x1C, 0x07, 0x03, 0x80, 0xE0, 0x70, 0x1C, 0x0E, 0x03, 0x81, 0xC0,
    0x70, 0x38, 0x0E, 0x07, 0x01, 0xC0, 0xE0, 0x38, 0x1F, 0xFF, 0xC3, 0xFF, 0xF8, 0x7F, 0xFF, 0x00,
    0x00, 0xE0, 0x00, 0x1C, 0x00, 0x03, 0x80, 0x00, 0x70, 0x00, 0x0E, 0xE0, 0x07, 0x38, 0x01, 0xCE,
    0x00, 0x73, 0x80, 0x1C, 0xE0, 0x07, 0x38, 0x01, 0xCE, 0x00, 0x73, 0x80, 0x1C, 0xE0, 0x07, 0x3C,
    0x01, 0xCF, 0x81, 0xF1, 0xFF, 0xFC, 0x3F, 0xFF, 0x07, 0xFD, 0xC0, 0x00, 0x70, 0x00, 0x1C, 0x00,
    0x07, 0x00, 0x01, 0xC0, 0x00, 0x70, 0x00, 0x1F, 0x00, 0x07, 0xC0, 0x01, 0xF0, 0x00, 0x1C, 0x00,
    0x07, 0x00, 0x01, 0xC0, 0x00, 0x70, 0x00, 0x1C, 0xE0, 0x39, 0xC0, 0x73, 0x80, 0xE7, 0x01, 0xCE,
    0x03, 0x9C, 0x07, 0x38, 0x0E, 0x78, 0x1C, 0xFF, 0xF8, 0xFF, 0xF0, 0xFF, 0xE0, 0x01, 0xC0, 0x03,
    0x80, 0x07, 0xC0, 0x0F, 0x80, 0x1F, 0x00, 0x0E, 0x00, 0x1C, 0x00, 0x38, 0x00, 0x70, 0x00, 0xE0,
    0xE0, 0x07, 0xE0, 0x07, 0xE0, 0x07, 0xE0, 0x07, 0xE0, 0x07, 0xE0, 0x07, 0xE0, 0x07, 0xE1, 0x87,
    0xE3, 0x87, 0xF3, 0x87, 0xFB, 0x9F, 0x7F, 0xFF, 0x3F, 0xFF, 0x1F, 0xF7, 0x03, 0x87, 0x03, 0x87,
    0x03, 0x87, 0x00, 0x07, 0x00, 0x07, 0x00, 0x07, 0x00, 0x07, 0x00, 0x07, 0xE0, 0x3F, 0x01, 0xF8,
    0x0F, 0xC0, 0x7E, 0x03, 0xF3, 0x1F, 0x9C, 0xFE, 0xE7, 0xFF, 0xFB, 0xFF, 0xCF, 0xFE, 0x0E, 0x70,
    0x73, 0x83, 0x9C, 0x1C, 0xE0, 0x07, 0x60, 0x00, 0x78, 0x00, 0x3C, 0x00, 0x1E, 0x00, 0x0F, 0x00,
    0x07, 0x80, 0x03, 0xC0, 0x01, 0xE0, 0x00, 0xF1, 0xE0, 0x7F, 0xFE, 0x3F, 0xFF, 0x9F, 0xEF, 0xEF,
    0x00, 0xF7, 0x80, 0x3B, 0xC0, 0x1D, 0xE0, 0x0E, 0xF0, 0x07, 0x78, 0x03, 0xBC, 0x01, 0xDE, 0x00,
    0xEF, 0x00, 0x77, 0x80, 0x38, 0xE0, 0x07, 0x00, 0x38, 0x01, 0xC0, 0x0E, 0x00, 0x70, 0x03, 0xBF,
    0x9F, 0xFE, 0xFF, 0xF7, 0x83, 0xFC, 0x0F, 0xC0, 0x7E, 0x03, 0xF0, 0x1F, 0x80, 0xFC, 0x07, 0xE0,
    0x3F, 0x01, 0xF8, 0x0F, 0xC0, 0x7E, 0x03, 0xF0, 0x1C, 0x00, 0x1F, 0x80, 0x00, 0xFF, 0xC0, 0x07,
    0xFF, 0xC0, 0x0F, 0x8F, 0xC0, 0x3C, 0x07, 0xC0, 0xF0, 0x07, 0x81, 0xE0, 0x07, 0x73, 0x80, 0x0F,
    0xEF, 0x00, 0x0F, 0xDE, 0x00, 0x1F, 0xFF, 0xFF, 0xFB, 0xFF, 0xFF, 0xF3, 0xFF, 0xFF, 0xE1, 0xE0,
    0x00, 0x03, 0xC0, 0x00, 0x03, 0x80, 0x0F, 0x07, 0x80, 0x1E, 0x0F, 0x00, 0x78, 0x0F, 0x81, 0xF0,
    0x0F, 0xFF, 0xC0, 0x0F, 0xFF, 0x00, 0x0F, 0xFC, 0x00, 0x03, 0xC0, 0x00, 0x00, 0x7F, 0x00, 0x0F,
    0xF8, 0x01, 0xFF, 0xCC, 0x3C, 0x1E, 0xE3, 0x80, 0xEE, 0x70, 0x0E, 0xFF, 0xFF, 0xF7, 0xFF, 0xFF,
    0x3F, 0xFF, 0xF0, 0x70, 0x00, 0x07, 0x00, 0x00, 0x78, 0x0C, 0x03, 0xC0, 0xE0, 0x3E, 0x3E, 0x01,
    0xFF, 0xC0, 0x0F, 0xF8, 0x00, 0x1E, 0x00, 0x00, 0x1F, 0x80, 0x00, 0xFF, 0xC0, 0x07, 0xFF, 0xC0,
    0x0F, 0x8F, 0xC0, 0x3C, 0x07, 0xC0, 0xF0, 0x07, 0x81, 0xE0, 0x07, 0x73, 0x80, 0x0F, 0xEF, 0x00,
    0x0F, 0xDE, 0x00, 0x1F, 0xFF, 0xFF, 0xFB, 0xFF, 0xFF, 0xF3, 0xFF, 0xFF, 0xE1, 0xE0, 0x00, 0x03,
    0xC0, 0x00, 0x03, 0x80, 0x0F, 0x07, 0x80, 0x1E, 0x0F, 0x00, 0x78, 0x0F, 0x81, 0xF0, 0x0F, 0xFF,
    0xC0, 0x0F, 0xFF, 0x00, 0x0F, 0xFC, 0x00, 0x03, 0xC0, 0x00, 0x07, 0x00, 0x00, 0x0E, 0x00, 0x00,
    0x1C, 0x00, 0x00, 0x38, 0x00, 0x00, 0x7F, 0x00, 0x0F, 0xF8, 0x01, 0xFF, 0xCC, 0x3C, 0x1E, 0xE3,
    0x80, 0xEE, 0x70, 0x0E, 0xFF, 0xFF, 0xF7, 0xFF, 0xFF, 0x3F, 0xFF, 0xF0, 0x70, 0x00, 0x07, 0x00,
    0x00, 0x78, 0x0C, 0x03, 0xC0, 0xE0, 0x3E, 0x3E, 0x01, 0xFF, 0xC0, 0x0F, 0xF8, 0x00, 0x1E, 0x00,
    0x01, 0xE0, 0x00, 0x1F, 0x00, 0x00, 0x70, 0x00, 0x1F, 0x00, 0x03, 0xE0, 0x6F, 0xFF, 0xFF, 0xFF,
    0xFF, 0xFF, 0xFF, 0xFF, 0xFF, 0xFF, 0xFF, 0x00, 0x70, 0xC0, 0x00, 0x03, 0x9C, 0x00, 0x00, 0x3F,
    0xC0, 0x00, 0x01, 0xF8, 0x00, 0x00, 0x00, 0x00, 0x00, 0x00, 0x00, 0x00, 0x78, 0x06, 0x01, 0xC7,
    0x80, 0xF0, 0x3C, 0x3C, 0x0F, 0x03, 0xC1, 0xC0, 0xF0, 0x78, 0x1E, 0x0F, 0x07, 0x80, 0xF0, 0xF0,
    0xF0, 0x0F, 0x0F, 0x0E, 0x00, 0x78, 0xF1, 0xE0, 0x03, 0x8F, 0x3C, 0x00, 0x3C, 0xF3, 0xC0, 0x01,
    0xFF, 0xF8, 0x00, 0x1F, 0xFF, 0x80, 0x03, 0xFF, 0xFC, 0x00, 0x38, 0xF3, 0xC0, 0x07, 0x8F, 0x1E,
    0x00, 0xF0, 0xF0, 0xE0, 0x0F, 0x0F, 0x0F, 0x01, 0xE0, 0xF0, 0x78, 0x3C, 0x0F, 0x07, 0x83, 0xC0,
    0xF0, 0x3C, 0x78, 0x0F, 0x01, 0xC7, 0x00, 0xF0, 0x1E, 0x01, 0xC7, 0x00, 0x03, 0xCE, 0x00, 0x03,
    0xF8, 0x00, 0x03, 0xE0, 0x00, 0x00, 0x00, 0x00, 0x00, 0x00, 0x1E, 0x0E, 0x07, 0xBC, 0x1C, 0x1E,
    0x3C, 0x38, 0x78, 0x3C, 0x71, 0xE0, 0x3C, 0xE3, 0x80, 0x39, 0xCF, 0x00, 0x3B, 0xBC, 0x00, 0x7F,
    0xF0, 0x00, 0xFF, 0xE0, 0x01, 0xFF, 0xE0, 0x07, 0xB9, 0xE0, 0x1E, 0x73, 0xC0, 0x78, 0xE3, 0xC1,
    0xE1, 0xC3, 0xC3, 0xC3, 0x83, 0xCF, 0x07, 0x03, 0xC0, 0x60, 0x07, 0x78, 0x07, 0xBC, 0x07, 0x9E,
    0x07, 0x8F, 0x07, 0xC7, 0x83, 0xC3, 0xC3, 0xC1, 0xE3, 0xC0, 0xF3, 0xC0, 0x7B, 0xC0, 0x3F, 0xF8,
    0x1F, 0xFF, 0x0F, 0xFF, 0xC7, 0x81, 0xF3, 0xC0, 0x3D, 0xE0, 0x1E, 0xF0, 0x07, 0x78, 0x03, 0xBC,
    0x01, 0xDE, 0x00, 0xEF, 0x00, 0x77, 0x80, 0x78, 0x00, 0x38, 0x00, 0xFC, 0x00, 0xFC, 0x00, 0x3C,
    0x00, 0x10, 0x00, 0xE0, 0x7B, 0x83, 0xEE, 0x0F, 0x38, 0x78, 0xE3, 0xC3, 0x9E, 0x0E, 0xF0, 0x3F,
    0xF0, 0xFF, 0xE3, 0xFF, 0xCE, 0x07, 0xB8, 0x0F, 0xE0, 0x1F, 0x80, 0x7E, 0x03, 0xF8, 0x0F, 0x00,
    0x78, 0x07, 0xC0, 0x1E, 0x00, 0x30, 0x07, 0xFF, 0xC0, 0x3F, 0xFE, 0x03, 0xFF, 0xF0, 0x1F, 0xFF,
    0x80, 0xF0, 0x1C, 0x07, 0x80, 0xE0, 0x3C, 0x07, 0x01, 0xC0, 0x38, 0x0E, 0x01, 0xC0, 0x70, 0x0E,
    0x03, 0x80, 0x70, 0x1C, 0x03, 0x80, 0xE0, 0x1C, 0x07, 0x00, 0xE0, 0x78, 0x07, 0x03, 0xC0, 0x38,
    0x1E, 0x01, 0xC0, 0xE0, 0x0E, 0x07, 0x00, 0x71, 0xF8, 0x03, 0xFF, 0x80, 0x1F, 0xF8, 0x00, 0xFC,
    0x00, 0x01, 0xC0, 0x00, 0x0E, 0x00, 0x00, 0xF0, 0x00, 0x07, 0x00, 0x00, 0x38, 0x1F, 0xFE, 0x07,
    0xFF, 0x81, 0xFF, 0xE0, 0x78, 0x38, 0x1C, 0x0E, 0x07, 0x03, 0x81, 0xC0, 0xE0, 0x70, 0x38, 0x1C,
    0x0E, 0x07, 0x03, 0x81, 0xC0, 0xE0, 0x70, 0x38, 0x3C, 0x0E, 0x3E, 0x03, 0xEF, 0x80, 0xFB, 0xC0,
    0x3E, 0x00, 0x03, 0x80, 0x01, 0xC0, 0x00, 0x70, 0x00, 0x1C, 0x00, 0x0F, 0x00, 0x60, 0x03, 0xF8,
    0x01, 0xFC, 0x00, 0xFE, 0x00, 0x7F, 0x00, 0x3F, 0x80, 0x1F, 0xC0, 0x0F, 0xE0, 0x07, 0xF0, 0x03,
    0xF8, 0x01, 0xFF, 0xFF, 0xFF, 0xFF, 0xFF, 0xFF, 0xFF, 0x80, 0x1F, 0xC0, 0x0F, 0xE0, 0x07, 0xF0,
    0x03, 0xF8, 0x01, 0xFC, 0x00, 0xFE, 0x00, 0x7F, 0x00, 0x3F, 0x80, 0x1C, 0x00, 0x0E, 0x00, 0x07,
    0x00, 0x03, 0x80, 0x0F, 0xC0, 0x07, 0xE0, 0x03, 0xE0, 0x00, 0x00, 0xE0, 0x3F, 0x01, 0xF8, 0x0F,
    0xC0, 0x7E, 0x03, 0xF0, 0x1F, 0xFF, 0xFF, 0xFF, 0xFF, 0xFF, 0x01, 0xF8, 0x0F, 0xC0, 0x7E, 0x03,
    0xF0, 0x1F, 0x80, 0xFC, 0x07, 0x00, 0x38, 0x01, 0xC0, 0x0E, 0x01, 0xF0, 0x1F, 0x80, 0xF8, 0x00,
    0x00, 0x60, 0x03, 0x8F, 0x00, 0x38, 0xF0, 0x03, 0x8F, 0x00, 0x38, 0xF0, 0x03, 0x8F, 0x00, 0x38,
    0xF0, 0x03, 0x8F, 0x00, 0x38, 0xF0, 0x03, 0x8F, 0x00, 0x38, 0xFF, 0xFF, 0x8F, 0xFF, 0xF8, 0xFF,
    0xFF, 0x8F, 0x00, 0x38, 0xF0, 0x03, 0x8F, 0x00, 0x38, 0xF0, 0x03, 0x8F, 0x00, 0x38, 0xF0, 0x03,
    0x8F, 0x00, 0x3F, 0xF0, 0x03, 0xFF, 0x00, 0x3F, 0x00, 0x00, 0xE0, 0x00, 0x0E, 0x00, 0x01, 0xE0,
    0x00, 0x1C, 0x00, 0x01, 0xC0, 0xE0, 0x38, 0xE0, 0x38, 0xE0, 0x38, 0xE0, 0x38, 0xE0, 0x38, 0xE0,
    0x38, 0xFF, 0xF8, 0xFF, 0xF8, 0xFF, 0xF8, 0xE0, 0x38, 0xE0, 0x38, 0xE0, 0x38, 0xE0, 0x38, 0xE0,
    0x3F, 0xE0, 0x3F, 0xE0, 0x3E, 0x00, 0x0E, 0x00, 0x1E, 0x00, 0x1C, 0x00, 0x1C, 0x00, 0x1C, 0xE0,
    0x07, 0x38, 0x01, 0xCE, 0x00, 0x73, 0x80, 0x1C, 0xE0, 0x07, 0x38, 0x01, 0xCE, 0x00, 0x73, 0x80,
    0x1C, 0xE0, 0x07, 0x3C, 0x01, 0xCF, 0x81, 0xF1, 0xFF, 0xFC, 0x3F, 0xFF, 0x07, 0xFD, 0xC0, 0x00,
    0x70, 0x00, 0x1C, 0x00, 0x07, 0x00, 0x01, 0xC0, 0x00, 0x70, 0x00, 0x1F, 0x00, 0x07, 0xC0, 0x01,
    0xF0, 0x00, 0x1C, 0x00, 0x07, 0x00, 0x01, 0xC0, 0x00, 0x70, 0x00, 0x1C, 0xE0, 0x39, 0xC0, 0x73,
    0x80, 0xE7, 0x01, 0xCE, 0x03, 0x9C, 0x07, 0x38, 0x0E, 0x78, 0x1C, 0xFF, 0xF8, 0xFF, 0xF0, 0xFF,
    0xE0, 0x01, 0xC0, 0x03, 0x80, 0x07, 0xC0, 0x0F, 0x80, 0x1F, 0x00, 0x0E, 0x00, 0x1C, 0x00, 0x38,
    0x00, 0x70, 0x00, 0xE0, 0x70, 0x00, 0x3C, 0x7C, 0x00, 0x3E, 0x3E, 0x00, 0x1F, 0x1F, 0x80, 0x1F,
    0x8F, 0xC0, 0x0F, 0xC7, 0xE0, 0x07, 0xE3, 0xF8, 0x07, 0xF1, 0xDC, 0x03, 0xB8, 0xEF, 0x03, 0xDC,
    0x73, 0x81, 0xCE, 0x39, 0xC0, 0xE7, 0x1C, 0xF0, 0xF3, 0x8E, 0x38, 0x71, 0xC7, 0x1E, 0x38, 0xE3,
    0x8F, 0x3C, 0x71, 0xC3, 0x9C, 0x38, 0xE1, 0xFE, 0x1C, 0x70, 0x7E, 0x0E, 0x38, 0x3F, 0x07, 0x1C,
    0x1F, 0x83, 0xEE, 0x07, 0x81, 0xF7, 0x03, 0xC0, 0xF8, 0x00, 0x00, 0x1C, 0x00, 0x00, 0x1E, 0x00,
    0x00, 0x0E, 0x00, 0x00, 0x07, 0x00, 0x00, 0x03, 0x80, 0xF0, 0x03, 0xC7, 0xC0, 0x3E, 0x3E, 0x01,
    0xF1, 0xF8, 0x1F, 0x8F, 0xC0, 0xFC, 0x7F, 0x07, 0xE3, 0xB8, 0x7F, 0x1D, 0xC3, 0xB8, 0xEF, 0x3D,
    0xC7, 0x39, 0xCE, 0x39, 0xEE, 0x71, 0xC7, 0xE3, 0x8E, 0x3F, 0x1C, 0x70, 0xF8, 0xFF, 0x87, 0x87,
    0xFC, 0x3C, 0x3F, 0x00, 0x00, 0x70, 0x00, 0x03, 0x80, 0x00, 0x3C, 0x00, 0x01, 0xC0, 0x00, 0x0E,
    0x00, 0xFF, 0xFF, 0xFF, 0xFF, 0xFF, 0xFF, 0xFF, 0xFF, 0xC0, 0x03, 0x0C, 0x00, 0x39, 0xC0, 0x03,
    0xFC, 0x00, 0x1F, 0x80, 0x00, 0x00, 0x00, 0x00, 0x00, 0x00, 0xE0, 0x00, 0x0F, 0x00, 0x01, 0xF0,
    0x00, 0x1F, 0x80, 0x01, 0xF8, 0x00, 0x3F, 0xC0, 0x03, 0x9C, 0x00, 0x39, 0xC0, 0x07, 0x9E, 0x00,
    0x70, 0xE0, 0x0F, 0x0E, 0x00, 0xF0, 0xF0, 0x0E, 0x07, 0x01, 0xFF, 0xF8, 0x1F, 0xFF, 0x81, 0xFF,
    0xF8, 0x3C, 0x03, 0xC3, 0x80, 0x3C, 0x38, 0x01, 0xC7, 0x80, 0x1E, 0x70, 0x00, 0xEF, 0x00, 0x0E,
    0x38, 0x60, 0xE7, 0x07, 0xF8, 0x1F, 0x80, 0x00, 0x00, 0x00, 0x7F, 0x87, 0xFE, 0x7F, 0xFB, 0x83,
    0xDC, 0x0E, 0x00, 0x70, 0x3F, 0x9F, 0xFD, 0xFF, 0xFF, 0x87, 0xF0, 0x3F, 0x01, 0xF8, 0x1F, 0xF1,
    0xF7, 0xFF, 0x9F, 0xDC, 0x38, 0x00, 0x03, 0x1C, 0x00, 0x79, 0xE0, 0x07, 0x9E, 0x00, 0x30, 0xC0,
    0x00, 0x00, 0x00, 0x00, 0x00, 0x00, 0xE0, 0x00, 0x0F, 0x00, 0x01, 0xF0, 0x00, 0x1F, 0x80, 0x01,
    0xF8, 0x00, 0x3F, 0xC0, 0x03, 0x9C, 0x00, 0x39, 0xC0, 0x07, 0x9E, 0x00, 0x70, 0xE0, 0x0F, 0x0E,
    0x00, 0xF0, 0xF0, 0x0E, 0x07, 0x01, 0xFF, 0xF8, 0x1F, 0xFF, 0x81, 0xFF, 0xF8, 0x3C, 0x03, 0xC3,
    0x80, 0x3C, 0x38, 0x01, 0xC7, 0x80, 0x1E, 0x70, 0x00, 0xEF, 0x00, 0x0E, 0x38, 0xE1, 0xE7, 0x8F,
    0x3C, 0x30, 0xC0, 0x00, 0x00, 0x00, 0x7F, 0x87, 0xFE, 0x7F, 0xFB, 0x83, 0xDC, 0x0E, 0x00, 0x70,
    0x3F, 0x9F, 0xFD, 0xFF, 0xFF, 0x87, 0xF0, 0x3F, 0x01, 0xF8, 0x1F, 0xF1, 0xF7, 0xFF, 0x9F, 0xDC,
    0x38, 0x00, 0x00, 0x1F, 0xFF, 0xE0, 0x03, 0xFF, 0xFE, 0x00, 0x3F, 0xFF, 0xE0, 0x07, 0x3F, 0xFE,
    0x00, 0x73, 0x80, 0x00, 0x0F, 0x38, 0x00, 0x00, 0xE3, 0x80, 0x00, 0x1E, 0x38, 0x00, 0x01, 0xC3,
    0x80, 0x00, 0x3C, 0x38, 0x00, 0x03, 0x83, 0xFF, 0xE0, 0x78, 0x3F, 0xFE, 0x07, 0x03, 0xFF, 0xE0,
    0xFF, 0xF8, 0x00, 0x0F, 0xFF, 0x80, 0x01, 0xFF, 0xF8, 0x00, 0x1C, 0x03, 0x80, 0x03, 0xC0, 0x38,
    0x00, 0x3C, 0x03, 0x80, 0x07, 0x80, 0x3F, 0xFE, 0x78, 0x03, 0xFF, 0xEF, 0x00, 0x3F, 0xFE, 0x1F,
    0xC3, 0xF8, 0x1F, 0xFB, 0xFE, 0x1F, 0xFF, 0xFF, 0x8E, 0x0F, 0xC1, 0xE7, 0x03, 0xC0, 0x70, 0x01,
    0xC0, 0x38, 0x0F, 0xFF, 0xFC, 0x7F, 0xFF, 0xFF, 0x7F, 0xFF, 0xFF, 0xFC, 0x1C, 0x00, 0x3C, 0x0E,
    0x00, 0x1C, 0x07, 0x80, 0xCE, 0x07, 0xC0, 0xF7, 0xC7, 0xF8, 0xF9, 0xFF, 0xBF, 0xF8, 0x7F, 0x8F,
    0xF8, 0x0F, 0x00, 0xE0, 0x00, 0x18, 0x70, 0x73, 0x81, 0xFE, 0x03, 0xF0, 0x00, 0x00, 0x00, 0x07,
    0xFF, 0xFF, 0xFF, 0xFF, 0xFF, 0xFF, 0xEF, 0x00, 0x3C, 0x00, 0xF0, 0x03, 0xC0, 0x0F, 0x00, 0x3C,
    0x00, 0xFF, 0xFB, 0xFF, 0xEF, 0xFF, 0xBC, 0x00, 0xF0, 0x03, 0xC0, 0x0F, 0x00, 0x3C, 0x00, 0xF0,
    0x03, 0xFF, 0xFF, 0xFF, 0xFF, 0xFF, 0x1C, 0x70, 0x38, 0xE0, 0x3F, 0x80, 0x3E, 0x00, 0x00, 0x00,
    0x00, 0x03, 0xF8, 0x0F, 0xF8, 0x3F, 0xF8, 0xF0, 0x79, 0xC0, 0x77, 0x80, 0xFF, 0xFF, 0xFF, 0xFF,
    0xFF, 0xFF, 0xF0, 0x00, 0xF0, 0x00, 0xE0, 0x31, 0xE0, 0x73, 0xE3, 0xE3, 0xFF, 0x83, 0xFE, 0x00,
    0xF0, 0x00, 0x01, 0xF0, 0x00, 0x7F, 0xE0, 0x1F, 0xFF, 0x03, 0xF1, 0xF8, 0x3C, 0x07, 0xC7, 0x80,
    0x3C, 0x70, 0x01, 0xE7, 0x00, 0x1E, 0x00, 0x00, 0xE0, 0x00, 0x0E, 0xFF, 0xFF, 0xEF, 0xFF, 0xFE,
    0xFF, 0xFF, 0xEF, 0x00, 0x0E, 0x70, 0x00, 0xE7, 0x00, 0x1E, 0x78, 0x01, 0xC7, 0x80, 0x3C, 0x3C,
    0x07, 0x81, 0xFF, 0xF8, 0x0F, 0xFF, 0x00, 0x7F, 0xC0, 0x00, 0xE0, 0x00, 0x00, 0x00, 0x3F, 0xC0,
    0xFF, 0xC3, 0xFF, 0xCF, 0x03, 0xCE, 0x03, 0x80, 0x07, 0x00, 0x0F, 0xFF, 0xFF, 0xFF, 0xFF, 0xFF,
    0xFF, 0x00, 0xEF, 0x01, 0xCE, 0x07, 0x9F, 0x3E, 0x1F, 0xF8, 0x1F, 0xE0, 0x07, 0x00, 0x07, 0x1C,
    0x00, 0x79, 0xE0, 0x07, 0x9E, 0x00, 0x71, 0xC0, 0x00, 0x00, 0x00, 0x00, 0x00, 0x01, 0xF0, 0x00,
    0x7F, 0xE0, 0x1F, 0xFF, 0x03, 0xF1, 0xF8, 0x3C, 0x07, 0xC7, 0x80, 0x3C, 0x70, 0x01, 0xE7, 0x00,
    0x1E, 0x00, 0x00, 0xE0, 0x00, 0x0E, 0xFF, 0xFF, 0xEF, 0xFF, 0xFE, 0xFF, 0xFF, 0xEF, 0x00, 0x0E,
    0x70, 0x00, 0xE7, 0x00, 0x1E, 0x78, 0x01, 0xC7, 0x80, 0x3C, 0x3C, 0x07, 0x81, 0xFF, 0xF8, 0x0F,
    0xFF, 0x00, 0x7F, 0xC0, 0x00, 0xE0, 0x00, 0x1C, 0x70, 0x3C, 0xF0, 0x71, 0xC0, 0xE3, 0x80, 0x00,
    0x00, 0x00, 0x07, 0xF8, 0x1F, 0xF8, 0x7F, 0xF9, 0xE0, 0x79, 0xC0, 0x70, 0x00, 0xE0, 0x01, 0xFF,
    0xFF, 0xFF, 0xFF, 0xFF, 0xFF, 0xE0, 0x1D, 0xE0, 0x39, 0xC0, 0xF3, 0xE7, 0xC3, 0xFF, 0x03, 0xFC,
    0x00, 0xE0, 0x00, 0x00, 0x71, 0xC0, 0x00, 0x07, 0x9E, 0x00, 0x00, 0x79, 0xE0, 0x00, 0x03, 0x0C,
    0x00, 0x00, 0x00, 0x00, 0x00, 0x00, 0x00, 0x00, 0x78, 0x06, 0x01, 0xC7, 0x80, 0xF0, 0x3C, 0x3C,
    0x0F, 0x03, 0xC1, 0xC0, 0xF0, 0x78, 0x1E, 0x0F, 0x07, 0x80, 0xF0, 0xF0, 0xF0, 0x0F, 0x0F, 0x0E,
    0x00, 0x78, 0xF1, 0xE0, 0x03, 0x8F, 0x3C, 0x00, 0x3C, 0xF3, 0xC0, 0x01, 0xFF, 0xF8, 0x00, 0x1F,
    0xFF, 0x80, 0x03, 0xFF, 0xFC, 0x00, 0x38, 0xF3, 0xC0, 0x07, 0x8F, 0x1E, 0x00, 0xF0, 0xF0, 0xE0,
    0x0F, 0x0F, 0x0F, 0x01, 0xE0, 0xF0, 0x78, 0x3C, 0x0F, 0x07, 0x83, 0xC0, 0xF0, 0x3C, 0x78, 0x0F,
    0x01, 0xC7, 0x00, 0xF0, 0x1E, 0x01, 0xC7, 0x00, 0x03, 0xCF, 0x00, 0x07, 0x9E, 0x00, 0x0E, 0x38,
    0x00, 0x00, 0x00, 0x00, 0x00, 0x00, 0x1E, 0x0E, 0x07, 0xBC, 0x1C, 0x1E, 0x3C, 0x38, 0x78, 0x3C,
    0x71, 0xE0, 0x3C, 0xE3, 0x80, 0x39, 0xCF, 0x00, 0x3B, 0xBC, 0x00, 0x7F, 0xF0, 0x00, 0xFF, 0xE0,
    0x01, 0xFF, 0xE0, 0x07, 0xB9, 0xE0, 0x1E, 0x73, 0xC0, 0x78, 0xE3, 0xC1, 0xE1, 0xC3, 0xC3, 0xC3,
    0x83, 0xCF, 0x07, 0x03, 0xC0, 0x0C, 0x30, 0x1E, 0x78, 0x1E, 0x78, 0x0C, 0x30, 0x00, 0x00, 0x00,
    0x00, 0x07, 0xE0, 0x1F, 0xF0, 0x3F, 0xFC, 0x3C, 0x3C, 0x78, 0x1E, 0x70, 0x1E, 0x70, 0x1E, 0x00,
    0x1E, 0x00, 0x1C, 0x00, 0x7C, 0x03, 0xF8, 0x03, 0xF8, 0x03, 0xFC, 0x00, 0x1E, 0x00, 0x0E, 0x00,
    0x0F, 0xF0, 0x0F, 0xF0, 0x0E, 0x78, 0x1E, 0x7E, 0x7E, 0x3F, 0xFC, 0x1F, 0xF0, 0x03, 0xC0, 0x38,
    0xE7, 0x9E, 0x79, 0xE3, 0x0C, 0x00, 0x00, 0x00, 0x1F, 0x87, 0xFE, 0x7F, 0xEF, 0x0F, 0xE0, 0x70,
    0x0F, 0x01, 0xE0, 0xFC, 0x0F, 0xE0, 0x1F, 0x00, 0x70, 0x07, 0xE0, 0x7F, 0x9F, 0x7F, 0xE3, 0xFC,
    0x06, 0x00, 0x3F, 0xFC, 0x7F, 0xFE, 0x7F, 0xFE, 0x3F, 0xFC, 0x00, 0x78, 0x00, 0xF0, 0x00, 0xF0,
    0x01, 0xE0, 0x03, 0xC0, 0x07, 0x80, 0x07, 0xF8, 0x07, 0xFC, 0x00, 0x3E, 0x00, 0x1E, 0x00, 0x0E,
    0x00, 0x0F, 0xF0, 0x0F, 0xF0, 0x0E, 0x78, 0x1E, 0x7E, 0x7E, 0x3F, 0xFC, 0x1F, 0xF0, 0x03, 0xC0,
    0x3F, 0xFC, 0x7F, 0xFE, 0x7F, 0xFE, 0x3F, 0xFC, 0x00, 0x78, 0x00, 0xF0, 0x00, 0xF0, 0x01, 0xE0,
    0x03, 0xC0, 0x07, 0x80, 0x07, 0xF8, 0x07, 0xFC, 0x00, 0x3E, 0x00, 0x1E, 0x00, 0x0E, 0x00, 0x0F,
    0xF0, 0x0F, 0xF0, 0x0E, 0x78, 0x1E, 0x7E, 0x7E, 0x3F, 0xFC, 0x1F, 0xF0, 0x03, 0xC0, 0x07, 0xF8,
    0x01, 0xFE, 0x00, 0x00, 0x00, 0x00, 0x00, 0x00, 0x00, 0x18, 0x00, 0xEF, 0x00, 0x7F, 0xC0, 0x1F,
    0xF0, 0x0F, 0xFC, 0x07, 0xFF, 0x01, 0xFF, 0xC0, 0xFF, 0xF0, 0x7B, 0xFC, 0x1E, 0xFF, 0x0F, 0x3F,
    0xC3, 0x8F, 0xF1, 0xE3, 0xFC, 0xF0, 0xFF, 0x38, 0x3F, 0xDE, 0x0F, 0xEF, 0x03, 0xFB, 0xC0, 0xFF,
    0xE0, 0x3F, 0xF0, 0x0F, 0xFC, 0x03, 0xFE, 0x00, 0xFF, 0x00, 0x3C, 0x3F, 0xE1, 0xFF, 0x00, 0x00,
    0x00, 0x00, 0x00, 0x70, 0x1F, 0x81, 0xFC, 0x0F, 0xE0, 0xFF, 0x0F, 0xF8, 0x7F, 0xC7, 0x7E, 0x7B,
    0xF3, 0x9F, 0xB8, 0xFF, 0xC7, 0xFC, 0x3F, 0xC1, 0xFE, 0x0F, 0xE0, 0x7E, 0x03, 0x80, 0x0E, 0x38,
    0x03, 0xCF, 0x00, 0xF3, 0xC0, 0x18, 0x60, 0x00, 0x00, 0x00, 0x00, 0x06, 0x00, 0x3B, 0xC0, 0x1F,
    0xF0, 0x07, 0xFC, 0x03, 0xFF, 0x01, 0xFF, 0xC0, 0x7F, 0xF0, 0x3F, 0xFC, 0x1E, 0xFF, 0x07, 0xBF,
    0xC3, 0xCF, 0xF0, 0xE3, 0xFC, 0x78, 0xFF, 0x3C, 0x3F, 0xCE, 0x0F, 0xF7, 0x83, 0xFB, 0xC0, 0xFE,
    0xF0, 0x3F, 0xF8, 0x0F, 0xFC, 0x03, 0xFF, 0x00, 0xFF, 0x80, 0x3F, 0xC0, 0x0F, 0x38, 0xE1, 0xE7,
    0x0E, 0x38, 0x71, 0xC0, 0x00, 0x00, 0x03, 0x80, 0xFC, 0x0F, 0xE0, 0x7F, 0x07, 0xF8, 0x7F, 0xC3,
    0xFE, 0x3B, 0xF3, 0xDF, 0x9C, 0xFD, 0xC7, 0xFE, 0x3F, 0xE1, 0xFE, 0x0F, 0xF0, 0x7F, 0x03, 0xF0,
    0x1C, 0x03, 0x8E, 0x00, 0x79, 0xE0, 0x07, 0x9E, 0x00, 0x30, 0xC0, 0x00, 0x00, 0x00, 0x00, 0x00,
    0x01, 0xF8, 0x00, 0x7F, 0xE0, 0x0F, 0xFF, 0x01, 0xF8, 0xF8, 0x3C, 0x03, 0xC3, 0x80, 0x1E, 0x78,
    0x01, 0xE7, 0x00, 0x0E, 0x70, 0x00, 0xFF, 0x00, 0x0F, 0xF0, 0x00, 0x7F, 0x00, 0x07, 0xF0, 0x00,
    0x7F, 0x00, 0x0F, 0x70, 0x00, 0xF7, 0x00, 0x0E, 0x78, 0x01, 0xE3, 0xC0, 0x1E, 0x3E, 0x07, 0xC1,
    0xFF, 0xF8, 0x0F, 0xFF, 0x00, 0x7F, 0xE0, 0x00, 0xF0, 0x00, 0x1C, 0x70, 0x3C, 0xF0, 0x79, 0xC0,
    0xE3, 0x80, 0x00, 0x00, 0x00, 0x03, 0xF8, 0x0F, 0xF8, 0x3F, 0xF8, 0xF0, 0x79, 0xC0, 0x7F, 0x80,
    0xFE, 0x00, 0xFC, 0x01, 0xF8, 0x03, 0xF0, 0x07, 0xF0, 0x0E, 0xE0, 0x3D, 0xE0, 0xF3, 0xE3, 0xE3,
    0xFF, 0x83, 0xFE, 0x00, 0xE0, 0x00, 0x01, 0xF8, 0x00, 0x7F, 0xE0, 0x0F, 0xFF, 0x01, 0xF8, 0xF8,
    0x3C, 0x03, 0xC3, 0x80, 0x1E, 0x78, 0x01, 0xE7, 0x00, 0x0E, 0x70, 0x00, 0xFF, 0x00, 0x0F, 0xFF,
    0xFF, 0xFF, 0xFF, 0xFF, 0xFF, 0xFF, 0xFF, 0x00, 0x0F, 0x70, 0x00, 0xF7, 0x00, 0x0E, 0x78, 0x01,
    0xE3, 0xC0, 0x1E, 0x3E, 0x07, 0xC1, 0xFF, 0xF8, 0x0F, 0xFF, 0x00, 0x7F, 0xE0, 0x00, 0xF0, 0x00,
    0x0F, 0xE0, 0x3F, 0xE0, 0xFF, 0xE3, 0xC1, 0xE7, 0x01, 0xFE, 0x03, 0xFF, 0x83, 0xFF, 0xFF, 0xFF,
    0xFF, 0xE3, 0xFF, 0xC0, 0x3B, 0x80, 0xF7, 0x83, 0xCF, 0x8F, 0x8F, 0xFE, 0x0F, 0xF8, 0x03, 0x80,
    0x03, 0x8E, 0x00, 0x79, 0xE0, 0x07, 0x9E, 0x00, 0x30, 0xC0, 0x00, 0x00, 0x00, 0x00, 0x00, 0x01,
    0xF8, 0x00, 0x7F, 0xE0, 0x0F, 0xFF, 0x01, 0xF8, 0xF8, 0x3C, 0x03, 0xC3, 0x80, 0x1E, 0x78, 0x01,
    0xE7, 0x00, 0x0E, 0x70, 0x00, 0xFF, 0x00, 0x0F, 0xFF, 0xFF, 0xFF, 0xFF, 0xFF, 0xFF, 0xFF, 0xFF,
    0x00, 0x0F, 0x70, 0x00, 0xF7, 0x00, 0x0E, 0x78, 0x01, 0xE3, 0xC0, 0x1E, 0x3E, 0x07, 0xC1, 0xFF,
    0xF8, 0x0F, 0xFF, 0x00, 0x7F, 0xE0, 0x00, 0xF0, 0x00, 0x1C, 0x70, 0x3C, 0xF0, 0x79, 0xC0, 0xE3,
    0x80, 0x00, 0x00, 0x00, 0x03, 0xF8, 0x0F, 0xF8, 0x3F, 0xF8, 0xF0, 0x79, 0xC0, 0x7F, 0x80, 0xFF,
    0xE0, 0xFF, 0xFF, 0xFF, 0xFF, 0xF8, 0xFF, 0xF0, 0x0E, 0xE0, 0x3D, 0xE0, 0xF3, 0xE3, 0xE3, 0xFF,
    0x83, 0xFE, 0x00, 0xE0, 0x00, 0x07, 0x1C, 0x01, 0xE7, 0x80, 0x3C, 0xF0, 0x03, 0x0C, 0x00, 0x00,
    0x00, 0x00, 0x00, 0x00, 0xFC, 0x00, 0x7F, 0xE0, 0x1F, 0xFE, 0x07, 0xE3, 0xE1, 0xE0, 0x1E, 0x38,
    0x01, 0xEF, 0x00, 0x1D, 0xE0, 0x03, 0x80, 0x00, 0x78, 0x00, 0x0F, 0x01, 0xFF, 0xE0, 0x3F, 0xFC,
    0x07, 0xFF, 0x80, 0x00, 0xF0, 0x00, 0x1F, 0xE0, 0x03, 0xBC, 0x00, 0xF3, 0xC0, 0x1E, 0x7C, 0x07,
    0x87, 0xFF, 0xE0, 0x7F, 0xF8, 0x07, 0xFE, 0x00, 0x1E, 0x00, 0x38, 0xE0, 0xF3, 0xC3, 0xCF, 0x06,
    0x18, 0x00, 0x00, 0x00, 0x01, 0xFC, 0x0F, 0xFC, 0x7F, 0xFB, 0xC1, 0xEE, 0x03, 0xC0, 0x07, 0x00,
    0x1C, 0x3F, 0xF0, 0xFF, 0xC3, 0xFF, 0x00, 0x1F, 0x80, 0xFF, 0x03, 0x9E, 0x3E, 0x7F, 0xF0, 0x7F,
    0x80, 0x78, 0x00, 0x07, 0xF8, 0x01, 0xFE, 0x00, 0x00, 0x00, 0x00, 0x00, 0x00, 0x00, 0x1C, 0x00,
    0x67, 0x00, 0x3D, 0xE0, 0x0E, 0x78, 0x07, 0x8F, 0x01, 0xC3, 0xC0, 0xF0, 0x70, 0x38, 0x1E, 0x1E,
    0x03, 0x87, 0x80, 0xF1, 0xC0, 0x1C, 0xF0, 0x07, 0xB8, 0x00, 0xEE, 0x00, 0x3F, 0x80, 0x0F, 0xC0,
    0x01, 0xF0, 0x00, 0x78, 0x00, 0x0E, 0x00, 0x07, 0x80, 0x1F, 0xC0, 0x07, 0xE0, 0x01, 0xF0, 0x00,
    0x0F, 0xF0, 0x0F, 0xF0, 0x00, 0x00, 0x00, 0x00, 0x00, 0x00, 0x70, 0x0F, 0x70, 0x0E, 0x78, 0x1E,
    0x38, 0x1E, 0x38, 0x1C, 0x3C, 0x3C, 0x1C, 0x38, 0x1C, 0x38, 0x1E, 0x78, 0x0E, 0x70, 0x0F, 0x70,
    0x07, 0xE0, 0x07, 0xE0, 0x07, 0xE0, 0x03, 0xC0, 0x03, 0xC0, 0x03, 0xC0, 0x03, 0x80, 0x07, 0x80,
    0x3F, 0x00, 0x3F, 0x00, 0x3E, 0x00, 0x00, 0x00, 0x06, 0x18, 0x03, 0xCF, 0x00, 0xF3, 0xC0, 0x18,
    0x60, 0x00, 0x00, 0x00, 0x00, 0x07, 0x00, 0x19, 0xC0, 0x0F, 0x78, 0x03, 0x9E, 0x01, 0xE3, 0xC0,
    0x70, 0xF0, 0x3C, 0x1C, 0x0E, 0x07, 0x87, 0x80, 0xE1, 0xE0, 0x3C, 0x70, 0x07, 0x3C, 0x01, 0xEE,
    0x00, 0x3B, 0x80, 0x0F, 0xE0, 0x03, 0xF0, 0x00, 0x7C, 0x00, 0x1E, 0x00, 0x03, 0x80, 0x01, 0xE0,
    0x07, 0xF0, 0x01, 0xF8, 0x00, 0x7C, 0x00, 0x0C, 0x30, 0x1E, 0x78, 0x1E, 0x78, 0x0C, 0x30, 0x00,
    0x00, 0x00, 0x00, 0x70, 0x0F, 0x70, 0x0E, 0x78, 0x1E, 0x38, 0x1E, 0x38, 0x1C, 0x3C, 0x3C, 0x1C,
    0x38, 0x1C, 0x38, 0x1E, 0x78, 0x0E, 0x70, 0x0F, 0x70, 0x07, 0xE0, 0x07, 0xE0, 0x07, 0xE0, 0x03,
    0xC0, 0x03, 0xC0, 0x03, 0xC0, 0x03, 0x80, 0x07, 0x80, 0x3F, 0x00, 0x3F, 0x00, 0x3E, 0x00, 0x00,
    0x00, 0x03, 0x9C, 0x01, 0xEF, 0x00, 0x73, 0x80, 0x1D, 0xC0, 0x06, 0x60, 0x00, 0x00, 0x07, 0x00,
    0x19, 0xC0, 0x0F, 0x78, 0x03, 0x9E, 0x01, 0xE3, 0xC0, 0x70, 0xF0, 0x3C, 0x1C, 0x0E, 0x07, 0x87,
    0x80, 0xE1, 0xE0, 0x3C, 0x70, 0x07, 0x3C, 0x01, 0xEE, 0x00, 0x3B, 0x80, 0x0F, 0xE0, 0x03, 0xF0,
    0x00, 0x7C, 0x00, 0x1E, 0x00, 0x03, 0x80, 0x01, 0xE0, 0x07, 0xF0, 0x01, 0xF8, 0x00, 0x7C, 0x00,
    0x07, 0x38, 0x0F, 0x78, 0x0E, 0x70, 0x0E, 0xE0, 0x0C, 0xC0, 0x00, 0x00, 0x70, 0x0F, 0x70, 0x0E,
    0x78, 0x1E, 0x38, 0x1E, 0x38, 0x1C, 0x3C, 0x3C, 0x1C, 0x38, 0x1C, 0x38, 0x1E, 0x78, 0x0E, 0x70,
    0x0F, 0x70, 0x07, 0xE0, 0x07, 0xE0, 0x07, 0xE0, 0x03, 0xC0, 0x03, 0xC0, 0x03, 0xC0, 0x03, 0x80,
    0x07, 0x80, 0x3F, 0x00, 0x3F, 0x00, 0x3E, 0x00, 0x00, 0x00, 0x0C, 0x70, 0x1E, 0x78, 0x1E, 0x78,
    0x0C, 0x30, 0x00, 0x00, 0x00, 0x00, 0xE0, 0x07, 0xE0, 0x07, 0xE0, 0x07, 0xE0, 0x07, 0xE0, 0x07,
    0xE0, 0x07, 0xE0, 0x07, 0xE0, 0x07, 0xE0, 0x07, 0xF0, 0x07, 0xF8, 0x1F, 0x7F, 0xFF, 0x3F, 0xFF,
    0x1F, 0xF7, 0x00, 0x07, 0x00, 0x07, 0x00, 0x07, 0x00, 0x07, 0x00, 0x07, 0x00, 0x07, 0x00, 0x07,
    0x00, 0x07, 0x38, 0xE3, 0xCF, 0x1E, 0x78, 0x71, 0xC0, 0x00, 0x00, 0x03, 0x80, 0xFC, 0x07, 0xE0,
    0x3F, 0x01, 0xF8, 0x0F, 0xC0, 0x7E, 0x03, 0xF8, 0x1F, 0xFF, 0xEF, 0xFF, 0x3F, 0xF8, 0x01, 0xC0,
    0x0E, 0x00, 0x70, 0x03, 0x80, 0x1C, 0x7F, 0xFB, 0xFF, 0xFF, 0xFF, 0xFF, 0xFE, 0xF0, 0x03, 0xC0,
    0x0F, 0x00, 0x3C, 0x00, 0xF0, 0x03, 0xC0, 0x0F, 0x00, 0x3C, 0x00, 0xF0, 0x03, 0xC0, 0x0F, 0x00,
    0x3C, 0x00, 0xF0, 0x03, 0xC0, 0x0F, 0x00, 0x3E, 0x00, 0xFC, 0x03, 0xF0, 0x03, 0xC0, 0x0F, 0x00,
    0x3C, 0x00, 0xF0, 0x03, 0x80, 0x00, 0xFF, 0xDF, 0xFB, 0xFF, 0x70, 0x0E, 0x01, 0xC0, 0x38, 0x07,
    0x00, 0xE0, 0x1C, 0x03, 0x80, 0x70, 0x0E, 0x01, 0xF0, 0x3E, 0x07, 0xC0, 0x38, 0x07, 0x00, 0xE0,
    0x1C, 0x03, 0x80, 0x03, 0x8E, 0x00, 0x3C, 0xF0, 0x01, 0xE7, 0x80, 0x07, 0x18, 0x00, 0x00, 0x00,
    0x00, 0x00, 0x01, 0x80, 0x00, 0xFE, 0x00, 0x07, 0xF0, 0x00, 0x3F, 0x80, 0x01, 0xFC, 0x00, 0x0F,
    0xE0, 0x00, 0x7F, 0x00, 0x03, 0xF8, 0x00, 0x1F, 0xC0, 0x00, 0xFF, 0xFE, 0x07, 0xFF, 0xFC, 0x3F,
    0xFF, 0xE1, 0xFC, 0x07, 0x8F, 0xE0, 0x1C, 0x7F, 0x00, 0xF3, 0xF8, 0x07, 0x9F, 0xC0, 0x3C, 0xFE,
    0x01, 0xC7, 0xF0, 0x1E, 0x3F, 0xFF, 0xF1, 0xFF, 0xFF, 0x0F, 0xFF, 0xE0, 0x70, 0x0E, 0x38, 0x07,
    0x9C, 0x03, 0x8E, 0x01, 0xC7, 0x00, 0x00, 0x00, 0x00, 0x03, 0x80, 0x0F, 0xC0, 0x07, 0xE0, 0x03,
    0xF0, 0x01, 0xF8, 0x00, 0xFF, 0xC0, 0x7F, 0xFE, 0x3F, 0xFF, 0x9F, 0xFF, 0xEF, 0xC0, 0xF7, 0xE0,
    0x3B, 0xF0, 0x1D, 0xF8, 0x1E, 0xFF, 0xFE, 0x7F, 0xFF, 0x3F, 0xFE, 0x1C, 0x1F, 0xFF, 0x1F, 0xFF,
    0x1F, 0xFF, 0x1F, 0xFE, 0x1C, 0x00, 0x1C, 0x00, 0x1C, 0x00, 0x1C, 0x00, 0x1C, 0x00, 0x1C, 0x00,
    0xFF, 0xF0, 0xFF, 0xF0, 0xFF, 0xF0, 0x1C, 0x00, 0x1C, 0x00, 0x1C, 0x00, 0x1C, 0x00, 0x1C, 0x00,
    0x1C, 0x00, 0x1F, 0x00, 0x1F, 0x00, 0x1F, 0x00, 0x07, 0x00, 0x07, 0x00, 0x07, 0x00, 0x3F, 0x00,
    0x3E, 0x00, 0x3E, 0x00, 0x00, 0x00, 0x3F, 0xF1, 0xFF, 0x8F, 0xFC, 0x70, 0x03, 0x80, 0x1C, 0x00,
    0xE0, 0x1F, 0xF8, 0xFF, 0xC7, 0xFC, 0x0E, 0x00, 0x70, 0x03, 0x80, 0x1F, 0x00, 0xF8, 0x07, 0xC0,
    0x0E, 0x00, 0x70, 0x03, 0x80, 0xFC, 0x07, 0xE0, 0x3E, 0x00, 0x00, 0x00, 0x70, 0x00, 0xC3, 0xC0,
    0x0F, 0x0F, 0x00, 0xF0, 0x3C, 0x0F, 0x01, 0xE0, 0x70, 0x07, 0x87, 0x80, 0x1E, 0x78, 0x00, 0xF3,
    0x80, 0x03, 0xFC, 0x00, 0x0F, 0xC0, 0x00, 0x7C, 0x00, 0x01, 0xE0, 0x00, 0x1F, 0x80, 0x01, 0xFE,
    0x00, 0x0E, 0xF0, 0x00, 0xF3, 0xC0, 0x0F, 0x0F, 0x00, 0xF0, 0x78, 0x07, 0x81, 0xE0, 0x78, 0x07,
    0xE7, 0x80, 0x3F, 0xBC, 0x00, 0xFC, 0x00, 0x01, 0xE0, 0x00, 0x0F, 0x00, 0x00, 0x78, 0x00, 0x1F,
    0x80, 0x00, 0xFC, 0x00, 0x07, 0xC0, 0x00, 0x00, 0x00, 0x70, 0x1C, 0xF0, 0x78, 0xE1, 0xE1, 0xE3,
    0x81, 0xEF, 0x01, 0xDC, 0x03, 0xF8, 0x03, 0xE0, 0x07, 0xC0, 0x0F, 0x80, 0x3F, 0x80, 0xF7, 0x81,
    0xC7, 0x07, 0x8F, 0x1E, 0x0E, 0x38, 0x0E, 0x00, 0x1C, 0x00, 0x38, 0x00, 0x70, 0x07, 0xE0, 0x0F,
    0xC0, 0x3F, 0x00, 0x10, 0x00, 0x70, 0x00, 0xCF, 0x00, 0x3C, 0xF0, 0x0F, 0x0F, 0x03, 0xC1, 0xE0,
    0x70, 0x1E, 0x1E, 0x01, 0xE7, 0x80, 0x3C, 0xE0, 0x03, 0xFC, 0x00, 0x3F, 0x00, 0xFF, 0xFF, 0x1F,
    0xFF, 0xE0, 0x1F, 0x80, 0x07, 0xF8, 0x00, 0xEF, 0x00, 0x3C, 0xF0, 0x0F, 0x0F, 0x03, 0xC1, 0xE0,
    0x78, 0x1E, 0x1E, 0x01, 0xE7, 0x80, 0x3C, 0xF0, 0x03, 0xC0, 0x78, 0x1E, 0x70, 0x78, 0xF0, 0xF0,
    0xF3, 0xC0, 0xE7, 0x01, 0xFC, 0x01, 0xF8, 0x3F, 0xFE, 0x7F, 0xFC, 0x0F, 0xC0, 0x3F, 0x80, 0x73,
    0x81, 0xE7, 0x87, 0x87, 0x9E, 0x0F, 0x3C, 0x0F, 0x03, 0xC0, 0x0F, 0x80, 0x1F, 0x00, 0x3F, 0x00,
    0xEE, 0x01, 0xDC, 0x07, 0xBC, 0x0E, 0x38, 0x1C, 0x78, 0x7F, 0xF0, 0xFF, 0xE1, 0xFF, 0xE7, 0x81,
    0xCE, 0x03, 0x9C, 0x07, 0xF8, 0x07, 0xF0, 0x03, 0xDF, 0x00, 0xFB, 0xE0, 0x1F, 0x7E, 0x07, 0xEF,
    0xC0, 0xFD, 0xFC, 0x1F, 0xBB, 0x87, 0xF7, 0x70, 0xEE, 0xEF, 0x3D, 0xDC, 0xE7, 0x3B, 0x9E, 0xE7,
    0x71, 0xF8, 0xEE, 0x3F, 0x1D, 0xC3, 0xE3, 0xB8, 0x78, 0x77, 0x0F, 0x0E, 0xFF, 0xFF, 0xFF, 0xFF,
    0xFF, 0xC1, 0xC0, 0x07, 0x00, 0x1C, 0x00, 0x70, 0x01, 0xC0, 0x07, 0x00, 0x1C, 0x00, 0x70, 0x01,
    0xC0, 0x07, 0x00, 0x1C, 0x00, 0x70, 0x01, 0xC0, 0x3E, 0x3F, 0xBF, 0xE0, 0x77, 0xFF, 0xFF, 0x8F,
    0xFF, 0xFF, 0x9D, 0xC0, 0x60, 0x1C, 0x03, 0x80, 0x77, 0x8F, 0xF9, 0xFF, 0xBC, 0x77, 0x0F, 0xE1,
    0xFE, 0x3B, 0xFF, 0x7F, 0xC6, 0x70, 0x01, 0xC0, 0x70, 0x1C, 0xF7, 0x7F, 0xFF, 0xFE, 0x1F, 0x87,
    0xE1, 0xF8, 0x7F, 0xFD, 0xFF, 0x1D, 0xC0, 0x1E, 0x1F, 0xEF, 0xFF, 0x87, 0xFF, 0xFF, 0xFE, 0x13,
    0xFF, 0x7F, 0x87, 0x80, 0x3D, 0xDF, 0xFF, 0xFF, 0x87, 0xE1, 0xF8, 0x7F, 0x1F, 0xFF, 0x7F, 0xC2,
    0x7F, 0x3D, 0xFE, 0x3F, 0x00, 0x60, 0x38, 0x0E, 0x03, 0x8F, 0xE7, 0xBB, 0xCF, 0xE3, 0xF0, 0xFE,
    0x3F, 0xCE, 0x7B, 0x8F, 0x61, 0xC0, 0xEE, 0x3C, 0xFF, 0xFE, 0xFF, 0xFE, 0xF3, 0xCF, 0xE3, 0x8F,
    0xE3, 0x8F, 0xE3, 0x8F, 0xE3, 0x8F, 0xE3, 0x8F, 0x61, 0x86, 0x1E, 0x1F, 0xEF, 0xFF, 0x87, 0xE1,
    0xF8, 0x7E, 0x1F, 0xFF, 0x7F, 0x87, 0x80, 0xEF, 0x1F, 0xF3, 0xFF, 0x78, 0xEE, 0x1F, 0xC3, 0xFC,
    0x77, 0xFE, 0xFF, 0x9C, 0xE3, 0x80, 0x70, 0x0E, 0x00, 0x38, 0x73, 0xF7, 0xFF, 0xC7, 0x0E, 0x1C,
    0x38, 0x7C, 0xF8, 0xE0, 0xE1, 0xF8, 0x7E, 0x1F, 0x87, 0xE1, 0xF8, 0x7F, 0x1F, 0xFF, 0x7F, 0xC7,
    0x70, 0x70, 0xE7, 0x0E, 0x71, 0xE3, 0x9C, 0x39, 0xC3, 0xF8, 0x1F, 0x81, 0xF0, 0x0F, 0x00, 0xE0,
    0xEE, 0x6E, 0xEE, 0xEE, 0xEE, 0xEE, 0x60, 0xEF, 0xFF, 0xFF, 0x8E, 0x1C, 0x38, 0x70, 0xE0, 0xC0,
    0xE1, 0xF8, 0x7E, 0x1F, 0x87, 0xE1, 0xF8, 0x7F, 0x1F, 0xFF, 0x7F, 0xC7, 0x70, 0x70, 0xE7, 0x0E,
    0x71, 0xE3, 0x9C, 0x39, 0xC3, 0xF8, 0x1F, 0x81, 0xF0, 0x0F, 0x00, 0xE0, 0x1E, 0x1F, 0xEF, 0xFF,
    0x87, 0xE0, 0x38, 0x0E, 0x1F, 0xFE, 0x7F, 0x87, 0x80, 0x1F, 0x3E, 0x3C, 0xFE, 0xFE, 0xFE, 0x38,
    0x38, 0x38, 0x38, 0x38, 0x38, 0x38, 0x7F, 0xFF, 0xFF, 0xE1, 0xE1, 0xE1, 0xE1, 0xE1, 0xFF, 0xFF,
    0xFF, 0xC0, 0x1F, 0x07, 0xF1, 0xFF, 0x78, 0xFE, 0x1F, 0xC1, 0xF8, 0x3F, 0xFF, 0xFF, 0xFF, 0xFF,
    0x83, 0xF0, 0x7F, 0x1E, 0xFF, 0x8F, 0xE0, 0xF8, 0x00, 0xE0, 0x00, 0x0F, 0x00, 0x01, 0xF0, 0x00,
    0x1F, 0x80, 0x01, 0xF8, 0x00, 0x3F, 0xC0, 0x03, 0x9C, 0x00, 0x39, 0xC0, 0x07, 0x9E, 0x00, 0x70,
    0xE0, 0x0F, 0x0E, 0x00, 0xF0, 0xF0, 0x0E, 0x07, 0x01, 0xFF, 0xF8, 0x1F, 0xFF, 0x81, 0xFF, 0xF8,
    0x3C, 0x03, 0xC3, 0x80, 0x3C, 0x38, 0x01, 0xC7, 0x80, 0x1E, 0x70, 0x00, 0xEF, 0x00, 0x0E, 0x00,
    0x00, 0x00, 0x00, 0x00, 0x00, 0xF0, 0x00, 0x0F, 0x00, 0x00, 0xF0, 0x00, 0x06, 0x00, 0x1F, 0xE1,
    0xFF, 0x9F, 0xFE, 0xE0, 0xF7, 0x03, 0x80, 0x1C, 0x0F, 0xE7, 0xFF, 0x7F, 0xFF, 0xE1, 0xFC, 0x0F,
    0xC0, 0x7E, 0x07, 0xFC, 0x7D, 0xFF, 0xE7, 0xF7, 0x0E, 0x00, 0x00, 0x01, 0xC0, 0x0F, 0x00, 0x78,
    0x01, 0x80, 0x01, 0xF0, 0x00, 0x1F, 0x00, 0x00, 0x70, 0x00, 0x07, 0x00, 0x00, 0x60, 0x00, 0x00,
    0x00, 0x00, 0xE0, 0x00, 0x0F, 0x00, 0x01, 0xF0, 0x00, 0x1F, 0x80, 0x01, 0xF8, 0x00, 0x3F, 0xC0,
    0x03, 0x9C, 0x00, 0x39, 0xC0, 0x07, 0x9E, 0x00, 0x70, 0xE0, 0x0F, 0x0E, 0x00, 0xF0, 0xF0, 0x0E,
    0x07, 0x01, 0xFF, 0xF8, 0x1F, 0xFF, 0x81, 0xFF, 0xF8, 0x3C, 0x03, 0xC3, 0x80, 0x3C, 0x38, 0x01,
    0xC7, 0x80, 0x1E, 0x70, 0x00, 0xEF, 0x00, 0x0E, 0x0F, 0x80, 0x7C, 0x00, 0xE0, 0x07, 0x00, 0x30,
    0x00, 0x00, 0x7F, 0x87, 0xFE, 0x7F, 0xFB, 0x83, 0xDC, 0x0E, 0x00, 0x70, 0x3F, 0x9F, 0xFD, 0xFF,
    0xFF, 0x87, 0xF0, 0x3F, 0x01, 0xF8, 0x1F, 0xF1, 0xF7, 0xFF, 0x9F, 0xDC, 0x38, 0x00, 0x00, 0x03,
    0x80, 0x00, 0x70, 0x00, 0x0F, 0x00, 0x00, 0xE0, 0x00, 0x0C, 0x00, 0x0F, 0x00, 0x01, 0xF8, 0x00,
    0x1F, 0xC0, 0x03, 0x9C, 0x00, 0x70, 0xE0, 0x00, 0x00, 0x00, 0x0E, 0x00, 0x00, 0xF0, 0x00, 0x1F,
    0x00, 0x01, 0xF8, 0x00, 0x1F, 0x80, 0x03, 0xFC, 0x00, 0x39, 0xC0, 0x03, 0x9C, 0x00, 0x79, 0xE0,
    0x07, 0x0E, 0x00, 0xF0, 0xE0, 0x0F, 0x0F, 0x00, 0xE0, 0x70, 0x1F, 0xFF, 0x81, 0xFF, 0xF8, 0x1F,
    0xFF, 0x83, 0xC0, 0x3C, 0x38, 0x03, 0xC3, 0x80, 0x1C, 0x78, 0x01, 0xE7, 0x00, 0x0E, 0xF0, 0x00,
    0xE0, 0x00, 0x3C, 0x00, 0xE0, 0x07, 0x80, 0x1C, 0x00, 0x60, 0x1E, 0x00, 0xFC, 0x07, 0xF0, 0x1C,
    0xE0, 0xE1, 0xC0, 0x00, 0x07, 0xF8, 0x3F, 0xF1, 0xFF, 0xE7, 0x07, 0x9C, 0x0E, 0x00, 0x38, 0x0F,
    0xE3, 0xFF, 0x9F, 0xFE, 0xFC, 0x3B, 0xC0, 0xEE, 0x03, 0xB8, 0x1E, 0xF8, 0xF9, 0xFF, 0xE3, 0xFB,
    0x83, 0x80, 0x00, 0x38, 0x00, 0x03, 0xC0, 0x00, 0x1C, 0x00, 0x00, 0xE0, 0x00, 0x0E, 0x00, 0x0F,
    0x00, 0x01, 0xF8, 0x00, 0x1F, 0xC0, 0x03, 0x9C, 0x00, 0x70, 0xE0, 0x00, 0x00, 0x00, 0x0E, 0x00,
    0x00, 0xF0, 0x00, 0x1F, 0x00, 0x01, 0xF8, 0x00, 0x1F, 0x80, 0x03, 0xFC, 0x00, 0x39, 0xC0, 0x03,
    0x9C, 0x00, 0x79, 0xE0, 0x07, 0x0E, 0x00, 0xF0, 0xE0, 0x0F, 0x0F, 0x00, 0xE0, 0x70, 0x1F, 0xFF,
    0x81, 0xFF, 0xF8, 0x1F, 0xFF, 0x83, 0xC0, 0x3C, 0x38, 0x03, 0xC3, 0x80, 0x1C, 0x78, 0x01, 0xE7,
    0x00, 0x0E, 0xF0, 0x00, 0xE0, 0x01, 0xC0, 0x0F, 0x00, 0x38, 0x01, 0xE0, 0x07, 0x03, 0xC0, 0x3F,
    0x03, 0xF8, 0x1C, 0xE1, 0xC3, 0x80, 0x00, 0x3F, 0xC3, 0xFF, 0x3F, 0xFD, 0xC1, 0xEE, 0x07, 0x00,
    0x38, 0x1F, 0xCF, 0xFE, 0xFF, 0xFF, 0xC3, 0xF8, 0x1F, 0x80, 0xFC, 0x0F, 0xF8, 0xFB, 0xFF, 0xCF,
    0xEE, 0x1C, 0x00, 0x00, 0x3C, 0x00, 0x03, 0xE0, 0x00, 0x1E, 0x00, 0x00, 0xE0, 0x00, 0x0C, 0x00,
    0x0F, 0x00, 0x01, 0xF8, 0x00, 0x1F, 0xC0, 0x03, 0x9C, 0x00, 0x70, 0xE0, 0x00, 0x00, 0x00, 0x0E,
    0x00, 0x00, 0xF0, 0x00, 0x1F, 0x00, 0x01, 0xF8, 0x00, 0x1F, 0x80, 0x03, 0xFC, 0x00, 0x39, 0xC0,
    0x03, 0x9C, 0x00, 0x79, 0xE0, 0x07, 0x0E, 0x00, 0xF0, 0xE0, 0x0F, 0x0F, 0x00, 0xE0, 0x70, 0x1F,
    0xFF, 0x81, 0xFF, 0xF8, 0x1F, 0xFF, 0x83, 0xC0, 0x3C, 0x38, 0x03, 0xC3, 0x80, 0x1C, 0x78, 0x01,
    0xE7, 0x00, 0x0E, 0xF0, 0x00, 0xE0, 0x01, 0xE0, 0x0F, 0x80, 0x3C, 0x00, 0xE0, 0x06, 0x03, 0xC0,
    0x3F, 0x03, 0xF8, 0x1C, 0xE1, 0xC3, 0x80, 0x00, 0x3F, 0xC3, 0xFF, 0x3F, 0xFD, 0xC1, 0xEE, 0x07,
    0x00, 0x38, 0x1F, 0xCF, 0xFE, 0xFF, 0xFF, 0xC3, 0xF8, 0x1F, 0x80, 0xFC, 0x0F, 0xF8, 0xFB, 0xFF,
    0xCF, 0xEE, 0x1C, 0x00, 0x00, 0x00, 0x00, 0x3E, 0xC0, 0x03, 0xFC, 0x00, 0x37, 0xC0, 0x00, 0x00,
    0x00, 0x0F, 0x00, 0x01, 0xF8, 0x00, 0x1F, 0xC0, 0x03, 0x9C, 0x00, 0x70, 0xE0, 0x00, 0x00, 0x00,
    0x0E, 0x00, 0x00, 0xF0, 0x00, 0x1F, 0x00, 0x01, 0xF8, 0x00, 0x1F, 0x80, 0x03, 0xFC, 0x00, 0x39,
    0xC0, 0x03, 0x9C, 0x00, 0x79, 0xE0, 0x07, 0x0E, 0x00, 0xF0, 0xE0, 0x0F, 0x0F, 0x00, 0xE0, 0x70,
    0x1F, 0xFF, 0x81, 0xFF, 0xF8, 0x1F, 0xFF, 0x83, 0xC0, 0x3C, 0x38, 0x03, 0xC3, 0x80, 0x1C, 0x78,
    0x01, 0xE7, 0x00, 0x0E, 0xF0, 0x00, 0xE0, 0x00, 0x00, 0xFB, 0x07, 0xF8, 0x77, 0xC0, 0x00, 0x03,
    0xC0, 0x3F, 0x03, 0xF8, 0x1C, 0xE1, 0xC3, 0x80, 0x00, 0x3F, 0xC3, 0xFF, 0x3F, 0xFD, 0xC1, 0xEE,
    0x07, 0x00, 0x38, 0x1F, 0xCF, 0xFE, 0xFF, 0xFF, 0xC3, 0xF8, 0x1F, 0x80, 0xFC, 0x0F, 0xF8, 0xFB,
    0xFF, 0xCF, 0xEE, 0x1C, 0x00, 0x00, 0xF0, 0x00, 0x1F, 0x80, 0x03, 0xFC, 0x00, 0x79, 0xE0, 0x00,
    0x00, 0x00, 0x00, 0x00, 0x00, 0xE0, 0x00, 0x0F, 0x00, 0x01, 0xF0, 0x00, 0x1F, 0x80, 0x01, 0xF8,
    0x00, 0x3F, 0xC0, 0x03, 0x9C, 0x00, 0x39, 0xC0, 0x07, 0x9E, 0x00, 0x70, 0xE0, 0x0F, 0x0E, 0x00,
    0xF0, 0xF0, 0x0E, 0x07, 0x01, 0xFF, 0xF8, 0x1F, 0xFF, 0x81, 0xFF, 0xF8, 0x3C, 0x03, 0xC3, 0x80,
    0x3C, 0x38, 0x01, 0xC7, 0x80, 0x1E, 0x70, 0x00, 0xEF, 0x00, 0x0E, 0x00, 0x00, 0x00, 0x00, 0x00,
    0x00, 0xF0, 0x00, 0x0F, 0x00, 0x00, 0xF0, 0x00, 0x06, 0x00, 0x07, 0x80, 0x7E, 0x07, 0x78, 0x79,
    0xE0, 0x00, 0x00, 0x00, 0x7F, 0x87, 0xFE, 0x7F, 0xFB, 0x83, 0xDC, 0x0E, 0x00, 0x70, 0x3F, 0x9F,
    0xFD, 0xFF, 0xFF, 0x87, 0xF0, 0x3F, 0x01, 0xF8, 0x1F, 0xF1, 0xF7, 0xFF, 0x9F, 0xDC, 0x38, 0x00,
    0x00, 0x07, 0x00, 0x3C, 0x01, 0xE0, 0x06, 0x00, 0x00, 0x1C, 0x00, 0x03, 0x80, 0x00, 0x38, 0x00,
    0x07, 0x00, 0x00, 0x60, 0x00, 0x30, 0xC0, 0x03, 0x0C, 0x00, 0x3F, 0xC0, 0x01, 0xF8, 0x00, 0x0F,
    0x00, 0x00, 0x00, 0x00, 0x0E, 0x00, 0x00, 0xF0, 0x00, 0x1F, 0x00, 0x01, 0xF8, 0x00, 0x1F, 0x80,
    0x03, 0xFC, 0x00, 0x39, 0xC0, 0x03, 0x9C, 0x00, 0x79, 0xE0, 0x07, 0x0E, 0x00, 0xF0, 0xE0, 0x0F,
    0x0F, 0x00, 0xE0, 0x70, 0x1F, 0xFF, 0x81, 0xFF, 0xF8, 0x1F, 0xFF, 0x83, 0xC0, 0x3C, 0x38, 0x03,
    0xC3, 0x80, 0x1C, 0x78, 0x01, 0xE7, 0x00, 0x0E, 0xF0, 0x00, 0xE0, 0x01, 0xE0, 0x0E, 0x00, 0xF0,
    0x07, 0x00, 0x30, 0x0C, 0x30, 0x63, 0x83, 0xFC, 0x0F, 0xC0, 0x3C, 0x00, 0x00, 0x3F, 0xC3, 0xFF,
    0x3F, 0xFD, 0xC1, 0xEE, 0x07, 0x00, 0x38, 0x1F, 0xCF, 0xFE, 0xFF, 0xFF, 0xC3, 0xF8, 0x1F, 0x80,
    0xFC, 0x0F, 0xF8, 0xFB, 0xFF, 0xCF, 0xEE, 0x1C, 0x00, 0x03, 0x80, 0x00, 0x3C, 0x00, 0x01, 0xC0,
    0x00, 0x0E, 0x00, 0x00, 0x60, 0x00, 0x30, 0xC0, 0x03, 0x1C, 0x00, 0x3F, 0xC0, 0x01, 0xF8, 0x00,
    0x0F, 0x00, 0x00, 0x00, 0x00, 0x0E, 0x00, 0x00, 0xF0, 0x00, 0x1F, 0x00, 0x01, 0xF8, 0x00, 0x1F,
    0x80, 0x03, 0xFC, 0x00, 0x39, 0xC0, 0x03, 0x9C, 0x00, 0x79, 0xE0, 0x07, 0x0E, 0x00, 0xF0, 0xE0,
    0x0F, 0x0F, 0x00, 0xE0, 0x70, 0x1F, 0xFF, 0x81, 0xFF, 0xF8, 0x1F, 0xFF, 0x83, 0xC0, 0x3C, 0x38,
    0x03, 0xC3, 0x80, 0x1C, 0x78, 0x01, 0xE7, 0x00, 0x0E, 0xF0, 0x00, 0xE0, 0x1C, 0x00, 0xF0, 0x03,
    0x80, 0x0E, 0x00, 0x70, 0x1C, 0x30, 0xE3, 0x83, 0xFC, 0x0F, 0xC0, 0x38, 0x00, 0x00, 0x3F, 0xC3,
    0xFF, 0x3F, 0xFD, 0xC1, 0xEE, 0x07, 0x00, 0x38, 0x1F, 0xCF, 0xFE, 0xFF, 0xFF, 0xC3, 0xF8, 0x1F,
    0x80, 0xFC, 0x0F, 0xF8, 0xFB, 0xFF, 0xCF, 0xEE, 0x1C, 0x00, 0x01, 0xE0, 0x00, 0x1F, 0x00, 0x00,
    0xF0, 0x00, 0x07, 0x00, 0x00, 0x60, 0x00, 0x30, 0xC0, 0x03, 0x0C, 0x00, 0x3F, 0xC0, 0x01, 0xF8,
    0x00, 0x0F, 0x00, 0x00, 0x00, 0x00, 0x0E, 0x00, 0x00, 0xF0, 0x00, 0x1F, 0x00, 0x01, 0xF8, 0x00,
    0x1F, 0x80, 0x03, 0xFC, 0x00, 0x39, 0xC0, 0x03, 0x9C, 0x00, 0x79, 0xE0, 0x07, 0x0E, 0x00, 0xF0,
    0xE0, 0x0F, 0x0F, 0x00, 0xE0, 0x70, 0x1F, 0xFF, 0x81, 0xFF, 0xF8, 0x1F, 0xFF, 0x83, 0xC0, 0x3C,
    0x38, 0x03, 0xC3, 0x80, 0x1C, 0x78, 0x01, 0xE7, 0x00, 0x0E, 0xF0, 0x00, 0xE0, 0x0F, 0x00, 0x7C,
    0x01, 0xE0, 0x07, 0x00, 0x30, 0x0C, 0x30, 0x63, 0x83, 0xFC, 0x0F, 0xC0, 0x3C, 0x00, 0x00, 0x3F,
    0xC3, 0xFF, 0x3F, 0xFD, 0xC1, 0xEE, 0x07, 0x00, 0x38, 0x1F, 0xCF, 0xFE, 0xFF, 0xFF, 0xC3, 0xF8,
    0x1F, 0x80, 0xFC, 0x0F, 0xF8, 0xFB, 0xFF, 0xCF, 0xEE, 0x1C, 0x00, 0x00, 0x00, 0x00, 0x3E, 0xE0,
    0x03, 0xFC, 0x00, 0x37, 0xC0, 0x00, 0x00, 0x00, 0x30, 0xC0, 0x03, 0x0C, 0x00, 0x3F, 0xC0, 0x01,
    0xF8, 0x00, 0x0F, 0x00, 0x00, 0x00, 0x00, 0x0E, 0x00, 0x00, 0xF0, 0x00, 0x1F, 0x00, 0x01, 0xF8,
    0x00, 0x1F, 0x80, 0x03, 0xFC, 0x00, 0x39, 0xC0, 0x03, 0x9C, 0x00, 0x79, 0xE0, 0x07, 0x0E, 0x00,
    0xF0, 0xE0, 0x0F, 0x0F, 0x00, 0xE0, 0x70, 0x1F, 0xFF, 0x81, 0xFF, 0xF8, 0x1F, 0xFF, 0x83, 0xC0,
    0x3C, 0x38, 0x03, 0xC3, 0x80, 0x1C, 0x78, 0x01, 0xE7, 0x00, 0x0E, 0xF0, 0x00, 0xE0, 0x00, 0x00,
    0xFB, 0x07, 0xF8, 0x37, 0xC0, 0x00, 0x0C, 0x30, 0x63, 0x83, 0xFC, 0x0F, 0xC0, 0x38, 0x00, 0x00,
    0x3F, 0xC3, 0xFF, 0x3F, 0xFD, 0xC1, 0xEE, 0x07, 0x00, 0x38, 0x1F, 0xCF, 0xFE, 0xFF, 0xFF, 0xC3,
    0xF8, 0x1F, 0x80, 0xFC, 0x0F, 0xF8, 0xFB, 0xFF, 0xCF, 0xEE, 0x1C, 0x00, 0x03, 0x0C, 0x00, 0x39,
    0xC0, 0x03, 0xFC, 0x00, 0x1F, 0x80, 0x00, 0x00, 0x00, 0x00, 0x00, 0x00, 0xE0, 0x00, 0x0F, 0x00,
    0x01, 0xF0, 0x00, 0x1F, 0x80, 0x01, 0xF8, 0x00, 0x3F, 0xC0, 0x03, 0x9C, 0x00, 0x39, 0xC0, 0x07,
    0x9E, 0x00, 0x70, 0xE0, 0x0F, 0x0E, 0x00, 0xF0, 0xF0, 0x0E, 0x07, 0x01, 0xFF, 0xF8, 0x1F, 0xFF,
    0x81, 0xFF, 0xF8, 0x3C, 0x03, 0xC3, 0x80, 0x3C, 0x38, 0x01, 0xC7, 0x80, 0x1E, 0x70, 0x00, 0xEF,
    0x00, 0x0E, 0x00, 0x00, 0x00, 0x00, 0x00, 0x00, 0xF0, 0x00, 0x0F, 0x00, 0x00, 0xF0, 0x00, 0x06,
    0x00, 0x38, 0x60, 0xE7, 0x07, 0xF8, 0x1F, 0x80, 0x00, 0x00, 0x00, 0x7F, 0x87, 0xFE, 0x7F, 0xFB,
    0x83, 0xDC, 0x0E, 0x00, 0x70, 0x3F, 0x9F, 0xFD, 0xFF, 0xFF, 0x87, 0xF0, 0x3F, 0x01, 0xF8, 0x1F,
    0xF1, 0xF7, 0xFF, 0x9F, 0xDC, 0x38, 0x00, 0x00, 0x07, 0x00, 0x3C, 0x01, 0xE0, 0x06, 0x00, 0x7F,
    0xFF, 0xFF, 0xFF, 0xFF, 0xFF, 0xFE, 0xF0, 0x03, 0xC0, 0x0F, 0x00, 0x3C, 0x00, 0xF0, 0x03, 0xC0,
    0x0F, 0xFF, 0xBF, 0xFE, 0xFF, 0xFB, 0xC0, 0x0F, 0x00, 0x3C, 0x00, 0xF0, 0x03, 0xC0, 0x0F, 0x00,
    0x3F, 0xFF, 0xFF, 0xFF, 0xFF, 0xF0, 0x00, 0x00, 0x00, 0x03, 0x80, 0x1E, 0x00, 0x78, 0x00, 0xC0,
    0x0F, 0xE0, 0x3F, 0xE0, 0xFF, 0xE3, 0xC1, 0xE7, 0x01, 0xDE, 0x03, 0xFF, 0xFF, 0xFF, 0xFF, 0xFF,
    0xFF, 0xC0, 0x03, 0xC0, 0x03, 0x80, 0xC7, 0x81, 0xCF, 0x8F, 0x8F, 0xFE, 0x0F, 0xF8, 0x03, 0xC0,
    0x00, 0x00, 0x0E, 0x00, 0x3E, 0x00, 0x78, 0x00, 0x70, 0x00, 0x0F, 0x80, 0x3F, 0x00, 0x38, 0x00,
    0xE0, 0x03, 0x00, 0x00, 0x07, 0xFF, 0xFF, 0xFF, 0xFF, 0xFF, 0xFF, 0xEF, 0x00, 0x3C, 0x00, 0xF0,
    0x03, 0xC0, 0x0F, 0x00, 0x3C, 0x00, 0xFF, 0xFB, 0xFF, 0xEF, 0xFF, 0xBC, 0x00, 0xF0, 0x03, 0xC0,
    0x0F, 0x00, 0x3C, 0x00, 0xF0, 0x03, 0xFF, 0xFF, 0xFF, 0xFF, 0xFF, 0x07, 0x80, 0x0F, 0x80, 0x07,
    0x00, 0x1C, 0x00, 0x30, 0x00, 0x00, 0x03, 0xF8, 0x0F, 0xF8, 0x3F, 0xF8, 0xF0, 0x79, 0xC0, 0x77,
    0x80, 0xFF, 0xFF, 0xFF, 0xFF, 0xFF, 0xFF, 0xF0, 0x00, 0xF0, 0x00, 0xE0, 0x31, 0xE0, 0x73, 0xE3,
    0xE3, 0xFF, 0x83, 0xFE, 0x00, 0xF0, 0x00, 0x0E, 0x60, 0x7F, 0x81, 0xFE, 0x06, 0x30, 0x00, 0x00,
    0x00, 0x07, 0xFF, 0xFF, 0xFF, 0xFF, 0xFF, 0xFF, 0xEF, 0x00, 0x3C, 0x00, 0xF0, 0x03, 0xC0, 0x0F,
    0x00, 0x3C, 0x00, 0xFF, 0xFB, 0xFF, 0xEF, 0xFF, 0xBC, 0x00, 0xF0, 0x03, 0xC0, 0x0F, 0x00, 0x3C,
    0x00, 0xF0, 0x03, 0xFF, 0xFF, 0xFF, 0xFF, 0xFF, 0x0E, 0x30, 0x3F, 0xE0, 0x7F, 0x80, 0xC6, 0x00,
    0x00, 0x00, 0x00, 0x03, 0xF8, 0x0F, 0xF8, 0x3F, 0xF8, 0xF0, 0x79, 0xC0, 0x77, 0x80, 0xFF, 0xFF,
    0xFF, 0xFF, 0xFF, 0xFF, 0xF0, 0x00, 0xF0, 0x00, 0xE0, 0x31, 0xE0, 0x73, 0xE3, 0xE3, 0xFF, 0x83,
    0xFE, 0x00, 0xF0, 0x00, 0x00, 0x1C, 0x00, 0xF0, 0x03, 0x80, 0x1C, 0x00, 0x60, 0x1E, 0x00, 0x7C,
    0x03, 0xF8, 0x1C, 0xF0, 0x61, 0xC0, 0x00, 0x1F, 0xFF, 0xFF, 0xFF, 0xFF, 0xFF, 0xFF, 0xBC, 0x00,
    0xF0, 0x03, 0xC0, 0x0F, 0x00, 0x3C, 0x00, 0xF0, 0x03, 0xFF, 0xEF, 0xFF, 0xBF, 0xFE, 0xF0, 0x03,
    0xC0, 0x0F, 0x00, 0x3C, 0x00, 0xF0, 0x03, 0xC0, 0x0F, 0xFF, 0xFF, 0xFF, 0xFF, 0xFC, 0x00, 0x1C,
    0x00, 0x78, 0x00, 0xE0, 0x03, 0xC0, 0x07, 0x00, 0x70, 0x01, 0xF0, 0x07, 0xF0, 0x1E, 0xF0, 0x38,
    0xE0, 0x00, 0x00, 0x7F, 0x01, 0xFF, 0x07, 0xFF, 0x1E, 0x0F, 0x38, 0x0E, 0xF0, 0x1F, 0xFF, 0xFF,
    0xFF, 0xFF, 0xFF, 0xFE, 0x00, 0x1E, 0x00, 0x1C, 0x06, 0x3C, 0x0E, 0x7C, 0x7C, 0x7F, 0xF0, 0x7F,
    0xC0, 0x1E, 0x00, 0x01, 0xC0, 0x07, 0x80, 0x0E, 0x00, 0x1C, 0x00, 0x70, 0x1E, 0x00, 0x7C, 0x03,
    0xF8, 0x1C, 0xF0, 0x61, 0xC0, 0x00, 0x1F, 0xFF, 0xFF, 0xFF, 0xFF, 0xFF, 0xFF, 0xBC, 0x00, 0xF0,
    0x03, 0xC0, 0x0F, 0x00, 0x3C, 0x00, 0xF0, 0x03, 0xFF, 0xEF, 0xFF, 0xBF, 0xFE, 0xF0, 0x03, 0xC0,
    0x0F, 0x00, 0x3C, 0x00, 0xF0, 0x03, 0xC0, 0x0F, 0xFF, 0xFF, 0xFF, 0xFF, 0xFC, 0x01, 0xE0, 0x01,
    0xC0, 0x03, 0xC0, 0x03, 0x80, 0x03, 0x00, 0x70, 0x01, 0xF0, 0x07, 0xF0, 0x1E, 0xF0, 0x38, 0xE0,
    0x00, 0x00, 0x7F, 0x01, 0xFF, 0x07, 0xFF, 0x1E, 0x0F, 0x38, 0x0E, 0xF0, 0x1F, 0xFF, 0xFF, 0xFF,
    0xFF, 0xFF, 0xFE, 0x00, 0x1E, 0x00, 0x1C, 0x06, 0x3C, 0x0E, 0x7C, 0x7C, 0x7F, 0xF0, 0x7F, 0xC0,
    0x1E, 0x00, 0x01, 0xE0, 0x07, 0xC0, 0x0F, 0x00, 0x1C, 0x00, 0x60, 0x1E, 0x00, 0x7C, 0x03, 0xF8,
    0x1C, 0xF0, 0x61, 0xC0, 0x00, 0x1F, 0xFF, 0xFF, 0xFF, 0xFF, 0xFF, 0xFF, 0xBC, 0x00, 0xF0, 0x03,
    0xC0, 0x0F, 0x00, 0x3C, 0x00, 0xF0, 0x03, 0xFF, 0xEF, 0xFF, 0xBF, 0xFE, 0xF0, 0x03, 0xC0, 0x0F,
    0x00, 0x3C, 0x00, 0xF0, 0x03, 0xC0, 0x0F, 0xFF, 0xFF, 0xFF, 0xFF, 0xFC, 0x00, 0xF0, 0x01, 0xF0,
    0x03, 0xE0, 0x03, 0x80, 0x07, 0x00, 0x70, 0x01, 0xF0, 0x07, 0xF0, 0x1E, 0xF0, 0x38, 0xE0, 0x00,
    0x00, 0x7F, 0x01, 0xFF, 0x07, 0xFF, 0x1E, 0x0F, 0x38, 0x0E, 0xF0, 0x1F, 0xFF, 0xFF, 0xFF, 0xFF,
    0xFF, 0xFE, 0x00, 0x1E, 0x00, 0x1C, 0x06, 0x3C, 0x0E, 0x7C, 0x7C, 0x7F, 0xF0, 0x7F, 0xC0, 0x1E,
    0x00, 0x00, 0x00, 0x7D, 0xC1, 0xFE, 0x06, 0xF8, 0x00, 0x00, 0x1E, 0x00, 0x7C, 0x03, 0xF8, 0x1C,
    0xF0, 0x61, 0xC0, 0x00, 0x1F, 0xFF, 0xFF, 0xFF, 0xFF, 0xFF, 0xFF, 0xBC, 0x00, 0xF0, 0x03, 0xC0,
    0x0F, 0x00, 0x3C, 0x00, 0xF0, 0x03, 0xFF, 0xEF, 0xFF, 0xBF, 0xFE, 0xF0, 0x03, 0xC0, 0x0F, 0x00,
    0x3C, 0x00, 0xF0, 0x03, 0xC0, 0x0F, 0xFF, 0xFF, 0xFF, 0xFF, 0xFC, 0x00, 0x00, 0x1E, 0xE0, 0x7F,
    0xC0, 0xEF, 0x00, 0x00, 0x00, 0x70, 0x01, 0xF0, 0x07, 0xF0, 0x1E, 0xF0, 0x38, 0xE0, 0x00, 0x00,
    0x7F, 0x01, 0xFF, 0x07, 0xFF, 0x1E, 0x0F, 0x38, 0x0E, 0xF0, 0x1F, 0xFF, 0xFF, 0xFF, 0xFF, 0xFF,
    0xFE, 0x00, 0x1E, 0x00, 0x1C, 0x06, 0x3C, 0x0E, 0x7C, 0x7C, 0x7F, 0xF0, 0x7F, 0xC0, 0x1E, 0x00,
    0x07, 0x80, 0x3F, 0x01, 0xFE, 0x0F, 0x3C, 0x00, 0x00, 0x00, 0x07, 0xFF, 0xFF, 0xFF, 0xFF, 0xFF,
    0xFF, 0xEF, 0x00, 0x3C, 0x00, 0xF0, 0x03, 0xC0, 0x0F, 0x00, 0x3C, 0x00, 0xFF, 0xFB, 0xFF, 0xEF,
    0xFF, 0xBC, 0x00, 0xF0, 0x03, 0xC0, 0x0F, 0x00, 0x3C, 0x00, 0xF0, 0x03, 0xFF, 0xFF, 0xFF, 0xFF,
    0xFF, 0x00, 0x00, 0x00, 0x00, 0x38, 0x01, 0xE0, 0x07, 0x80, 0x0C, 0x00, 0x07, 0xC0, 0x1F, 0x80,
    0x3B, 0x80, 0xE3, 0x80, 0x00, 0x00, 0x00, 0x03, 0xF8, 0x0F, 0xF8, 0x3F, 0xF8, 0xF0, 0x79, 0xC0,
    0x77, 0x80, 0xFF, 0xFF, 0xFF, 0xFF, 0xFF, 0xFF, 0xF0, 0x00, 0xF0, 0x00, 0xE0, 0x31, 0xE0, 0x73,
    0xE3, 0xE3, 0xFF, 0x83, 0xFE, 0x00, 0xF0, 0x00, 0x00, 0x03, 0x80, 0x0F, 0x80, 0x1E, 0x00, 0x1C,
    0x00, 0xFF, 0xCE, 0x73, 0x00, 0xCF, 0x7B, 0xDE, 0xF7, 0xBD, 0xEF, 0x7B, 0xDE, 0xF7, 0xBD, 0xEF,
    0x7B, 0xDE, 0xF0, 0xF7, 0xCE, 0xE6, 0x01, 0xCE, 0x73, 0x9C, 0xE7, 0x39, 0xCE, 0x73, 0x9C, 0xE7,
    0x38, 0x6F, 0xFF, 0xFF, 0xFF, 0xFF, 0xFF, 0xFF, 0xFF, 0xFF, 0xFF, 0xFF, 0x00, 0xEF, 0xF6, 0x77,
    0xBC, 0xE0, 0x01, 0xCE, 0x73, 0x9C, 0xE7, 0x39, 0xCE, 0x73, 0x9C, 0xE7, 0x38, 0x00, 0x77, 0xFC,
    0xE0, 0x01, 0xF8, 0x00, 0x7F, 0xE0, 0x0F, 0xFF, 0x01, 0xF8, 0xF8, 0x3C, 0x03, 0xC3, 0x80, 0x1E,
    0x78, 0x01, 0xE7, 0x00, 0x0E, 0x70, 0x00, 0xFF, 0x00, 0x0F, 0xF0, 0x00, 0x7F, 0x00, 0x07, 0xF0,
    0x00, 0x7F, 0x00, 0x0F, 0x70, 0x00, 0xF7, 0x00, 0x0E, 0x78, 0x01, 0xE3, 0xC0, 0x1E, 0x3E, 0x07,
    0xC1, 0xFF, 0xF8, 0x0F, 0xFF, 0x00, 0x7F, 0xE0, 0x00, 0xF0, 0x00, 0x00, 0x00, 0x00, 0x70, 0x00,
    0x0F, 0x00, 0x00, 0xF0, 0x00, 0x06, 0x00, 0x0F, 0xE0, 0x3F, 0xE0, 0xFF, 0xE3, 0xC1, 0xE7, 0x01,
    0xFE, 0x03, 0xF8, 0x03, 0xF0, 0x07, 0xE0, 0x0F, 0xC0, 0x1F, 0xC0, 0x3B, 0x80, 0xF7, 0x83, 0xCF,
    0x8F, 0x8F, 0xFE, 0x0F, 0xF8, 0x03, 0x80, 0x00, 0x00, 0x0E, 0x00, 0x1E, 0x00, 0x3C, 0x00, 0x70,
    0x00, 0x01, 0xF0, 0x00, 0x1F, 0x80, 0x00, 0x30, 0x00, 0x07, 0x00, 0x00, 0x60, 0x00, 0x00, 0x00,
    0x01, 0xF8, 0x00, 0x7F, 0xE0, 0x0F, 0xFF, 0x01, 0xF8, 0xF8, 0x3C, 0x03, 0xC3, 0x80, 0x1E, 0x78,
    0x01, 0xE7, 0x00, 0x0E, 0x70, 0x00, 0xFF, 0x00, 0x0F, 0xF0, 0x00, 0x7F, 0x00, 0x07, 0xF0, 0x00,
    0x7F, 0x00, 0x0F, 0x70, 0x00, 0xF7, 0x00, 0x0E, 0x78, 0x01, 0xE3, 0xC0, 0x1E, 0x3E, 0x07, 0xC1,
    0xFF, 0xF8, 0x0F, 0xFF, 0x00, 0x7F, 0xE0, 0x00, 0xF0, 0x00, 0x07, 0xC0, 0x0F, 0x80, 0x07, 0x00,
    0x1C, 0x00, 0x10, 0x00, 0x00, 0x03, 0xF8, 0x0F, 0xF8, 0x3F, 0xF8, 0xF0, 0x79, 0xC0, 0x7F, 0x80,
    0xFE, 0x00, 0xFC, 0x01, 0xF8, 0x03, 0xF0, 0x07, 0xF0, 0x0E, 0xE0, 0x3D, 0xE0, 0xF3, 0xE3, 0xE3,
    0xFF, 0x83, 0xFE, 0x00, 0xE0, 0x00, 0x00, 0x03, 0x80, 0x00, 0x78, 0x00, 0x07, 0x00, 0x00, 0xE0,
    0x00, 0x0C, 0x00, 0x0F, 0x00, 0x00, 0xF8, 0x00, 0x1F, 0xC0, 0x03, 0x9E, 0x00, 0x30, 0xE0, 0x00,
    0x00, 0x00, 0x1F, 0x80, 0x07, 0xFE, 0x00, 0xFF, 0xF0, 0x1F, 0x8F, 0x83, 0xC0, 0x3C, 0x38, 0x01,
    0xE7, 0x80, 0x1E, 0x70, 0x00, 0xE7, 0x00, 0x0F, 0xF0, 0x00, 0xFF, 0x00, 0x07, 0xF0, 0x00, 0x7F,
    0x00, 0x07, 0xF0, 0x00, 0xF7, 0x00, 0x0F, 0x70, 0x00, 0xE7, 0x80, 0x1E, 0x3C, 0x01, 0xE3, 0xE0,
    0x7C, 0x1F, 0xFF, 0x80, 0xFF, 0xF0, 0x07, 0xFE, 0x00, 0x0F, 0x00, 0x00, 0x1C, 0x00, 0x38, 0x00,
    0xE0, 0x01, 0xC0, 0x07, 0x00, 0x70, 0x01, 0xF0, 0x07, 0xF0, 0x1E, 0x70, 0x38, 0xE0, 0x00, 0x00,
    0x7F, 0x01, 0xFF, 0x07, 0xFF, 0x1E, 0x0F, 0x38, 0x0F, 0xF0, 0x1F, 0xC0, 0x1F, 0x80, 0x3F, 0x00,
    0x7E, 0x00, 0xFE, 0x01, 0xDC, 0x07, 0xBC, 0x1E, 0x7C, 0x7C, 0x7F, 0xF0, 0x7F, 0xC0, 0x1C, 0x00,
    0x00, 0x38, 0x00, 0x03, 0xC0, 0x00, 0x1C, 0x00, 0x00, 0xE0, 0x00, 0x06, 0x00, 0x0F, 0x00, 0x00,
    0xF8, 0x00, 0x1F, 0xC0, 0x03, 0x9E, 0x00, 0x30, 0xE0, 0x00, 0x00, 0x00, 0x1F, 0x80, 0x07, 0xFE,
    0x00, 0xFF, 0xF0, 0x1F, 0x8F, 0x83, 0xC0, 0x3C, 0x38, 0x01, 0xE7, 0x80, 0x1E, 0x70, 0x00, 0xE7,
    0x00, 0x0F, 0xF0, 0x00, 0xFF, 0x00, 0x07, 0xF0, 0x00, 0x7F, 0x00, 0x07, 0xF0, 0x00, 0xF7, 0x00,
    0x0F, 0x70, 0x00, 0xE7, 0x80, 0x1E, 0x3C, 0x01, 0xE3, 0xE0, 0x7C, 0x1F, 0xFF, 0x80, 0xFF, 0xF0,
    0x07, 0xFE, 0x00, 0x0F, 0x00, 0x01, 0xE0, 0x01, 0xC0, 0x01, 0xC0, 0x03, 0x80, 0x03, 0x00, 0x70,
    0x01, 0xF0, 0x07, 0xF0, 0x1E, 0x70, 0x38, 0xE0, 0x00, 0x00, 0x7F, 0x01, 0xFF, 0x07, 0xFF, 0x1E,
    0x0F, 0x38, 0x0F, 0xF0, 0x1F, 0xC0, 0x1F, 0x80, 0x3F, 0x00, 0x7E, 0x00, 0xFE, 0x01, 0xDC, 0x07,
    0xBC, 0x1E, 0x7C, 0x7C, 0x7F, 0xF0, 0x7F, 0xC0, 0x1C, 0x00, 0x00, 0x3C, 0x00, 0x03, 0xE0, 0x00,
    0x1E, 0x00, 0x00, 0xE0, 0x00, 0x0C, 0x00, 0x0F, 0x00, 0x00, 0xF8, 0x00, 0x1F, 0xC0, 0x03, 0x9E,
    0x00, 0x30, 0xE0, 0x00, 0x00, 0x00, 0x1F, 0x80, 0x07, 0xFE, 0x00, 0xFF, 0xF0, 0x1F, 0x8F, 0x83,
    0xC0, 0x3C, 0x38, 0x01, 0xE7, 0x80, 0x1E, 0x70, 0x00, 0xE7, 0x00, 0x0F, 0xF0, 0x00, 0xFF, 0x00,
    0x07, 0xF0, 0x00, 0x7F, 0x00, 0x07, 0xF0, 0x00, 0xF7, 0x00, 0x0F, 0x70, 0x00, 0xE7, 0x80, 0x1E,
    0x3C, 0x01, 0xE3, 0xE0, 0x7C, 0x1F, 0xFF, 0x80, 0xFF, 0xF0, 0x07, 0xFE, 0x00, 0x0F, 0x00, 0x00,
    0xF0, 0x01, 0xF0, 0x03, 0xE0, 0x01, 0x80, 0x07, 0x00, 0x70, 0x01, 0xF0, 0x07, 0xF0, 0x1E, 0x70,
    0x38, 0xE0, 0x00, 0x00, 0x7F, 0x01, 0xFF, 0x07, 0xFF, 0x1E, 0x0F, 0x38, 0x0F, 0xF0, 0x1F, 0xC0,
    0x1F, 0x80, 0x3F, 0x00, 0x7E, 0x00, 0xFE, 0x01, 0xDC, 0x07, 0xBC, 0x1E, 0x7C, 0x7C, 0x7F, 0xF0,
    0x7F, 0xC0, 0x1C, 0x00, 0x00, 0x00, 0x00, 0x3E, 0xE0, 0x03, 0xFC, 0x00, 0x33, 0xC0, 0x00, 0x00,
    0x00, 0x0F, 0x00, 0x00, 0xF8, 0x00, 0x1F, 0xC0, 0x03, 0x9E, 0x00, 0x30, 0xE0, 0x00, 0x00, 0x00,
    0x1F, 0x80, 0x07, 0xFE, 0x00, 0xFF, 0xF0, 0x1F, 0x8F, 0x83, 0xC0, 0x3C, 0x38, 0x01, 0xE7, 0x80,
    0x1E, 0x70, 0x00, 0xE7, 0x00, 0x0F, 0xF0, 0x00, 0xFF, 0x00, 0x07, 0xF0, 0x00, 0x7F, 0x00, 0x07,
    0xF0, 0x00, 0xF7, 0x00, 0x0F, 0x70, 0x00, 0xE7, 0x80, 0x1E, 0x3C, 0x01, 0xE3, 0xE0, 0x7C, 0x1F,
    0xFF, 0x80, 0xFF, 0xF0, 0x07, 0xFE, 0x00, 0x0F, 0x00, 0x00, 0x00, 0x1E, 0x60, 0x7F, 0xC0, 0xEF,
    0x00, 0x00, 0x00, 0x70, 0x01, 0xF0, 0x07, 0xF0, 0x1E, 0x70, 0x38, 0xE0, 0x00, 0x00, 0x7F, 0x01,
    0xFF, 0x07, 0xFF, 0x1E, 0x0F, 0x38, 0x0F, 0xF0, 0x1F, 0xC0, 0x1F, 0x80, 0x3F, 0x00, 0x7E, 0x00,
    0xFE, 0x01, 0xDC, 0x07, 0xBC, 0x1E, 0x7C, 0x7C, 0x7F, 0xF0, 0x7F, 0xC0, 0x1C, 0x00, 0x00, 0xF0,
    0x00, 0x1F, 0x80, 0x03, 0xDC, 0x00, 0x79, 0xE0, 0x00, 0x00, 0x00, 0x00, 0x00, 0x01, 0xF8, 0x00,
    0x7F, 0xE0, 0x0F, 0xFF, 0x01, 0xF8, 0xF8, 0x3C, 0x03, 0xC3, 0x80, 0x1E, 0x78, 0x01, 0xE7, 0x00,
    0x0E, 0x70, 0x00, 0xFF, 0x00, 0x0F, 0xF0, 0x00, 0x7F, 0x00, 0x07, 0xF0, 0x00, 0x7F, 0x00, 0x0F,
    0x70, 0x00, 0xF7, 0x00, 0x0E, 0x78, 0x01, 0xE3, 0xC0, 0x1E, 0x3E, 0x07, 0xC1, 0xFF, 0xF8, 0x0F,
    0xFF, 0x00, 0x7F, 0xE0, 0x00, 0xF0, 0x00, 0x00, 0x00, 0x00, 0x70, 0x00, 0x0F, 0x00, 0x00, 0xF0,
    0x00, 0x06, 0x00, 0x07, 0xC0, 0x0F, 0xC0, 0x3B, 0x80, 0xE3, 0x80, 0x00, 0x00, 0x00, 0x03, 0xF8,
    0x0F, 0xF8, 0x3F, 0xF8, 0xF0, 0x79, 0xC0, 0x7F, 0x80, 0xFE, 0x00, 0xFC, 0x01, 0xF8, 0x03, 0xF0,
    0x07, 0xF0, 0x0E, 0xE0, 0x3D, 0xE0, 0xF3, 0xE3, 0xE3, 0xFF, 0x83, 0xFE, 0x00, 0xE0, 0x00, 0x00,
    0x03, 0x80, 0x07, 0x80, 0x0F, 0x00, 0x1C, 0x00, 0x00, 0x3C, 0x00, 0x03, 0x80, 0x00, 0x78, 0x00,
    0x07, 0x07, 0x00, 0x60, 0x70, 0x00, 0x07, 0x01, 0xFF, 0xF0, 0x7F, 0xFF, 0x0F, 0xFF, 0xE1, 0xF8,
    0xF8, 0x3C, 0x03, 0xC3, 0x80, 0x1E, 0x78, 0x01, 0xE7, 0x00, 0x0E, 0x70, 0x00, 0xFF, 0x00, 0x0F,
    0xF0, 0x00, 0x7F, 0x00, 0x07, 0xF0, 0x00, 0x7F, 0x00, 0x0F, 0x70, 0x00, 0xF7, 0x00, 0x0E, 0x78,
    0x01, 0xE3, 0xC0, 0x1E, 0x3E, 0x07, 0xC1, 0xFF, 0xF8, 0x0F, 0xFF, 0x00, 0x7F, 0xE0, 0x00, 0xF0,
    0x00, 0x00, 0xE0, 0x01, 0xE0, 0x01, 0xC6, 0x03, 0x8F, 0x01, 0x8F, 0x00, 0x0F, 0x0F, 0xFE, 0x1F,
    0xFE, 0x3F, 0xF8, 0x78, 0x3C, 0x70, 0x1E, 0xF0, 0x1E, 0xE0, 0x0E, 0xE0, 0x0E, 0xE0, 0x0E, 0xE0,
    0x0E, 0xF0, 0x0E, 0x70, 0x1E, 0x78, 0x3C, 0x7C, 0x7C, 0x3F, 0xF8, 0x1F, 0xF0, 0x03, 0x80, 0x03,
    0xC0, 0x00, 0x1C, 0x00, 0x00, 0xE0, 0x00, 0x0E, 0x07, 0x00, 0x60, 0x70, 0x00, 0x07, 0x01, 0xFF,
    0xF0, 0x7F, 0xFF, 0x0F, 0xFF, 0xE1, 0xF8, 0xF8, 0x3C, 0x03, 0xC3, 0x80, 0x1E, 0x78, 0x01, 0xE7,
    0x00, 0x0E, 0x70, 0x00, 0xFF, 0x00, 0x0F, 0xF0, 0x00, 0x7F, 0x00, 0x07, 0xF0, 0x00, 0x7F, 0x00,
    0x0F, 0x70, 0x00, 0xF7, 0x00, 0x0E, 0x78, 0x01, 0xE3, 0xC0, 0x1E, 0x3E, 0x07, 0xC1, 0xFF, 0xF8,
    0x0F, 0xFF, 0x00, 0x7F, 0xE0, 0x00, 0xF0, 0x00, 0x0E, 0x00, 0x0F, 0x00, 0x07, 0x06, 0x03, 0x8F,
    0x01, 0x8F, 0x00, 0x0F, 0x0F, 0xFE, 0x1F, 0xFE, 0x3F, 0xF8, 0x78, 0x3C, 0x70, 0x1E, 0xF0, 0x1E,
    0xE0, 0x0E, 0xE0, 0x0E, 0xE0, 0x0E, 0xE0, 0x0E, 0xF0, 0x0E, 0x70, 0x1E, 0x78, 0x3C, 0x7C, 0x7C,
    0x3F, 0xF8, 0x1F, 0xF0, 0x03, 0x80, 0x01, 0xF0, 0x00, 0x1F, 0x80, 0x00, 0x30, 0x00, 0x07, 0x07,
    0x00, 0x60, 0x70, 0x00, 0x07, 0x01, 0xFF, 0xF0, 0x7F, 0xFF, 0x0F, 0xFF, 0xE1, 0xF8, 0xF8, 0x3C,
    0x03, 0xC3, 0x80, 0x1E, 0x78, 0x01, 0xE7, 0x00, 0x0E, 0x70, 0x00, 0xFF, 0x00, 0x0F, 0xF0, 0x00,
    0x7F, 0x00, 0x07, 0xF0, 0x00, 0x7F, 0x00, 0x0F, 0x70, 0x00, 0xF7, 0x00, 0x0E, 0x78, 0x01, 0xE3,
    0xC0, 0x1E, 0x3E, 0x07, 0xC1, 0xFF, 0xF8, 0x0F, 0xFF, 0x00, 0x7F, 0xE0, 0x00, 0xF0, 0x00, 0x07,
    0xC0, 0x07, 0xC0, 0x01, 0xC6, 0x03, 0x8F, 0x01, 0x0F, 0x00, 0x0F, 0x0F, 0xFE, 0x1F, 0xFE, 0x3F,
    0xF8, 0x78, 0x3C, 0x70, 0x1E, 0xF0, 0x1E, 0xE0, 0x0E, 0xE0, 0x0E, 0xE0, 0x0E, 0xE0, 0x0E, 0xF0,
    0x0E, 0x70, 0x1E, 0x78, 0x3C, 0x7C, 0x7C, 0x3F, 0xF8, 0x1F, 0xF0, 0x03, 0x80, 0x01, 0xCC, 0x00,
    0x3F, 0xC0, 0x03, 0xFC, 0x00, 0x31, 0x87, 0x00, 0x00, 0x70, 0x00, 0x07, 0x01, 0xFF, 0xF0, 0x7F,
    0xFF, 0x0F, 0xFF, 0xE1, 0xF8, 0xF8, 0x3C, 0x03, 0xC3, 0x80, 0x1E, 0x78, 0x01, 0xE7, 0x00, 0x0E,
    0x70, 0x00, 0xFF, 0x00, 0x0F, 0xF0, 0x00, 0x7F, 0x00, 0x07, 0xF0, 0x00, 0x7F, 0x00, 0x0F, 0x70,
    0x00, 0xF7, 0x00, 0x0E, 0x78, 0x01, 0xE3, 0xC0, 0x1E, 0x3E, 0x07, 0xC1, 0xFF, 0xF8, 0x0F, 0xFF,
    0x00, 0x7F, 0xE0, 0x00, 0xF0, 0x00, 0x0E, 0x30, 0x0F, 0xF0, 0x1F, 0xF6, 0x18, 0xEF, 0x00, 0x0F,
    0x00, 0x0F, 0x0F, 0xFE, 0x1F, 0xFE, 0x3F, 0xF8, 0x78, 0x3C, 0x70, 0x1E, 0xF0, 0x1E, 0xE0, 0x0E,
    0xE0, 0x0E, 0xE0, 0x0E, 0xE0, 0x0E, 0xF0, 0x0E, 0x70, 0x1E, 0x78, 0x3C, 0x7C, 0x7C, 0x3F, 0xF8,
    0x1F, 0xF0, 0x03, 0x80, 0x00, 0x00, 0x70, 0x00, 0x07, 0x00, 0x00, 0x70, 0x1F, 0xFF, 0x07, 0xFF,
    0xF0, 0xFF, 0xFE, 0x1F, 0x8F, 0x83, 0xC0, 0x3C, 0x38, 0x01, 0xE7, 0x80, 0x1E, 0x70, 0x00, 0xE7,
    0x00, 0x0F, 0xF0, 0x00, 0xFF, 0x00, 0x07, 0xF0, 0x00, 0x7F, 0x00, 0x07, 0xF0, 0x00, 0xF7, 0x00,
    0x0F, 0x70, 0x00, 0xE7, 0x80, 0x1E, 0x3C, 0x01, 0xE3, 0xE0, 0x7C, 0x1F, 0xFF, 0x80, 0xFF, 0xF0,
    0x07, 0xFE, 0x00, 0x0F, 0x00, 0x00, 0x00, 0x00, 0x07, 0x00, 0x00, 0xF0, 0x00, 0x0F, 0x00, 0x00,
    0x60, 0x00, 0x00, 0x06, 0x00, 0x0F, 0x00, 0x0F, 0x00, 0x0F, 0x0F, 0xFE, 0x1F, 0xFE, 0x3F, 0xF8,
    0x78, 0x3C, 0x70, 0x1E, 0xF0, 0x1E, 0xE0, 0x0E, 0xE0, 0x0E, 0xE0, 0x0E, 0xE0, 0x0E, 0xF0, 0x0E,
    0x70, 0x1E, 0x78, 0x3C, 0x7C, 0x7C, 0x3F, 0xF8, 0x1F, 0xF0, 0x03, 0x80, 0x00, 0x00, 0x03, 0x80,
    0x03, 0xC0, 0x03, 0xC0, 0x03, 0x80, 0xE0, 0x03, 0xF0, 0x01, 0xF8, 0x00, 0xFC, 0x00, 0x7E, 0x00,
    0x3F, 0x00, 0x1F, 0x80, 0x0F, 0xC0, 0x07, 0xE0, 0x03, 0xF0, 0x01, 0xF8, 0x00, 0xFC, 0x00, 0x7E,
    0x00, 0x3F, 0x00, 0x1F, 0x80, 0x0F, 0xE0, 0x07, 0xF0, 0x03, 0xB8, 0x03, 0xDE, 0x03, 0xC7, 0xFF,
    0xE1, 0xFF, 0xE0, 0x7F, 0xE0, 0x07, 0x80, 0x00, 0x00, 0x01, 0xC0, 0x00, 0xF0, 0x00, 0x78, 0x00,
    0x38, 0x00, 0xE0, 0x3F, 0x01, 0xF8, 0x0F, 0xC0, 0x7E, 0x03, 0xF0, 0x1F, 0x80, 0xFC, 0x07, 0xE0,
    0x3F, 0x01, 0xF8, 0x0F, 0xC0, 0x7F, 0x07, 0xFE, 0xFD, 0xFF, 0xE7, 0xF7, 0x0E, 0x00, 0x00, 0x01,
    0xC0, 0x1F, 0x00, 0x78, 0x03, 0x80, 0x03, 0xE0, 0x01, 0xF0, 0x00, 0x38, 0x00, 0x18, 0x00, 0x0C,
    0x00, 0x00, 0x03, 0x80, 0x0F, 0xC0, 0x07, 0xE0, 0x03, 0xF0, 0x01, 0xF8, 0x00, 0xFC, 0x00, 0x7E,
    0x00, 0x3F, 0x00, 0x1F, 0x80, 0x0F, 0xC0, 0x07, 0xE0, 0x03, 0xF0, 0x01, 0xF8, 0x00, 0xFC, 0x00,
    0x7E, 0x00, 0x3F, 0x80, 0x1F, 0xC0, 0x0E, 0xE0, 0x0F, 0x78, 0x0F, 0x1F, 0xFF, 0x87, 0xFF, 0x81,
    0xFF, 0x80, 0x1E, 0x00, 0x0F, 0x00, 0x7C, 0x00, 0xE0, 0x0E, 0x00, 0x20, 0x00, 0x03, 0x80, 0xFC,
    0x07, 0xE0, 0x3F, 0x01, 0xF8, 0x0F, 0xC0, 0x7E, 0x03, 0xF0, 0x1F, 0x80, 0xFC, 0x07, 0xE0, 0x3F,
    0x01, 0xFC, 0x1F, 0xFB, 0xF7, 0xFF, 0x9F, 0xDC, 0x38, 0x00, 0x00, 0x78, 0x00, 0x07, 0x00, 0x00,
    0xE0, 0x00, 0x0E, 0x07, 0x00, 0xC0, 0x70, 0x00, 0x07, 0xE0, 0x03, 0xFE, 0x00, 0x3F, 0xE0, 0x03,
    0xEE, 0x00, 0x38, 0xE0, 0x03, 0x8E, 0x00, 0x38, 0xE0, 0x03, 0x8E, 0x00, 0x38, 0xE0, 0x03, 0x8E,
    0x00, 0x38, 0xE0, 0x03, 0x8E, 0x00, 0x38, 0xE0, 0x03, 0x8E, 0x00, 0x38, 0xE0, 0x03, 0x8F, 0x00,
    0x38, 0xF0, 0x03, 0x87, 0x00, 0x78, 0x78, 0x0F, 0x03, 0xFF, 0xF0, 0x1F, 0xFE, 0x00, 0xFF, 0xC0,
    0x01, 0xE0, 0x00, 0x01, 0xC0, 0x03, 0xC0, 0x03, 0x86, 0x07, 0x07, 0x06, 0x07, 0x00, 0x07, 0xE0,
    0x3F, 0xE0, 0x3E, 0xE0, 0x38, 0xE0, 0x38, 0xE0, 0x38, 0xE0, 0x38, 0xE0, 0x38, 0xE0, 0x38, 0xE0,
    0x38, 0xE0, 0x38, 0xE0, 0x38, 0xE0, 0x38, 0xF0, 0x78, 0xFD, 0xF8, 0x7F, 0xF8, 0x3F, 0xB8, 0x0E,
    0x00, 0x07, 0x00, 0x00, 0x38, 0x00, 0x03, 0x80, 0x00, 0x1C, 0x07, 0x00, 0xC0, 0x70, 0x00, 0x07,
    0xE0, 0x03, 0xFE, 0x00, 0x3F, 0xE0, 0x03, 0xEE, 0x00, 0x38, 0xE0, 0x03, 0x8E, 0x00, 0x38, 0xE0,
    0x03, 0x8E, 0x00, 0x38, 0xE0, 0x03, 0x8E, 0x00, 0x38, 0xE0, 0x03, 0x8E, 0x00, 0x38, 0xE0, 0x03,
    0x8E, 0x00, 0x38, 0xE0, 0x03, 0x8F, 0x00, 0x38, 0xF0, 0x03, 0x87, 0x00, 0x78, 0x78, 0x0F, 0x03,
    0xFF, 0xF0, 0x1F, 0xFE, 0x00, 0xFF, 0xC0, 0x01, 0xE0, 0x00, 0x1C, 0x00, 0x1E, 0x00, 0x0E, 0x06,
    0x07, 0x07, 0x06, 0x07, 0x00, 0x07, 0xE0, 0x3F, 0xE0, 0x3E, 0xE0, 0x38, 0xE0, 0x38, 0xE0, 0x38,
    0xE0, 0x38, 0xE0, 0x38, 0xE0, 0x38, 0xE0, 0x38, 0xE0, 0x38, 0xE0, 0x38, 0xE0, 0x38, 0xF0, 0x78,
    0xFD, 0xF8, 0x7F, 0xF8, 0x3F, 0xB8, 0x0E, 0x00, 0x03, 0xE0, 0x00, 0x3E, 0x00, 0x00, 0xE0, 0x00,
    0x0C, 0x07, 0x00, 0xC0, 0x70, 0x00, 0x07, 0xE0, 0x03, 0xFE, 0x00, 0x3F, 0xE0, 0x03, 0xEE, 0x00,
    0x38, 0xE0, 0x03, 0x8E, 0x00, 0x38, 0xE0, 0x03, 0x8E, 0x00, 0x38, 0xE0, 0x03, 0x8E, 0x00, 0x38,
    0xE0, 0x03, 0x8E, 0x00, 0x38, 0xE0, 0x03, 0x8E, 0x00, 0x38, 0xE0, 0x03, 0x8F, 0x00, 0x38, 0xF0,
    0x03, 0x87, 0x00, 0x78, 0x78, 0x0F, 0x03, 0xFF, 0xF0, 0x1F, 0xFE, 0x00, 0xFF, 0xC0, 0x01, 0xE0,
    0x00, 0x0F, 0x00, 0x0F, 0x80, 0x03, 0x86, 0x07, 0x07, 0x02, 0x07, 0x00, 0x07, 0xE0, 0x3F, 0xE0,
    0x3E, 0xE0, 0x38, 0xE0, 0x38, 0xE0, 0x38, 0xE0, 0x38, 0xE0, 0x38, 0xE0, 0x38, 0xE0, 0x38, 0xE0,
    0x38, 0xE0, 0x38, 0xE0, 0x38, 0xF0, 0x78, 0xFD, 0xF8, 0x7F, 0xF8, 0x3F, 0xB8, 0x0E, 0x00, 0x03,
    0x18, 0x00, 0x7F, 0x80, 0x0F, 0xF8, 0x00, 0xE7, 0x07, 0x00, 0x00, 0x70, 0x00, 0x07, 0xE0, 0x03,
    0xFE, 0x00, 0x3F, 0xE0, 0x03, 0xEE, 0x00, 0x38, 0xE0, 0x03, 0x8E, 0x00, 0x38, 0xE0, 0x03, 0x8E,
    0x00, 0x38, 0xE0, 0x03, 0x8E, 0x00, 0x38, 0xE0, 0x03, 0x8E, 0x00, 0x38, 0xE0, 0x03, 0x8E, 0x00,
    0x38, 0xE0, 0x03, 0x8F, 0x00, 0x38, 0xF0, 0x03, 0x87, 0x00, 0x78, 0x78, 0x0F, 0x03, 0xFF, 0xF0,
    0x1F, 0xFE, 0x00, 0xFF, 0xC0, 0x01, 0xE0, 0x00, 0x1C, 0x60, 0x3F, 0xE0, 0x3F, 0xC6, 0x31, 0xC7,
    0x00, 0x07, 0x00, 0x07, 0xE0, 0x3F, 0xE0, 0x3E, 0xE0, 0x38, 0xE0, 0x38, 0xE0, 0x38, 0xE0, 0x38,
    0xE0, 0x38, 0xE0, 0x38, 0xE0, 0x38, 0xE0, 0x38, 0xE0, 0x38, 0xE0, 0x38, 0xF0, 0x78, 0xFD, 0xF8,
    0x7F, 0xF8, 0x3F, 0xB8, 0x0E, 0x00, 0x00, 0x00, 0x70, 0x00, 0x07, 0x00, 0x00, 0x7E, 0x00, 0x3F,
    0xE0, 0x03, 0xFE, 0x00, 0x3E, 0xE0, 0x03, 0x8E, 0x00, 0x38, 0xE0, 0x03, 0x8E, 0x00, 0x38, 0xE0,
    0x03, 0x8E, 0x00, 0x38, 0xE0, 0x03, 0x8E, 0x00, 0x38, 0xE0, 0x03, 0x8E, 0x00, 0x38, 0xE0, 0x03,
    0x8E, 0x00, 0x38, 0xF0, 0x03, 0x8F, 0x00, 0x38, 0x70, 0x07, 0x87, 0x80, 0xF0, 0x3F, 0xFF, 0x01,
    0xFF, 0xE0, 0x0F, 0xFC, 0x00, 0x1E, 0x00, 0x00, 0x00, 0x00, 0x1C, 0x00, 0x01, 0xE0, 0x00, 0x1E,
    0x00, 0x01, 0xC0, 0x00, 0x00, 0x06, 0x00, 0x07, 0x00, 0x07, 0x00, 0x07, 0xE0, 0x3F, 0xE0, 0x3E,
    0xE0, 0x38, 0xE0, 0x38, 0xE0, 0x38, 0xE0, 0x38, 0xE0, 0x38, 0xE0, 0x38, 0xE0, 0x38, 0xE0, 0x38,
    0xE0, 0x38, 0xE0, 0x38, 0xF0, 0x78, 0xFD, 0xF8, 0x7F, 0xF8, 0x3F, 0xB8, 0x0E, 0x00, 0x00, 0x00,
    0x07, 0x00, 0x0F, 0x80, 0x07, 0x80, 0x07, 0x00, 0x03, 0x80, 0x00, 0x38, 0x00, 0x07, 0x00, 0x00,
    0x70, 0x00, 0x06, 0x00, 0x00, 0x00, 0x1C, 0x00, 0x3B, 0xC0, 0x0F, 0x78, 0x03, 0xC7, 0x80, 0x78,
    0x70, 0x1E, 0x0F, 0x03, 0x80, 0xF0, 0xF0, 0x1E, 0x3C, 0x01, 0xE7, 0x80, 0x1D, 0xE0, 0x03, 0xF8,
    0x00, 0x3F, 0x00, 0x03, 0xC0, 0x00, 0x78, 0x00, 0x0F, 0x00, 0x01, 0xE0, 0x00, 0x3C, 0x00, 0x07,
    0x80, 0x00, 0xF0, 0x00, 0x1E, 0x00, 0x03, 0xC0, 0x00, 0x78, 0x00, 0x0F, 0x00, 0x07, 0x00, 0x07,
    0x80, 0x03, 0x80, 0x01, 0x80, 0x00, 0x00, 0x70, 0x0F, 0x70, 0x0E, 0x78, 0x1E, 0x38, 0x1E, 0x38,
    0x1C, 0x3C, 0x3C, 0x1C, 0x38, 0x1C, 0x38, 0x1E, 0x78, 0x0E, 0x70, 0x0F, 0x70, 0x07, 0xE0, 0x07,
    0xE0, 0x07, 0xE0, 0x03, 0xC0, 0x03, 0xC0, 0x03, 0xC0, 0x03, 0x80, 0x07, 0x80, 0x3F, 0x00, 0x3F,
    0x00, 0x3E, 0x00, 0x00, 0x00, 0x70, 0x00, 0xEF, 0x00, 0x3D, 0xE0, 0x0F, 0x1E, 0x01, 0xE1, 0xC0,
    0x78, 0x3C, 0x0E, 0x03, 0xC3, 0xC0, 0x78, 0xF0, 0x07, 0x9E, 0x00, 0x77, 0x80, 0x0F, 0xE0, 0x00,
    0xFC, 0x00, 0x0F, 0x00, 0x01, 0xE0, 0x00, 0x3C, 0x00, 0x07, 0x80, 0x00, 0xF0, 0x00, 0x1E, 0x00,
    0x03, 0xC0, 0x00, 0x78, 0x00, 0x0F, 0x00, 0x01, 0xE0, 0x00, 0x00, 0x00, 0x00, 0x00, 0x00, 0xE0,
    0x00, 0x1E, 0x00, 0x03, 0xC0, 0x00, 0x30, 0x00, 0x70, 0x0F, 0x70, 0x0E, 0x78, 0x1E, 0x38, 0x1E,
    0x38, 0x1C, 0x3C, 0x3C, 0x1C, 0x38, 0x1C, 0x38, 0x1E, 0x78, 0x0E, 0x70, 0x0F, 0x70, 0x07, 0xE0,
    0x07, 0xE0, 0x07, 0xE0, 0x03, 0xC0, 0x03, 0xC0, 0x03, 0xC0, 0x03, 0x80, 0x07, 0x9C, 0x3F, 0x3C,
    0x3F, 0x3C, 0x3E, 0x18, 0x00, 0x00, 0x01, 0xF0, 0x00, 0x3E, 0x00, 0x01, 0xC0, 0x00, 0x30, 0x00,
    0x06, 0x00, 0x00, 0x00, 0x1C, 0x00, 0x3B, 0xC0, 0x0F, 0x78, 0x03, 0xC7, 0x80, 0x78, 0x70, 0x1E,
    0x0F, 0x03, 0x80, 0xF0, 0xF0, 0x1E, 0x3C, 0x01, 0xE7, 0x80, 0x1D, 0xE0, 0x03, 0xF8, 0x00, 0x3F,
    0x00, 0x03, 0xC0, 0x00, 0x78, 0x00, 0x0F, 0x00, 0x01, 0xE0, 0x00, 0x3C, 0x00, 0x07, 0x80, 0x00,
    0xF0, 0x00, 0x1E, 0x00, 0x03, 0xC0, 0x00, 0x78, 0x00, 0x07, 0xC0, 0x07, 0xC0, 0x01, 0xC0, 0x01,
    0xC0, 0x01, 0x80, 0x00, 0x00, 0x70, 0x0F, 0x70, 0x0E, 0x78, 0x1E, 0x38, 0x1E, 0x38, 0x1C, 0x3C,
    0x3C, 0x1C, 0x38, 0x1C, 0x38, 0x1E, 0x78, 0x0E, 0x70, 0x0F, 0x70, 0x07, 0xE0, 0x07, 0xE0, 0x07,
    0xE0, 0x03, 0xC0, 0x03, 0xC0, 0x03, 0xC0, 0x03, 0x80, 0x07, 0x80, 0x3F, 0x00, 0x3F, 0x00, 0x3E,
    0x00, 0x00, 0x00, 0x01, 0x8C, 0x00, 0x7F, 0x80, 0x1F, 0xF0, 0x03, 0x9C, 0x00, 0x00, 0x00, 0x00,
    0x00, 0x1C, 0x00, 0x3B, 0xC0, 0x0F, 0x78, 0x03, 0xC7, 0x80, 0x78, 0x70, 0x1E, 0x0F, 0x03, 0x80,
    0xF0, 0xF0, 0x1E, 0x3C, 0x01, 0xE7, 0x80, 0x1D, 0xE0, 0x03, 0xF8, 0x00, 0x3F, 0x00, 0x03, 0xC0,
    0x00, 0x78, 0x00, 0x0F, 0x00, 0x01, 0xE0, 0x00, 0x3C, 0x00, 0x07, 0x80, 0x00, 0xF0, 0x00, 0x1E,
    0x00, 0x03, 0xC0, 0x00, 0x78, 0x00, 0x07, 0x30, 0x0F, 0xF0, 0x0F, 0xF0, 0x0C, 0xE0, 0x00, 0x00,
    0x00, 0x00, 0x70, 0x0F, 0x70, 0x0E, 0x78, 0x1E, 0x38, 0x1E, 0x38, 0x1C, 0x3C, 0x3C, 0x1C, 0x38,
    0x1C, 0x38, 0x1E, 0x78, 0x0E, 0x70, 0x0F, 0x70, 0x07, 0xE0, 0x07, 0xE0, 0x07, 0xE0, 0x03, 0xC0,
    0x03, 0xC0, 0x03, 0xC0, 0x03, 0x80, 0x07, 0x80, 0x3F, 0x00, 0x3F, 0x00, 0x3E, 0x00, 0x00, 0x00,
    0x7F, 0xBF, 0xFF, 0xFD, 0xFF, 0x7F, 0xBF, 0xFF, 0xFD, 0xFF, 0xFF, 0xFF, 0xFF, 0xFF, 0xFF, 0xFF,
    0xE0, 0xFF, 0xFD, 0xFF, 0xFF, 0xFF, 0xFF, 0xFF, 0xE0, 0xFF, 0xFF, 0xFF, 0xFB, 0xFF, 0xFF, 0xFF,
    0xFF, 0xFF, 0xFF, 0xFF, 0xFF, 0xFF, 0xFF, 0xFE, 0xFF, 0xFF, 0xFF, 0xFB, 0xFF, 0xFF, 0xFF, 0xFF,
    0xFF, 0xFF, 0xFF, 0xFF, 0xFF, 0xFF, 0xFE, 0x00, 0xE6, 0xE6, 0xE6, 0xE6, 0xE6, 0xE6, 0xE6, 0xE6,
    0xE6, 0xE6, 0xE6, 0xE6, 0xE6, 0xE6, 0xE6, 0xE6, 0xE6, 0xE6, 0xE6, 0xE6, 0xE6, 0xE6, 0xE6, 0xE6,
    0xE6, 0xE6, 0xE6, 0xE6, 0xE6, 0xE6, 0xE6, 0xE6, 0xE6, 0xE6, 0xE6, 0xFF, 0xFF, 0xFF, 0xFD, 0xFF,
    0xF3, 0xFF, 0xEF, 0xFF, 0xEF, 0xFF, 0xC0, 0x31, 0x9C, 0xE7, 0x3B, 0xDC, 0xE0, 0x73, 0x9D, 0xEE,
    0x73, 0x9C, 0xC0, 0x3B, 0xDC, 0xE7, 0x3B, 0x9C, 0xE0, 0xE7, 0x3D, 0xE7, 0x39, 0xC6, 0x30, 0x31,
    0x8C, 0x67, 0x39, 0xCE, 0x73, 0x9C, 0xEF, 0x7B, 0x9C, 0xE7, 0x00, 0x73, 0x9C, 0xE7, 0x3B, 0xCE,
    0xE7, 0xB9, 0xCE, 0x73, 0x9C, 0xC6, 0x00, 0x39, 0xDE, 0xF7, 0x3D, 0xCE, 0x73, 0x9C, 0xEE, 0x73,
    0x9C, 0xE7, 0x00, 0xE7, 0x39, 0xCF, 0x7B, 0xDE, 0x73, 0x9C, 0xE7, 0x38, 0xC6, 0x31, 0x80, 0x06,
    0x00, 0xF0, 0x0F, 0x00, 0xF0, 0x0F, 0x0F, 0xFF, 0xFF, 0xFF, 0xFF, 0x0F, 0x00, 0xF0, 0x0F, 0x00,
    0x70, 0x07, 0x00, 0x60, 0x06, 0x00, 0x60, 0x06, 0x00, 0x06, 0x00, 0xF0, 0x0F, 0x00, 0xF0, 0x0F,
    0x0F, 0xFF, 0xFF, 0xFF, 0xFF, 0x0F, 0x00, 0xF0, 0x0F, 0x0F, 0xFF, 0xFF, 0xFF, 0xFF, 0x0F, 0x00,
    0xF0, 0x0F, 0x00, 0x70, 0x06, 0x00, 0x60, 0x06, 0x00, 0x60, 0x3F, 0x1F, 0xE7, 0xFB, 0xFF, 0xFF,
    0xFF, 0xFF, 0xFD, 0xFE, 0x3F, 0x03, 0x00, 0x00, 0x30, 0x1C, 0x0F, 0x87, 0xF3, 0xFD, 0xFC, 0xF8,
    0x70, 0x30, 0x00, 0x00, 0x6F, 0xFF, 0x00, 0x60, 0x6F, 0x0F, 0xF0, 0xFF, 0x0F, 0x00, 0x40, 0x60,
    0x60, 0x6F, 0x0F, 0x0F, 0xF0, 0xF0, 0xFF, 0x0F, 0x0F, 0x00, 0x40, 0x40, 0x6F, 0xFF, 0x00, 0x1E,
    0x00, 0x30, 0x00, 0x1F, 0xC0, 0x38, 0x00, 0x1F, 0xE0, 0x3C, 0x00, 0x0E, 0x38, 0x1C, 0x00, 0x07,
    0x1C, 0x1C, 0x00, 0x03, 0x8E, 0x1E, 0x00, 0x01, 0xC7, 0x0E, 0x00, 0x00, 0xE7, 0x0E, 0x00, 0x00,
    0x7F, 0x8E, 0x00, 0x00, 0x1F, 0x8F, 0x00, 0x00, 0x03, 0x07, 0x00, 0x00, 0x00, 0x07, 0x00, 0x00,
    0x00, 0x07, 0x87, 0x01, 0xC0, 0x03, 0x8F, 0xE1, 0xF8, 0x03, 0x87, 0xF9, 0xFE, 0x03, 0xC7, 0x1D,
    0xC7, 0x01, 0xC3, 0x8E, 0xE3, 0x81, 0xC1, 0xC7, 0x71, 0xC1, 0xE0, 0xE3, 0xB8, 0xE0, 0xE0, 0x71,
    0xDC, 0x70, 0xE0, 0x1F, 0xE7, 0xF8, 0xF0, 0x0F, 0xE1, 0xF8, 0x00, 0x01, 0xC0, 0x70, 0x1E, 0x00,
    0x30, 0x00, 0x00, 0x03, 0xF8, 0x07, 0x00, 0x00, 0x00, 0x7F, 0x80, 0xF0, 0x00, 0x00, 0x07, 0x1C,
    0x0E, 0x00, 0x00, 0x00, 0x71, 0xC1, 0xC0, 0x00, 0x00, 0x07, 0x1C, 0x3C, 0x00, 0x00, 0x00, 0x71,
    0xC3, 0x80, 0x00, 0x00, 0x07, 0x38, 0x70, 0x00, 0x00, 0x00, 0x7F, 0x8E, 0x00, 0x00, 0x00, 0x03,
    0xF1, 0xE0, 0x00, 0x00, 0x00, 0x0C, 0x1C, 0x00, 0x00, 0x00, 0x00, 0x03, 0x80, 0x00, 0x00, 0x00,
    0x00, 0x78, 0x70, 0x1C, 0x07, 0x80, 0x07, 0x1F, 0xC3, 0xF0, 0xFC, 0x00, 0xE1, 0xFE, 0x7F, 0x9F,
    0xE0, 0x1E, 0x38, 0xEE, 0x39, 0xCE, 0x01, 0xC3, 0x8E, 0xE3, 0xB8, 0x60, 0x38, 0x38, 0xEE, 0x3B,
    0x87, 0x07, 0x83, 0x8E, 0xE3, 0xB8, 0x60, 0x70, 0x38, 0xEE, 0x39, 0xCE, 0x0E, 0x01, 0xFE, 0x7F,
    0x9F, 0xE1, 0xE0, 0x1F, 0xC3, 0xF0, 0xFC, 0x00, 0x00, 0x70, 0x1C, 0x07, 0x80, 0x77, 0x7F, 0xEE,
    0xEE, 0xC0, 0x71, 0xCE, 0x39, 0xC7, 0x78, 0xEE, 0x1D, 0xC7, 0x38, 0xE7, 0x1C, 0xC3, 0x80, 0x71,
    0xC3, 0x38, 0xE3, 0xDC, 0x71, 0xDE, 0x38, 0xEE, 0x1C, 0x77, 0x1C, 0x3B, 0x8E, 0x19, 0xC7, 0x1C,
    0xC3, 0x86, 0x00, 0xEF, 0xF7, 0x77, 0x73, 0x30, 0xE1, 0x9E, 0x7B, 0xC7, 0x38, 0xE7, 0x1C, 0xE3,
    0x9C, 0x71, 0x86, 0x30, 0xC0, 0xE1, 0x87, 0x79, 0xE3, 0xBC, 0x71, 0xCE, 0x38, 0xE7, 0x1C, 0x73,
    0x8E, 0x39, 0xC7, 0x0E, 0x61, 0x87, 0x30, 0xC3, 0x80, 0x0E, 0x03, 0xE0, 0x7C, 0x1D, 0xC7, 0xBC,
    0xE3, 0xB8, 0x38, 0x03, 0x83, 0xC3, 0xC3, 0xC3, 0xC3, 0xC1, 0xC1, 0xE0, 0x78, 0x1E, 0x07, 0x03,
    0xC0, 0xF0, 0x3C, 0xE0, 0x78, 0x1E, 0x07, 0x81, 0xE0, 0x70, 0x3C, 0x0F, 0x0F, 0x0F, 0x0F, 0x07,
    0x07, 0x87, 0x80, 0x01, 0xC0, 0x09, 0xE0, 0x0E, 0xF3, 0x07, 0xBB, 0xC3, 0xE3, 0xC0, 0xFB, 0xC1,
    0xBF, 0xDD, 0xEF, 0xDE, 0xF3, 0xEF, 0x3B, 0xFB, 0x83, 0xFE, 0x03, 0xCF, 0x83, 0xCB, 0xE1, 0xFE,
    0xF0, 0x6F, 0x30, 0x07, 0x80, 0x00, 0x00, 0x00, 0x60, 0x6F, 0x0F, 0xF0, 0xFF, 0x0F, 0xF0, 0xFF,
    0x0F, 0xF0, 0xFF, 0x0F, 0xF0, 0xFF, 0x0F, 0xF0, 0xFF, 0x0F, 0xF0, 0xFF, 0x0F, 0xF0, 0xFE, 0x0E,
    0x00, 0x00, 0x00, 0x60, 0x6F, 0x0F, 0xF0, 0xFF, 0x0F, 0x00, 0x40, 0x0F, 0x81, 0xFE, 0x1F, 0xF9,
    0xF1, 0xEF, 0x07, 0x70, 0x3C, 0x39, 0xE1, 0xCF, 0x0E, 0x70, 0x77, 0x83, 0xF8, 0x1F, 0x80, 0xF8,
    0x07, 0x80, 0x38, 0x01, 0xC0, 0x00, 0x00, 0x00, 0x03, 0x80, 0x1E, 0x00, 0xF0, 0x07, 0x80, 0x10,
    0x00, 0xFF, 0xFF, 0xFF, 0xFF, 0xFF, 0xC0, 0x20, 0x00, 0x04, 0xF0, 0x00, 0x3D, 0xFE, 0x0F, 0xF9,
    0xFF, 0xFF, 0xC0, 0xFF, 0xFF, 0x00, 0x7F, 0xF0, 0x00, 0x00, 0x00, 0x00, 0x07, 0xFF, 0x80, 0x3F,
    0xFF, 0xC1, 0xFF, 0xFF, 0xE7, 0xE0, 0x07, 0xEE, 0x00, 0x03, 0xC0, 0x00, 0x00, 0x00, 0x00, 0x00,
    0x1C, 0x03, 0x80, 0xE0, 0x38, 0x07, 0x01, 0xC0, 0x78, 0x0E, 0x03, 0xC0, 0x78, 0x1F, 0x87, 0xF8,
    0xE7, 0x38, 0x77, 0x0E, 0x00, 0x00, 0x00, 0xC0, 0x00, 0x7F, 0x00, 0x0F, 0xE0, 0x03, 0xFE, 0x00,
    0x7F, 0xC0, 0x03, 0xE0, 0x00, 0xFE, 0x00, 0x1F, 0x80, 0x00, 0x40, 0x01, 0x80, 0xC1, 0xFC, 0x7E,
    0x1F, 0x8F, 0xC7, 0xFB, 0xFC, 0xFF, 0x7F, 0x8F, 0xC7, 0xE3, 0xF8, 0xFC, 0x2D, 0x16, 0x80, 0x00,
    0x00, 0xFF, 0xFF, 0xFF, 0x00, 0x01, 0x80, 0x00, 0xE0, 0x00, 0x70, 0x00, 0x3C, 0x00, 0x0E, 0x00,
    0x07, 0x00, 0x03, 0xC0, 0x00, 0xE0, 0x00, 0x70, 0x00, 0x3C, 0x00, 0x0E, 0x00, 0x07, 0x00, 0x03,
    0x80, 0x01, 0xE0, 0x00, 0x70, 0x00, 0x38, 0x00, 0x1E, 0x00, 0x07, 0x00, 0x03, 0x80, 0x01, 0xE0,
    0x00, 0x70, 0x00, 0x38, 0x00, 0x00, 0xFF, 0xFF, 0xF8, 0xE3, 0x8E, 0x38, 0xE3, 0x8E, 0x38, 0xFF,
    0xFF, 0xF8, 0xE3, 0x8E, 0x38, 0xE3, 0x8E, 0x38, 0xFB, 0xFF, 0xC0, 0xFD, 0xFF, 0xF8, 0xF1, 0xE3,
    0xC7, 0x8F, 0x1E, 0x3C, 0x78, 0xF7, 0xFF, 0xFF, 0x8F, 0x1E, 0x3C, 0x78, 0xF1, 0xE3, 0xC7, 0x8F,
    0x7F, 0xFF, 0xF8, 0x00, 0x0F, 0x80, 0x1F, 0x03, 0xFE, 0x07, 0xFC, 0x7F, 0xF0, 0xFF, 0xEF, 0x8F,
    0x1F, 0x1E, 0xF0, 0x79, 0xE0, 0xFE, 0x03, 0x9C, 0x07, 0xE0, 0x39, 0xC0, 0x70, 0x07, 0x80, 0x0F,
    0x00, 0x70, 0x00, 0xE0, 0x1F, 0x00, 0x3E, 0x03, 0xE0, 0x07, 0xC0, 0x7C, 0x00, 0xF8, 0x07, 0x00,
    0x0E, 0x00, 0xF0, 0x01, 0xE0, 0x0F, 0x00, 0x1E, 0x00, 0xE0, 0x01, 0xC0, 0x00, 0x00, 0x00, 0x00,
    0x00, 0x00, 0x00, 0x06, 0x00, 0x0C, 0x00, 0xF0, 0x01, 0xE0, 0x0F, 0x00, 0x1E, 0x00, 0xF0, 0x01,
    0xE0, 0x04, 0x00, 0x08, 0x00, 0x0F, 0x80, 0x63, 0xFE, 0x0F, 0x7F, 0xF0, 0xFF, 0x8F, 0x0F, 0xF0,
    0x78, 0xFE, 0x03, 0x8F, 0xE0, 0x38, 0xF0, 0x07, 0x8F, 0x00, 0x70, 0xF0, 0x1F, 0x0F, 0x03, 0xE0,
    0xF0, 0x7C, 0x0F, 0x07, 0x00, 0xF0, 0xF0, 0x0F, 0x0F, 0x00, 0xF0, 0xE0, 0x0E, 0x00, 0x00, 0x00,
    0x00, 0x00, 0x06, 0x00, 0x60, 0xF0, 0x0F, 0x0F, 0x00, 0xF0, 0xF0, 0x0F, 0x04, 0x00, 0x00, 0x60,
    0x1F, 0x0F, 0x07, 0xFC, 0xF0, 0xFF, 0xEF, 0x1F, 0x1E, 0xF1, 0xE0, 0xFF, 0x1C, 0x07, 0xF1, 0xC0,
    0x7F, 0x00, 0x0F, 0xF0, 0x01, 0xEF, 0x00, 0x3E, 0xF0, 0x07, 0xCF, 0x00, 0xF8, 0xF0, 0x0E, 0x0F,
    0x01, 0xE0, 0xF0, 0x1E, 0x0E, 0x01, 0xC0, 0x00, 0x00, 0x00, 0x00, 0x00, 0x60, 0x0C, 0x0F, 0x01,
    0xE0, 0xF0, 0x1E, 0x0F, 0x01, 0xE0, 0x00, 0x08, 0x00, 0xFF, 0xFF, 0xFF, 0xFF, 0x80, 0xE0, 0x1C,
    0x03, 0x80, 0x70, 0x0E, 0x01, 0xC0, 0x38, 0x07, 0x00, 0xE0, 0x1C, 0x07, 0x00, 0xE0, 0x1C, 0x03,
    0x80, 0x70, 0x0E, 0x01, 0xC0, 0x38, 0x07, 0x00, 0xFF, 0x03, 0xFF, 0x8F, 0xFF, 0x3F, 0xFE, 0xE7,
    0xFF, 0x9F, 0xFE, 0x7F, 0xF9, 0xFF, 0xE7, 0xFF, 0x9F, 0xFE, 0x7F, 0xF9, 0xFE, 0xE7, 0xF3, 0x9F,
    0x8E, 0x20, 0x38, 0x00, 0xE0, 0x03, 0x80, 0x0E, 0x00, 0x38, 0x00, 0xE0, 0x03, 0x80, 0x00, 0x07,
    0xFC, 0x7F, 0xF3, 0xFF, 0xDF, 0xE7, 0x7F, 0x9D, 0xFE, 0x77, 0xF9, 0xDF, 0xE7, 0x7F, 0x9D, 0xFE,
    0x73, 0xFF, 0xC7, 0xFF, 0x07, 0xFC, 0xFF, 0x83, 0xFF, 0x8F, 0xFF, 0x39, 0xFE, 0xE7, 0xFB, 0x9F,
    0xEE, 0x7F, 0xB9, 0xFE, 0xE7, 0xFB, 0x9F, 0xEF, 0xFF, 0x3F, 0xF8, 0xFF, 0x80, 0x06, 0x00, 0x70,
    0x07, 0x06, 0x67, 0xFF, 0xF7, 0xFE, 0x1F, 0x83, 0xFC, 0x7F, 0xFF, 0x6F, 0x47, 0x20, 0x70, 0x07,
    0x00, 0x07, 0xBD, 0xEF, 0x00, 0x00, 0x00, 0x00, 0x00, 0x79, 0xCE, 0x73, 0xCE, 0x73, 0x80, 0x00,
    0x00, 0x00, 0x0F, 0xFF, 0x80, 0x7F, 0xFF, 0xC1, 0xFF, 0xFF, 0xC7, 0xE0, 0x0F, 0xCE, 0x00, 0x03,
    0x80, 0x00, 0x00, 0x00, 0x00, 0x00, 0x00, 0x00, 0x00, 0x00, 0x00, 0x00, 0x00, 0x00, 0x00, 0x00,
    0x00, 0x00, 0x00, 0x00, 0x00, 0x00, 0x00, 0x00, 0x00, 0x00, 0x00, 0x00, 0x00, 0x00, 0x00, 0x00,
    0x00, 0x00, 0x00, 0x00, 0x00, 0x00, 0x00, 0x00, 0x00, 0x00, 0x00, 0x00, 0x00, 0x00, 0x00, 0x00,
    0x00, 0x00, 0x00, 0x00, 0x20, 0x00, 0x00, 0xF0, 0x00, 0x3D, 0xFE, 0x0F, 0xF1, 0xFF, 0xFF, 0xC0,
    0xFF, 0xFF, 0x00, 0x7F, 0xF0, 0x00, 0x06, 0x00, 0xE0, 0x0E, 0x0E, 0xE6, 0xFF, 0xF7, 0xFE, 0x1F,
    0x83, 0xFC, 0xFF, 0xEE, 0xEE, 0x4E, 0x60, 0xE0, 0x0E, 0x00, 0x00, 0x00, 0x00, 0x60, 0x0E, 0x00,
    0xE0, 0xEE, 0x6F, 0xFF, 0x7F, 0xE1, 0xF8, 0x3F, 0xCF, 0xFE, 0xEE, 0xE4, 0xE6, 0x0E, 0x00, 0xE0,
    0x00, 0x01, 0xC0, 0x00, 0x38, 0x00, 0x0E, 0x18, 0x03, 0x87, 0x80, 0xF1, 0xF8, 0x1C, 0x3E, 0x07,
    0x03, 0xC1, 0xE0, 0x00, 0x38, 0x00, 0x0E, 0x00, 0x03, 0xC0, 0x00, 0x70, 0x00, 0x1C, 0x00, 0x07,
    0x80, 0x00, 0xE0, 0x60, 0x38, 0x1E, 0x0F, 0x07, 0xE1, 0xC0, 0xF8, 0x70, 0x0F, 0x1C, 0x00, 0x07,
    0x80, 0x00, 0xE0, 0x00, 0x00, 0x3F, 0x00, 0x0F, 0xF8, 0x01, 0xFF, 0xEF, 0x30, 0x7F, 0xE0, 0x03,
    0xF8, 0x00, 0x1C, 0x00, 0x00, 0x7E, 0x00, 0x0F, 0xFF, 0xC0, 0x7F, 0xFF, 0xE1, 0xFF, 0xFF, 0xE7,
    0xC0, 0x07, 0xEE, 0x00, 0x01, 0x80, 0x03, 0x00, 0xB9, 0x0F, 0xDC, 0x7F, 0xE1, 0xFE, 0x3F, 0xFF,
    0xFF, 0xEF, 0xFF, 0x1F, 0xE1, 0xFF, 0x8F, 0xDC, 0x2E, 0x40, 0x30, 0x00, 0x71, 0xC3, 0x0C, 0xE3,
    0x8F, 0x3D, 0xC7, 0x1C, 0x7F, 0x8E, 0x38, 0xEE, 0x1C, 0x71, 0xDC, 0x70, 0xE3, 0xB8, 0xE1, 0x87,
    0x71, 0xC7, 0x0C, 0xC3, 0x86, 0x18, 0x0F, 0x07, 0xF1, 0xFF, 0x78, 0xFE, 0x0F, 0xC1, 0xF8, 0x3F,
    0x07, 0xE0, 0xFE, 0x3D, 0xFF, 0x1F, 0xC0, 0xF0, 0xEE, 0x6E, 0xEE, 0xEE, 0xEE, 0xEE, 0x60, 0x03,
    0x80, 0xF8, 0x3F, 0x07, 0xE1, 0xFC, 0x7B, 0x9E, 0x73, 0x8E, 0xFF, 0xFF, 0xFF, 0xFF, 0x81, 0xE0,
    0x18, 0x7F, 0xCF, 0xF9, 0xFF, 0x38, 0x07, 0x70, 0xFF, 0x1F, 0xF1, 0x0E, 0x01, 0xFE, 0x39, 0xFF,
    0x3F, 0xC1, 0xE0, 0x0E, 0x07, 0xF1, 0xFF, 0x78, 0xEE, 0x61, 0xFF, 0x3F, 0xF7, 0x8F, 0xE0, 0xFE,
    0x3D, 0xFF, 0x1F, 0xC0, 0xF0, 0xFF, 0xBF, 0xFF, 0xFC, 0x0E, 0x07, 0x81, 0xC0, 0xF0, 0x38, 0x1C,
    0x0F, 0x03, 0x81, 0xC0, 0x70, 0x00, 0x1E, 0x0F, 0xF1, 0xFF, 0x78, 0xE7, 0x1C, 0xFF, 0x8F, 0xE7,
    0xFE, 0xE1, 0xFC, 0x3F, 0xFF, 0xBF, 0xE1, 0xF0, 0x1E, 0x0F, 0xF3, 0xFF, 0x70, 0xEE, 0x1F, 0xC3,
    0xFF, 0xFB, 0xFF, 0x1D, 0xDE, 0x39, 0xFF, 0x3F, 0xC1, 0xE0, 0x0E, 0x03, 0x80, 0xE1, 0xFF, 0x7F,
    0xC3, 0x80, 0xE0, 0x38, 0x00, 0x1F, 0xF7, 0xFC, 0xFF, 0xFF, 0xDF, 0xCF, 0xEF, 0xFF, 0xFC, 0x00,
    0xF3, 0x8E, 0x71, 0xC7, 0x1C, 0x71, 0xC7, 0x1C, 0x78, 0xE3, 0xC7, 0x07, 0x3C, 0xE7, 0x3C, 0xE7,
    0x39, 0xCE, 0xF7, 0x3B, 0x9C, 0xEF, 0x3F, 0xEF, 0xFF, 0xC7, 0xE1, 0xF8, 0x7E, 0x1F, 0x87, 0xE1,
    0xD8, 0x70, 0x0F, 0x07, 0xF1, 0xFF, 0x78, 0xFE, 0x0F, 0xC1, 0xF8, 0x3F, 0x07, 0xE0, 0xFE, 0x3D,
    0xFF, 0x1F, 0xC0, 0xF0, 0x1D, 0xFF, 0xFF, 0x9C, 0x71, 0xC7, 0x1C, 0x71, 0xC7, 0x1C, 0x1E, 0x0F,
    0xF1, 0xFF, 0x70, 0xEE, 0x1C, 0x07, 0x81, 0xE0, 0x78, 0x1E, 0x0F, 0x83, 0xFF, 0x7F, 0xEF, 0xFC,
    0x1E, 0x07, 0xF1, 0xFF, 0x78, 0xE0, 0x1C, 0x1F, 0x83, 0xE0, 0x7E, 0x01, 0xFE, 0x3F, 0xFF, 0x3F,
    0xE1, 0xF0, 0x03, 0x80, 0xF8, 0x3F, 0x07, 0xE1, 0xFC, 0x7B, 0x9E, 0x73, 0x8E, 0xFF, 0xFF, 0xFF,
    0xFF, 0x81, 0xE0, 0x18, 0x7F, 0xCF, 0xF9, 0xFF, 0x38, 0x07, 0x70, 0xFF, 0x1F, 0xF1, 0x0E, 0x01,
    0xFE, 0x39, 0xFF, 0x3F, 0xC1, 0xE0, 0x0E, 0x07, 0xF1, 0xFF, 0x78, 0xEE, 0x61, 0xFF, 0x3F, 0xF7,
    0x8F, 0xE0, 0xFE, 0x3D, 0xFF, 0x1F, 0xC0, 0xF0, 0xFF, 0xBF, 0xFF, 0xFC, 0x0E, 0x07, 0x81, 0xC0,
    0xF0, 0x38, 0x1C, 0x0F, 0x03, 0x81, 0xC0, 0x70, 0x00, 0x1E, 0x0F, 0xF1, 0xFF, 0x78, 0xE7, 0x1C,
    0xFF, 0x8F, 0xE7, 0xFE, 0xE1, 0xFC, 0x3F, 0xFF, 0xBF, 0xE1, 0xF0, 0x1E, 0x0F, 0xF3, 0xFF, 0x70,
    0xEE, 0x1F, 0xC3, 0xFF, 0xFB, 0xFF, 0x1D, 0xDE, 0x39, 0xFF, 0x3F, 0xC1, 0xE0, 0x0E, 0x03, 0x80,
    0xE1, 0xFF, 0x7F, 0xC3, 0x80, 0xE0, 0x38, 0x00, 0x1F, 0xF7, 0xFC, 0xFF, 0xFF, 0xDF, 0xCF, 0xEF,
    0xFF, 0xFC, 0x00, 0xF3, 0x8E, 0x71, 0xC7, 0x1C, 0x71, 0xC7, 0x1C, 0x78, 0xE3, 0xC7, 0x07, 0x3C,
    0xE7, 0x3C, 0xE7, 0x39, 0xCE, 0xF7, 0x3B, 0x9C, 0x3E, 0x3F, 0xBF, 0xE0, 0x77, 0xFF, 0xFF, 0x8F,
    0xFF, 0xFF, 0x9D, 0xC0, 0x1E, 0x1F, 0xEF, 0xFF, 0x87, 0xFF, 0xFF, 0xFE, 0x13, 0xFF, 0x7F, 0x87,
    0x80, 0x1E, 0x1F, 0xEF, 0xFF, 0x87, 0xE1, 0xF8, 0x7E, 0x1F, 0xFF, 0x7F, 0x87, 0x80, 0x70, 0xEF,
    0x38, 0xEF, 0x0F, 0xC1, 0xF0, 0x3E, 0x0F, 0xE1, 0xDE, 0x71, 0xEC, 0x1C, 0x1F, 0x0F, 0xF1, 0xFF,
    0x38, 0xF0, 0x0F, 0xFF, 0xFF, 0xFF, 0xFF, 0xF1, 0xEF, 0x79, 0xFF, 0x1F, 0xC0, 0x40, 0x60, 0x38,
    0x0E, 0x03, 0xBC, 0xFF, 0xBF, 0xFF, 0x1F, 0x87, 0xE1, 0xF8, 0x7E, 0x1F, 0x87, 0x61, 0xC0, 0x60,
    0x38, 0x0E, 0x03, 0x8F, 0xE7, 0xBB, 0xCF, 0xE3, 0xF0, 0xFE, 0x3F, 0xCE, 0x7B, 0x8F, 0x61, 0xC0,
    0x6E, 0xEE, 0xEE, 0xEE, 0xEE, 0xEE, 0x60, 0xEE, 0x3C, 0xFF, 0xFE, 0xFF, 0xFE, 0xF3, 0xCF, 0xE3,
    0x8F, 0xE3, 0x8F, 0xE3, 0x8F, 0xE3, 0x8F, 0xE3, 0x8F, 0x61, 0x86, 0xEF, 0x3F, 0xEF, 0xFF, 0xC7,
    0xE1, 0xF8, 0x7E, 0x1F, 0x87, 0xE1, 0xD8, 0x70, 0xEF, 0x1F, 0xF3, 0xFF, 0x78, 0xEE, 0x1F, 0xC3,
    0xFC, 0x77, 0xFE, 0xFF, 0x9C, 0xE3, 0x80, 0x70, 0x0E, 0x00, 0x3E, 0x3F, 0xBF, 0xFE, 0x0F, 0xF1,
    0xFF, 0x8F, 0xFF, 0x7F, 0x1F, 0x00, 0x38, 0x73, 0xF7, 0xFF, 0xC7, 0x0E, 0x1C, 0x38, 0x7C, 0xF8,
    0xE0, 0x1F, 0xC0, 0x1F, 0xF0, 0x1F, 0xFC, 0x0E, 0x0E, 0x0F, 0x07, 0x87, 0x01, 0xC3, 0x80, 0x01,
    0xC7, 0xFF, 0xE3, 0xFF, 0xF1, 0xFF, 0xF8, 0xE0, 0x1E, 0x70, 0x07, 0xB8, 0x01, 0xFF, 0xF8, 0x7F,
    0xFC, 0x0F, 0xFE, 0x03, 0x80, 0x01, 0xC0, 0x00, 0xE0, 0x00, 0x70, 0x00, 0x3F, 0xF8, 0x1F, 0xFC,
    0x00, 0x00, 0x00, 0x19, 0x80, 0x03, 0x60, 0x07, 0xEC, 0x03, 0xFF, 0x80, 0xFF, 0xF8, 0x3F, 0xFF,
    0x0F, 0x19, 0xF1, 0xC3, 0x7F, 0x78, 0xED, 0xEE, 0x19, 0x9D, 0xC3, 0x30, 0x78, 0x6C, 0x0F, 0x19,
    0x81, 0xE3, 0x30, 0x3C, 0x6C, 0x07, 0x99, 0x80, 0x73, 0x30, 0x0E, 0x6E, 0x1D, 0xF9, 0x87, 0x9F,
    0x30, 0xE3, 0xEE, 0x7C, 0x3F, 0xFF, 0x03, 0xFF, 0xC0, 0x7F, 0xF0, 0x0D, 0xF0, 0x03, 0x30, 0x00,
    0x66, 0x00, 0x00, 0x01, 0xF8, 0x00, 0xFF, 0xC0, 0x3F, 0xFC, 0x0F, 0xCF, 0xC3, 0xC0, 0x3C, 0x70,
    0x03, 0x9E, 0x00, 0x7B, 0x80, 0x07, 0x70, 0x00, 0x1E, 0x00, 0x63, 0xC3, 0xBE, 0x78, 0x7F, 0xCF,
    0x0F, 0xF9, 0xE1, 0xF0, 0x1C, 0x3C, 0x03, 0x87, 0x8F, 0x78, 0xE1, 0xE7, 0x9C, 0x78, 0xFB, 0x9F,
    0x0F, 0xFF, 0xC0, 0xFF, 0xF0, 0x0F, 0xFC, 0x00, 0x3C, 0x00, 0x0F, 0xFF, 0x87, 0xFF, 0xC3, 0xFF,
    0xE1, 0xFF, 0xF0, 0xE0, 0x00, 0x70, 0x00, 0x38, 0x00, 0x1C, 0x00, 0x0E, 0x00, 0x07, 0x00, 0x03,
    0xFF, 0xC1, 0xFF, 0xE0, 0xFF, 0xF0, 0x70, 0x00, 0x38, 0x00, 0x1C, 0x00, 0xFF, 0xC0, 0x7F, 0xE0,
    0x1F, 0xF0, 0x01, 0xC0, 0x00, 0xE0, 0x00, 0x70, 0x00, 0x01, 0xE0, 0x07, 0xF8, 0x0F, 0xFC, 0x1E,
    0x3E, 0x3C, 0x0E, 0x3C, 0x0E, 0x38, 0x0E, 0x38, 0x00, 0x3C, 0x00, 0xFF, 0xF0, 0xFF, 0xF0, 0x3C,
    0x00, 0x3C, 0x00, 0xFF, 0xF0, 0xFF, 0xF0, 0x3C, 0x00, 0x3C, 0x00, 0x3C, 0x0E, 0x38, 0x0E, 0xFF,
    0xFE, 0xFF, 0xFE, 0xFF, 0xFC, 0x00, 0x0C, 0x00, 0x00, 0xE0, 0x00, 0x07, 0x01, 0xDF, 0xFF, 0xCF,
    0xFF, 0xFF, 0x7F, 0xFF, 0xFB, 0xC3, 0xE1, 0xFE, 0x0E, 0x07, 0xE0, 0xF0, 0x3F, 0x07, 0x81, 0xF8,
    0x3C, 0x0F, 0xC3, 0xE0, 0x7E, 0x1F, 0x03, 0xF1, 0xF8, 0x1F, 0x8F, 0xC0, 0xFC, 0x7E, 0x07, 0xE7,
    0x70, 0x3F, 0x3B, 0x81, 0xFB, 0xDC, 0x0E, 0x1C, 0x00, 0x00, 0xE0, 0x00, 0x00, 0x1C, 0x00, 0x60,
    0xF8, 0x03, 0xC3, 0xE0, 0x0F, 0x0F, 0xC0, 0x3C, 0x3F, 0x80, 0xF0, 0xFE, 0x03, 0xC3, 0xFC, 0x0F,
    0x0F, 0x78, 0x3C, 0xFF, 0xFF, 0xFF, 0xFF, 0xFF, 0xFF, 0xFF, 0xFF, 0xCF, 0x1E, 0x3C, 0x3C, 0x3C,
    0xF3, 0xFF, 0xFF, 0xFF, 0xFF, 0xFF, 0xCF, 0x03, 0xFC, 0x3C, 0x0F, 0xF0, 0xF0, 0x1F, 0xC3, 0xC0,
    0x3F, 0x0F, 0x00, 0xFC, 0x3C, 0x01, 0xF0, 0xF0, 0x03, 0xC0, 0x7F, 0x80, 0x00, 0x7F, 0xF8, 0x00,
    0x3F, 0xFF, 0x0F, 0x1F, 0xFF, 0x87, 0x8F, 0x01, 0xE3, 0xC7, 0x80, 0x71, 0xE3, 0xC0, 0x3B, 0xFF,
    0xE0, 0x1D, 0xFF, 0xF0, 0x0E, 0xFF, 0xF8, 0x07, 0x1E, 0x3C, 0x07, 0x8F, 0x1F, 0xFF, 0x87, 0x8F,
    0xFF, 0x83, 0xC7, 0xFF, 0x81, 0xE3, 0xFE, 0x00, 0xF1, 0xE0, 0x00, 0x78, 0xF0, 0x00, 0x3C, 0x78,
    0x00, 0x1E, 0x3C, 0x00, 0x0F, 0x1E, 0x00, 0x03, 0xCF, 0x00, 0x01, 0xFF, 0x80, 0x00, 0x7C, 0x00,
    0x00, 0x0C, 0x7F, 0x80, 0x00, 0x07, 0xFF, 0x80, 0x00, 0x3F, 0xFF, 0x00, 0x01, 0xFF, 0xF8, 0x00,
    0x0F, 0x01, 0xE0, 0x00, 0x78, 0x07, 0x00, 0x03, 0xC0, 0x38, 0x7F, 0x1E, 0x01, 0xC7, 0xFE, 0xF0,
    0x0E, 0x7F, 0xF7, 0x80, 0xF3, 0x83, 0xFC, 0x0F, 0x9C, 0x0D, 0xFF, 0xF8, 0xE0, 0x0F, 0xFF, 0x87,
    0xE0, 0x7F, 0xF8, 0x1F, 0xE3, 0xC3, 0xC0, 0x7F, 0xDE, 0x0F, 0x00, 0x7F, 0xF0, 0x78, 0x00, 0x7F,
    0x81, 0xE3, 0x01, 0xFC, 0x0F, 0x3C, 0x0F, 0xE0, 0x3C, 0xF1, 0xFF, 0x01, 0xE7, 0xFF, 0x78, 0x07,
    0x8F, 0xF0, 0x00, 0x00, 0x1E, 0x00, 0x60, 0x0E, 0x00, 0xEF, 0x00, 0xF0, 0x0E, 0x70, 0x1F, 0x00,
    0xE7, 0x01, 0xF0, 0x1E, 0x78, 0x1F, 0x81, 0xC7, 0x81, 0xF8, 0x1C, 0x38, 0x3F, 0x81, 0xC3, 0x83,
    0xFC, 0x3C, 0xFF, 0xFF, 0xFF, 0xEF, 0xFF, 0xFF, 0xFE, 0x7F, 0xFF, 0xFF, 0xE1, 0xC7, 0x1C, 0x78,
    0x7F, 0xFF, 0xFF, 0xEF, 0xFF, 0xFF, 0xFE, 0xFF, 0xFF, 0xFF, 0xE7, 0xFF, 0xFF, 0xFC, 0x0F, 0xE0,
    0x7E, 0x00, 0x7E, 0x07, 0xE0, 0x07, 0xC0, 0x7E, 0x00, 0x7C, 0x07, 0xC0, 0x03, 0xC0, 0x3C, 0x00,
    0x3C, 0x03, 0xC0, 0xFF, 0xF0, 0xEF, 0xFF, 0x8E, 0xFF, 0xFC, 0xEF, 0x03, 0xCE, 0xF0, 0x1C, 0xEF,
    0x79, 0xCE, 0xF7, 0x9C, 0xEF, 0x79, 0xCE, 0xF7, 0x9C, 0xEF, 0x79, 0xCE, 0xF7, 0x9C, 0xEF, 0x78,
    0x0E, 0xF7, 0x80, 0xEF, 0x7F, 0xFE, 0xF7, 0xFF, 0xCF, 0x7F, 0xF8, 0x00, 0x0C, 0x00, 0x0F, 0x00,
    0x7F, 0xE0, 0x3F, 0xF0, 0x1F, 0xF8, 0x00, 0xF0, 0x3F, 0x78, 0x7F, 0xFC, 0x3F, 0xFE, 0x3C, 0x1F,
    0x1C, 0x07, 0x9E, 0x03, 0xCE, 0x01, 0xE7, 0x00, 0x73, 0x80, 0x39, 0xC0, 0x3C, 0xF0, 0x1E, 0x78,
    0x0F, 0x1E, 0x0F, 0x8F, 0x8F, 0xC3, 0xFF, 0xE0, 0xFF, 0x70, 0x1E, 0x00, 0x00, 0x00, 0x00, 0x00,
    0x3F, 0xFF, 0x1F, 0xFF, 0x8F, 0xFF, 0xC0, 0x00, 0x7E, 0x00, 0x7F, 0xE0, 0x3F, 0xFC, 0x1F, 0x9F,
    0x0F, 0x81, 0x83, 0xC0, 0x00, 0xE0, 0x00, 0x78, 0x00, 0x7F, 0xFE, 0x1F, 0xFF, 0x87, 0xFF, 0xC0,
    0x70, 0x00, 0x7F, 0xF8, 0x1F, 0xFE, 0x0F, 0xFF, 0x80, 0x78, 0x00, 0x0E, 0x00, 0x03, 0xC0, 0x00,
    0x78, 0x18, 0x1F, 0xFF, 0x03, 0xFF, 0xC0, 0x3F, 0xC0, 0x03, 0xC0, 0x0E, 0x00, 0xF0, 0xE0, 0x1F,
    0x0E, 0x03, 0xE0, 0xE0, 0x7C, 0x0E, 0x0F, 0x80, 0xE0, 0xF0, 0x0E, 0x1E, 0x00, 0xE3, 0xC0, 0x0E,
    0x78, 0x0F, 0xFF, 0xFF, 0xFF, 0xFF, 0xFF, 0xFF, 0xFF, 0x0F, 0xF8, 0x00, 0xFB, 0xC0, 0x0F, 0x1E,
    0x00, 0xE1, 0xE0, 0x0E, 0x0F, 0x00, 0xE0, 0x78, 0x0E, 0x07, 0xC0, 0xE0, 0x3C, 0x0E, 0x01, 0xE0,
    0xE0, 0x0F, 0xFF, 0xFF, 0x7F, 0xFF, 0xFF, 0xFF, 0xEF, 0xFF, 0xE0, 0x1C, 0x00, 0x0E, 0x00, 0x07,
    0x30, 0x03, 0xF8, 0x01, 0xFC, 0x03, 0xF8, 0x07, 0xF0, 0x03, 0xFB, 0x81, 0x9F, 0xC0, 0x1F, 0xC0,
    0x7F, 0x80, 0x3F, 0x80, 0x1D, 0xC0, 0x00, 0xE0, 0x00, 0x70, 0x00, 0x38, 0x00, 0x1C, 0x00, 0x0E,
    0x00, 0x03, 0xC0, 0x00, 0x00, 0x00, 0x0F, 0x00, 0x00, 0x00, 0x00, 0x3F, 0xC0, 0x00, 0x00, 0x07,
    0xFF, 0xE0, 0x00, 0x00, 0x3F, 0xFF, 0xC0, 0x00, 0x00, 0x7F, 0x1F, 0x80, 0x00, 0x00, 0x3C, 0x0F,
    0x00, 0x00, 0x00, 0xF0, 0x1E, 0x00, 0x00, 0x03, 0xC0, 0x38, 0x1F, 0xC0, 0x0F, 0x00, 0xE0, 0xFF,
    0xC0, 0x3C, 0x03, 0xC7, 0xFF, 0x00, 0xF0, 0x0F, 0x3C, 0x1E, 0x03, 0xC0, 0x3C, 0xE0, 0x3C, 0x0F,
    0x00, 0xF3, 0x80, 0xF0, 0x3C, 0x03, 0xDE, 0x01, 0xC0, 0xF0, 0x0F, 0x78, 0x07, 0x3F, 0xC0, 0x3D,
    0xE0, 0x1D, 0xFF, 0x00, 0xE7, 0x80, 0x7F, 0xFC, 0x03, 0x9E, 0x03, 0xFC, 0xF0, 0x1E, 0x78, 0x0F,
    0xE3, 0xE0, 0xF1, 0xF0, 0x7B, 0xDF, 0xEF, 0xC7, 0xE3, 0xE7, 0xFF, 0xFE, 0x1F, 0xFF, 0x1F, 0xCF,
    0xF0, 0x7B, 0xF8, 0x1C, 0x0E, 0x01, 0xE7, 0x80, 0x00, 0x00, 0x07, 0x80, 0x00, 0x00, 0x00, 0x1E,
    0x00, 0x00, 0x00, 0x00, 0x78, 0x00, 0x00, 0x00, 0x01, 0xE0, 0x00, 0x00, 0x00, 0x07, 0x80, 0x00,
    0x1F, 0xE0, 0x03, 0xFF, 0x80, 0x7F, 0xF8, 0x0F, 0xFF, 0x81, 0xC0, 0x70, 0xFF, 0xFF, 0xDF, 0xFF,
    0xFB, 0xFF, 0xFF, 0x1C, 0x03, 0x8F, 0xFF, 0xFD, 0xFF, 0xFF, 0xBF, 0xFF, 0xF1, 0xC0, 0x70, 0x3F,
    0xFE, 0x07, 0xFF, 0x80, 0xFF, 0xE0, 0x1F, 0x80, 0x03, 0x80, 0x00, 0x70, 0x00, 0x0E, 0x00, 0x01,
    0xC0, 0x00, 0x38, 0x00, 0x00, 0x00, 0x60, 0x00, 0x0C, 0x00, 0x01, 0x80, 0x00, 0xFC, 0x00, 0x7F,
    0xE0, 0x1F, 0xFE, 0x07, 0xFB, 0xE1, 0xE3, 0x1E, 0x38, 0x61, 0xEF, 0x0C, 0x3D, 0xC1, 0x83, 0xB8,
    0x30, 0x0F, 0x06, 0x01, 0xE0, 0xC0, 0x3C, 0x1F, 0xFF, 0x83, 0xFF, 0xF0, 0x7F, 0xEE, 0x0C, 0x1D,
    0xC1, 0x83, 0xBC, 0x30, 0xF3, 0xC6, 0x1E, 0x7C, 0xC7, 0x87, 0xFF, 0xE0, 0x7F, 0xF8, 0x07, 0xFE,
    0x00, 0x1E, 0x00, 0x01, 0x80, 0x00, 0x30, 0x00, 0x00, 0xE0, 0x00, 0x0F, 0x00, 0x01, 0xF0, 0x00,
    0x1F, 0x80, 0x01, 0xF8, 0x00, 0x3F, 0xC0, 0x03, 0x9C, 0x00, 0x39, 0xC0, 0x07, 0x9E, 0x07, 0xFF,
    0xFE, 0x7F, 0xFF, 0xE7, 0xFF, 0xFE, 0x0E, 0x07, 0x01, 0xE0, 0x78, 0x7F, 0xFF, 0xE7, 0xFF, 0xFE,
    0x7F, 0xFF, 0xE3, 0x80, 0x3C, 0x38, 0x01, 0xC7, 0x80, 0x1E, 0x70, 0x00, 0xEF, 0x00, 0x0E, 0x07,
    0xE0, 0x1F, 0xF8, 0x3F, 0xFC, 0x3C, 0x3C, 0x38, 0x1E, 0x78, 0x1E, 0x00, 0x1E, 0x00, 0x3C, 0xFF,
    0xFF, 0xFF, 0xFF, 0xFF, 0xFF, 0x00, 0x00, 0xFF, 0xFF, 0xFF, 0xFF, 0xFF, 0xFF, 0x38, 0x00, 0x78,
    0x00, 0x78, 0x1E, 0x78, 0x1E, 0x3F, 0xFE, 0x3F, 0xFC, 0x1F, 0xF8, 0x03, 0xC0, 0x00, 0x60, 0x00,
    0x0C, 0x00, 0x01, 0x80, 0x00, 0xFC, 0x00, 0x7F, 0xE0, 0x1F, 0xFF, 0x07, 0xFB, 0xE1, 0xE3, 0x1E,
    0x38, 0x61, 0xEF, 0x0C, 0x3D, 0xC1, 0x83, 0xB8, 0x30, 0x0F, 0x06, 0x01, 0xE0, 0xC0, 0x3C, 0x18,
    0x07, 0x83, 0x00, 0xF0, 0x60, 0x0E, 0x0C, 0x01, 0xC1, 0x83, 0xBC, 0x30, 0xF3, 0xC6, 0x1C, 0x7C,
    0xCF, 0x87, 0xFF, 0xE0, 0x7F, 0xF8, 0x07, 0xFE, 0x00, 0x1E, 0x00, 0x01, 0x80, 0x00, 0x30, 0x00,
    0x00, 0x00, 0xFF, 0xFF, 0x7F, 0xFF, 0xFF, 0xFF, 0xEF, 0xFF, 0xE7, 0xFF, 0xF7, 0xFF, 0xFF, 0xFF,
    0xFF, 0xFF, 0xFE, 0x01, 0xC0, 0x00, 0xE0, 0x00, 0x70, 0x00, 0x38, 0x00, 0x1C, 0x00, 0x0E, 0x00,
    0x07, 0x00, 0x03, 0x80, 0x01, 0xC0, 0x00, 0xE0, 0x00, 0x70, 0x00, 0x38, 0x00, 0x1C, 0x00, 0x0E,
    0x00, 0x7F, 0xFE, 0xFF, 0xFD, 0xFF, 0xFB, 0xFF, 0xE0, 0x0F, 0x07, 0xFF, 0xDF, 0xFF, 0xBF, 0xFF,
    0x7F, 0xFC, 0x01, 0xE0, 0x0F, 0xC3, 0xFF, 0x07, 0xFC, 0x0F, 0xC0, 0x0F, 0x00, 0x0F, 0x00, 0x0F,
    0x00, 0x1F, 0x00, 0x1F, 0x00, 0x1E, 0x00, 0x1E, 0x00, 0x1E, 0x00, 0x1C, 0x00, 0x38, 0x00, 0x71,
    0x80, 0xEF, 0x01, 0xFE, 0x03, 0xF8, 0x3F, 0xC0, 0x7E, 0x30, 0xFD, 0xE1, 0x3F, 0xC0, 0xFF, 0x07,
    0xF8, 0x0F, 0xC0, 0xFF, 0x83, 0xE7, 0x07, 0x8E, 0x0F, 0x1C, 0x1C, 0x38, 0x78, 0x71, 0xF0, 0xFF,
    0xC1, 0xFF, 0x03, 0xFC, 0x07, 0xC0, 0x00, 0x01, 0xC0, 0x00, 0xE0, 0x00, 0x70, 0x00, 0xFE, 0x00,
    0xFF, 0x81, 0xFF, 0xF0, 0xFF, 0xF8, 0xF3, 0x9E, 0x71, 0xC7, 0x78, 0xE3, 0xF8, 0x70, 0xFC, 0x38,
    0x7E, 0x1C, 0x3F, 0x0E, 0x1F, 0x87, 0x0F, 0xC3, 0x87, 0x0F, 0xF8, 0x01, 0xFF, 0xE0, 0x3F, 0xFE,
    0x07, 0xFF, 0xE0, 0xE0, 0x1E, 0x1C, 0x03, 0xC3, 0x80, 0x38, 0x70, 0x07, 0x0E, 0x00, 0xE1, 0xC0,
    0x3C, 0x38, 0x1F, 0x3F, 0xFF, 0xE7, 0xFF, 0xF0, 0xFF, 0xF8, 0x03, 0x80, 0x03, 0xFF, 0x80, 0x7F,
    0xF0, 0x0F, 0xFE, 0x00, 0x38, 0x00, 0x07, 0x00, 0x00, 0xE0, 0x00, 0x1C, 0x00, 0x00, 0x06, 0x30,
    0x03, 0xB8, 0x01, 0xDC, 0x00, 0xFE, 0x01, 0xFF, 0xC1, 0xFF, 0xF1, 0xFD, 0xFC, 0xFE, 0xFE, 0xF7,
    0x77, 0xF3, 0xBB, 0xF9, 0xDC, 0xFC, 0xEE, 0x7E, 0x77, 0x3F, 0x00, 0x03, 0x80, 0x01, 0xE0, 0x00,
    0x70, 0x00, 0x3C, 0x00, 0x0F, 0x00, 0x1F, 0xFF, 0xFF, 0xFF, 0xFF, 0xFF, 0xFC, 0x1D, 0xC0, 0x1D,
    0xC0, 0x7F, 0xC0, 0xFF, 0xF0, 0xFF, 0xFC, 0xFF, 0xFC, 0xF0, 0x1E, 0xF0, 0x1E, 0xF0, 0x0E, 0xF0,
    0x0E, 0xF0, 0x1E, 0xF0, 0x7C, 0xFF, 0xF8, 0xFF, 0xF8, 0xFF, 0xFE, 0xF0, 0x1E, 0xF0, 0x0F, 0xF0,
    0x0F, 0xF0, 0x0F, 0xF0, 0x0F, 0xF0, 0x1E, 0xFF, 0xFE, 0xFF, 0xFC, 0xFF, 0xF8, 0x1D, 0xC0, 0x1D,
    0xC0, 0x1D, 0xC0, 0x00, 0x60, 0x00, 0x01, 0xE0, 0x00, 0x07, 0xC0, 0x00, 0x1F, 0x00, 0x00, 0x7C,
    0x00, 0x01, 0xF0, 0x00, 0x07, 0xC0, 0x00, 0x1F, 0x00, 0x00, 0x7F, 0xFF, 0xFC, 0xFF, 0xFF, 0xF9,
    0xFF, 0xFF, 0xF1, 0xE0, 0x00, 0x01, 0xE0, 0x00, 0x01, 0xE0, 0x00, 0x01, 0xE0, 0x00, 0x01, 0xE0,
    0x00, 0x01, 0xE0, 0x00, 0x01, 0xE0, 0x00, 0x01, 0x80, 0x00, 0x00, 0x60, 0x00, 0x0F, 0x00, 0x01,
    0xF8, 0x00, 0x3F, 0xC0, 0x07, 0xFE, 0x00, 0xF7, 0xF0, 0x1F, 0x77, 0x83, 0xE7, 0x7C, 0x7C, 0x73,
    0xE7, 0x87, 0x1E, 0x70, 0x70, 0xE2, 0x07, 0x04, 0x00, 0x70, 0x00, 0x07, 0x00, 0x00, 0x70, 0x00,
    0x07, 0x00, 0x00, 0x70, 0x00, 0x07, 0x00, 0x00, 0x70, 0x00, 0x07, 0x00, 0x00, 0x70, 0x00, 0x07,
    0x00, 0x00, 0x08, 0x00, 0x00, 0x70, 0x00, 0x01, 0xE0, 0x00, 0x03, 0xC0, 0x00, 0x07, 0x80, 0x00,
    0x0F, 0x00, 0x00, 0x1E, 0x00, 0x00, 0x3C, 0xFF, 0xFF, 0xFB, 0xFF, 0xFF, 0xFF, 0xFF, 0xFF, 0xC0,
    0x00, 0x1E, 0x00, 0x01, 0xF0, 0x00, 0x0F, 0x80, 0x00, 0x7C, 0x00, 0x03, 0xE0, 0x00, 0x1F, 0x00,
    0x00, 0x78, 0x00, 0x00, 0xC0, 0x00, 0x00, 0x60, 0x00, 0x07, 0x00, 0x00, 0x70, 0x00, 0x07, 0x00,
    0x00, 0x70, 0x00, 0x07, 0x00, 0x00, 0x70, 0x00, 0x07, 0x00, 0x00, 0x70, 0x00, 0x07, 0x00, 0x00,
    0x70, 0x02, 0x07, 0x04, 0x70, 0x70, 0xE7, 0x87, 0x1E, 0x3C, 0x73, 0xC1, 0xE7, 0x78, 0x0F, 0x7F,
    0x00, 0x7F, 0xE0, 0x03, 0xFC, 0x00, 0x1F, 0x80, 0x00, 0xF0, 0x00, 0x06, 0x00, 0x00, 0x00, 0x00,
    0x00, 0x60, 0x00, 0x80, 0x00, 0x1E, 0x00, 0x38, 0x00, 0x07, 0xC0, 0x07, 0x80, 0x01, 0xF0, 0x00,
    0x78, 0x00, 0x7C, 0x00, 0x07, 0x80, 0x1F, 0x00, 0x00, 0x78, 0x07, 0xC0, 0x00, 0x07, 0x81, 0xF0,
    0x00, 0x00, 0x78, 0x7F, 0xFF, 0xFF, 0xFF, 0x8F, 0xFF, 0xFF, 0xFF, 0xF9, 0xFF, 0xFF, 0xFF, 0xFF,
    0x1E, 0x00, 0x00, 0x03, 0xC1, 0xE0, 0x00, 0x00, 0xF0, 0x1E, 0x00, 0x00, 0x3C, 0x01, 0xE0, 0x00,
    0x0F, 0x00, 0x1E, 0x00, 0x03, 0xC0, 0x01, 0xE0, 0x00, 0xF0, 0x00, 0x1E, 0x00, 0x3C, 0x00, 0x01,
    0x80, 0x03, 0x00, 0x00, 0x00, 0x60, 0x00, 0x0F, 0x00, 0x01, 0xF8, 0x00, 0x3F, 0xC0, 0x07, 0xFE,
    0x00, 0xF7, 0xF0, 0x1E, 0x77, 0x83, 0xC7, 0x3C, 0x78, 0x71, 0xE7, 0x07, 0x0F, 0x60, 0x70, 0x60,
    0x07, 0x00, 0x00, 0x70, 0x00, 0x07, 0x00, 0x00, 0x70, 0x00, 0x07, 0x00, 0x00, 0x70, 0x00, 0x07,
    0x00, 0x00, 0x70, 0x00, 0x07, 0x00, 0x00, 0x70, 0x00, 0x07, 0x00, 0x20, 0x70, 0x47, 0x07, 0x0E,
    0x78, 0x71, 0xE3, 0xC7, 0x3C, 0x1E, 0x77, 0x80, 0xF7, 0xF0, 0x07, 0xFE, 0x00, 0x3F, 0xC0, 0x01,
    0xF8, 0x00, 0x0F, 0x00, 0x00, 0x60, 0x00, 0x00, 0x00, 0xFF, 0xFC, 0x7F, 0xFE, 0x3F, 0xFF, 0x1F,
    0x80, 0x0F, 0xE0, 0x07, 0x78, 0x03, 0xBE, 0x01, 0xCF, 0x80, 0xE3, 0xE0, 0x70, 0xF8, 0x38, 0x3E,
    0x1C, 0x0F, 0x8E, 0x03, 0xE7, 0x00, 0xF8, 0x00, 0x3C, 0x00, 0x0E, 0x00, 0x00, 0x00, 0x3F, 0xFF,
    0x3F, 0xFF, 0x3F, 0xFF, 0x00, 0x1F, 0x00, 0x7F, 0x00, 0xFF, 0x01, 0xF7, 0x03, 0xE7, 0x07, 0xC7,
    0x0F, 0x87, 0x1F, 0x07, 0x3E, 0x07, 0x7C, 0x07, 0xF8, 0x07, 0xF0, 0x00, 0x60, 0x00, 0x00, 0x00,
    0x60, 0x00, 0xF0, 0x00, 0xF8, 0x03, 0x7C, 0x07, 0x3E, 0x07, 0x1F, 0x07, 0x0F, 0x87, 0x07, 0xC7,
    0x03, 0xE7, 0x01, 0xF7, 0x00, 0xFF, 0x00, 0x7F, 0x00, 0x3F, 0x1F, 0xFF, 0x3F, 0xFF, 0x3F, 0xFF,
    0x00, 0x02, 0x00, 0x03, 0x90, 0x03, 0xDC, 0x03, 0xCE, 0x03, 0xC7, 0x03, 0xC3, 0x83, 0xC1, 0xC3,
    0xC0, 0xE3, 0xC0, 0x73, 0xC0, 0x3B, 0xC0, 0x1F, 0xC0, 0x0F, 0xC0, 0x07, 0xFF, 0xE3, 0xFF, 0xF1,
    0xFF, 0xF8, 0x00, 0x00, 0x0F, 0x80, 0x00, 0x00, 0x7E, 0x00, 0x00, 0x03, 0xF8, 0x00, 0xC0, 0x01,
    0xE0, 0x0F, 0x00, 0x07, 0x00, 0xF8, 0x00, 0x3C, 0x0F, 0x80, 0x00, 0xE0, 0xF8, 0x00, 0x07, 0x0F,
    0x80, 0x00, 0x78, 0xF8, 0x00, 0x03, 0x8F, 0x80, 0x00, 0x3C, 0xFF, 0xFF, 0xFF, 0xC7, 0xFF, 0xFF,
    0xFC, 0x3F, 0xFF, 0xFF, 0xC0, 0xF0, 0x00, 0x00, 0x03, 0xC0, 0x00, 0x00, 0x0F, 0x00, 0x00, 0x00,
    0x3C, 0x00, 0x00, 0x00, 0xF0, 0x00, 0x00, 0x03, 0xC0, 0x00, 0x00, 0x0F, 0x00, 0x00, 0x00, 0x30,
    0x00, 0x00, 0x0F, 0x80, 0x00, 0x00, 0xFC, 0x00, 0x00, 0x0F, 0xE0, 0x00, 0x00, 0xF0, 0x00, 0x20,
    0x07, 0x00, 0x03, 0x80, 0x78, 0x00, 0x3E, 0x03, 0x80, 0x00, 0xF8, 0x1C, 0x00, 0x03, 0xE0, 0xF0,
    0x00, 0x0F, 0x83, 0x80, 0x00, 0x3E, 0x1E, 0x00, 0x00, 0x78, 0x7F, 0xFF, 0xFF, 0xE1, 0xFF, 0xFF,
    0xFF, 0x87, 0xFF, 0xFF, 0xF8, 0x00, 0x00, 0x07, 0x80, 0x00, 0x00, 0x78, 0x00, 0x00, 0x07, 0x80,
    0x00, 0x00, 0x78, 0x00, 0x00, 0x07, 0x80, 0x00, 0x00, 0x78, 0x00, 0x00, 0x07, 0x80, 0x00, 0x00,
    0x18, 0x00, 0x02, 0x00, 0x00, 0x06, 0x00, 0x00, 0x0E, 0x00, 0x00, 0x1E, 0x00, 0x00, 0x3E, 0x00,
    0x00, 0x7F, 0xFF, 0xFF, 0x7F, 0xFF, 0xFF, 0x7F, 0xFF, 0xFF, 0x3E, 0x00, 0x07, 0x1E, 0x00, 0x07,
    0x0E, 0x00, 0x07, 0x06, 0x00, 0x07, 0x02, 0x00, 0x07, 0x00, 0x00, 0x07, 0x00, 0x00, 0x07, 0x00,
    0x00, 0x07, 0x00, 0x00, 0x07, 0x00, 0x00, 0x07, 0x00, 0x00, 0x07, 0x00, 0x00, 0x07, 0x00, 0x00,
    0x07, 0x00, 0x00, 0x07, 0x00, 0x00, 0x40, 0x00, 0x00, 0x60, 0x00, 0x00, 0x70, 0x00, 0x00, 0x78,
    0x00, 0x00, 0x7C, 0xFF, 0xFF, 0xFE, 0xFF, 0xFF, 0xFF, 0xFF, 0xFF, 0xFE, 0xE0, 0x00, 0x7C, 0xE0,
    0x00, 0x78, 0xE0, 0x00, 0x70, 0xE0, 0x00, 0x60, 0xE0, 0x00, 0x40, 0xE0, 0x00, 0x00, 0xE0, 0x00,
    0x00, 0xE0, 0x00, 0x00, 0xE0, 0x00, 0x00, 0xE0, 0x00, 0x00, 0xE0, 0x00, 0x00, 0xE0, 0x00, 0x00,
    0xE0, 0x00, 0x00, 0xE0, 0x00, 0x00, 0x60, 0x00, 0x00, 0xE0, 0x00, 0x00, 0xE0, 0x00, 0x00, 0xE0,
    0x00, 0x00, 0xE0, 0x00, 0x00, 0xE0, 0x00, 0x00, 0xE0, 0x00, 0x00, 0xE0, 0x00, 0x60, 0xE0, 0x00,
    0x70, 0xE0, 0x00, 0x78, 0xE0, 0x00, 0x7C, 0xFF, 0xFF, 0xFE, 0xFF, 0xFF, 0xFF, 0xFF, 0xFF, 0xFF,
    0x00, 0x00, 0x7E, 0x00, 0x00, 0x7C, 0x00, 0x00, 0x78, 0x00, 0x00, 0x70, 0x00, 0x00, 0x60, 0x7F,
    0xFC, 0x0F, 0xFF, 0xE0, 0xFF, 0xFE, 0x00, 0x01, 0xE0, 0x00, 0x0E, 0x00, 0x00, 0xE0, 0x00, 0x0E,
    0x00, 0x00, 0xE0, 0x00, 0x0E, 0x00, 0x00, 0xE0, 0x00, 0x0E, 0x00, 0x00, 0xE0, 0x00, 0x0E, 0x00,
    0x00, 0xE0, 0x00, 0x0E, 0x00, 0x00, 0xE0, 0x01, 0xFF, 0xE0, 0x0F, 0xFC, 0x00, 0x7F, 0x80, 0x03,
    0xF0, 0x00, 0x1E, 0x00, 0x00, 0xC0, 0x00, 0x00, 0x00, 0x00, 0x00, 0x03, 0x00, 0x00, 0x07, 0x00,
    0x00, 0x07, 0x00, 0x00, 0x07, 0x00, 0x00, 0x07, 0x00, 0x00, 0x07, 0x02, 0x00, 0x07, 0x06, 0x00,
    0x07, 0x0E, 0x00, 0x07, 0x1E, 0x00, 0x07, 0x3E, 0x00, 0x07, 0x7F, 0xFF, 0xFF, 0x7F, 0xFF, 0xFF,
    0x7F, 0xFF, 0xFF, 0x3E, 0x00, 0x00, 0x1E, 0x00, 0x00, 0x0E, 0x00, 0x00, 0x06, 0x00, 0x00, 0x02,
    0x00, 0x00, 0x00, 0x00, 0x00, 0x00, 0xC0, 0x00, 0x07, 0x00, 0x00, 0x3C, 0x00, 0x01, 0xF0, 0x00,
    0x0F, 0xC0, 0x00, 0x7F, 0xF0, 0x01, 0xFF, 0xE0, 0x03, 0xFF, 0xC0, 0x07, 0xC7, 0x80, 0x0F, 0x0F,
    0x00, 0x1C, 0x1E, 0x00, 0x30, 0x38, 0x00, 0x00, 0xE0, 0x00, 0x03, 0xC0, 0x00, 0x07, 0xE0, 0x00,
    0x1F, 0x80, 0x00, 0x7E, 0x00, 0x03, 0xFC, 0x00, 0x0E, 0x70, 0x00, 0x39, 0xE0, 0x01, 0xE3, 0xC0,
    0x0F, 0x0F, 0x80, 0xF8, 0x1F, 0xFF, 0xC0, 0x1F, 0xFE, 0x00, 0x1F, 0xE0, 0x00, 0x00, 0x00, 0x00,
    0x00, 0x80, 0x00, 0x03, 0x00, 0x00, 0x0E, 0x00, 0x00, 0x3C, 0x00, 0x01, 0xF8, 0x00, 0x3F, 0xF0,
    0x03, 0xFF, 0xC0, 0x1F, 0xFF, 0x00, 0xF8, 0xF8, 0x03, 0xC3, 0xC0, 0x1E, 0x0E, 0x00, 0x70, 0x30,
    0x03, 0x80, 0x00, 0x0E, 0x00, 0x00, 0x38, 0x00, 0x00, 0xE0, 0x00, 0x1F, 0x80, 0x00, 0x7E, 0x00,
    0x03, 0xFC, 0x00, 0x0E, 0x70, 0x00, 0x39, 0xE0, 0x01, 0xE3, 0xC0, 0x0F, 0x0F, 0x80, 0xF8, 0x1F,
    0xFF, 0xC0, 0x1F, 0xFE, 0x00, 0x1F, 0xE0, 0x00, 0x00, 0x60, 0x00, 0x01, 0xE0, 0x00, 0x07, 0xC0,
    0x00, 0x1F, 0x00, 0x00, 0x7C, 0x00, 0x01, 0xF0, 0x00, 0x07, 0xFF, 0xFF, 0x1F, 0xFF, 0xFE, 0x7F,
    0xFF, 0xFC, 0xF0, 0x00, 0x01, 0xE0, 0x00, 0x01, 0xFF, 0xFF, 0xE1, 0xFF, 0xFF, 0xC1, 0xFF, 0xFF,
    0x81, 0xE0, 0x00, 0x01, 0xE0, 0x00, 0x01, 0xE0, 0x00, 0x01, 0xE0, 0x00, 0x01, 0x80, 0x00, 0x00,
    0x00, 0x00, 0x00, 0x08, 0x00, 0x00, 0x70, 0x00, 0x01, 0xE0, 0x00, 0x03, 0xC0, 0x00, 0x07, 0x80,
    0x00, 0x0F, 0x0F, 0xFF, 0xFE, 0x3F, 0xFF, 0xFC, 0xFF, 0xFF, 0xF8, 0x00, 0x00, 0xF0, 0x00, 0x07,
    0xFF, 0xFF, 0xFE, 0xFF, 0xFF, 0xF3, 0xFF, 0xFF, 0x80, 0x00, 0x7C, 0x00, 0x03, 0xE0, 0x00, 0x1F,
    0x00, 0x00, 0x78, 0x00, 0x01, 0xC0, 0x00, 0x00, 0x00, 0x00, 0x60, 0x00, 0x80, 0x00, 0x1E, 0x00,
    0x38, 0x00, 0x07, 0xC0, 0x07, 0x80, 0x01, 0xF0, 0x00, 0x78, 0x00, 0x7C, 0x00, 0x07, 0x80, 0x1F,
    0x00, 0x00, 0x78, 0x07, 0xFF, 0xFF, 0xFF, 0x81, 0xFF, 0xFF, 0xFF, 0xF8, 0x7F, 0xFF, 0xFF, 0xFF,
    0x8F, 0x00, 0x00, 0x00, 0x79, 0xE0, 0x00, 0x00, 0x0F, 0x1F, 0xFF, 0xFF, 0xFF, 0xC1, 0xFF, 0xFF,
    0xFF, 0xF0, 0x1F, 0xFF, 0xFF, 0xFC, 0x01, 0xE0, 0x00, 0x0F, 0x00, 0x1E, 0x00, 0x03, 0xC0, 0x01,
    0xE0, 0x00, 0xF0, 0x00, 0x1E, 0x00, 0x3C, 0x00, 0x01, 0x80, 0x03, 0x00, 0x00, 0x00, 0x00, 0x00,
    0x00, 0x00, 0x00, 0x18, 0x01, 0xE0, 0x1F, 0x81, 0xFE, 0x1F, 0xF9, 0xFF, 0xEF, 0xFE, 0x07, 0x00,
    0x38, 0x01, 0xC0, 0x7F, 0xE3, 0xFF, 0x1F, 0xF0, 0x1C, 0x07, 0xFE, 0x3F, 0xF1, 0xFF, 0x81, 0xC0,
    0x0E, 0x00, 0x70, 0x03, 0x80, 0x1C, 0x00, 0x07, 0x00, 0x38, 0x01, 0xC0, 0x0E, 0x00, 0x70, 0x1F,
    0xF0, 0xFF, 0xC7, 0xFE, 0x07, 0x00, 0x38, 0x0F, 0xFC, 0x7F, 0xE3, 0xFF, 0x03, 0x80, 0x1C, 0x00,
    0xE0, 0x7F, 0xFB, 0xFF, 0x8F, 0xF8, 0x3F, 0x80, 0xF8, 0x03, 0x80, 0x08, 0x00, 0xE0, 0x20, 0x00,
    0x70, 0x38, 0x00, 0x38, 0x3C, 0x00, 0x1C, 0x3E, 0x00, 0x0E, 0x3F, 0x00, 0x07, 0x3F, 0xFF, 0xFF,
    0x9F, 0xFF, 0xFF, 0xC7, 0xFF, 0xFF, 0xE1, 0xF0, 0x00, 0x70, 0x78, 0x00, 0x38, 0x1C, 0x00, 0x1C,
    0x06, 0x00, 0x0E, 0x00, 0x00, 0x00, 0x00, 0x02, 0x03, 0x80, 0x01, 0x81, 0xC0, 0x00, 0xE0, 0xE0,
    0x00, 0x78, 0x70, 0x00, 0x3E, 0x3F, 0xFF, 0xFF, 0x9F, 0xFF, 0xFF, 0xEF, 0xFF, 0xFF, 0xE7, 0x00,
    0x03, 0xE3, 0x80, 0x01, 0xE1, 0xC0, 0x00, 0xE0, 0xE0, 0x00, 0x60, 0x70, 0x00, 0x20, 0x38, 0x00,
    0x0C, 0x00, 0x00, 0x07, 0x80, 0x00, 0x03, 0xF0, 0x00, 0x01, 0xFE, 0x00, 0x00, 0xF3, 0xC0, 0x00,
    0x78, 0x78, 0x00, 0x3C, 0x0F, 0x00, 0x1E, 0x01, 0xE0, 0x0F, 0x00, 0x3C, 0x07, 0x80, 0x07, 0x83,
    0xF8, 0x07, 0xF1, 0xFE, 0x03, 0xFE, 0x7F, 0x80, 0xFF, 0x80, 0xE0, 0x38, 0x00, 0x38, 0x0E, 0x00,
    0x0E, 0x03, 0x80, 0x03, 0x80, 0xE0, 0x00, 0xE0, 0x38, 0x00, 0x38, 0x0E, 0x00, 0x0E, 0x03, 0x80,
    0x03, 0x80, 0xE0, 0x00, 0xFF, 0xF8, 0x00, 0x3F, 0xFE, 0x00, 0x00, 0x0C, 0x00, 0x00, 0x07, 0x80,
    0x00, 0x03, 0xF0, 0x00, 0x01, 0xFE, 0x00, 0x00, 0xF3, 0xC0, 0x00, 0x78, 0x78, 0x00, 0x3C, 0x0F,
    0x00, 0x1E, 0x01, 0xE0, 0x0F, 0x00, 0x3C, 0x07, 0x80, 0x07, 0x83, 0xF8, 0x07, 0xF1, 0xFE, 0x03,
    0xFE, 0x7F, 0x80, 0xFF, 0x80, 0xE0, 0x38, 0x00, 0x38, 0x0E, 0x00, 0x0E, 0x03, 0x80, 0x03, 0xFF,
    0xE0, 0x00, 0xFF, 0xF8, 0x00, 0x1F, 0xFE, 0x00, 0x00, 0x00, 0x00, 0x00, 0x00, 0x00, 0x00, 0x7F,
    0xF8, 0x00, 0x3F, 0xFE, 0x00, 0x0E, 0x03, 0x80, 0x03, 0x80, 0xE0, 0x00, 0xFF, 0xF8, 0x00, 0x3F,
    0xFE, 0x00, 0x07, 0xFF, 0x80, 0x1F, 0x80, 0xFF, 0xC1, 0xFF, 0xC1, 0x8F, 0x80, 0x07, 0x80, 0x0F,
    0x00, 0x0F, 0x07, 0xDE, 0x3F, 0xFC, 0xFF, 0xF9, 0xE1, 0xF7, 0x81, 0xEF, 0x01, 0xDE, 0x03, 0xB8,
    0x07, 0x78, 0x0E, 0xF0, 0x3D, 0xE0, 0x79, 0xE1, 0xE3, 0xE7, 0xC3, 0xFF, 0x03, 0xFC, 0x00, 0xE0,
    0x00, 0x00, 0x00, 0x81, 0xFE, 0x71, 0xFF, 0xF8, 0xFF, 0xFC, 0x3C, 0x1F, 0x1E, 0x07, 0xE7, 0x03,
    0xFB, 0xC1, 0xCE, 0xF0, 0xE3, 0xBC, 0x70, 0xEF, 0x38, 0x39, 0xDC, 0x0E, 0x7E, 0x07, 0x8F, 0x03,
    0xC3, 0xFF, 0xE1, 0xFF, 0xF8, 0xE7, 0xF8, 0x10, 0x30, 0x00, 0x00, 0xE0, 0x00, 0x1E, 0x00, 0x07,
    0xC0, 0x00, 0xFC, 0x00, 0x1F, 0x80, 0x07, 0xF0, 0x00, 0xEF, 0x00, 0x1C, 0xE0, 0x07, 0x9C, 0x00,
    0xE3, 0xC0, 0x3C, 0x38, 0x07, 0x87, 0x80, 0xE0, 0xF0, 0x3C, 0x0E, 0x07, 0x81, 0xE0, 0xE0, 0x1C,
    0x3C, 0x03, 0x87, 0x00, 0x78, 0xE0, 0x07, 0x3F, 0xFF, 0xE7, 0xFF, 0xFF, 0xFF, 0xFF, 0xC0, 0x7F,
    0xFF, 0x7F, 0xFF, 0xFF, 0xFF, 0xFF, 0xFF, 0xFF, 0x00, 0x7F, 0x80, 0x3F, 0xC0, 0x1F, 0xE0, 0x0F,
    0xF0, 0x07, 0xF8, 0x03, 0xFC, 0x01, 0xFE, 0x00, 0xFF, 0x00, 0x7F, 0x80, 0x3F, 0xC0, 0x1F, 0xE0,
    0x0F, 0xF0, 0x07, 0xF8, 0x03, 0xFC, 0x01, 0xFE, 0x00, 0xFF, 0x00, 0x7F, 0x80, 0x3F, 0xC0, 0x1F,
    0xE0, 0x0F, 0xF0, 0x07, 0x80, 0x00, 0x00, 0xFF, 0xFE, 0x7F, 0xFF, 0xBF, 0xFF, 0xDF, 0xFF, 0xC7,
    0x80, 0x01, 0xE0, 0x00, 0x78, 0x00, 0x3E, 0x00, 0x0F, 0x80, 0x03, 0xC0, 0x00, 0xF0, 0x00, 0x3C,
    0x00, 0x0F, 0x00, 0x07, 0x80, 0x07, 0xC0, 0x03, 0xC0, 0x03, 0xC0, 0x03, 0xC0, 0x03, 0xC0, 0x03,
    0xC0, 0x03, 0xE0, 0x03, 0xE0, 0x01, 0xE0, 0x01, 0xFF, 0xFE, 0xFF, 0xFF, 0xFF, 0xFF, 0xC0, 0x7F,
    0xFC, 0xFF, 0xFD, 0xFF, 0xF8, 0x00, 0x03, 0x80, 0x00, 0xF0, 0x00, 0x78, 0x00, 0x1E, 0x00, 0x07,
    0x00, 0x03, 0xC0, 0x00, 0xF0, 0x00, 0x38, 0x00, 0x1E, 0x00, 0x07, 0x87, 0xC3, 0xC1, 0xF0, 0xF0,
    0x7E, 0x38, 0x1F, 0x9E, 0x00, 0xF7, 0x80, 0x3D, 0xC0, 0x07, 0xF0, 0x01, 0xFC, 0x00, 0x7E, 0x00,
    0x0F, 0x80, 0x03, 0xC0, 0x00, 0x70, 0x00, 0x1F, 0x80, 0xFC, 0x1F, 0xF1, 0xFF, 0x1F, 0xFD, 0xFF,
    0xCF, 0x1F, 0xF1, 0xEF, 0x07, 0xF0, 0x7F, 0x01, 0xF0, 0x1F, 0x80, 0xF8, 0x0F, 0xE0, 0xFE, 0x0F,
    0x78, 0xFF, 0x8F, 0x3F, 0xFB, 0xFF, 0x8F, 0xF8, 0xFF, 0x81, 0xF0, 0x1F, 0x80, 0x01, 0xE0, 0xFC,
    0x1F, 0x87, 0x80, 0xE0, 0x1C, 0x03, 0x80, 0x70, 0x0E, 0x01, 0xC0, 0x38, 0x07, 0x00, 0xE0, 0x1C,
    0x03, 0x80, 0x70, 0x0E, 0x01, 0xC0, 0x38, 0x07, 0x00, 0xE0, 0x1C, 0x03, 0x80, 0x70, 0x0E, 0x01,
    0xC0, 0x78, 0x7F, 0x0F, 0xC1, 0xF0, 0x00, 0x6F, 0xFF, 0x00, 0x00, 0x00, 0x00, 0x6F, 0xFF, 0x00,
    0x08, 0x00, 0x7C, 0x1D, 0xFE, 0x3F, 0xFE, 0xFE, 0x3F, 0xDC, 0x1F, 0x80, 0x0C, 0x1F, 0x07, 0x7F,
    0x0F, 0xFF, 0x9F, 0x8F, 0xFF, 0x0F, 0xE0, 0x07, 0x80, 0x00, 0xE0, 0x0F, 0x00, 0x71, 0xFF, 0xFF,
    0xFF, 0xFF, 0xFC, 0x1E, 0x00, 0xE0, 0x07, 0x07, 0xFF, 0xFF, 0xFF, 0xFF, 0xF1, 0xC0, 0x0E, 0x00,
    0xE0, 0x07, 0x00, 0x00, 0x00, 0x00, 0x3C, 0x03, 0xF8, 0x3F, 0xE1, 0xFF, 0x0F, 0xF0, 0x3F, 0x00,
    0x3F, 0xC0, 0x1F, 0xF8, 0x07, 0xFC, 0x01, 0xF8, 0x00, 0x70, 0x00, 0x0F, 0xFF, 0xBF, 0xFF, 0xFF,
    0xFF, 0x00, 0x00, 0x00, 0x01, 0xE0, 0x03, 0xF8, 0x03, 0xFE, 0x01, 0xFF, 0x80, 0x7F, 0xC0, 0x1F,
    0x81, 0xFE, 0x1F, 0xF0, 0xFF, 0x03, 0xF0, 0x07, 0x00, 0x00, 0x00, 0x0F, 0xFF, 0xBF, 0xFF, 0xFF,
    0xFF, 0x00, 0x00, 0x00, 0x00, 0xFF, 0x00, 0x00, 0x00, 0x03, 0xFF, 0xF8, 0x00, 0x00, 0x07, 0xFF,
    0xFF, 0x00, 0x00, 0x0F, 0xF0, 0x3F, 0xE0, 0x00, 0x0F, 0xC0, 0x01, 0xF8, 0x00, 0x0F, 0x80, 0x00,
    0x3E, 0x00, 0x0F, 0x00, 0x00, 0x0F, 0x80, 0x0F, 0x00, 0x00, 0x01, 0xE0, 0x0F, 0x00, 0x00, 0x00,
    0x78, 0x0F, 0x00, 0x00, 0x00, 0x3C, 0x07, 0x00, 0x06, 0x00, 0x0F, 0x07, 0x80, 0x03, 0x80, 0x03,
    0xC3, 0x80, 0x01, 0xC0, 0x01, 0xE3, 0xC0, 0x00, 0xE0, 0x00, 0x71, 0xC0, 0x00, 0x70, 0x00, 0x3C,
    0xE0, 0x00, 0x38, 0x00, 0x0E, 0xF0, 0x00, 0x1C, 0x00, 0x07, 0x70, 0x00, 0x0E, 0x00, 0x03, 0xB8,
    0x00, 0x07, 0x00, 0x01, 0xDC, 0x07, 0xFF, 0xFF, 0x80, 0xFE, 0x03, 0xFF, 0xFF, 0xC0, 0x7F, 0x01,
    0xFF, 0xFF, 0xE0, 0x3F, 0x80, 0x00, 0x70, 0x00, 0x1D, 0xC0, 0x00, 0x38, 0x00, 0x0E, 0xF0, 0x00,
    0x1C, 0x00, 0x07, 0x38, 0x00, 0x0E, 0x00, 0x03, 0x9C, 0x00, 0x07, 0x00, 0x03, 0xCF, 0x00, 0x03,
    0x80, 0x01, 0xC3, 0x80, 0x01, 0xC0, 0x01, 0xE1, 0xE0, 0x00, 0xE0, 0x00, 0xE0, 0x70, 0x00, 0x00,
    0x00, 0xF0, 0x3C, 0x00, 0x00, 0x00, 0xF0, 0x0F, 0x00, 0x00, 0x00, 0xF8, 0x03, 0xC0, 0x00, 0x00,
    0xF8, 0x00, 0xF8, 0x00, 0x00, 0xF8, 0x00, 0x3E, 0x00, 0x01, 0xF8, 0x00, 0x0F, 0xC0, 0x03, 0xF8,
    0x00, 0x03, 0xFF, 0xFF, 0xF0, 0x00, 0x00, 0x7F, 0xFF, 0xE0, 0x00, 0x00, 0x0F, 0xFF, 0xC0, 0x00,
    0x00, 0x00, 0x3E, 0x00, 0x00, 0x00, 0x00, 0x00, 0xFF, 0x00, 0x00, 0x00, 0x03, 0xFF, 0xF8, 0x00,
    0x00, 0x07, 0xFF, 0xFF, 0x00, 0x00, 0x0F, 0xF0, 0x3F, 0xE0, 0x00, 0x0F, 0xC0, 0x01, 0xF8, 0x00,
    0x0F, 0x80, 0x00, 0x3E, 0x00, 0x0F, 0x00, 0x00, 0x0F, 0x80, 0x0F, 0x00, 0x00, 0x01, 0xE0, 0x0F,
    0x00, 0x00, 0x00, 0x78, 0x0F, 0x00, 0x00, 0x00, 0x3C, 0x07, 0x00, 0x00, 0x00, 0x0F, 0x07, 0x80,
    0x00, 0x00, 0x03, 0xC3, 0x80, 0x00, 0x00, 0x01, 0xE3, 0xC0, 0x00, 0x00, 0x00, 0x71, 0xC0, 0x00,
    0x00, 0x00, 0x3C, 0xE0, 0x00, 0x00, 0x00, 0x0E, 0xF0, 0x00, 0x00, 0x00, 0x07, 0x70, 0x00, 0x00,
    0x00, 0x03, 0xB8, 0x00, 0x00, 0x00, 0x01, 0xDC, 0x00, 0xFF, 0xFC, 0x00, 0xFE, 0x00, 0x7F, 0xFE,
    0x00, 0x7F, 0x00, 0x3F, 0xFF, 0x00, 0x3F, 0x80, 0x00, 0x00, 0x00, 0x1D, 0xC0, 0x00, 0x00, 0x00,
    0x0E, 0xF0, 0x00, 0x00, 0x00, 0x07, 0x38, 0x00, 0x00, 0x00, 0x03, 0x9C, 0x00, 0x00, 0x00, 0x03,
    0xCF, 0x00, 0x00, 0x00, 0x01, 0xC3, 0x80, 0x00, 0x00, 0x01, 0xE1, 0xE0, 0x00, 0x00, 0x00, 0xE0,
    0x70, 0x00, 0x00, 0x00, 0xF0, 0x3C, 0x00, 0x00, 0x00, 0xF0, 0x0F, 0x00, 0x00, 0x00, 0xF8, 0x03,
    0xC0, 0x00, 0x00, 0xF8, 0x00, 0xF8, 0x00, 0x00, 0xF8, 0x00, 0x3E, 0x00, 0x01, 0xF8, 0x00, 0x0F,
    0xC0, 0x03, 0xF8, 0x00, 0x03, 0xFF, 0xFF, 0xF0, 0x00, 0x00, 0x7F, 0xFF, 0xE0, 0x00, 0x00, 0x0F,
    0xFF, 0xC0, 0x00, 0x00, 0x00, 0x3E, 0x00, 0x00, 0x00, 0x00, 0x00, 0xFF, 0x00, 0x00, 0x00, 0x03,
    0xFF, 0xF8, 0x00, 0x00, 0x07, 0xFF, 0xFF, 0x00, 0x00, 0x0F, 0xF0, 0x3F, 0xE0, 0x00, 0x0F, 0xC0,
    0x01, 0xF8, 0x00, 0x0F, 0x80, 0x00, 0x3E, 0x00, 0x0F, 0x00, 0x00, 0x0F, 0x80, 0x0F, 0x00, 0x00,
    0x01, 0xE0, 0x0F, 0x00, 0x00, 0x00, 0x78, 0x0F, 0x00, 0x00, 0x00, 0x3C, 0x07, 0x00, 0x00, 0x00,
    0x0F, 0x07, 0x80, 0x00, 0x00, 0x03, 0xC3, 0x80, 0x00, 0x00, 0x01, 0xE3, 0xC0, 0x00, 0x00, 0x00,
    0x71, 0xC0, 0x0C, 0x03, 0x00, 0x3C, 0xE0, 0x0F, 0x03, 0xC0, 0x0E, 0xF0, 0x03, 0xC3, 0xE0, 0x07,
    0x70, 0x00, 0xF3, 0xE0, 0x03, 0xB8, 0x00, 0x3F, 0xE0, 0x01, 0xDC, 0x00, 0x0F, 0xE0, 0x00, 0xFE,
    0x00, 0x03, 0xE0, 0x00, 0x7F, 0x00, 0x03, 0xF0, 0x00, 0x3F, 0x80, 0x03, 0xFC, 0x00, 0x1D, 0xC0,
    0x03, 0xEF, 0x00, 0x0E, 0xF0, 0x03, 0xE3, 0xC0, 0x07, 0x38, 0x03, 0xE0, 0xF0, 0x03, 0x9C, 0x00,
    0xE0, 0x38, 0x03, 0xCF, 0x00, 0x20, 0x08, 0x01, 0xC3, 0x80, 0x00, 0x00, 0x01, 0xE1, 0xE0, 0x00,
    0x00, 0x00, 0xE0, 0x70, 0x00, 0x00, 0x00, 0xF0, 0x3C, 0x00, 0x00, 0x00, 0xF0, 0x0F, 0x00, 0x00,
    0x00, 0xF8, 0x03, 0xC0, 0x00, 0x00, 0xF8, 0x00, 0xF8, 0x00, 0x00, 0xF8, 0x00, 0x3E, 0x00, 0x01,
    0xF8, 0x00, 0x0F, 0xC0, 0x03, 0xF8, 0x00, 0x03, 0xFF, 0xFF, 0xF0, 0x00, 0x00, 0x7F, 0xFF, 0xE0,
    0x00, 0x00, 0x0F, 0xFF, 0xC0, 0x00, 0x00, 0x00, 0x3E, 0x00, 0x00, 0x00, 0x00, 0x00, 0xFF, 0x00,
    0x00, 0x00, 0x03, 0xFF, 0xF8, 0x00, 0x00, 0x07, 0xFF, 0xFF, 0x00, 0x00, 0x0F, 0xF0, 0x3F, 0xE0,
    0x00, 0x0F, 0xC0, 0x01, 0xF8, 0x00, 0x0F, 0x80, 0x00, 0x3E, 0x00, 0x0F, 0x00, 0x00, 0x0F, 0x80,
    0x0F, 0x00, 0x00, 0x01, 0xE0, 0x0F, 0x00, 0x00, 0x00, 0x78, 0x0F, 0x00, 0x00, 0x00, 0x3C, 0x07,
    0x00, 0x00, 0x00, 0x0F, 0x07, 0x80, 0x00, 0x00, 0x03, 0xC3, 0x80, 0x00, 0x06, 0x01, 0xE3, 0xC0,
    0x00, 0x07, 0x80, 0x71, 0xC0, 0x00, 0x07, 0x80, 0x3C, 0xE0, 0x00, 0x07, 0x80, 0x0E, 0xF0, 0x00,
    0x03, 0xC0, 0x07, 0x70, 0x00, 0x03, 0xC0, 0x03, 0xB8, 0x00, 0x03, 0xC0, 0x01, 0xDC, 0x00, 0x03,
    0xC0, 0x00, 0xFE, 0x00, 0x03, 0xC0, 0x00, 0x7F, 0x00, 0x03, 0xC0, 0x00, 0x3F, 0x80, 0x03, 0xE0,
    0x00, 0x1D, 0xC0, 0x01, 0xE0, 0x00, 0x0E, 0xF0, 0x01, 0xE0, 0x00, 0x07, 0x38, 0x01, 0xE0, 0x00,
    0x03, 0x9C, 0x01, 0xE0, 0x00, 0x03, 0xCF, 0x00, 0xE0, 0x00, 0x01, 0xC3, 0x80, 0x30, 0x00, 0x01,
    0xE1, 0xE0, 0x00, 0x00, 0x00, 0xE0, 0x70, 0x00, 0x00, 0x00, 0xF0, 0x3C, 0x00, 0x00, 0x00, 0xF0,
    0x0F, 0x00, 0x00, 0x00, 0xF8, 0x03, 0xC0, 0x00, 0x00, 0xF8, 0x00, 0xF8, 0x00, 0x00, 0xF8, 0x00,
    0x3E, 0x00, 0x01, 0xF8, 0x00, 0x0F, 0xC0, 0x03, 0xF8, 0x00, 0x03, 0xFF, 0xFF, 0xF0, 0x00, 0x00,
    0x7F, 0xFF, 0xE0, 0x00, 0x00, 0x0F, 0xFF, 0xC0, 0x00, 0x00, 0x00, 0x3E, 0x00, 0x00, 0x00,
};

static const EpdGlyph inter_14_ipa_fallbackGlyphs[] = {
    { 0, 0, 213, 0, 0, 0, 0 }, // U+0000
    { 0, 0, 128, 0, 0, 0, 0 }, // U+0020
    { 4, 23, 127, 2, 22, 12, 0 }, // !
    { 9, 9, 211, 2, 22, 11, 12 }, // "
    { 18, 22, 292, 0, 22, 50, 23 }, // #
    { 16, 29, 297, 1, 25, 58, 73 }, // $
    { 23, 23, 444, 2, 22, 67, 131 }, // %
    { 18, 23, 297, 1, 22, 52, 198 }, // &
    { 4, 9, 135, 2, 22, 5, 250 }, // '
    { 7, 28, 163, 2, 23, 25, 255 }, // (
    { 7, 28, 163, 1, 23, 25, 280 }, // )
    { 12, 13, 230, 1, 22, 20, 305 }, // *
    { 15, 15, 305, 2, 16, 29, 325 }, // +
    { 5, 9, 127, 1, 4, 6, 354 }, // ,
    { 11, 4, 211, 1, 11, 6, 360 }, // -
    { 4, 5, 127, 2, 4, 3, 366 }, // .
    { 10, 27, 165, 0, 23, 34, 369 }, // /
    { 16, 23, 293, 1, 22, 46, 403 }, // 0
    { 9, 22, 185, 1, 22, 25, 449 }, // 1
    { 15, 22, 280, 1, 22, 42, 474 }, // 2
    { 16, 23, 286, 1, 22, 46, 516 }, // 3
    { 17, 22, 299, 1, 22, 47, 562 }, // 4
    { 15, 23, 275, 1, 22, 44, 609 }, // 5
    { 16, 23, 286, 1, 22, 46, 653 }, // 6
    { 14, 22, 259, 1, 22, 39, 699 }, // 7
    { 16, 23, 285, 1, 22, 46, 738 }, // 8
    { 16, 23, 286, 1, 22, 46, 784 }, // 9
    { 4, 16, 127, 2, 15, 8, 830 }, // :
    { 6, 20, 133, 1, 15, 15, 838 }, // ;
    { 14, 16, 305, 2, 16, 28, 853 }, // <
    { 13, 9, 305, 3, 13, 15, 881 }, // =
    { 14, 16, 305, 3, 16, 28, 896 }, // >
    { 13, 23, 240, 1, 22, 38, 924 }, // ?
    { 26, 27, 452, 1, 21, 88, 962 }, // @
    { 20, 22, 318, 0, 22, 55, 1050 }, // A
    { 16, 22, 304, 2, 22, 44, 1105 }, // B
    { 19, 23, 340, 1, 22, 55, 1149 }, // C
    { 18, 22, 333, 2, 22, 50, 1204 }, // D
    { 14, 22, 278, 2, 22, 39, 1254 }, // E
    { 14, 22, 272, 2, 22, 39, 1293 }, // F
    { 19, 23, 347, 1, 22, 55, 1332 }, // G
    { 17, 22, 343, 2, 22, 47, 1387 }, // H
    { 4, 22, 122, 2, 22, 11, 1434 }, // I
    { 13, 23, 263, 1, 22, 38, 1445 }, // J
    { 17, 22, 310, 2, 22, 47, 1483 }, // K
    { 14, 22, 261, 2, 22, 39, 1530 }, // L
    { 22, 22, 417, 2, 22, 61, 1569 }, // M
    { 18, 22, 347, 2, 22, 50, 1630 }, // N
    { 20, 23, 355, 1, 22, 58, 1680 }, // O
    { 16, 22, 295, 2, 22, 44, 1738 }, // P
    { 20, 24, 355, 1, 22, 60, 1782 }, // Q
    { 16, 22, 299, 2, 22, 44, 1842 }, // R
    { 16, 23, 297, 1, 22, 46, 1886 }, // S
    { 17, 22, 298, 1, 22, 47, 1932 }, // T
    { 17, 23, 343, 2, 22, 49, 1979 }, // U
    { 20, 22, 318, 0, 22, 55, 2028 }, // V
    { 28, 22, 456, 0, 22, 77, 2083 }, // W
    { 19, 22, 315, 0, 22, 53, 2160 }, // X
    { 19, 22, 313, 0, 22, 53, 2213 }, // Y
    { 16, 22, 292, 1, 22, 44, 2266 }, // Z
    { 6, 28, 163, 3, 23, 21, 2310 }, // [
    { 10, 27, 165, 0, 23, 34, 2331 }, // <backslash>
    { 7, 28, 163, 1, 23, 25, 2365 }, // ]
    { 12, 10, 217, 1, 21, 15, 2390 }, // ^
    { 14, 3, 213, 0, 0, 6, 2405 }, // _
    { 6, 5, 142, 1, 22, 4, 2411 }, // `
    { 13, 17, 258, 1, 16, 28, 2415 }, // a
    { 15, 23, 281, 2, 22, 44, 2443 }, // b
    { 15, 17, 262, 1, 16, 32, 2487 }, // c
    { 15, 23, 281, 1, 22, 44, 2519 }, // d
    { 15, 17, 267, 1, 16, 32, 2563 }, // e
    { 10, 22, 166, 0, 22, 28, 2595 }, // f
    { 15, 23, 281, 1, 16, 44, 2623 }, // g
    { 13, 22, 271, 2, 22, 36, 2667 }, // h
    { 5, 22, 109, 1, 22, 14, 2703 }, // i
    { 7, 28, 109, -1, 22, 25, 2717 }, // j
    { 14, 22, 252, 2, 22, 39, 2742 }, // k
    { 3, 22, 109, 2, 22, 9, 2781 }, // l
    { 22, 17, 405, 2, 17, 47, 2790 }, // m
    { 13, 16, 271, 2, 16, 26, 2837 }, // n
    { 15, 17, 275, 1, 16, 32, 2863 }, // o
    { 15, 22, 281, 2, 16, 42, 2895 }, // p
    { 15, 22, 281, 1, 16, 42, 2937 }, // q
    { 8, 16, 170, 2, 16, 16, 2979 }, // r
    { 13, 17, 241, 1, 16, 28, 2995 }, // s
    { 9, 21, 151, 0, 20, 24, 3023 }, // t
    { 13, 17, 271, 2, 16, 28, 3047 }, // u
    { 16, 16, 257, 0, 16, 32, 3075 }, // v
    { 23, 16, 375, 0, 16, 46, 3107 }, // w
    { 15, 16, 251, 0, 16, 30, 3153 }, // x
    { 16, 23, 257, 0, 16, 46, 3183 }, // y
    { 13, 16, 250, 1, 16, 26, 3229 }, // z
    { 10, 28, 195, 1, 23, 35, 3255 }, // {
    { 3, 36, 151, 3, 29, 14, 3290 }, // |
    { 10, 28, 195, 1, 23, 35, 3304 }, // }
    { 15, 7, 305, 2, 12, 14, 3339 }, // ~
    { 0, 0, 128, 0, 0, 0, 3353 }, // U+00A0
    { 4, 23, 128, 2, 17, 12, 3353 }, // U+00A1
    { 15, 22, 262, 1, 22, 42, 3365 }, // U+00A2
    { 16, 22, 282, 1, 22, 44, 3407 }, // U+00A3
    { 19, 19, 335, 1, 18, 46, 3451 }, // U+00A4
    { 16, 22, 253, 0, 22, 44, 3497 }, // U+00A5
    { 4, 26, 122, 2, 22, 13, 3541 }, // U+00A6
    { 14, 27, 262, 1, 22, 48, 3554 }, // U+00A7
    { 11, 4, 271, 3, 22, 6, 3602 }, // U+00A8
    { 23, 23, 423, 2, 22, 67, 3608 }, // U+00A9
    { 12, 13, 209, 0, 22, 20, 3675 }, // U+00AA
    { 15, 14, 266, 1, 16, 27, 3695 }, // U+00AB
    { 13, 7, 305, 3, 11, 12, 3722 }, // U+00AC
    { 17, 18, 307, 1, 22, 39, 3734 }, // U+00AE
    { 9, 3, 216, 2, 21, 4, 3773 }, // U+00AF
    { 11, 11, 209, 1, 22, 16, 3777 }, // U+00B0
    { 15, 16, 305, 2, 16, 30, 3793 }, // U+00B1
    { 11, 13, 200, 1, 25, 18, 3823 }, // U+00B2
    { 11, 13, 204, 1, 25, 18, 3841 }, // U+00B3
    { 5, 5, 142, 2, 22, 4, 3859 }, // U+00B4
    { 15, 22, 270, 2, 16, 42, 3863 }, // U+00B5
    { 14, 22, 277, 1, 22, 39, 3905 }, // U+00B6
    { 4, 5, 127, 2, 12, 3, 3944 }, // U+00B7
    { 6, 7, 122, 2, 1, 6, 3947 }, // U+00B8
    { 6, 13, 137, 1, 25, 10, 3953 }, // U+00B9
    { 12, 13, 221, 1, 22, 20, 3963 }, // U+00BA
    { 15, 14, 266, 1, 16, 27, 3983 }, // U+00BB
    { 21, 22, 366, 1, 22, 58, 4010 }, // U+00BC
    { 22, 22, 386, 1, 22, 61, 4068 }, // U+00BD
    { 24, 22, 404, 1, 22, 66, 4129 }, // U+00BE
    { 13, 22, 240, 1, 16, 36, 4195 }, // U+00BF
    { 20, 28, 318, 0, 28, 70, 4231 }, // U+00C0
    { 20, 28, 318, 0, 28, 70, 4301 }, // U+00C1
    { 20, 28, 318, 0, 28, 70, 4371 }, // U+00C2
    { 20, 28, 318, 0, 28, 70, 4441 }, // U+00C3
    { 20, 28, 318, 0, 28, 70, 4511 }, // U+00C4
    { 20, 30, 318, 0, 30, 75, 4581 }, // U+00C5
    { 28, 22, 461, 0, 22, 77, 4656 }, // U+00C6
    { 19, 28, 340, 1, 22, 67, 4733 }, // U+00C7
    { 14, 28, 278, 2, 28, 49, 4800 }, // U+00C8
    { 14, 28, 278, 2, 28, 49, 4849 }, // U+00C9
    { 14, 28, 278, 2, 28, 49, 4898 }, // U+00CA
    { 14, 28, 278, 2, 28, 49, 4947 }, // U+00CB
    { 6, 28, 122, 0, 28, 21, 4996 }, // U+00CC
    { 6, 28, 122, 2, 28, 21, 5017 }, // U+00CD
    { 10, 28, 122, -1, 28, 35, 5038 }, // U+00CE
    { 10, 28, 122, -1, 28, 35, 5073 }, // U+00CF
    { 20, 22, 342, 0, 22, 55, 5108 }, // U+00D0
    { 18, 28, 347, 2, 28, 63, 5163 }, // U+00D1
    { 20, 29, 355, 1, 28, 73, 5226 }, // U+00D2
    { 20, 29, 355, 1, 28, 73, 5299 }, // U+00D3
    { 20, 29, 355, 1, 28, 73, 5372 }, // U+00D4
    { 20, 29, 355, 1, 28, 73, 5445 }, // U+00D5
    { 20, 29, 355, 1, 28, 73, 5518 }, // U+00D6
    { 15, 14, 305, 2, 15, 27, 5591 }, // U+00D7
    { 20, 23, 355, 1, 22, 58, 5618 }, // U+00D8
    { 17, 29, 343, 2, 28, 62, 5676 }, // U+00D9
    { 17, 29, 343, 2, 28, 62, 5738 }, // U+00DA
    { 17, 29, 343, 2, 28, 62, 5800 }, // U+00DB
    { 17, 29, 343, 2, 28, 62, 5862 }, // U+00DC
    { 19, 28, 313, 0, 28, 67, 5924 }, // U+00DD
    { 15, 22, 293, 2, 22, 42, 5991 }, // U+00DE
    { 15, 22, 284, 2, 22, 42, 6033 }, // U+00DF
    { 13, 23, 258, 1, 22, 38, 6075 }, // U+00E0
    { 13, 23, 258, 1, 22, 38, 6113 }, // U+00E1
    { 13, 23, 258, 1, 22, 38, 6151 }, // U+00E2
    { 13, 23, 258, 1, 22, 38, 6189 }, // U+00E3
    { 13, 23, 258, 1, 22, 38, 6227 }, // U+00E4
    { 13, 25, 258, 1, 24, 41, 6265 }, // U+00E5
    { 25, 17, 423, 1, 16, 54, 6306 }, // U+00E6
    { 15, 22, 262, 1, 16, 42, 6360 }, // U+00E7
    { 15, 23, 267, 1, 22, 44, 6402 }, // U+00E8
    { 15, 23, 267, 1, 22, 44, 6446 }, // U+00E9
    { 15, 23, 267, 1, 22, 44, 6490 }, // U+00EA
    { 15, 23, 267, 1, 22, 44, 6534 }, // U+00EB
    { 6, 22, 109, -1, 22, 17, 6578 }, // U+00EC
    { 6, 22, 109, 2, 22, 17, 6595 }, // U+00ED
    { 10, 22, 109, -2, 22, 28, 6612 }, // U+00EE
    { 11, 22, 109, -2, 22, 31, 6640 }, // U+00EF
    { 15, 24, 268, 1, 23, 45, 6671 }, // U+00F0
    { 13, 22, 271, 2, 22, 36, 6716 }, // U+00F1
    { 15, 23, 275, 1, 22, 44, 6752 }, // U+00F2
    { 15, 23, 275, 1, 22, 44, 6796 }, // U+00F3
    { 15, 23, 275, 1, 22, 44, 6840 }, // U+00F4
    { 15, 23, 275, 1, 22, 44, 6884 }, // U+00F5
    { 15, 23, 275, 1, 22, 44, 6928 }, // U+00F6
    { 15, 15, 305, 2, 16, 29, 6972 }, // U+00F7
    { 16, 18, 275, 1, 17, 36, 7001 }, // U+00F8
    { 13, 23, 271, 2, 22, 38, 7037 }, // U+00F9
    { 13, 23, 271, 2, 22, 38, 7075 }, // U+00FA
    { 13, 23, 271, 2, 22, 38, 7113 }, // U+00FB
    { 13, 23, 271, 2, 22, 38, 7151 }, // U+00FC
    { 16, 29, 257, 0, 22, 58, 7189 }, // U+00FD
    { 15, 28, 281, 2, 22, 53, 7247 }, // U+00FE
    { 16, 29, 257, 0, 22, 58, 7300 }, // U+00FF
    { 20, 27, 318, 0, 27, 68, 7358 }, // U+0100
    { 13, 22, 258, 1, 21, 36, 7426 }, // U+0101
    { 20, 28, 318, 0, 28, 70, 7462 }, // U+0102
    { 13, 23, 258, 1, 22, 38, 7532 }, // U+0103
    { 20, 29, 318, 0, 22, 73, 7570 }, // U+0104
    { 14, 23, 258, 1, 16, 41, 7643 }, // U+0105
    { 19, 29, 340, 1, 28, 69, 7684 }, // U+0106
    { 15, 23, 262, 1, 22, 44, 7753 }, // U+0107
    { 19, 29, 340, 1, 28, 69, 7797 }, // U+0108
    { 15, 23, 262, 1, 22, 44, 7866 }, // U+0109
    { 19, 29, 340, 1, 28, 69, 7910 }, // U+010A
    { 15, 23, 262, 1, 22, 44, 7979 }, // U+010B
    { 19, 29, 340, 1, 28, 69, 8023 }, // U+010C
    { 15, 23, 262, 1, 22, 44, 8092 }, // U+010D
    { 18, 28, 333, 2, 28, 63, 8136 }, // U+010E
    { 19, 24, 327, 1, 23, 57, 8199 }, // U+010F
    { 20, 22, 342, 0, 22, 55, 8256 }, // U+0110
    { 17, 23, 281, 1, 22, 49, 8311 }, // U+0111
    { 14, 27, 278, 2, 27, 48, 8360 }, // U+0112
    { 15, 22, 267, 1, 21, 42, 8408 }, // U+0113
    { 14, 28, 278, 2, 28, 49, 8450 }, // U+0114
    { 15, 23, 267, 1, 22, 44, 8499 }, // U+0115
    { 14, 28, 278, 2, 28, 49, 8543 }, // U+0116
    { 15, 23, 267, 1, 22, 44, 8592 }, // U+0117
    { 15, 29, 278, 2, 22, 55, 8636 }, // U+0118
    { 15, 23, 267, 1, 16, 44, 8691 }, // U+0119
    { 14, 28, 278, 2, 28, 49, 8735 }, // U+011A
    { 15, 23, 267, 1, 22, 44, 8784 }, // U+011B
    { 19, 29, 347, 1, 28, 69, 8828 }, // U+011C
    { 15, 29, 281, 1, 22, 55, 8897 }, // U+011D
    { 19, 29, 347, 1, 28, 69, 8952 }, // U+011E
    { 15, 29, 281, 1, 22, 55, 9021 }, // U+011F
    { 19, 29, 347, 1, 28, 69, 9076 }, // U+0120
    { 15, 29, 281, 1, 22, 55, 9145 }, // U+0121
    { 19, 30, 347, 1, 22, 72, 9200 }, // U+0122
    { 15, 31, 281, 1, 24, 59, 9272 }, // U+0123
    { 17, 28, 343, 2, 28, 60, 9331 }, // U+0124
    { 17, 28, 271, -2, 28, 60, 9391 }, // U+0125
    { 21, 22, 358, 1, 22, 58, 9451 }, // U+0126
    { 15, 22, 271, 0, 22, 42, 9509 }, // U+0127
    { 9, 28, 122, -1, 28, 32, 9551 }, // U+0128
    { 9, 22, 109, -1, 22, 25, 9583 }, // U+0129
    { 9, 27, 122, -1, 27, 31, 9608 }, // U+012A
    { 9, 21, 109, -1, 21, 24, 9639 }, // U+012B
    { 9, 28, 122, -1, 28, 32, 9663 }, // U+012C
    { 9, 22, 109, -1, 22, 25, 9695 }, // U+012D
    { 6, 29, 122, 0, 22, 22, 9720 }, // U+012E
    { 7, 29, 109, -1, 22, 26, 9742 }, // U+012F
    { 4, 28, 122, 2, 28, 14, 9768 }, // U+0130
    { 3, 16, 109, 2, 16, 6, 9782 }, // U+0131
    { 20, 23, 384, 2, 22, 58, 9788 }, // U+0132
    { 12, 28, 219, 1, 22, 42, 9846 }, // U+0133
    { 17, 29, 263, 1, 28, 62, 9888 }, // U+0134
    { 10, 28, 109, -2, 22, 35, 9950 }, // U+0135
    { 17, 30, 310, 2, 22, 64, 9985 }, // U+0136
    { 14, 30, 252, 2, 22, 53, 10049 }, // U+0137
    { 13, 16, 241, 2, 16, 26, 10102 }, // U+0138
    { 14, 28, 261, 2, 28, 49, 10128 }, // U+0139
    { 6, 28, 109, 2, 28, 21, 10177 }, // U+013A
    { 14, 30, 261, 2, 22, 53, 10198 }, // U+013B
    { 5, 30, 109, 0, 22, 19, 10251 }, // U+013C
    { 14, 23, 261, 2, 23, 41, 10270 }, // U+013D
    { 8, 23, 155, 2, 23, 23, 10311 }, // U+013E
    { 14, 22, 259, 2, 22, 39, 10334 }, // U+013F
    { 9, 22, 165, 2, 22, 25, 10373 }, // U+0140
    { 16, 22, 274, 0, 22, 44, 10398 }, // U+0141
    { 9, 22, 109, -1, 22, 25, 10442 }, // U+0142
    { 18, 28, 347, 2, 28, 63, 10467 }, // U+0143
    { 13, 22, 271, 2, 22, 36, 10530 }, // U+0144
    { 18, 30, 347, 2, 22, 68, 10566 }, // U+0145
    { 13, 24, 271, 2, 16, 39, 10634 }, // U+0146
    { 18, 28, 347, 2, 28, 63, 10673 }, // U+0147
    { 13, 22, 271, 2, 22, 36, 10736 }, // U+0148
    { 18, 29, 347, 2, 22, 66, 10772 }, // U+014A
    { 13, 23, 271, 2, 16, 38, 10838 }, // U+014B
    { 20, 28, 355, 1, 27, 70, 10876 }, // U+014C
    { 15, 22, 275, 1, 21, 42, 10946 }, // U+014D
    { 20, 29, 355, 1, 28, 73, 10988 }, // U+014E
    { 15, 23, 275, 1, 22, 44, 11061 }, // U+014F
    { 20, 29, 355, 1, 28, 73, 11105 }, // U+0150
    { 15, 23, 275, 1, 22, 44, 11178 }, // U+0151
    { 27, 22, 467, 1, 22, 75, 11222 }, // U+0152
    { 27, 17, 459, 1, 16, 58, 11297 }, // U+0153
    { 16, 28, 299, 2, 28, 56, 11355 }, // U+0154
    { 8, 22, 170, 2, 22, 22, 11411 }, // U+0155
    { 16, 30, 299, 2, 22, 60, 11433 }, // U+0156
    { 10, 24, 170, 0, 16, 30, 11493 }, // U+0157
    { 16, 28, 299, 2, 28, 56, 11523 }, // U+0158
    { 10, 22, 170, 1, 22, 28, 11579 }, // U+0159
    { 16, 29, 297, 1, 28, 58, 11607 }, // U+015A
    { 13, 23, 241, 1, 22, 38, 11665 }, // U+015B
    { 16, 29, 297, 1, 28, 58, 11703 }, // U+015C
    { 13, 23, 241, 1, 22, 38, 11761 }, // U+015D
    { 16, 28, 297, 1, 22, 56, 11799 }, // U+015E
    { 13, 22, 241, 1, 16, 36, 11855 }, // U+015F
    { 16, 29, 297, 1, 28, 58, 11891 }, // U+0160
    { 13, 23, 241, 1, 22, 38, 11949 }, // U+0161
    { 17, 28, 298, 1, 22, 60, 11987 }, // U+0162
    { 10, 26, 151, 0, 20, 33, 12047 }, // U+0163
    { 17, 28, 298, 1, 28, 60, 12080 }, // U+0164
    { 10, 25, 174, 0, 24, 32, 12140 }, // U+0165
    { 17, 22, 298, 1, 22, 47, 12172 }, // U+0166
    { 9, 21, 151, 0, 20, 24, 12219 }, // U+0167
    { 17, 29, 343, 2, 28, 62, 12243 }, // U+0168
    { 13, 23, 271, 2, 22, 38, 12305 }, // U+0169
    { 17, 28, 343, 2, 27, 60, 12343 }, // U+016A
    { 13, 22, 271, 2, 21, 36, 12403 }, // U+016B
    { 17, 29, 343, 2, 28, 62, 12439 }, // U+016C
    { 13, 23, 271, 2, 22, 38, 12501 }, // U+016D
    { 17, 31, 343, 2, 30, 66, 12539 }, // U+016E
    { 13, 25, 271, 2, 24, 41, 12605 }, // U+016F
    { 17, 29, 343, 2, 28, 62, 12646 }, // U+0170
    { 13, 23, 271, 2, 22, 38, 12708 }, // U+0171
    { 17, 29, 343, 2, 22, 62, 12746 }, // U+0172
    { 14, 23, 271, 2, 16, 41, 12808 }, // U+0173
    { 28, 28, 456, 0, 28, 98, 12849 }, // U+0174
    { 23, 22, 375, 0, 22, 64, 12947 }, // U+0175
    { 19, 28, 313, 0, 28, 67, 13011 }, // U+0176
    { 16, 29, 257, 0, 22, 58, 13078 }, // U+0177
    { 19, 28, 313, 0, 28, 67, 13136 }, // U+0178
    { 16, 28, 292, 1, 28, 56, 13203 }, // U+0179
    { 13, 22, 250, 1, 22, 36, 13259 }, // U+017A
    { 16, 28, 292, 1, 28, 56, 13295 }, // U+017B
    { 13, 22, 250, 1, 22, 36, 13351 }, // U+017C
    { 16, 28, 292, 1, 28, 56, 13387 }, // U+017D
    { 13, 22, 250, 1, 22, 36, 13443 }, // U+017E
    { 7, 22, 140, 2, 22, 20, 13479 }, // U+017F
    { 20, 26, 354, 1, 25, 65, 13499 }, // U+01A0
    { 16, 21, 273, 1, 20, 42, 13564 }, // U+01A1
    { 20, 26, 342, 2, 25, 65, 13606 }, // U+01AF
    { 16, 21, 287, 2, 20, 42, 13671 }, // U+01B0
    { 33, 22, 584, 2, 22, 91, 13713 }, // U+01C5
    { 31, 23, 531, 1, 22, 90, 13804 }, // U+01C6
    { 29, 23, 523, 2, 22, 84, 13894 }, // U+01C7
    { 20, 28, 370, 2, 22, 70, 13978 }, // U+01C8
    { 11, 28, 219, 2, 22, 39, 14048 }, // U+01C9
    { 34, 23, 610, 2, 22, 98, 14087 }, // U+01CA
    { 25, 28, 456, 2, 22, 88, 14185 }, // U+01CB
    { 21, 28, 381, 2, 22, 74, 14273 }, // U+01CC
    { 20, 28, 318, 0, 28, 70, 14347 }, // U+01CD
    { 13, 23, 258, 1, 22, 38, 14417 }, // U+01CE
    { 10, 28, 122, -1, 28, 35, 14455 }, // U+01CF
    { 10, 22, 109, -2, 22, 28, 14490 }, // U+01D0
    { 20, 29, 355, 1, 28, 73, 14518 }, // U+01D1
    { 15, 23, 275, 1, 22, 44, 14591 }, // U+01D2
    { 17, 29, 343, 2, 28, 62, 14635 }, // U+01D3
    { 13, 23, 271, 2, 22, 38, 14697 }, // U+01D4
    { 17, 33, 343, 2, 32, 71, 14735 }, // U+01D5
    { 13, 27, 271, 2, 26, 44, 14806 }, // U+01D6
    { 17, 34, 343, 2, 33, 73, 14850 }, // U+01D7
    { 13, 28, 271, 2, 27, 46, 14923 }, // U+01D8
    { 17, 34, 343, 2, 33, 73, 14969 }, // U+01D9
    { 13, 28, 271, 2, 27, 46, 15042 }, // U+01DA
    { 17, 34, 343, 2, 33, 73, 15088 }, // U+01DB
    { 13, 28, 271, 2, 27, 46, 15161 }, // U+01DC
    { 15, 18, 267, 1, 17, 34, 15207 }, // U+01DD
    { 20, 32, 318, 0, 32, 80, 15241 }, // U+01DE
    { 13, 27, 258, 1, 26, 44, 15321 }, // U+01DF
    { 20, 32, 318, 0, 32, 80, 15365 }, // U+01E0
    { 13, 27, 258, 1, 26, 44, 15445 }, // U+01E1
    { 28, 27, 461, 0, 27, 95, 15489 }, // U+01E2
    { 25, 22, 423, 1, 21, 69, 15584 }, // U+01E3
    { 20, 23, 347, 1, 22, 58, 15653 }, // U+01E4
    { 18, 23, 310, 1, 16, 52, 15711 }, // U+01E5
    { 19, 29, 347, 1, 28, 69, 15763 }, // U+01E6
    { 15, 29, 281, 1, 22, 55, 15832 }, // U+01E7
    { 17, 28, 310, 2, 28, 60, 15887 }, // U+01E8
    { 18, 28, 252, -2, 28, 63, 15947 }, // U+01E9
    { 20, 29, 355, 1, 22, 73, 16010 }, // U+01EA
    { 15, 23, 275, 1, 16, 44, 16083 }, // U+01EB
    { 20, 34, 355, 1, 27, 85, 16127 }, // U+01EC
    { 15, 28, 275, 1, 21, 53, 16212 }, // U+01ED
    { 18, 35, 315, 1, 28, 79, 16265 }, // U+01EE
    { 16, 28, 286, 1, 22, 56, 16344 }, // U+01EF
    { 10, 28, 109, -2, 22, 35, 16400 }, // U+01F0
    { 36, 22, 625, 2, 22, 99, 16435 }, // U+01F1
    { 33, 22, 584, 2, 22, 91, 16534 }, // U+01F2
    { 31, 23, 531, 1, 22, 90, 16625 }, // U+01F3
    { 19, 29, 347, 1, 28, 69, 16715 }, // U+01F4
    { 15, 29, 281, 1, 22, 55, 16784 }, // U+01F5
    { 28, 23, 513, 2, 22, 81, 16839 }, // U+01F6
    { 16, 28, 293, 1, 22, 56, 16920 }, // U+01F7
    { 18, 28, 347, 2, 28, 63, 16976 }, // U+01F8
    { 13, 22, 271, 2, 22, 36, 17039 }, // U+01F9
    { 20, 33, 318, 0, 33, 83, 17075 }, // U+01FA
    { 13, 29, 258, 1, 28, 48, 17158 }, // U+01FB
    { 28, 28, 461, 0, 28, 98, 17206 }, // U+01FC
    { 25, 23, 423, 1, 22, 72, 17304 }, // U+01FD
    { 20, 29, 355, 1, 28, 73, 17376 }, // U+01FE
    { 16, 23, 275, 1, 22, 46, 17449 }, // U+01FF
    { 20, 28, 318, 0, 28, 70, 17495 }, // U+0200
    { 13, 23, 258, 1, 22, 38, 17565 }, // U+0201
    { 20, 29, 318, 0, 29, 73, 17603 }, // U+0202
    { 13, 24, 258, 1, 23, 39, 17676 }, // U+0203
    { 14, 28, 278, 2, 28, 49, 17715 }, // U+0204
    { 15, 23, 267, 1, 22, 44, 17764 }, // U+0205
    { 14, 29, 278, 2, 29, 51, 17808 }, // U+0206
    { 15, 24, 267, 1, 23, 45, 17859 }, // U+0207
    { 11, 28, 122, -3, 28, 39, 17904 }, // U+0208
    { 11, 22, 109, -4, 22, 31, 17943 }, // U+0209
    { 10, 29, 122, -1, 29, 37, 17974 }, // U+020A
    { 9, 23, 109, -1, 23, 26, 18011 }, // U+020B
    { 20, 29, 355, 1, 28, 73, 18037 }, // U+020C
    { 15, 23, 275, 1, 22, 44, 18110 }, // U+020D
    { 20, 30, 355, 1, 29, 75, 18154 }, // U+020E
    { 15, 24, 275, 1, 23, 45, 18229 }, // U+020F
    { 16, 28, 299, 2, 28, 56, 18274 }, // U+0210
    { 11, 22, 170, -1, 22, 31, 18330 }, // U+0211
    { 16, 29, 299, 2, 29, 58, 18361 }, // U+0212
    { 10, 23, 170, 1, 23, 29, 18419 }, // U+0213
    { 17, 29, 343, 2, 28, 62, 18448 }, // U+0214
    { 13, 23, 271, 2, 22, 38, 18510 }, // U+0215
    { 17, 30, 343, 2, 29, 64, 18548 }, // U+0216
    { 13, 24, 271, 2, 23, 39, 18612 }, // U+0217
    { 16, 30, 297, 1, 22, 60, 18651 }, // U+0218
    { 13, 24, 241, 1, 16, 39, 18711 }, // U+0219
    { 17, 30, 298, 1, 22, 64, 18750 }, // U+021A
    { 9, 28, 151, 0, 20, 32, 18814 }, // U+021B
    { 16, 29, 292, 1, 22, 58, 18846 }, // U+021C
    { 13, 24, 250, 1, 17, 39, 18904 }, // U+021D
    { 17, 28, 343, 2, 28, 60, 18943 }, // U+021E
    { 17, 28, 271, -2, 28, 60, 19003 }, // U+021F
    { 13, 18, 258, 2, 17, 30, 19063 }, // U+0250
    { 15, 17, 281, 1, 16, 32, 19093 }, // U+0251
    { 15, 17, 281, 2, 16, 32, 19125 }, // U+0252
    { 15, 23, 279, 2, 22, 44, 19157 }, // U+0253
    { 14, 18, 250, 1, 17, 32, 19201 }, // U+0254
    { 18, 29, 281, 1, 22, 66, 19233 }, // U+0256
    { 18, 23, 281, 1, 22, 52, 19299 }, // U+0257
    { 14, 18, 250, 1, 17, 32, 19351 }, // U+0258
    { 15, 18, 267, 1, 17, 34, 19383 }, // U+0259
    { 21, 17, 347, 1, 16, 45, 19417 }, // U+025A
    { 13, 17, 244, 1, 16, 28, 19462 }, // U+025B
    { 13, 17, 244, 1, 16, 28, 19490 }, // U+025C
    { 19, 17, 320, 1, 16, 41, 19518 }, // U+025D
    { 14, 17, 256, 1, 16, 30, 19559 }, // U+025E
    { 10, 22, 109, -2, 16, 28, 19589 }, // U+025F
    { 18, 29, 281, 1, 22, 66, 19617 }, // U+0260
    { 15, 23, 281, 1, 16, 44, 19683 }, // U+0261
    { 14, 17, 258, 1, 16, 30, 19727 }, // U+0262
    { 17, 23, 276, 0, 16, 49, 19757 }, // U+0263
    { 19, 18, 334, 1, 17, 43, 19806 }, // U+0264
    { 13, 22, 271, 2, 16, 36, 19849 }, // U+0265
    { 13, 22, 271, 2, 22, 36, 19885 }, // U+0266
    { 13, 29, 271, 2, 22, 48, 19921 }, // U+0267
    { 11, 22, 109, -2, 22, 31, 19969 }, // U+0268
    { 6, 17, 124, 2, 16, 13, 20000 }, // U+0269
    { 9, 16, 151, 0, 16, 18, 20013 }, // U+026A
    { 9, 22, 109, -1, 22, 25, 20031 }, // U+026B
    { 12, 22, 192, 0, 22, 33, 20056 }, // U+026C
    { 6, 29, 109, 2, 22, 22, 20089 }, // U+026D
    { 15, 29, 295, 2, 22, 55, 20111 }, // U+026E
    { 22, 17, 405, 2, 16, 47, 20166 }, // U+026F
    { 22, 22, 405, 2, 16, 61, 20213 }, // U+0270
    { 22, 24, 405, 2, 17, 66, 20274 }, // U+0271
    { 16, 23, 271, -1, 16, 46, 20340 }, // U+0272
    { 16, 23, 271, 2, 16, 46, 20386 }, // U+0273
    { 14, 16, 290, 2, 16, 28, 20432 }, // U+0274
    { 15, 17, 275, 1, 16, 32, 20460 }, // U+0275
    { 22, 16, 372, 1, 16, 44, 20492 }, // U+0276
    { 22, 18, 378, 1, 17, 50, 20536 }, // U+0277
    { 15, 28, 294, 2, 22, 53, 20586 }, // U+0278
    { 9, 17, 170, 0, 16, 20, 20639 }, // U+0279
    { 8, 23, 165, 1, 22, 23, 20659 }, // U+027A
    { 12, 23, 170, 0, 16, 35, 20682 }, // U+027B
    { 8, 16, 158, 2, 16, 16, 20717 }, // U+027E
    { 8, 16, 158, 0, 16, 16, 20733 }, // U+027F
    { 14, 16, 255, 2, 16, 28, 20749 }, // U+0280
    { 14, 16, 255, 2, 16, 28, 20777 }, // U+0281
    { 13, 23, 241, 1, 16, 38, 20805 }, // U+0282
    { 11, 30, 168, -1, 23, 42, 20843 }, // U+0283
    { 11, 30, 168, -1, 23, 42, 20885 }, // U+0284
    { 14, 29, 238, 1, 23, 51, 20927 }, // U+0286
    { 10, 20, 151, 0, 16, 25, 20978 }, // U+0287
    { 9, 27, 149, 0, 20, 31, 21003 }, // U+0288
    { 19, 17, 296, 0, 16, 41, 21034 }, // U+0289
    { 16, 18, 291, 1, 17, 36, 21075 }, // U+028A
    { 13, 18, 251, 1, 17, 30, 21111 }, // U+028B
    { 16, 16, 257, 0, 16, 32, 21141 }, // U+028C
    { 23, 16, 375, 0, 16, 46, 21173 }, // U+028D
    { 16, 22, 257, 0, 22, 44, 21219 }, // U+028E
    { 16, 16, 262, 0, 16, 32, 21263 }, // U+028F
    { 16, 23, 250, 1, 16, 46, 21295 }, // U+0290
    { 16, 23, 286, 1, 17, 46, 21341 }, // U+0292
    { 16, 22, 289, 1, 16, 44, 21387 }, // U+0293
    { 14, 22, 250, 1, 22, 39, 21431 }, // U+0294
    { 14, 22, 250, 1, 22, 39, 21470 }, // U+0295
    { 14, 23, 250, 1, 22, 41, 21509 }, // U+0296
    { 14, 24, 250, 1, 17, 42, 21550 }, // U+0297
    { 20, 23, 355, 1, 22, 58, 21592 }, // U+0298
    { 13, 16, 260, 2, 16, 26, 21650 }, // U+0299
    { 14, 17, 256, 1, 16, 30, 21676 }, // U+029A
    { 16, 19, 274, 1, 18, 38, 21706 }, // U+029B
    { 13, 16, 271, 2, 16, 26, 21744 }, // U+029C
    { 12, 28, 159, -1, 22, 42, 21770 }, // U+029D
    { 14, 22, 252, 0, 16, 39, 21812 }, // U+029E
    { 11, 16, 221, 2, 16, 22, 21851 }, // U+029F
    { 18, 28, 281, 1, 22, 63, 21873 }, // U+02A0
    { 14, 22, 250, 1, 22, 39, 21936 }, // U+02A1
    { 14, 22, 250, 1, 22, 39, 21975 }, // U+02A2
    { 29, 23, 499, 1, 22, 84, 22014 }, // U+02A3
    { 27, 29, 464, 1, 22, 98, 22098 }, // U+02A4
    { 20, 20, 340, 0, 20, 50, 22196 }, // U+02A6
    { 17, 29, 257, 0, 23, 62, 22246 }, // U+02A7
    { 22, 21, 370, 0, 20, 58, 22308 }, // U+02A8
    { 22, 29, 385, 0, 22, 80, 22366 }, // U+02A9
    { 18, 22, 335, 2, 22, 50, 22446 }, // U+02AA
    { 18, 22, 336, 2, 22, 50, 22496 }, // U+02AB
    { 13, 21, 207, 0, 21, 35, 22546 }, // U+02AC
    { 12, 21, 249, 2, 21, 32, 22581 }, // U+02AD
    { 17, 22, 292, 0, 16, 47, 22613 }, // U+02AE
    { 20, 23, 291, 0, 16, 58, 22660 }, // U+02AF
    { 10, 13, 197, 1, 25, 17, 22718 }, // U+02B0
    { 11, 17, 207, 1, 26, 24, 22735 }, // U+02B1
    { 6, 16, 90, -1, 25, 12, 22759 }, // U+02B2
    { 7, 10, 129, 1, 22, 9, 22771 }, // U+02B3
    { 7, 12, 122, 0, 21, 11, 22780 }, // U+02B4
    { 9, 17, 165, 1, 21, 20, 22791 }, // U+02B5
    { 11, 12, 207, 1, 21, 17, 22811 }, // U+02B6
    { 16, 10, 265, 0, 22, 20, 22828 }, // U+02B7
    { 12, 13, 190, 0, 22, 20, 22848 }, // U+02B8
    { 4, 9, 109, 1, 22, 5, 22868 }, // U+02B9
    { 11, 9, 217, 1, 22, 13, 22873 }, // U+02BA
    { 5, 9, 122, 1, 23, 6, 22886 }, // U+02BB
    { 5, 9, 114, 2, 22, 6, 22892 }, // U+02BC
    { 5, 9, 122, 1, 23, 6, 22898 }, // U+02BD
    { 5, 8, 76, 0, 24, 5, 22904 }, // U+02BE
    { 3, 7, 79, 1, 22, 3, 22909 }, // U+02BF
    { 11, 17, 206, 1, 26, 24, 22912 }, // U+02C0
    { 11, 17, 206, 1, 26, 24, 22936 }, // U+02C1
    { 11, 11, 207, 1, 19, 16, 22960 }, // U+02C2
    { 11, 11, 207, 1, 19, 16, 22976 }, // U+02C3
    { 11, 11, 207, 1, 19, 16, 22992 }, // U+02C4
    { 11, 11, 207, 1, 19, 16, 23008 }, // U+02C5
    { 10, 4, 191, 1, 22, 5, 23024 }, // U+02C6
    { 10, 4, 191, 1, 22, 5, 23029 }, // U+02C7
    { 3, 7, 79, 1, 23, 3, 23034 }, // U+02C8
    { 9, 3, 215, 2, 21, 4, 23037 }, // U+02C9
    { 6, 5, 164, 2, 22, 4, 23041 }, // U+02CA
    { 6, 5, 164, 3, 22, 4, 23045 }, // U+02CB
    { 3, 6, 79, 1, -1, 3, 23049 }, // U+02CC
    { 9, 3, 216, 2, -3, 4, 23052 }, // U+02CD
    { 6, 5, 164, 3, -1, 4, 23056 }, // U+02CE
    { 6, 5, 164, 2, -1, 4, 23060 }, // U+02CF
    { 5, 16, 122, 1, 16, 10, 23064 }, // U+02D0
    { 5, 4, 122, 1, 16, 3, 23074 }, // U+02D1
    { 5, 8, 76, 0, 16, 5, 23077 }, // U+02D2
    { 3, 7, 79, 1, 22, 3, 23082 }, // U+02D3
    { 7, 6, 165, 2, 8, 6, 23085 }, // U+02D4
    { 7, 6, 165, 2, 8, 6, 23091 }, // U+02D5
    { 7, 6, 165, 2, 8, 6, 23097 }, // U+02D6
    { 8, 3, 122, 0, 7, 3, 23103 }, // U+02D7
    { 9, 5, 178, 1, 22, 6, 23106 }, // U+02D8
    { 5, 4, 109, 1, 22, 3, 23112 }, // U+02D9
    { 8, 8, 137, 0, 24, 8, 23115 }, // U+02DA
    { 6, 8, 122, 1, 1, 6, 23123 }, // U+02DB
    { 9, 4, 232, 3, 22, 5, 23129 }, // U+02DC
    { 10, 5, 221, 2, 22, 7, 23134 }, // U+02DD
    { 10, 7, 128, -1, 12, 9, 23141 }, // U+02DE
    { 8, 8, 165, 1, 24, 8, 23150 }, // U+02DF
    { 11, 18, 207, 1, 21, 25, 23158 }, // U+02E0
    { 4, 13, 90, 1, 25, 7, 23183 }, // U+02E1
    { 9, 10, 176, 1, 22, 12, 23190 }, // U+02E2
    { 11, 10, 182, 0, 22, 14, 23202 }, // U+02E3
    { 11, 12, 206, 1, 21, 17, 23216 }, // U+02E4
    { 8, 21, 166, 1, 21, 21, 23233 }, // U+02E5
    { 8, 21, 166, 1, 21, 21, 23254 }, // U+02E6
    { 8, 21, 166, 1, 21, 21, 23275 }, // U+02E7
    { 8, 21, 166, 1, 21, 21, 23296 }, // U+02E8
    { 8, 21, 166, 1, 21, 21, 23317 }, // U+02E9
    { 9, 13, 166, 1, 13, 15, 23338 }, // U+02EA
    { 8, 13, 167, 1, 13, 13, 23353 }, // U+02EB
    { 11, 5, 209, 1, -1, 7, 23366 }, // U+02EC
    { 11, 6, 207, 1, 22, 9, 23373 }, // U+02ED
    { 10, 9, 195, 2, 22, 12, 23382 }, // U+02EE
    { 8, 7, 164, 1, -1, 7, 23394 }, // U+02EF
    { 8, 7, 164, 1, -1, 7, 23401 }, // U+02F0
    { 8, 7, 165, 1, -1, 7, 23408 }, // U+02F1
    { 8, 7, 165, 1, -1, 7, 23415 }, // U+02F2
    { 8, 7, 132, 0, -1, 7, 23422 }, // U+02F3
    { 6, 5, 164, 3, 8, 4, 23429 }, // U+02F4
    { 11, 5, 248, 2, 22, 7, 23433 }, // U+02F5
    { 11, 5, 248, 2, 22, 7, 23440 }, // U+02F6
    { 11, 5, 207, 1, -2, 7, 23447 }, // U+02F7
    { 4, 17, 127, 2, 22, 9, 23454 }, // U+02F8
    { 7, 6, 121, 0, 22, 6, 23463 }, // U+02F9
    { 7, 6, 121, 0, 22, 6, 23469 }, // U+02FA
    { 7, 6, 121, 0, -1, 6, 23475 }, // U+02FB
    { 7, 6, 121, 0, -1, 6, 23481 }, // U+02FC
    { 11, 6, 207, 1, -1, 9, 23487 }, // U+02FD
    { 11, 6, 206, 1, -1, 9, 23496 }, // U+02FE
    { 12, 10, 207, 0, 3, 15, 23505 }, // U+02FF
    { 6, 5, 0, 1, 22, 4, 23520 }, // U+0300
    { 5, 5, 0, 2, 22, 4, 23524 }, // U+0301
    { 10, 4, 0, 1, 22, 5, 23528 }, // U+0302
    { 9, 4, 0, 3, 22, 5, 23533 }, // U+0303
    { 9, 3, 0, 2, 21, 4, 23538 }, // U+0304
    { 9, 5, 0, 1, 22, 6, 23542 }, // U+0306
    { 5, 4, 0, 1, 22, 3, 23548 }, // U+0307
    { 11, 4, 0, 3, 22, 6, 23551 }, // U+0308
    { 5, 5, 0, 1, 22, 4, 23557 }, // U+0309
    { 8, 8, 0, 0, 24, 8, 23561 }, // U+030A
    { 10, 4, 0, 1, 22, 5, 23569 }, // U+030C
    { 11, 5, 0, 1, 22, 7, 23574 }, // U+030F
    { 5, 9, 0, 5, 15, 6, 23581 }, // U+0313
    { 5, 9, 0, 5, 15, 6, 23587 }, // U+0315
    { 5, 7, 0, -6, 21, 5, 23593 }, // U+031B
    { 5, 4, 109, 1, -2, 3, 23598 }, // U+0323
    { 5, 6, 0, -12, -2, 4, 23601 }, // U+0326
    { 6, 7, 0, 2, 1, 6, 23605 }, // U+0327
    { 6, 8, 0, 1, 1, 6, 23611 }, // U+0328
    { 10, 4, 0, 1, -2, 5, 23617 }, // U+032C
    { 13, 20, 0, -15, 18, 33, 23622 }, // U+0337
    { 17, 24, 0, -17, 23, 51, 23655 }, // U+0338
    { 10, 4, 0, -13, 22, 5, 23706 }, // U+0342
    { 5, 7, 0, 0, 19, 5, 23711 }, // U+0343
    { 11, 6, 0, -14, 23, 9, 23716 }, // U+0346
    { 10, 6, 0, -14, -4, 8, 23725 }, // U+0347
    { 7, 7, 0, -11, 0, 7, 23733 }, // U+0348
    { 7, 7, 0, -12, -1, 7, 23740 }, // U+0349
    { 11, 7, 0, -14, 23, 10, 23747 }, // U+034A
    { 12, 11, 0, -15, 27, 17, 23757 }, // U+034B
    { 11, 7, 0, -14, 24, 10, 23774 }, // U+034C
    { 13, 7, 0, -15, -1, 12, 23784 }, // U+034D
    { 7, 7, 0, -12, -1, 7, 23796 }, // U+034E
    { 0, 0, 0, 0, 0, 0, 23803 }, // U+034F
    { 12, 11, 0, -14, 29, 17, 23803 }, // U+0350
    { 4, 7, 0, -10, 22, 4, 23820 }, // U+0351
    { 9, 9, 0, -13, 25, 11, 23824 }, // U+0352
    { 7, 8, 0, -11, 0, 7, 23835 }, // U+0353
    { 8, 7, 0, -11, -1, 7, 23842 }, // U+0354
    { 8, 7, 0, -11, -1, 7, 23849 }, // U+0355
    { 16, 7, 0, -14, -1, 14, 23856 }, // U+0356
    { 5, 8, 0, 0, 24, 5, 23870 }, // U+0357
    { 5, 4, 0, 1, 22, 3, 23875 }, // U+0358
    { 7, 7, 0, -12, -1, 7, 23878 }, // U+0359
    { 12, 7, 0, -14, 0, 11, 23885 }, // U+035A
    { 6, 8, 0, -11, 24, 6, 23896 }, // U+035B
    { 21, 6, 0, -11, -1, 16, 23902 }, // U+035C
    { 21, 6, 0, -11, 22, 16, 23918 }, // U+035D
    { 18, 3, 0, -17, 22, 7, 23934 }, // U+035E
    { 18, 3, 0, -17, -2, 7, 23941 }, // U+035F
    { 28, 5, 0, -14, 22, 18, 23948 }, // U+0360
    { 21, 6, 0, -11, 22, 16, 23966 }, // U+0361
    { 22, 7, 0, -10, -1, 20, 23982 }, // U+0362
    { 8, 10, 0, -12, 26, 10, 24002 }, // U+0363
    { 8, 10, 0, -12, 26, 10, 24012 }, // U+0364
    { 3, 11, 0, -10, 28, 5, 24022 }, // U+0365
    { 8, 10, 0, -12, 26, 10, 24027 }, // U+0366
    { 8, 9, 0, -12, 25, 9, 24037 }, // U+0367
    { 8, 10, 0, -12, 26, 10, 24046 }, // U+0368
    { 8, 13, 0, -12, 29, 13, 24056 }, // U+0369
    { 8, 12, 0, -12, 29, 12, 24069 }, // U+036A
    { 12, 9, 0, -14, 26, 14, 24081 }, // U+036B
    { 6, 9, 0, -11, 26, 7, 24095 }, // U+036C
    { 6, 10, 0, 0, 27, 8, 24102 }, // U+036D
    { 8, 8, 0, -12, 25, 8, 24110 }, // U+036E
    { 9, 8, 0, -12, 25, 9, 24118 }, // U+036F
    { 14, 28, 278, 2, 28, 49, 24127 }, // U+0400
    { 14, 28, 278, 2, 28, 49, 24176 }, // U+0401
    { 22, 24, 389, 1, 22, 66, 24225 }, // U+0402
    { 14, 28, 266, 2, 28, 49, 24291 }, // U+0403
    { 19, 23, 340, 1, 22, 55, 24340 }, // U+0404
    { 16, 23, 297, 1, 22, 46, 24395 }, // U+0405
    { 4, 22, 122, 2, 22, 11, 24441 }, // U+0406
    { 10, 28, 122, -1, 28, 35, 24452 }, // U+0407
    { 13, 23, 263, 1, 22, 38, 24487 }, // U+0408
    { 30, 22, 516, 1, 22, 83, 24525 }, // U+0409
    { 30, 22, 522, 2, 22, 83, 24608 }, // U+040A
    { 23, 22, 409, 1, 22, 64, 24691 }, // U+040B
    { 17, 28, 310, 2, 28, 60, 24755 }, // U+040C
    { 18, 28, 347, 2, 28, 63, 24815 }, // U+040D
    { 18, 28, 289, 0, 28, 63, 24878 }, // U+040E
    { 17, 27, 333, 2, 22, 58, 24941 }, // U+040F
    { 20, 22, 318, 0, 22, 55, 24999 }, // U+0410
    { 16, 22, 298, 2, 22, 44, 25054 }, // U+0411
    { 16, 22, 304, 2, 22, 44, 25098 }, // U+0412
    { 14, 22, 266, 2, 22, 39, 25142 }, // U+0413
    { 22, 27, 377, 1, 22, 75, 25181 }, // U+0414
    { 14, 22, 278, 2, 22, 39, 25256 }, // U+0415
    { 28, 22, 444, 0, 22, 77, 25295 }, // U+0416
    { 16, 23, 286, 1, 22, 46, 25372 }, // U+0417
    { 18, 22, 347, 2, 22, 50, 25418 }, // U+0418
    { 18, 28, 347, 2, 28, 63, 25468 }, // U+0419
    { 17, 22, 310, 2, 22, 47, 25531 }, // U+041A
    { 19, 22, 345, 1, 22, 53, 25578 }, // U+041B
    { 22, 22, 417, 2, 22, 61, 25631 }, // U+041C
    { 17, 22, 343, 2, 22, 47, 25692 }, // U+041D
    { 20, 23, 355, 1, 22, 58, 25739 }, // U+041E
    { 17, 22, 343, 2, 22, 47, 25797 }, // U+041F
    { 16, 22, 295, 2, 22, 44, 25844 }, // U+0420
    { 19, 23, 340, 1, 22, 55, 25888 }, // U+0421
    { 17, 22, 298, 1, 22, 47, 25943 }, // U+0422
    { 18, 22, 289, 0, 22, 50, 25990 }, // U+0423
    { 22, 25, 385, 1, 23, 69, 26040 }, // U+0424
    { 19, 22, 315, 0, 22, 53, 26109 }, // U+0425
    { 19, 27, 333, 2, 22, 65, 26162 }, // U+0426
    { 16, 22, 323, 2, 22, 44, 26227 }, // U+0427
    { 24, 22, 443, 2, 22, 66, 26271 }, // U+0428
    { 26, 27, 449, 2, 22, 88, 26337 }, // U+0429
    { 22, 22, 377, 1, 22, 61, 26425 }, // U+042A
    { 21, 22, 405, 2, 22, 58, 26486 }, // U+042B
    { 16, 22, 300, 2, 22, 44, 26544 }, // U+042C
    { 19, 23, 340, 1, 22, 55, 26588 }, // U+042D
    { 26, 23, 472, 2, 22, 75, 26643 }, // U+042E
    { 17, 22, 299, 0, 22, 47, 26718 }, // U+042F
    { 13, 17, 258, 1, 16, 28, 26765 }, // U+0430
    { 15, 23, 272, 1, 22, 44, 26793 }, // U+0431
    { 13, 16, 260, 2, 16, 26, 26837 }, // U+0432
    { 11, 16, 202, 2, 16, 22, 26863 }, // U+0433
    { 18, 21, 284, 0, 16, 48, 26885 }, // U+0434
    { 15, 17, 267, 1, 16, 32, 26933 }, // U+0435
    { 23, 16, 374, 0, 16, 46, 26965 }, // U+0436
    { 12, 17, 228, 1, 16, 26, 27011 }, // U+0437
    { 13, 16, 272, 2, 16, 26, 27037 }, // U+0438
    { 13, 22, 272, 2, 22, 36, 27063 }, // U+0439
    { 14, 16, 249, 2, 16, 28, 27099 }, // U+043A
    { 15, 16, 266, 0, 16, 30, 27127 }, // U+043B
    { 19, 16, 355, 2, 16, 38, 27157 }, // U+043C
    { 13, 16, 271, 2, 16, 26, 27195 }, // U+043D
    { 15, 17, 275, 1, 16, 32, 27221 }, // U+043E
    { 13, 16, 271, 2, 16, 26, 27253 }, // U+043F
    { 15, 22, 281, 2, 16, 42, 27279 }, // U+0440
    { 15, 17, 262, 1, 16, 32, 27321 }, // U+0441
    { 14, 16, 217, 0, 16, 28, 27353 }, // U+0442
    { 16, 23, 257, 0, 16, 46, 27381 }, // U+0443
    { 18, 28, 317, 1, 22, 63, 27427 }, // U+0444
    { 15, 16, 251, 0, 16, 30, 27490 }, // U+0445
    { 15, 21, 276, 2, 16, 40, 27520 }, // U+0446
    { 13, 16, 266, 2, 16, 26, 27560 }, // U+0447
    { 20, 16, 380, 2, 16, 40, 27586 }, // U+0448
    { 22, 21, 386, 2, 16, 58, 27626 }, // U+0449
    { 18, 16, 298, 0, 16, 36, 27684 }, // U+044A
    { 17, 16, 338, 2, 16, 34, 27720 }, // U+044B
    { 13, 16, 257, 2, 16, 26, 27754 }, // U+044C
    { 14, 17, 262, 1, 16, 30, 27780 }, // U+044D
    { 21, 17, 387, 2, 16, 45, 27810 }, // U+044E
    { 14, 16, 255, 0, 16, 28, 27855 }, // U+044F
    { 15, 23, 267, 1, 22, 44, 27883 }, // U+0450
    { 15, 23, 267, 1, 22, 44, 27927 }, // U+0451
    { 15, 29, 271, 0, 22, 55, 27971 }, // U+0452
    { 11, 22, 202, 2, 22, 31, 28026 }, // U+0453
    { 15, 17, 262, 1, 16, 32, 28057 }, // U+0454
    { 13, 17, 241, 1, 16, 28, 28089 }, // U+0455
    { 5, 22, 109, 1, 22, 14, 28117 }, // U+0456
    { 11, 22, 109, -2, 22, 31, 28131 }, // U+0457
    { 7, 28, 109, -1, 22, 25, 28162 }, // U+0458
    { 26, 16, 428, 0, 16, 52, 28187 }, // U+0459
    { 23, 16, 416, 2, 16, 46, 28239 }, // U+045A
    { 15, 22, 271, 0, 22, 42, 28285 }, // U+045B
    { 14, 22, 249, 2, 22, 39, 28327 }, // U+045C
    { 13, 22, 272, 2, 22, 36, 28366 }, // U+045D
    { 16, 29, 257, 0, 22, 58, 28402 }, // U+045E
    { 13, 21, 271, 2, 16, 35, 28460 }, // U+045F
    { 22, 23, 414, 2, 22, 64, 28495 }, // U+0460
    { 20, 17, 372, 2, 16, 43, 28559 }, // U+0461
    { 19, 22, 320, 0, 22, 53, 28602 }, // U+0462
    { 17, 22, 284, 0, 22, 47, 28655 }, // U+0463
    { 25, 23, 443, 2, 22, 72, 28702 }, // U+0464
    { 20, 17, 361, 2, 16, 43, 28774 }, // U+0465
    { 20, 22, 318, 0, 22, 55, 28817 }, // U+0466
    { 16, 16, 264, 0, 16, 32, 28872 }, // U+0467
    { 25, 22, 434, 2, 22, 69, 28904 }, // U+0468
    { 20, 16, 359, 2, 16, 40, 28973 }, // U+0469
    { 21, 22, 394, 2, 22, 58, 29013 }, // U+046A
    { 18, 16, 324, 1, 16, 36, 29071 }, // U+046B
    { 30, 22, 531, 2, 22, 83, 29107 }, // U+046C
    { 25, 16, 445, 2, 16, 50, 29190 }, // U+046D
    { 14, 35, 250, 1, 28, 62, 29240 }, // U+046E
    { 12, 28, 239, 1, 22, 42, 29302 }, // U+046F
    { 21, 22, 407, 2, 22, 58, 29344 }, // U+0470
    { 19, 26, 359, 2, 20, 62, 29402 }, // U+0471
    { 20, 23, 355, 1, 22, 58, 29464 }, // U+0472
    { 15, 17, 275, 1, 16, 32, 29522 }, // U+0473
    { 20, 22, 325, 0, 22, 55, 29554 }, // U+0474
    { 17, 16, 273, 0, 16, 34, 29609 }, // U+0475
    { 20, 28, 325, 0, 28, 70, 29643 }, // U+0476
    { 17, 22, 273, 0, 22, 47, 29713 }, // U+0477
    { 37, 29, 612, 1, 22, 135, 29760 }, // U+0478
    { 31, 23, 523, 1, 16, 90, 29895 }, // U+0479
    { 18, 22, 330, 1, 22, 50, 29985 }, // U+0480
    { 14, 21, 260, 1, 16, 37, 30035 }, // U+0481
    { 16, 20, 291, 1, 20, 40, 30072 }, // U+0482
    { 11, 6, 0, -14, 22, 9, 30112 }, // U+0483
    { 12, 5, 0, -14, 23, 8, 30121 }, // U+0484
    { 4, 6, 0, -10, 24, 3, 30129 }, // U+0485
    { 4, 6, 0, -9, 24, 3, 30132 }, // U+0486
    { 12, 5, 0, -14, 23, 8, 30135 }, // U+0487
    { 29, 26, 0, -22, 21, 95, 30143 }, // U+0488
    { 28, 28, 0, -22, 22, 98, 30238 }, // U+0489
    { 21, 33, 347, 2, 28, 87, 30336 }, // U+048A
    { 16, 27, 272, 2, 22, 54, 30423 }, // U+048B
    { 19, 22, 320, 0, 22, 53, 30477 }, // U+048C
    { 17, 20, 284, 0, 20, 43, 30530 }, // U+048D
    { 16, 22, 293, 2, 22, 44, 30573 }, // U+048E
    { 15, 22, 281, 2, 16, 42, 30617 }, // U+048F
    { 14, 26, 266, 2, 26, 46, 30659 }, // U+0490
    { 11, 20, 202, 2, 20, 28, 30705 }, // U+0491
    { 17, 22, 266, -1, 22, 47, 30733 }, // U+0492
    { 13, 16, 202, 0, 16, 26, 30780 }, // U+0493
    { 16, 24, 301, 2, 22, 48, 30806 }, // U+0494
    { 13, 21, 250, 2, 16, 35, 30854 }, // U+0495
    { 29, 27, 452, 0, 22, 98, 30889 }, // U+0496
    { 24, 21, 383, 0, 16, 63, 30987 }, // U+0497
    { 16, 28, 286, 1, 22, 56, 31050 }, // U+0498
    { 12, 22, 228, 1, 16, 33, 31106 }, // U+0499
    { 18, 27, 327, 2, 22, 61, 31139 }, // U+049A
    { 15, 21, 259, 2, 16, 40, 31200 }, // U+049B
    { 17, 22, 307, 2, 22, 47, 31240 }, // U+049C
    { 15, 16, 269, 2, 16, 30, 31287 }, // U+049D
    { 23, 22, 387, 1, 22, 64, 31317 }, // U+04A0
    { 18, 16, 290, 0, 16, 36, 31381 }, // U+04A1
    { 20, 27, 350, 2, 22, 68, 31417 }, // U+04A2
    { 15, 21, 277, 2, 16, 40, 31485 }, // U+04A3
    { 26, 22, 456, 2, 22, 72, 31525 }, // U+04A4
    { 18, 16, 315, 2, 16, 36, 31597 }, // U+04A5
    { 29, 24, 514, 2, 22, 87, 31633 }, // U+04A6
    { 24, 21, 427, 2, 16, 63, 31720 }, // U+04A7
    { 27, 23, 456, 1, 22, 78, 31783 }, // U+04A8
    { 21, 17, 361, 1, 16, 45, 31861 }, // U+04A9
    { 19, 28, 340, 1, 22, 67, 31906 }, // U+04AA
    { 15, 22, 262, 1, 16, 42, 31973 }, // U+04AB
    { 17, 27, 298, 1, 22, 58, 32015 }, // U+04AC
    { 14, 21, 217, 0, 16, 37, 32073 }, // U+04AD
    { 19, 22, 313, 0, 22, 53, 32110 }, // U+04AE
    { 16, 22, 257, 0, 16, 44, 32163 }, // U+04AF
    { 19, 22, 313, 0, 22, 53, 32207 }, // U+04B0
    { 16, 22, 257, 0, 16, 44, 32260 }, // U+04B1
    { 21, 27, 323, 0, 22, 71, 32304 }, // U+04B2
    { 17, 21, 261, 0, 16, 45, 32375 }, // U+04B3
    { 25, 27, 424, 1, 22, 85, 32420 }, // U+04B4
    { 19, 21, 306, 0, 16, 50, 32505 }, // U+04B5
    { 18, 27, 330, 2, 22, 61, 32555 }, // U+04B6
    { 15, 21, 272, 2, 16, 40, 32616 }, // U+04B7
    { 16, 22, 323, 2, 22, 44, 32656 }, // U+04B8
    { 13, 16, 266, 2, 16, 26, 32700 }, // U+04B9
    { 17, 22, 323, 2, 22, 47, 32726 }, // U+04BA
    { 13, 22, 271, 2, 22, 36, 32773 }, // U+04BB
    { 23, 23, 391, 0, 22, 67, 32809 }, // U+04BC
    { 20, 17, 330, 0, 16, 43, 32876 }, // U+04BD
    { 23, 27, 391, 0, 22, 78, 32919 }, // U+04BE
    { 20, 22, 330, 0, 16, 55, 32997 }, // U+04BF
    { 4, 22, 122, 2, 22, 11, 33052 }, // U+04C0
    { 28, 28, 444, 0, 28, 98, 33063 }, // U+04C1
    { 23, 22, 374, 0, 22, 64, 33161 }, // U+04C2
    { 17, 27, 315, 2, 22, 58, 33225 }, // U+04C3
    { 14, 20, 270, 2, 16, 35, 33283 }, // U+04C4
    { 21, 27, 345, 1, 22, 71, 33318 }, // U+04C5
    { 18, 21, 266, 0, 16, 48, 33389 }, // U+04C6
    { 17, 29, 343, 2, 22, 62, 33437 }, // U+04C7
    { 13, 23, 271, 2, 16, 38, 33499 }, // U+04C8
    { 20, 27, 343, 2, 22, 68, 33537 }, // U+04C9
    { 16, 21, 271, 2, 16, 42, 33605 }, // U+04CA
    { 18, 27, 330, 2, 22, 61, 33647 }, // U+04CB
    { 15, 21, 272, 2, 16, 40, 33708 }, // U+04CC
    { 25, 27, 417, 2, 22, 85, 33748 }, // U+04CD
    { 21, 21, 355, 2, 16, 56, 33833 }, // U+04CE
    { 3, 22, 109, 2, 22, 9, 33889 }, // U+04CF
    { 20, 28, 318, 0, 28, 70, 33898 }, // U+04D0
    { 13, 23, 258, 1, 22, 38, 33968 }, // U+04D1
    { 20, 28, 318, 0, 28, 70, 34006 }, // U+04D2
    { 13, 23, 258, 1, 22, 38, 34076 }, // U+04D3
    { 28, 22, 461, 0, 22, 77, 34114 }, // U+04D4
    { 25, 17, 423, 1, 16, 54, 34191 }, // U+04D5
    { 14, 28, 278, 2, 28, 49, 34245 }, // U+04D6
    { 15, 23, 267, 1, 22, 44, 34294 }, // U+04D7
    { 20, 23, 346, 1, 22, 58, 34338 }, // U+04D8
    { 15, 18, 267, 1, 17, 34, 34396 }, // U+04D9
    { 20, 29, 346, 1, 28, 73, 34430 }, // U+04DA
    { 15, 23, 267, 1, 22, 44, 34503 }, // U+04DB
    { 28, 28, 444, 0, 28, 98, 34547 }, // U+04DC
    { 23, 22, 374, 0, 22, 64, 34645 }, // U+04DD
    { 16, 29, 286, 1, 28, 58, 34709 }, // U+04DE
    { 12, 23, 228, 1, 22, 35, 34767 }, // U+04DF
    { 16, 23, 286, 1, 22, 46, 34802 }, // U+04E0
    { 16, 23, 286, 1, 17, 46, 34848 }, // U+04E1
    { 18, 27, 347, 2, 27, 61, 34894 }, // U+04E2
    { 13, 21, 272, 2, 21, 35, 34955 }, // U+04E3
    { 18, 28, 347, 2, 28, 63, 34990 }, // U+04E4
    { 13, 22, 272, 2, 22, 36, 35053 }, // U+04E5
    { 20, 29, 355, 1, 28, 73, 35089 }, // U+04E6
    { 15, 23, 275, 1, 22, 44, 35162 }, // U+04E7
    { 20, 23, 355, 1, 22, 58, 35206 }, // U+04E8
    { 15, 17, 275, 1, 16, 32, 35264 }, // U+04E9
    { 20, 29, 355, 1, 28, 73, 35296 }, // U+04EA
    { 15, 23, 275, 1, 22, 44, 35369 }, // U+04EB
    { 19, 29, 340, 1, 28, 69, 35413 }, // U+04EC
    { 14, 23, 262, 1, 22, 41, 35482 }, // U+04ED
    { 18, 27, 289, 0, 27, 61, 35523 }, // U+04EE
    { 16, 28, 257, 0, 21, 56, 35584 }, // U+04EF
    { 18, 28, 289, 0, 28, 63, 35640 }, // U+04F0
    { 16, 29, 257, 0, 22, 58, 35703 }, // U+04F1
    { 18, 28, 289, 0, 28, 63, 35761 }, // U+04F2
    { 16, 29, 257, 0, 22, 58, 35824 }, // U+04F3
    { 16, 28, 323, 2, 28, 56, 35882 }, // U+04F4
    { 13, 22, 266, 2, 22, 36, 35938 }, // U+04F5
    { 14, 27, 266, 2, 22, 48, 35974 }, // U+04F6
    { 11, 21, 202, 2, 16, 29, 36022 }, // U+04F7
    { 21, 28, 405, 2, 28, 74, 36051 }, // U+04F8
    { 17, 22, 338, 2, 22, 47, 36125 }, // U+04F9
    { 16, 29, 274, 0, 22, 58, 36172 }, // U+04FA
    { 13, 23, 202, 0, 16, 38, 36230 }, // U+04FB
    { 21, 29, 326, 0, 22, 77, 36268 }, // U+04FC
    { 15, 23, 239, 0, 16, 44, 36345 }, // U+04FD
    { 19, 22, 315, 0, 22, 53, 36389 }, // U+04FE
    { 15, 16, 251, 0, 16, 30, 36442 }, // U+04FF
    { 15, 16, 245, 0, 16, 30, 36472 }, // U+1D00
    { 19, 16, 355, 2, 16, 38, 36502 }, // U+1D0D
    { 14, 16, 217, 0, 16, 28, 36540 }, // U+1D1B
    { 9, 10, 183, 1, 22, 12, 36568 }, // U+1D43
    { 11, 13, 199, 1, 25, 18, 36580 }, // U+1D47
    { 10, 13, 199, 1, 25, 17, 36598 }, // U+1D48
    { 10, 10, 189, 1, 22, 13, 36615 }, // U+1D49
    { 10, 13, 199, 1, 22, 17, 36628 }, // U+1D4D
    { 10, 13, 181, 1, 25, 17, 36645 }, // U+1D4F
    { 16, 10, 284, 1, 22, 20, 36662 }, // U+1D50
    { 10, 10, 194, 1, 22, 13, 36682 }, // U+1D52
    { 11, 13, 199, 1, 22, 18, 36695 }, // U+1D56
    { 7, 12, 114, 0, 24, 11, 36713 }, // U+1D57
    { 10, 10, 197, 1, 22, 13, 36724 }, // U+1D58
    { 12, 10, 189, 0, 22, 15, 36737 }, // U+1D5B
    { 4, 13, 90, 1, 8, 7, 36752 }, // U+1D62
    { 7, 10, 129, 1, 5, 9, 36759 }, // U+1D63
    { 10, 10, 197, 1, 5, 13, 36768 }, // U+1D64
    { 12, 10, 189, 0, 5, 15, 36781 }, // U+1D65
    { 10, 10, 185, 1, 22, 13, 36796 }, // U+1D9C
    { 8, 13, 125, 0, 25, 13, 36809 }, // U+1DA0
    { 9, 10, 181, 1, 22, 12, 36822 }, // U+1DBB
    { 11, 16, 207, 1, 25, 22, 36834 }, // U+1DBF
    { 20, 28, 318, 0, 22, 70, 36856 }, // U+1EA0
    { 13, 22, 258, 1, 16, 36, 36926 }, // U+1EA1
    { 20, 28, 318, 0, 28, 70, 36962 }, // U+1EA2
    { 13, 23, 258, 1, 22, 38, 37032 }, // U+1EA3
    { 20, 33, 318, 0, 33, 83, 37070 }, // U+1EA4
    { 14, 28, 258, 1, 27, 49, 37153 }, // U+1EA5
    { 20, 33, 318, 0, 33, 83, 37202 }, // U+1EA6
    { 13, 28, 258, 1, 27, 46, 37285 }, // U+1EA7
    { 20, 33, 318, 0, 33, 83, 37331 }, // U+1EA8
    { 13, 28, 258, 1, 27, 46, 37414 }, // U+1EA9
    { 20, 33, 318, 0, 33, 83, 37460 }, // U+1EAA
    { 13, 28, 258, 1, 27, 46, 37543 }, // U+1EAB
    { 20, 34, 318, 0, 28, 85, 37589 }, // U+1EAC
    { 13, 28, 258, 1, 22, 46, 37674 }, // U+1EAD
    { 20, 33, 318, 0, 33, 83, 37720 }, // U+1EAE
    { 13, 28, 258, 1, 27, 46, 37803 }, // U+1EAF
    { 20, 33, 318, 0, 33, 83, 37849 }, // U+1EB0
    { 13, 28, 258, 1, 27, 46, 37932 }, // U+1EB1
    { 20, 33, 318, 0, 33, 83, 37978 }, // U+1EB2
    { 13, 28, 258, 1, 27, 46, 38061 }, // U+1EB3
    { 20, 33, 318, 0, 33, 83, 38107 }, // U+1EB4
    { 13, 28, 258, 1, 27, 46, 38190 }, // U+1EB5
    { 20, 34, 318, 0, 28, 85, 38236 }, // U+1EB6
    { 13, 28, 258, 1, 22, 46, 38321 }, // U+1EB7
    { 14, 28, 278, 2, 22, 49, 38367 }, // U+1EB8
    { 15, 22, 267, 1, 16, 42, 38416 }, // U+1EB9
    { 14, 28, 278, 2, 28, 49, 38458 }, // U+1EBA
    { 15, 23, 267, 1, 22, 44, 38507 }, // U+1EBB
    { 14, 28, 278, 2, 28, 49, 38551 }, // U+1EBC
    { 15, 23, 267, 1, 22, 44, 38600 }, // U+1EBD
    { 14, 33, 278, 2, 33, 58, 38644 }, // U+1EBE
    { 15, 28, 267, 1, 27, 53, 38702 }, // U+1EBF
    { 14, 33, 278, 2, 33, 58, 38755 }, // U+1EC0
    { 15, 28, 267, 1, 27, 53, 38813 }, // U+1EC1
    { 14, 33, 278, 2, 33, 58, 38866 }, // U+1EC2
    { 15, 28, 267, 1, 27, 53, 38924 }, // U+1EC3
    { 14, 33, 278, 2, 33, 58, 38977 }, // U+1EC4
    { 15, 28, 267, 1, 27, 53, 39035 }, // U+1EC5
    { 14, 34, 278, 2, 28, 60, 39088 }, // U+1EC6
    { 15, 28, 267, 1, 22, 53, 39148 }, // U+1EC7
    { 5, 28, 122, 1, 28, 18, 39201 }, // U+1EC8
    { 5, 22, 109, 1, 22, 14, 39219 }, // U+1EC9
    { 4, 28, 122, 2, 22, 14, 39233 }, // U+1ECA
    { 5, 28, 109, 1, 22, 18, 39247 }, // U+1ECB
    { 20, 28, 355, 1, 22, 70, 39265 }, // U+1ECC
    { 15, 22, 275, 1, 16, 42, 39335 }, // U+1ECD
    { 20, 29, 355, 1, 28, 73, 39377 }, // U+1ECE
    { 15, 23, 275, 1, 22, 44, 39450 }, // U+1ECF
    { 20, 34, 355, 1, 33, 85, 39494 }, // U+1ED0
    { 15, 28, 275, 1, 27, 53, 39579 }, // U+1ED1
    { 20, 34, 355, 1, 33, 85, 39632 }, // U+1ED2
    { 15, 28, 275, 1, 27, 53, 39717 }, // U+1ED3
    { 20, 34, 355, 1, 33, 85, 39770 }, // U+1ED4
    { 15, 28, 275, 1, 27, 53, 39855 }, // U+1ED5
    { 20, 34, 355, 1, 33, 85, 39908 }, // U+1ED6
    { 15, 28, 275, 1, 27, 53, 39993 }, // U+1ED7
    { 20, 34, 355, 1, 28, 85, 40046 }, // U+1ED8
    { 15, 28, 275, 1, 22, 53, 40131 }, // U+1ED9
    { 20, 29, 354, 1, 28, 73, 40184 }, // U+1EDA
    { 16, 23, 273, 1, 22, 46, 40257 }, // U+1EDB
    { 20, 29, 354, 1, 28, 73, 40303 }, // U+1EDC
    { 16, 23, 273, 1, 22, 46, 40376 }, // U+1EDD
    { 20, 29, 354, 1, 28, 73, 40422 }, // U+1EDE
    { 16, 23, 273, 1, 22, 46, 40495 }, // U+1EDF
    { 20, 29, 354, 1, 28, 73, 40541 }, // U+1EE0
    { 16, 23, 273, 1, 22, 46, 40614 }, // U+1EE1
    { 20, 31, 354, 1, 25, 78, 40660 }, // U+1EE2
    { 16, 26, 273, 1, 20, 52, 40738 }, // U+1EE3
    { 17, 28, 343, 2, 22, 60, 40790 }, // U+1EE4
    { 13, 22, 271, 2, 16, 36, 40850 }, // U+1EE5
    { 17, 29, 343, 2, 28, 62, 40886 }, // U+1EE6
    { 13, 23, 271, 2, 22, 38, 40948 }, // U+1EE7
    { 20, 29, 342, 2, 28, 73, 40986 }, // U+1EE8
    { 16, 23, 287, 2, 22, 46, 41059 }, // U+1EE9
    { 20, 29, 342, 2, 28, 73, 41105 }, // U+1EEA
    { 16, 23, 287, 2, 22, 46, 41178 }, // U+1EEB
    { 20, 29, 342, 2, 28, 73, 41224 }, // U+1EEC
    { 16, 23, 287, 2, 22, 46, 41297 }, // U+1EED
    { 20, 29, 342, 2, 28, 73, 41343 }, // U+1EEE
    { 16, 23, 287, 2, 22, 46, 41416 }, // U+1EEF
    { 20, 31, 342, 2, 25, 78, 41462 }, // U+1EF0
    { 16, 26, 287, 2, 20, 52, 41540 }, // U+1EF1
    { 19, 28, 313, 0, 28, 67, 41592 }, // U+1EF2
    { 16, 29, 257, 0, 22, 58, 41659 }, // U+1EF3
    { 19, 28, 313, 0, 22, 67, 41717 }, // U+1EF4
    { 16, 23, 257, 0, 16, 46, 41784 }, // U+1EF5
    { 19, 28, 313, 0, 28, 67, 41830 }, // U+1EF6
    { 16, 29, 257, 0, 22, 58, 41897 }, // U+1EF7
    { 19, 28, 313, 0, 28, 67, 41955 }, // U+1EF8
    { 16, 29, 257, 0, 22, 58, 42022 }, // U+1EF9
    { 0, 0, 255, 0, 0, 0, 42080 }, // U+2000
    { 0, 0, 509, 0, 0, 0, 42080 }, // U+2001
    { 0, 0, 233, 0, 0, 0, 42080 }, // U+2002
    { 0, 0, 467, 0, 0, 0, 42080 }, // U+2003
    { 0, 0, 156, 0, 0, 0, 42080 }, // U+2004
    { 0, 0, 117, 0, 0, 0, 42080 }, // U+2005
    { 0, 0, 77, 0, 0, 0, 42080 }, // U+2006
    { 0, 0, 302, 0, 0, 0, 42080 }, // U+2007
    { 0, 0, 127, 0, 0, 0, 42080 }, // U+2008
    { 0, 0, 82, 0, 0, 0, 42080 }, // U+2009
    { 0, 0, 39, 0, 0, 0, 42080 }, // U+200A
    { 0, 0, 0, 0, 0, 0, 42080 }, // U+200B
    { 10, 4, 164, 0, 11, 5, 42080 }, // U+2010
    { 10, 4, 164, 0, 11, 5, 42085 }, // U+2011
    { 17, 3, 302, 1, 11, 7, 42090 }, // U+2012
    { 15, 4, 233, 0, 11, 8, 42097 }, // U+2013
    { 30, 4, 467, 0, 11, 15, 42105 }, // U+2014
    { 30, 4, 467, 0, 11, 15, 42120 }, // U+2015
    { 8, 36, 220, 3, 29, 36, 42135 }, // U+2016
    { 15, 6, 208, -1, 0, 12, 42171 }, // U+2017
    { 5, 9, 114, 2, 22, 6, 42183 }, // U+2018
    { 5, 9, 114, 2, 22, 6, 42189 }, // U+2019
    { 5, 9, 106, 1, 4, 6, 42195 }, // U+201A
    { 5, 9, 114, 1, 22, 6, 42201 }, // U+201B
    { 10, 9, 195, 2, 22, 12, 42207 }, // U+201C
    { 10, 9, 195, 2, 22, 12, 42219 }, // U+201D
    { 10, 9, 186, 1, 4, 12, 42231 }, // U+201E
    { 10, 9, 195, 1, 22, 12, 42243 }, // U+201F
    { 12, 17, 226, 1, 22, 26, 42255 }, // U+2020
    { 12, 22, 226, 1, 22, 33, 42281 }, // U+2021
    { 10, 10, 256, 3, 13, 13, 42314 }, // U+2022
    { 9, 11, 256, 4, 14, 13, 42327 }, // U+2023
    { 4, 5, 127, 2, 4, 3, 42340 }, // U+2024
    { 12, 5, 255, 2, 4, 8, 42343 }, // U+2025
    { 20, 5, 382, 2, 4, 13, 42351 }, // U+2026
    { 4, 5, 127, 2, 12, 3, 42364 }, // U+2027
    { 0, 0, 82, 0, 0, 0, 42367 }, // U+202F
    { 33, 23, 607, 2, 22, 95, 42367 }, // U+2030
    { 44, 23, 770, 2, 22, 127, 42462 }, // U+2031
    { 4, 9, 100, 1, 22, 5, 42589 }, // U+2032
    { 11, 9, 200, 1, 22, 13, 42594 }, // U+2033
    { 17, 9, 299, 1, 22, 20, 42607 }, // U+2034
    { 4, 9, 100, 1, 22, 5, 42627 }, // U+2035
    { 11, 9, 200, 1, 22, 13, 42632 }, // U+2036
    { 17, 9, 299, 1, 22, 20, 42645 }, // U+2037
    { 11, 7, 209, 1, -1, 10, 42665 }, // U+2038
    { 9, 14, 173, 1, 16, 16, 42675 }, // U+2039
    { 9, 14, 173, 1, 16, 16, 42691 }, // U+203A
    { 17, 17, 294, 1, 18, 37, 42707 }, // U+203B
    { 12, 23, 254, 2, 22, 35, 42744 }, // U+203C
    { 13, 23, 235, 1, 22, 38, 42779 }, // U+203D
    { 14, 3, 249, 1, 25, 6, 42817 }, // U+203E
    { 23, 6, 378, 0, -1, 18, 42823 }, // U+203F
    { 23, 7, 378, 0, 23, 21, 42841 }, // U+2040
    { 11, 17, 207, 1, 9, 24, 42862 }, // U+2041
    { 19, 18, 334, 1, 19, 43, 42886 }, // U+2042
    { 8, 3, 256, 4, 10, 3, 42929 }, // U+2043
    { 18, 22, 83, -6, 22, 50, 42932 }, // U+2044
    { 6, 28, 163, 3, 23, 21, 42982 }, // U+2045
    { 7, 28, 163, 1, 23, 25, 43003 }, // U+2046
    { 28, 23, 480, 1, 22, 81, 43028 }, // U+2047
    { 20, 23, 367, 1, 22, 58, 43109 }, // U+2048
    { 20, 23, 367, 2, 22, 58, 43167 }, // U+2049
    { 11, 22, 202, 1, 16, 31, 43225 }, // U+204A
    { 14, 22, 277, 2, 22, 39, 43256 }, // U+204B
    { 14, 13, 273, 1, 15, 23, 43295 }, // U+204C
    { 14, 13, 273, 2, 15, 23, 43318 }, // U+204D
    { 12, 13, 230, 1, 11, 20, 43341 }, // U+204E
    { 5, 21, 133, 2, 16, 14, 43361 }, // U+204F
    { 23, 30, 376, 0, 23, 87, 43375 }, // U+2050
    { 12, 28, 249, 3, 22, 42, 43462 }, // U+2051
    { 19, 22, 333, 1, 22, 53, 43504 }, // U+2052
    { 19, 6, 335, 1, 13, 15, 43557 }, // U+2053
    { 23, 6, 378, 0, -1, 18, 43572 }, // U+2054
    { 13, 13, 252, 1, 14, 22, 43590 }, // U+2055
    { 23, 9, 398, 1, 22, 26, 43612 }, // U+2057
    { 0, 0, 128, 0, 0, 0, 43638 }, // U+205F
    { 11, 13, 210, 1, 25, 18, 43638 }, // U+2070
    { 4, 13, 90, 1, 25, 7, 43656 }, // U+2071
    { 11, 13, 209, 1, 25, 18, 43663 }, // U+2074
    { 11, 13, 200, 1, 25, 18, 43681 }, // U+2075
    { 11, 13, 202, 1, 25, 18, 43699 }, // U+2076
    { 10, 13, 184, 1, 25, 17, 43717 }, // U+2077
    { 11, 13, 204, 1, 25, 18, 43734 }, // U+2078
    { 11, 13, 202, 1, 25, 18, 43752 }, // U+2079
    { 10, 8, 199, 1, 22, 10, 43770 }, // U+207A
    { 10, 3, 199, 1, 20, 4, 43780 }, // U+207B
    { 9, 6, 199, 2, 21, 7, 43784 }, // U+207C
    { 6, 16, 121, 1, 26, 12, 43791 }, // U+207D
    { 5, 16, 121, 1, 26, 10, 43803 }, // U+207E
    { 10, 10, 197, 1, 22, 13, 43813 }, // U+207F
    { 11, 13, 210, 1, 8, 18, 43826 }, // U+2080
    { 6, 13, 137, 1, 8, 10, 43844 }, // U+2081
    { 11, 13, 200, 1, 8, 18, 43854 }, // U+2082
    { 11, 13, 204, 1, 8, 18, 43872 }, // U+2083
    { 11, 13, 209, 1, 8, 18, 43890 }, // U+2084
    { 11, 13, 200, 1, 8, 18, 43908 }, // U+2085
    { 11, 13, 202, 1, 8, 18, 43926 }, // U+2086
    { 10, 13, 184, 1, 8, 17, 43944 }, // U+2087
    { 11, 13, 204, 1, 8, 18, 43961 }, // U+2088
    { 11, 13, 202, 1, 8, 18, 43979 }, // U+2089
    { 10, 8, 199, 1, 5, 10, 43997 }, // U+208A
    { 10, 3, 199, 1, 3, 4, 44007 }, // U+208B
    { 9, 6, 199, 2, 4, 7, 44011 }, // U+208C
    { 6, 16, 121, 1, 9, 12, 44018 }, // U+208D
    { 5, 16, 121, 1, 9, 10, 44030 }, // U+208E
    { 9, 10, 183, 1, 5, 12, 44040 }, // U+2090
    { 10, 10, 189, 1, 5, 13, 44052 }, // U+2091
    { 10, 10, 194, 1, 5, 13, 44065 }, // U+2092
    { 11, 10, 182, 0, 5, 14, 44078 }, // U+2093
    { 11, 13, 207, 1, 6, 18, 44092 }, // U+2094
    { 10, 13, 197, 1, 8, 17, 44110 }, // U+2095
    { 10, 13, 181, 1, 8, 17, 44127 }, // U+2096
    { 4, 13, 90, 1, 8, 7, 44144 }, // U+2097
    { 16, 10, 284, 1, 5, 20, 44151 }, // U+2098
    { 10, 10, 197, 1, 5, 13, 44171 }, // U+2099
    { 11, 13, 199, 1, 5, 18, 44184 }, // U+209A
    { 9, 10, 176, 1, 5, 12, 44202 }, // U+209B
    { 7, 12, 114, 0, 7, 11, 44214 }, // U+209C
    { 17, 23, 336, 2, 22, 49, 44225 }, // U+20A0
    { 19, 27, 340, 1, 24, 65, 44274 }, // U+20A1
    { 19, 23, 337, 1, 22, 55, 44339 }, // U+20A2
    { 17, 22, 280, -1, 22, 47, 44394 }, // U+20A3
    { 16, 22, 282, 1, 22, 44, 44441 }, // U+20A4
    { 21, 21, 397, 2, 19, 56, 44485 }, // U+20A5
    { 22, 22, 356, 0, 22, 61, 44541 }, // U+20A6
    { 25, 23, 439, 2, 22, 72, 44602 }, // U+20A7
    { 29, 23, 518, 2, 22, 84, 44674 }, // U+20A8
    { 28, 22, 442, 0, 22, 77, 44758 }, // U+20A9
    { 20, 16, 377, 2, 16, 40, 44835 }, // U+20AA
    { 17, 28, 281, 1, 22, 60, 44875 }, // U+20AB
    { 18, 23, 308, 0, 22, 52, 44935 }, // U+20AC
    { 20, 22, 328, 0, 22, 55, 44987 }, // U+20AD
    { 17, 22, 298, 1, 22, 47, 45042 }, // U+20AE
    { 38, 30, 642, 1, 24, 143, 45089 }, // U+20AF
    { 19, 22, 307, 0, 22, 53, 45232 }, // U+20B1
    { 19, 28, 347, 1, 25, 67, 45285 }, // U+20B2
    { 20, 22, 318, 0, 22, 55, 45352 }, // U+20B3
    { 16, 23, 291, 1, 22, 46, 45407 }, // U+20B4
    { 19, 29, 340, 1, 25, 69, 45453 }, // U+20B5
    { 17, 22, 298, 1, 22, 47, 45522 }, // U+20B8
    { 15, 22, 249, 0, 22, 42, 45569 }, // U+20B9
    { 15, 23, 274, 1, 22, 44, 45611 }, // U+20BA
    { 17, 16, 335, 2, 16, 34, 45655 }, // U+20BC
    { 19, 22, 323, 0, 22, 53, 45689 }, // U+20BD
    { 17, 22, 335, 2, 22, 47, 45742 }, // U+20BE
    { 16, 27, 304, 2, 24, 54, 45789 }, // U+20BF
    { 23, 19, 442, 2, 19, 55, 45843 }, // U+2190
    { 20, 22, 386, 2, 22, 55, 45898 }, // U+2191
    { 22, 19, 442, 3, 19, 53, 45953 }, // U+2192
    { 20, 23, 386, 2, 22, 58, 46006 }, // U+2193
    { 35, 19, 623, 2, 19, 84, 46064 }, // U+2194
    { 20, 34, 386, 2, 26, 85, 46148 }, // U+2195
    { 17, 17, 357, 3, 16, 37, 46233 }, // U+2196
    { 16, 17, 357, 3, 16, 34, 46270 }, // U+2197
    { 16, 16, 357, 3, 16, 32, 46304 }, // U+2198
    { 17, 16, 357, 3, 16, 34, 46336 }, // U+2199
    { 29, 22, 531, 2, 22, 80, 46370 }, // U+21A9
    { 29, 22, 531, 2, 22, 80, 46450 }, // U+21AA
    { 24, 22, 457, 2, 22, 66, 46530 }, // U+21B0
    { 24, 22, 457, 2, 22, 66, 46596 }, // U+21B1
    { 24, 19, 457, 2, 22, 57, 46662 }, // U+21B3
    { 20, 23, 386, 2, 22, 58, 46719 }, // U+21B4
    { 24, 19, 457, 2, 22, 57, 46777 }, // U+21B5
    { 22, 27, 442, 3, 27, 75, 46834 }, // U+21BA
    { 22, 27, 442, 3, 27, 75, 46909 }, // U+21BB
    { 23, 20, 442, 2, 19, 58, 46984 }, // U+21D0
    { 22, 20, 442, 3, 19, 55, 47042 }, // U+21D2
    { 35, 20, 623, 2, 19, 88, 47097 }, // U+21D4
    { 13, 23, 280, 2, 23, 38, 47185 }, // U+21DE
    { 13, 23, 280, 2, 22, 38, 47223 }, // U+21DF
    { 25, 13, 470, 2, 17, 41, 47261 }, // U+21E4
    { 25, 13, 470, 2, 17, 41, 47302 }, // U+21E5
    { 26, 23, 477, 2, 23, 75, 47343 }, // U+21E7
    { 26, 28, 477, 2, 23, 91, 47418 }, // U+21EA
    { 15, 23, 292, 2, 22, 44, 47509 }, // U+2202
    { 18, 18, 316, 1, 17, 41, 47553 }, // U+2205
    { 19, 22, 314, 0, 22, 53, 47594 }, // U+2206
    { 17, 26, 334, 2, 22, 56, 47647 }, // U+220F
    { 17, 26, 292, 1, 22, 56, 47703 }, // U+2211
    { 15, 3, 305, 2, 10, 6, 47759 }, // U+2212
    { 18, 22, 291, 0, 22, 50, 47765 }, // U+221A
    { 25, 12, 433, 1, 15, 38, 47815 }, // U+221E
    { 11, 30, 168, -1, 23, 42, 47853 }, // U+222B
    { 4, 17, 127, 2, 19, 9, 47895 }, // U+2236
    { 15, 13, 305, 2, 15, 25, 47904 }, // U+2248
    { 13, 16, 305, 3, 16, 26, 47929 }, // U+2260
    { 15, 17, 305, 2, 17, 32, 47955 }, // U+2264
    { 15, 17, 305, 2, 17, 32, 47987 }, // U+2265
    { 41, 41, 649, 0, 31, 211, 48019 }, // U+2295
    { 41, 41, 649, 0, 31, 211, 48230 }, // U+2296
    { 41, 41, 649, 0, 31, 211, 48441 }, // U+2297
    { 41, 41, 649, 0, 31, 211, 48652 }, // U+2298
};

static const EpdUnicodeInterval inter_14_ipa_fallbackIntervals[] = {
    { 0x0, 0x0, 0x0 },
    { 0x20, 0x7E, 0x1 },
    { 0xA0, 0xAC, 0x60 },
    { 0xAE, 0xFF, 0x6D },
    { 0x100, 0x148, 0xBF },
    { 0x14A, 0x17F, 0x108 },
    { 0x1A0, 0x1A1, 0x13E },
    { 0x1AF, 0x1B0, 0x140 },
    { 0x1C5, 0x21F, 0x142 },
    { 0x250, 0x254, 0x19D },
    { 0x256, 0x27B, 0x1A2 },
    { 0x27E, 0x284, 0x1C8 },
    { 0x286, 0x290, 0x1CF },
    { 0x292, 0x2A4, 0x1DA },
    { 0x2A6, 0x2FF, 0x1ED },
    { 0x300, 0x304, 0x247 },
    { 0x306, 0x30A, 0x24C },
    { 0x30C, 0x30C, 0x251 },
    { 0x30F, 0x30F, 0x252 },
    { 0x313, 0x313, 0x253 },
    { 0x315, 0x315, 0x254 },
    { 0x31B, 0x31B, 0x255 },
    { 0x323, 0x323, 0x256 },
    { 0x326, 0x328, 0x257 },
    { 0x32C, 0x32C, 0x25A },
    { 0x337, 0x338, 0x25B },
    { 0x342, 0x343, 0x25D },
    { 0x346, 0x36F, 0x25F },
    { 0x400, 0x479, 0x289 },
    { 0x480, 0x49D, 0x303 },
    { 0x4A0, 0x4FF, 0x321 },
    { 0x1D00, 0x1D00, 0x381 },
    { 0x1D0D, 0x1D0D, 0x382 },
    { 0x1D1B, 0x1D1B, 0x383 },
    { 0x1D43, 0x1D43, 0x384 },
    { 0x1D47, 0x1D49, 0x385 },
    { 0x1D4D, 0x1D4D, 0x388 },
    { 0x1D4F, 0x1D50, 0x389 },
    { 0x1D52, 0x1D52, 0x38B },
    { 0x1D56, 0x1D58, 0x38C },
    { 0x1D5B, 0x1D5B, 0x38F },
    { 0x1D62, 0x1D65, 0x390 },
    { 0x1D9C, 0x1D9C, 0x394 },
    { 0x1DA0, 0x1DA0, 0x395 },
    { 0x1DBB, 0x1DBB, 0x396 },
    { 0x1DBF, 0x1DBF, 0x397 },
    { 0x1EA0, 0x1EF9, 0x398 },
    { 0x2000, 0x200B, 0x3F2 },
    { 0x2010, 0x2027, 0x3FE },
    { 0x202F, 0x2055, 0x416 },
    { 0x2057, 0x2057, 0x43D },
    { 0x205F, 0x205F, 0x43E },
    { 0x2070, 0x2071, 0x43F },
    { 0x2074, 0x208E, 0x441 },
    { 0x2090, 0x209C, 0x45C },
    { 0x20A0, 0x20AF, 0x469 },
    { 0x20B1, 0x20B5, 0x479 },
    { 0x20B8, 0x20BA, 0x47E },
    { 0x20BC, 0x20BF, 0x481 },
    { 0x2190, 0x2199, 0x485 },
    { 0x21A9, 0x21AA, 0x48F },
    { 0x21B0, 0x21B1, 0x491 },
    { 0x21B3, 0x21B5, 0x493 },
    { 0x21BA, 0x21BB, 0x496 },
    { 0x21D0, 0x21D0, 0x498 },
    { 0x21D2, 0x21D2, 0x499 },
    { 0x21D4, 0x21D4, 0x49A },
    { 0x21DE, 0x21DF, 0x49B },
    { 0x21E4, 0x21E5, 0x49D },
    { 0x21E7, 0x21E7, 0x49F },
    { 0x21EA, 0x21EA, 0x4A0 },
    { 0x2202, 0x2202, 0x4A1 },
    { 0x2205, 0x2206, 0x4A2 },
    { 0x220F, 0x220F, 0x4A4 },
    { 0x2211, 0x2212, 0x4A5 },
    { 0x221A, 0x221A, 0x4A7 },
    { 0x221E, 0x221E, 0x4A8 },
    { 0x222B, 0x222B, 0x4A9 },
    { 0x2236, 0x2236, 0x4AA },
    { 0x2248, 0x2248, 0x4AB },
    { 0x2260, 0x2260, 0x4AC },
    { 0x2264, 0x2265, 0x4AD },
    { 0x2295, 0x2298, 0x4AF },
};

static const EpdKernClassEntry inter_14_ipa_fallbackKernLeftClasses[] = {
    { 0x0022, 1 }, // "
    { 0x0024, 2 }, // $
    { 0x0025, 3 }, // %
    { 0x0026, 4 }, // &
    { 0x0027, 1 }, // '
    { 0x0028, 5 }, // (
    { 0x0029, 6 }, // )
    { 0x002A, 7 }, // *
    { 0x002B, 8 }, // +
    { 0x002C, 9 }, // ,
    { 0x002D, 8 }, // -
    { 0x002E, 9 }, // .
    { 0x002F, 10 }, // /
    { 0x0030, 11 }, // 0
    { 0x0031, 12 }, // 1
    { 0x0032, 13 }, // 2
    { 0x0033, 14 }, // 3
    { 0x0034, 15 }, // 4
    { 0x0035, 16 }, // 5
    { 0x0036, 17 }, // 6
    { 0x0037, 18 }, // 7
    { 0x0038, 14 }, // 8
    { 0x0039, 11 }, // 9
    { 0x003A, 19 }, // :
    { 0x003B, 19 }, // ;
    { 0x003D, 20 }, // =
    { 0x003E, 21 }, // >
    { 0x003F, 22 }, // ?
    { 0x0040, 23 }, // @
    { 0x0041, 24 }, // A
    { 0x0042, 25 }, // B
    { 0x0043, 26 }, // C
    { 0x0044, 23 }, // D
    { 0x0045, 27 }, // E
    { 0x0046, 28 }, // F
    { 0x0047, 29 }, // G
    { 0x0048, 12 }, // H
    { 0x0049, 12 }, // I
    { 0x004A, 30 }, // J
    { 0x004B, 31 }, // K
    { 0x004C, 32 }, // L
    { 0x004D, 12 }, // M
    { 0x004E, 12 }, // N
    { 0x004F, 23 }, // O
    { 0x0050, 33 }, // P
    { 0x0051, 23 }, // Q
    { 0x0052, 34 }, // R
    { 0x0053, 2 }, // S
    { 0x0054, 35 }, // T
    { 0x0055, 30 }, // U
    { 0x0056, 36 }, // V
    { 0x0057, 37 }, // W
    { 0x0058, 38 }, // X
    { 0x0059, 39 }, // Y
    { 0x005A, 40 }, // Z
    { 0x005B, 41 }, // [
    { 0x005C, 42 }, // <backslash>
    { 0x005D, 6 }, // ]
    { 0x005E, 7 }, // ^
    { 0x005F, 43 }, // _
    { 0x0061, 44 }, // a
    { 0x0062, 45 }, // b
    { 0x0063, 45 }, // c
    { 0x0064, 12 }, // d
    { 0x0065, 45 }, // e
    { 0x0066, 46 }, // f
    { 0x0067, 47 }, // g
    { 0x0068, 44 }, // h
    { 0x0069, 48 }, // i
    { 0x006A, 48 }, // j
    { 0x006B, 49 }, // k
    { 0x006C, 12 }, // l
    { 0x006D, 44 }, // m
    { 0x006E, 44 }, // n
    { 0x006F, 45 }, // o
    { 0x0070, 45 }, // p
    { 0x0071, 47 }, // q
    { 0x0072, 50 }, // r
    { 0x0073, 51 }, // s
    { 0x0074, 52 }, // t
    { 0x0075, 53 }, // u
    { 0x0076, 54 }, // v
    { 0x0077, 55 }, // w
    { 0x0078, 56 }, // x
    { 0x0079, 54 }, // y
    { 0x007A, 57 }, // z
    { 0x007B, 5 }, // {
    { 0x007C, 12 }, // |
    { 0x007D, 6 }, // }
    { 0x007E, 58 }, // ~
    { 0x00A1, 59 }, // U+00A1
    { 0x00A2, 45 }, // U+00A2
    { 0x00A5, 60 }, // U+00A5
    { 0x00A9, 23 }, // U+00A9
    { 0x00AA, 61 }, // U+00AA
    { 0x00AB, 62 }, // U+00AB
    { 0x00AC, 47 }, // U+00AC
    { 0x00AE, 63 }, // U+00AE
    { 0x00B0, 7 }, // U+00B0
    { 0x00B1, 20 }, // U+00B1
    { 0x00B2, 64 }, // U+00B2
    { 0x00B5, 65 }, // U+00B5
    { 0x00B6, 12 }, // U+00B6
    { 0x00B7, 66 }, // U+00B7
    { 0x00B9, 67 }, // U+00B9
    { 0x00BA, 61 }, // U+00BA
    { 0x00BB, 68 }, // U+00BB
    { 0x00BF, 69 }, // U+00BF
    { 0x00C0, 24 }, // U+00C0
    { 0x00C1, 24 }, // U+00C1
    { 0x00C2, 24 }, // U+00C2
    { 0x00C3, 24 }, // U+00C3
    { 0x00C4, 24 }, // U+00C4
    { 0x00C5, 24 }, // U+00C5
    { 0x00C6, 27 }, // U+00C6
    { 0x00C7, 26 }, // U+00C7
    { 0x00C8, 27 }, // U+00C8
    { 0x00C9, 27 }, // U+00C9
    { 0x00CA, 27 }, // U+00CA
    { 0x00CB, 27 }, // U+00CB
    { 0x00CC, 12 }, // U+00CC
    { 0x00CD, 12 }, // U+00CD
    { 0x00CE, 70 }, // U+00CE
    { 0x00CF, 70 }, // U+00CF
    { 0x00D0, 23 }, // U+00D0
    { 0x00D1, 12 }, // U+00D1
    { 0x00D2, 23 }, // U+00D2
    { 0x00D3, 23 }, // U+00D3
    { 0x00D4, 23 }, // U+00D4
    { 0x00D5, 23 }, // U+00D5
    { 0x00D6, 23 }, // U+00D6
    { 0x00D7, 71 }, // U+00D7
    { 0x00D8, 23 }, // U+00D8
    { 0x00D9, 30 }, // U+00D9
    { 0x00DA, 30 }, // U+00DA
    { 0x00DB, 30 }, // U+00DB
    { 0x00DC, 30 }, // U+00DC
    { 0x00DD, 39 }, // U+00DD
    { 0x00DE, 72 }, // U+00DE
    { 0x00DF, 73 }, // U+00DF
    { 0x00E0, 44 }, // U+00E0
    { 0x00E1, 44 }, // U+00E1
    { 0x00E2, 44 }, // U+00E2
    { 0x00E3, 44 }, // U+00E3
    { 0x00E4, 44 }, // U+00E4
    { 0x00E5, 44 }, // U+00E5
    { 0x00E6, 74 }, // U+00E6
    { 0x00E7, 45 }, // U+00E7
    { 0x00E8, 45 }, // U+00E8
    { 0x00E9, 45 }, // U+00E9
    { 0x00EA, 45 }, // U+00EA
    { 0x00EB, 45 }, // U+00EB
    { 0x00EC, 48 }, // U+00EC
    { 0x00ED, 48 }, // U+00ED
    { 0x00EE, 75 }, // U+00EE
    { 0x00EF, 76 }, // U+00EF
    { 0x00F0, 45 }, // U+00F0
    { 0x00F1, 77 }, // U+00F1
    { 0x00F2, 45 }, // U+00F2
    { 0x00F3, 45 }, // U+00F3
    { 0x00F4, 45 }, // U+00F4
    { 0x00F5, 78 }, // U+00F5
    { 0x00F6, 78 }, // U+00F6
    { 0x00F7, 8 }, // U+00F7
    { 0x00F8, 45 }, // U+00F8
    { 0x00F9, 53 }, // U+00F9
    { 0x00FA, 53 }, // U+00FA
    { 0x00FB, 53 }, // U+00FB
    { 0x00FC, 53 }, // U+00FC
    { 0x00FD, 54 }, // U+00FD
    { 0x00FE, 45 }, // U+00FE
    { 0x00FF, 54 }, // U+00FF
    { 0x0100, 24 }, // U+0100
    { 0x0101, 79 }, // U+0101
    { 0x0102, 24 }, // U+0102
    { 0x0103, 44 }, // U+0103
    { 0x0104, 24 }, // U+0104
    { 0x0105, 44 }, // U+0105
    { 0x0106, 26 }, // U+0106
    { 0x0107, 45 }, // U+0107
    { 0x0108, 26 }, // U+0108
    { 0x0109, 45 }, // U+0109
    { 0x010A, 26 }, // U+010A
    { 0x010B, 45 }, // U+010B
    { 0x010C, 26 }, // U+010C
    { 0x010D, 45 }, // U+010D
    { 0x010E, 23 }, // U+010E
    { 0x010F, 80 }, // U+010F
    { 0x0111, 81 }, // U+0111
    { 0x0112, 27 }, // U+0112
    { 0x0113, 45 }, // U+0113
    { 0x0114, 27 }, // U+0114
    { 0x0115, 45 }, // U+0115
    { 0x0116, 27 }, // U+0116
    { 0x0117, 45 }, // U+0117
    { 0x0118, 27 }, // U+0118
    { 0x0119, 45 }, // U+0119
    { 0x011A, 27 }, // U+011A
    { 0x011B, 45 }, // U+011B
    { 0x011C, 29 }, // U+011C
    { 0x011D, 47 }, // U+011D
    { 0x011E, 29 }, // U+011E
    { 0x011F, 47 }, // U+011F
    { 0x0120, 29 }, // U+0120
    { 0x0121, 47 }, // U+0121
    { 0x0122, 29 }, // U+0122
    { 0x0123, 47 }, // U+0123
    { 0x0124, 12 }, // U+0124
    { 0x0125, 44 }, // U+0125
    { 0x0126, 12 }, // U+0126
    { 0x0127, 44 }, // U+0127
    { 0x0128, 70 }, // U+0128
    { 0x0129, 82 }, // U+0129
    { 0x012A, 70 }, // U+012A
    { 0x012B, 83 }, // U+012B
    { 0x012C, 70 }, // U+012C
    { 0x012D, 84 }, // U+012D
    { 0x012E, 12 }, // U+012E
    { 0x012F, 48 }, // U+012F
    { 0x0130, 12 }, // U+0130
    { 0x0131, 48 }, // U+0131
    { 0x0133, 48 }, // U+0133
    { 0x0134, 30 }, // U+0134
    { 0x0135, 85 }, // U+0135
    { 0x0136, 31 }, // U+0136
    { 0x0137, 49 }, // U+0137
    { 0x0138, 49 }, // U+0138
    { 0x0139, 86 }, // U+0139
    { 0x013A, 87 }, // U+013A
    { 0x013B, 32 }, // U+013B
    { 0x013C, 12 }, // U+013C
    { 0x013D, 88 }, // U+013D
    { 0x013E, 12 }, // U+013E
    { 0x013F, 89 }, // U+013F
    { 0x0140, 90 }, // U+0140
    { 0x0141, 91 }, // U+0141
    { 0x0142, 92 }, // U+0142
    { 0x0143, 12 }, // U+0143
    { 0x0144, 44 }, // U+0144
    { 0x0145, 12 }, // U+0145
    { 0x0146, 44 }, // U+0146
    { 0x0147, 12 }, // U+0147
    { 0x0148, 44 }, // U+0148
    { 0x014A, 12 }, // U+014A
    { 0x014C, 23 }, // U+014C
    { 0x014D, 45 }, // U+014D
    { 0x014E, 23 }, // U+014E
    { 0x014F, 45 }, // U+014F
    { 0x0150, 23 }, // U+0150
    { 0x0151, 45 }, // U+0151
    { 0x0152, 27 }, // U+0152
    { 0x0153, 45 }, // U+0153
    { 0x0154, 34 }, // U+0154
    { 0x0155, 50 }, // U+0155
    { 0x0156, 34 }, // U+0156
    { 0x0157, 50 }, // U+0157
    { 0x0158, 34 }, // U+0158
    { 0x0159, 50 }, // U+0159
    { 0x015A, 2 }, // U+015A
    { 0x015B, 51 }, // U+015B
    { 0x015C, 2 }, // U+015C
    { 0x015D, 51 }, // U+015D
    { 0x015E, 2 }, // U+015E
    { 0x015F, 51 }, // U+015F
    { 0x0160, 2 }, // U+0160
    { 0x0161, 51 }, // U+0161
    { 0x0162, 93 }, // U+0162
    { 0x0163, 52 }, // U+0163
    { 0x0164, 94 }, // U+0164
    { 0x0165, 52 }, // U+0165
    { 0x0166, 95 }, // U+0166
    { 0x0167, 52 }, // U+0167
    { 0x0168, 30 }, // U+0168
    { 0x0169, 53 }, // U+0169
    { 0x016A, 30 }, // U+016A
    { 0x016B, 53 }, // U+016B
    { 0x016C, 30 }, // U+016C
    { 0x016D, 53 }, // U+016D
    { 0x016E, 30 }, // U+016E
    { 0x016F, 53 }, // U+016F
    { 0x0170, 30 }, // U+0170
    { 0x0171, 53 }, // U+0171
    { 0x0172, 30 }, // U+0172
    { 0x0173, 53 }, // U+0173
    { 0x0174, 37 }, // U+0174
    { 0x0175, 55 }, // U+0175
    { 0x0176, 39 }, // U+0176
    { 0x0177, 54 }, // U+0177
    { 0x0178, 39 }, // U+0178
    { 0x0179, 40 }, // U+0179
    { 0x017A, 57 }, // U+017A
    { 0x017B, 40 }, // U+017B
    { 0x017C, 57 }, // U+017C
    { 0x017D, 40 }, // U+017D
    { 0x017E, 57 }, // U+017E
    { 0x017F, 96 }, // U+017F
    { 0x01A0, 97 }, // U+01A0
    { 0x01A1, 98 }, // U+01A1
    { 0x01AF, 99 }, // U+01AF
    { 0x01B0, 100 }, // U+01B0
    { 0x01C5, 101 }, // U+01C5
    { 0x01C6, 57 }, // U+01C6
    { 0x01C8, 48 }, // U+01C8
    { 0x01C9, 48 }, // U+01C9
    { 0x01CB, 48 }, // U+01CB
    { 0x01CC, 48 }, // U+01CC
    { 0x01CD, 24 }, // U+01CD
    { 0x01CE, 44 }, // U+01CE
    { 0x01CF, 87 }, // U+01CF
    { 0x01D0, 102 }, // U+01D0
    { 0x01D1, 23 }, // U+01D1
    { 0x01D2, 45 }, // U+01D2
    { 0x01D3, 30 }, // U+01D3
    { 0x01D4, 53 }, // U+01D4
    { 0x01D5, 30 }, // U+01D5
    { 0x01D6, 53 }, // U+01D6
    { 0x01D7, 30 }, // U+01D7
    { 0x01D8, 53 }, // U+01D8
    { 0x01D9, 30 }, // U+01D9
    { 0x01DA, 53 }, // U+01DA
    { 0x01DB, 30 }, // U+01DB
    { 0x01DC, 53 }, // U+01DC
    { 0x01DD, 103 }, // U+01DD
    { 0x01DE, 24 }, // U+01DE
    { 0x01DF, 44 }, // U+01DF
    { 0x01E0, 24 }, // U+01E0
    { 0x01E1, 44 }, // U+01E1
    { 0x01E2, 27 }, // U+01E2
    { 0x01E3, 74 }, // U+01E3
    { 0x01E4, 29 }, // U+01E4
    { 0x01E5, 47 }, // U+01E5
    { 0x01E6, 29 }, // U+01E6
    { 0x01E7, 47 }, // U+01E7
    { 0x01E8, 31 }, // U+01E8
    { 0x01E9, 49 }, // U+01E9
    { 0x01EA, 23 }, // U+01EA
    { 0x01EB, 45 }, // U+01EB
    { 0x01EC, 23 }, // U+01EC
    { 0x01ED, 45 }, // U+01ED
    { 0x01F0, 48 }, // U+01F0
    { 0x01F1, 104 }, // U+01F1
    { 0x01F2, 57 }, // U+01F2
    { 0x01F3, 57 }, // U+01F3
    { 0x01F4, 29 }, // U+01F4
    { 0x01F5, 47 }, // U+01F5
    { 0x01F6, 105 }, // U+01F6
    { 0x01F8, 12 }, // U+01F8
    { 0x01F9, 44 }, // U+01F9
    { 0x01FA, 24 }, // U+01FA
    { 0x01FB, 44 }, // U+01FB
    { 0x01FC, 27 }, // U+01FC
    { 0x01FD, 74 }, // U+01FD
    { 0x01FE, 23 }, // U+01FE
    { 0x01FF, 45 }, // U+01FF
    { 0x0200, 24 }, // U+0200
    { 0x0201, 44 }, // U+0201
    { 0x0202, 24 }, // U+0202
    { 0x0203, 44 }, // U+0203
    { 0x0204, 27 }, // U+0204
    { 0x0205, 45 }, // U+0205
    { 0x0206, 27 }, // U+0206
    { 0x0207, 45 }, // U+0207
    { 0x0208, 106 }, // U+0208
    { 0x0209, 107 }, // U+0209
    { 0x020A, 70 }, // U+020A
    { 0x020B, 108 }, // U+020B
    { 0x020C, 23 }, // U+020C
    { 0x020D, 45 }, // U+020D
    { 0x020E, 23 }, // U+020E
    { 0x020F, 45 }, // U+020F
    { 0x0210, 34 }, // U+0210
    { 0x0211, 50 }, // U+0211
    { 0x0212, 34 }, // U+0212
    { 0x0213, 50 }, // U+0213
    { 0x0214, 30 }, // U+0214
    { 0x0215, 53 }, // U+0215
    { 0x0216, 30 }, // U+0216
    { 0x0217, 53 }, // U+0217
    { 0x0218, 2 }, // U+0218
    { 0x0219, 51 }, // U+0219
    { 0x021A, 35 }, // U+021A
    { 0x021B, 52 }, // U+021B
    { 0x021E, 12 }, // U+021E
    { 0x021F, 44 }, // U+021F
    { 0x0250, 74 }, // U+0250
    { 0x0253, 103 }, // U+0253
    { 0x0256, 109 }, // U+0256
    { 0x0257, 110 }, // U+0257
    { 0x0259, 103 }, // U+0259
    { 0x025F, 52 }, // U+025F
    { 0x0260, 111 }, // U+0260
    { 0x0263, 112 }, // U+0263
    { 0x0265, 47 }, // U+0265
    { 0x0266, 79 }, // U+0266
    { 0x0267, 79 }, // U+0267
    { 0x0268, 52 }, // U+0268
    { 0x026B, 12 }, // U+026B
    { 0x026C, 52 }, // U+026C
    { 0x026D, 109 }, // U+026D
    { 0x026E, 44 }, // U+026E
    { 0x026F, 105 }, // U+026F
    { 0x0270, 47 }, // U+0270
    { 0x0271, 44 }, // U+0271
    { 0x0272, 79 }, // U+0272
    { 0x0273, 109 }, // U+0273
    { 0x0275, 45 }, // U+0275
    { 0x0279, 44 }, // U+0279
    { 0x027B, 109 }, // U+027B
    { 0x027E, 50 }, // U+027E
    { 0x027F, 44 }, // U+027F
    { 0x0282, 51 }, // U+0282
    { 0x0287, 52 }, // U+0287
    { 0x0288, 109 }, // U+0288
    { 0x0289, 53 }, // U+0289
    { 0x028C, 24 }, // U+028C
    { 0x028E, 46 }, // U+028E
    { 0x028F, 54 }, // U+028F
    { 0x0290, 109 }, // U+0290
    { 0x029A, 45 }, // U+029A
    { 0x029C, 44 }, // U+029C
    { 0x029D, 48 }, // U+029D
    { 0x029E, 44 }, // U+029E
    { 0x02A0, 46 }, // U+02A0
    { 0x02A3, 57 }, // U+02A3
    { 0x02A4, 113 }, // U+02A4
    { 0x02A6, 51 }, // U+02A6
    { 0x02A8, 74 }, // U+02A8
    { 0x02A9, 79 }, // U+02A9
    { 0x02AA, 51 }, // U+02AA
    { 0x02AE, 47 }, // U+02AE
    { 0x02AF, 109 }, // U+02AF
    { 0x02B2, 114 }, // U+02B2
    { 0x02B3, 115 }, // U+02B3
    { 0x02B7, 116 }, // U+02B7
    { 0x02B8, 117 }, // U+02B8
    { 0x02BC, 118 }, // U+02BC
    { 0x02D2, 119 }, // U+02D2
    { 0x02D3, 119 }, // U+02D3
    { 0x02E1, 67 }, // U+02E1
    { 0x02E2, 120 }, // U+02E2
    { 0x02E3, 121 }, // U+02E3
    { 0x02EE, 118 }, // U+02EE
    { 0x0400, 27 }, // U+0400
    { 0x0401, 27 }, // U+0401
    { 0x0402, 45 }, // U+0402
    { 0x0403, 35 }, // U+0403
    { 0x0404, 98 }, // U+0404
    { 0x0405, 2 }, // U+0405
    { 0x0406, 12 }, // U+0406
    { 0x0407, 70 }, // U+0407
    { 0x0408, 30 }, // U+0408
    { 0x0409, 45 }, // U+0409
    { 0x040A, 45 }, // U+040A
    { 0x040B, 44 }, // U+040B
    { 0x040C, 31 }, // U+040C
    { 0x040D, 12 }, // U+040D
    { 0x040F, 12 }, // U+040F
    { 0x0410, 24 }, // U+0410
    { 0x0411, 25 }, // U+0411
    { 0x0412, 25 }, // U+0412
    { 0x0413, 35 }, // U+0413
    { 0x0414, 122 }, // U+0414
    { 0x0415, 27 }, // U+0415
    { 0x0416, 123 }, // U+0416
    { 0x0417, 14 }, // U+0417
    { 0x0418, 12 }, // U+0418
    { 0x0419, 12 }, // U+0419
    { 0x041A, 31 }, // U+041A
    { 0x041B, 12 }, // U+041B
    { 0x041C, 12 }, // U+041C
    { 0x041D, 12 }, // U+041D
    { 0x041E, 23 }, // U+041E
    { 0x041F, 12 }, // U+041F
    { 0x0420, 33 }, // U+0420
    { 0x0421, 26 }, // U+0421
    { 0x0422, 35 }, // U+0422
    { 0x0423, 39 }, // U+0423
    { 0x0424, 124 }, // U+0424
    { 0x0425, 38 }, // U+0425
    { 0x0426, 122 }, // U+0426
    { 0x0427, 12 }, // U+0427
    { 0x0428, 12 }, // U+0428
    { 0x0429, 122 }, // U+0429
    { 0x042A, 45 }, // U+042A
    { 0x042B, 12 }, // U+042B
    { 0x042C, 45 }, // U+042C
    { 0x042D, 23 }, // U+042D
    { 0x042E, 125 }, // U+042E
    { 0x0430, 44 }, // U+0430
    { 0x0432, 51 }, // U+0432
    { 0x0433, 50 }, // U+0433
    { 0x0434, 126 }, // U+0434
    { 0x0435, 45 }, // U+0435
    { 0x0436, 56 }, // U+0436
    { 0x0437, 44 }, // U+0437
    { 0x0438, 44 }, // U+0438
    { 0x0439, 44 }, // U+0439
    { 0x043A, 49 }, // U+043A
    { 0x043B, 44 }, // U+043B
    { 0x043C, 44 }, // U+043C
    { 0x043D, 44 }, // U+043D
    { 0x043E, 45 }, // U+043E
    { 0x043F, 44 }, // U+043F
    { 0x0440, 45 }, // U+0440
    { 0x0441, 45 }, // U+0441
    { 0x0442, 127 }, // U+0442
    { 0x0443, 54 }, // U+0443
    { 0x0444, 45 }, // U+0444
    { 0x0445, 56 }, // U+0445
    { 0x0446, 126 }, // U+0446
    { 0x0447, 44 }, // U+0447
    { 0x0448, 44 }, // U+0448
    { 0x0449, 126 }, // U+0449
    { 0x044A, 128 }, // U+044A
    { 0x044B, 48 }, // U+044B
    { 0x044C, 128 }, // U+044C
    { 0x044D, 45 }, // U+044D
    { 0x044E, 45 }, // U+044E
    { 0x044F, 44 }, // U+044F
    { 0x0450, 45 }, // U+0450
    { 0x0451, 45 }, // U+0451
    { 0x0452, 44 }, // U+0452
    { 0x0453, 50 }, // U+0453
    { 0x0454, 45 }, // U+0454
    { 0x0455, 51 }, // U+0455
    { 0x0456, 48 }, // U+0456
    { 0x0457, 76 }, // U+0457
    { 0x0458, 48 }, // U+0458
    { 0x0459, 128 }, // U+0459
    { 0x045A, 128 }, // U+045A
    { 0x045B, 44 }, // U+045B
    { 0x045C, 49 }, // U+045C
    { 0x045D, 44 }, // U+045D
    { 0x045E, 54 }, // U+045E
    { 0x045F, 53 }, // U+045F
    { 0x0460, 12 }, // U+0460
    { 0x0462, 45 }, // U+0462
    { 0x0463, 45 }, // U+0463
    { 0x0464, 26 }, // U+0464
    { 0x0465, 45 }, // U+0465
    { 0x0466, 24 }, // U+0466
    { 0x0467, 24 }, // U+0467
    { 0x0468, 24 }, // U+0468
    { 0x046E, 25 }, // U+046E
    { 0x0472, 23 }, // U+0472
    { 0x0473, 45 }, // U+0473
    { 0x0474, 36 }, // U+0474
    { 0x0475, 54 }, // U+0475
    { 0x0476, 36 }, // U+0476
    { 0x0477, 54 }, // U+0477
    { 0x0479, 46 }, // U+0479
    { 0x0481, 45 }, // U+0481
    { 0x048A, 12 }, // U+048A
    { 0x048B, 52 }, // U+048B
    { 0x048C, 45 }, // U+048C
    { 0x048D, 45 }, // U+048D
    { 0x048E, 33 }, // U+048E
    { 0x048F, 45 }, // U+048F
    { 0x0490, 35 }, // U+0490
    { 0x0491, 50 }, // U+0491
    { 0x0492, 35 }, // U+0492
    { 0x0493, 50 }, // U+0493
    { 0x0497, 56 }, // U+0497
    { 0x0498, 14 }, // U+0498
    { 0x049A, 31 }, // U+049A
    { 0x049B, 49 }, // U+049B
    { 0x049C, 31 }, // U+049C
    { 0x049D, 49 }, // U+049D
    { 0x04A0, 31 }, // U+04A0
    { 0x04A1, 49 }, // U+04A1
    { 0x04A2, 52 }, // U+04A2
    { 0x04A3, 52 }, // U+04A3
    { 0x04A4, 35 }, // U+04A4
    { 0x04A5, 50 }, // U+04A5
    { 0x04A6, 45 }, // U+04A6
    { 0x04A7, 128 }, // U+04A7
    { 0x04A9, 74 }, // U+04A9
    { 0x04AA, 26 }, // U+04AA
    { 0x04AB, 45 }, // U+04AB
    { 0x04AC, 35 }, // U+04AC
    { 0x04AD, 50 }, // U+04AD
    { 0x04AE, 39 }, // U+04AE
    { 0x04AF, 54 }, // U+04AF
    { 0x04B0, 129 }, // U+04B0
    { 0x04B1, 54 }, // U+04B1
    { 0x04B3, 56 }, // U+04B3
    { 0x04B5, 126 }, // U+04B5
    { 0x04B7, 52 }, // U+04B7
    { 0x04B9, 44 }, // U+04B9
    { 0x04BA, 44 }, // U+04BA
    { 0x04BB, 44 }, // U+04BB
    { 0x04BD, 45 }, // U+04BD
    { 0x04BF, 74 }, // U+04BF
    { 0x04C0, 12 }, // U+04C0
    { 0x04C1, 38 }, // U+04C1
    { 0x04C3, 25 }, // U+04C3
    { 0x04C4, 44 }, // U+04C4
    { 0x04C6, 52 }, // U+04C6
    { 0x04C7, 12 }, // U+04C7
    { 0x04C8, 44 }, // U+04C8
    { 0x04C9, 52 }, // U+04C9
    { 0x04CA, 52 }, // U+04CA
    { 0x04CC, 44 }, // U+04CC
    { 0x04CD, 12 }, // U+04CD
    { 0x04CE, 52 }, // U+04CE
    { 0x04CF, 12 }, // U+04CF
    { 0x04D0, 24 }, // U+04D0
    { 0x04D1, 44 }, // U+04D1
    { 0x04D2, 24 }, // U+04D2
    { 0x04D3, 44 }, // U+04D3
    { 0x04D4, 27 }, // U+04D4
    { 0x04D5, 74 }, // U+04D5
    { 0x04D6, 27 }, // U+04D6
    { 0x04D7, 45 }, // U+04D7
    { 0x04D9, 45 }, // U+04D9
    { 0x04DA, 23 }, // U+04DA
    { 0x04DB, 45 }, // U+04DB
    { 0x04DC, 38 }, // U+04DC
    { 0x04E0, 14 }, // U+04E0
    { 0x04E2, 12 }, // U+04E2
    { 0x04E3, 44 }, // U+04E3
    { 0x04E4, 12 }, // U+04E4
    { 0x04E5, 44 }, // U+04E5
    { 0x04E6, 23 }, // U+04E6
    { 0x04E7, 45 }, // U+04E7
    { 0x04E8, 23 }, // U+04E8
    { 0x04E9, 45 }, // U+04E9
    { 0x04EA, 23 }, // U+04EA
    { 0x04EB, 45 }, // U+04EB
    { 0x04ED, 45 }, // U+04ED
    { 0x04EF, 54 }, // U+04EF
    { 0x04F1, 54 }, // U+04F1
    { 0x04F3, 54 }, // U+04F3
    { 0x04F5, 44 }, // U+04F5
    { 0x04F6, 35 }, // U+04F6
    { 0x04F7, 50 }, // U+04F7
    { 0x04F9, 44 }, // U+04F9
    { 0x04FA, 35 }, // U+04FA
    { 0x04FB, 50 }, // U+04FB
    { 0x04FC, 38 }, // U+04FC
    { 0x04FD, 56 }, // U+04FD
    { 0x04FE, 38 }, // U+04FE
    { 0x04FF, 56 }, // U+04FF
    { 0x1D00, 24 }, // U+1D00
    { 0x1D1B, 50 }, // U+1D1B
    { 0x1D47, 130 }, // U+1D47
    { 0x1D48, 67 }, // U+1D48
    { 0x1D49, 130 }, // U+1D49
    { 0x1D4F, 131 }, // U+1D4F
    { 0x1D52, 130 }, // U+1D52
    { 0x1D56, 130 }, // U+1D56
    { 0x1D57, 132 }, // U+1D57
    { 0x1D58, 133 }, // U+1D58
    { 0x1D5B, 117 }, // U+1D5B
    { 0x1D62, 134 }, // U+1D62
    { 0x1D63, 134 }, // U+1D63
    { 0x1D64, 134 }, // U+1D64
    { 0x1D65, 134 }, // U+1D65
    { 0x1D9C, 130 }, // U+1D9C
    { 0x1DA0, 135 }, // U+1DA0
    { 0x1DBB, 136 }, // U+1DBB
    { 0x1EA0, 24 }, // U+1EA0
    { 0x1EA1, 44 }, // U+1EA1
    { 0x1EA2, 24 }, // U+1EA2
    { 0x1EA3, 44 }, // U+1EA3
    { 0x1EA4, 24 }, // U+1EA4
    { 0x1EA5, 44 }, // U+1EA5
    { 0x1EA6, 24 }, // U+1EA6
    { 0x1EA7, 44 }, // U+1EA7
    { 0x1EA8, 24 }, // U+1EA8
    { 0x1EA9, 44 }, // U+1EA9
    { 0x1EAA, 24 }, // U+1EAA
    { 0x1EAB, 44 }, // U+1EAB
    { 0x1EAC, 24 }, // U+1EAC
    { 0x1EAD, 44 }, // U+1EAD
    { 0x1EAE, 24 }, // U+1EAE
    { 0x1EAF, 44 }, // U+1EAF
    { 0x1EB0, 24 }, // U+1EB0
    { 0x1EB1, 44 }, // U+1EB1
    { 0x1EB2, 24 }, // U+1EB2
    { 0x1EB3, 44 }, // U+1EB3
    { 0x1EB4, 24 }, // U+1EB4
    { 0x1EB5, 44 }, // U+1EB5
    { 0x1EB6, 24 }, // U+1EB6
    { 0x1EB7, 44 }, // U+1EB7
    { 0x1EB8, 27 }, // U+1EB8
    { 0x1EB9, 45 }, // U+1EB9
    { 0x1EBA, 27 }, // U+1EBA
    { 0x1EBB, 45 }, // U+1EBB
    { 0x1EBC, 27 }, // U+1EBC
    { 0x1EBD, 45 }, // U+1EBD
    { 0x1EBE, 27 }, // U+1EBE
    { 0x1EBF, 45 }, // U+1EBF
    { 0x1EC0, 27 }, // U+1EC0
    { 0x1EC1, 45 }, // U+1EC1
    { 0x1EC2, 27 }, // U+1EC2
    { 0x1EC3, 45 }, // U+1EC3
    { 0x1EC4, 27 }, // U+1EC4
    { 0x1EC5, 45 }, // U+1EC5
    { 0x1EC6, 27 }, // U+1EC6
    { 0x1EC7, 45 }, // U+1EC7
    { 0x1EC8, 12 }, // U+1EC8
    { 0x1EC9, 107 }, // U+1EC9
    { 0x1ECA, 12 }, // U+1ECA
    { 0x1ECB, 137 }, // U+1ECB
    { 0x1ECC, 23 }, // U+1ECC
    { 0x1ECD, 45 }, // U+1ECD
    { 0x1ECE, 23 }, // U+1ECE
    { 0x1ECF, 45 }, // U+1ECF
    { 0x1ED0, 23 }, // U+1ED0
    { 0x1ED1, 45 }, // U+1ED1
    { 0x1ED2, 23 }, // U+1ED2
    { 0x1ED3, 45 }, // U+1ED3
    { 0x1ED4, 23 }, // U+1ED4
    { 0x1ED5, 138 }, // U+1ED5
    { 0x1ED6, 23 }, // U+1ED6
    { 0x1ED7, 45 }, // U+1ED7
    { 0x1ED8, 23 }, // U+1ED8
    { 0x1ED9, 45 }, // U+1ED9
    { 0x1EDA, 23 }, // U+1EDA
    { 0x1EDB, 45 }, // U+1EDB
    { 0x1EDC, 23 }, // U+1EDC
    { 0x1EDD, 45 }, // U+1EDD
    { 0x1EDE, 23 }, // U+1EDE
    { 0x1EDF, 45 }, // U+1EDF
    { 0x1EE0, 23 }, // U+1EE0
    { 0x1EE1, 45 }, // U+1EE1
    { 0x1EE2, 23 }, // U+1EE2
    { 0x1EE3, 45 }, // U+1EE3
    { 0x1EE4, 30 }, // U+1EE4
    { 0x1EE5, 53 }, // U+1EE5
    { 0x1EE6, 30 }, // U+1EE6
    { 0x1EE7, 53 }, // U+1EE7
    { 0x1EE8, 139 }, // U+1EE8
    { 0x1EE9, 53 }, // U+1EE9
    { 0x1EEA, 139 }, // U+1EEA
    { 0x1EEB, 53 }, // U+1EEB
    { 0x1EEC, 139 }, // U+1EEC
    { 0x1EED, 100 }, // U+1EED
    { 0x1EEE, 139 }, // U+1EEE
    { 0x1EEF, 53 }, // U+1EEF
    { 0x1EF0, 139 }, // U+1EF0
    { 0x1EF1, 53 }, // U+1EF1
    { 0x1EF2, 39 }, // U+1EF2
    { 0x1EF3, 54 }, // U+1EF3
    { 0x1EF4, 140 }, // U+1EF4
    { 0x1EF5, 54 }, // U+1EF5
    { 0x1EF6, 140 }, // U+1EF6
    { 0x1EF7, 54 }, // U+1EF7
    { 0x1EF8, 140 }, // U+1EF8
    { 0x1EF9, 54 }, // U+1EF9
    { 0x2018, 141 }, // U+2018
    { 0x201A, 142 }, // U+201A
    { 0x201C, 141 }, // U+201C
    { 0x201E, 142 }, // U+201E
    { 0x2020, 61 }, // U+2020
    { 0x2021, 61 }, // U+2021
    { 0x2022, 119 }, // U+2022
    { 0x2023, 119 }, // U+2023
    { 0x2026, 143 }, // U+2026
    { 0x2034, 118 }, // U+2034
    { 0x2039, 62 }, // U+2039
    { 0x203A, 68 }, // U+203A
    { 0x203D, 22 }, // U+203D
    { 0x2043, 119 }, // U+2043
    { 0x204B, 33 }, // U+204B
    { 0x204C, 44 }, // U+204C
    { 0x204D, 119 }, // U+204D
    { 0x204F, 19 }, // U+204F
    { 0x2071, 114 }, // U+2071
    { 0x2074, 144 }, // U+2074
    { 0x2077, 145 }, // U+2077
    { 0x207A, 146 }, // U+207A
    { 0x207B, 146 }, // U+207B
    { 0x207C, 147 }, // U+207C
    { 0x207D, 148 }, // U+207D
    { 0x2080, 134 }, // U+2080
    { 0x2081, 134 }, // U+2081
    { 0x2082, 134 }, // U+2082
    { 0x2083, 134 }, // U+2083
    { 0x2084, 134 }, // U+2084
    { 0x2085, 149 }, // U+2085
    { 0x2086, 134 }, // U+2086
    { 0x2087, 150 }, // U+2087
    { 0x2088, 134 }, // U+2088
    { 0x2089, 134 }, // U+2089
    { 0x208A, 134 }, // U+208A
    { 0x208B, 134 }, // U+208B
    { 0x208C, 134 }, // U+208C
    { 0x208D, 134 }, // U+208D
    { 0x208E, 134 }, // U+208E
    { 0x2090, 134 }, // U+2090
    { 0x2091, 134 }, // U+2091
    { 0x2092, 134 }, // U+2092
    { 0x2093, 134 }, // U+2093
    { 0x2095, 134 }, // U+2095
    { 0x2096, 134 }, // U+2096
    { 0x2097, 134 }, // U+2097
    { 0x2098, 134 }, // U+2098
    { 0x2099, 134 }, // U+2099
    { 0x209A, 134 }, // U+209A
    { 0x209B, 134 }, // U+209B
    { 0x209C, 134 }, // U+209C
    { 0x20A1, 26 }, // U+20A1
    { 0x20A7, 52 }, // U+20A7
    { 0x20A8, 51 }, // U+20A8
    { 0x20A9, 151 }, // U+20A9
    { 0x20AC, 152 }, // U+20AC
    { 0x20AF, 45 }, // U+20AF
    { 0x20B2, 29 }, // U+20B2
    { 0x20B5, 26 }, // U+20B5
    { 0x20BD, 153 }, // U+20BD
    { 0x20BF, 25 }, // U+20BF
    { 0x2190, 8 }, // U+2190
    { 0x21D0, 20 }, // U+21D0
    { 0x2206, 24 }, // U+2206
    { 0x2212, 8 }, // U+2212
    { 0x221E, 89 }, // U+221E
    { 0x2248, 20 }, // U+2248
    { 0x2260, 20 }, // U+2260
    { 0x2264, 20 }, // U+2264
    { 0x2265, 20 }, // U+2265
};

static const EpdKernClassEntry inter_14_ipa_fallbackKernRightClasses[] = {
    { 0x0022, 1 }, // "
    { 0x0023, 2 }, // #
    { 0x0024, 3 }, // $
    { 0x0025, 4 }, // %
    { 0x0026, 5 }, // &
    { 0x0027, 1 }, // '
    { 0x0029, 6 }, // )
    { 0x002A, 7 }, // *
    { 0x002B, 8 }, // +
    { 0x002C, 9 }, // ,
    { 0x002D, 10 }, // -
    { 0x002E, 11 }, // .
    { 0x002F, 12 }, // /
    { 0x0030, 13 }, // 0
    { 0x0031, 14 }, // 1
    { 0x0032, 15 }, // 2
    { 0x0033, 16 }, // 3
    { 0x0034, 17 }, // 4
    { 0x0035, 18 }, // 5
    { 0x0036, 13 }, // 6
    { 0x0037, 19 }, // 7
    { 0x0038, 20 }, // 8
    { 0x0039, 21 }, // 9
    { 0x003A, 22 }, // :
    { 0x003B, 22 }, // ;
    { 0x003C, 23 }, // <
    { 0x003D, 24 }, // =
    { 0x003F, 25 }, // ?
    { 0x0040, 26 }, // @
    { 0x0041, 27 }, // A
    { 0x0042, 28 }, // B
    { 0x0043, 29 }, // C
    { 0x0044, 28 }, // D
    { 0x0045, 28 }, // E
    { 0x0046, 28 }, // F
    { 0x0047, 29 }, // G
    { 0x0048, 28 }, // H
    { 0x0049, 28 }, // I
    { 0x004A, 30 }, // J
    { 0x004B, 28 }, // K
    { 0x004C, 28 }, // L
    { 0x004D, 28 }, // M
    { 0x004E, 28 }, // N
    { 0x004F, 29 }, // O
    { 0x0050, 28 }, // P
    { 0x0051, 29 }, // Q
    { 0x0052, 28 }, // R
    { 0x0053, 3 }, // S
    { 0x0054, 31 }, // T
    { 0x0055, 32 }, // U
    { 0x0056, 33 }, // V
    { 0x0057, 34 }, // W
    { 0x0058, 35 }, // X
    { 0x0059, 36 }, // Y
    { 0x005A, 37 }, // Z
    { 0x005C, 33 }, // <backslash>
    { 0x005D, 6 }, // ]
    { 0x005E, 38 }, // ^
    { 0x005F, 39 }, // _
    { 0x0061, 40 }, // a
    { 0x0062, 28 }, // b
    { 0x0063, 41 }, // c
    { 0x0064, 41 }, // d
    { 0x0065, 41 }, // e
    { 0x0066, 42 }, // f
    { 0x0067, 41 }, // g
    { 0x0068, 28 }, // h
    { 0x0069, 43 }, // i
    { 0x006A, 44 }, // j
    { 0x006B, 28 }, // k
    { 0x006C, 28 }, // l
    { 0x006D, 45 }, // m
    { 0x006E, 45 }, // n
    { 0x006F, 41 }, // o
    { 0x0070, 45 }, // p
    { 0x0071, 41 }, // q
    { 0x0072, 45 }, // r
    { 0x0073, 46 }, // s
    { 0x0074, 47 }, // t
    { 0x0075, 48 }, // u
    { 0x0076, 49 }, // v
    { 0x0077, 50 }, // w
    { 0x0078, 51 }, // x
    { 0x0079, 49 }, // y
    { 0x007A, 52 }, // z
    { 0x007C, 28 }, // |
    { 0x007D, 6 }, // }
    { 0x007E, 53 }, // ~
    { 0x00A2, 41 }, // U+00A2
    { 0x00A5, 54 }, // U+00A5
    { 0x00A9, 29 }, // U+00A9
    { 0x00AA, 55 }, // U+00AA
    { 0x00AB, 56 }, // U+00AB
    { 0x00AC, 57 }, // U+00AC
    { 0x00AE, 58 }, // U+00AE
    { 0x00B0, 59 }, // U+00B0
    { 0x00B1, 24 }, // U+00B1
    { 0x00B2, 60 }, // U+00B2
    { 0x00B5, 61 }, // U+00B5
    { 0x00B6, 62 }, // U+00B6
    { 0x00B7, 63 }, // U+00B7
    { 0x00B9, 64 }, // U+00B9
    { 0x00BA, 55 }, // U+00BA
    { 0x00BB, 65 }, // U+00BB
    { 0x00BF, 66 }, // U+00BF
    { 0x00C0, 27 }, // U+00C0
    { 0x00C1, 27 }, // U+00C1
    { 0x00C2, 27 }, // U+00C2
    { 0x00C3, 27 }, // U+00C3
    { 0x00C4, 27 }, // U+00C4
    { 0x00C5, 27 }, // U+00C5
    { 0x00C6, 27 }, // U+00C6
    { 0x00C7, 29 }, // U+00C7
    { 0x00C8, 28 }, // U+00C8
    { 0x00C9, 28 }, // U+00C9
    { 0x00CA, 28 }, // U+00CA
    { 0x00CB, 28 }, // U+00CB
    { 0x00CC, 28 }, // U+00CC
    { 0x00CD, 28 }, // U+00CD
    { 0x00CE, 67 }, // U+00CE
    { 0x00CF, 67 }, // U+00CF
    { 0x00D0, 68 }, // U+00D0
    { 0x00D1, 28 }, // U+00D1
    { 0x00D2, 29 }, // U+00D2
    { 0x00D3, 29 }, // U+00D3
    { 0x00D4, 29 }, // U+00D4
    { 0x00D5, 29 }, // U+00D5
    { 0x00D6, 29 }, // U+00D6
    { 0x00D7, 69 }, // U+00D7
    { 0x00D8, 29 }, // U+00D8
    { 0x00D9, 32 }, // U+00D9
    { 0x00DA, 32 }, // U+00DA
    { 0x00DB, 32 }, // U+00DB
    { 0x00DC, 32 }, // U+00DC
    { 0x00DD, 36 }, // U+00DD
    { 0x00DE, 28 }, // U+00DE
    { 0x00DF, 28 }, // U+00DF
    { 0x00E0, 40 }, // U+00E0
    { 0x00E1, 40 }, // U+00E1
    { 0x00E2, 40 }, // U+00E2
    { 0x00E3, 70 }, // U+00E3
    { 0x00E4, 71 }, // U+00E4
    { 0x00E5, 40 }, // U+00E5
    { 0x00E6, 40 }, // U+00E6
    { 0x00E7, 41 }, // U+00E7
    { 0x00E8, 41 }, // U+00E8
    { 0x00E9, 41 }, // U+00E9
    { 0x00EA, 41 }, // U+00EA
    { 0x00EB, 72 }, // U+00EB
    { 0x00EC, 73 }, // U+00EC
    { 0x00ED, 74 }, // U+00ED
    { 0x00EE, 75 }, // U+00EE
    { 0x00EF, 76 }, // U+00EF
    { 0x00F0, 41 }, // U+00F0
    { 0x00F1, 45 }, // U+00F1
    { 0x00F2, 41 }, // U+00F2
    { 0x00F3, 41 }, // U+00F3
    { 0x00F4, 41 }, // U+00F4
    { 0x00F5, 77 }, // U+00F5
    { 0x00F6, 72 }, // U+00F6
    { 0x00F7, 8 }, // U+00F7
    { 0x00F8, 41 }, // U+00F8
    { 0x00F9, 48 }, // U+00F9
    { 0x00FA, 48 }, // U+00FA
    { 0x00FB, 48 }, // U+00FB
    { 0x00FC, 78 }, // U+00FC
    { 0x00FD, 49 }, // U+00FD
    { 0x00FE, 28 }, // U+00FE
    { 0x00FF, 79 }, // U+00FF
    { 0x0100, 27 }, // U+0100
    { 0x0101, 80 }, // U+0101
    { 0x0102, 27 }, // U+0102
    { 0x0103, 40 }, // U+0103
    { 0x0104, 27 }, // U+0104
    { 0x0105, 40 }, // U+0105
    { 0x0106, 29 }, // U+0106
    { 0x0107, 41 }, // U+0107
    { 0x0108, 29 }, // U+0108
    { 0x0109, 41 }, // U+0109
    { 0x010A, 29 }, // U+010A
    { 0x010B, 41 }, // U+010B
    { 0x010C, 29 }, // U+010C
    { 0x010D, 41 }, // U+010D
    { 0x010E, 28 }, // U+010E
    { 0x010F, 41 }, // U+010F
    { 0x0110, 81 }, // U+0110
    { 0x0111, 41 }, // U+0111
    { 0x0112, 28 }, // U+0112
    { 0x0113, 41 }, // U+0113
    { 0x0114, 28 }, // U+0114
    { 0x0115, 41 }, // U+0115
    { 0x0116, 28 }, // U+0116
    { 0x0117, 41 }, // U+0117
    { 0x0118, 28 }, // U+0118
    { 0x0119, 41 }, // U+0119
    { 0x011A, 28 }, // U+011A
    { 0x011B, 41 }, // U+011B
    { 0x011C, 29 }, // U+011C
    { 0x011D, 41 }, // U+011D
    { 0x011E, 29 }, // U+011E
    { 0x011F, 41 }, // U+011F
    { 0x0120, 29 }, // U+0120
    { 0x0121, 41 }, // U+0121
    { 0x0122, 29 }, // U+0122
    { 0x0123, 41 }, // U+0123
    { 0x0124, 28 }, // U+0124
    { 0x0125, 28 }, // U+0125
    { 0x0126, 28 }, // U+0126
    { 0x0127, 82 }, // U+0127
    { 0x0128, 67 }, // U+0128
    { 0x0129, 83 }, // U+0129
    { 0x012A, 67 }, // U+012A
    { 0x012B, 84 }, // U+012B
    { 0x012C, 67 }, // U+012C
    { 0x012D, 76 }, // U+012D
    { 0x012E, 28 }, // U+012E
    { 0x012F, 43 }, // U+012F
    { 0x0130, 28 }, // U+0130
    { 0x0131, 43 }, // U+0131
    { 0x0133, 43 }, // U+0133
    { 0x0134, 30 }, // U+0134
    { 0x0135, 85 }, // U+0135
    { 0x0136, 28 }, // U+0136
    { 0x0137, 28 }, // U+0137
    { 0x0138, 45 }, // U+0138
    { 0x0139, 28 }, // U+0139
    { 0x013A, 28 }, // U+013A
    { 0x013B, 28 }, // U+013B
    { 0x013C, 28 }, // U+013C
    { 0x013D, 28 }, // U+013D
    { 0x013E, 28 }, // U+013E
    { 0x0140, 28 }, // U+0140
    { 0x0141, 28 }, // U+0141
    { 0x0142, 28 }, // U+0142
    { 0x0143, 28 }, // U+0143
    { 0x0144, 45 }, // U+0144
    { 0x0145, 28 }, // U+0145
    { 0x0146, 45 }, // U+0146
    { 0x0147, 28 }, // U+0147
    { 0x0148, 45 }, // U+0148
    { 0x014A, 28 }, // U+014A
    { 0x014B, 45 }, // U+014B
    { 0x014C, 29 }, // U+014C
    { 0x014D, 86 }, // U+014D
    { 0x014E, 29 }, // U+014E
    { 0x014F, 41 }, // U+014F
    { 0x0150, 29 }, // U+0150
    { 0x0151, 41 }, // U+0151
    { 0x0152, 29 }, // U+0152
    { 0x0153, 41 }, // U+0153
    { 0x0154, 28 }, // U+0154
    { 0x0155, 45 }, // U+0155
    { 0x0156, 28 }, // U+0156
    { 0x0157, 45 }, // U+0157
    { 0x0158, 28 }, // U+0158
    { 0x0159, 45 }, // U+0159
    { 0x015A, 3 }, // U+015A
    { 0x015B, 46 }, // U+015B
    { 0x015C, 3 }, // U+015C
    { 0x015D, 46 }, // U+015D
    { 0x015E, 3 }, // U+015E
    { 0x015F, 46 }, // U+015F
    { 0x0160, 3 }, // U+0160
    { 0x0161, 46 }, // U+0161
    { 0x0162, 87 }, // U+0162
    { 0x0163, 47 }, // U+0163
    { 0x0164, 88 }, // U+0164
    { 0x0165, 47 }, // U+0165
    { 0x0166, 89 }, // U+0166
    { 0x0167, 47 }, // U+0167
    { 0x0168, 32 }, // U+0168
    { 0x0169, 90 }, // U+0169
    { 0x016A, 32 }, // U+016A
    { 0x016B, 48 }, // U+016B
    { 0x016C, 32 }, // U+016C
    { 0x016D, 48 }, // U+016D
    { 0x016E, 32 }, // U+016E
    { 0x016F, 48 }, // U+016F
    { 0x0170, 32 }, // U+0170
    { 0x0171, 48 }, // U+0171
    { 0x0172, 32 }, // U+0172
    { 0x0173, 48 }, // U+0173
    { 0x0174, 34 }, // U+0174
    { 0x0175, 50 }, // U+0175
    { 0x0176, 36 }, // U+0176
    { 0x0177, 49 }, // U+0177
    { 0x0178, 36 }, // U+0178
    { 0x0179, 37 }, // U+0179
    { 0x017A, 52 }, // U+017A
    { 0x017B, 37 }, // U+017B
    { 0x017C, 52 }, // U+017C
    { 0x017D, 37 }, // U+017D
    { 0x017E, 52 }, // U+017E
    { 0x017F, 28 }, // U+017F
    { 0x01A0, 29 }, // U+01A0
    { 0x01A1, 41 }, // U+01A1
    { 0x01AF, 32 }, // U+01AF
    { 0x01B0, 48 }, // U+01B0
    { 0x01C5, 91 }, // U+01C5
    { 0x01C6, 41 }, // U+01C6
    { 0x01C8, 28 }, // U+01C8
    { 0x01C9, 28 }, // U+01C9
    { 0x01CB, 28 }, // U+01CB
    { 0x01CC, 45 }, // U+01CC
    { 0x01CD, 27 }, // U+01CD
    { 0x01CE, 40 }, // U+01CE
    { 0x01CF, 28 }, // U+01CF
    { 0x01D0, 92 }, // U+01D0
    { 0x01D1, 29 }, // U+01D1
    { 0x01D2, 41 }, // U+01D2
    { 0x01D3, 32 }, // U+01D3
    { 0x01D4, 48 }, // U+01D4
    { 0x01D5, 32 }, // U+01D5
    { 0x01D6, 48 }, // U+01D6
    { 0x01D7, 32 }, // U+01D7
    { 0x01D8, 48 }, // U+01D8
    { 0x01D9, 32 }, // U+01D9
    { 0x01DA, 48 }, // U+01DA
    { 0x01DB, 32 }, // U+01DB
    { 0x01DC, 48 }, // U+01DC
    { 0x01DD, 86 }, // U+01DD
    { 0x01DE, 27 }, // U+01DE
    { 0x01DF, 40 }, // U+01DF
    { 0x01E0, 27 }, // U+01E0
    { 0x01E1, 40 }, // U+01E1
    { 0x01E2, 27 }, // U+01E2
    { 0x01E3, 40 }, // U+01E3
    { 0x01E4, 29 }, // U+01E4
    { 0x01E5, 41 }, // U+01E5
    { 0x01E6, 29 }, // U+01E6
    { 0x01E7, 41 }, // U+01E7
    { 0x01E8, 28 }, // U+01E8
    { 0x01E9, 28 }, // U+01E9
    { 0x01EA, 29 }, // U+01EA
    { 0x01EB, 41 }, // U+01EB
    { 0x01EC, 29 }, // U+01EC
    { 0x01ED, 41 }, // U+01ED
    { 0x01EF, 47 }, // U+01EF
    { 0x01F0, 44 }, // U+01F0
    { 0x01F2, 28 }, // U+01F2
    { 0x01F3, 86 }, // U+01F3
    { 0x01F4, 29 }, // U+01F4
    { 0x01F5, 41 }, // U+01F5
    { 0x01F6, 91 }, // U+01F6
    { 0x01F8, 28 }, // U+01F8
    { 0x01F9, 45 }, // U+01F9
    { 0x01FA, 27 }, // U+01FA
    { 0x01FB, 40 }, // U+01FB
    { 0x01FC, 27 }, // U+01FC
    { 0x01FD, 40 }, // U+01FD
    { 0x01FE, 29 }, // U+01FE
    { 0x01FF, 41 }, // U+01FF
    { 0x0200, 27 }, // U+0200
    { 0x0201, 40 }, // U+0201
    { 0x0202, 27 }, // U+0202
    { 0x0203, 40 }, // U+0203
    { 0x0204, 28 }, // U+0204
    { 0x0205, 41 }, // U+0205
    { 0x0206, 28 }, // U+0206
    { 0x0207, 41 }, // U+0207
    { 0x0208, 67 }, // U+0208
    { 0x0209, 93 }, // U+0209
    { 0x020A, 67 }, // U+020A
    { 0x020B, 94 }, // U+020B
    { 0x020C, 29 }, // U+020C
    { 0x020D, 41 }, // U+020D
    { 0x020E, 29 }, // U+020E
    { 0x020F, 41 }, // U+020F
    { 0x0210, 28 }, // U+0210
    { 0x0211, 45 }, // U+0211
    { 0x0212, 28 }, // U+0212
    { 0x0213, 45 }, // U+0213
    { 0x0214, 32 }, // U+0214
    { 0x0215, 48 }, // U+0215
    { 0x0216, 32 }, // U+0216
    { 0x0217, 48 }, // U+0217
    { 0x0218, 3 }, // U+0218
    { 0x0219, 46 }, // U+0219
    { 0x021A, 31 }, // U+021A
    { 0x021B, 47 }, // U+021B
    { 0x021E, 28 }, // U+021E
    { 0x021F, 28 }, // U+021F
    { 0x0250, 45 }, // U+0250
    { 0x0253, 28 }, // U+0253
    { 0x0256, 86 }, // U+0256
    { 0x0257, 41 }, // U+0257
    { 0x0259, 86 }, // U+0259
    { 0x025A, 41 }, // U+025A
    { 0x025B, 95 }, // U+025B
    { 0x025C, 95 }, // U+025C
    { 0x025D, 95 }, // U+025D
    { 0x025E, 95 }, // U+025E
    { 0x025F, 44 }, // U+025F
    { 0x0260, 41 }, // U+0260
    { 0x0263, 49 }, // U+0263
    { 0x0265, 48 }, // U+0265
    { 0x0266, 28 }, // U+0266
    { 0x0267, 28 }, // U+0267
    { 0x0268, 47 }, // U+0268
    { 0x026B, 28 }, // U+026B
    { 0x026C, 47 }, // U+026C
    { 0x026D, 28 }, // U+026D
    { 0x026E, 28 }, // U+026E
    { 0x026F, 48 }, // U+026F
    { 0x0270, 48 }, // U+0270
    { 0x0271, 45 }, // U+0271
    { 0x0272, 44 }, // U+0272
    { 0x0273, 45 }, // U+0273
    { 0x0275, 41 }, // U+0275
    { 0x0276, 41 }, // U+0276
    { 0x027E, 45 }, // U+027E
    { 0x027F, 47 }, // U+027F
    { 0x0282, 46 }, // U+0282
    { 0x0283, 44 }, // U+0283
    { 0x0287, 47 }, // U+0287
    { 0x0288, 47 }, // U+0288
    { 0x0289, 48 }, // U+0289
    { 0x028C, 27 }, // U+028C
    { 0x028E, 27 }, // U+028E
    { 0x028F, 49 }, // U+028F
    { 0x0290, 96 }, // U+0290
    { 0x0292, 47 }, // U+0292
    { 0x029A, 46 }, // U+029A
    { 0x029C, 45 }, // U+029C
    { 0x029D, 97 }, // U+029D
    { 0x029E, 51 }, // U+029E
    { 0x02A0, 41 }, // U+02A0
    { 0x02A3, 41 }, // U+02A3
    { 0x02A4, 86 }, // U+02A4
    { 0x02A6, 47 }, // U+02A6
    { 0x02A8, 98 }, // U+02A8
    { 0x02A9, 42 }, // U+02A9
    { 0x02AA, 28 }, // U+02AA
    { 0x02AE, 47 }, // U+02AE
    { 0x02AF, 47 }, // U+02AF
    { 0x02B0, 99 }, // U+02B0
    { 0x02B2, 100 }, // U+02B2
    { 0x02B3, 101 }, // U+02B3
    { 0x02B7, 102 }, // U+02B7
    { 0x02B8, 103 }, // U+02B8
    { 0x02BC, 104 }, // U+02BC
    { 0x02D2, 105 }, // U+02D2
    { 0x02D3, 105 }, // U+02D3
    { 0x02E1, 99 }, // U+02E1
    { 0x02E2, 106 }, // U+02E2
    { 0x02E3, 107 }, // U+02E3
    { 0x02EE, 104 }, // U+02EE
    { 0x0400, 28 }, // U+0400
    { 0x0401, 28 }, // U+0401
    { 0x0402, 31 }, // U+0402
    { 0x0403, 28 }, // U+0403
    { 0x0404, 29 }, // U+0404
    { 0x0405, 3 }, // U+0405
    { 0x0406, 28 }, // U+0406
    { 0x0407, 67 }, // U+0407
    { 0x0408, 30 }, // U+0408
    { 0x0409, 108 }, // U+0409
    { 0x040A, 28 }, // U+040A
    { 0x040B, 31 }, // U+040B
    { 0x040C, 28 }, // U+040C
    { 0x040D, 28 }, // U+040D
    { 0x040F, 28 }, // U+040F
    { 0x0410, 27 }, // U+0410
    { 0x0411, 28 }, // U+0411
    { 0x0412, 28 }, // U+0412
    { 0x0413, 28 }, // U+0413
    { 0x0414, 109 }, // U+0414
    { 0x0415, 28 }, // U+0415
    { 0x0416, 110 }, // U+0416
    { 0x0417, 111 }, // U+0417
    { 0x0418, 91 }, // U+0418
    { 0x0419, 28 }, // U+0419
    { 0x041A, 28 }, // U+041A
    { 0x041B, 108 }, // U+041B
    { 0x041C, 28 }, // U+041C
    { 0x041D, 28 }, // U+041D
    { 0x041E, 29 }, // U+041E
    { 0x041F, 28 }, // U+041F
    { 0x0420, 28 }, // U+0420
    { 0x0421, 29 }, // U+0421
    { 0x0422, 31 }, // U+0422
    { 0x0423, 33 }, // U+0423
    { 0x0424, 112 }, // U+0424
    { 0x0425, 35 }, // U+0425
    { 0x0426, 28 }, // U+0426
    { 0x0427, 113 }, // U+0427
    { 0x0428, 28 }, // U+0428
    { 0x0429, 28 }, // U+0429
    { 0x042A, 114 }, // U+042A
    { 0x042B, 28 }, // U+042B
    { 0x042C, 28 }, // U+042C
    { 0x042D, 29 }, // U+042D
    { 0x042E, 28 }, // U+042E
    { 0x0430, 40 }, // U+0430
    { 0x0431, 13 }, // U+0431
    { 0x0432, 45 }, // U+0432
    { 0x0433, 45 }, // U+0433
    { 0x0434, 115 }, // U+0434
    { 0x0435, 41 }, // U+0435
    { 0x0436, 51 }, // U+0436
    { 0x0437, 41 }, // U+0437
    { 0x0438, 45 }, // U+0438
    { 0x0439, 45 }, // U+0439
    { 0x043A, 45 }, // U+043A
    { 0x043B, 116 }, // U+043B
    { 0x043C, 45 }, // U+043C
    { 0x043D, 45 }, // U+043D
    { 0x043E, 41 }, // U+043E
    { 0x043F, 45 }, // U+043F
    { 0x0440, 45 }, // U+0440
    { 0x0441, 41 }, // U+0441
    { 0x0442, 117 }, // U+0442
    { 0x0443, 49 }, // U+0443
    { 0x0444, 41 }, // U+0444
    { 0x0445, 51 }, // U+0445
    { 0x0446, 45 }, // U+0446
    { 0x0447, 118 }, // U+0447
    { 0x0448, 45 }, // U+0448
    { 0x0449, 45 }, // U+0449
    { 0x044A, 119 }, // U+044A
    { 0x044B, 43 }, // U+044B
    { 0x044C, 45 }, // U+044C
    { 0x044D, 41 }, // U+044D
    { 0x044E, 45 }, // U+044E
    { 0x044F, 120 }, // U+044F
    { 0x0450, 41 }, // U+0450
    { 0x0451, 41 }, // U+0451
    { 0x0452, 28 }, // U+0452
    { 0x0453, 45 }, // U+0453
    { 0x0454, 41 }, // U+0454
    { 0x0455, 46 }, // U+0455
    { 0x0456, 43 }, // U+0456
    { 0x0457, 76 }, // U+0457
    { 0x0458, 44 }, // U+0458
    { 0x0459, 116 }, // U+0459
    { 0x045A, 45 }, // U+045A
    { 0x045B, 28 }, // U+045B
    { 0x045C, 45 }, // U+045C
    { 0x045D, 45 }, // U+045D
    { 0x045E, 49 }, // U+045E
    { 0x045F, 48 }, // U+045F
    { 0x0460, 28 }, // U+0460
    { 0x0463, 47 }, // U+0463
    { 0x0464, 28 }, // U+0464
    { 0x0465, 45 }, // U+0465
    { 0x0466, 27 }, // U+0466
    { 0x0467, 27 }, // U+0467
    { 0x0468, 28 }, // U+0468
    { 0x046C, 28 }, // U+046C
    { 0x046E, 28 }, // U+046E
    { 0x0472, 29 }, // U+0472
    { 0x0473, 41 }, // U+0473
    { 0x0474, 33 }, // U+0474
    { 0x0475, 49 }, // U+0475
    { 0x0476, 33 }, // U+0476
    { 0x0477, 49 }, // U+0477
    { 0x0478, 29 }, // U+0478
    { 0x0479, 41 }, // U+0479
    { 0x0481, 41 }, // U+0481
    { 0x048A, 91 }, // U+048A
    { 0x048B, 45 }, // U+048B
    { 0x048D, 47 }, // U+048D
    { 0x048E, 28 }, // U+048E
    { 0x048F, 45 }, // U+048F
    { 0x0490, 28 }, // U+0490
    { 0x0491, 45 }, // U+0491
    { 0x0493, 47 }, // U+0493
    { 0x0494, 28 }, // U+0494
    { 0x0495, 45 }, // U+0495
    { 0x0497, 51 }, // U+0497
    { 0x049A, 28 }, // U+049A
    { 0x049B, 45 }, // U+049B
    { 0x049C, 28 }, // U+049C
    { 0x049D, 45 }, // U+049D
    { 0x04A0, 31 }, // U+04A0
    { 0x04A1, 47 }, // U+04A1
    { 0x04A2, 28 }, // U+04A2
    { 0x04A3, 45 }, // U+04A3
    { 0x04A4, 28 }, // U+04A4
    { 0x04A5, 45 }, // U+04A5
    { 0x04A6, 28 }, // U+04A6
    { 0x04A7, 45 }, // U+04A7
    { 0x04A9, 41 }, // U+04A9
    { 0x04AA, 29 }, // U+04AA
    { 0x04AB, 41 }, // U+04AB
    { 0x04AC, 31 }, // U+04AC
    { 0x04AD, 47 }, // U+04AD
    { 0x04AE, 36 }, // U+04AE
    { 0x04AF, 49 }, // U+04AF
    { 0x04B0, 121 }, // U+04B0
    { 0x04B1, 49 }, // U+04B1
    { 0x04B2, 35 }, // U+04B2
    { 0x04B3, 51 }, // U+04B3
    { 0x04B4, 31 }, // U+04B4
    { 0x04B5, 47 }, // U+04B5
    { 0x04B7, 40 }, // U+04B7
    { 0x04B9, 40 }, // U+04B9
    { 0x04BA, 28 }, // U+04BA
    { 0x04BB, 28 }, // U+04BB
    { 0x04BD, 47 }, // U+04BD
    { 0x04C0, 28 }, // U+04C0
    { 0x04C1, 35 }, // U+04C1
    { 0x04C3, 28 }, // U+04C3
    { 0x04C4, 45 }, // U+04C4
    { 0x04C6, 116 }, // U+04C6
    { 0x04C7, 91 }, // U+04C7
    { 0x04C8, 45 }, // U+04C8
    { 0x04C9, 28 }, // U+04C9
    { 0x04CA, 45 }, // U+04CA
    { 0x04CD, 28 }, // U+04CD
    { 0x04CE, 45 }, // U+04CE
    { 0x04CF, 28 }, // U+04CF
    { 0x04D0, 27 }, // U+04D0
    { 0x04D1, 40 }, // U+04D1
    { 0x04D2, 27 }, // U+04D2
    { 0x04D3, 40 }, // U+04D3
    { 0x04D4, 27 }, // U+04D4
    { 0x04D5, 40 }, // U+04D5
    { 0x04D6, 28 }, // U+04D6
    { 0x04D7, 41 }, // U+04D7
    { 0x04D9, 41 }, // U+04D9
    { 0x04DA, 29 }, // U+04DA
    { 0x04DB, 41 }, // U+04DB
    { 0x04DC, 35 }, // U+04DC
    { 0x04E1, 47 }, // U+04E1
    { 0x04E2, 28 }, // U+04E2
    { 0x04E3, 45 }, // U+04E3
    { 0x04E4, 28 }, // U+04E4
    { 0x04E5, 45 }, // U+04E5
    { 0x04E6, 29 }, // U+04E6
    { 0x04E7, 41 }, // U+04E7
    { 0x04E8, 29 }, // U+04E8
    { 0x04E9, 41 }, // U+04E9
    { 0x04EA, 29 }, // U+04EA
    { 0x04EB, 41 }, // U+04EB
    { 0x04ED, 41 }, // U+04ED
    { 0x04EF, 49 }, // U+04EF
    { 0x04F1, 49 }, // U+04F1
    { 0x04F3, 49 }, // U+04F3
    { 0x04F7, 45 }, // U+04F7
    { 0x04F9, 45 }, // U+04F9
    { 0x04FB, 47 }, // U+04FB
    { 0x04FC, 35 }, // U+04FC
    { 0x04FD, 51 }, // U+04FD
    { 0x04FE, 35 }, // U+04FE
    { 0x04FF, 51 }, // U+04FF
    { 0x1D00, 27 }, // U+1D00
    { 0x1D1B, 47 }, // U+1D1B
    { 0x1D47, 99 }, // U+1D47
    { 0x1D48, 122 }, // U+1D48
    { 0x1D49, 122 }, // U+1D49
    { 0x1D4D, 122 }, // U+1D4D
    { 0x1D4F, 99 }, // U+1D4F
    { 0x1D50, 101 }, // U+1D50
    { 0x1D52, 122 }, // U+1D52
    { 0x1D56, 101 }, // U+1D56
    { 0x1D57, 123 }, // U+1D57
    { 0x1D5B, 103 }, // U+1D5B
    { 0x1D62, 124 }, // U+1D62
    { 0x1D63, 124 }, // U+1D63
    { 0x1D64, 124 }, // U+1D64
    { 0x1D65, 124 }, // U+1D65
    { 0x1D9C, 122 }, // U+1D9C
    { 0x1DA0, 125 }, // U+1DA0
    { 0x1EA0, 27 }, // U+1EA0
    { 0x1EA1, 40 }, // U+1EA1
    { 0x1EA2, 27 }, // U+1EA2
    { 0x1EA3, 40 }, // U+1EA3
    { 0x1EA4, 27 }, // U+1EA4
    { 0x1EA5, 40 }, // U+1EA5
    { 0x1EA6, 27 }, // U+1EA6
    { 0x1EA7, 40 }, // U+1EA7
    { 0x1EA8, 27 }, // U+1EA8
    { 0x1EA9, 40 }, // U+1EA9
    { 0x1EAA, 27 }, // U+1EAA
    { 0x1EAB, 40 }, // U+1EAB
    { 0x1EAC, 27 }, // U+1EAC
    { 0x1EAD, 40 }, // U+1EAD
    { 0x1EAE, 27 }, // U+1EAE
    { 0x1EAF, 40 }, // U+1EAF
    { 0x1EB0, 27 }, // U+1EB0
    { 0x1EB1, 40 }, // U+1EB1
    { 0x1EB2, 27 }, // U+1EB2
    { 0x1EB3, 40 }, // U+1EB3
    { 0x1EB4, 27 }, // U+1EB4
    { 0x1EB5, 40 }, // U+1EB5
    { 0x1EB6, 27 }, // U+1EB6
    { 0x1EB7, 40 }, // U+1EB7
    { 0x1EB8, 28 }, // U+1EB8
    { 0x1EB9, 41 }, // U+1EB9
    { 0x1EBA, 28 }, // U+1EBA
    { 0x1EBB, 41 }, // U+1EBB
    { 0x1EBC, 28 }, // U+1EBC
    { 0x1EBD, 41 }, // U+1EBD
    { 0x1EBE, 28 }, // U+1EBE
    { 0x1EBF, 41 }, // U+1EBF
    { 0x1EC0, 28 }, // U+1EC0
    { 0x1EC1, 41 }, // U+1EC1
    { 0x1EC2, 28 }, // U+1EC2
    { 0x1EC3, 41 }, // U+1EC3
    { 0x1EC4, 28 }, // U+1EC4
    { 0x1EC5, 41 }, // U+1EC5
    { 0x1EC6, 28 }, // U+1EC6
    { 0x1EC7, 41 }, // U+1EC7
    { 0x1EC8, 28 }, // U+1EC8
    { 0x1EC9, 43 }, // U+1EC9
    { 0x1ECA, 28 }, // U+1ECA
    { 0x1ECB, 43 }, // U+1ECB
    { 0x1ECC, 29 }, // U+1ECC
    { 0x1ECD, 41 }, // U+1ECD
    { 0x1ECE, 29 }, // U+1ECE
    { 0x1ECF, 41 }, // U+1ECF
    { 0x1ED0, 29 }, // U+1ED0
    { 0x1ED1, 41 }, // U+1ED1
    { 0x1ED2, 29 }, // U+1ED2
    { 0x1ED3, 41 }, // U+1ED3
    { 0x1ED4, 29 }, // U+1ED4
    { 0x1ED5, 41 }, // U+1ED5
    { 0x1ED6, 29 }, // U+1ED6
    { 0x1ED7, 41 }, // U+1ED7
    { 0x1ED8, 29 }, // U+1ED8
    { 0x1ED9, 41 }, // U+1ED9
    { 0x1EDA, 29 }, // U+1EDA
    { 0x1EDB, 41 }, // U+1EDB
    { 0x1EDC, 29 }, // U+1EDC
    { 0x1EDD, 41 }, // U+1EDD
    { 0x1EDE, 29 }, // U+1EDE
    { 0x1EDF, 41 }, // U+1EDF
    { 0x1EE0, 29 }, // U+1EE0
    { 0x1EE1, 41 }, // U+1EE1
    { 0x1EE2, 29 }, // U+1EE2
    { 0x1EE3, 41 }, // U+1EE3
    { 0x1EE4, 32 }, // U+1EE4
    { 0x1EE5, 48 }, // U+1EE5
    { 0x1EE6, 32 }, // U+1EE6
    { 0x1EE7, 48 }, // U+1EE7
    { 0x1EE8, 32 }, // U+1EE8
    { 0x1EE9, 48 }, // U+1EE9
    { 0x1EEA, 32 }, // U+1EEA
    { 0x1EEB, 48 }, // U+1EEB
    { 0x1EEC, 32 }, // U+1EEC
    { 0x1EED, 48 }, // U+1EED
    { 0x1EEE, 32 }, // U+1EEE
    { 0x1EEF, 48 }, // U+1EEF
    { 0x1EF0, 32 }, // U+1EF0
    { 0x1EF1, 48 }, // U+1EF1
    { 0x1EF2, 36 }, // U+1EF2
    { 0x1EF3, 49 }, // U+1EF3
    { 0x1EF4, 126 }, // U+1EF4
    { 0x1EF5, 49 }, // U+1EF5
    { 0x1EF6, 126 }, // U+1EF6
    { 0x1EF7, 49 }, // U+1EF7
    { 0x1EF8, 126 }, // U+1EF8
    { 0x1EF9, 49 }, // U+1EF9
    { 0x2018, 127 }, // U+2018
    { 0x201A, 128 }, // U+201A
    { 0x201B, 129 }, // U+201B
    { 0x201C, 127 }, // U+201C
    { 0x201E, 128 }, // U+201E
    { 0x201F, 130 }, // U+201F
    { 0x2020, 55 }, // U+2020
    { 0x2021, 55 }, // U+2021
    { 0x2022, 105 }, // U+2022
    { 0x2023, 105 }, // U+2023
    { 0x2026, 131 }, // U+2026
    { 0x2034, 132 }, // U+2034
    { 0x2039, 56 }, // U+2039
    { 0x203A, 65 }, // U+203A
    { 0x203D, 25 }, // U+203D
    { 0x2043, 105 }, // U+2043
    { 0x2044, 133 }, // U+2044
    { 0x204A, 47 }, // U+204A
    { 0x204B, 28 }, // U+204B
    { 0x204C, 105 }, // U+204C
    { 0x204D, 45 }, // U+204D
    { 0x204F, 22 }, // U+204F
    { 0x2071, 134 }, // U+2071
    { 0x2074, 135 }, // U+2074
    { 0x2077, 136 }, // U+2077
    { 0x2079, 137 }, // U+2079
    { 0x207A, 138 }, // U+207A
    { 0x207B, 138 }, // U+207B
    { 0x207C, 139 }, // U+207C
    { 0x207E, 140 }, // U+207E
    { 0x207F, 101 }, // U+207F
    { 0x2080, 124 }, // U+2080
    { 0x2081, 124 }, // U+2081
    { 0x2082, 124 }, // U+2082
    { 0x2083, 124 }, // U+2083
    { 0x2084, 141 }, // U+2084
    { 0x2086, 124 }, // U+2086
    { 0x2087, 142 }, // U+2087
    { 0x2088, 124 }, // U+2088
    { 0x2089, 124 }, // U+2089
    { 0x208A, 124 }, // U+208A
    { 0x208B, 124 }, // U+208B
    { 0x208C, 124 }, // U+208C
    { 0x208D, 124 }, // U+208D
    { 0x208E, 124 }, // U+208E
    { 0x2091, 124 }, // U+2091
    { 0x2092, 124 }, // U+2092
    { 0x2093, 124 }, // U+2093
    { 0x2095, 124 }, // U+2095
    { 0x2096, 124 }, // U+2096
    { 0x2097, 124 }, // U+2097
    { 0x2098, 124 }, // U+2098
    { 0x2099, 124 }, // U+2099
    { 0x209A, 124 }, // U+209A
    { 0x209B, 124 }, // U+209B
    { 0x209C, 124 }, // U+209C
    { 0x20A1, 29 }, // U+20A1
    { 0x20A7, 28 }, // U+20A7
    { 0x20A8, 28 }, // U+20A8
    { 0x20A9, 54 }, // U+20A9
    { 0x20AB, 41 }, // U+20AB
    { 0x20B2, 29 }, // U+20B2
    { 0x20B4, 143 }, // U+20B4
    { 0x20B5, 29 }, // U+20B5
    { 0x20B8, 144 }, // U+20B8
    { 0x20BF, 28 }, // U+20BF
    { 0x2192, 8 }, // U+2192
    { 0x21D2, 24 }, // U+21D2
    { 0x2206, 27 }, // U+2206
    { 0x2212, 8 }, // U+2212
    { 0x221E, 145 }, // U+221E
    { 0x222B, 44 }, // U+222B
    { 0x2236, 22 }, // U+2236
    { 0x2248, 24 }, // U+2248
    { 0x2260, 24 }, // U+2260
    { 0x2264, 24 }, // U+2264
    { 0x2265, 24 }, // U+2265
};

static const int8_t inter_14_ipa_fallbackKernMatrix[] = {
       0,    0,    0,    0,  -16,    0,    0,    0,  -38,    0,  -38,    0,    0,    0,    0,    0,  -29,    0,    0,    0,    0,    0,    0,    0,    0,    0,  -37,    0,    0,  -77,    0,    0,    0,    0,    0,    0,    0,    0,    0,    0,  -10,    0,    0,    0,    0,   -4,    0,    0,    0,    0,    0,    0,    0,    0,    0,    0,    0,    0,    0,    0,    0,    0,    0,    0,    0,    0,    0,    0,    0,    0,    0,  -10,    0,    0,    0,    0,  -10,    0,    0,    0,    0,    0,    0,    0,    0,  -10,    0,    0,    0,    0,    0,    0,    0,    0,    0,    0,    0,    0,    0,    0,    0,    0,    0,    0,    0,    0,    0,  -21,  -21,    0,    0,    0,    0,    0,    0,    0,    0,    0,    0,   -4,    0,    0,    0,    0,    0,    0,    0,    0,    0,    0,  -38,    0,    0,    0,    0,    0,    0,    0,    0,    0,    0,    0,    0,    0,    0,
       0,    0,    0,    0,    0,    0,    0,    0,    0,    0,    0,    0,    0,    0,    0,    0,    0,    0,    0,    0,    0,    0,    0,    0,    0,    0,    0,    0,    0,    0,   -3,    0,    0,    0,   -5,    0,    0,    0,    0,    0,    0,    0,    0,    0,    0,    0,    0,    0,    0,    0,    0,    0,    0,    0,    0,    0,    0,    0,    0,    0,    0,    0,    0,    0,    0,    0,    0,    0,    0,    0,    0,    0,    0,    0,    0,   21,    0,    0,    0,    0,    0,    0,   21,   21,    0,    0,   -3,   -3,   -3,    0,    0,    0,    0,   21,    0,    0,    0,    0,    0,    0,    0,    0,    0,    0,    0,    0,    0,    0,    0,   -5,    0,    0,    0,   -3,    0,    0,    0,    0,    0,    0,    0,    0,    0,    0,    0,    0,    0,    0,    0,    0,    0,    0,    0,    0,    0,    0,    0,    0,    0,    0,  -30,    0,    0,    0,    0,
       0,    0,    0,    0,    0,    0,    0,    0,    0,    0,    0,    0,    0,    0,    0,    0,    0,    0,    0,    0,    0,    0,    0,    0,    0,    0,    0,    0,    0,    0,    0,    0,    0,    0,    0,    0,    0,    0,    0,    0,    0,    0,    0,    0,    0,    0,    0,    0,    0,    0,    0,    0,    0,    0,    0,    0,    0,    0,    0,    0,    0,    0,    0,    0,    0,    0,    0,    0,    0,    0,    0,    0,    0,    0,    0,    0,    0,    0,    0,    0,    0,    0,    0,    0,    0,    0,    0,    0,    0,    0,    0,    0,    0,    0,    0,    0,    0,    0,    0,    0,    0,    0,    0,  -32,    0,    0,    0,    0,    0,    0,    0,    0,    0,    0,    0,    0,    0,    0,    0,    0,    0,    0,    0,    0,    0,    0,  -29,    0,    0,    0,    0,  -32,    0,    0,    0,    0,    0,    0,    0,    0,    0,    0,    0,    0,    0,
     -16,    0,    0,    0,    0,    0,    0,    0,    0,    0,    0,    0,    0,    0,    0,    0,    0,    0,    0,    0,    0,    0,    0,    0,    0,    0,    0,    0,    0,    0,  -26,    0,  -29,  -18,    0,  -34,    0,    0,    0,    0,    0,    0,    0,    0,    0,    0,    0,    0,  -16,  -16,    0,    0,    0,    0,  -18,    0,    0,  -10,    0,    0,    0,    0,    0,    0,    0,    0,    0,    0,    0,    0,    0,    0,    0,    0,    0,    0,    0,    0,  -16,    0,    0,    0,    0,    0,    0,    0,  -26,  -26,  -26,    0,    0,    0,    0,    0,    0,    0,    0,    0,    0,    0,    0,    0,    0,    0,    0,    0,    0,    0,    0,    0,    0,    0,    0,  -26,    0,    0,    0,    0,    0,    0,  -34,    0,    0,    0,    0,  -34,  -42,    0,    0,    0,    0,    0,    0,    0,    0,    0,    0,    0,    0,    0,    0,    0,    0,    0,    0,
       0,    0,    0,    0,    0,    0,    0,    0,    0,    0,    0,    0,    0,    0,    0,    0,    0,    0,    0,    0,    0,    0,    0,    0,    0,    0,    0,    0,    0,    0,    0,    0,    0,    0,    0,    0,    0,    0,    0,    0,   -5,    0,    0,   13,    0,    0,    0,    0,    0,    0,    0,    0,    0,    0,    0,    0,    0,    0,    0,    0,    0,    0,    0,    0,    0,    0,    0,    0,    0,    0,    0,   -5,    0,    0,    0,    0,   -5,    0,    0,    0,    0,    0,    0,    0,   13,   -5,    0,    0,    0,    0,    0,    0,   66,    0,    0,    0,    0,    0,    0,    0,    0,    0,    0,    0,    0,    0,    0,    0,    0,    0,    0,    0,    0,    0,    0,    0,    0,    0,    0,    0,    0,    0,    0,    0,    0,    0,    0,    0,    0,    0,    0,    0,    0,    0,    0,    0,    0,    0,    0,    0,    0,    0,    0,    0,    0,
       0,    0,    0,    0,    0,    0,    0,    0,    0,    0,    0,    0,    0,    0,    0,    0,    0,    0,    0,    0,    0,    0,    0,    0,    0,    0,    0,    0,    0,    0,    0,    0,    0,    0,    0,    0,    0,    0,    0,    0,    0,    0,    0,    0,    0,    0,    0,    0,    0,    0,    0,    0,    0,    0,    0,    0,    0,    0,    0,    0,    0,    0,    0,    0,    0,    0,    0,    0,    0,    0,    0,    0,    0,    0,    0,    0,    0,    0,    0,    0,    0,    0,    0,    0,    0,    0,    0,    0,    0,    0,    0,    0,    3,    0,    0,    0,    0,    0,    0,    0,    0,    0,    0,    0,    0,    0,    0,    0,    0,    0,    0,    0,    0,    0,    0,    0,    0,    0,    0,    0,    0,    0,    0,    0,    0,    0,  -16,    0,    0,    0,    0,    0,    0,    0,    0,    0,    0,    0,    0,    0,    0,    0,    0,    0,    0,
       0,    0,    0,    0,  -16,    0,    0,    0,  -64,    0,  -64,    0,    0,    0,    0,    0,  -21,    0,    0,    0,    0,    0,    0,    0,    0,   -4,  -37,    0,   -4,  -45,    0,    0,    0,    0,    0,    0,    0,    0,  -32,    0,    0,    0,    0,    0,    0,    0,    0,    0,    0,    0,    0,    0,    0,    0,    0,    0,    0,    0,    0,    0,    0,    0,    0,    0,    0,    0,    0,    0,    0,    0,    0,    0,    0,    0,    0,    0,    0,    0,    0,    0,    0,    0,    0,    0,    0,    0,    0,    0,    0,    0,    0,    0,    0,    0,    0,    0,    0,    0,    0,    0,    0,    0,    0,    0,    0,    0,    0,  -16,  -16,    0,    0,   -4,    0,    0,    0,    0,    0,    0,    0,    0,    0,    0,    0,    0,    0,    0,    0,    0,    0,    0,  -64,    0,    0,    0,    0,    0,    0,    0,    0,    0,    0,    0,    0,    0,    0,
       0,    0,    0,    0,    0,    0,    0,    0,    0,    0,    0,    0,    0,    0,  -16,   -5,    0,    0,  -10,    0,    0,    0,    0,    0,    0,    0,  -16,    0,    0,  -21,  -34,    0,  -24,  -24,  -18,  -37,    0,    0,    0,    0,    0,    0,    0,    0,    0,    0,    0,    0,   -1,    0,  -10,    0,    0,    0,    0,    0,    0,    0,    0,    0,    0,   -8,    0,    0,    0,    0,    0,    0,    0,    0,    0,    0,    0,    0,    0,    0,    0,    0,   -1,    0,    0,    0,    0,    0,    0,    0,  -50,  -50,  -34,    0,    0,    0,    0,    0,    0,    0,    0,    0,    0,    0,    0,    0,    0,    0,    0,    0,    0,    0,    0,  -68,  -29,    0,    0,  -66,    0,    0,    0,    0,    0,    0,  -37,    0,    0,    0,    0,  -37,  -29,    0,    0,    0,    0,    0,    0,    0,    0,    0,    0,    0,    0,    0,    0,    0,    0,    0,    0,
     -38,    0,    0,    0,    0,    0,    0,    0,    0,    0,    0,    0,  -12,  -41,    0,  -11,    0,   -7,   -7,   -9,   -3,    0,    0,    0,  -46,  -21,    0,    0,  -21,    0,  -16,    0,    0,    0,    0,  -16,    0,    0,    0,    0,    0,    0,    0,    0,    0,    0,    0,    0,    0,    0,    0,    0,    0,    0,    0,    0,    0,    0,    0,    0,    0,  -25,    0,    0,    0,    0,    0,    0,    0,    0,    0,    0,    0,    0,    0,    0,    0,    0,    0,    0,    0,    0,    0,    0,    0,    0,  -16,  -16,  -16,    0,    0,    0,    0,    0,    0,    0,    0,    0,    0,    0,    0,    0,    0,  -26,    0,    0,    0,    0,    0,    0,  -11,  -21,    0,  -16,    0,    0,    0,  -21,    0,    0,  -16,    0,    0,    0,    0,  -31,    0,    0,  -64,  -64,    0,  -26,    0,    0,    0,    0,    0,    0,    0,    0,    0,    0,    0,    0,    0,
       0,    0,    0,    0,    0,    0,    0,    0,  -18,    0,  -18,    0,    0,    0,    0,    0,    0,    0,    0,    0,    0,    0,    0,    0,    0,    0,  -11,    0,    0,  -29,    0,    0,    0,    0,    0,    0,    0,    0,    0,    0,    0,    0,    0,    0,    0,    0,    0,    0,    0,    0,    0,    0,    0,    0,    0,    0,    0,    0,    0,    0,    0,    0,    0,    0,    0,    0,    0,    0,    0,    0,    0,    0,    0,    0,    0,    0,    0,    0,    0,    0,    0,    0,    0,    0,    0,    0,    0,    0,    0,    0,    0,    0,   31,    0,    0,    0,    0,    0,    0,    0,    0,    0,    0,    0,    0,    0,    0,    0,    0,    0,    0,    0,    0,    0,    0,    0,    0,    0,    0,    0,    0,    0,    0,    0,    0,    0,    0,    0,    0,    0,  -18,    0,    0,    0,    0,    0,    0,    0,    0,    0,    0,    0,    0,    0,    0,
       0,    0,    0,    0,    0,    0,    0,    0,  -12,    0,  -12,    0,    0,    0,    0,    0,    0,    0,   -9,    0,    0,    0,    0,    0,    0,    0,   -3,    0,    0,    0,    0,    0,   -6,    0,  -16,  -16,    0,    0,  -21,    0,    0,    0,    0,    0,    0,    0,    7,    0,    0,    0,    0,    0,    0,    0,    0,    0,    0,    0,    0,    0,    0,    0,    0,    0,    0,    0,    0,    0,    0,    0,    0,    0,    0,    0,    0,    0,    0,    0,    0,    0,    0,    0,    0,    0,    0,    0,    0,    0,    0,    0,    0,    0,    0,    0,    0,    0,    0,    7,    0,    0,    0,    0,    0,    0,    0,    0,    0,    0,    0,  -16,    0,    0,    0,    0,    0,    0,    7,    0,    7,    0,  -16,    0,    0,    0,    0,  -16,  -21,  -24,    0,    0,  -12,    0,    0,    0,    0,    0,    0,    0,    0,    0,    0,    0,    0,    0,    0,
       0,    0,    0,    0,    0,    0,    0,    0,    0,    0,    0,    0,    0,    0,    0,    0,    0,    0,    0,    0,    0,    0,    0,    0,    0,    0,    0,    0,    0,    0,    0,    0,    0,    0,    0,    0,    0,    0,    0,    0,    0,    0,    0,    0,    0,    0,    6,    0,    2,    0,    0,    0,    0,    0,    0,    0,    0,    0,    0,    0,    0,    0,    0,    0,    0,    0,    0,   16,    0,    0,    0,    0,    0,    0,    0,   29,    0,    0,    2,    0,   16,    0,   29,   29,    0,    0,    0,    0,    0,    0,    0,    0,   22,   29,    0,    0,    0,    6,    0,    0,    0,    0,    0,    0,    0,    0,    0,    0,    0,    0,    0,    0,    0,    0,    0,    0,    6,    0,    6,    0,    0,    0,    0,    0,    0,    0,    0,    0,    0,    0,    0,    0,    0,    0,    0,    0,    0,    0,    0,    0,    0,    0,    0,    0,    0,
       0,    0,    0,    0,    0,    0,    0,    0,    0,    0,    0,    0,    0,    0,    0,    0,   -7,    0,    0,    0,    0,    0,    0,    0,    0,    0,    0,    0,    0,    0,    0,    0,    0,    0,    0,    0,    0,    0,    0,    0,    0,    0,    0,    0,    0,    0,    0,    0,    0,    0,    0,    0,    0,    0,    0,    0,    0,    0,    0,    0,    0,    0,    0,    0,    0,    0,    0,    0,    0,    0,    0,    0,    0,    0,    0,    0,    0,    0,    0,    0,    0,    0,    0,    0,    0,    0,    0,    0,    0,    0,    0,    0,    0,    0,    0,    0,    0,    0,    0,    0,    0,    0,    0,    0,    0,    0,    0,    0,    0,    0,    0,    0,    0,    0,    0,    0,    0,    0,    0,    0,    0,    0,    0,    0,    0,    0,    0,    0,    0,    0,    0,    0,    0,    0,    0,    0,    0,    0,    0,    0,    0,    0,    0,    0,    0,
       0,    0,    0,    0,    0,    0,   -8,    0,  -10,    0,  -10,    0,    0,    0,    0,    0,    0,    0,    0,    0,    0,    0,    0,    0,    0,    0,    0,    0,    0,    0,    0,    0,    0,    0,   -9,    0,    0,   -8,    0,    0,    0,    0,    0,    0,    0,    0,    0,    0,    0,    0,    0,    0,    0,    0,    0,  -16,    0,    0,   -8,    0,    0,    0,    0,    0,    0,    0,    0,    0,    0,    0,    0,    0,    0,    0,    0,    0,    0,    0,    0,    0,    0,    0,    0,    0,    0,    0,    0,    0,    0,    0,    0,    0,    0,    0,    0,    0,    0,    0,    0,    0,    0,    0,    0,    0,    0,    0,    0,    0,    0,   -9,    0,    0,    0,    0,    0,    0,    0,    0,    0,    0,    0,    0,    0,    0,    0,    0,    0,  -24,    0,    0,  -10,    0,    0,    0,    0,    0,    0,    0,    0,    0,    0,    0,    0,    0,    0,
       0,    0,    0,    0,    0,    0,  -12,    0,  -16,    0,  -16,    0,    0,  -11,    0,    0,    0,    0,   -4,    0,    0,    0,    0,    0,    0,    0,    0,    0,    0,    0,    0,    0,    0,    0,    0,    0,    0,  -12,    0,    0,    0,    0,    0,    0,    0,    0,   -2,    0,    0,    0,    0,    0,    0,    0,    0,    0,    0,   -3,  -12,    0,    0,  -18,    0,    0,    0,    0,    0,    0,    0,    0,    0,    0,    0,    0,    0,    0,    0,    0,    0,    0,    0,    0,    0,    0,    0,    0,    0,    0,    0,    0,    0,    0,    0,    0,    0,    0,    0,   -2,    0,    0,    0,    0,    0,    0,    0,    0,    0,    0,    0,    0,    0,    0,    0,    0,    0,    0,   -2,    0,   -2,    0,    0,    0,    0,    0,    0,    0,    0,    0,    0,    0,  -16,    0,    0,    0,    0,    0,    0,    0,    0,    0,    0,    0,    0,    0,    0,
       0,    0,    0,    0,    0,    0,   -2,    0,  -13,    0,  -13,    0,    0,   -2,    0,    0,    0,    0,    0,    0,    0,    0,    0,    0,    0,    0,    0,    0,    0,    0,    0,    0,    0,    0,    0,    0,    0,   -2,    0,    0,    0,    0,    0,    0,    0,    0,   -2,    0,    0,    0,    0,    0,    0,    0,    0,    0,    0,   -3,   -2,    0,    0,    0,    0,    0,    0,    0,    0,    0,    0,    0,    0,    0,    0,    0,    0,    0,    0,    0,    0,    0,    0,    0,    0,    0,    0,    0,    0,    0,    0,    0,    0,    0,    0,    0,    0,    0,    0,   -2,    0,    0,    0,    0,    0,    0,    0,    0,    0,    0,    0,    0,    0,    0,    0,    0,    0,    0,   -2,    0,   -2,    0,    0,    0,    0,    0,    0,    0,    0,    0,    0,    0,  -13,    0,    0,    0,    0,    0,    0,    0,    0,    0,    0,    0,    0,    0,    0,
       0,    0,    0,    0,    0,    0,    0,    0,  -15,    0,  -15,    0,    0,    0,    0,    0,    0,    0,    0,    0,    0,    0,    0,    0,    0,    0,    0,    0,    0,    0,    0,    0,    0,    0,    0,    0,    0,    0,  -21,    0,    0,    0,    0,    0,    0,    0,    0,    0,    0,    0,    0,    0,    0,    0,    0,    0,    0,    0,    0,    0,    0,    0,    0,    0,    0,    0,    0,    0,    0,    0,    0,    0,    0,    0,    0,    0,    0,    0,    0,    0,    0,    0,    0,    0,    0,    0,    0,    0,    0,    0,    0,    0,    0,    0,    0,    0,    0,    0,    0,    0,    0,    0,    0,    0,    0,    0,    0,    0,    0,    0,    0,    0,    0,    0,    0,    0,    0,    0,    0,    0,    0,    0,    0,    0,    0,    0,    0,  -21,    0,    0,  -15,    0,    0,    0,    0,    0,    0,    0,    0,    0,    0,    0,    0,    0,    0,
       0,  -26,    0,    1,  -21,    0,    2,    0,  -58,    0,  -58,    0,   -7,    0,    0,   -8,  -27,   -5,    9,   -7,   -5,  -16,  -42,    0,    0,    0,  -50,    0,    0,  -45,    0,    0,    0,    0,    0,    0,    0,    2,  -74,  -21,  -24,    0,    0,    0,  -24,  -21,    0,    0,    0,    0,    0,    0,    0,    0,    0,  -29,    0,    0,    2,    0,    0,    0,    0,    0,    0,    0,    0,    0,    0,  -21,  -21,  -24,    0,    0,    0,   42,  -24,    0,    0,  -21,    0,    0,   42,   42,    0,  -24,    0,    0,    0,    0,    0,    0,    0,   42,  -24,    0,    0,    0,    0,    0,    0,    0,    0,    0,    0,    0,    0,  -48,  -48,    0,   -8,    0,    0,    0,    0,    0,    0,    0,    0,  -21,    0,    0,    0,    0,    0,    0,    0,  -66,    0,    0,  -58,    0,    0,    0,    0,    0,    0,    0,    0,    0,  -42,    0,    0,    0,    0,
       0,    0,    0,    0,    0,    0,    0,    0,    0,    0,    0,    0,    0,    0,    0,    0,    0,    0,    0,    0,    0,    0,    0,    0,    0,    0,    0,    0,    0,    0,  -16,    0,  -29,    0,    0,    0,    0,    0,    0,    0,    0,    0,    0,    0,    0,    0,    0,    0,    0,    0,    0,    0,    0,    0,    0,    0,    0,    0,    0,    0,    0,    0,    0,    0,    0,    0,    0,    0,    0,    0,    0,    0,    0,    0,    0,    0,    0,    0,    0,    0,    0,    0,    0,    0,    0,    0,  -16,  -16,  -16,    0,    0,    0,    0,    0,    0,    0,    0,    0,    0,    0,    0,    0,    0,    0,    0,    0,    0,    0,    0,    0,    0,    0,    0,  -39,    0,    0,    0,    0,    0,    0,    0,    0,    0,    0,    0,    0,  -21,    0,    0,    0,    0,    0,    0,    0,    0,    0,    0,    0,    0,    0,    0,    0,    0,    0,    0,
       0,    0,    0,    0,    0,    0,    0,    0,    0,    0,    0,    0,    0,    0,    0,    0,    0,    0,    0,    0,    0,    0,    0,    0,    0,    0,  -24,    0,    0,    0,  -21,    0,  -32,  -29,  -24,  -45,    0,    0,    0,    0,    0,    0,    0,    0,    0,    0,    0,    0,  -18,    0,  -16,    0,    0,    0,    0,    0,    0,    0,    0,    0,    0,    0,    0,    0,    0,    0,    0,    0,    0,    0,    0,    0,    0,    0,    0,    0,    0,    0,  -18,    0,    0,    0,    0,    0,    0,    0,  -21,  -21,  -21,    0,    0,    0,    0,    0,    0,    0,    0,    0,    0,    0,    0,    0,    0,    0,    0,    0,    0,    0,    0,  -24,    0,    0,    0,  -21,    0,    0,    0,    0,    0,    0,  -45,    0,    0,    0,    0,  -45,  -26,    0,    0,    0,    0,    0,    0,    0,    0,    0,    0,    0,    0,    0,    0,    0,    0,  -18,    0,
       0,    0,    0,    0,    0,    0,    0,    0,    0,    0,    0,    0,    0,    0,    0,    0,    0,    0,  -34,    0,    0,    0,    0,    0,    0,    0,    0,    0,    0,    0,  -37,    0,  -34,  -34,  -26,  -42,  -29,    0,    0,    0,    0,    0,    0,    0,    0,    0,    0,    0,    0,    0,    0,    0,    0,    0,    0,    0,    0,    0,    0,    0,    0,    0,    0,    0,    0,    0,    0,    0,    0,    0,    0,    0,    0,    0,    0,    0,    0,    0,    0,    0,    0,    0,    0,    0,    0,    0,  -37,  -37,  -37,    0,    0,    0,    0,    0,    0,    0,    0,    0,    0,    0,    0,    0,    0,    0,    0,    0,    0,  -16,  -16,  -24,    0,    0,    0,  -34,    0,    0,    0,    0,    0,    0,  -42,    0,    0,    0,    0,  -42,  -45,    0,    0,    0,    0,    0,    0,    0,    0,    0,    0,    0,    0,    0,    0,    0,    0,  -34,    0,
       0,    0,    0,    0,    0,    0,    0,    0,    0,    0,    0,    0,    0,    0,    0,    0,    0,    0,    0,    0,    0,    0,    0,    0,    0,    0,  -29,    0,    0,    0,    0,    0,    0,    0,    0,    0,    0,    0,    0,    0,    0,    0,    0,    0,    0,    0,    0,    0,    0,    0,    0,    0,    0,    0,    0,    0,    0,    0,    0,    0,    0,    0,    0,    0,    0,    0,    0,    0,    0,    0,    0,    0,    0,    0,    0,    0,    0,    0,    0,    0,    0,    0,    0,    0,    0,    0,    0,    0,    0,    0,    0,    0,    0,    0,    0,    0,    0,    0,    0,    0,    0,    0,    0,    0,    0,    0,    0,    0,    0,    0,    0,    0,    0,    0,    0,    0,    0,    0,    0,    0,    0,    0,    0,    0,    0,    0,    0,    0,    0,    0,    0,    0,    0,    0,    0,    0,    0,    0,    0,    0,    0,    0,    0,    0,    0,
       0,    0,    0,    0,    0,    0,    0,    0,  -21,    0,  -21,  -18,    0,    0,    0,    0,    0,    0,    0,    0,    0,    0,    0,    0,    0,    0,  -15,    0,    0,    0,  -15,    0,  -16,   -2,  -18,  -18,    0,    0,  -18,    0,    0,    0,    0,    0,    0,    0,    0,    0,    0,    0,    0,    0,    0,    0,    0,    0,    0,   -3,    0,    0,    0,    0,    0,    0,    0,    0,    0,    0,    0,    0,    0,    0,    0,    0,    0,    0,    0,    0,    0,    0,    0,    0,    0,    0,    0,    0,  -15,  -15,  -15,    0,    0,    0,    0,    0,    0,    0,    0,    0,    0,    0,    0,    0,    0,    0,    0,    0,    0,    0,    0,  -42,    0,    0,    0,  -31,    0,    0,    0,    0,    0,    0,  -18,    0,    0,  -18,    0,  -18,  -16,  -18,    0,    0,  -21,    0,    0,    0,    0,    0,    0,    0,    0,    0,  -46,    0,    0,    0,    0,
     -37,    0,    0,    0,    0,    0,  -37,  -16,    0,  -16,    0,    9,   -3,  -20,    0,    0,    0,    0,    0,    0,    0,    0,    0,  -24,  -29,  -15,    6,    0,  -15,    0,  -41,  -11,  -35,  -27,    0,  -38,    0,  -37,    0,    0,   -2,    0,    2,    0,    0,    0,  -10,    0,  -32,  -32,    0,    0,  -16,    0,  -34,  -16,  -16,  -33,  -37,    0,    0,  -23,  -16,    0,  -16,    0,    0,    0,  -16,    0,    0,   -2,    2,    2,    2,    0,   -2,    0,  -32,    0,    0,    0,    0,    0,    0,   -2,  -41,  -41,  -67,    0,    0,    2,    0,    0,  -16,    0,    0,  -10,    0,    0,    0,    0,    0,  -48,  -16,    0,    0,    0,    0,    0,    0,  -15,    0,  -41,    0,    0,  -10,  -33,  -10,    0,  -38,    0,    0,    0,    0,  -38,  -61,    0,    0,    0,    0,  -48,   -3,    0,    0,    0,    0,    0,    0,    0,    0,    0,    0,  -24,    0,
       0,    0,    0,    0,    0,    0,    0,    0,    0,    0,    0,    0,    0,    0,    0,    0,    0,    0,    0,    0,    0,    0,    0,    0,    0,    0,    0,    0,    0,    0,  -25,    0,    0,    0,    0,    0,    0,    0,    0,    0,    0,    0,    0,    0,    0,    0,    0,    0,    0,    0,    0,    0,    0,    0,    0,    0,    0,    0,    0,    0,    0,    0,    0,    0,    0,    0,    0,    0,    0,    0,    0,    0,    0,    0,    0,   16,    0,    0,    0,    0,    0,    0,   16,   16,    0,    0,  -25,  -25,  -25,    0,    0,    0,    0,   16,    0,    0,    0,    0,    0,    0,    0,    0,    0,    0,    0,    0,    0,    0,    0,    0,    0,    0,    0,  -25,    0,    0,    0,    0,    0,    0,    0,    0,    0,    0,    0,    0,  -23,    0,    0,    0,    0,    0,    0,    0,    0,    0,    0,    0,    0,    0,    0,    0,    0,    0,    0,
       0,    0,    0,    0,    0,    0,    0,    0,    0,    0,    0,    0,    0,    0,    0,    0,    0,    0,    0,    0,    0,    0,    0,    0,    0,    0,   -9,    0,    0,    0,    0,    0,    0,    0,   -3,    0,    0,    0,  -18,    0,    0,    0,    0,    0,    0,    0,    0,    0,    0,    0,    0,    0,    0,    0,    0,    0,    0,    0,    0,    0,    0,    0,    0,    0,    0,    0,    0,    0,    0,    0,    0,    0,    0,    0,    0,   16,    0,    0,    0,    0,    0,    0,   16,   16,    0,    0,    0,    0,    0,    0,    0,    0,    0,   16,    0,    0,    0,    0,    0,    0,    0,    0,    0,    0,    0,    0,    0,    0,    0,   -3,    0,    0,    0,    0,    0,    0,    0,    0,    0,    0,    0,    0,    0,    0,    0,    0,    0,    0,    0,    0,    0,    0,    0,    0,    0,    0,    0,    0,    0,    0,    0,    0,    0,    0,    0,
       0,    0,    0,    0,    0,    0,    0,    0,    0,    0,    0,    0,    0,    0,    0,    0,    0,    0,    0,    0,    0,    0,    0,    0,    0,    0,    0,    0,    0,    0,    0,    0,    0,    0,    0,    0,    0,    0,    0,    0,    0,    0,    0,    0,    0,    0,    0,    0,    0,    0,    0,    0,    0,    0,    0,    0,    0,    0,    0,    0,    0,    0,    0,    0,    0,    0,    0,    0,    0,    0,    0,    0,    0,    0,    0,   34,    0,    0,    0,    0,    0,    0,   34,   34,    0,    0,    0,    0,    0,    0,    0,    0,   26,   34,    0,    0,    0,    0,    0,    0,    0,    0,    0,    0,    0,    0,    0,    0,    0,    0,    0,    0,    0,    0,    0,    0,    0,    0,    0,    0,    0,    0,    0,    0,    0,    0,    0,    0,    0,    0,    0,    0,    0,    0,    0,    0,    0,    0,    0,    0,    0,    0,    0,    0,    0,
       0,    0,    0,    0,    0,    0,    0,    0,  -18,    0,  -34,   -1,    0,    0,    0,    0,    0,    0,    0,    0,    0,    0,    0,    0,    0,   -1,  -42,    0,   -1,  -32,    0,    0,    0,    0,    0,    0,    0,    0,  -16,  -10,  -15,    0,    0,    0,  -12,    0,    0,  -16,  -16,    0,    0,  -16,    0,    0,    0,    0,    0,    0,    0,    0,  -16,    0,    0,    0,    0,    0,    0,    0,    0,  -10,  -10,  -15,    0,    0,    0,    0,  -15,  -16,  -16,  -10,    0,    0,    0,    0,    0,  -15,    0,    0,    0,  -16,    0,    0,   54,    0,    0,  -16,    0,    0,    0,    0,    0,    0,    0,    0,    0,    0,    0,    0,    0,    0,    0,   -1,    0,    0,    0,    0,    0,    0,    0,    0,    0,    0,    0,    0,    0,    0,    0,  -56,    0,    0,  -58,    0,    0,    0,    0,    0,    0,    0,    0,    0,  -26,    0,    0,    0,    0,
       0,    0,    0,    0,    0,    0,    0,    0,    0,    0,    0,    0,    0,    0,    0,    0,    0,    0,    0,    0,    0,    0,    0,    0,    0,    0,  -10,    0,    0,    0,  -14,    0,  -10,    0,   -3,  -10,    0,    0,    0,    0,    0,    0,    0,    0,    0,    0,    0,    0,    0,    0,    0,    0,    0,    0,    0,    0,    0,    0,    0,    0,    0,    0,    0,    0,    0,    0,    0,    0,    0,    0,    0,    0,    0,    0,    0,   16,    0,    0,    0,    0,    0,    0,   16,   16,    0,    0,  -14,  -14,  -14,    0,    0,    0,   10,   16,    0,    0,    0,    0,    0,    0,    0,    0,    0,    0,    0,    0,    0,    0,    0,   -3,    0,    0,    0,  -14,    0,    0,    0,    0,    0,    0,  -10,    0,    0,    0,    0,  -10,    0,    0,    0,    0,    0,    0,    0,    0,    0,    0,    0,    0,    0,    0,    0,    0,    0,    0,    0,
       0,    0,    0,    0,    0,    0,    0,    0,  -16,    0,  -16,  -26,    0,    0,    0,    0,    0,    0,    0,    0,    0,    0,    0,    0,    0,    0,  -11,    0,    0,    0,    0,    0,    0,    0,    0,    0,    0,    0,  -24,    0,    0,    0,    0,    0,    0,    0,    0,    0,    0,    0,    0,    0,    0,    0,    0,    0,    0,    0,    0,    0,    0,    0,    0,    0,    0,    0,    0,    0,    0,    0,    0,    0,    0,    0,    0,    0,    0,    0,    0,    0,    0,    0,    0,    0,    0,    0,    0,    0,    0,    0,    0,    0,   22,    0,    0,    0,    0,    0,    0,    0,    0,    0,    0,    0,    0,    0,    0,    0,    0,    0,    0,    0,    0,    0,    0,    0,    0,    0,    0,    0,    0,    0,    0,    0,    0,    0,    0,  -37,    0,    0,  -16,    0,    0,    0,    0,    0,    0,    0,    0,    0,    0,    0,    0,    0,    0,
       0,    0,   -5,    0,    0,    0,    0,  -50,    0,  -50,    0,    0,    0,    0,    0,    0,    0,    0,    0,    0,    0,    0,  -32,  -16,    0,  -16,    0,    0,  -16,    0,    0,    0,    0,    0,    0,    0,    0,    0,    0,    0,  -18,    0,    6,    0,    0,    0,    0,  -16,  -18,  -29,    0,    0,  -50,    0,    0,  -24,  -74,   -7,    0,    0,  -16,    0,  -72,    0,    0,    0,    0,    0,  -16,    0,    0,  -18,    6,    6,    6,   40,  -18,  -16,  -18,    0,    0,    0,   40,   40,    0,  -18,    0,    0,    0,  -16,    0,    6,   40,   40,    0,    0,    0,    0,    0,    0,    0,    0,    0,    0,  -16,    0,    0,    0,    0,    0,    0,  -16,    0,    0,    0,    0,    0,  -48,    0,    0,    0,    0,    0,    0,    0,    0,    0,    0,    0,    0,    0,    0,    0,    0,    0,    0,    0,    0,    0,    0,    0,    0,    0,    0,  -16,
     -42,    0,    0,    0,    0,    0,  -79,  -40,    0,  -63,    0,    0,    0,  -21,    0,    0,    0,    0,    0,    0,    0,    0,    0,    0,   -8,  -13,    0,    0,  -13,    0,  -45,    0,  -32,    0,    0,  -26,    0,  -61,    0,    0,    0,    0,    0,    0,    0,    0,  -10,    0,  -32,    0,    0,    0,  -58,    0,  -45,  -29, -100,  -38,  -82,    0,    0,  -41,  -69,    0,    0,    0,    0,    0,  -16,    0,    0,    0,    0,    0,    0,    0,    0,    0,  -32,    0,    0,    0,    0,    0,    0,    0,  -45,  -45,  -45,    0,    0,    0,    0,    0,    0,    0,    0,  -10,    0,    0,    0,    0,    0,  -18,  -16,    0,    0,    0,    0,    0,    0,  -13,    0,  -45,    0,    0,  -10,  -70,  -10,    0,  -26,    0,    0,    0,    0,  -53,  -40,    0,  -21,  -21,    0,  -50,    0,    0,    0,    0,    0,    0,    0,    0,    0,    0,    0,    0,    0,
       0,    0,    0,    0,  -16,    0,    0,  -21,  -18,  -21,  -34,    0,    0,    0,    0,    0,    0,    0,    0,    0,    0,    0,    0,    0,    0,    0,  -34,    0,    0,  -45,   -1,    0,    0,    0,    0,    0,    0,    0,    0,   -3,   -5,    0,    0,    0,   -1,    0,    0,    0,    0,    0,    0,    0,  -21,    0,    0,    0,  -21,    0,    0,    0,    0,    0,  -21,    0,    0,    0,    0,    0,    0,   -3,   -3,   -5,    0,    0,    0,    0,   -5,    0,    0,   -3,    0,    0,    0,    0,    0,   -5,   -1,   -1,   -1,    0,    0,    0,    0,    0,    0,    0,    0,    0,    0,    0,    0,    0,    0,    0,    0,    0,    0,    0,    0,    0,    0,    0,    0,   -1,    0,    0,    0,    0,    0,    0,    0,    0,    0,    0,    0,    0,    0,  -66,    0,    0,  -63,    0,    0,    0,    0,    0,    0,    0,    0,    0,  -37,    0,    0,    0,    0,
       0,    0,    0,    0,    0,    0,    0,    0,    0,    0,    0,    0,    0,    0,    0,    0,    0,    0,    0,    0,    0,    0,    0,    0,    0,    0,    0,    0,    0,    0,   -2,    0,   -8,    0,    0,  -11,    0,    0,    0,   -3,   -7,    0,    0,    0,    0,    0,    0,    0,    0,    0,    0,    0,    0,    0,    0,    0,    0,    0,    0,    0,    0,    0,    0,    0,    0,    0,    0,    0,    0,   -3,   -3,   -7,    0,    0,    0,   21,   -7,    0,    0,   -3,    0,    0,   21,   21,    0,   -7,   -2,   -2,   -2,    0,    0,    0,    0,   21,    0,    0,    0,    0,    0,    0,    0,    0,    0,    0,    0,    0,    0,    0,    0,    0,    0,    0,    0,   -2,    0,    0,    0,    0,    0,    0,  -11,    0,    0,    0,    0,  -11,    0,    0,    0,    0,    0,    0,    0,    0,    0,    0,    0,    0,    0,    0,    0,    0,    0,    0,    0,
       0,    0,    0,    0,  -16,    0,    0,  -34,  -16,  -34,  -16,  -61,  -16,    0,    0,    0,  -32,    0,  -37,    0,    0,  -16,  -37,  -16,    0,  -15,  -41,    0,  -15,  -42,    0,    0,    0,    0,    0,    7,    0,    0,  -26,  -38,  -41,   -2,    0,    0,  -30,  -39,  -38,  -36,  -34,  -34,  -33,  -27,  -34,    0,    0,  -61,  -34,    0,    0,    0,  -84,    0,  -71,    0,  -24,    0,    0,    0,  -16,  -57,  -57,  -64,    0,    0,    0,   42,  -64,  -64,  -50,  -38,    0,    0,   42,   42,    0,  -41,    0,    0,    0,  -55,    0,    0,   59,   42,  -61,  -46,    0,  -38,    0,    0,    0,    0,    0,    0,  -16,    0,    0,  -62,  -62,    0,    0,  -15,    0,    0,    0,    0,  -38,  -29,  -38,  -39,    7,    0,    0,    0,    0,    7,    0,  -56,    0,    0,  -55,    0,    0,    0,    0,    0,    0,    0,    0,    0,  -58,    0,    0,    0,    0,
       0,    0,    0,    0,  -24,    0,    0,  -24,  -45,  -24,  -45,  -22,   -6,    0,    0,    0,  -16,    0,    0,    0,    0,  -29,  -34,  -29,    0,  -31,  -35,    0,  -16,  -45,    0,    0,    8,    0,    0,    0,    0,    0,  -37,  -25,  -26,    0,    0,    0,   -4,  -21,    0,    0,    0,    0,    0,    0,  -24,    0,    0,  -26,  -53,    0,    0,    0,    0,    0,  -42,    0,    0,    0,    0,    0,  -18,  -25,  -44,  -26,    0,    0,    0,   40,  -47,    0,    0,  -25,    0,    0,   40,   40,    0,  -26,    0,    0,    0,    0,    0,    0,   18,   40,    0,    0,    0,    0,    0,    0,    0,    0,    0,    0,  -18,    0,    0,  -57,  -57,    0,    0,  -16,    0,    0,    0,    0,    0,   -8,    0,  -21,    0,    0,    0,  -62,    0,    0,    0,  -53,    0,    0,  -45,    0,    0,    0,    0,    0,    0,    0,    0,    0,  -72,    0,    0,    0,    0,
       0,    0,    0,    0,  -24,    0,    0,  -24,  -45,  -24,  -45,    0,    0,    0,    0,    0,  -16,    0,    0,    0,    0,  -24,  -34,  -29,    0,   -2,  -27,    0,   -2,  -29,    0,    0,    0,   10,    0,    0,    0,    0,    0,  -24,  -24,    0,    0,    0,  -14,  -16,    0,    0,    0,    0,    0,    0,  -24,    0,    0,  -26,  -24,    0,    0,    0,    0,    0,  -39,    0,    0,    0,    0,    0,    0,  -24,  -24,  -24,    0,    0,    0,    0,  -24,    0,    0,  -24,    0,    0,    0,    0,    0,  -24,    0,    0,    0,    0,    0,    0,   40,    0,    0,    0,    0,    0,    0,    0,    0,    0,    0,    0,    0,    0,    0,    0,    0,    0,    0,   -2,    0,    0,    0,    0,    0,  -14,    0,  -16,    0,    0,    0,  -41,    0,    0,    0,  -50,    0,    0,  -45,    0,    0,    0,    0,    0,    0,    0,    0,    0,  -50,    0,    0,    0,    0,
       0,    0,   -5,    0,    0,    0,    0,  -18,    0,  -18,    0,    0,  -16,    0,    0,   -9,  -18,    0,    0,   -9,    0,    0,  -26,  -24,    0,  -18,    0,    0,  -18,    0,  -14,    0,    0,    0,    0,    0,    0,    0,    0,  -26,  -13,    0,    0,    0,    0,    0,    0,    0,    0,    0,    0,    0,  -33,    0,    0,  -18,  -41,   -3,    0,    0,    0,    0,  -39,    0,    0,    0,    0,    0,  -21,  -26,  -26,  -13,    0,    0,    0,    0,  -13,    0,    0,  -26,    0,    0,    0,    0,    0,  -13,  -14,  -14,  -14,    0,    0,    0,   40,    0,    0,    0,    0,    0,    0,    0,    0,    0,    0,    0,  -21,    0,    0,    0,    0,    0,   -9,  -42,  -16,  -14,    0,    0,  -29,  -37,    0,    0,    0,    0,    0,    0,    0,    0,    0,    0,    0,    0,    0,    0,    0,    0,    0,    0,    0,    0,    0,    0,    0,    0,  -16,    0,    0,
       0,    0,    0,    0,  -29,    0,    0,  -37,  -16,  -37,  -16,    0,    0,    0,    0,    0,  -32,    0,    0,    0,    0,  -29,  -48,  -45,    0,  -18,  -38,    0,  -18,  -16,    7,    0,    0,    0,    0,    0,    0,    0,    0,  -36,  -38,    0,  -13,    0,  -21,  -32,    0,  -18,    0,    0,    0,    0,  -37,    0,    0,  -42,  -61,   -4,    0,    0,  -18,    0,  -61,    0,  -29,    0,    0,    0,  -40,  -68,  -58,  -38,  -13,  -26,  -13,    0,  -38,  -18,    0,  -59,    0,    0,    0,    0,    0,  -64,    7,    7,    7,  -18,    0,  -13,   40,    0,    0,    0,    0,    0,    0,    0,    0,    0,    0,    0,  -18,    0,    0,    0,    0,    0,    0,  -18,    0,    7,    0,    0,    0,  -26,    0,  -32,    0,    0,    0,  -70,    0,    0,    0,  -50,    0,    0,  -61,    0,    0,    0,    0,    0,    0,    0,    0,    0,  -82,    0,    0,    0,  -16,
       0,    0,    0,    0,    0,    0,    0,  -18,    0,  -18,    0,    0,    0,    0,    0,    0,    0,    0,    0,    0,    0,    0,  -29,    0,    0,  -16,    0,    0,  -16,    0,    0,    0,    0,    0,    0,    0,    0,    0,    0,    0,    0,    0,    0,    0,    0,    0,    0,    0,    0,    0,    0,    0,  -18,    0,    0,  -16,  -18,    0,    0,    0,    0,    0,  -34,    0,    0,    0,    0,    0,    0,    0,    0,    0,    0,    0,    0,   40,    0,    0,    0,    0,    0,    0,   40,   40,    0,    0,    0,    0,    0,    0,    0,    0,   16,   40,    0,    0,    0,    0,    0,    0,    0,    0,    0,    0,    0,    0,    0,    0,    0,    0,    0,  -16,    0,    0,    0,    0,    0,  -14,    0,    0,    0,    0,    0,    0,    0,    0,    0,    0,    0,    0,    0,    0,    0,    0,    0,    0,    0,    0,    0,    0,    0,    0,    0,    0,    0,
       0,    0,    0,    0,    0,    0,    0,    0,    0,    0,    0,    0,    0,    0,    0,    0,    0,    0,    0,    0,    0,    0,    0,    0,    0,    0,    0,    0,    0,    0,    0,    0,    0,    0,    0,    0,    0,    0,    0,    0,   -5,    0,    0,   13,    0,    0,    0,    0,    0,    0,    0,    0,    0,    0,    0,    0,    0,    0,    0,    0,    0,    0,    0,    0,    0,    0,    0,    0,    0,    0,    0,   -5,    0,    0,    0,    0,   -5,    0,    0,    0,    0,    0,    0,    0,   13,   -5,    0,    0,    0,    0,    0,    0,   40,    0,    0,    0,    0,    0,    0,    0,    0,    0,    0,    0,    0,    0,    0,    0,    0,    0,    0,    0,    0,    0,    0,    0,    0,    0,    0,    0,    0,    0,    0,    0,    0,    0,    0,    0,    0,    0,    0,    0,    0,    0,    0,    0,    0,    0,    0,    0,    0,    0,    0,    0,    0,
     -37,    0,    0,    0,    0,    0,  -37,  -16,    0,  -16,    0,    9,   -3,  -20,    0,    0,    0,    0,    0,    0,    0,    0,    0,  -24,  -29,  -15,    6,    0,  -15,    0,  -59,  -11,  -57,  -53,    0,  -38,    0,  -37,    0,    0,   -2,    0,    2,    0,    0,    0,  -10,    0,  -55,  -32,    0,    0,  -16,    0,  -34,  -16,  -16,  -33,  -37,    0,    0,  -23,  -16,    0,  -16,    0,    0,    0,  -16,    0,    0,   -2,    2,    2,    2,    0,   -2,    0,  -55,    0,    0,    0,    0,    0,    0,   -2,  -59,  -59,  -59,    0,    0,    2,    0,    0,  -16,    0,    0,  -10,    0,    0,    0,    0,    0,  -74,  -16,    0,    0,    0,    0,    0,    0,  -15,    0,  -59,    0,    0,  -10,  -33,  -10,    0,  -38,    0,    0,    0,    0,  -38,  -81,    0,    0,    0,    0,  -74,   -3,    0,    0,    0,    0,    0,    0,    0,    0,    0,    0,  -24,    0,
       0,    0,    0,    0,    0,    0,  -32,    0,    0,    0,    0,    0,  -21,  -50,    0,  -21,  -26,  -21,    0,  -21,  -21,    0,    0,    0,    0,  -18,    0,   12,  -18,    0,  -26,  -18,  -37,    0,    0,    0,    0,  -32,    0,    0,    0,    0,   12,   45,   12,    0,    0,    0,  -37,    0,    0,    0,    0,    0,    0,    0,    0,    0,  -32,    0,    0,  -21,    0,    0,    0,    0,    0,    0,    0,    0,    0,    0,   12,   12,   12,    0,    0,    0,  -37,    0,    0,   12,    0,    0,   45,    0,  -26,  -26,  -26,    0,   12,   12,    0,    0,    0,    0,    0,    0,    0,    0,    0,    0,    0,    0,    0,    0,    0,   26,   26,    0,  -21,  -18,  -50,  -24,   21,   21,    0,   -5,    0,    0,    0,    0,    0,    0,    0,    0,  -18,    0,    0,    0,    0,    0,    0,    0,    0,    0,    0,    0,    0,    0,    0,    0,    0,  -24,    0,
      -5,    0,    0,    0,    0,    0,    0,    0,    0,    0,    0,    0,    0,  -18,    0,    0,    0,    0,    0,    0,    0,    0,    0,    0,    0,    0,    0,    0,    0,    0,  -35,    0,  -24,  -24,    0,  -34,    0,    0,    0,    0,    0,    0,    0,    0,    0,    0,    0,    0,   -8,    0,    0,    0,    0,    0,    0,    0,    0,   -4,    0,    0,    0,    0,    0,    0,    0,    0,    0,    0,    0,    0,    0,    0,    0,    0,    0,    0,    0,    0,   -8,    0,    0,    0,    0,    0,    0,    0,  -35,  -35,  -35,    0,    0,    0,    0,    0,    0,    0,    0,    0,    0,    0,    0,    0,    0,  -11,    0,    0,    0,    0,    0,    0,    0,    0,    0,  -35,    0,    0,    0,    0,    0,    0,  -34,    0,    0,    0,    0,  -34,  -21,    0,    0,    0,    0,  -11,    0,    0,    0,    0,    0,    0,    0,    0,    0,    0,    0,    0,    0,
     -10,    0,    0,    0,    0,   -5,    0,    0,    0,    0,    0,    0,    0,  -16,    0,    0,    0,    0,    0,    0,    0,    0,    0,    0,    0,    0,  -14,    0,    0,    0,  -41,    0,  -26,  -24,  -13,  -41,    0,    0,    0,    4,    0,    0,    0,    0,    0,    0,    0,    0,   -9,   -8,  -11,   -7,    0,    0,  -16,    0,    0,   -4,    0,    0,    0,    0,    0,    0,    0,    0,    0,    0,    0,    4,    4,    0,    0,    0,    0,    0,    0,    0,   -9,    4,    0,    0,    0,    0,    0,    0,  -41,  -41,  -41,    0,    0,    0,   16,    0,    0,   -7,  -21,    0,    0,    0,    0,    0,    0,  -11,    0,    0,    0,    0,    0,  -13,    0,    0,    0,  -41,    0,    0,    0,   -5,    0,    0,  -81,    0,    0,    0,    0,  -41,  -29,    0,    0,    0,    0,  -11,    0,    0,    0,    0,    0,    0,    0,    0,    0,    0,    0,    0,    0,
       0,    0,    0,    0,    0,    0,    0,  -13,  -26,  -13,  -26,  -13,    0,    0,    0,    0,  -29,    0,    0,    0,    0,    0,    0,    0,    0,    0,  -16,    0,    0,  -29,    0,    0,    0,    0,    0,    5,    0,    0,   -7,   -7,  -12,  -17,    0,    0,    0,  -10,  -16,    0,    0,    8,    0,    0,  -13,    0,    0,  -18,  -13,    0,    0,    0,    0,    0,  -13,    0,    0,    0,    0,    0,  -10,   -7,   -7,  -12,    0,    0,    0,   47,  -12,    0,    0,   -7,    0,    0,   47,   66,    0,  -12,    0,    0,    0,    0,    0,    0,   21,   63,    0,    0,    0,  -16,    0,    0,    0,    0,    0,    0,  -10,    0,    0,  -32,  -32,    0,    0,    0,    0,    0,    0,    0,  -16,    0,  -16,  -10,    5,    0,    0,    0,    0,    5,    0,  -42,    0,    0,  -26,    0,    0,    0,    0,    0,    0,    0,    0,    0,  -18,    0,    0,    0,    0,
       0,    0,    0,    0,    0,    0,    0,    0,    0,    0,    0,    0,    0,    0,    0,    0,    0,    0,    0,    0,    0,    0,    0,    0,    0,    0,    0,    0,    0,    0,  -24,    0,    0,    0,    0,    0,    0,    0,    0,    0,    0,    0,    0,    0,    0,    0,    0,    0,    0,    0,    0,    0,    0,    0,    0,    0,    0,    0,    0,    0,    0,    0,    0,    0,    0,    0,    0,    0,    0,    0,    0,    0,    0,    0,    0,    0,    0,    0,    0,    0,    0,    0,    0,    0,    0,    0,  -24,  -24,  -24,    0,    0,    0,    0,    0,    0,    0,    0,    0,    0,    0,    0,    0,    0,    0,    0,    0,    0,    0,    0,    0,    0,    0,    0,  -24,    0,    0,    0,    0,    0,    0,    0,    0,    0,    0,    0,    0,    0,    0,    0,    0,    0,    0,    0,    0,    0,    0,    0,    0,    0,    0,    0,    0,    0,    0,    0,
       0,    0,    0,    0,    0,    3,    0,    0,    0,    0,    0,    0,    0,    0,    0,    0,    0,    0,    0,    0,    0,    0,    0,    0,    0,    0,    0,    0,    0,    0,    0,    0,    0,    0,    0,    0,    0,    0,    0,    0,    0,    0,    0,    0,    0,    0,    1,    0,    0,    0,    0,    0,    0,    3,    0,    0,    0,    0,    0,    0,    0,    0,    0,    0,    0,    0,    0,    0,    0,    0,    0,    0,    0,    0,    0,   33,    0,    0,    0,    0,    0,    0,   48,   33,    0,    0,    0,    0,    0,    0,    0,    0,   39,   48,    0,    0,    0,    1,    0,    0,    0,    0,    0,    0,    0,    0,    0,    0,    0,    0,    0,    0,    0,    0,    0,    0,    1,    0,    1,    0,    0,    0,    0,    0,    0,    0,    0,    0,    0,    0,    0,    0,    0,    0,    0,    0,    0,    0,    0,    0,    0,    0,    0,    0,    0,
       0,    0,    0,    0,    0,    0,    0,  -21,    0,  -21,    0,    0,    0,    0,    0,    0,  -21,    0,    0,    0,    0,    0,  -40,    0,    0,    0,    0,    0,    0,    0,  -26,    0,    0,    0,    0,    0,    0,    0,    0,    0,  -10,    0,    0,    0,    0,    0,    0,    0,    0,    0,    0,    0,  -21,    0,    0,  -24,  -53,    0,    0,    0,    0,    0,  -21,    0,    0,    0,    0,    0,    0,    0,    0,  -10,    0,    0,    0,    0,  -10,    0,    0,    0,    0,    0,    0,    0,    0,  -10,  -26,  -26,  -26,    0,    0,    0,    0,    0,    0,    0,    0,    0,    0,    0,    0,    0,    0,    0,    0,    0,    0,    0,    0,    0,    0,    0,    0,  -26,    0,    0,    0,    0,    0,    0,    0,    0,    0,    0,    0,    0,    0,    0,    0,    0,    0,    0,    0,    0,    0,    0,    0,    0,    0,    0,    0,    0,    0,    0,    0,
       0,    0,    0,    0,    0,    0,    0,  -18,  -29,  -18,  -29,  -16,    0,    0,    0,    0,    0,    0,    0,    0,    0,    0,  -18,    0,    0,    0,  -18,    5,    0,  -26,  -26,    0,    0,    0,    0,    0,  -16,    0,    0,   -2,   -7,    7,    4,    6,    6,    0,    7,    0,    7,    4,    6,    0,  -18,    0,    0,    0,  -34,    0,    0,    0,    0,    0,  -18,    0,    0,    0,    0,    0,    0,   -2,   -2,   -7,    4,    4,    4,   12,   -7,    0,    7,   -2,    0,    5,   12,   12,    6,   -7,  -26,  -26,  -26,    0,    5,    4,    0,   12,    0,    0,    0,    7,    0,    0,    0,    0,    0,    7,    0,    0,    0,    0,    0,    0,    0,    0,    0,  -26,  -11,  -11,    7,    0,    7,    0,    0,    0,    0,    0,    0,    0,  -18,  -37,    0,    0,  -29,    7,    0,    0,    0,    0,    0,    0,    0,    0,  -24,    0,    0,    0,    0,
      -3,    0,    0,    0,    0,    0,    0,    0,    0,    0,    0,    0,    0,    0,    0,    0,    0,    0,    0,    0,    0,    0,    0,    0,    0,    0,    0,    0,    0,    0,  -34,    0,  -21,  -16,    0,  -34,    0,    0,    0,    0,    0,    0,    0,    0,    0,    0,    1,    0,   -2,    0,    0,    0,    0,    0,    0,    0,    0,   -4,    0,    0,    0,    0,    0,    0,    0,    0,    0,    0,    0,    0,    0,    0,    0,    0,    0,    0,    0,    0,   -2,    0,    0,    0,    0,    0,    0,    0,  -34,  -34,  -34,    0,    0,    0,    0,    0,    0,    0,    0,    1,    0,    0,    0,    0,    0,    0,    0,    0,    0,    0,    0,    0,    0,    0,    0,  -34,    0,    0,    1,   -1,    1,    0,  -34,    0,    0,    0,    0,  -34,  -24,   -5,    0,    0,    0,    0,    0,    0,    0,    0,    0,    0,    0,    0,    0,    0,    0,    0,    0,
       0,    0,    0,    0,    0,    0,    0,   -9,    0,   -9,    0,    0,    0,    0,    0,    0,   -7,    0,    0,    0,    0,    0,  -13,    0,    0,    0,    0,    0,    0,    0,  -16,    0,   -5,   -5,    0,   -7,    0,    0,    0,    3,   -5,  -10,    0,    5,    0,   -5,   -4,    0,   10,    8,    0,    0,   -9,    0,    0,    0,   -9,    0,    0,    0,    0,    0,   -9,    0,    0,    0,    0,    0,   -5,    3,    3,   -5,    0,    0,    0,    0,   -5,    0,   10,    3,    0,    0,    0,    0,    5,   -5,  -16,  -16,  -16,    0,    0,    0,   21,    0,    0,    0,    0,  -10,    0,    0,    0,    0,    0,    3,   -5,    0,    0,    0,    0,    0,    0,    0,    0,  -16,    0,    0,   -4,    0,   -4,   -5,   -7,    0,    0,    0,    0,   -7,  -18,    0,    0,    0,    0,    3,    0,    0,    0,    0,    0,    0,    0,    0,   16,    0,    0,    0,    0,
       0,    0,    0,    0,    0,    0,    0,  -18,    0,  -18,    0,  -16,    0,    0,    0,    0,    0,    0,    0,    0,    0,    0,  -18,    0,    0,    0,    0,    0,    0,    0,  -24,    0,    0,    0,    0,  -26,    0,    0,  -16,    0,    0,    0,    0,    0,    0,    0,    0,    0,    0,    0,    0,    0,  -18,    0,    0,    0,  -34,    0,    0,    0,    0,    0,  -18,    0,    0,    0,    0,    0,    0,    0,    0,    0,    0,    0,    0,    0,    0,    0,    0,    0,    3,    0,    0,    0,    0,    0,  -24,  -58,  -24,    0,    0,    0,    0,    0,    0,    0,    0,    0,    0,    0,    0,    0,    0,    7,    0,    0,    0,    0,    0,    0,    0,    0,    0,  -24,    0,    0,    0,    0,    0,    0,  -26,    0,    0,    0,    0,  -26,  -18,    0,    0,    0,    0,    7,    0,    0,    0,    0,    0,    0,    0,    0,  -29,    0,    0,    0,    0,
       0,    0,    0,    0,    0,    0,    0,  -15,  -23,  -15,  -23,  -26,    0,    0,    0,    0,    0,    0,    0,    0,    0,    0,  -16,  -18,    0,    0,  -32,    2,    0,  -29,  -16,    0,    0,    0,    0,  -16,    0,    0,  -37,   -3,   -9,    7,    0,    0,    0,   -1,    7,    0,    0,    0,    0,    0,  -15,    0,    0,  -18,  -15,    0,    0,    0,    0,    0,  -15,    0,    0,    0,    0,    0,    0,   -3,   -3,   -9,    0,    0,    0,    0,   -9,    0,    0,   -3,    0,    2,    0,    0,    0,   -9,  -16,  -45,  -16,    0,    2,    0,    3,    0,    0,    0,    0,    7,    0,    0,    0,    0,    0,    4,    0,    0,    0,    0,    0,    0,    0,    0,    0,  -16,  -21,  -21,    7,    0,    7,   -1,  -16,    0,    0,    0,    0,  -16,    0,  -37,    0,    0,  -57,    4,    0,    0,    0,    0,    0,    0,    0,    0,  -24,    0,    0,    0,    0,
       0,    0,    0,    0,  -16,    0,    0,    0,  -34,    0,  -34,    0,    0,    0,    0,    0,    0,    0,    0,    0,    0,    0,    0,    0,    0,    0,  -32,    0,    0,  -26,  -24,    0,    0,    0,    0,    0,  -16,    0,    0,    0,   -8,    0,    0,    0,    0,    0,    0,    0,    0,    0,    0,    0,    0,    0,    0,  -16,    0,    0,    0,    0,    0,    0,    0,    0,    0,    0,    0,    0,    0,    0,    0,   -8,    0,    0,    0,    0,   -8,    0,    0,    0,    0,    0,    0,    0,    0,   -8,  -24,  -24,  -24,    0,    0,    0,    0,    0,    0,    0,    0,    0,    0,    0,    0,    0,    0,    4,    0,    0,    0,    0,    0,    0,    0,    0,    0,  -24,    0,    0,    0,    0,    0,    0,    0,    0,    0,    0,    0,    0,    0,  -37,    0,    0,  -34,    4,    0,    0,    0,    0,    0,    0,    0,    0,    0,    0,    0,    0,    0,
       0,    0,    0,    0,    0,    0,    0,  -10,    0,  -10,    0,    0,    0,    0,    0,    0,    0,    0,    0,    0,    0,    0,    0,  -16,    0,    0,    0,    0,    0,    0,  -29,    0,    0,    0,    0,    0,    0,    0,    0,   -1,  -11,    9,    0,    0,    0,    0,    9,    0,    0,    0,    0,    0,  -10,    0,    0,  -16,  -10,    0,    0,    0,    0,    0,  -10,    0,    0,    0,    0,    0,    0,   -1,   -1,  -11,    0,    0,    0,    0,  -11,    0,    0,   -1,    0,    0,    0,    0,    0,  -11,  -29,  -29,  -29,    0,    0,    0,    0,    0,    0,    0,    0,    9,    0,    0,    0,    0,    0,    0,    0,    0,    0,    0,    0,    0,    0,    0,    0,  -29,    0,    0,    9,    0,    9,    0,    0,    0,    0,    0,    0,    0,    0,    0,    0,    0,    0,    0,    0,    0,    0,    0,    0,    0,    0,    0,    0,    0,    0,    0,    0,
       0,    0,    0,    0,    0,    0,    0,    0,    0,    0,    0,    0,    0,    0,    0,    0,    0,    0,    0,    0,    0,    0,    0,    0,    0,    0,    0,    0,    0,    0,  -16,    0,    0,    0,    0,    0,    0,    0,    0,    0,   -7,    0,    0,    0,    0,    0,    0,    0,    0,    0,    0,    0,    0,    0,    0,    0,    0,    0,    0,    0,    0,    0,    0,    0,    0,    0,    0,    0,    0,    0,    0,   -7,    0,    0,    0,    0,   -7,    0,    0,    0,    0,    0,    0,    0,    0,   -7,  -16,  -16,  -16,    0,    0,    0,    0,    0,    0,    0,    0,    0,    0,    0,    0,    0,    0,    0,    0,    0,    0,    0,    0,    0,    0,    0,    0,  -16,    0,    0,    0,    0,    0,    0,    0,    0,    0,    0,    0,    0,    0,    0,    0,    0,    0,    0,    0,    0,    0,    0,    0,    0,    0,    0,    0,    0,    0,    0,    0,
       0,    0,    0,    0,    0,    0,    0,    0,    0,    0,    0,    0,    0,    0,  -16,   -5,    0,    0,  -10,    0,    0,    0,    0,    0,    0,    0,  -16,    0,    0,  -21,  -34,    0,  -24,  -24,  -33,  -37,    0,    0,    0,    0,    0,    0,    0,    0,    0,    0,    0,    0,   -1,    0,  -10,    0,    0,    0,    0,    0,    0,    0,    0,    0,    0,   -8,    0,    0,    0,    0,    0,    0,    0,    0,    0,    0,    0,    0,    0,    0,    0,    0,   -1,    0,    0,    0,    0,    0,    0,    0,  -50,  -50,  -34,    0,    0,    0,    0,    0,    0,    0,    0,    0,    0,    0,    0,    0,    0,    0,    0,    0,    0,    0,    0,  -33,  -29,    0,    0,  -66,    0,    0,    0,    0,    0,    0,  -37,    0,    0,    0,    0,  -37,  -29,    0,    0,    0,    0,    0,    0,    0,    0,    0,    0,    0,    0,    0,    0,    0,    0,    0,    0,
       0,    0,    0,    0,    0,    0,    0,    0,    0,    0,    0,    0,    0,    0,    0,    0,    0,    0,    0,    0,    0,    0,    0,    0,    0,    0,    0,    0,    0,    0,  -32,    0,  -16,    0,    0,  -32,    0,    0,    0,    0,    0,    0,    0,    0,    0,    0,    0,    0,    0,    0,    0,    0,    0,    0,    0,    0,    0,    0,    0,    0,    0,    0,    0,    0,    0,    0,    0,    0,    0,    0,    0,    0,    0,    0,    0,    0,    0,    0,    0,    0,    0,    0,    0,    0,    0,    0,  -32,  -32,  -32,    0,    0,    0,    0,    0,    0,    0,    0,    0,    0,    0,    0,    0,    0,    0,    0,    0,    0,    0,    0,    0,    0,    0,    0,  -32,    0,    0,    0,    0,    0,    0,  -32,    0,    0,    0,    0,  -32,  -16,    0,    0,    0,    0,    0,    0,    0,    0,    0,    0,    0,    0,    0,    0,    0,    0,    0,    0,
       0,    0,    0,    0,    0,    0,    0,    0,    0,    0,    0,    0,    0,    0,    0,    0,    0,    0,    0,    0,    0,    0,    0,    0,    0,    0,    0,    0,    0,    0,    0,    0,    0,    0,    0,    0,    0,    0,    0,    0,    0,    0,   16,    0,    0,    0,    0,    0,    0,    0,    0,    0,    0,    0,    0,    0,    0,    0,    0,    0,    0,    0,    0,    0,    0,    0,    0,    0,    0,    0,    0,    0,   16,   16,   16,    0,    0,    0,    0,    0,    0,    0,    0,    0,    0,    0,    0,    0,    0,    0,    0,   16,   21,    0,    0,    0,    0,    0,    0,    0,    0,    0,    0,    0,    0,    0,    0,    0,    0,    0,    0,    0,    0,    0,    0,    0,    0,    0,    0,    0,    0,    0,    0,    0,    0,    0,    0,    0,    0,    0,    0,    0,    0,    0,    0,    0,    0,    0,    0,    0,    0,    0,    0,    0,    0,
       0,    0,    0,    0,  -18,    0,    0,    0,    0,    0,    0,    0,    0,    0,    0,    0,    0,    0,    0,    0,    0,    0,    0,    0,    0,    0,  -34,    0,    0,  -34,    0,    0,    0,    0,    0,    0,    0,    0,    0,    0,  -16,    0,    0,    0,    0,    0,    0,    0,    0,    0,    0,    0,    0,    0,    0,    0,    0,    0,    0,    0,    0,    0,    0,    0,    0,    0,    0,    0,    0,    0,    0,  -16,    0,    0,    0,    0,  -16,    0,    0,    0,    0,    0,    0,    0,    0,  -16,    0,    0,    0,    0,    0,    0,    0,    0,    0,    0,    0,    0,    0,    0,    0,    0,    0,    0,    0,    0,    0,    0,    0,    0,    0,    0,    0,    0,    0,    0,    0,    0,    0,    0,    0,    0,    0,    0,    0,    0,    0,    0,    0,    0,    0,    0,    0,    0,    0,    0,    0,    0,    0,    0,    0,    0,    0,    0,    0,
       0,    0,    0,    0,    0,    0,    0,    0,    0,    0,    0,    0,    0,    0,    0,    0,    0,    0,    0,    0,    0,    0,    0,    0,    0,    0,  -16,    0,    0,    0,  -24,    0,    0,    0,    0,  -29,    0,    0,    0,    0,    0,    0,    0,    0,    0,    0,    0,    0,    0,    0,    0,    0,    0,    0,    0,    0,    0,    0,    0,    0,    0,    0,    0,    0,    0,    0,    0,    0,    0,    0,    0,    0,    0,    0,    0,    0,    0,    0,    0,    0,    0,    0,    0,    0,    0,    0,  -24,  -24,  -24,    0,    0,    0,    0,    0,    0,    0,    0,    0,    0,    0,    0,    0,    0,    0,    0,    0,    0,    0,    0,    0,    0,    0,    0,  -55,    0,    0,    0,    0,    0,    0,  -29,    0,    0,    0,    0,  -29,    0,    0,    0,    0,    0,    0,    0,    0,    0,    0,    0,    0,    0,    0,    0,    0,    0,    0,    0,
       0,    0,    0,    0,  -16,    0,    0,    0,    0,    0,    0,    0,    0,    0,    0,    0,  -23,    0,    0,    0,    0,    0,    0,    0,    0,   -3,  -33,    0,   -3,  -33,    0,    0,    0,    0,   -3,   -4,    0,    0,    0,   -5,  -13,    0,    0,    0,    0,   -5,    0,    0,    0,    0,    0,    0,    0,    0,    0,    0,    0,    0,    0,    0,    0,    0,    0,    0,    0,    0,    0,    0,    0,   -5,   -5,  -13,    0,    0,    0,    0,  -13,    0,    0,   -5,    0,    0,    0,    0,    0,  -13,    0,    0,    0,    0,    0,    0,    0,    0,    0,    0,    0,    0,    0,    0,    0,    0,    0,    0,    0,    0,    0,    0,    0,   -3,    0,   -3,    0,    0,    0,    0,    0,    0,    0,   -5,   -4,    0,    0,    0,    0,   -4,    0,    0,    0,    0,    0,    0,    0,    0,    0,    0,    0,    0,    0,    0,    0,    0,    0,    0,    0,
       0,    0,    0,    0,    0,    0,    0,    0,    0,    0,    0,    0,    0,    0,    0,    0,    0,    0,    0,    0,    0,    0,    0,    0,    0,    0,    0,    0,    0,    0,    0,    0,    0,    0,    0,    0,    0,    0,    0,    0,    0,    0,    0,    0,    0,    0,    0,    0,    0,    0,    0,    0,    0,    0,    0,    0,    0,    0,    0,    0,    0,    0,    0,    0,    0,    0,    0,    0,    0,    0,    0,    0,    0,    0,    0,    0,    0,    0,    0,    0,    0,    0,    0,    0,    0,    0,    0,    0,    0,    0,    0,    0,    0,    0,    0,    0,    0,    0,    0,    0,    0,    0,    0,    0,    0,    0,    0,    0,    0,    0,    0,    0,    0,    0,    0,    0,    0,    0,    0,    0,    0,    0,    0,    0,    0,    0,    0,    0,    0,    0,    0,    0,    0,    0,   -5,    0,    0,    0,    0,    0,    0,    0,    0,    0,    0,
       0,    0,    0,    0,    0,    0,    0,  -18,    0,  -18,    0,  -16,    0,    0,    0,    0,    0,    0,    0,    0,    0,    0,  -18,    0,    0,    0,    0,    0,    0,    0,  -24,    0,    0,    0,    0,  -26,    0,    0,  -16,    0,    0,    0,    0,    0,    0,    0,    0,    0,    0,    0,    0,    0,  -18,    0,    0,    0,  -34,    0,    0,    0,    0,    0,  -18,    0,    0,    0,    0,    0,    0,    0,    0,    0,    0,    0,    0,    0,    0,    0,    0,    0,    3,    0,    0,    0,    0,    0,  -24,  -58,  -24,    0,    0,    0,    0,    0,    0,    0,    0,    0,    0,    0,    0,    0,    0,    7,    0,    0,    0,    0,    0,    0,    0,    0,    0,  -24,    0,    0,    0,    0,    0,    0,  -26,    0,    0,    0,    0,  -26,  -42,    0,    0,    0,    0,    7,    0,    0,    0,    0,    0,    0,    0,    0,  -29,    0,    0,    0,    0,
       0,    0,    0,    0,    0,    0,    0,    0,    0,    0,    0,    0,    0,    0,  -16,   -5,    0,    0,  -10,    0,    0,    0,    0,    0,    0,    0,  -16,    0,    0,  -21,  -71,    0,  -42,  -24,  -39,  -61,    0,    0,    0,    0,    0,    0,    0,    0,    0,    0,    0,    0,   -1,    0,  -10,    0,    0,    0,    0,    0,    0,    0,    0,    0,    0,   -8,    0,    0,    0,    0,    0,    0,    0,    0,    0,    0,    0,    0,    0,    0,    0,    0,   -1,    0,    0,    0,    0,    0,    0,    0,  -71,  -71,  -71,    0,    0,    0,    0,    0,    0,    0,    0,    0,    0,    0,    0,    0,    0,    0,    0,    0,    0,    0,    0,  -39,  -29,    0,    0,  -71,    0,    0,    0,    0,    0,    0,  -61,    0,    0,    0,    0,  -61,  -29,    0,    0,    0,    0,    0,    0,    0,    0,    0,    0,    0,    0,    0,    0,    0,    0,    0,    0,
       0,    0,    0,    0,    0,    0,    0,    0,    0,    0,    0,    0,    0,    0,    0,    0,    0,    0,    0,    0,    0,    0,    0,    0,    0,    0,    0,    0,    0,    0,    0,    0,    0,    0,    0,    0,    0,    0,    0,    0,    0,    0,    0,    0,    0,    0,    0,    0,    0,    0,    0,    0,    0,    0,    0,    0,    0,    0,    0,    0,    0,    0,    0,    0,    0,    0,    0,    0,    0,    0,    0,    0,    0,    0,    0,    0,    0,    0,    0,    0,    0,    0,    0,    0,    0,    0,    0,    0,    0,    0,    0,    0,    0,    0,    0,    0,    0,    0,    0,    0,    0,    0,    2,    0,    0,    0,    0,    0,    0,    0,    0,    0,    0,    0,    0,    0,    0,    0,    0,    0,    0,    0,    0,    0,    0,    0,    0,    0,    0,    0,    0,    0,    0,    0,    0,    0,    0,    0,    0,    0,    0,    0,    0,    0,    0,
       0,    0,    0,    0,    0,    0,    0,    0,    0,    0,    0,    0,    0,  -18,  -24,  -21,    0,    0,  -24,  -16,    0,    0,    0,    0,    0,    0,  -16,    0,    0,    0,  -61,    0,  -29,  -26,  -18,  -42,  -16,    0,    0,    0,    0,    0,    0,    0,    0,    0,    0,    0,  -16,  -16,  -16,    0,    0,    0,    0,    0,    0,    0,    0,    0,    0,    0,    0,    0,    0,    0,    0,    0,    0,    0,    0,    0,    0,    0,    0,    0,    0,    0,  -16,    0,    0,    0,    0,    0,    0,    0,  -61,  -61,  -61,    0,    0,    0,    0,    0,    0,    0,    0,    0,    0,    0,    0,    0,    0,    0,    0,    0,    0,  -16,  -16,  -42,  -21,    0,    0,  -93,    0,    0,    0,    0,    0,    0,  -42,    0,    0,    0,    0,  -42,  -40,    0,    0,    0,    0,    0,    0,    0,    0,    0,    0,    0,    0,    0,    0,    0,    0,    0,    0,
       0,    0,    0,    0,    0,    0,    0,    0,    0,    0,    0,    0,    0,    0,    0,    0,    0,    0,    0,    0,    0,    0,    0,    0,    0,    0,    0,    0,    0,    0,  -32,    0,  -39,  -34,    0,    0,    0,    0,    0,    0,    0,    0,    0,    0,    0,    0,    0,    0,    0,    0,    0,    0,    0,    0,    0,    0,    0,    0,    0,    0,    0,    0,    0,    0,    0,    0,    0,    0,    0,    0,    0,    0,    0,    0,    0,    0,    0,    0,    0,    0,    0,    0,    0,    0,    0,    0,  -32,  -32,  -32,    0,    0,    0,    0,    0,    0,    0,    0,    0,    0,    0,    0,    0,    0,  -16,    0,    0,    0,    0,    0,    0,    0,    0,    0,  -32,    0,    0,    0,    0,    0,    0,    0,    0,    0,    0,    0,    0,  -29,    0,    0,    0,    0,  -16,    0,    0,    0,    0,    0,    0,    0,    0,    0,    0,    0,    0,    0,
       0,    0,    0,    0,    0,    0,    0,    0,    0,    0,    0,    0,    0,    0,    0,    0,    0,    0,    0,    0,    0,    0,    0,    0,    0,    0,    0,    0,    0,    0,    0,    0,    0,    0,    0,    0,    0,    0,    0,    0,    0,    0,    0,    0,    0,    0,    0,    0,    0,    0,    0,    0,    0,    0,    0,    0,    0,    0,    0,    0,    0,    0,    0,    0,    0,    0,    0,    0,    0,    0,    0,    0,    0,    0,    0,   10,    0,    0,    0,    0,    0,    0,   10,   10,    0,    0,    0,    0,    0,    0,    0,    0,   18,   10,    0,    0,    0,    0,    0,    0,    0,    0,    0,    0,    0,    0,    0,    0,    0,    0,    0,    0,    0,    0,    0,    0,    0,    0,    0,    0,    0,    0,    0,    0,    0,    0,    0,    0,    0,    0,    0,    0,    0,    0,    0,    0,    0,    0,    0,    0,    0,    0,    0,    0,    0,
       0,    0,    0,    0,    0,    0,    0,    0,    0,    0,    0,    0,    0,    0,    0,    0,    0,    0,    0,    0,    0,    0,    0,    0,    0,    0,  -16,    0,    0,    0,  -42,    0,  -18,    0,  -21,  -21,    0,    0,    0,    0,    0,    0,    0,    0,    0,    0,    0,    0,    0,    0,    0,    0,    0,    0,    0,    0,    0,    0,    0,    0,    0,    0,    0,    0,    0,    0,    0,    0,    0,    0,    0,    0,    0,    0,    0,    0,    0,    0,    0,    0,    0,    0,    0,    0,    0,    0,  -42,  -42,  -42,    0,    0,    0,    0,    0,    0,    0,    0,    0,    0,    0,    0,    0,    0,    0,    0,    0,    0,    0,    0,  -21,    0,    0,    0,  -42,    0,    0,    0,    0,    0,    0,  -21,    0,    0,    0,    0,  -21,    0,    0,    0,    0,    0,    0,    0,    0,    0,    0,    0,    0,    0,    0,    0,    0,    0,  -16,    0,
       0,    0,    0,    0,    0,    0,    0,    0,  -48,    0,  -48,    0,    0,    0,    0,    0,    0,    0,    0,    0,    0,    0,    0,    0,    0,    0,  -18,    0,    0,  -18,  -26,    0,  -24,    0,    0,    0,  -18,    0,    0,    0,    0,    0,    0,    0,    0,    0,    0,    0,    0,    0,    0,    0,    0,    0,    0,    0,    0,    0,    0,    0,    0,    0,    0,    0,    0,    0,    0,    0,    0,    0,    0,    0,    0,    0,    0,    0,    0,    0,    0,    0,    0,    0,    0,    0,    0,    0,  -26,  -26,  -26,    0,    0,    0,    0,    0,    0,    0,    0,    0,    0,    0,    0,    0,    0,    0,    0,    0,    0,    0,    0,    0,    0,    0,    0,  -26,    0,    0,    0,    0,    0,    0,    0,    0,    0,    0,    0,    0,  -26,  -58,    0,    0,  -48,    0,    0,    0,    0,    0,    0,    0,    0,    0,    0,    0,    0,    0,    0,
       0,    0,    0,    0,    0,    0,    0,    0,    0,    0,    0,    0,    0,    0,    0,    0,    0,    0,    0,    0,    0,    0,    0,    0,    0,    0,    0,    0,    0,    0,  -25,    0,    0,    0,    0,    0,    0,    0,    0,    0,    0,    0,    0,    0,    0,    0,    0,    0,    0,    0,    0,    0,    0,    0,    0,    0,    0,    0,    0,    0,    0,    0,    0,    0,    0,    0,    0,    0,    0,    0,    0,    0,    0,    0,    0,   16,    0,    0,    0,    0,    0,    0,   16,   16,    0,    0,  -25,  -25,  -25,    0,    0,    0,    0,   16,    0,    0,    0,    0,    0,    0,    0,    0,    0,    0,    0,    0,    0,    0,    0,    0,    0,    0,    0,  -25,    0,    0,    0,    0,    0,    0,    0,    0,    0,    0,    0,    0,  -54,    0,    0,    0,    0,    0,    0,    0,    0,    0,    0,    0,    0,    0,    0,    0,    0,    0,    0,
       0,    0,    0,    0,    0,    0,    0,    0,    0,    0,    0,    0,    0,    0,    0,    0,    0,    0,    0,    0,    0,    0,    0,    0,    0,    0,    0,    0,    0,    0,  -37,    0,    0,    0,    0,    0,    0,    0,    0,    0,    0,    0,    0,    0,    0,    0,    0,    0,    0,    0,    0,    0,    0,    0,    0,    0,    0,    0,    0,    0,    0,    0,    0,    0,    0,    0,    0,    0,    0,    0,    0,    0,    0,    0,    0,    0,    0,    0,    0,    0,    0,    0,    0,    0,    0,    0,  -37,  -37,  -37,    0,    0,    0,    0,    0,    0,    0,    0,    0,    0,    0,    0,    0,    0,    0,    0,    0,    0,    0,    0,    0,    0,    0,    0,  -37,    0,    0,    0,    0,    0,    0,    0,    0,    0,    0,    0,    0,    0,    0,    0,    0,    0,    0,    0,    0,    0,    0,    0,    0,    0,    0,    0,    0,    0,    0,    0,
       0,    0,    0,    0,    0,    3,    0,    0,    0,    0,    0,    0,    0,    0,    0,    0,    0,    0,    0,    0,    0,    0,    0,    0,    0,    0,    0,    0,    0,    0,    0,    0,    0,    0,    0,    0,    0,    0,    0,    0,    0,    0,    0,    0,    0,    0,    1,    0,    0,    0,    0,    0,    0,    3,    0,    0,    0,    0,    0,    0,    0,    0,    0,    0,    0,    0,    0,    0,    0,    0,    0,    0,    0,    0,    0,   48,    0,    0,    0,    0,    0,    0,   51,   48,    0,    0,    0,    0,    0,    0,    0,    0,   34,   48,    0,    0,    0,    1,    0,    0,    0,    0,    0,    0,    0,    0,    0,    0,    0,    0,    0,    0,    0,    0,    0,    0,    1,    0,    1,    0,    0,    0,    0,    0,    0,    0,    0,    0,    0,    0,    0,    0,    0,    0,    0,    0,    0,    0,    0,    0,    0,    0,    0,    0,    0,
       0,    0,    0,    0,    0,    0,    0,    0,    0,    0,    0,    0,    0,   21,    0,    0,    0,    0,   42,    0,    0,    0,    0,    0,    0,    0,    0,   29,    0,    0,   42,    0,   40,    0,    0,    0,   42,    0,    0,    0,    0,   18,   33,   32,   12,    0,   24,    0,    0,    0,    0,    0,    0,    0,    0,    0,    0,    0,    0,    0,    0,    0,    0,    0,    0,    0,   10,    0,    0,    0,    0,    0,   48,   33,   48,   80,    0,    0,    0,    0,    0,   29,   80,   80,   48,    0,   42,   42,   42,    0,   64,   48,   24,   80,    0,    0,  -26,   24,    0,    0,    0,    0,    0,    0,    0,    0,    0,    0,    0,    0,    0,    0,    0,   42,    0,    0,   24,    0,   24,    0,    0,    0,    0,    0,    0,    0,    0,    0,    0,    0,    0,    0,    0,    0,    0,    0,    0,    0,    0,    0,    0,    0,    0,    0,    0,
      -5,    0,    0,    0,    0,    0,    0,    0,    0,    0,    0,    0,    0,  -18,    0,    0,    0,    0,    0,    0,    0,    0,    0,    0,    0,    0,    0,    0,    0,    0,  -59,    0,  -24,  -24,    0,  -34,    0,    0,    0,    0,    0,    0,    0,    0,    0,    0,    0,    0,   -8,    0,    0,    0,    0,    0,    0,    0,    0,   -4,    0,    0,    0,    0,    0,    0,    0,    0,    0,    0,    0,    0,    0,    0,    0,    0,    0,    0,    0,    0,   -8,    0,    0,    0,    0,    0,    0,    0,  -59,  -59,  -59,    0,    0,    0,    0,    0,    0,    0,    0,    0,    0,    0,    0,    0,    0,  -11,    0,    0,    0,    0,    0,    0,    0,    0,    0,  -59,    0,    0,    0,    0,    0,    0,  -34,    0,    0,    0,    0,  -34,  -21,    0,    0,    0,    0,  -11,    0,    0,    0,    0,    0,    0,    0,    0,    0,    0,    0,    0,    0,
     -10,    0,    0,    0,    0,   -5,    0,    0,    0,    0,    0,    0,    0,  -16,    0,    0,    0,    0,    0,    0,    0,    0,    0,    0,    0,    0,  -14,    0,    0,    0,  -65,    0,  -26,  -24,  -13,  -41,    0,    0,    0,    4,    0,    0,    0,    0,    0,    0,    0,    0,   -9,   -8,  -11,   -7,    0,    0,  -16,    0,    0,   -4,    0,    0,    0,    0,    0,    0,    0,    0,    0,    0,    0,    4,    4,    0,    0,    0,    0,    0,    0,    0,   -9,    4,    0,    0,    0,    0,    0,    0,  -65,  -65,  -65,    0,    0,    0,   16,    0,    0,   -7,  -21,    0,    0,    0,    0,    0,    0,  -11,    0,    0,    0,    0,    0,  -13,    0,    0,    0,  -65,    0,    0,    0,   -5,    0,    0,  -81,    0,    0,    0,    0,  -41,  -29,    0,    0,    0,    0,  -11,    0,    0,    0,    0,    0,    0,    0,    0,    0,    0,    0,    0,    0,
      -5,    0,    0,    0,    0,    0,    0,    0,    0,    0,    0,    0,    0,  -18,    0,    0,    0,    0,    0,    0,    0,    0,    0,    0,    0,    0,    0,    0,    0,    0,  -69,    0,  -24,  -24,    0,  -34,    0,    0,    0,    0,    0,    0,    0,    0,    0,    0,    0,    0,   -8,    0,    0,    0,    0,    0,    0,    0,    0,   -4,    0,    0,    0,    0,    0,    0,    0,    0,    0,    0,    0,    0,    0,    0,    0,    0,    0,    0,    0,    0,   -8,    0,    0,    0,    0,    0,    0,    0,  -69,  -69,  -69,    0,    0,    0,    0,    0,    0,    0,    0,    0,    0,    0,    0,    0,    0,  -11,    0,    0,    0,    0,    0,    0,    0,    0,    0,  -69,    0,    0,    0,    0,    0,    0,  -34,    0,    0,    0,    0,  -34,  -21,    0,    0,    0,    0,  -11,    0,    0,    0,    0,    0,    0,    0,    0,    0,    0,    0,    0,    0,
      16,    0,    0,    0,    0,   46,   26,    0,    0,    0,    0,    0,    0,   21,    0,    0,    0,    0,   21,    0,    0,    0,    0,    0,    0,    0,    0,   16,    0,    0,   18,    0,    0,    0,    0,    0,    0,   26,    0,    0,    0,    0,   18,   12,   12,    0,    0,    0,    0,    0,    0,    0,    0,    0,   19,    0,    0,    8,   26,    0,    0,    0,    0,    0,    0,    0,    0,    0,    0,    0,    0,    0,   18,   18,   41,   23,    0,    0,    0,    0,    0,   16,   23,   23,   12,    0,   18,   18,   18,    0,   16,   42,   21,   23,    0,    0,    0,    0,    0,    0,    0,    0,    0,    0,    0,    0,    0,    0,    0,    0,    0,    0,    0,   18,    0,    0,    0,    0,    0,    0,    0,    0,    0,    0,    0,    0,   16,    0,    0,    0,    0,    0,    0,    0,    0,    0,    0,    0,    0,    0,  -18,    0,    0,    0,    0,
       0,    0,    0,    0,    0,    0,    0,    0,    0,    0,    0,    0,    0,    0,    0,    0,    0,    0,    0,    0,    0,    0,    0,    0,    0,    0,    0,   16,    0,    0,   16,    0,    0,    0,    0,    0,    0,    0,    0,    0,    0,    0,   16,   18,    0,    0,    0,    0,    0,    0,    0,    0,    0,    0,    0,    0,    0,    0,    0,    0,    0,    0,    0,    0,    0,    0,    0,    0,    0,    0,    0,    0,   16,   16,   18,   18,    0,    0,    0,    0,    0,   18,   18,   18,   18,    0,   16,   16,   16,    0,   16,   16,   18,   18,    0,    0,    0,    0,    0,    0,    0,    0,    0,    0,    0,    0,    0,    0,    0,    0,    0,    0,    0,   16,    0,    0,    0,    0,    0,    0,    0,    0,    0,    0,    0,    0,    0,    0,    0,    0,    0,    0,    0,    0,    0,    0,    0,    0,    0,    0,    0,    0,    0,    0,    0,
       0,    0,    0,    0,    0,    0,    0,    0,    0,    0,    0,    0,    0,   21,    0,    0,    0,    0,   42,    0,    0,    0,    0,    0,    0,    0,    0,   29,    0,    0,   42,    0,   40,    0,    0,    0,   42,    0,    0,    0,    0,   18,   51,   48,   12,    0,   24,    0,    0,    0,    0,    0,    0,    0,    0,    0,    0,    0,    0,    0,    0,    0,    0,    0,    0,    0,   10,    0,    0,    0,    0,    0,   51,   51,   51,   80,    0,    0,    0,    0,    0,   29,   80,   80,   48,    0,   42,   42,   42,    0,   64,   51,   50,   80,    0,    0,  -26,   24,    0,    0,    0,    0,    0,    0,    0,    0,    0,    0,    0,    0,    0,    0,    0,   42,    0,    0,   24,    0,   24,    0,    0,    0,    0,    0,    0,    0,    0,    0,    0,    0,    0,    0,    0,    0,    0,    0,    0,    0,    0,    0,    0,    0,    0,    0,    0,
       0,    0,    0,    0,    0,    0,    0,    0,    0,    0,    0,    0,    0,   21,    0,    0,    0,    0,   42,    0,    0,    0,    0,    0,    0,    0,    0,   29,    0,    0,   42,    0,   40,    0,    0,    0,   42,    0,    0,    0,    0,   18,   51,   51,   12,    0,   24,    0,    0,    0,    0,    0,    0,    0,    0,    0,    0,    0,    0,    0,    0,    0,    0,    0,    0,    0,   10,    0,    0,    0,    0,    0,   51,   51,   51,   80,    0,    0,    0,    0,    0,   29,   80,   80,   51,    0,   42,   42,   42,    0,   64,   51,   24,   80,    0,    0,  -26,   24,    0,    0,    0,    0,    0,    0,    0,    0,    0,    0,    0,    0,    0,    0,    0,   42,    0,    0,   24,    0,   24,    0,    0,    0,    0,    0,    0,    0,    0,    0,    0,    0,    0,    0,    0,    0,    0,    0,    0,    0,    0,    0,    0,    0,    0,    0,    0,
       0,    0,    0,    0,    0,    0,    0,    0,    0,    0,    0,    0,    0,   21,    0,    0,    0,    0,   42,    0,    0,    0,    0,    0,    0,    0,    0,   29,    0,    0,   42,    0,   40,    0,    0,    0,   42,    0,    0,    0,    0,   18,   51,   32,   12,    0,   24,    0,    0,    0,    0,    0,    0,    0,    0,    0,    0,    0,    0,    0,    0,    0,    0,    0,    0,    0,   10,    0,    0,    0,    0,    0,   51,   51,   51,   80,    0,    0,    0,    0,    0,   29,   80,   80,   48,    0,   42,   42,   42,    0,   64,   51,   24,   80,    0,    0,  -26,   24,    0,    0,    0,    0,    0,    0,    0,    0,    0,    0,    0,    0,    0,    0,    0,   42,    0,    0,   24,    0,   24,    0,    0,    0,    0,    0,    0,    0,    0,    0,    0,    0,    0,    0,    0,    0,    0,    0,    0,    0,    0,    0,    0,    0,    0,    0,    0,
       0,    0,    0,    0,    0,    3,    0,    0,    0,    0,    0,    0,    0,    0,    0,    0,    0,    0,    0,    0,    0,    0,    0,    0,    0,    0,    0,    0,    0,    0,    0,    0,    0,    0,    0,    0,    0,    0,    0,    0,    0,    0,    0,    0,    0,    0,    1,    0,    0,    0,    0,    0,    0,    3,    0,    0,    0,    0,    0,    0,    0,    0,    0,    0,    0,    0,    0,    0,    0,    0,    0,    0,    0,    0,    0,   48,    0,    0,    0,    0,    0,    0,   51,   48,    0,    0,    0,    0,    0,    0,    0,    0,   34,   51,    0,    0,    0,    1,    0,    0,    0,    0,    0,    0,    0,    0,    0,    0,    0,    0,    0,    0,    0,    0,    0,    0,    1,    0,    1,    0,    0,    0,    0,    0,    0,    0,    0,    0,    0,    0,    0,    0,    0,    0,    0,    0,    0,    0,    0,    0,    0,    0,    0,    0,    0,
     -42,    0,    0,    0,    0,    0,  -82,  -63,    0,  -63,    0,    0,    0,  -21,    0,    0,    0,    0,    0,    0,    0,    0,    0,    0,   -8,  -13,    0,    0,  -13,    0,  -45,    0,  -32,    0,    0,  -26,    0,  -82,    0,    0,    0,    0,    0,    0,    0,    0,  -10,    0,  -32,    0,    0,    0,  -61,    0,  -45,  -29,  -63,  -38,  -82,    0,    0,  -41,  -63,    0,    0,    0,    0,    0,  -16,    0,    0,    0,    0,    0,    0,    0,    0,    0,  -32,    0,    0,    0,    0,    0,    0,    0,  -45,  -45,  -45,    0,    0,    0,    0,    0,    0,    0,    0,  -10,    0,    0,    0,    0,    0,  -18,  -16,    0,    0,    0,    0,    0,    0,  -13,    0,  -45,    0,    0,  -10,  -70,  -10,    0,  -26,    0,    0,    0,    0,  -53,  -40,    0,  -21,  -21,    0,  -50,    0,    0,    0,    0,    0,    0,    0,    0,    0,    0,    0,    0,    0,
       0,    0,    0,    0,    0,    0,    0,    0,    0,    0,    0,    0,    0,    0,    0,    0,    0,    0,    0,    0,    0,    0,    0,    0,    0,    0,    0,    0,    0,    0,    0,    0,    0,    0,    0,    0,    0,    0,    0,    0,    0,    0,    0,    0,    0,    0,    6,    0,    2,    0,    0,    0,    0,    0,    0,    0,    0,    0,    0,    0,    0,    0,    0,    0,    0,    0,    0,   16,    0,    0,    0,    0,    0,    0,    0,   29,    0,    0,    2,    0,   16,    0,   29,   29,    0,    0,    0,    0,    0,    0,    0,    0,   41,   29,    0,    0,    0,    6,    0,    0,    0,    0,    0,    0,    0,    0,    0,    0,    0,    0,    0,    0,    0,    0,    0,    0,    6,    0,    6,    0,    0,    0,    0,    0,    0,    0,    0,    0,    0,    0,    0,    0,    0,    0,    0,    0,    0,    0,    0,    0,    0,    0,    0,    0,    0,
     -42,    0,    0,    0,    0,    0,  -79,  -58,    0,  -58,    0,    0,    0,  -21,    0,    0,    0,    0,    0,    0,    0,    0,    0,    0,   -8,  -13,    0,    0,  -13,    0,  -45,    0,  -32,    0,    0,  -26,    0,  -61,    0,    0,    0,    0,    0,    0,    0,    0,  -10,    0,  -32,    0,    0,    0,  -55,    0,  -45,  -29,  -58,  -38,  -82,    0,    0,  -41,  -58,    0,    0,    0,    0,    0,  -16,    0,    0,    0,    0,    0,    0,    0,    0,    0,  -32,    0,    0,    0,    0,    0,    0,    0,  -45,  -45,  -45,    0,    0,    0,    0,    0,    0,    0,    0,  -10,    0,    0,    0,    0,    0,  -18,  -16,    0,    0,    0,    0,    0,    0,  -13,    0,  -45,    0,    0,  -10,  -70,  -10,    0,  -26,    0,    0,    0,    0,  -53,  -40,    0,  -21,  -21,    0,  -50,    0,    0,    0,    0,    0,    0,    0,    0,    0,    0,    0,    0,    0,
       0,    0,    0,    0,    0,    0,    0,    0,    0,    0,    0,    0,    0,    0,    0,    0,    0,    0,    0,    0,    0,    0,    0,    0,    0,    0,    0,    0,    0,    0,    0,    0,    0,    0,    0,  -16,    0,    0,    0,    0,    0,    0,    0,    0,    0,    0,    0,    0,    0,    0,    0,    0,    0,    0,    0,    0,    0,    0,    0,    0,    0,    0,    0,    0,    0,    0,    0,    0,    0,    0,    0,    0,    0,    0,    0,    0,    0,    0,    0,    0,    0,    0,    0,    0,    0,    0,    0,    0,    0,    0,    0,    0,    0,    0,    0,    0,    0,    0,    0,    0,    0,    0,    0,    0,    0,    0,    0,    0,    0,    0,    0,    0,    0,    0,    0,    0,    0,    0,    0,    0,  -16,    0,    0,    0,    0,  -16,    0,    0,    0,    0,    0,    0,    0,    0,    0,    0,    0,    0,    0,    0,    0,    0,    0,    0,    0,
       0,    0,    0,    0,    0,    0,    0,    0,    0,    0,    0,    0,    0,    0,    0,    0,    0,    0,    0,    0,    0,    0,    0,    0,    0,    0,    0,    0,    0,    0,    0,    0,    0,    0,    0,    0,    0,    0,    0,    0,    0,    0,    0,    0,    0,    0,    6,    0,    2,    0,    0,    0,    0,    0,    0,    0,    0,    0,    0,    0,    0,    0,    0,    0,    0,    0,    0,   31,    0,    0,    0,    0,    0,    0,    0,   29,    0,    0,    2,    0,   16,    0,   29,   29,    0,    0,    0,    0,    0,    0,    0,    0,   22,   29,    0,    0,    0,    6,    0,    0,    0,    0,    0,    0,    0,    0,    0,    0,    0,    0,    0,    0,    0,    0,    0,    0,    6,    0,    6,    0,    0,    0,    0,    0,    0,    0,    0,    0,    0,    0,    0,    0,    0,    0,    0,    0,    0,    0,    0,    0,    0,    0,    0,    0,    0,
     -42,    0,    0,    0,    0,    0,  -77,  -40,    0,  -63,    0,    0,    0,  -21,    0,    0,    0,    0,    0,    0,    0,    0,    0,    0,   -8,  -13,    0,    0,  -13,    0,  -45,    0,  -32,    0,    0,  -53,    0,  -77,    0,    0,    0,    0,    0,    0,    0,    0,  -10,    0,  -32,    0,    0,    0,  -58,    0,  -45,  -29, -100,  -38,  -77,    0,    0,  -41,  -69,    0,    0,    0,    0,    0,  -16,    0,    0,    0,    0,    0,    0,    0,    0,    0,  -32,    0,    0,    0,    0,    0,    0,    0,  -45,  -45,  -45,    0,    0,    0,    0,    0,    0,    0,    0,  -10,    0,    0,    0,    0,    0,  -34,  -16,    0,    0,    0,    0,    0,    0,  -13,    0,  -45,    0,    0,  -10,  -70,  -10,    0,  -53,    0,    0,    0,    0,  -53,  -40,    0,  -21,  -21,    0,  -34,    0,    0,    0,    0,    0,    0,    0,    0,    0,    0,    0,    0,    0,
       0,    0,    0,    0,    0,    0,    0,    0,    0,    0,    0,    0,    0,    0,    0,    0,    0,    0,    0,    0,    0,    0,    0,    0,    0,    0,    0,    0,    0,    0,    0,    0,    0,    0,    0,    0,    0,    0,    0,    0,    0,    0,    0,    0,    0,    0,   15,    0,    2,    0,    0,    0,    0,    0,    0,    0,    0,    0,    0,    0,    0,    0,    0,    0,    0,    0,    0,   31,    0,    0,    0,    0,    0,    0,    0,   29,    0,    0,    2,    0,   16,    0,   29,   29,    0,    0,    0,    0,    0,    0,    0,    0,   22,   29,    0,    0,    0,   15,    0,    0,    0,    0,    0,    0,    0,    0,    0,    0,    0,    0,    0,    0,    0,    0,    0,    0,   15,    0,   15,    0,    0,    0,    0,    0,    0,    0,    0,    0,    0,    0,    0,    0,    0,    0,    0,    0,    0,    0,    0,    0,    0,    0,    0,    0,    0,
       0,    0,    0,    0,  -16,    0,    0,  -50,  -16,  -50,  -16,  -61,  -16,    0,    0,    0,  -32,    0,  -37,    0,    0,  -16,  -37,  -16,    0,  -15,  -41,    0,  -15,  -42,    0,    0,    0,    0,    0,    7,    0,    0,  -26,  -38,  -41,   -2,    0,    0,  -30,  -39,  -38,  -52,  -34,  -34,  -66,  -43,  -50,    0,    0,  -61,  -50,    0,    0,    0,  -52,    0,  -50,    0,  -24,    0,    0,    0,  -16,  -57,  -57,  -64,    0,    0,    0,   42,  -64,  -52,  -50,  -38,    0,    0,   42,   42,    0,  -41,    0,    0,    0,  -52,    0,    0,   59,   42,  -61,  -43,    0,  -38,    0,    0,    0,    0,    0,    0,  -16,    0,    0,  -62,  -62,    0,    0,  -15,    0,    0,    0,    0,  -38,  -29,  -38,  -39,    7,    0,    0,    0,    0,    7,    0,  -56,    0,    0,  -55,    0,    0,    0,    0,    0,    0,    0,    0,    0,  -58,    0,    0,    0,    0,
       0,    0,    0,    0,  -16,    0,    0,  -50,  -16,  -50,  -16,  -61,  -16,    0,    0,    0,  -32,    0,  -37,    0,    0,  -16,  -37,  -16,    0,  -15,  -41,    0,  -15,  -42,    0,    0,    0,    0,    0,    7,    0,    0,  -26,  -38,  -41,   -2,    0,    0,  -30,  -39,  -38,  -36,  -34,  -34,  -33,  -27,  -50,    0,    0,  -61,  -50,    0,    0,    0,  -84,    0,  -50,    0,  -24,    0,    0,    0,  -16,  -57,  -57,  -64,    0,    0,    0,   42,  -64,  -64,  -50,  -38,    0,    0,   42,   42,    0,  -41,    0,    0,    0,  -55,    0,    0,   59,   42,  -61,  -46,    0,  -38,    0,    0,    0,    0,    0,    0,  -16,    0,    0,  -62,  -62,    0,    0,  -15,    0,    0,    0,    0,  -38,  -29,  -38,  -39,    7,    0,    0,    0,    0,    7,    0,  -56,    0,    0,  -55,    0,    0,    0,    0,    0,    0,    0,    0,    0,  -58,    0,    0,    0,    0,
       0,    0,    0,    0,  -16,    0,    0,  -34,  -16,  -34,  -16,  -61,  -16,    0,    0,    0,  -32,    0,  -37,    0,    0,  -16,  -37,  -16,    0,  -15,  -67,    0,  -15,  -98,    0,    0,    0,    0,    0,    7,    0,    0,  -26,  -38,  -41,   -2,    0,    0,  -30,  -39,  -38,  -36,  -34,  -34,  -33,  -27,  -34,    0,    0,  -61,  -34,    0,    0,    0,  -84,    0,  -71,    0,  -24,    0,    0,    0,  -16,  -57,  -57,  -64,    0,    0,    0,   42,  -64,  -64,  -50,  -38,    0,    0,   42,   42,    0,  -41,    0,    0,    0,  -55,    0,    0,   59,   42,  -61,  -46,    0,  -38,    0,    0,    0,    0,    0,    0,  -16,    0,    0,  -62,  -62,    0,    0,  -15,    0,    0,    0,    0,  -38,  -29,  -38,  -39,    7,    0,    0,    0,    0,    7,    0,  -56,    0,    0,  -55,    0,    0,    0,    0,    0,    0,    0,    0,    0,  -93,    0,    0,    0,    0,
       0,    0,    0,    0,    0,    0,    0,    0,    0,    0,    0,    0,    0,    0,    0,    0,    0,    0,    0,    0,    0,    0,    0,    0,    0,    0,    0,    0,    0,    0,    0,    0,    0,    0,    0,    0,    0,    0,    0,  -25,  -29,  -14,    0,    0,  -25,  -25,  -13,  -25,  -25,  -25,  -25,  -25,    0,    0,    0,    0,    0,    0,    0,    0,  -25,    0,    0,    0,    0,    0,    0,    0,    0,  -25,  -25,  -29,    0,    0,    0,    0,  -29,  -25,  -25,  -25,    0,    0,    0,    0,    0,  -29,    0,    0,    0,  -25,    0,    0,    0,    0,    0,  -25,    0,  -13,    0,    0,    0,    0,    0,    0,    0,    0,    0,    0,    0,    0,    0,    0,    0,    0,    0,    0,  -13,    0,  -13,  -25,    0,    0,    0,    0,    0,    0,    0,    0,    0,    0,    0,    0,    0,    0,    0,    0,    0,    0,    0,    0,    0,    0,    0,    0,    0,
       0,    0,    0,    0,    0,    0,    0,    0,  -21,    0,  -21,    0,    0,    0,    0,    0,    0,    0,    0,    0,    0,    0,    0,    0,    0,    0,  -16,    0,    0,    0,    0,    0,    0,    0,    0,    0,    0,    0,    0,    0,    0,    0,    0,    0,    0,    0,    0,    0,    0,    0,    0,    0,    0,    0,    0,    0,    0,    0,    0,    0,    0,    0,    0,    0,    0,    0,    0,    0,    0,    0,    0,    0,    0,    0,    0,    0,    0,    0,    0,    0,    0,    0,    0,    0,    0,    0,    0,    0,    0,    0,    0,    0,    0,    0,    0,    0,    0,    0,    0,    0,    0,    0,    0,    0,    0,    0,    0,    0,    0,    0,    0,    0,    0,    0,    0,    0,    0,    0,    0,    0,    0,    0,    0,    0,    0,    0,    0,    0,    0,    0,  -21,    0,    0,    0,    0,    0,    0,    0,    0,    0,    0,    0,    0,    0,    0,
       0,    0,    0,    0,    0,    0,    0,    0,  -21,    0,  -21,    0,    0,    0,    0,    0,    0,    0,    0,    0,    0,    0,    0,    0,    0,    0,    0,    0,    0,    0,    0,    0,    0,    0,    0,    0,    0,    0,    0,    0,    0,    0,    0,    0,    0,    0,    0,    0,    0,    0,    0,    0,    0,    0,    0,    0,    0,    0,    0,    0,    0,    0,    0,    0,    0,    0,    0,    0,    0,    0,    0,    0,    0,    0,    0,    0,    0,    0,    0,    0,    0,    0,    0,    0,    0,    0,    0,    0,    0,    0,    0,    0,    0,    0,    0,    0,    0,    0,    0,    0,    0,    0,    0,    0,    0,    0,    0,    0,    0,    0,    0,    0,    0,    0,    0,    0,    0,    0,    0,    0,    0,    0,    0,    0,    0,    0,    0,    0,    0,    0,  -21,    0,    0,    0,    0,    0,    0,    0,    0,    0,    0,    0,    0,    0,    0,
       0,    0,    0,    0,    0,    0,    0,    0,    0,    0,    0,    0,    0,    0,    0,    0,    0,    0,    0,    0,    0,    0,    0,    0,    0,    0,    0,    0,    0,    0,   19,    0,    0,    0,    0,    0,    0,    0,    0,    0,    0,    0,    0,    0,    0,    0,    0,    0,    0,    0,    0,    0,    0,    0,    0,    0,    0,    0,    0,    0,    0,    0,    0,    0,    0,    0,    0,    0,    0,    0,    0,    0,    0,    0,    0,    0,    0,    0,    0,    0,    0,    0,    0,    0,    0,    0,   19,   19,   19,    0,    0,    0,    0,    0,    0,    0,    0,    0,    0,    0,    0,    0,    0,    0,    0,    0,    0,    0,    0,    0,    0,    0,    0,   19,    0,    0,    0,    0,    0,    0,    0,    0,    0,    0,    0,    0,    0,    0,    0,    0,    0,    0,    0,    0,    0,    0,    0,    0,    0,    0,    0,    0,    0,    0,    0,
       0,    0,    0,    0,    0,    0,    0,    0,    0,    0,    0,    0,    0,    0,    0,    0,    0,    0,    0,    0,    0,    0,    0,    0,    0,    0,    0,    0,    0,    0,    0,    0,    0,    0,    0,    0,    0,    0,    0,    0,  -17,    0,    0,    0,    0,    0,   14,    0,    7,    0,    0,    0,    0,    0,    0,    0,    0,    0,    0,    0,    0,    0,    0,    0,    0,    0,    0,    0,    0,    0,    0,  -17,    0,    0,    0,    0,  -17,    0,    7,    0,    0,    0,    0,    0,    0,  -17,    0,    0,    0,    0,    0,    0,    0,    0,    0,    0,    0,   14,    0,    0,    0,    0,    0,    0,    0,    0,    0,    0,    0,    0,    0,    0,    0,    0,    0,    0,   14,    0,   14,    0,    0,    0,    0,    0,    0,    0,    0,    0,    0,    0,    0,    0,    0,    0,    0,    0,    0,    0,    0,    0,    0,    0,    0,    0,    0,
       0,    0,    0,    0,    0,    0,    0,    0,    0,    0,    0,    0,    0,    0,    0,    0,    0,    0,    0,    0,    0,    0,    0,    0,    0,    0,    0,    0,    0,    0,  -34,    0,    0,    0,    0,    0,    0,    0,    0,    0,   -7,    0,    0,    0,    0,    0,    0,    0,    0,    0,    0,    0,    0,    0,    0,    0,    0,    0,    0,    0,    0,    0,    0,    0,    0,    0,    0,    0,    0,    0,    0,   -7,    0,    0,    0,    0,   -7,    0,    0,    0,    0,    0,    0,    0,    0,   -7,  -34,  -34,  -34,    0,    0,    0,    0,    0,    0,    0,    0,    0,    0,    0,    0,    0,    0,    0,    0,    0,    0,    0,    0,    0,    0,    0,    0,  -34,    0,    0,    0,    0,    0,    0,    0,    0,    0,    0,    0,    0,    0,    0,    0,    0,    0,    0,    0,    0,    0,    0,    0,    0,    0,    0,    0,    0,    0,    0,    0,
       0,    0,    0,    0,    0,    3,    0,    0,    0,    0,    0,    0,    0,    0,    0,    0,    0,    0,    0,    0,    0,    0,    0,    0,    0,    0,    0,    0,    0,    0,    0,    0,    0,    0,    0,    0,    0,    0,    0,    0,    0,    0,    0,    0,    0,    0,    1,    0,    0,    0,    0,    0,    0,    3,    0,    0,    0,    0,    0,    0,    0,    0,    0,    0,    0,    0,    0,    0,    0,    0,    0,    0,    0,    0,    0,   48,    0,    0,    0,    0,    0,    0,   48,   48,    0,    0,    0,    0,    0,    0,    0,    0,   55,   48,    0,    0,    0,    1,    0,    0,    0,    0,    0,    0,    0,    0,    0,    0,    0,    0,    0,    0,    0,    0,    0,    0,    1,    0,    1,    0,    0,    0,    0,    0,    0,    0,    0,    0,    0,    0,    0,    0,    0,    0,    0,    0,    0,    0,    0,    0,    0,    0,    0,    0,    0,
     -10,    0,    0,    0,    0,   -5,    0,    0,    0,    0,    0,    0,    0,  -16,    0,    0,    0,    0,    0,    0,    0,    0,    0,    0,    0,    0,  -14,    0,    0,    0,  -78,    0,  -26,  -24,  -13,  -41,    0,    0,    0,    4,    0,    0,    0,    0,    0,    0,    0,    0,   -9,   -8,  -11,   -7,    0,    0,  -16,    0,    0,   -4,    0,    0,    0,    0,    0,    0,    0,    0,    0,    0,    0,    4,    4,    0,    0,    0,    0,    0,    0,    0,   -9,    4,    0,    0,    0,    0,    0,    0,  -78,  -78,  -78,    0,    0,    0,   16,    0,    0,   -7,  -21,    0,    0,    0,    0,    0,    0,  -11,    0,    0,    0,    0,    0,  -13,    0,    0,    0,  -78,    0,    0,    0,   -5,    0,    0,  -81,    0,    0,    0,    0,  -41,  -29,    0,    0,    0,    0,  -11,    0,    0,    0,    0,    0,    0,    0,    0,    0,    0,    0,    0,    0,
       0,    0,    0,    0,    0,    0,    0,    0,    0,    0,    0,    0,    0,    0,    0,    0,    0,    0,    0,    0,    0,    0,    0,    0,    0,    0,    0,    0,    0,    0,    0,    0,    0,    0,    0,    0,    0,    0,    0,    0,    0,    0,    0,    0,    0,    0,    0,    0,    0,    0,    0,    0,    0,    0,    0,    0,    0,    0,    0,    0,    0,    0,    0,    0,    0,    0,    0,    0,    0,    0,    0,    0,    0,    0,    0,    0,    0,    0,    0,    0,    0,    0,    0,    0,    0,    0,    0,    0,    0,    0,    0,    0,   16,    0,    0,    0,    0,    0,    0,    0,    0,    0,    0,    0,    0,    0,    0,    0,    0,    0,    0,    0,    0,    0,    0,    0,    0,    0,    0,    0,    0,    0,    0,    0,    0,    0,    0,    0,    0,    0,    0,    0,    0,    0,    0,    0,    0,    0,    0,    0,    0,    0,    0,    0,    0,
       0,    0,    0,    0,    0,    0,    0,  -18,    0,  -18,    0,  -16,    0,    0,    0,    0,    0,    0,    0,    0,    0,    0,  -18,    0,    0,    0,    0,    0,    0,    0,  -45,    0,    0,    0,    0,  -26,    0,    0,  -16,    0,    0,    0,    0,    0,    0,    0,    0,    0,    0,    0,    0,    0,  -18,    0,    0,    0,  -34,    0,    0,    0,    0,    0,  -18,    0,    0,    0,    0,    0,    0,    0,    0,    0,    0,    0,    0,    0,    0,    0,    0,    0,    3,    0,    0,    0,    0,    0,  -45,  -45,  -45,    0,    0,    0,    0,    0,    0,    0,    0,    0,    0,    0,    0,    0,    0,    7,    0,    0,    0,    0,    0,    0,    0,    0,    0,  -45,    0,    0,    0,    0,    0,    0,  -26,    0,    0,    0,    0,  -26,  -18,    0,    0,    0,    0,    7,    0,    0,    0,    0,    0,    0,    0,    0,  -29,    0,    0,    0,    0,
       0,    0,    0,    0,    0,    0,    0,    0,    0,    0,    0,    0,    0,    0,    0,    0,    0,    0,    0,    0,    0,    0,    0,    0,    0,    0,    0,    0,    0,    0,    0,    0,    0,    0,    0,    0,    0,    0,    0,    0,    0,    0,    0,    0,    0,    0,    0,    0,    0,    0,    0,    0,    0,    0,    0,    0,    0,    0,    0,    0,    0,    0,    0,    0,    0,    0,    0,    0,    0,    0,    0,    0,    0,    0,    0,   10,    0,    0,    0,    0,    0,    0,   10,   10,    0,    0,    0,    0,    0,    0,    0,    0,   34,   10,    0,    0,    0,    0,    0,    0,    0,    0,    0,    0,    0,    0,    0,    0,    0,    0,    0,    0,    0,    0,    0,    0,    0,    0,    0,    0,    0,    0,    0,    0,    0,    0,    0,    0,    0,    0,    0,    0,    0,    0,    0,    0,    0,    0,    0,    0,    0,    0,    0,    0,    0,
       0,    0,    0,    0,    0,    3,    0,    0,    0,    0,    0,    0,    0,    0,    0,    0,    0,    0,    0,    0,    0,    0,    0,    0,    0,    0,    0,    0,    0,    0,    0,    0,    0,    0,    0,    0,    0,    0,    0,    0,    0,    0,    0,    0,    0,    0,    1,    0,    0,    0,    0,    0,    0,    3,    0,    0,    0,    0,    0,    0,    0,    0,    0,    0,    0,    0,    0,    0,    0,    0,    0,    0,    0,    0,    0,   48,    0,    0,    0,    0,    0,    0,   48,   48,    0,    0,    0,    0,    0,    0,    0,    0,   39,   48,    0,    0,    0,    1,    0,    0,    0,    0,    0,    0,    0,    0,    0,    0,    0,    0,    0,    0,    0,    0,    0,    0,    1,    0,    1,    0,    0,    0,    0,    0,    0,    0,    0,    0,    0,    0,    0,    0,    0,    0,    0,    0,    0,    0,    0,    0,    0,    0,    0,    0,    0,
       0,    0,    0,    0,    0,    0,    0,    0,    0,    0,    0,    0,    0,   21,    0,    0,    0,    0,   42,    0,    0,    0,    0,    0,    0,    0,    0,   29,    0,    0,   42,    0,   40,    0,    0,    0,   42,    0,    0,    0,    0,   18,   48,   51,   12,    0,   24,    0,    0,    0,    0,    0,    0,    0,    0,    0,    0,    0,    0,    0,    0,    0,    0,    0,    0,    0,   10,    0,    0,    0,    0,    0,   48,   48,   48,   80,    0,    0,    0,    0,    0,   29,   80,   80,   51,    0,   42,   42,   42,    0,   64,   48,   45,   99,    0,    0,  -26,   24,    0,    0,    0,    0,    0,    0,    0,    0,    0,    0,    0,    0,    0,    0,    0,   42,    0,    0,   24,    0,   24,    0,    0,    0,    0,    0,    0,    0,    0,    0,    0,    0,    0,    0,    0,    0,    0,    0,    0,    0,    0,    0,    0,    0,    0,    0,    0,
       0,    0,    0,    0,    0,    0,    0,    0,    0,    0,    0,    0,    0,    0,    0,    0,    0,    0,    0,    0,    0,    0,    0,    0,    0,    0,    0,    0,    0,    0,  -18,    0,    0,    0,    0,    0,    0,    0,    0,    0,    0,    0,    0,   18,    0,    0,    0,    0,    0,    0,    0,    0,    0,    0,    0,    0,    0,    0,    0,    0,    0,    0,    0,    0,    0,    0,    0,    0,    0,    0,    0,    0,    0,    0,    0,    0,    0,    0,    0,    0,    0,    0,    0,    0,   18,    0,  -18,  -18,  -18,    0,    0,    0,    0,    0,    0,    0,    0,    0,    0,    0,    0,    0,    0,    0,    0,    0,    0,    0,    0,    0,    0,    0,    0,  -18,    0,    0,    0,    0,    0,    0,    0,    0,    0,    0,    0,    0,    0,    0,    0,    0,    0,    0,    0,    0,    0,    0,    0,    0,    0,    0,    0,    0,    0,    0,    0,
       0,    0,    0,    0,    0,    0,    0,    0,    0,    0,    0,    0,    0,    0,    0,    0,    0,    0,    0,    0,    0,    0,    0,    0,    0,    0,    0,   18,    0,    0,   21,    0,    0,    0,    0,    0,    0,    0,    0,    0,    0,    0,   16,   16,    0,    0,    0,    0,    0,    0,    0,    0,    0,    0,    0,    0,    0,    0,    0,    0,    0,    0,    0,    0,    0,    0,    0,    0,    0,    0,    0,    0,   16,   16,   16,   16,    0,    0,    0,    0,    0,   18,   16,   18,   16,    0,   21,   21,   21,    0,   18,   16,   24,   16,    0,    0,    0,    0,    0,    0,    0,    0,    0,    0,    0,    0,    0,    0,    0,    0,    0,    0,    0,   21,    0,    0,    0,    0,    0,    0,    0,    0,    0,    0,    0,    0,    0,    0,    0,    0,    0,    0,    0,    0,    0,    0,    0,    0,    0,    0,    0,    0,    0,    0,    0,
       0,    0,    0,    0,    0,    0,    0,  -13,  -26,  -13,  -26,  -13,    0,    0,    0,    0,  -29,    0,    0,    0,    0,    0,    0,    0,    0,    0,  -16,    0,    0,  -29,    0,    0,    0,    0,    0,    5,    0,    0,   -7,   -7,  -12,  -17,    0,    0,    0,  -10,  -16,    0,    0,    8,    0,    0,  -13,    0,    0,  -18,  -13,    0,    0,    0,    0,    0,  -13,    0,    0,    0,    0,    0,  -10,   -7,   -7,  -12,    0,    0,    0,   63,  -12,    0,    0,   -7,    0,    0,   63,   63,    0,  -12,    0,    0,    0,    0,    0,    0,   45,   63,    0,    0,    0,  -16,    0,    0,    0,    0,    0,    0,  -10,    0,    0,  -32,  -32,    0,    0,    0,    0,    0,    0,    0,  -16,    0,  -16,  -10,    5,    0,    0,    0,    0,    5,    0,  -42,    0,    0,  -26,    0,    0,    0,    0,    0,    0,    0,    0,    0,  -18,    0,    0,    0,    0,
       0,    0,    0,    0,    0,    0,    0,  -15,  -57,  -15,  -57,  -26,    0,    0,    0,    0,    0,    0,    0,    0,    0,    0,  -16,  -18,    0,    0,  -32,    2,    0,  -29,  -16,    0,    0,    0,    0,  -16,    0,    0,  -37,   -3,   -9,    7,    0,    0,    0,   -1,    7,    0,    0,    0,    0,    0,  -15,    0,    0,  -18,  -15,    0,    0,    0,    0,    0,  -15,    0,    0,    0,    0,    0,    0,   -3,   -3,   -9,    0,    0,    0,    0,   -9,    0,    0,   -3,    0,    2,    0,    0,    0,   -9,  -16,  -45,  -16,    0,    2,    0,    3,    0,    0,    0,    0,    7,    0,    0,    0,    0,    0,    4,    0,    0,    0,    0,    0,    0,    0,    0,    0,  -16,  -21,  -21,    7,    0,    7,   -1,  -16,    0,    0,    0,    0,  -16,    0,  -37,    0,    0,  -57,    4,    0,    0,    0,    0,    0,    0,    0,    0,  -24,    0,    0,    0,    0,
       0,    0,    0,    0,    0,    0,    0,    0,    0,    0,    0,    0,    0,    0,    0,    0,    0,    0,    0,    0,    0,    0,    0,    0,    0,    0,    0,    0,    0,    0,  -21,    0,    0,    0,    0,    0,    0,    0,    0,    0,    0,    0,    0,    0,    0,    0,    0,    0,    0,    0,    0,    0,    0,    0,    0,    0,    0,    0,    0,    0,    0,    0,    0,    0,    0,    0,    0,    0,    0,    0,    0,    0,    0,    0,    0,    0,    0,    0,    0,    0,    0,    0,    0,    0,    0,    0,  -21,  -21,  -21,    0,    0,    0,    0,    0,    0,    0,    0,    0,    0,    0,    0,    0,    0,    0,    0,    0,    0,    0,    0,    0,    0,    0,    0,  -21,    0,    0,    0,    0,    0,    0,    0,    0,    0,    0,    0,    0,    0,    0,    0,    0,    0,    0,    0,    0,    0,    0,    0,    0,    0,    0,    0,    0,    0,    0,    0,
       0,    0,    0,    0,    0,    0,    0,    0,    0,    0,    0,    0,    0,    0,    0,    0,    0,    0,    0,    0,    0,    0,    0,    0,    0,    0,    0,    0,    0,    0,    0,    0,    0,    0,    0,    0,    0,    0,    0,    0,    0,    0,    0,    0,    0,    0,    0,    0,    0,    0,    0,    0,    0,    0,    0,    0,    0,    0,    0,    0,    0,    0,    0,    0,    0,    0,    0,    0,    0,    0,    0,    0,    0,    0,    0,    0,    0,    0,    0,    0,    0,    0,    0,    0,    0,    0,    0,    0,    0,    0,    0,    0,    0,    0,    0,    0,    0,    0,    0,    0,    0,    0,    0,    0,    0,    0,    0,    0,    0,    0,    0,    0,    0,    0,    0,    0,    0,    0,    0,    0,    0,    0,    1,    0,    0,    0,    0,    0,    0,    0,    0,    0,    0,    0,    0,    0,    0,    0,    0,   10,    0,    0,    0,    0,    0,
       0,    0,    0,    0,    0,    0,    0,    0,    0,    0,    0,    0,    0,    0,    0,    0,    0,    0,    0,    0,    0,    0,    0,    0,    0,    0,    0,    0,    0,    0,    0,    0,    0,    0,    0,    0,    0,    0,    0,    0,    0,    0,    0,    0,    0,    0,    0,    0,    0,    0,    0,    0,    0,    0,    0,    0,    0,    0,    0,    0,    0,    0,    0,    0,    0,    0,    0,    0,    0,    0,    0,    0,    0,    0,    0,    0,    0,    0,    0,    0,    0,    0,    0,    0,    0,    0,    0,    0,    0,    0,    0,    0,    0,    0,    0,    0,    0,    0,    4,    4,    4,    3,    9,    0,    0,    0,    7,    0,    0,    0,    0,    0,    0,    0,    0,    0,    0,    0,    0,    0,    0,   -5,    5,    0,    5,    0,    0,    0,    0,    0,    0,    0,    0,    4,    0,    0,    0,  -12,    0,    0,    0,    0,    0,    0,    0,
       0,    0,    0,    0,    0,    0,    0,    0,    0,    0,    0,    0,    0,    0,    0,    0,    0,    0,    0,    0,    0,    0,    0,    0,    0,    0,    0,    0,    0,    0,    0,    0,    0,    0,    0,    0,    0,    0,    0,    0,    0,    0,    0,    0,    0,    0,    0,    0,    0,    0,    0,    0,    0,    0,    0,    0,    0,    0,    0,    0,    0,    0,    0,    0,    0,    0,    0,    0,    0,    0,    0,    0,    0,    0,    0,    0,    0,    0,    0,    0,    0,    0,    0,    0,    0,    0,    0,    0,    0,    0,    0,    0,    0,    0,    0,    0,    0,    0,    0,    0,    0,    0,    0,    0,    0,    0,    0,    0,    0,    0,    0,    0,    0,    0,    0,    0,    0,    0,    0,    0,    0,   -6,    0,    0,    0,    0,    0,    0,    0,    0,    0,    0,    0,    0,    0,    0,    0,    0,    0,    0,    0,    0,    0,    0,    0,
       0,    0,    0,    0,    0,    0,    0,    0,    0,    0,    0,    0,    0,    0,    0,    0,    0,    0,    0,    0,    0,    0,    0,    0,    0,    0,    0,    0,    0,    0,    0,    0,    0,    0,    0,    0,    0,    0,    0,    0,    0,    0,    0,    0,    0,    0,    0,    0,    0,    0,    0,    0,    0,    0,    0,    0,    0,    0,    0,    0,    0,    0,    0,    0,    0,    0,    0,    0,    0,    0,    0,    0,    0,    0,    0,    0,    0,    0,    0,    0,    0,    0,    0,    0,    0,    0,    0,    0,    0,    0,    0,    0,    0,    0,    0,    0,    0,    0,    2,   12,    0,    0,    0,    0,    0,   -1,    0,    0,    0,    0,    0,    0,    0,    0,    0,    0,    0,    0,    0,    0,    0,   -6,    5,    0,    5,    0,    0,    0,    0,    0,    0,    0,    0,    0,    0,    0,    0,  -10,  -12,    0,    0,    0,    0,    0,    0,
       0,  -58,    0,    0,  -32,    0,    0,  -29,  -46,  -29,  -46,  -66,  -21,    0,    0,    0,  -45,    0,  -29,  -18,    0,  -26,  -45,  -26,    0,  -26,  -64,    0,  -26,  -58,    0,    0,    0,    0,    0,    0,    0,    0,  -18,  -26,  -29,    0,    0,    0,  -10,  -36,    7,  -18,    7,    0,    0,    0,  -50,    0,    0,  -40,  -29,    0,    0,    0,  -40,   -5,  -29,    0,    0,  -32,    0,    0,    0,  -26,  -26,  -29,    0,    0,    0,    0,  -29,  -18,    7,  -26,    0,    0,    0,    0,    0,  -29,    0,    0,    0,  -18,    0,    0,    0,    0,  -29,    0,    0,    7,    0,    0,    0,    0,    0,    0,    0,    0,    0,  -24,  -42,    0,    0,  -26,    0,    0,  -56,  -29,    7,    0,    7,  -51,    0,    0,    0,    0,    0,    0,    0,    0,    0,    0,  -46,    0,    0,    0,    0,    0,    0,    0,    0,    0,    0,    0,    0,    0,    0,
       0,    0,    0,    0,    0,    0,    0,    0,    0,    0,    0,    0,    0,    0,    0,    0,    0,    0,    0,    0,    0,    0,    0,    0,    0,    0,  -16,    0,    0,    0,  -16,    0,  -18,    0,  -21,  -21,    0,    0,    0,    0,    0,    0,    0,    0,    0,    0,    0,    0,    0,    0,    0,    0,    0,    0,    0,    0,    0,    0,    0,    0,    0,    0,    0,    0,    0,    0,    0,    0,    0,    0,    0,    0,    0,    0,    0,    0,    0,    0,    0,    0,    0,    0,    0,    0,    0,    0,  -16,  -16,  -16,    0,    0,    0,    0,    0,    0,    0,    0,    0,    0,    0,    0,    0,    0,    0,    0,    0,    0,    0,    0,  -21,    0,    0,    0,  -50,    0,    0,    0,    0,    0,    0,  -21,    0,    0,    0,    0,  -21,    0,    0,    0,    0,    0,    0,    0,    0,    0,    0,    0,    0,    0,    0,    0,    0,    0,  -16,    0,
       0,    0,    0,    0,    0,    0,    0,    0,    0,    0,    0,    0,    0,    0,    0,    0,    0,    0,    0,    0,    0,    0,    0,    0,    0,    0,    0,    0,    0,    0,    0,    0,    0,    0,    0,    0,    0,    0,    0,    0,    0,    0,    0,    0,    0,    0,    0,    0,    0,    0,    0,    0,    0,    0,    0,    0,    0,    0,    0,    0,    0,    0,    0,    0,    0,    0,    0,    0,    0,    0,    0,    0,    0,    0,    0,    0,    0,    0,    0,    0,    0,    0,    0,    0,    0,    0,    0,    0,    0,    0,    0,    0,    0,    0,    0,    0,    0,    0,    0,    0,    0,    0,   -1,    0,    0,    0,    0,    0,    0,    0,    0,    0,    0,    0,    0,    0,    0,    0,    0,    0,    0,    0,    0,    0,    0,    0,    0,    0,    0,    0,    0,    0,    0,    0,    0,    0,    0,    0,    0,    0,    0,    0,    0,    0,    0,
       0,    0,    0,    0,    0,    0,    0,    0,    0,    0,    0,    0,    0,    0,    0,    0,    0,    0,    0,    0,    0,    0,    0,    0,    0,    0,    0,    0,    0,    0,    0,    0,    0,    0,    0,    0,    0,    0,    0,    0,    0,    0,    0,    0,    0,    0,    0,    0,    0,    0,    0,    0,    0,    0,    0,    0,    0,    0,    0,    0,    0,    0,    0,    0,    0,    0,    0,    0,    0,    0,    0,    0,    0,    0,    0,    0,    0,    0,    0,    0,    0,    0,    0,    0,    0,    0,    0,    0,    0,    0,    0,    0,    0,    0,    0,    0,    0,    0,    0,    0,    0,    0,    0,    0,    0,    0,    0,    0,    0,    0,    0,    0,    0,    0,    0,    0,    0,    0,    0,    0,    0,   -7,    5,    0,    5,    0,    0,    0,    0,    0,    0,    0,    0,    0,    0,    0,    0,   -7,  -10,    0,    0,    0,    0,    0,    0,
       0,    0,    0,    0,    0,    0,    0,    0,    0,    0,    0,    0,    0,    0,    0,    0,    0,    0,    0,    0,    0,    0,    0,    0,    0,    0,    0,    0,    0,    0,  -16,    0,    0,    0,    0,    0,    0,    0,   29,    0,    0,    0,    0,    0,    0,    0,    0,    0,    0,    0,    0,    0,    0,    0,    0,    0,    0,    0,    0,    0,    0,    0,    0,    0,    0,    0,    0,    0,    0,    0,    0,    0,    0,    0,    0,    0,    0,    0,    0,    0,    0,    0,    0,    0,    0,    0,  -16,  -16,  -16,    0,    0,    0,    0,    0,    0,    0,    0,    0,    0,    0,    0,    0,    0,    0,    0,    0,    0,   12,   12,    0,    0,    0,    0,  -16,    0,    0,    0,    0,    0,    0,    0,    0,    0,    0,    0,    0,    0,    0,    0,    0,    0,    0,    0,    0,    0,    0,    0,    0,    0,    0,    0,    0,    0,    0,    0,
       0,    0,   -5,    0,    0,    0,    0,  -68,    0,  -68,    0,    0,  -16,    0,    0,   -9,  -18,    0,    0,   -9,    0,    0,  -24,  -24,    0,  -18,    0,    0,  -18,    0,  -14,    0,    0,    0,    0,    0,    0,    0,    0,  -26,  -13,    0,    0,    0,    0,    0,    0,    0,    0,    0,    0,    0,  -68,    0,    0,  -42,  -68,   -3,    0,    0,    0,    0,  -68,    0,    0,    0,    0,    0,  -21,  -26,  -26,  -13,    0,    0,    0,    0,  -13,    0,    0,  -26,    0,    0,    0,    0,    0,  -13,  -14,  -14,  -14,    0,    0,    0,   40,    0,    0,    0,    0,    0,    0,    0,    0,    0,    0,    0,  -21,    0,    0,    0,    0,    0,   -9,  -42,  -16,  -14,    0,    0,  -29,  -37,    0,    0,    0,    0,    0,    0,    0,    0,    0,    0,    0,    0,    0,    0,    0,    0,    0,    0,    0,    0,    0,    0,    0,    0,  -16,    0,    0,
       0,    0,    0,    0,    0,    0,    0,    0,  -21,    0,  -21,  -18,    0,    0,    0,    0,    0,    0,    0,    0,    0,    0,    0,    0,    0,    0,  -15,    0,    0,    0,  -15,    0,  -16,   -2,  -18,  -18,    0,    0,  -18,    0,    0,    0,    0,    0,    0,    0,    0,    0,    0,    0,    0,    0,    0,    0,    0,    0,    0,   -3,    0,    0,    0,    0,    0,    0,    0,    0,    0,    0,    0,    0,    0,    0,    0,    0,    0,    0,    0,    0,    0,    0,    0,    0,    0,    0,    0,    0,  -15,  -15,  -15,    0,    0,    0,    0,    0,    0,    0,    0,    0,    0,    0,    0,    0,    0,    0,    0,    0,    0,    0,    0,  -42,    0,    0,    0,  -31,    0,    0,    0,    0,    0,    0,  -18,    0,    0,  -18,    0,  -18,  -16,  -42,    0,    0,  -21,    0,    0,    0,    0,    0,    0,    0,    0,    0,  -46,    0,    0,    0,    0,
       0,    0,    0,    0,    0,    0,    0,    0,  -21,    0,  -21,    0,    0,    0,    0,    0,    0,    0,    0,    0,    0,    0,    0,    0,    0,    0,    0,    0,    0,    0,    0,    0,    0,    0,    0,    0,    0,    0,  -18,    0,    0,    0,    0,    0,    0,    0,    0,    0,    0,    0,    0,    0,    0,    0,    0,    0,    0,    0,    0,    0,    0,    0,    0,    0,    0,    0,    0,    0,    0,    0,    0,    0,    0,    0,    0,    0,    0,    0,    0,    0,    0,    0,    0,    0,    0,    0,    0,    0,    0,    0,    0,    0,    0,    0,    0,    0,    0,    0,    0,    0,    0,    0,    0,    0,    0,    0,    0,    0,    0,    0,    0,    0,    0,    0,    0,    0,    0,    0,    0,    0,    0,    0,    0,    0,    0,    0,    0,  -16,    0,    0,  -21,    0,    0,    0,    0,    0,    0,    0,    0,    0,    0,    0,    0,    0,    0,
     -13,    0,    0,    0,    0,    0,  -13,  -13,    7,  -13,    7,    0,   -5,    0,    0,    0,  -11,    0,    0,   -5,    0,    0,    0,    0,    0,    0,    0,    0,    0,    0,    0,    0,    0,    0,    0,    0,    0,  -13,    0,    0,   -6,  -11,    0,    0,    0,    0,  -11,    0,   -9,  -11,    0,    0,  -13,    0,    0,    0,  -13,    0,  -13,    0,    0,  -11,  -13,    0,    0,    0,    0,    0,    0,    0,    0,   -6,    0,    0,    0,    0,   -6,    0,   -9,    0,    0,    0,    0,    0,    0,   -6,    0,    0,    0,    0,    0,    0,    0,    0,    0,    0,    0,  -11,    0,    0,    0,    0,    0,  -13,    0,    0,    0,    0,    0,    0,    0,    0,    0,    0,    0,    0,  -11,   -7,  -11,    0,    0,    0,    0,    0,    0,    0,    0,    0,    0,    0,    7,  -13,    0,    0,    0,    0,    0,    0,    0,    0,    0,    0,    0,    0,    0,
       0,    0,    0,    0,    0,    0,    0,  -18,  -58,  -18,  -58,  -16,    0,    0,    0,    0,    0,    0,    0,    0,    0,    0,  -18,    0,    0,    0,  -18,    5,    0,  -26,  -26,    0,    0,    0,    0,    0,  -16,    0,    0,   -2,   -7,    7,    4,    6,    6,    0,    7,    0,    7,    4,    6,    0,  -18,    0,    0,    0,  -34,    0,    0,    0,    0,    0,  -18,    0,    0,    0,    0,    0,    0,   -2,   -2,   -7,    4,    4,    4,   12,   -7,    0,    7,   -2,    0,    5,   12,   12,    6,   -7,  -26,  -26,  -26,    0,    5,    4,    0,   12,    0,    0,    0,    7,    0,    0,    0,    0,    0,    7,    0,    0,    0,    0,    0,    0,    0,    0,    0,  -26,  -11,  -11,    7,    0,    7,    0,    0,    0,    0,    0,    0,    0,  -18,  -71,    0,    0,  -58,    7,    0,    0,    0,    0,    0,    0,    0,    0,  -24,    0,    0,    0,    0,
       0,    0,    0,    0,    0,  -13,    0,    0,    0,    0,    0,    0,    0,    0,    0,    0,    0,    0,    0,    0,    0,    0,    0,    0,    0,    0,    0,    0,    0,    0,  -46,    0,  -46,    0,  -13,  -80,    0,    0,    0,    0,    0,    0,    0,    0,    0,    0,  -12,    0,  -13,  -13,  -10,    0,    0,    0,  -26,    0,    0,    0,    0,    0,    0,    0,    0,    0,    0,    0,    0,    0,    0,    0,    0,    0,    0,    0,    0,    0,    0,    0,  -13,    0,    0,    0,    0,    0,    0,    0,  -46,  -46,  -46,    0,    0,    0,    0,    0,    0,    0,    0,  -12,    0,    0,    0,    0,    0,    0,    0,    0,    0,    0,    0,  -13,    0,    0,    0,  -46,    0,    0,  -12,    0,  -54,    0,  -80,    0,    0,    0,    0,  -80,  -33,    0,    0,    0,    0,    0,    0,    0,    0,    0,    0,    0,    0,    0,    0,    0,    0,    0,    0,
       0,    0,    0,    0,  -29,    0,    0,  -37,  -16,  -37,  -16,    0,    0,    0,    0,    0,  -32,    0,    0,    0,    0,  -29,  -48,  -45,    0,  -18,  -38,    0,  -18,  -16,    7,    0,    0,    0,    0,    0,    0,    0,    0,  -36,  -75,    0,  -13,    0,  -21,  -32,    0,  -18,    0,    0,    0,    0,  -37,    0,    0,  -42,  -61,   -4,    0,    0,  -18,    0,  -61,    0,  -29,    0,    0,    0,  -40,  -68,  -58,  -75,  -13,  -26,  -13,    0,  -75,  -18,    0,  -59,    0,    0,    0,    0,    0,  -75,    7,    7,    7,  -18,    0,  -13,   40,    0,    0,    0,    0,    0,    0,    0,    0,    0,    0,    0,  -18,    0,    0,    0,    0,    0,    0,  -18,    0,    7,    0,    0,    0,  -26,    0,  -32,    0,    0,    0,  -70,    0,    0,    0,  -50,    0,    0,  -61,    0,    0,    0,    0,    0,    0,    0,    0,    0,  -82,    0,    0,    0,  -16,
       0,    0,    0,    0,    0,    0,    0,    0,    0,    0,    0,    0,    0,    0,    0,    0,    0,    0,    0,    0,    0,    0,    0,    0,    0,    0,    0,    0,    0,    0,    0,    0,    0,    0,    0,    0,    0,    0,    0,    0,    0,    0,    0,    0,    0,    0,    0,    0,    0,    0,    0,    0,    0,    0,    0,    0,    0,    0,    0,    0,    0,    0,    0,    0,    0,    0,    0,    0,    0,    0,    0,    0,    0,    0,    0,    0,    0,    0,    0,    0,    0,    0,    0,    0,    0,    0,    0,    0,    0,    0,    0,    0,    0,    0,    0,    0,    0,    0,    0,    0,    0,    0,    0,    0,    0,    0,   -4,    0,    0,    0,    0,    0,    0,    0,    0,    0,    0,    0,    0,    0,    0,    0,    0,    0,    0,    0,    0,    0,    0,    0,    0,    0,    0,    0,    0,    0,    0,    0,    0,    0,    0,    0,    0,    0,    0,
       0,    0,    0,    0,    0,    0,    0,    0,    0,    0,    0,    0,    0,    0,    0,    0,    0,    0,    0,    0,    0,    0,    0,    0,    0,    0,    0,    0,    0,    0,    0,    0,    0,    0,    0,    0,    0,    0,    0,    0,    0,    0,    0,    0,    0,    0,    0,    0,    0,    0,    0,    0,    0,    0,    0,    0,    0,    0,    0,    0,    0,    0,    0,    0,    0,    0,    0,    0,    0,    0,    0,    0,    0,    0,    0,    0,    0,    0,    0,    0,    0,    0,    0,    0,    0,    0,    0,    0,    0,    0,    0,    0,    0,    0,    0,    0,    0,    0,    0,    0,    0,    0,    0,    0,    0,    0,    0,    0,    0,    0,    0,    0,    0,    0,    0,    0,    0,    0,    0,    0,    0,   -7,    0,    0,    0,    0,    0,    0,    0,    0,    0,    0,    0,    0,  -14,    0,    0,  -14,    0,    0,    0,    0,    0,    0,    0,
       0,    0,    0,    0,    0,    0,    0,    0,    0,    0,    0,    0,    0,    0,    0,    0,    0,    0,    0,    0,    0,    0,    0,    0,    0,    0,    0,    0,    0,    0,    0,    0,    0,    0,    0,    0,    0,    0,    0,    0,    0,    0,    0,    0,    0,    0,    0,    0,    0,    0,    0,    0,    0,    0,    0,    0,    0,    0,    0,    0,    0,    0,    0,    0,    0,    0,    0,    0,    0,    0,    0,    0,    0,    0,    0,    0,    0,    0,    0,    0,    0,    0,    0,    0,    0,    0,    0,    0,    0,    0,    0,    0,    0,    0,    0,    0,    0,    0,    3,    3,    0,    5,    6,    0,    0,   -3,    0,    0,    0,    0,    0,    0,    0,    0,    0,    0,    0,    0,    0,    0,    0,   -2,   -8,    0,   -6,    0,    0,    0,    0,    0,    0,    0,    0,    0,   -4,    0,    0,   -6,    0,    0,    0,    0,    0,    0,    0,
       0,    0,    0,    0,    0,    0,    0,    0,    0,    0,    0,    0,    0,    0,    0,    0,    0,    0,    0,    0,    0,    0,    0,    0,    0,    0,    0,    0,    0,    0,    0,    0,    0,    0,    0,    0,    0,    0,    0,    0,    0,    0,    0,    0,    0,    0,    0,    0,    0,    0,    0,    0,    0,    0,    0,    0,    0,    0,    0,    0,    0,    0,    0,    0,    0,    0,    0,    0,    0,    0,    0,    0,    0,    0,    0,    0,    0,    0,    0,    0,    0,    0,    0,    0,    0,    0,    0,    0,    0,    0,    0,    0,    0,    0,    0,    0,    0,    0,    0,    0,    0,    0,    0,    0,    0,    0,    0,    0,    0,    0,    0,    0,    0,    0,    0,    0,    0,    0,    0,    0,    0,    0,    0,    0,    0,    0,    0,    0,    0,    0,    0,    0,    0,    0,    0,    0,    0,  -12,    0,    0,    0,    0,    0,    0,    0,
       0,    0,    0,    0,    0,    0,    0,    0,    0,    0,    0,    0,    0,  -42,    0,    0,    0,    0,    0,    0,    0,    0,    0,    0,    0,  -18,    0,    0,  -18,    0,  -58,    0,  -62,  -41,    0,  -70,    0,    0,    0,    0,    0,    0,    0,    6,    0,    0,    0,    0,  -24,    0,    0,    0,    0,    0,    0,    0,    0,    0,    0,    0,    0,    0,    0,    0,    0,    0,    0,    0,    0,    0,    0,    0,    0,    0,    0,    0,    0,    0,  -24,    0,    0,    0,    0,    0,    6,    0,  -58,  -58,  -93,    0,    0,    0,    0,    0,    0,    0,    0,    0,    0,    0,    0,    0,    0,    0,    0,    0,    0,    0,    0,    0,    0,  -18,  -18,  -74,    0,    0,    0,    0,    0,    0,  -70,    0,    0,    0,    0,  -70,    0,    0,    0,    0,    0,    0,    0,    0,    0,    0,    0,    0,    0,    0,  -12,   -7,    0,    0,    0,
       0,    0,    0,    0,    0,    0,    0,    0,    0,    0,    0,    0,    0,    0,    0,    0,    0,    0,    0,    0,    0,    0,    0,    0,    0,    0,    0,    0,    0,    0,    0,    0,    0,    0,    0,    0,    0,    0,    0,    0,    0,    0,    0,    0,    0,    0,    0,    0,    0,    0,    0,    0,    0,    0,    0,    0,    0,    0,    0,    0,    0,    0,    0,    0,    0,    0,    0,    0,    0,    0,    0,    0,    0,    0,    0,    0,    0,    0,    0,    0,    0,    0,    0,    0,    0,    0,    0,    0,    0,    0,    0,    0,    0,    0,    0,    0,    0,    0,    0,    0,    0,    5,    0,    0,    0,   -7,    0,    0,    0,    0,    0,    0,    0,    0,    0,    0,    0,    0,    0,    0,    0,   -7,  -10,    0,  -11,    0,    0,    0,    0,    0,    0,    0,    0,    0,  -19,    0,    0,   -8,    0,    0,    0,    0,    0,    0,    0,
       0,    0,    0,    0,    0,    0,    0,    0,    0,    0,    0,    0,    0,    0,    0,    0,    0,    0,    0,    0,    0,    0,    0,    0,    0,    0,    0,    0,    0,    0,    0,    0,    0,    0,    0,    0,    0,    0,    0,    0,    0,    0,    0,    0,    0,    0,    0,    0,    0,    0,    0,    0,    0,    0,    0,    0,    0,    0,    0,    0,    0,    0,    0,    0,    0,    0,    0,    0,    0,    0,    0,    0,    0,    0,    0,    0,    0,    0,    0,    0,    0,    0,    0,    0,    0,    0,    0,    0,    0,    0,    0,    0,    0,    0,    0,    0,    0,    0,    0,    0,    0,    0,    0,    0,    0,    0,    0,    0,    0,    0,    0,    0,    0,    0,    0,    0,    0,    0,    0,    0,    0,   -5,    0,    0,    0,    0,    0,    0,    0,    0,    0,    0,    0,    0,    0,    0,    0,    0,    0,    0,    0,    0,    0,    0,    0,
       0,    0,    0,    0,    0,    3,    0,    0,    0,    0,    0,    0,    0,    0,    0,    0,    0,    0,    0,    0,    0,    0,    0,    0,    0,    0,    0,    0,    0,    0,    0,    0,    0,    0,    0,    0,    0,    0,    0,    0,    0,    0,    0,    0,    0,    0,    1,    0,    0,    0,    0,    0,    0,    3,    0,    0,    0,    0,    0,    0,    0,    0,    0,    0,    0,    0,    0,    0,    0,    0,    0,    0,    0,    0,    0,   33,    0,    0,    0,    0,    0,    0,   48,   33,    0,    0,    0,    0,    0,    0,    0,    0,   34,   48,    0,    0,    0,    1,    0,    0,    0,    0,    0,    0,    0,    0,    0,    0,    0,    0,    0,    0,    0,    0,    0,    0,    1,    0,    1,    0,    0,    0,    0,    0,    0,    0,    0,    0,    0,    0,    0,    0,    0,    0,    0,    0,    0,    0,    0,    0,    0,    0,    0,    0,    0,
     -10,    0,    0,    0,    0,   -5,    0,    0,    0,    0,    0,    0,    0,  -16,    0,    0,    0,    0,    0,    0,    0,    0,    0,    0,    0,    0,  -14,    0,    0,    0,  -41,    0,  -26,  -24,  -13,  -41,    0,    0,    0,    4,    0,    0,    0,    0,    0,    0,    0,    0,   -9,   -8,  -11,   -7,    0,    0,  -16,    0,    0,   -4,    0,    0,    0,    0,    0,    0,    0,    0,    0,    0,    0,    4,    4,    0,    0,    0,    0,    0,    0,    0,   -9,    4,    0,    0,    0,    0,    0,    0,  -41,  -41,  -41,    0,    0,    0,   33,    0,    0,   -7,  -21,    0,    0,    0,    0,    0,    0,  -11,    0,    0,    0,    0,    0,  -13,    0,    0,    0,  -41,    0,    0,    0,   -5,    0,    0,  -81,    0,    0,    0,    0,  -41,  -29,    0,    0,    0,    0,  -11,    0,    0,    0,    0,    0,    0,    0,    0,    0,    0,    0,    0,    0,
       0,    0,    0,    0,    0,    0,    0,    0,  -16,    0,  -16,    0,    0,    0,    0,    0,    0,    0,    0,    0,    0,    0,    0,    0,    0,    0,    0,    0,    0,    0,    0,    0,    0,    0,    0,    0,    0,    0,    0,    0,    0,    0,    0,    0,    0,    0,    0,    0,    0,    0,    0,    0,    0,    0,    0,    0,    0,    0,    0,    0,    0,    0,    0,    0,    0,    0,    0,    0,    0,    0,    0,    0,    0,    0,    0,    0,    0,    0,    0,    0,    0,    0,    0,    0,    0,    0,    0,    0,    0,    0,    0,    0,   18,    0,    0,    0,    0,    0,    0,    0,    0,    0,    0,    0,    0,    0,    0,    0,    0,    0,    0,    0,    0,    0,    0,    0,    0,    0,    0,    0,    0,    0,    0,    0,    0,    0,    0,    0,    0,    0,  -16,    0,    0,    0,    0,    0,    0,    0,    0,    0,    0,    0,    0,    0,    0,
       0,    0,    0,    0,  -29,    0,    0,  -37,  -31,  -37,  -31,    0,    0,    0,    0,    0,  -32,    0,    0,    0,    0,  -29,  -48,  -45,    0,  -18,  -38,    0,  -18,  -16,    7,    0,    0,    0,    0,    0,    0,    0,    0,  -36,  -38,    0,  -13,    0,  -21,  -32,    0,  -18,    0,    0,    0,    0,  -37,    0,    0,  -42,  -61,   -4,    0,    0,  -18,    0,  -61,    0,  -29,    0,    0,    0,  -40,  -68,  -58,  -38,  -13,  -26,  -13,    0,  -38,  -18,    0,  -59,    0,    0,    0,    0,    0,  -64,    7,    7,    7,  -18,    0,  -13,   40,    0,    0,    0,    0,    0,    0,    0,    0,    0,    0,    0,  -18,    0,    0,    0,    0,    0,    0,  -18,    0,    7,    0,    0,    0,  -26,    0,  -32,    0,    0,    0,  -70,    0,    0,    0,  -50,    0,    0,  -31,    0,    0,    0,    0,    0,    0,    0,    0,    0,  -82,    0,    0,    0,  -16,
       0,    0,    0,    0,  -29,    0,    0,    0,  -40,    0,  -40,  -45,    0,    0,    0,    0,  -29,    0,    0,    0,    0,    0,    0,    0,    0,    0,  -45,    0,    0,  -69,    0,    0,    0,    0,    0,    0,    0,    0,    0,    0,  -19,    0,    0,    0,    0,  -11,    0,    0,    0,    0,    0,    0,    0,    0,    0,    0,    0,    0,    0,    0,    0,    0,    0,    0,    0,  -29,    0,    0,    0,    0,    0,  -19,    0,    0,    0,    0,  -19,    0,    0,    0,    0,    0,    0,    0,    0,  -19,    0,    0,    0,    0,    0,    0,    0,    0,    0,    0,    0,    0,    0,    0,    0,    0,    0,    0,    0,    0,    0,  -29,  -53,    0,    0,    0,    0,    0,  -66,  -40,    0,    0,    0,  -11,    0,    0,    0,    0,    0,    0,    0,  -29,    0,    0,  -40,    0,    0,    0,    0,    0,    0,    0,    0,    0,    0,    0,    0,    0,    0,
       0,    0,    0,    0,    0,    0,    0,    0,    0,    0,    0,    0,    0,  -32,    0,    0,    0,    0,    0,    0,    0,    0,    0,    0,    0,    0,    0,    0,    0,    0,  -45,    0,  -42,  -29,    0,  -50,    0,    0,    0,  -16,    0,    0,    0,    0,    0,    0,    0,    0,  -24,    0,    0,    0,    0,    0,    0,    0,    0,    0,    0,    0,    0,    0,    0,    0,    0,    0,    0,    0,    0,  -16,  -16,    0,    0,    0,    0,    0,    0,    0,  -24,  -16,    0,    0,    0,    0,    0,    0,  -45,  -45,  -45,    0,    0,    0,    0,    0,    0,    0,    0,    0,    0,    0,    0,    0,    0,  -45,    0,    0,    0,   24,   24,    0,    0,    0,  -29,  -69,   29,   29,  -24,    0,    0,    0,  -50,    0,    0,    0,    0,  -50,  -58,    0,    0,    0,    0,  -45,    0,    0,    0,    0,    0,    0,    0,    0,    0,    0,    0,    0,    0,
     -38,    0,    0,    0,    0,    0,    0,    0,    0,    0,    0,    0,  -12,  -41,    0,  -11,    0,   -7,   -7,   -9,   -3,    0,    0,    0,  -46,  -21,    0,    0,  -21,    0,  -16,    0,    0,    0,    0,  -16,    0,    0,    0,    0,    0,    0,    0,    0,    0,    0,    0,    0,    0,    0,    0,    0,    0,    0,    0,    0,    0,    0,    0,    0,    0,  -25,    0,    0,    0,    0,    0,    0,    0,    0,    0,    0,    0,    0,    0,    0,    0,    0,    0,    0,    0,    0,    0,    0,    0,    0,  -16,  -16,  -16,    0,    0,    0,    0,    0,    0,    0,    0,    0,    0,    0,    0,    0,    0,  -26,    0,    0,    0,    0,    0,    0,  -11,  -21,    0,  -16,    0,    0,    0,  -21,    0,    0,  -16,    0,    0,    0,    0,  -31,    0,    0,  -64,  -85,    0,  -26,    0,    0,    0,    0,    0,    0,    0,    0,    0,    0,    0,    0,    0,
       0,    0,    0,    0,    0,    0,    0,    0,    0,    0,    0,    0,    0,    0,    0,    0,    0,    0,    0,    0,    0,    0,    0,    0,    0,    0,    0,    0,    0,    0,    0,    0,    0,    0,    0,    0,    0,    0,    0,    0,    0,    0,    0,    0,    0,    0,    0,    0,    0,    0,    0,    0,    0,    0,    0,    0,    0,    0,    0,    0,    0,    0,    0,   -3,    0,    0,    0,    0,    0,    0,    0,    0,    0,    0,    0,    0,    0,    0,    0,    0,    0,    0,    0,    0,    0,    0,    0,    0,    0,    0,    0,    0,    0,    0,    0,    0,    0,    0,    0,    0,    0,    0,    0,    0,    0,    0,    0,    0,    0,    0,    0,    0,    0,    0,    0,    0,    0,    0,    0,    0,    0,    0,    0,    0,    0,    0,    0,    0,    0,    0,    0,    0,    0,    0,    0,   -7,    0,    0,    0,    0,    0,    0,    0,    0,    0,
       0,    0,    0,    0,    0,    0,    0,    0,    0,    0,    0,    0,    0,    0,    0,    0,    0,    0,    0,    0,    0,    0,    0,    0,    0,    0,    0,    0,    0,    0,    0,    0,    0,    0,    0,    0,    0,    0,    0,    0,    0,    0,    0,    0,    0,    0,    0,    0,    0,    0,    0,    0,    0,    0,    0,    0,    0,    0,    0,    0,    0,    0,    0,    0,    0,    0,    0,    0,    0,    0,    0,    0,    0,    0,    0,    0,    0,    0,    0,    0,    0,    0,    0,    0,    0,    0,    0,    0,    0,    0,    0,    0,    0,    0,    0,    0,    0,    0,    0,    0,  -15,    0,    0,    0,    0,  -12,    0,    0,    0,    0,    0,    0,    0,    0,    0,    0,    0,    0,    0,    0,    0,  -15,    0,    0,    0,    0,    0,    0,    0,    0,    0,    0,    0,    0,  -25,    6,   -3,    0,    0,    0,    0,    0,    0,    0,    0,
       0,    0,    0,    0,    0,    0,    0,    0,    0,    0,    0,    0,    0,    0,    0,    0,    0,    0,    0,    0,    0,    0,    0,    0,    0,    0,    0,    0,    0,    0,    0,    0,    0,    0,    0,    0,    0,    0,    0,    0,    0,    0,    0,    0,    0,    0,    0,    0,    0,    0,    0,    0,    0,    0,    0,    0,    0,    0,    0,  -10,    0,    0,    0,    0,    0,    0,    0,    0,    0,    0,    0,    0,    0,    0,    0,    0,    0,    0,    0,    0,    0,    0,    0,    0,    0,    0,    0,    0,    0,    0,    0,    0,    0,    0,    0,    0,    0,    0,    0,    0,    0,    0,   -1,    0,    0,    0,   -7,    0,    0,    0,    0,    0,    0,    0,    0,    0,    0,    0,    0,    0,    0,    0,    0,    0,    0,    0,    0,    0,    0,    0,    0,    0,    0,    0,    0,   -7,    0,    0,    0,    0,    0,    0,    0,    0,    0,
       0,    0,    0,    0,    0,    0,    0,    0,    0,    0,    0,    0,    0,    0,    0,    0,    0,    0,    0,    0,    0,    0,    0,    0,    0,    0,    0,    0,    0,    0,    0,    0,    0,    0,    0,    0,    0,    0,    0,    0,    0,    0,    0,    0,    0,    0,    0,    0,    0,    0,    0,    0,    0,    0,    0,    0,    0,    0,    0,    0,    0,    0,    0,    0,    0,    0,    0,    0,    0,    0,    0,    0,    0,    0,    0,    0,    0,    0,    0,    0,    0,    0,    0,    0,    0,    0,    0,    0,    0,    0,    0,    0,    0,    0,    0,    0,    0,    0,    0,    0,    0,    0,  -12,    0,    0,    0,  -10,    0,    0,    0,    0,    0,    0,    0,    0,    0,    0,    0,    0,    0,    0,    0,    0,    0,    0,    0,    0,    0,    0,    0,    0,    0,    0,    0,    0,    0,    0,    0,    0,    0,    0,    0,    0,    0,    0,
       0,    0,    0,    0,    0,    0,    0,    0,    0,    0,    0,    0,    0,    0,    0,    0,    0,    0,    0,    0,    0,    0,    0,    0,    0,    0,    0,    0,    0,    0,    0,    0,    0,    0,    0,    0,    0,    0,    0,    0,    0,    0,    0,    0,    0,    0,    0,    0,    0,    0,    0,    0,    0,    0,    0,    0,    0,    0,    0,    0,    0,    0,    0,    0,    0,    0,    0,    0,    0,    0,    0,    0,    0,    0,    0,    0,    0,    0,    0,    0,    0,    0,    0,    0,    0,    0,    0,    0,    0,    0,    0,    0,    0,    0,    0,    0,    0,    0,    0,    8,    0,    0,    0,    0,    0,    0,    0,    0,    0,    0,    0,    0,    0,    0,    0,    0,    0,    0,    0,    0,    0,   -3,    0,    0,    0,    0,    0,    0,    0,    0,    0,    0,    0,    0,    0,    0,    0,    0,    0,    0,    0,    0,    0,    0,    0,
       0,    0,    0,    0,    0,    0,    0,    0,    0,    0,    0,    0,    0,    0,    0,    0,    0,    0,    0,    0,    0,    0,    0,    0,    0,    0,    0,    0,    0,    0,    0,    0,    0,    0,    0,    0,    0,    0,    0,    0,    0,    0,    0,    0,    0,    0,    0,    0,    0,    0,    0,    0,    0,    0,    0,    0,    0,    0,    0,    0,    0,    0,    0,    0,    0,    0,    0,    0,    0,    0,    0,    0,    0,    0,    0,    0,    0,    0,    0,    0,    0,    0,    0,    0,    0,    0,    0,    0,    0,    0,    0,    0,    0,    0,    0,    0,    0,    0,    0,    0,    0,    0,    0,    0,    0,    0,    0,    0,    0,    0,    0,    0,    0,    0,    0,    0,    0,    0,    0,    0,    0,    0,    0,   -7,    0,    0,    0,    0,    0,    0,    0,    0,    0,    0,    0,    0,    0,    0,    0,    0,    0,    0,    0,    0,    0,
       0,    0,    0,    0,    0,    0,    0,    0,    0,    0,    0,    0,    0,    0,    0,    0,    0,    0,    0,    0,    0,    0,    0,    0,    0,    0,    0,    0,    0,    0,    0,    0,    0,    0,    0,    0,    0,    0,    0,    0,    0,    0,    0,    0,    0,    0,    0,    0,    0,    0,    0,    0,    0,    0,    0,    0,    0,    0,    0,    0,    0,    0,    0,    0,    0,    0,    0,    0,    0,    0,    0,    0,    0,    0,    0,    0,    0,    0,    0,    0,    0,    0,    0,    0,    0,    0,    0,    0,    0,    0,    0,    0,    0,    0,    0,    0,    0,    0,    0,    0,    0,    0,    0,    0,    0,    0,    0,    0,    0,    0,    0,    0,    0,    0,    0,    0,    0,    0,    0,    0,    0,    0,    0,    0,    0,    0,    0,    0,    0,    0,    0,    0,    0,    0,    0,    0,    0,    0,    0,    0,  -23,    0,    0,    0,    0,
       0,    0,    0,    0,    0,    0,    0,    0,    0,    0,    0,    0,    0,    0,    0,    0,    0,    0,    0,    0,    0,    0,    0,    0,    0,    0,    0,    0,    0,    0,    0,    0,    0,    0,    0,    0,    0,    0,    0,    0,    0,    0,    0,    0,    0,    0,    0,    0,    0,    0,    0,    0,    0,    0,    0,    0,    0,    0,    0,    0,    0,    0,    0,    0,    0,    0,    0,    0,    0,    0,    0,    0,    0,    0,    0,    0,    0,    0,    0,    0,    0,    0,    0,    0,    0,    0,    0,    0,    0,    0,    0,    0,   18,    0,    0,    0,    0,    0,    0,    0,    0,    0,    0,    0,    0,    0,    0,    0,    0,    0,    0,    0,    0,    0,    0,    0,    0,    0,    0,    0,    0,    0,    0,    0,    0,    0,    0,    0,    0,    0,    0,    0,    0,    0,    0,    0,    0,    0,    0,    0,    0,    0,    0,    0,    0,
       0,    0,    0,    0,    0,    0,    0,    0,    0,    0,    0,    0,   -2,    0,    0,    0,    0,    0,    0,    0,    0,    0,    0,    0,    0,    0,    0,    0,    0,    0,    0,    0,    0,    0,    0,    0,    0,    0,    0,    0,    0,    0,    0,    0,    0,    0,    0,    0,    0,    0,    0,    0,    0,    0,    0,    0,    0,    0,    0,    0,    0,    0,    0,    0,    0,    0,    0,    0,    0,    0,    0,    0,    0,    0,    0,    0,    0,    0,    0,    0,    0,    0,    0,    0,    0,    0,    0,    0,    0,    0,    0,    0,    0,    0,    0,    0,    0,    0,    0,    0,    0,    0,    0,    0,    0,    0,    0,    0,    0,    0,    0,    0,    0,    0,    0,    0,    0,    0,    0,    0,    0,    0,    0,    0,    0,    0,    0,    0,    0,    0,    0,    0,    0,    0,    0,    0,    0,    0,    0,    0,    0,    0,    0,    0,    0,
       0,    0,    0,    0,    0,    0,    0,    0,  -32,    0,  -32,  -18,    0,    0,    0,    0,    0,    0,    0,    0,    0,    0,    0,    0,    0,    0,    0,    0,    0,    0,    0,    0,    0,    0,    0,    0,    0,    0,  -24,    0,    0,    0,    0,    0,    0,    0,    0,    0,    0,    0,    0,    0,    0,    0,    0,    0,    0,    0,    0,    0,    0,    0,    0,    0,    0,    0,    0,    0,    0,    0,    0,    0,    0,    0,    0,    0,    0,    0,    0,    0,    0,    0,    0,    0,    0,    0,    0,    0,    0,    0,    0,    0,    0,    0,    0,    0,    0,    0,    0,    0,    0,    0,    0,    0,    0,    0,    0,    0,    0,    0,    0,    0,    0,    0,    0,    0,    0,    0,    0,    0,    0,    0,    0,    0,    0,    0,    0,    0,    0,    0,  -32,    0,    0,    0,    0,    0,    0,    0,    0,    0,    0,    0,    0,    0,    0,
};

static constexpr EpdFontData inter_14_ipa_fallback = {
    inter_14_ipa_fallbackBitmaps,
    inter_14_ipa_fallbackGlyphs,
    inter_14_ipa_fallbackIntervals,
    83,
    35,
    29,
    -8,
    false,
    nullptr,
    0,
    nullptr,
    inter_14_ipa_fallbackKernLeftClasses,
    inter_14_ipa_fallbackKernRightClasses,
    inter_14_ipa_fallbackKernMatrix,
    822,
    831,
    153,
    145,
    nullptr,
    0,
};
